group,area,task,analysis,signal_source,scoring,time_index,time_s,stimulus_offset_s,mean_score,std_score,sem_score,n_sessions,mean_neurons,min_neurons,max_neurons
g1pre,A/RL/AL,auditory_direction,time_resolved_trial_response,glm_clean,balanced_accuracy,0,-0.9704341075240991,1.0351297146923724,0.503968253968254,0.012442302662756427,0.004702748368950038,7,93.14285714285714,44,169
g1pre,A/RL/AL,auditory_direction,time_resolved_trial_response,glm_clean,balanced_accuracy,1,-0.9057385003558258,1.0351297146923724,0.49788359788359793,0.015174212063174581,0.005735313065788039,7,93.14285714285714,44,169
g1pre,A/RL/AL,auditory_direction,time_resolved_trial_response,glm_clean,balanced_accuracy,2,-0.8410428931875525,1.0351297146923724,0.5103174603174603,0.02884487670755112,0.010902338623785693,7,93.14285714285714,44,169
g1pre,A/RL/AL,auditory_direction,time_resolved_trial_response,glm_clean,balanced_accuracy,3,-0.7763472860192793,1.0351297146923724,0.4976190476190476,0.030666918009688317,0.011591005504349024,7,93.14285714285714,44,169
g1pre,A/RL/AL,auditory_direction,time_resolved_trial_response,glm_clean,balanced_accuracy,4,-0.711651678851006,1.0351297146923724,0.4976190476190476,0.022698453809527685,0.008579209132242418,7,93.14285714285714,44,169
g1pre,A/RL/AL,auditory_direction,time_resolved_trial_response,glm_clean,balanced_accuracy,5,-0.6469560716827327,1.0351297146923724,0.4994708994708995,0.03322537878315039,0.012558012782305396,7,93.14285714285714,44,169
g1pre,A/RL/AL,auditory_direction,time_resolved_trial_response,glm_clean,balanced_accuracy,6,-0.5822604645144595,1.0351297146923724,0.4928571428571429,0.028517487784575375,0.010778597242044106,7,93.14285714285714,44,169
g1pre,A/RL/AL,auditory_direction,time_resolved_trial_response,glm_clean,balanced_accuracy,7,-0.5175648573461862,1.0351297146923724,0.514021164021164,0.018575749307697217,0.007020973297835296,7,93.14285714285714,44,169
g1pre,A/RL/AL,auditory_direction,time_resolved_trial_response,glm_clean,balanced_accuracy,8,-0.4528692501779129,1.0351297146923724,0.49629629629629635,0.03521765882863185,0.013311023859782594,7,93.14285714285714,44,169
g1pre,A/RL/AL,auditory_direction,time_resolved_trial_response,glm_clean,balanced_accuracy,9,-0.38817364300963964,1.0351297146923724,0.4920634920634921,0.025742612191368017,0.00972979285079132,7,93.14285714285714,44,169
g1pre,A/RL/AL,auditory_direction,time_resolved_trial_response,glm_clean,balanced_accuracy,10,-0.32347803584136636,1.0351297146923724,0.5074074074074074,0.027859960731843793,0.010530075376069105,7,93.14285714285714,44,169
g1pre,A/RL/AL,auditory_direction,time_resolved_trial_response,glm_clean,balanced_accuracy,11,-0.2587824286730931,1.0351297146923724,0.5113756613756614,0.02807309217289547,0.010610631488867898,7,93.14285714285714,44,169
g1pre,A/RL/AL,auditory_direction,time_resolved_trial_response,glm_clean,balanced_accuracy,12,-0.19408682150481982,1.0351297146923724,0.511904761904762,0.04089277388695433,0.015456015732068182,7,93.14285714285714,44,169
g1pre,A/RL/AL,auditory_direction,time_resolved_trial_response,glm_clean,balanced_accuracy,13,-0.12939121433654655,1.0351297146923724,0.503968253968254,0.054237750882074456,0.02049994292934902,7,93.14285714285714,44,169
g1pre,A/RL/AL,auditory_direction,time_resolved_trial_response,glm_clean,balanced_accuracy,14,-0.06469560716827327,1.0351297146923724,0.5007936507936508,0.028163112146094207,0.010644655840598264,7,93.14285714285714,44,169
g1pre,A/RL/AL,auditory_direction,time_resolved_trial_response,glm_clean,balanced_accuracy,15,0.0,1.0351297146923724,0.4917989417989418,0.018667828412100313,0.007055775928006173,7,93.14285714285714,44,169
g1pre,A/RL/AL,auditory_direction,time_resolved_trial_response,glm_clean,balanced_accuracy,16,0.06469560716827327,1.0351297146923724,0.5042328042328043,0.028523213612920324,0.010780761401737048,7,93.14285714285714,44,169
g1pre,A/RL/AL,auditory_direction,time_resolved_trial_response,glm_clean,balanced_accuracy,17,0.12939121433654655,1.0351297146923724,0.511904761904762,0.02470348026943638,0.009337037901531365,7,93.14285714285714,44,169
g1pre,A/RL/AL,auditory_direction,time_resolved_trial_response,glm_clean,balanced_accuracy,18,0.19408682150481982,1.0351297146923724,0.5198412698412699,0.03908993133437867,0.014774605296765313,7,93.14285714285714,44,169
g1pre,A/RL/AL,auditory_direction,time_resolved_trial_response,glm_clean,balanced_accuracy,19,0.2587824286730931,1.0351297146923724,0.5928571428571427,0.10557411885410407,0.039903266196104965,7,93.14285714285714,44,169
g1pre,A/RL/AL,auditory_direction,time_resolved_trial_response,glm_clean,balanced_accuracy,20,0.32347803584136636,1.0351297146923724,0.6105820105820107,0.14994936763849062,0.05667553371754898,7,93.14285714285714,44,169
g1pre,A/RL/AL,auditory_direction,time_resolved_trial_response,glm_clean,balanced_accuracy,21,0.38817364300963964,1.0351297146923724,0.6039682539682539,0.17261480732964934,0.0652422646859402,7,93.14285714285714,44,169
g1pre,A/RL/AL,auditory_direction,time_resolved_trial_response,glm_clean,balanced_accuracy,22,0.4528692501779129,1.0351297146923724,0.6047619047619047,0.1742409796858773,0.06585690006358408,7,93.14285714285714,44,169
g1pre,A/RL/AL,auditory_direction,time_resolved_trial_response,glm_clean,balanced_accuracy,23,0.5175648573461862,1.0351297146923724,0.6171957671957672,0.17219804119938803,0.0650847418951479,7,93.14285714285714,44,169
g1pre,A/RL/AL,auditory_direction,time_resolved_trial_response,glm_clean,balanced_accuracy,24,0.5822604645144595,1.0351297146923724,0.6256613756613757,0.17117172170689865,0.06469682958903006,7,93.14285714285714,44,169
g1pre,A/RL/AL,auditory_direction,time_resolved_trial_response,glm_clean,balanced_accuracy,25,0.6469560716827327,1.0351297146923724,0.6261904761904763,0.16609445176872872,0.06277780193252407,7,93.14285714285714,44,169
g1pre,A/RL/AL,auditory_direction,time_resolved_trial_response,glm_clean,balanced_accuracy,26,0.711651678851006,1.0351297146923724,0.6211640211640211,0.16190685120437265,0.06119503769204407,7,93.14285714285714,44,169
g1pre,A/RL/AL,auditory_direction,time_resolved_trial_response,glm_clean,balanced_accuracy,27,0.7763472860192793,1.0351297146923724,0.6082010582010582,0.1552792120006246,0.05869002553310415,7,93.14285714285714,44,169
g1pre,A/RL/AL,auditory_direction,time_resolved_trial_response,glm_clean,balanced_accuracy,28,0.8410428931875525,1.0351297146923724,0.6,0.14078946524998667,0.05321341603846213,7,93.14285714285714,44,169
g1pre,A/RL/AL,auditory_direction,time_resolved_trial_response,glm_clean,balanced_accuracy,29,0.9057385003558258,1.0351297146923724,0.5857142857142856,0.13234680597851275,0.05002239077612302,7,93.14285714285714,44,169
g1pre,A/RL/AL,auditory_direction,time_resolved_trial_response,glm_clean,balanced_accuracy,30,0.9704341075240991,1.0351297146923724,0.5894179894179894,0.12700029291572265,0.048001598783908604,7,93.14285714285714,44,169
g1pre,A/RL/AL,auditory_direction,time_resolved_trial_response,glm_clean,balanced_accuracy,31,1.0351297146923724,1.0351297146923724,0.5857142857142856,0.13795038589500425,0.05214034490622482,7,93.14285714285714,44,169
g1pre,A/RL/AL,auditory_direction,time_resolved_trial_response,glm_clean,balanced_accuracy,32,1.0998253218606455,1.0351297146923724,0.5846560846560847,0.13355483267452545,0.05047898194966253,7,93.14285714285714,44,169
g1pre,A/RL/AL,auditory_direction,time_resolved_trial_response,glm_clean,balanced_accuracy,33,1.164520929028919,1.0351297146923724,0.5944444444444444,0.1340174493344387,0.05065383461173194,7,93.14285714285714,44,169
g1pre,A/RL/AL,auditory_direction,time_resolved_trial_response,glm_clean,balanced_accuracy,34,1.229216536197192,1.0351297146923724,0.584126984126984,0.13676088768749373,0.05169075684307768,7,93.14285714285714,44,169
g1pre,A/RL/AL,auditory_direction,time_resolved_trial_response,glm_clean,balanced_accuracy,35,1.2939121433654655,1.0351297146923724,0.6,0.12749117975175672,0.04818713656819739,7,93.14285714285714,44,169
g1pre,A/RL/AL,auditory_direction,time_resolved_trial_response,glm_clean,balanced_accuracy,36,1.3586077505337386,1.0351297146923724,0.5857142857142856,0.11527047319667641,0.043568143655306056,7,93.14285714285714,44,169
g1pre,A/RL/AL,auditory_direction,time_resolved_trial_response,glm_clean,balanced_accuracy,37,1.423303357702012,1.0351297146923724,0.5785714285714285,0.11664636871660598,0.04408818328041199,7,93.14285714285714,44,169
g1pre,A/RL/AL,auditory_direction,time_resolved_trial_response,glm_clean,balanced_accuracy,38,1.4879989648702852,1.0351297146923724,0.5706349206349206,0.1308558780757079,0.04945887299704463,7,93.14285714285714,44,169
g1pre,A/RL/AL,auditory_direction,time_resolved_trial_response,glm_clean,balanced_accuracy,39,1.5526945720385585,1.0351297146923724,0.5658730158730159,0.12347773190990541,0.04667019586970204,7,93.14285714285714,44,169
g1pre,A/RL/AL,auditory_direction,time_resolved_trial_response,glm_clean,balanced_accuracy,40,1.6173901792068317,1.0351297146923724,0.5796296296296296,0.10381937992896136,0.03924003722299462,7,93.14285714285714,44,169
g1pre,A/RL/AL,auditory_direction,time_resolved_trial_response,glm_clean,balanced_accuracy,41,1.682085786375105,1.0351297146923724,0.5761904761904761,0.11428306058712792,0.04319493676869539,7,93.14285714285714,44,169
g1pre,A/RL/AL,auditory_direction,time_resolved_trial_response,glm_clean,balanced_accuracy,42,1.7467813935433782,1.0351297146923724,0.5687830687830688,0.11158043151514645,0.0421734389957645,7,93.14285714285714,44,169
g1pre,A/RL/AL,auditory_direction,time_resolved_trial_response,glm_clean,balanced_accuracy,43,1.8114770007116516,1.0351297146923724,0.5603174603174603,0.11532571090748112,0.043589021547560586,7,93.14285714285714,44,169
g1pre,A/RL/AL,auditory_direction,time_resolved_trial_response,glm_clean,balanced_accuracy,44,1.8761726078799248,1.0351297146923724,0.5753968253968254,0.09154789840299646,0.03460185317499083,7,93.14285714285714,44,169
g1pre,A/RL/AL,auditory_direction,time_resolved_trial_response,glm_clean,balanced_accuracy,45,1.9408682150481982,1.0351297146923724,0.5417989417989418,0.10863947006891854,0.041061860052600506,7,93.14285714285714,44,169
g1pre,A/RL/AL,auditory_direction,time_resolved_trial_response,glm_clean,balanced_accuracy,46,2.0055638222164713,1.0351297146923724,0.5507936507936508,0.10596550856984918,0.0400511976037578,7,93.14285714285714,44,169
g1pre,A/RL/AL,congruency,time_resolved_trial_response,glm_clean,balanced_accuracy,0,-0.9704341075240991,1.0351297146923724,0.49007936507936506,0.034166182729828666,0.012913603250216654,7,93.14285714285714,44,169
g1pre,A/RL/AL,congruency,time_resolved_trial_response,glm_clean,balanced_accuracy,1,-0.9057385003558258,1.0351297146923724,0.4936507936507937,0.028988178985063534,0.010956501793586693,7,93.14285714285714,44,169
g1pre,A/RL/AL,congruency,time_resolved_trial_response,glm_clean,balanced_accuracy,2,-0.8410428931875525,1.0351297146923724,0.5023809523809524,0.03949359781126054,0.014927176883971462,7,93.14285714285714,44,169
g1pre,A/RL/AL,congruency,time_resolved_trial_response,glm_clean,balanced_accuracy,3,-0.7763472860192793,1.0351297146923724,0.4928571428571429,0.04683548452006531,0.017702149224758306,7,93.14285714285714,44,169
g1pre,A/RL/AL,congruency,time_resolved_trial_response,glm_clean,balanced_accuracy,4,-0.711651678851006,1.0351297146923724,0.47460317460317464,0.04247453156732409,0.01605386394015744,7,93.14285714285714,44,169
g1pre,A/RL/AL,congruency,time_resolved_trial_response,glm_clean,balanced_accuracy,5,-0.6469560716827327,1.0351297146923724,0.49404761904761907,0.02264803674690422,0.008560153273737266,7,93.14285714285714,44,169
g1pre,A/RL/AL,congruency,time_resolved_trial_response,glm_clean,balanced_accuracy,6,-0.5822604645144595,1.0351297146923724,0.5031746031746032,0.03489507241398404,0.0131890976555703,7,93.14285714285714,44,169
g1pre,A/RL/AL,congruency,time_resolved_trial_response,glm_clean,balanced_accuracy,7,-0.5175648573461862,1.0351297146923724,0.5146825396825397,0.02554520149116044,0.009655178619520982,7,93.14285714285714,44,169
g1pre,A/RL/AL,congruency,time_resolved_trial_response,glm_clean,balanced_accuracy,8,-0.4528692501779129,1.0351297146923724,0.5095238095238095,0.031009139385923222,0.011720353026470143,7,93.14285714285714,44,169
g1pre,A/RL/AL,congruency,time_resolved_trial_response,glm_clean,balanced_accuracy,9,-0.38817364300963964,1.0351297146923724,0.478968253968254,0.03397746253067634,0.012842273719597848,7,93.14285714285714,44,169
g1pre,A/RL/AL,congruency,time_resolved_trial_response,glm_clean,balanced_accuracy,10,-0.32347803584136636,1.0351297146923724,0.5015873015873016,0.03382572828750172,0.0127849235663389,7,93.14285714285714,44,169
g1pre,A/RL/AL,congruency,time_resolved_trial_response,glm_clean,balanced_accuracy,11,-0.2587824286730931,1.0351297146923724,0.5107142857142858,0.025379251525513874,0.009592455428209476,7,93.14285714285714,44,169
g1pre,A/RL/AL,congruency,time_resolved_trial_response,glm_clean,balanced_accuracy,12,-0.19408682150481982,1.0351297146923724,0.5015873015873016,0.025652851363323813,0.00969586644672272,7,93.14285714285714,44,169
g1pre,A/RL/AL,congruency,time_resolved_trial_response,glm_clean,balanced_accuracy,13,-0.12939121433654655,1.0351297146923724,0.501984126984127,0.03170052955974112,0.011981673949160982,7,93.14285714285714,44,169
g1pre,A/RL/AL,congruency,time_resolved_trial_response,glm_clean,balanced_accuracy,14,-0.06469560716827327,1.0351297146923724,0.5063492063492063,0.0384135729490723,0.014518965856097618,7,93.14285714285714,44,169
g1pre,A/RL/AL,congruency,time_resolved_trial_response,glm_clean,balanced_accuracy,15,0.0,1.0351297146923724,0.49563492063492065,0.03166573840651916,0.01196852412926806,7,93.14285714285714,44,169
g1pre,A/RL/AL,congruency,time_resolved_trial_response,glm_clean,balanced_accuracy,16,0.06469560716827327,1.0351297146923724,0.4781746031746032,0.043491773837524596,0.01643834537873648,7,93.14285714285714,44,169
g1pre,A/RL/AL,congruency,time_resolved_trial_response,glm_clean,balanced_accuracy,17,0.12939121433654655,1.0351297146923724,0.5063492063492064,0.027531981296686714,0.010406110801702093,7,93.14285714285714,44,169
g1pre,A/RL/AL,congruency,time_resolved_trial_response,glm_clean,balanced_accuracy,18,0.19408682150481982,1.0351297146923724,0.5170634920634921,0.028573265666982407,0.010799679299973651,7,93.14285714285714,44,169
g1pre,A/RL/AL,congruency,time_resolved_trial_response,glm_clean,balanced_accuracy,19,0.2587824286730931,1.0351297146923724,0.4988095238095238,0.036636391220610215,0.01384725430065782,7,93.14285714285714,44,169
g1pre,A/RL/AL,congruency,time_resolved_trial_response,glm_clean,balanced_accuracy,20,0.32347803584136636,1.0351297146923724,0.48928571428571427,0.03365693889181419,0.012721127171348314,7,93.14285714285714,44,169
g1pre,A/RL/AL,congruency,time_resolved_trial_response,glm_clean,balanced_accuracy,21,0.38817364300963964,1.0351297146923724,0.484920634920635,0.038618675746355156,0.014596487426785352,7,93.14285714285714,44,169
g1pre,A/RL/AL,congruency,time_resolved_trial_response,glm_clean,balanced_accuracy,22,0.4528692501779129,1.0351297146923724,0.5087301587301587,0.04310566294053047,0.016292409177030977,7,93.14285714285714,44,169
g1pre,A/RL/AL,congruency,time_resolved_trial_response,glm_clean,balanced_accuracy,23,0.5175648573461862,1.0351297146923724,0.5067460317460317,0.016343875948231168,0.006177404459701378,7,93.14285714285714,44,169
g1pre,A/RL/AL,congruency,time_resolved_trial_response,glm_clean,balanced_accuracy,24,0.5822604645144595,1.0351297146923724,0.49484126984126986,0.02861823767000445,0.010816677119396045,7,93.14285714285714,44,169
g1pre,A/RL/AL,congruency,time_resolved_trial_response,glm_clean,balanced_accuracy,25,0.6469560716827327,1.0351297146923724,0.5075396825396825,0.03242252104115771,0.012254561078951755,7,93.14285714285714,44,169
g1pre,A/RL/AL,congruency,time_resolved_trial_response,glm_clean,balanced_accuracy,26,0.711651678851006,1.0351297146923724,0.5027777777777779,0.03875638803047472,0.0146485377776795,7,93.14285714285714,44,169
g1pre,A/RL/AL,congruency,time_resolved_trial_response,glm_clean,balanced_accuracy,27,0.7763472860192793,1.0351297146923724,0.49404761904761907,0.0439037882418712,0.016594072185947554,7,93.14285714285714,44,169
g1pre,A/RL/AL,congruency,time_resolved_trial_response,glm_clean,balanced_accuracy,28,0.8410428931875525,1.0351297146923724,0.5015873015873016,0.022672358969857608,0.008569346209918257,7,93.14285714285714,44,169
g1pre,A/RL/AL,congruency,time_resolved_trial_response,glm_clean,balanced_accuracy,29,0.9057385003558258,1.0351297146923724,0.49523809523809526,0.030119544300231647,0.011384117688715127,7,93.14285714285714,44,169
g1pre,A/RL/AL,congruency,time_resolved_trial_response,glm_clean,balanced_accuracy,30,0.9704341075240991,1.0351297146923724,0.4912698412698413,0.016699702708333968,0.006311894333566213,7,93.14285714285714,44,169
g1pre,A/RL/AL,congruency,time_resolved_trial_response,glm_clean,balanced_accuracy,31,1.0351297146923724,1.0351297146923724,0.48055555555555557,0.03432176480157524,0.012972407745974029,7,93.14285714285714,44,169
g1pre,A/RL/AL,congruency,time_resolved_trial_response,glm_clean,balanced_accuracy,32,1.0998253218606455,1.0351297146923724,0.4757936507936508,0.057258939265483706,0.0216418448045459,7,93.14285714285714,44,169
g1pre,A/RL/AL,congruency,time_resolved_trial_response,glm_clean,balanced_accuracy,33,1.164520929028919,1.0351297146923724,0.4896825396825397,0.04478211671705794,0.016926049145200506,7,93.14285714285714,44,169
g1pre,A/RL/AL,congruency,time_resolved_trial_response,glm_clean,balanced_accuracy,34,1.229216536197192,1.0351297146923724,0.49007936507936506,0.045780192056334504,0.017303286164833682,7,93.14285714285714,44,169
g1pre,A/RL/AL,congruency,time_resolved_trial_response,glm_clean,balanced_accuracy,35,1.2939121433654655,1.0351297146923724,0.501984126984127,0.042724662964110365,0.016148404721726822,7,93.14285714285714,44,169
g1pre,A/RL/AL,congruency,time_resolved_trial_response,glm_clean,balanced_accuracy,36,1.3586077505337386,1.0351297146923724,0.503968253968254,0.06798195458593355,0.02569476363920959,7,93.14285714285714,44,169
g1pre,A/RL/AL,congruency,time_resolved_trial_response,glm_clean,balanced_accuracy,37,1.423303357702012,1.0351297146923724,0.4976190476190476,0.036796507323456296,0.01390777249909033,7,93.14285714285714,44,169
g1pre,A/RL/AL,congruency,time_resolved_trial_response,glm_clean,balanced_accuracy,38,1.4879989648702852,1.0351297146923724,0.49563492063492065,0.03531374452838597,0.013347340840653886,7,93.14285714285714,44,169
g1pre,A/RL/AL,congruency,time_resolved_trial_response,glm_clean,balanced_accuracy,39,1.5526945720385585,1.0351297146923724,0.5007936507936508,0.040689602344789105,0.01537922410720323,7,93.14285714285714,44,169
g1pre,A/RL/AL,congruency,time_resolved_trial_response,glm_clean,balanced_accuracy,40,1.6173901792068317,1.0351297146923724,0.5158730158730159,0.022833845048913972,0.008630382210687121,7,93.14285714285714,44,169
g1pre,A/RL/AL,congruency,time_resolved_trial_response,glm_clean,balanced_accuracy,41,1.682085786375105,1.0351297146923724,0.5079365079365079,0.03738592289940915,0.01413055064663878,7,93.14285714285714,44,169
g1pre,A/RL/AL,congruency,time_resolved_trial_response,glm_clean,balanced_accuracy,42,1.7467813935433782,1.0351297146923724,0.49166666666666664,0.047439586879442594,0.017930478454663973,7,93.14285714285714,44,169
g1pre,A/RL/AL,congruency,time_resolved_trial_response,glm_clean,balanced_accuracy,43,1.8114770007116516,1.0351297146923724,0.5103174603174603,0.04597241204263951,0.017375938490659295,7,93.14285714285714,44,169
g1pre,A/RL/AL,congruency,time_resolved_trial_response,glm_clean,balanced_accuracy,44,1.8761726078799248,1.0351297146923724,0.49722222222222223,0.03251305530755456,0.012288779815239716,7,93.14285714285714,44,169
g1pre,A/RL/AL,congruency,time_resolved_trial_response,glm_clean,balanced_accuracy,45,1.9408682150481982,1.0351297146923724,0.5134920634920636,0.04693344631820614,0.01773917530416764,7,93.14285714285714,44,169
g1pre,A/RL/AL,congruency,time_resolved_trial_response,glm_clean,balanced_accuracy,46,2.0055638222164713,1.0351297146923724,0.49007936507936506,0.042759049016327697,0.01616140142783201,7,93.14285714285714,44,169
g1pre,A/RL/AL,modality,time_resolved_trial_response,glm_clean,balanced_accuracy,0,-0.9704341075240991,1.0351297146923724,0.3374338624338624,0.013585757259480986,0.005134933583011014,7,93.14285714285714,44,169
g1pre,A/RL/AL,modality,time_resolved_trial_response,glm_clean,balanced_accuracy,1,-0.9057385003558258,1.0351297146923724,0.3304232804232804,0.02742798574423137,0.010366804177523005,7,93.14285714285714,44,169
g1pre,A/RL/AL,modality,time_resolved_trial_response,glm_clean,balanced_accuracy,2,-0.8410428931875525,1.0351297146923724,0.3394179894179894,0.01369052944123105,0.005174533745472204,7,93.14285714285714,44,169
g1pre,A/RL/AL,modality,time_resolved_trial_response,glm_clean,balanced_accuracy,3,-0.7763472860192793,1.0351297146923724,0.33558201058201054,0.008122454278426457,0.003069999150886999,7,93.14285714285714,44,169
g1pre,A/RL/AL,modality,time_resolved_trial_response,glm_clean,balanced_accuracy,4,-0.711651678851006,1.0351297146923724,0.3322751322751323,0.023975513887783302,0.009061892471721424,7,93.14285714285714,44,169
g1pre,A/RL/AL,modality,time_resolved_trial_response,glm_clean,balanced_accuracy,5,-0.6469560716827327,1.0351297146923724,0.3367724867724868,0.016061672814330966,0.006070741700915236,7,93.14285714285714,44,169
g1pre,A/RL/AL,modality,time_resolved_trial_response,glm_clean,balanced_accuracy,6,-0.5822604645144595,1.0351297146923724,0.33386243386243386,0.015982682590598537,0.006040886202629327,7,93.14285714285714,44,169
g1pre,A/RL/AL,modality,time_resolved_trial_response,glm_clean,balanced_accuracy,7,-0.5175648573461862,1.0351297146923724,0.32724867724867723,0.010676386909532067,0.0040352949519039,7,93.14285714285714,44,169
g1pre,A/RL/AL,modality,time_resolved_trial_response,glm_clean,balanced_accuracy,8,-0.4528692501779129,1.0351297146923724,0.3427248677248677,0.014016171617936078,0.0052976149191800975,7,93.14285714285714,44,169
g1pre,A/RL/AL,modality,time_resolved_trial_response,glm_clean,balanced_accuracy,9,-0.38817364300963964,1.0351297146923724,0.3255291005291005,0.012817271481601122,0.004844473260959565,7,93.14285714285714,44,169
g1pre,A/RL/AL,modality,time_resolved_trial_response,glm_clean,balanced_accuracy,10,-0.32347803584136636,1.0351297146923724,0.33531746031746035,0.022461600186062976,0.008489686877269252,7,93.14285714285714,44,169
g1pre,A/RL/AL,modality,time_resolved_trial_response,glm_clean,balanced_accuracy,11,-0.2587824286730931,1.0351297146923724,0.33425925925925926,0.02291237957156476,0.008660065470153858,7,93.14285714285714,44,169
g1pre,A/RL/AL,modality,time_resolved_trial_response,glm_clean,balanced_accuracy,12,-0.19408682150481982,1.0351297146923724,0.34206349206349207,0.015381309721385373,0.005813588623035126,7,93.14285714285714,44,169
g1pre,A/RL/AL,modality,time_resolved_trial_response,glm_clean,balanced_accuracy,13,-0.12939121433654655,1.0351297146923724,0.332936507936508,0.017664385212391037,0.006676510047833364,7,93.14285714285714,44,169
g1pre,A/RL/AL,modality,time_resolved_trial_response,glm_clean,balanced_accuracy,14,-0.06469560716827327,1.0351297146923724,0.3284391534391534,0.012556619434358464,0.004745956047284718,7,93.14285714285714,44,169
g1pre,A/RL/AL,modality,time_resolved_trial_response,glm_clean,balanced_accuracy,15,0.0,1.0351297146923724,0.3445767195767196,0.017805955769888377,0.006730018688991469,7,93.14285714285714,44,169
g1pre,A/RL/AL,modality,time_resolved_trial_response,glm_clean,balanced_accuracy,16,0.06469560716827327,1.0351297146923724,0.3373015873015873,0.011412004616615432,0.00431333231089792,7,93.14285714285714,44,169
g1pre,A/RL/AL,modality,time_resolved_trial_response,glm_clean,balanced_accuracy,17,0.12939121433654655,1.0351297146923724,0.33624338624338623,0.016358856589275588,0.006183066609799072,7,93.14285714285714,44,169
g1pre,A/RL/AL,modality,time_resolved_trial_response,glm_clean,balanced_accuracy,18,0.19408682150481982,1.0351297146923724,0.3648148148148148,0.047179840579533505,0.017832303581302736,7,93.14285714285714,44,169
g1pre,A/RL/AL,modality,time_resolved_trial_response,glm_clean,balanced_accuracy,19,0.2587824286730931,1.0351297146923724,0.49153439153439155,0.12555026183738588,0.04745353855153804,7,93.14285714285714,44,169
g1pre,A/RL/AL,modality,time_resolved_trial_response,glm_clean,balanced_accuracy,20,0.32347803584136636,1.0351297146923724,0.5134920634920634,0.14061769428551818,0.05314849271639851,7,93.14285714285714,44,169
g1pre,A/RL/AL,modality,time_resolved_trial_response,glm_clean,balanced_accuracy,21,0.38817364300963964,1.0351297146923724,0.5297619047619048,0.15570744033696163,0.05885188063057539,7,93.14285714285714,44,169
g1pre,A/RL/AL,modality,time_resolved_trial_response,glm_clean,balanced_accuracy,22,0.4528692501779129,1.0351297146923724,0.5644179894179894,0.1737074688505648,0.06565525192187048,7,93.14285714285714,44,169
g1pre,A/RL/AL,modality,time_resolved_trial_response,glm_clean,balanced_accuracy,23,0.5175648573461862,1.0351297146923724,0.5933862433862434,0.1803246613022567,0.06815631557967484,7,93.14285714285714,44,169
g1pre,A/RL/AL,modality,time_resolved_trial_response,glm_clean,balanced_accuracy,24,0.5822604645144595,1.0351297146923724,0.5830687830687831,0.18947478900691297,0.07161473877553239,7,93.14285714285714,44,169
g1pre,A/RL/AL,modality,time_resolved_trial_response,glm_clean,balanced_accuracy,25,0.6469560716827327,1.0351297146923724,0.5928571428571429,0.18913285676304006,0.0714855005351721,7,93.14285714285714,44,169
g1pre,A/RL/AL,modality,time_resolved_trial_response,glm_clean,balanced_accuracy,26,0.711651678851006,1.0351297146923724,0.6031746031746031,0.18870411043739793,0.07132344965614612,7,93.14285714285714,44,169
g1pre,A/RL/AL,modality,time_resolved_trial_response,glm_clean,balanced_accuracy,27,0.7763472860192793,1.0351297146923724,0.6044973544973544,0.18834528150446042,0.07118782506760793,7,93.14285714285714,44,169
g1pre,A/RL/AL,modality,time_resolved_trial_response,glm_clean,balanced_accuracy,28,0.8410428931875525,1.0351297146923724,0.6121693121693121,0.21074219754442644,0.0796530636356856,7,93.14285714285714,44,169
g1pre,A/RL/AL,modality,time_resolved_trial_response,glm_clean,balanced_accuracy,29,0.9057385003558258,1.0351297146923724,0.620899470899471,0.21479808972171027,0.08118604678505492,7,93.14285714285714,44,169
g1pre,A/RL/AL,modality,time_resolved_trial_response,glm_clean,balanced_accuracy,30,0.9704341075240991,1.0351297146923724,0.6146825396825397,0.2221234532122056,0.08395477393634104,7,93.14285714285714,44,169
g1pre,A/RL/AL,modality,time_resolved_trial_response,glm_clean,balanced_accuracy,31,1.0351297146923724,1.0351297146923724,0.6321428571428571,0.21259207793262802,0.08035225270174232,7,93.14285714285714,44,169
g1pre,A/RL/AL,modality,time_resolved_trial_response,glm_clean,balanced_accuracy,32,1.0998253218606455,1.0351297146923724,0.6207671957671957,0.21636431443028428,0.08177802408164514,7,93.14285714285714,44,169
g1pre,A/RL/AL,modality,time_resolved_trial_response,glm_clean,balanced_accuracy,33,1.164520929028919,1.0351297146923724,0.6312169312169312,0.2115814788434037,0.07997028214956003,7,93.14285714285714,44,169
g1pre,A/RL/AL,modality,time_resolved_trial_response,glm_clean,balanced_accuracy,34,1.229216536197192,1.0351297146923724,0.6407407407407407,0.20360828292602923,0.07695669735645028,7,93.14285714285714,44,169
g1pre,A/RL/AL,modality,time_resolved_trial_response,glm_clean,balanced_accuracy,35,1.2939121433654655,1.0351297146923724,0.6337301587301587,0.201090745068744,0.07600515748694069,7,93.14285714285714,44,169
g1pre,A/RL/AL,modality,time_resolved_trial_response,glm_clean,balanced_accuracy,36,1.3586077505337386,1.0351297146923724,0.6252645502645503,0.21038001132987086,0.07951617011396989,7,93.14285714285714,44,169
g1pre,A/RL/AL,modality,time_resolved_trial_response,glm_clean,balanced_accuracy,37,1.423303357702012,1.0351297146923724,0.6108465608465609,0.20283182821958362,0.07666322506251302,7,93.14285714285714,44,169
g1pre,A/RL/AL,modality,time_resolved_trial_response,glm_clean,balanced_accuracy,38,1.4879989648702852,1.0351297146923724,0.6078042328042328,0.1867808240416259,0.07059651572712235,7,93.14285714285714,44,169
g1pre,A/RL/AL,modality,time_resolved_trial_response,glm_clean,balanced_accuracy,39,1.5526945720385585,1.0351297146923724,0.6011904761904762,0.20144916388027503,0.0761406270641576,7,93.14285714285714,44,169
g1pre,A/RL/AL,modality,time_resolved_trial_response,glm_clean,balanced_accuracy,40,1.6173901792068317,1.0351297146923724,0.5943121693121692,0.18939310922091945,0.07158386671826383,7,93.14285714285714,44,169
g1pre,A/RL/AL,modality,time_resolved_trial_response,glm_clean,balanced_accuracy,41,1.682085786375105,1.0351297146923724,0.5835978835978836,0.177646487565574,0.06714406105466242,7,93.14285714285714,44,169
g1pre,A/RL/AL,modality,time_resolved_trial_response,glm_clean,balanced_accuracy,42,1.7467813935433782,1.0351297146923724,0.5671957671957671,0.18567208917306371,0.07017745333681927,7,93.14285714285714,44,169
g1pre,A/RL/AL,modality,time_resolved_trial_response,glm_clean,balanced_accuracy,43,1.8114770007116516,1.0351297146923724,0.5656084656084656,0.17872323549264058,0.06755103351747992,7,93.14285714285714,44,169
g1pre,A/RL/AL,modality,time_resolved_trial_response,glm_clean,balanced_accuracy,44,1.8761726078799248,1.0351297146923724,0.5555555555555556,0.1690332662069534,0.06388856938293956,7,93.14285714285714,44,169
g1pre,A/RL/AL,modality,time_resolved_trial_response,glm_clean,balanced_accuracy,45,1.9408682150481982,1.0351297146923724,0.5502645502645502,0.15788119897487668,0.059673484168604206,7,93.14285714285714,44,169
g1pre,A/RL/AL,modality,time_resolved_trial_response,glm_clean,balanced_accuracy,46,2.0055638222164713,1.0351297146923724,0.5215608465608466,0.15019583532068334,0.05676868974516276,7,93.14285714285714,44,169
g1pre,A/RL/AL,trial_type,time_resolved_trial_response,glm_clean,balanced_accuracy,0,-0.9704341075240991,1.0351297146923724,0.13035714285714287,0.018415719967368092,0.006960487892551785,7,93.14285714285714,44,169
g1pre,A/RL/AL,trial_type,time_resolved_trial_response,glm_clean,balanced_accuracy,1,-0.9057385003558258,1.0351297146923724,0.1255952380952381,0.01081364375409357,0.004087173162825497,7,93.14285714285714,44,169
g1pre,A/RL/AL,trial_type,time_resolved_trial_response,glm_clean,balanced_accuracy,2,-0.8410428931875525,1.0351297146923724,0.11944444444444445,0.011702985796078279,0.004423312859049198,7,93.14285714285714,44,169
g1pre,A/RL/AL,trial_type,time_resolved_trial_response,glm_clean,balanced_accuracy,3,-0.7763472860192793,1.0351297146923724,0.12361111111111112,0.011254857204762242,0.004253936172192065,7,93.14285714285714,44,169
g1pre,A/RL/AL,trial_type,time_resolved_trial_response,glm_clean,balanced_accuracy,4,-0.711651678851006,1.0351297146923724,0.12222222222222223,0.012704095124085421,0.004801696618634039,7,93.14285714285714,44,169
g1pre,A/RL/AL,trial_type,time_resolved_trial_response,glm_clean,balanced_accuracy,5,-0.6469560716827327,1.0351297146923724,0.125,0.01625652765377726,0.006144389907619851,7,93.14285714285714,44,169
g1pre,A/RL/AL,trial_type,time_resolved_trial_response,glm_clean,balanced_accuracy,6,-0.5822604645144595,1.0351297146923724,0.12777777777777777,0.014872572596489811,0.005621304063723746,7,93.14285714285714,44,169
g1pre,A/RL/AL,trial_type,time_resolved_trial_response,glm_clean,balanced_accuracy,7,-0.5175648573461862,1.0351297146923724,0.12718253968253967,0.009415025765789913,0.0035585452519350806,7,93.14285714285714,44,169
g1pre,A/RL/AL,trial_type,time_resolved_trial_response,glm_clean,balanced_accuracy,8,-0.4528692501779129,1.0351297146923724,0.1253968253968254,0.011218069848368253,0.004240031858419208,7,93.14285714285714,44,169
g1pre,A/RL/AL,trial_type,time_resolved_trial_response,glm_clean,balanced_accuracy,9,-0.38817364300963964,1.0351297146923724,0.11448412698412698,0.013722548889713245,0.005186635959443822,7,93.14285714285714,44,169
g1pre,A/RL/AL,trial_type,time_resolved_trial_response,glm_clean,balanced_accuracy,10,-0.32347803584136636,1.0351297146923724,0.11865079365079365,0.00988153671164849,0.003734869815739553,7,93.14285714285714,44,169
g1pre,A/RL/AL,trial_type,time_resolved_trial_response,glm_clean,balanced_accuracy,11,-0.2587824286730931,1.0351297146923724,0.12281746031746033,0.016779271281506514,0.00634196842739347,7,93.14285714285714,44,169
g1pre,A/RL/AL,trial_type,time_resolved_trial_response,glm_clean,balanced_accuracy,12,-0.19408682150481982,1.0351297146923724,0.12817460317460316,0.014931132325515241,0.005643437560844405,7,93.14285714285714,44,169
g1pre,A/RL/AL,trial_type,time_resolved_trial_response,glm_clean,balanced_accuracy,13,-0.12939121433654655,1.0351297146923724,0.12876984126984128,0.022845910489676102,0.008634942518646405,7,93.14285714285714,44,169
g1pre,A/RL/AL,trial_type,time_resolved_trial_response,glm_clean,balanced_accuracy,14,-0.06469560716827327,1.0351297146923724,0.12757936507936507,0.01616586663232543,0.006110123262424332,7,93.14285714285714,44,169
g1pre,A/RL/AL,trial_type,time_resolved_trial_response,glm_clean,balanced_accuracy,15,0.0,1.0351297146923724,0.12202380952380952,0.011493103010659873,0.004343984622664822,7,93.14285714285714,44,169
g1pre,A/RL/AL,trial_type,time_resolved_trial_response,glm_clean,balanced_accuracy,16,0.06469560716827327,1.0351297146923724,0.11884920634920634,0.01497720195775049,0.00566085024511393,7,93.14285714285714,44,169
g1pre,A/RL/AL,trial_type,time_resolved_trial_response,glm_clean,balanced_accuracy,17,0.12939121433654655,1.0351297146923724,0.12797619047619047,0.016713448453280662,0.00631708973681111,7,93.14285714285714,44,169
g1pre,A/RL/AL,trial_type,time_resolved_trial_response,glm_clean,balanced_accuracy,18,0.19408682150481982,1.0351297146923724,0.15476190476190474,0.027741378267764183,0.01048525541752512,7,93.14285714285714,44,169
g1pre,A/RL/AL,trial_type,time_resolved_trial_response,glm_clean,balanced_accuracy,19,0.2587824286730931,1.0351297146923724,0.2285714285714286,0.10177456182391709,0.03846716862552184,7,93.14285714285714,44,169
g1pre,A/RL/AL,trial_type,time_resolved_trial_response,glm_clean,balanced_accuracy,20,0.32347803584136636,1.0351297146923724,0.27996031746031746,0.15327750162502382,0.057933450125873094,7,93.14285714285714,44,169
g1pre,A/RL/AL,trial_type,time_resolved_trial_response,glm_clean,balanced_accuracy,21,0.38817364300963964,1.0351297146923724,0.29444444444444445,0.1912014617391651,0.07226735972483746,7,93.14285714285714,44,169
g1pre,A/RL/AL,trial_type,time_resolved_trial_response,glm_clean,balanced_accuracy,22,0.4528692501779129,1.0351297146923724,0.33412698412698416,0.1970246420694591,0.07446831500961473,7,93.14285714285714,44,169
g1pre,A/RL/AL,trial_type,time_resolved_trial_response,glm_clean,balanced_accuracy,23,0.5175648573461862,1.0351297146923724,0.3553571428571428,0.2150243857764557,0.08127157865413084,7,93.14285714285714,44,169
g1pre,A/RL/AL,trial_type,time_resolved_trial_response,glm_clean,balanced_accuracy,24,0.5822604645144595,1.0351297146923724,0.3507936507936508,0.21307845672052572,0.08053608660399293,7,93.14285714285714,44,169
g1pre,A/RL/AL,trial_type,time_resolved_trial_response,glm_clean,balanced_accuracy,25,0.6469560716827327,1.0351297146923724,0.35218253968253965,0.2128157560011748,0.08043679506504432,7,93.14285714285714,44,169
g1pre,A/RL/AL,trial_type,time_resolved_trial_response,glm_clean,balanced_accuracy,26,0.711651678851006,1.0351297146923724,0.3615079365079365,0.22183953490643066,0.08384746290352113,7,93.14285714285714,44,169
g1pre,A/RL/AL,trial_type,time_resolved_trial_response,glm_clean,balanced_accuracy,27,0.7763472860192793,1.0351297146923724,0.35138888888888886,0.21318426504833216,0.08057607839285227,7,93.14285714285714,44,169
g1pre,A/RL/AL,trial_type,time_resolved_trial_response,glm_clean,balanced_accuracy,28,0.8410428931875525,1.0351297146923724,0.35158730158730156,0.20249921977480856,0.0765375108869652,7,93.14285714285714,44,169
g1pre,A/RL/AL,trial_type,time_resolved_trial_response,glm_clean,balanced_accuracy,29,0.9057385003558258,1.0351297146923724,0.346031746031746,0.18395207837091226,0.06952735036041392,7,93.14285714285714,44,169
g1pre,A/RL/AL,trial_type,time_resolved_trial_response,glm_clean,balanced_accuracy,30,0.9704341075240991,1.0351297146923724,0.3327380952380952,0.18739169907712025,0.07082740478798745,7,93.14285714285714,44,169
g1pre,A/RL/AL,trial_type,time_resolved_trial_response,glm_clean,balanced_accuracy,31,1.0351297146923724,1.0351297146923724,0.3484126984126984,0.19596532945104037,0.07406793247404207,7,93.14285714285714,44,169
g1pre,A/RL/AL,trial_type,time_resolved_trial_response,glm_clean,balanced_accuracy,32,1.0998253218606455,1.0351297146923724,0.33452380952380956,0.20554058468291136,0.07768703877168504,7,93.14285714285714,44,169
g1pre,A/RL/AL,trial_type,time_resolved_trial_response,glm_clean,balanced_accuracy,33,1.164520929028919,1.0351297146923724,0.354563492063492,0.20183971615380553,0.07628824194840511,7,93.14285714285714,44,169
g1pre,A/RL/AL,trial_type,time_resolved_trial_response,glm_clean,balanced_accuracy,34,1.229216536197192,1.0351297146923724,0.35000000000000003,0.2014319877254165,0.07613413508783819,7,93.14285714285714,44,169
g1pre,A/RL/AL,trial_type,time_resolved_trial_response,glm_clean,balanced_accuracy,35,1.2939121433654655,1.0351297146923724,0.3543650793650794,0.20773127291294335,0.0785150410940766,7,93.14285714285714,44,169
g1pre,A/RL/AL,trial_type,time_resolved_trial_response,glm_clean,balanced_accuracy,36,1.3586077505337386,1.0351297146923724,0.3329365079365079,0.20509632492692367,0.07751912436713394,7,93.14285714285714,44,169
g1pre,A/RL/AL,trial_type,time_resolved_trial_response,glm_clean,balanced_accuracy,37,1.423303357702012,1.0351297146923724,0.33591269841269844,0.1972196605392916,0.07454202506279203,7,93.14285714285714,44,169
g1pre,A/RL/AL,trial_type,time_resolved_trial_response,glm_clean,balanced_accuracy,38,1.4879989648702852,1.0351297146923724,0.3375,0.1925536374420932,0.07277843410181056,7,93.14285714285714,44,169
g1pre,A/RL/AL,trial_type,time_resolved_trial_response,glm_clean,balanced_accuracy,39,1.5526945720385585,1.0351297146923724,0.3347222222222222,0.19619909368327856,0.07415628704888838,7,93.14285714285714,44,169
g1pre,A/RL/AL,trial_type,time_resolved_trial_response,glm_clean,balanced_accuracy,40,1.6173901792068317,1.0351297146923724,0.3281746031746032,0.18715797729620948,0.07073906625823473,7,93.14285714285714,44,169
g1pre,A/RL/AL,trial_type,time_resolved_trial_response,glm_clean,balanced_accuracy,41,1.682085786375105,1.0351297146923724,0.31150793650793646,0.16998947385885432,0.06424998190417767,7,93.14285714285714,44,169
g1pre,A/RL/AL,trial_type,time_resolved_trial_response,glm_clean,balanced_accuracy,42,1.7467813935433782,1.0351297146923724,0.3121031746031746,0.1807045579729322,0.06829990302460467,7,93.14285714285714,44,169
g1pre,A/RL/AL,trial_type,time_resolved_trial_response,glm_clean,balanced_accuracy,43,1.8114770007116516,1.0351297146923724,0.30178571428571427,0.17042391900584897,0.06441418673521293,7,93.14285714285714,44,169
g1pre,A/RL/AL,trial_type,time_resolved_trial_response,glm_clean,balanced_accuracy,44,1.8761726078799248,1.0351297146923724,0.30198412698412697,0.15638596377201824,0.059108338383130975,7,93.14285714285714,44,169
g1pre,A/RL/AL,trial_type,time_resolved_trial_response,glm_clean,balanced_accuracy,45,1.9408682150481982,1.0351297146923724,0.2839285714285714,0.16116868611820226,0.06091603751425587,7,93.14285714285714,44,169
g1pre,A/RL/AL,trial_type,time_resolved_trial_response,glm_clean,balanced_accuracy,46,2.0055638222164713,1.0351297146923724,0.2734126984126984,0.14854279446403318,0.05614389902891626,7,93.14285714285714,44,169
g1pre,A/RL/AL,visual_direction,time_resolved_trial_response,glm_clean,balanced_accuracy,0,-0.9704341075240991,1.0351297146923724,0.48280423280423285,0.045243767500240124,0.01710053674018026,7,93.14285714285714,44,169
g1pre,A/RL/AL,visual_direction,time_resolved_trial_response,glm_clean,balanced_accuracy,1,-0.9057385003558258,1.0351297146923724,0.502910052910053,0.02860610933260581,0.010812093038742691,7,93.14285714285714,44,169
g1pre,A/RL/AL,visual_direction,time_resolved_trial_response,glm_clean,balanced_accuracy,2,-0.8410428931875525,1.0351297146923724,0.5042328042328043,0.03762973725491141,0.014222703811028276,7,93.14285714285714,44,169
g1pre,A/RL/AL,visual_direction,time_resolved_trial_response,glm_clean,balanced_accuracy,3,-0.7763472860192793,1.0351297146923724,0.502910052910053,0.028365332186035982,0.010721087831426761,7,93.14285714285714,44,169
g1pre,A/RL/AL,visual_direction,time_resolved_trial_response,glm_clean,balanced_accuracy,4,-0.711651678851006,1.0351297146923724,0.49947089947089945,0.019355005523475608,0.00731550446277114,7,93.14285714285714,44,169
g1pre,A/RL/AL,visual_direction,time_resolved_trial_response,glm_clean,balanced_accuracy,5,-0.6469560716827327,1.0351297146923724,0.501058201058201,0.03565086798758677,0.013474761531249765,7,93.14285714285714,44,169
g1pre,A/RL/AL,visual_direction,time_resolved_trial_response,glm_clean,balanced_accuracy,6,-0.5822604645144595,1.0351297146923724,0.5124338624338625,0.03245964547700395,0.012268592796782146,7,93.14285714285714,44,169
g1pre,A/RL/AL,visual_direction,time_resolved_trial_response,glm_clean,balanced_accuracy,7,-0.5175648573461862,1.0351297146923724,0.5203703703703704,0.025119740678241752,0.009494369547580093,7,93.14285714285714,44,169
g1pre,A/RL/AL,visual_direction,time_resolved_trial_response,glm_clean,balanced_accuracy,8,-0.4528692501779129,1.0351297146923724,0.5171957671957672,0.03991466500008946,0.01508632532209866,7,93.14285714285714,44,169
g1pre,A/RL/AL,visual_direction,time_resolved_trial_response,glm_clean,balanced_accuracy,9,-0.38817364300963964,1.0351297146923724,0.48994708994709,0.03055755965850304,0.011549671932774123,7,93.14285714285714,44,169
g1pre,A/RL/AL,visual_direction,time_resolved_trial_response,glm_clean,balanced_accuracy,10,-0.32347803584136636,1.0351297146923724,0.5052910052910053,0.02115299536428138,0.007995080745427239,7,93.14285714285714,44,169
g1pre,A/RL/AL,visual_direction,time_resolved_trial_response,glm_clean,balanced_accuracy,11,-0.2587824286730931,1.0351297146923724,0.494973544973545,0.018755102512980005,0.0070887624375525204,7,93.14285714285714,44,169
g1pre,A/RL/AL,visual_direction,time_resolved_trial_response,glm_clean,balanced_accuracy,12,-0.19408682150481982,1.0351297146923724,0.4904761904761905,0.022841889384216885,0.008633422683640595,7,93.14285714285714,44,169
g1pre,A/RL/AL,visual_direction,time_resolved_trial_response,glm_clean,balanced_accuracy,13,-0.12939121433654655,1.0351297146923724,0.4923280423280424,0.009706988148595688,0.0036688966600907833,7,93.14285714285714,44,169
g1pre,A/RL/AL,visual_direction,time_resolved_trial_response,glm_clean,balanced_accuracy,14,-0.06469560716827327,1.0351297146923724,0.5161375661375661,0.03217667928266801,0.012161641628260531,7,93.14285714285714,44,169
g1pre,A/RL/AL,visual_direction,time_resolved_trial_response,glm_clean,balanced_accuracy,15,0.0,1.0351297146923724,0.5044973544973544,0.018789898651453574,0.00710191414169344,7,93.14285714285714,44,169
g1pre,A/RL/AL,visual_direction,time_resolved_trial_response,glm_clean,balanced_accuracy,16,0.06469560716827327,1.0351297146923724,0.5023809523809524,0.02156206378230581,0.00814969407447056,7,93.14285714285714,44,169
g1pre,A/RL/AL,visual_direction,time_resolved_trial_response,glm_clean,balanced_accuracy,17,0.12939121433654655,1.0351297146923724,0.49708994708994714,0.02064509313770023,0.007803111748017281,7,93.14285714285714,44,169
g1pre,A/RL/AL,visual_direction,time_resolved_trial_response,glm_clean,balanced_accuracy,18,0.19408682150481982,1.0351297146923724,0.5126984126984127,0.014869827313107596,0.005620266444136926,7,93.14285714285714,44,169
g1pre,A/RL/AL,visual_direction,time_resolved_trial_response,glm_clean,balanced_accuracy,19,0.2587824286730931,1.0351297146923724,0.5626984126984127,0.065214189074113,0.024648646606121226,7,93.14285714285714,44,169
g1pre,A/RL/AL,visual_direction,time_resolved_trial_response,glm_clean,balanced_accuracy,20,0.32347803584136636,1.0351297146923724,0.6603174603174603,0.15802658591236446,0.0597284352658142,7,93.14285714285714,44,169
g1pre,A/RL/AL,visual_direction,time_resolved_trial_response,glm_clean,balanced_accuracy,21,0.38817364300963964,1.0351297146923724,0.6981481481481481,0.18767767073703379,0.07093549191572224,7,93.14285714285714,44,169
g1pre,A/RL/AL,visual_direction,time_resolved_trial_response,glm_clean,balanced_accuracy,22,0.4528692501779129,1.0351297146923724,0.7357142857142858,0.16907963253243968,0.06390609420671736,7,93.14285714285714,44,169
g1pre,A/RL/AL,visual_direction,time_resolved_trial_response,glm_clean,balanced_accuracy,23,0.5175648573461862,1.0351297146923724,0.7452380952380953,0.1853975854236151,0.07007370067181987,7,93.14285714285714,44,169
g1pre,A/RL/AL,visual_direction,time_resolved_trial_response,glm_clean,balanced_accuracy,24,0.5822604645144595,1.0351297146923724,0.7346560846560847,0.19733511023451752,0.07458566094600717,7,93.14285714285714,44,169
g1pre,A/RL/AL,visual_direction,time_resolved_trial_response,glm_clean,balanced_accuracy,25,0.6469560716827327,1.0351297146923724,0.7417989417989419,0.19608903903249925,0.07411469030080436,7,93.14285714285714,44,169
g1pre,A/RL/AL,visual_direction,time_resolved_trial_response,glm_clean,balanced_accuracy,26,0.711651678851006,1.0351297146923724,0.7410052910052911,0.19451036087725893,0.07351800604380777,7,93.14285714285714,44,169
g1pre,A/RL/AL,visual_direction,time_resolved_trial_response,glm_clean,balanced_accuracy,27,0.7763472860192793,1.0351297146923724,0.7288359788359788,0.19309010154498207,0.07298119847374732,7,93.14285714285714,44,169
g1pre,A/RL/AL,visual_direction,time_resolved_trial_response,glm_clean,balanced_accuracy,28,0.8410428931875525,1.0351297146923724,0.7251322751322752,0.18756452065581183,0.07089272520490222,7,93.14285714285714,44,169
g1pre,A/RL/AL,visual_direction,time_resolved_trial_response,glm_clean,balanced_accuracy,29,0.9057385003558258,1.0351297146923724,0.7158730158730159,0.15857539486323974,0.059935865551714526,7,93.14285714285714,44,169
g1pre,A/RL/AL,visual_direction,time_resolved_trial_response,glm_clean,balanced_accuracy,30,0.9704341075240991,1.0351297146923724,0.710846560846561,0.15453230681436697,0.05840772190799242,7,93.14285714285714,44,169
g1pre,A/RL/AL,visual_direction,time_resolved_trial_response,glm_clean,balanced_accuracy,31,1.0351297146923724,1.0351297146923724,0.7100529100529102,0.1760164066961369,0.0665279483978832,7,93.14285714285714,44,169
g1pre,A/RL/AL,visual_direction,time_resolved_trial_response,glm_clean,balanced_accuracy,32,1.0998253218606455,1.0351297146923724,0.7261904761904762,0.1859964592842772,0.07030005371496402,7,93.14285714285714,44,169
g1pre,A/RL/AL,visual_direction,time_resolved_trial_response,glm_clean,balanced_accuracy,33,1.164520929028919,1.0351297146923724,0.7198412698412698,0.2013634205145045,0.07610821911810012,7,93.14285714285714,44,169
g1pre,A/RL/AL,visual_direction,time_resolved_trial_response,glm_clean,balanced_accuracy,34,1.229216536197192,1.0351297146923724,0.728042328042328,0.18624827134045424,0.07039522972607434,7,93.14285714285714,44,169
g1pre,A/RL/AL,visual_direction,time_resolved_trial_response,glm_clean,balanced_accuracy,35,1.2939121433654655,1.0351297146923724,0.72010582010582,0.19753982012325058,0.07466303401122196,7,93.14285714285714,44,169
g1pre,A/RL/AL,visual_direction,time_resolved_trial_response,glm_clean,balanced_accuracy,36,1.3586077505337386,1.0351297146923724,0.7111111111111111,0.20497917188180315,0.07747484467817353,7,93.14285714285714,44,169
g1pre,A/RL/AL,visual_direction,time_resolved_trial_response,glm_clean,balanced_accuracy,37,1.423303357702012,1.0351297146923724,0.7063492063492064,0.20460478912647692,0.07733334129735292,7,93.14285714285714,44,169
g1pre,A/RL/AL,visual_direction,time_resolved_trial_response,glm_clean,balanced_accuracy,38,1.4879989648702852,1.0351297146923724,0.7079365079365079,0.19278455024724087,0.07286571093851928,7,93.14285714285714,44,169
g1pre,A/RL/AL,visual_direction,time_resolved_trial_response,glm_clean,balanced_accuracy,39,1.5526945720385585,1.0351297146923724,0.7148148148148149,0.18909453825724243,0.07147101750132179,7,93.14285714285714,44,169
g1pre,A/RL/AL,visual_direction,time_resolved_trial_response,glm_clean,balanced_accuracy,40,1.6173901792068317,1.0351297146923724,0.7042328042328043,0.1950921437229753,0.07373789929049476,7,93.14285714285714,44,169
g1pre,A/RL/AL,visual_direction,time_resolved_trial_response,glm_clean,balanced_accuracy,41,1.682085786375105,1.0351297146923724,0.7066137566137566,0.18541299920189527,0.07007952653240461,7,93.14285714285714,44,169
g1pre,A/RL/AL,visual_direction,time_resolved_trial_response,glm_clean,balanced_accuracy,42,1.7467813935433782,1.0351297146923724,0.6957671957671957,0.1894560424074754,0.07160765322695525,7,93.14285714285714,44,169
g1pre,A/RL/AL,visual_direction,time_resolved_trial_response,glm_clean,balanced_accuracy,43,1.8114770007116516,1.0351297146923724,0.683068783068783,0.17956734497183463,0.06787007691194558,7,93.14285714285714,44,169
g1pre,A/RL/AL,visual_direction,time_resolved_trial_response,glm_clean,balanced_accuracy,44,1.8761726078799248,1.0351297146923724,0.6788359788359788,0.18130142599477242,0.06852549793193558,7,93.14285714285714,44,169
g1pre,A/RL/AL,visual_direction,time_resolved_trial_response,glm_clean,balanced_accuracy,45,1.9408682150481982,1.0351297146923724,0.6798941798941799,0.17706721607095993,0.06692511700947133,7,93.14285714285714,44,169
g1pre,A/RL/AL,visual_direction,time_resolved_trial_response,glm_clean,balanced_accuracy,46,2.0055638222164713,1.0351297146923724,0.6732804232804233,0.17639915929678926,0.06667261528288168,7,93.14285714285714,44,169
g1pre,AM/PM,auditory_direction,time_resolved_trial_response,glm_clean,balanced_accuracy,0,-0.9704341075240991,1.0351297146923724,0.5,,,1,96.0,96,96
g1pre,AM/PM,auditory_direction,time_resolved_trial_response,glm_clean,balanced_accuracy,1,-0.9057385003558258,1.0351297146923724,0.47037037037037044,,,1,96.0,96,96
g1pre,AM/PM,auditory_direction,time_resolved_trial_response,glm_clean,balanced_accuracy,2,-0.8410428931875525,1.0351297146923724,0.44074074074074066,,,1,96.0,96,96
g1pre,AM/PM,auditory_direction,time_resolved_trial_response,glm_clean,balanced_accuracy,3,-0.7763472860192793,1.0351297146923724,0.5037037037037038,,,1,96.0,96,96
g1pre,AM/PM,auditory_direction,time_resolved_trial_response,glm_clean,balanced_accuracy,4,-0.711651678851006,1.0351297146923724,0.4962962962962963,,,1,96.0,96,96
g1pre,AM/PM,auditory_direction,time_resolved_trial_response,glm_clean,balanced_accuracy,5,-0.6469560716827327,1.0351297146923724,0.5185185185185185,,,1,96.0,96,96
g1pre,AM/PM,auditory_direction,time_resolved_trial_response,glm_clean,balanced_accuracy,6,-0.5822604645144595,1.0351297146923724,0.49444444444444446,,,1,96.0,96,96
g1pre,AM/PM,auditory_direction,time_resolved_trial_response,glm_clean,balanced_accuracy,7,-0.5175648573461862,1.0351297146923724,0.5092592592592593,,,1,96.0,96,96
g1pre,AM/PM,auditory_direction,time_resolved_trial_response,glm_clean,balanced_accuracy,8,-0.4528692501779129,1.0351297146923724,0.5037037037037037,,,1,96.0,96,96
g1pre,AM/PM,auditory_direction,time_resolved_trial_response,glm_clean,balanced_accuracy,9,-0.38817364300963964,1.0351297146923724,0.5111111111111111,,,1,96.0,96,96
g1pre,AM/PM,auditory_direction,time_resolved_trial_response,glm_clean,balanced_accuracy,10,-0.32347803584136636,1.0351297146923724,0.4481481481481481,,,1,96.0,96,96
g1pre,AM/PM,auditory_direction,time_resolved_trial_response,glm_clean,balanced_accuracy,11,-0.2587824286730931,1.0351297146923724,0.5074074074074074,,,1,96.0,96,96
g1pre,AM/PM,auditory_direction,time_resolved_trial_response,glm_clean,balanced_accuracy,12,-0.19408682150481982,1.0351297146923724,0.49444444444444446,,,1,96.0,96,96
g1pre,AM/PM,auditory_direction,time_resolved_trial_response,glm_clean,balanced_accuracy,13,-0.12939121433654655,1.0351297146923724,0.4796296296296296,,,1,96.0,96,96
g1pre,AM/PM,auditory_direction,time_resolved_trial_response,glm_clean,balanced_accuracy,14,-0.06469560716827327,1.0351297146923724,0.5074074074074073,,,1,96.0,96,96
g1pre,AM/PM,auditory_direction,time_resolved_trial_response,glm_clean,balanced_accuracy,15,0.0,1.0351297146923724,0.4962962962962963,,,1,96.0,96,96
g1pre,AM/PM,auditory_direction,time_resolved_trial_response,glm_clean,balanced_accuracy,16,0.06469560716827327,1.0351297146923724,0.5611111111111111,,,1,96.0,96,96
g1pre,AM/PM,auditory_direction,time_resolved_trial_response,glm_clean,balanced_accuracy,17,0.12939121433654655,1.0351297146923724,0.538888888888889,,,1,96.0,96,96
g1pre,AM/PM,auditory_direction,time_resolved_trial_response,glm_clean,balanced_accuracy,18,0.19408682150481982,1.0351297146923724,0.5314814814814814,,,1,96.0,96,96
g1pre,AM/PM,auditory_direction,time_resolved_trial_response,glm_clean,balanced_accuracy,19,0.2587824286730931,1.0351297146923724,0.587037037037037,,,1,96.0,96,96
g1pre,AM/PM,auditory_direction,time_resolved_trial_response,glm_clean,balanced_accuracy,20,0.32347803584136636,1.0351297146923724,0.6370370370370371,,,1,96.0,96,96
g1pre,AM/PM,auditory_direction,time_resolved_trial_response,glm_clean,balanced_accuracy,21,0.38817364300963964,1.0351297146923724,0.6370370370370371,,,1,96.0,96,96
g1pre,AM/PM,auditory_direction,time_resolved_trial_response,glm_clean,balanced_accuracy,22,0.4528692501779129,1.0351297146923724,0.6222222222222222,,,1,96.0,96,96
g1pre,AM/PM,auditory_direction,time_resolved_trial_response,glm_clean,balanced_accuracy,23,0.5175648573461862,1.0351297146923724,0.6703703703703703,,,1,96.0,96,96
g1pre,AM/PM,auditory_direction,time_resolved_trial_response,glm_clean,balanced_accuracy,24,0.5822604645144595,1.0351297146923724,0.6703703703703704,,,1,96.0,96,96
g1pre,AM/PM,auditory_direction,time_resolved_trial_response,glm_clean,balanced_accuracy,25,0.6469560716827327,1.0351297146923724,0.6592592592592593,,,1,96.0,96,96
g1pre,AM/PM,auditory_direction,time_resolved_trial_response,glm_clean,balanced_accuracy,26,0.711651678851006,1.0351297146923724,0.6666666666666667,,,1,96.0,96,96
g1pre,AM/PM,auditory_direction,time_resolved_trial_response,glm_clean,balanced_accuracy,27,0.7763472860192793,1.0351297146923724,0.6203703703703703,,,1,96.0,96,96
g1pre,AM/PM,auditory_direction,time_resolved_trial_response,glm_clean,balanced_accuracy,28,0.8410428931875525,1.0351297146923724,0.6148148148148149,,,1,96.0,96,96
g1pre,AM/PM,auditory_direction,time_resolved_trial_response,glm_clean,balanced_accuracy,29,0.9057385003558258,1.0351297146923724,0.6111111111111113,,,1,96.0,96,96
g1pre,AM/PM,auditory_direction,time_resolved_trial_response,glm_clean,balanced_accuracy,30,0.9704341075240991,1.0351297146923724,0.55,,,1,96.0,96,96
g1pre,AM/PM,auditory_direction,time_resolved_trial_response,glm_clean,balanced_accuracy,31,1.0351297146923724,1.0351297146923724,0.6074074074074074,,,1,96.0,96,96
g1pre,AM/PM,auditory_direction,time_resolved_trial_response,glm_clean,balanced_accuracy,32,1.0998253218606455,1.0351297146923724,0.6055555555555555,,,1,96.0,96,96
g1pre,AM/PM,auditory_direction,time_resolved_trial_response,glm_clean,balanced_accuracy,33,1.164520929028919,1.0351297146923724,0.6222222222222223,,,1,96.0,96,96
g1pre,AM/PM,auditory_direction,time_resolved_trial_response,glm_clean,balanced_accuracy,34,1.229216536197192,1.0351297146923724,0.6074074074074074,,,1,96.0,96,96
g1pre,AM/PM,auditory_direction,time_resolved_trial_response,glm_clean,balanced_accuracy,35,1.2939121433654655,1.0351297146923724,0.5962962962962963,,,1,96.0,96,96
g1pre,AM/PM,auditory_direction,time_resolved_trial_response,glm_clean,balanced_accuracy,36,1.3586077505337386,1.0351297146923724,0.5907407407407407,,,1,96.0,96,96
g1pre,AM/PM,auditory_direction,time_resolved_trial_response,glm_clean,balanced_accuracy,37,1.423303357702012,1.0351297146923724,0.5666666666666667,,,1,96.0,96,96
g1pre,AM/PM,auditory_direction,time_resolved_trial_response,glm_clean,balanced_accuracy,38,1.4879989648702852,1.0351297146923724,0.5407407407407407,,,1,96.0,96,96
g1pre,AM/PM,auditory_direction,time_resolved_trial_response,glm_clean,balanced_accuracy,39,1.5526945720385585,1.0351297146923724,0.5444444444444445,,,1,96.0,96,96
g1pre,AM/PM,auditory_direction,time_resolved_trial_response,glm_clean,balanced_accuracy,40,1.6173901792068317,1.0351297146923724,0.5333333333333334,,,1,96.0,96,96
g1pre,AM/PM,auditory_direction,time_resolved_trial_response,glm_clean,balanced_accuracy,41,1.682085786375105,1.0351297146923724,0.5666666666666667,,,1,96.0,96,96
g1pre,AM/PM,auditory_direction,time_resolved_trial_response,glm_clean,balanced_accuracy,42,1.7467813935433782,1.0351297146923724,0.5814814814814815,,,1,96.0,96,96
g1pre,AM/PM,auditory_direction,time_resolved_trial_response,glm_clean,balanced_accuracy,43,1.8114770007116516,1.0351297146923724,0.55,,,1,96.0,96,96
g1pre,AM/PM,auditory_direction,time_resolved_trial_response,glm_clean,balanced_accuracy,44,1.8761726078799248,1.0351297146923724,0.512962962962963,,,1,96.0,96,96
g1pre,AM/PM,auditory_direction,time_resolved_trial_response,glm_clean,balanced_accuracy,45,1.9408682150481982,1.0351297146923724,0.5111111111111113,,,1,96.0,96,96
g1pre,AM/PM,auditory_direction,time_resolved_trial_response,glm_clean,balanced_accuracy,46,2.0055638222164713,1.0351297146923724,0.5222222222222223,,,1,96.0,96,96
g1pre,AM/PM,congruency,time_resolved_trial_response,glm_clean,balanced_accuracy,0,-0.9704341075240991,1.0351297146923724,0.5361111111111112,,,1,96.0,96,96
g1pre,AM/PM,congruency,time_resolved_trial_response,glm_clean,balanced_accuracy,1,-0.9057385003558258,1.0351297146923724,0.4666666666666667,,,1,96.0,96,96
g1pre,AM/PM,congruency,time_resolved_trial_response,glm_clean,balanced_accuracy,2,-0.8410428931875525,1.0351297146923724,0.5472222222222222,,,1,96.0,96,96
g1pre,AM/PM,congruency,time_resolved_trial_response,glm_clean,balanced_accuracy,3,-0.7763472860192793,1.0351297146923724,0.5138888888888888,,,1,96.0,96,96
g1pre,AM/PM,congruency,time_resolved_trial_response,glm_clean,balanced_accuracy,4,-0.711651678851006,1.0351297146923724,0.5361111111111111,,,1,96.0,96,96
g1pre,AM/PM,congruency,time_resolved_trial_response,glm_clean,balanced_accuracy,5,-0.6469560716827327,1.0351297146923724,0.5111111111111111,,,1,96.0,96,96
g1pre,AM/PM,congruency,time_resolved_trial_response,glm_clean,balanced_accuracy,6,-0.5822604645144595,1.0351297146923724,0.475,,,1,96.0,96,96
g1pre,AM/PM,congruency,time_resolved_trial_response,glm_clean,balanced_accuracy,7,-0.5175648573461862,1.0351297146923724,0.5166666666666667,,,1,96.0,96,96
g1pre,AM/PM,congruency,time_resolved_trial_response,glm_clean,balanced_accuracy,8,-0.4528692501779129,1.0351297146923724,0.5361111111111112,,,1,96.0,96,96
g1pre,AM/PM,congruency,time_resolved_trial_response,glm_clean,balanced_accuracy,9,-0.38817364300963964,1.0351297146923724,0.4916666666666666,,,1,96.0,96,96
g1pre,AM/PM,congruency,time_resolved_trial_response,glm_clean,balanced_accuracy,10,-0.32347803584136636,1.0351297146923724,0.45,,,1,96.0,96,96
g1pre,AM/PM,congruency,time_resolved_trial_response,glm_clean,balanced_accuracy,11,-0.2587824286730931,1.0351297146923724,0.5111111111111112,,,1,96.0,96,96
g1pre,AM/PM,congruency,time_resolved_trial_response,glm_clean,balanced_accuracy,12,-0.19408682150481982,1.0351297146923724,0.5388888888888889,,,1,96.0,96,96
g1pre,AM/PM,congruency,time_resolved_trial_response,glm_clean,balanced_accuracy,13,-0.12939121433654655,1.0351297146923724,0.4916666666666667,,,1,96.0,96,96
g1pre,AM/PM,congruency,time_resolved_trial_response,glm_clean,balanced_accuracy,14,-0.06469560716827327,1.0351297146923724,0.49444444444444435,,,1,96.0,96,96
g1pre,AM/PM,congruency,time_resolved_trial_response,glm_clean,balanced_accuracy,15,0.0,1.0351297146923724,0.5,,,1,96.0,96,96
g1pre,AM/PM,congruency,time_resolved_trial_response,glm_clean,balanced_accuracy,16,0.06469560716827327,1.0351297146923724,0.5277777777777778,,,1,96.0,96,96
g1pre,AM/PM,congruency,time_resolved_trial_response,glm_clean,balanced_accuracy,17,0.12939121433654655,1.0351297146923724,0.5194444444444445,,,1,96.0,96,96
g1pre,AM/PM,congruency,time_resolved_trial_response,glm_clean,balanced_accuracy,18,0.19408682150481982,1.0351297146923724,0.525,,,1,96.0,96,96
g1pre,AM/PM,congruency,time_resolved_trial_response,glm_clean,balanced_accuracy,19,0.2587824286730931,1.0351297146923724,0.5027777777777779,,,1,96.0,96,96
g1pre,AM/PM,congruency,time_resolved_trial_response,glm_clean,balanced_accuracy,20,0.32347803584136636,1.0351297146923724,0.5166666666666666,,,1,96.0,96,96
g1pre,AM/PM,congruency,time_resolved_trial_response,glm_clean,balanced_accuracy,21,0.38817364300963964,1.0351297146923724,0.4583333333333333,,,1,96.0,96,96
g1pre,AM/PM,congruency,time_resolved_trial_response,glm_clean,balanced_accuracy,22,0.4528692501779129,1.0351297146923724,0.4805555555555555,,,1,96.0,96,96
g1pre,AM/PM,congruency,time_resolved_trial_response,glm_clean,balanced_accuracy,23,0.5175648573461862,1.0351297146923724,0.4527777777777778,,,1,96.0,96,96
g1pre,AM/PM,congruency,time_resolved_trial_response,glm_clean,balanced_accuracy,24,0.5822604645144595,1.0351297146923724,0.4722222222222222,,,1,96.0,96,96
g1pre,AM/PM,congruency,time_resolved_trial_response,glm_clean,balanced_accuracy,25,0.6469560716827327,1.0351297146923724,0.49722222222222223,,,1,96.0,96,96
g1pre,AM/PM,congruency,time_resolved_trial_response,glm_clean,balanced_accuracy,26,0.711651678851006,1.0351297146923724,0.48611111111111116,,,1,96.0,96,96
g1pre,AM/PM,congruency,time_resolved_trial_response,glm_clean,balanced_accuracy,27,0.7763472860192793,1.0351297146923724,0.4527777777777778,,,1,96.0,96,96
g1pre,AM/PM,congruency,time_resolved_trial_response,glm_clean,balanced_accuracy,28,0.8410428931875525,1.0351297146923724,0.4722222222222222,,,1,96.0,96,96
g1pre,AM/PM,congruency,time_resolved_trial_response,glm_clean,balanced_accuracy,29,0.9057385003558258,1.0351297146923724,0.4805555555555555,,,1,96.0,96,96
g1pre,AM/PM,congruency,time_resolved_trial_response,glm_clean,balanced_accuracy,30,0.9704341075240991,1.0351297146923724,0.45555555555555555,,,1,96.0,96,96
g1pre,AM/PM,congruency,time_resolved_trial_response,glm_clean,balanced_accuracy,31,1.0351297146923724,1.0351297146923724,0.5222222222222221,,,1,96.0,96,96
g1pre,AM/PM,congruency,time_resolved_trial_response,glm_clean,balanced_accuracy,32,1.0998253218606455,1.0351297146923724,0.5194444444444444,,,1,96.0,96,96
g1pre,AM/PM,congruency,time_resolved_trial_response,glm_clean,balanced_accuracy,33,1.164520929028919,1.0351297146923724,0.4638888888888889,,,1,96.0,96,96
g1pre,AM/PM,congruency,time_resolved_trial_response,glm_clean,balanced_accuracy,34,1.229216536197192,1.0351297146923724,0.5111111111111111,,,1,96.0,96,96
g1pre,AM/PM,congruency,time_resolved_trial_response,glm_clean,balanced_accuracy,35,1.2939121433654655,1.0351297146923724,0.5166666666666667,,,1,96.0,96,96
g1pre,AM/PM,congruency,time_resolved_trial_response,glm_clean,balanced_accuracy,36,1.3586077505337386,1.0351297146923724,0.4305555555555555,,,1,96.0,96,96
g1pre,AM/PM,congruency,time_resolved_trial_response,glm_clean,balanced_accuracy,37,1.423303357702012,1.0351297146923724,0.49444444444444446,,,1,96.0,96,96
g1pre,AM/PM,congruency,time_resolved_trial_response,glm_clean,balanced_accuracy,38,1.4879989648702852,1.0351297146923724,0.475,,,1,96.0,96,96
g1pre,AM/PM,congruency,time_resolved_trial_response,glm_clean,balanced_accuracy,39,1.5526945720385585,1.0351297146923724,0.5027777777777778,,,1,96.0,96,96
g1pre,AM/PM,congruency,time_resolved_trial_response,glm_clean,balanced_accuracy,40,1.6173901792068317,1.0351297146923724,0.4722222222222222,,,1,96.0,96,96
g1pre,AM/PM,congruency,time_resolved_trial_response,glm_clean,balanced_accuracy,41,1.682085786375105,1.0351297146923724,0.538888888888889,,,1,96.0,96,96
g1pre,AM/PM,congruency,time_resolved_trial_response,glm_clean,balanced_accuracy,42,1.7467813935433782,1.0351297146923724,0.4916666666666666,,,1,96.0,96,96
g1pre,AM/PM,congruency,time_resolved_trial_response,glm_clean,balanced_accuracy,43,1.8114770007116516,1.0351297146923724,0.4472222222222223,,,1,96.0,96,96
g1pre,AM/PM,congruency,time_resolved_trial_response,glm_clean,balanced_accuracy,44,1.8761726078799248,1.0351297146923724,0.5305555555555557,,,1,96.0,96,96
g1pre,AM/PM,congruency,time_resolved_trial_response,glm_clean,balanced_accuracy,45,1.9408682150481982,1.0351297146923724,0.5111111111111111,,,1,96.0,96,96
g1pre,AM/PM,congruency,time_resolved_trial_response,glm_clean,balanced_accuracy,46,2.0055638222164713,1.0351297146923724,0.5277777777777778,,,1,96.0,96,96
g1pre,AM/PM,modality,time_resolved_trial_response,glm_clean,balanced_accuracy,0,-0.9704341075240991,1.0351297146923724,0.32499999999999996,,,1,96.0,96,96
g1pre,AM/PM,modality,time_resolved_trial_response,glm_clean,balanced_accuracy,1,-0.9057385003558258,1.0351297146923724,0.3287037037037037,,,1,96.0,96,96
g1pre,AM/PM,modality,time_resolved_trial_response,glm_clean,balanced_accuracy,2,-0.8410428931875525,1.0351297146923724,0.3296296296296296,,,1,96.0,96,96
g1pre,AM/PM,modality,time_resolved_trial_response,glm_clean,balanced_accuracy,3,-0.7763472860192793,1.0351297146923724,0.3222222222222222,,,1,96.0,96,96
g1pre,AM/PM,modality,time_resolved_trial_response,glm_clean,balanced_accuracy,4,-0.711651678851006,1.0351297146923724,0.312037037037037,,,1,96.0,96,96
g1pre,AM/PM,modality,time_resolved_trial_response,glm_clean,balanced_accuracy,5,-0.6469560716827327,1.0351297146923724,0.32685185185185184,,,1,96.0,96,96
g1pre,AM/PM,modality,time_resolved_trial_response,glm_clean,balanced_accuracy,6,-0.5822604645144595,1.0351297146923724,0.325,,,1,96.0,96,96
g1pre,AM/PM,modality,time_resolved_trial_response,glm_clean,balanced_accuracy,7,-0.5175648573461862,1.0351297146923724,0.3379629629629629,,,1,96.0,96,96
g1pre,AM/PM,modality,time_resolved_trial_response,glm_clean,balanced_accuracy,8,-0.4528692501779129,1.0351297146923724,0.32685185185185184,,,1,96.0,96,96
g1pre,AM/PM,modality,time_resolved_trial_response,glm_clean,balanced_accuracy,9,-0.38817364300963964,1.0351297146923724,0.32314814814814813,,,1,96.0,96,96
g1pre,AM/PM,modality,time_resolved_trial_response,glm_clean,balanced_accuracy,10,-0.32347803584136636,1.0351297146923724,0.40370370370370373,,,1,96.0,96,96
g1pre,AM/PM,modality,time_resolved_trial_response,glm_clean,balanced_accuracy,11,-0.2587824286730931,1.0351297146923724,0.31759259259259254,,,1,96.0,96,96
g1pre,AM/PM,modality,time_resolved_trial_response,glm_clean,balanced_accuracy,12,-0.19408682150481982,1.0351297146923724,0.3222222222222223,,,1,96.0,96,96
g1pre,AM/PM,modality,time_resolved_trial_response,glm_clean,balanced_accuracy,13,-0.12939121433654655,1.0351297146923724,0.30740740740740746,,,1,96.0,96,96
g1pre,AM/PM,modality,time_resolved_trial_response,glm_clean,balanced_accuracy,14,-0.06469560716827327,1.0351297146923724,0.312037037037037,,,1,96.0,96,96
g1pre,AM/PM,modality,time_resolved_trial_response,glm_clean,balanced_accuracy,15,0.0,1.0351297146923724,0.32685185185185184,,,1,96.0,96,96
g1pre,AM/PM,modality,time_resolved_trial_response,glm_clean,balanced_accuracy,16,0.06469560716827327,1.0351297146923724,0.35462962962962963,,,1,96.0,96,96
g1pre,AM/PM,modality,time_resolved_trial_response,glm_clean,balanced_accuracy,17,0.12939121433654655,1.0351297146923724,0.33518518518518514,,,1,96.0,96,96
g1pre,AM/PM,modality,time_resolved_trial_response,glm_clean,balanced_accuracy,18,0.19408682150481982,1.0351297146923724,0.36203703703703705,,,1,96.0,96,96
g1pre,AM/PM,modality,time_resolved_trial_response,glm_clean,balanced_accuracy,19,0.2587824286730931,1.0351297146923724,0.4916666666666666,,,1,96.0,96,96
g1pre,AM/PM,modality,time_resolved_trial_response,glm_clean,balanced_accuracy,20,0.32347803584136636,1.0351297146923724,0.5657407407407408,,,1,96.0,96,96
g1pre,AM/PM,modality,time_resolved_trial_response,glm_clean,balanced_accuracy,21,0.38817364300963964,1.0351297146923724,0.5518518518518519,,,1,96.0,96,96
g1pre,AM/PM,modality,time_resolved_trial_response,glm_clean,balanced_accuracy,22,0.4528692501779129,1.0351297146923724,0.5472222222222223,,,1,96.0,96,96
g1pre,AM/PM,modality,time_resolved_trial_response,glm_clean,balanced_accuracy,23,0.5175648573461862,1.0351297146923724,0.5888888888888889,,,1,96.0,96,96
g1pre,AM/PM,modality,time_resolved_trial_response,glm_clean,balanced_accuracy,24,0.5822604645144595,1.0351297146923724,0.624074074074074,,,1,96.0,96,96
g1pre,AM/PM,modality,time_resolved_trial_response,glm_clean,balanced_accuracy,25,0.6469560716827327,1.0351297146923724,0.6212962962962962,,,1,96.0,96,96
g1pre,AM/PM,modality,time_resolved_trial_response,glm_clean,balanced_accuracy,26,0.711651678851006,1.0351297146923724,0.6453703703703704,,,1,96.0,96,96
g1pre,AM/PM,modality,time_resolved_trial_response,glm_clean,balanced_accuracy,27,0.7763472860192793,1.0351297146923724,0.6,,,1,96.0,96,96
g1pre,AM/PM,modality,time_resolved_trial_response,glm_clean,balanced_accuracy,28,0.8410428931875525,1.0351297146923724,0.6027777777777779,,,1,96.0,96,96
g1pre,AM/PM,modality,time_resolved_trial_response,glm_clean,balanced_accuracy,29,0.9057385003558258,1.0351297146923724,0.6666666666666667,,,1,96.0,96,96
g1pre,AM/PM,modality,time_resolved_trial_response,glm_clean,balanced_accuracy,30,0.9704341075240991,1.0351297146923724,0.6407407407407407,,,1,96.0,96,96
g1pre,AM/PM,modality,time_resolved_trial_response,glm_clean,balanced_accuracy,31,1.0351297146923724,1.0351297146923724,0.6462962962962963,,,1,96.0,96,96
g1pre,AM/PM,modality,time_resolved_trial_response,glm_clean,balanced_accuracy,32,1.0998253218606455,1.0351297146923724,0.6824074074074074,,,1,96.0,96,96
g1pre,AM/PM,modality,time_resolved_trial_response,glm_clean,balanced_accuracy,33,1.164520929028919,1.0351297146923724,0.6935185185185186,,,1,96.0,96,96
g1pre,AM/PM,modality,time_resolved_trial_response,glm_clean,balanced_accuracy,34,1.229216536197192,1.0351297146923724,0.6629629629629631,,,1,96.0,96,96
g1pre,AM/PM,modality,time_resolved_trial_response,glm_clean,balanced_accuracy,35,1.2939121433654655,1.0351297146923724,0.6824074074074074,,,1,96.0,96,96
g1pre,AM/PM,modality,time_resolved_trial_response,glm_clean,balanced_accuracy,36,1.3586077505337386,1.0351297146923724,0.6472222222222223,,,1,96.0,96,96
g1pre,AM/PM,modality,time_resolved_trial_response,glm_clean,balanced_accuracy,37,1.423303357702012,1.0351297146923724,0.6398148148148147,,,1,96.0,96,96
g1pre,AM/PM,modality,time_resolved_trial_response,glm_clean,balanced_accuracy,38,1.4879989648702852,1.0351297146923724,0.5962962962962963,,,1,96.0,96,96
g1pre,AM/PM,modality,time_resolved_trial_response,glm_clean,balanced_accuracy,39,1.5526945720385585,1.0351297146923724,0.6083333333333333,,,1,96.0,96,96
g1pre,AM/PM,modality,time_resolved_trial_response,glm_clean,balanced_accuracy,40,1.6173901792068317,1.0351297146923724,0.5472222222222223,,,1,96.0,96,96
g1pre,AM/PM,modality,time_resolved_trial_response,glm_clean,balanced_accuracy,41,1.682085786375105,1.0351297146923724,0.537037037037037,,,1,96.0,96,96
g1pre,AM/PM,modality,time_resolved_trial_response,glm_clean,balanced_accuracy,42,1.7467813935433782,1.0351297146923724,0.5685185185185185,,,1,96.0,96,96
g1pre,AM/PM,modality,time_resolved_trial_response,glm_clean,balanced_accuracy,43,1.8114770007116516,1.0351297146923724,0.5444444444444445,,,1,96.0,96,96
g1pre,AM/PM,modality,time_resolved_trial_response,glm_clean,balanced_accuracy,44,1.8761726078799248,1.0351297146923724,0.5166666666666667,,,1,96.0,96,96
g1pre,AM/PM,modality,time_resolved_trial_response,glm_clean,balanced_accuracy,45,1.9408682150481982,1.0351297146923724,0.4796296296296296,,,1,96.0,96,96
g1pre,AM/PM,modality,time_resolved_trial_response,glm_clean,balanced_accuracy,46,2.0055638222164713,1.0351297146923724,0.48703703703703705,,,1,96.0,96,96
g1pre,AM/PM,trial_type,time_resolved_trial_response,glm_clean,balanced_accuracy,0,-0.9704341075240991,1.0351297146923724,0.12916666666666668,,,1,96.0,96,96
g1pre,AM/PM,trial_type,time_resolved_trial_response,glm_clean,balanced_accuracy,1,-0.9057385003558258,1.0351297146923724,0.13333333333333336,,,1,96.0,96,96
g1pre,AM/PM,trial_type,time_resolved_trial_response,glm_clean,balanced_accuracy,2,-0.8410428931875525,1.0351297146923724,0.12916666666666665,,,1,96.0,96,96
g1pre,AM/PM,trial_type,time_resolved_trial_response,glm_clean,balanced_accuracy,3,-0.7763472860192793,1.0351297146923724,0.13333333333333333,,,1,96.0,96,96
g1pre,AM/PM,trial_type,time_resolved_trial_response,glm_clean,balanced_accuracy,4,-0.711651678851006,1.0351297146923724,0.1125,,,1,96.0,96,96
g1pre,AM/PM,trial_type,time_resolved_trial_response,glm_clean,balanced_accuracy,5,-0.6469560716827327,1.0351297146923724,0.1125,,,1,96.0,96,96
g1pre,AM/PM,trial_type,time_resolved_trial_response,glm_clean,balanced_accuracy,6,-0.5822604645144595,1.0351297146923724,0.11527777777777777,,,1,96.0,96,96
g1pre,AM/PM,trial_type,time_resolved_trial_response,glm_clean,balanced_accuracy,7,-0.5175648573461862,1.0351297146923724,0.11944444444444444,,,1,96.0,96,96
g1pre,AM/PM,trial_type,time_resolved_trial_response,glm_clean,balanced_accuracy,8,-0.4528692501779129,1.0351297146923724,0.12777777777777777,,,1,96.0,96,96
g1pre,AM/PM,trial_type,time_resolved_trial_response,glm_clean,balanced_accuracy,9,-0.38817364300963964,1.0351297146923724,0.11388888888888889,,,1,96.0,96,96
g1pre,AM/PM,trial_type,time_resolved_trial_response,glm_clean,balanced_accuracy,10,-0.32347803584136636,1.0351297146923724,0.1375,,,1,96.0,96,96
g1pre,AM/PM,trial_type,time_resolved_trial_response,glm_clean,balanced_accuracy,11,-0.2587824286730931,1.0351297146923724,0.10416666666666666,,,1,96.0,96,96
g1pre,AM/PM,trial_type,time_resolved_trial_response,glm_clean,balanced_accuracy,12,-0.19408682150481982,1.0351297146923724,0.125,,,1,96.0,96,96
g1pre,AM/PM,trial_type,time_resolved_trial_response,glm_clean,balanced_accuracy,13,-0.12939121433654655,1.0351297146923724,0.10694444444444444,,,1,96.0,96,96
g1pre,AM/PM,trial_type,time_resolved_trial_response,glm_clean,balanced_accuracy,14,-0.06469560716827327,1.0351297146923724,0.09444444444444444,,,1,96.0,96,96
g1pre,AM/PM,trial_type,time_resolved_trial_response,glm_clean,balanced_accuracy,15,0.0,1.0351297146923724,0.11944444444444442,,,1,96.0,96,96
g1pre,AM/PM,trial_type,time_resolved_trial_response,glm_clean,balanced_accuracy,16,0.06469560716827327,1.0351297146923724,0.1125,,,1,96.0,96,96
g1pre,AM/PM,trial_type,time_resolved_trial_response,glm_clean,balanced_accuracy,17,0.12939121433654655,1.0351297146923724,0.11805555555555554,,,1,96.0,96,96
g1pre,AM/PM,trial_type,time_resolved_trial_response,glm_clean,balanced_accuracy,18,0.19408682150481982,1.0351297146923724,0.18194444444444446,,,1,96.0,96,96
g1pre,AM/PM,trial_type,time_resolved_trial_response,glm_clean,balanced_accuracy,19,0.2587824286730931,1.0351297146923724,0.275,,,1,96.0,96,96
g1pre,AM/PM,trial_type,time_resolved_trial_response,glm_clean,balanced_accuracy,20,0.32347803584136636,1.0351297146923724,0.30138888888888893,,,1,96.0,96,96
g1pre,AM/PM,trial_type,time_resolved_trial_response,glm_clean,balanced_accuracy,21,0.38817364300963964,1.0351297146923724,0.3402777777777778,,,1,96.0,96,96
g1pre,AM/PM,trial_type,time_resolved_trial_response,glm_clean,balanced_accuracy,22,0.4528692501779129,1.0351297146923724,0.35277777777777775,,,1,96.0,96,96
g1pre,AM/PM,trial_type,time_resolved_trial_response,glm_clean,balanced_accuracy,23,0.5175648573461862,1.0351297146923724,0.35416666666666663,,,1,96.0,96,96
g1pre,AM/PM,trial_type,time_resolved_trial_response,glm_clean,balanced_accuracy,24,0.5822604645144595,1.0351297146923724,0.3694444444444444,,,1,96.0,96,96
g1pre,AM/PM,trial_type,time_resolved_trial_response,glm_clean,balanced_accuracy,25,0.6469560716827327,1.0351297146923724,0.3416666666666667,,,1,96.0,96,96
g1pre,AM/PM,trial_type,time_resolved_trial_response,glm_clean,balanced_accuracy,26,0.711651678851006,1.0351297146923724,0.33194444444444443,,,1,96.0,96,96
g1pre,AM/PM,trial_type,time_resolved_trial_response,glm_clean,balanced_accuracy,27,0.7763472860192793,1.0351297146923724,0.3416666666666667,,,1,96.0,96,96
g1pre,AM/PM,trial_type,time_resolved_trial_response,glm_clean,balanced_accuracy,28,0.8410428931875525,1.0351297146923724,0.2916666666666667,,,1,96.0,96,96
g1pre,AM/PM,trial_type,time_resolved_trial_response,glm_clean,balanced_accuracy,29,0.9057385003558258,1.0351297146923724,0.28611111111111115,,,1,96.0,96,96
g1pre,AM/PM,trial_type,time_resolved_trial_response,glm_clean,balanced_accuracy,30,0.9704341075240991,1.0351297146923724,0.33333333333333337,,,1,96.0,96,96
g1pre,AM/PM,trial_type,time_resolved_trial_response,glm_clean,balanced_accuracy,31,1.0351297146923724,1.0351297146923724,0.3236111111111112,,,1,96.0,96,96
g1pre,AM/PM,trial_type,time_resolved_trial_response,glm_clean,balanced_accuracy,32,1.0998253218606455,1.0351297146923724,0.31666666666666665,,,1,96.0,96,96
g1pre,AM/PM,trial_type,time_resolved_trial_response,glm_clean,balanced_accuracy,33,1.164520929028919,1.0351297146923724,0.3388888888888889,,,1,96.0,96,96
g1pre,AM/PM,trial_type,time_resolved_trial_response,glm_clean,balanced_accuracy,34,1.229216536197192,1.0351297146923724,0.3375,,,1,96.0,96,96
g1pre,AM/PM,trial_type,time_resolved_trial_response,glm_clean,balanced_accuracy,35,1.2939121433654655,1.0351297146923724,0.30972222222222223,,,1,96.0,96,96
g1pre,AM/PM,trial_type,time_resolved_trial_response,glm_clean,balanced_accuracy,36,1.3586077505337386,1.0351297146923724,0.3138888888888889,,,1,96.0,96,96
g1pre,AM/PM,trial_type,time_resolved_trial_response,glm_clean,balanced_accuracy,37,1.423303357702012,1.0351297146923724,0.27361111111111114,,,1,96.0,96,96
g1pre,AM/PM,trial_type,time_resolved_trial_response,glm_clean,balanced_accuracy,38,1.4879989648702852,1.0351297146923724,0.2638888888888889,,,1,96.0,96,96
g1pre,AM/PM,trial_type,time_resolved_trial_response,glm_clean,balanced_accuracy,39,1.5526945720385585,1.0351297146923724,0.2458333333333333,,,1,96.0,96,96
g1pre,AM/PM,trial_type,time_resolved_trial_response,glm_clean,balanced_accuracy,40,1.6173901792068317,1.0351297146923724,0.20416666666666666,,,1,96.0,96,96
g1pre,AM/PM,trial_type,time_resolved_trial_response,glm_clean,balanced_accuracy,41,1.682085786375105,1.0351297146923724,0.22222222222222218,,,1,96.0,96,96
g1pre,AM/PM,trial_type,time_resolved_trial_response,glm_clean,balanced_accuracy,42,1.7467813935433782,1.0351297146923724,0.24861111111111112,,,1,96.0,96,96
g1pre,AM/PM,trial_type,time_resolved_trial_response,glm_clean,balanced_accuracy,43,1.8114770007116516,1.0351297146923724,0.23055555555555557,,,1,96.0,96,96
g1pre,AM/PM,trial_type,time_resolved_trial_response,glm_clean,balanced_accuracy,44,1.8761726078799248,1.0351297146923724,0.18888888888888888,,,1,96.0,96,96
g1pre,AM/PM,trial_type,time_resolved_trial_response,glm_clean,balanced_accuracy,45,1.9408682150481982,1.0351297146923724,0.20555555555555557,,,1,96.0,96,96
g1pre,AM/PM,trial_type,time_resolved_trial_response,glm_clean,balanced_accuracy,46,2.0055638222164713,1.0351297146923724,0.19861111111111113,,,1,96.0,96,96
g1pre,AM/PM,visual_direction,time_resolved_trial_response,glm_clean,balanced_accuracy,0,-0.9704341075240991,1.0351297146923724,0.5018518518518518,,,1,96.0,96,96
g1pre,AM/PM,visual_direction,time_resolved_trial_response,glm_clean,balanced_accuracy,1,-0.9057385003558258,1.0351297146923724,0.5407407407407407,,,1,96.0,96,96
g1pre,AM/PM,visual_direction,time_resolved_trial_response,glm_clean,balanced_accuracy,2,-0.8410428931875525,1.0351297146923724,0.49444444444444446,,,1,96.0,96,96
g1pre,AM/PM,visual_direction,time_resolved_trial_response,glm_clean,balanced_accuracy,3,-0.7763472860192793,1.0351297146923724,0.4796296296296296,,,1,96.0,96,96
g1pre,AM/PM,visual_direction,time_resolved_trial_response,glm_clean,balanced_accuracy,4,-0.711651678851006,1.0351297146923724,0.4925925925925926,,,1,96.0,96,96
g1pre,AM/PM,visual_direction,time_resolved_trial_response,glm_clean,balanced_accuracy,5,-0.6469560716827327,1.0351297146923724,0.4851851851851852,,,1,96.0,96,96
g1pre,AM/PM,visual_direction,time_resolved_trial_response,glm_clean,balanced_accuracy,6,-0.5822604645144595,1.0351297146923724,0.49259259259259264,,,1,96.0,96,96
g1pre,AM/PM,visual_direction,time_resolved_trial_response,glm_clean,balanced_accuracy,7,-0.5175648573461862,1.0351297146923724,0.4925925925925926,,,1,96.0,96,96
g1pre,AM/PM,visual_direction,time_resolved_trial_response,glm_clean,balanced_accuracy,8,-0.4528692501779129,1.0351297146923724,0.5074074074074073,,,1,96.0,96,96
g1pre,AM/PM,visual_direction,time_resolved_trial_response,glm_clean,balanced_accuracy,9,-0.38817364300963964,1.0351297146923724,0.5259259259259259,,,1,96.0,96,96
g1pre,AM/PM,visual_direction,time_resolved_trial_response,glm_clean,balanced_accuracy,10,-0.32347803584136636,1.0351297146923724,0.49444444444444446,,,1,96.0,96,96
g1pre,AM/PM,visual_direction,time_resolved_trial_response,glm_clean,balanced_accuracy,11,-0.2587824286730931,1.0351297146923724,0.4518518518518519,,,1,96.0,96,96
g1pre,AM/PM,visual_direction,time_resolved_trial_response,glm_clean,balanced_accuracy,12,-0.19408682150481982,1.0351297146923724,0.4796296296296297,,,1,96.0,96,96
g1pre,AM/PM,visual_direction,time_resolved_trial_response,glm_clean,balanced_accuracy,13,-0.12939121433654655,1.0351297146923724,0.5,,,1,96.0,96,96
g1pre,AM/PM,visual_direction,time_resolved_trial_response,glm_clean,balanced_accuracy,14,-0.06469560716827327,1.0351297146923724,0.4833333333333333,,,1,96.0,96,96
g1pre,AM/PM,visual_direction,time_resolved_trial_response,glm_clean,balanced_accuracy,15,0.0,1.0351297146923724,0.4703703703703703,,,1,96.0,96,96
g1pre,AM/PM,visual_direction,time_resolved_trial_response,glm_clean,balanced_accuracy,16,0.06469560716827327,1.0351297146923724,0.47777777777777775,,,1,96.0,96,96
g1pre,AM/PM,visual_direction,time_resolved_trial_response,glm_clean,balanced_accuracy,17,0.12939121433654655,1.0351297146923724,0.4962962962962962,,,1,96.0,96,96
g1pre,AM/PM,visual_direction,time_resolved_trial_response,glm_clean,balanced_accuracy,18,0.19408682150481982,1.0351297146923724,0.5055555555555555,,,1,96.0,96,96
g1pre,AM/PM,visual_direction,time_resolved_trial_response,glm_clean,balanced_accuracy,19,0.2587824286730931,1.0351297146923724,0.6574074074074074,,,1,96.0,96,96
g1pre,AM/PM,visual_direction,time_resolved_trial_response,glm_clean,balanced_accuracy,20,0.32347803584136636,1.0351297146923724,0.7592592592592592,,,1,96.0,96,96
g1pre,AM/PM,visual_direction,time_resolved_trial_response,glm_clean,balanced_accuracy,21,0.38817364300963964,1.0351297146923724,0.8222222222222222,,,1,96.0,96,96
g1pre,AM/PM,visual_direction,time_resolved_trial_response,glm_clean,balanced_accuracy,22,0.4528692501779129,1.0351297146923724,0.8166666666666667,,,1,96.0,96,96
g1pre,AM/PM,visual_direction,time_resolved_trial_response,glm_clean,balanced_accuracy,23,0.5175648573461862,1.0351297146923724,0.7574074074074074,,,1,96.0,96,96
g1pre,AM/PM,visual_direction,time_resolved_trial_response,glm_clean,balanced_accuracy,24,0.5822604645144595,1.0351297146923724,0.7074074074074075,,,1,96.0,96,96
g1pre,AM/PM,visual_direction,time_resolved_trial_response,glm_clean,balanced_accuracy,25,0.6469560716827327,1.0351297146923724,0.675925925925926,,,1,96.0,96,96
g1pre,AM/PM,visual_direction,time_resolved_trial_response,glm_clean,balanced_accuracy,26,0.711651678851006,1.0351297146923724,0.6425925925925926,,,1,96.0,96,96
g1pre,AM/PM,visual_direction,time_resolved_trial_response,glm_clean,balanced_accuracy,27,0.7763472860192793,1.0351297146923724,0.6555555555555556,,,1,96.0,96,96
g1pre,AM/PM,visual_direction,time_resolved_trial_response,glm_clean,balanced_accuracy,28,0.8410428931875525,1.0351297146923724,0.6166666666666667,,,1,96.0,96,96
g1pre,AM/PM,visual_direction,time_resolved_trial_response,glm_clean,balanced_accuracy,29,0.9057385003558258,1.0351297146923724,0.5518518518518519,,,1,96.0,96,96
g1pre,AM/PM,visual_direction,time_resolved_trial_response,glm_clean,balanced_accuracy,30,0.9704341075240991,1.0351297146923724,0.5888888888888889,,,1,96.0,96,96
g1pre,AM/PM,visual_direction,time_resolved_trial_response,glm_clean,balanced_accuracy,31,1.0351297146923724,1.0351297146923724,0.6314814814814815,,,1,96.0,96,96
g1pre,AM/PM,visual_direction,time_resolved_trial_response,glm_clean,balanced_accuracy,32,1.0998253218606455,1.0351297146923724,0.6092592592592592,,,1,96.0,96,96
g1pre,AM/PM,visual_direction,time_resolved_trial_response,glm_clean,balanced_accuracy,33,1.164520929028919,1.0351297146923724,0.6222222222222222,,,1,96.0,96,96
g1pre,AM/PM,visual_direction,time_resolved_trial_response,glm_clean,balanced_accuracy,34,1.229216536197192,1.0351297146923724,0.6537037037037037,,,1,96.0,96,96
g1pre,AM/PM,visual_direction,time_resolved_trial_response,glm_clean,balanced_accuracy,35,1.2939121433654655,1.0351297146923724,0.6222222222222222,,,1,96.0,96,96
g1pre,AM/PM,visual_direction,time_resolved_trial_response,glm_clean,balanced_accuracy,36,1.3586077505337386,1.0351297146923724,0.6611111111111111,,,1,96.0,96,96
g1pre,AM/PM,visual_direction,time_resolved_trial_response,glm_clean,balanced_accuracy,37,1.423303357702012,1.0351297146923724,0.5925925925925926,,,1,96.0,96,96
g1pre,AM/PM,visual_direction,time_resolved_trial_response,glm_clean,balanced_accuracy,38,1.4879989648702852,1.0351297146923724,0.5740740740740742,,,1,96.0,96,96
g1pre,AM/PM,visual_direction,time_resolved_trial_response,glm_clean,balanced_accuracy,39,1.5526945720385585,1.0351297146923724,0.548148148148148,,,1,96.0,96,96
g1pre,AM/PM,visual_direction,time_resolved_trial_response,glm_clean,balanced_accuracy,40,1.6173901792068317,1.0351297146923724,0.5740740740740741,,,1,96.0,96,96
g1pre,AM/PM,visual_direction,time_resolved_trial_response,glm_clean,balanced_accuracy,41,1.682085786375105,1.0351297146923724,0.5518518518518518,,,1,96.0,96,96
g1pre,AM/PM,visual_direction,time_resolved_trial_response,glm_clean,balanced_accuracy,42,1.7467813935433782,1.0351297146923724,0.5,,,1,96.0,96,96
g1pre,AM/PM,visual_direction,time_resolved_trial_response,glm_clean,balanced_accuracy,43,1.8114770007116516,1.0351297146923724,0.5777777777777777,,,1,96.0,96,96
g1pre,AM/PM,visual_direction,time_resolved_trial_response,glm_clean,balanced_accuracy,44,1.8761726078799248,1.0351297146923724,0.5240740740740741,,,1,96.0,96,96
g1pre,AM/PM,visual_direction,time_resolved_trial_response,glm_clean,balanced_accuracy,45,1.9408682150481982,1.0351297146923724,0.512962962962963,,,1,96.0,96,96
g1pre,AM/PM,visual_direction,time_resolved_trial_response,glm_clean,balanced_accuracy,46,2.0055638222164713,1.0351297146923724,0.5055555555555555,,,1,96.0,96,96
g1pre,LM,auditory_direction,time_resolved_trial_response,glm_clean,balanced_accuracy,0,-0.9704341075240991,1.0351297146923724,0.4712962962962963,0.045830995076905925,0.032407407407407454,2,54.5,45,64
g1pre,LM,auditory_direction,time_resolved_trial_response,glm_clean,balanced_accuracy,1,-0.9057385003558258,1.0351297146923724,0.5101851851851851,0.001309457002197371,0.0009259259259259689,2,54.5,45,64
g1pre,LM,auditory_direction,time_resolved_trial_response,glm_clean,balanced_accuracy,2,-0.8410428931875525,1.0351297146923724,0.4833333333333334,0.028808054048340886,0.020370370370370414,2,54.5,45,64
g1pre,LM,auditory_direction,time_resolved_trial_response,glm_clean,balanced_accuracy,3,-0.7763472860192793,1.0351297146923724,0.5138888888888888,0.009166199015381205,0.006481481481481505,2,54.5,45,64
g1pre,LM,auditory_direction,time_resolved_trial_response,glm_clean,balanced_accuracy,4,-0.711651678851006,1.0351297146923724,0.5222222222222223,0.01833239803076233,0.012962962962962954,2,54.5,45,64
g1pre,LM,auditory_direction,time_resolved_trial_response,glm_clean,balanced_accuracy,5,-0.6469560716827327,1.0351297146923724,0.5,0.06023502210107618,0.04259259259259253,2,54.5,45,64
g1pre,LM,auditory_direction,time_resolved_trial_response,glm_clean,balanced_accuracy,6,-0.5822604645144595,1.0351297146923724,0.5083333333333333,0.003928371006591799,0.0027777777777776846,2,54.5,45,64
g1pre,LM,auditory_direction,time_resolved_trial_response,glm_clean,balanced_accuracy,7,-0.5175648573461862,1.0351297146923724,0.5083333333333333,0.08511470514282522,0.06018518518518523,2,54.5,45,64
g1pre,LM,auditory_direction,time_resolved_trial_response,glm_clean,balanced_accuracy,8,-0.4528692501779129,1.0351297146923724,0.5111111111111111,0.03142696805273537,0.02222222222222217,2,54.5,45,64
g1pre,LM,auditory_direction,time_resolved_trial_response,glm_clean,balanced_accuracy,9,-0.38817364300963964,1.0351297146923724,0.5120370370370371,0.01702294102856504,0.01203703703703704,2,54.5,45,64
g1pre,LM,auditory_direction,time_resolved_trial_response,glm_clean,balanced_accuracy,10,-0.32347803584136636,1.0351297146923724,0.5185185185185185,0.00523782800878917,0.0037037037037036535,2,54.5,45,64
g1pre,LM,auditory_direction,time_resolved_trial_response,glm_clean,balanced_accuracy,11,-0.2587824286730931,1.0351297146923724,0.5157407407407407,0.061544479103273576,0.04351851851851851,2,54.5,45,64
g1pre,LM,auditory_direction,time_resolved_trial_response,glm_clean,balanced_accuracy,12,-0.19408682150481982,1.0351297146923724,0.5194444444444445,0.03535533905932741,0.025000000000000022,2,54.5,45,64
g1pre,LM,auditory_direction,time_resolved_trial_response,glm_clean,balanced_accuracy,13,-0.12939121433654655,1.0351297146923724,0.5351851851851852,0.03666479606152466,0.025925925925925908,2,54.5,45,64
g1pre,LM,auditory_direction,time_resolved_trial_response,glm_clean,balanced_accuracy,14,-0.06469560716827327,1.0351297146923724,0.49722222222222223,0.03011751105053808,0.021296296296296258,2,54.5,45,64
g1pre,LM,auditory_direction,time_resolved_trial_response,glm_clean,balanced_accuracy,15,0.0,1.0351297146923724,0.4842592592592593,0.006547285010986639,0.004629629629629692,2,54.5,45,64
g1pre,LM,auditory_direction,time_resolved_trial_response,glm_clean,balanced_accuracy,16,0.06469560716827327,1.0351297146923724,0.5055555555555555,0.03666479606152468,0.02592592592592592,2,54.5,45,64
g1pre,LM,auditory_direction,time_resolved_trial_response,glm_clean,balanced_accuracy,17,0.12939121433654655,1.0351297146923724,0.5444444444444445,0.013094570021973043,0.009259259259259217,2,54.5,45,64
g1pre,LM,auditory_direction,time_resolved_trial_response,glm_clean,balanced_accuracy,18,0.19408682150481982,1.0351297146923724,0.4842592592592593,0.019641855032959583,0.01388888888888884,2,54.5,45,64
g1pre,LM,auditory_direction,time_resolved_trial_response,glm_clean,balanced_accuracy,19,0.2587824286730931,1.0351297146923724,0.49907407407407406,0.0013094570021973317,0.0009259259259259411,2,54.5,45,64
g1pre,LM,auditory_direction,time_resolved_trial_response,glm_clean,balanced_accuracy,20,0.32347803584136636,1.0351297146923724,0.5,0.0026189140043946044,0.0018518518518518406,2,54.5,45,64
g1pre,LM,auditory_direction,time_resolved_trial_response,glm_clean,balanced_accuracy,21,0.38817364300963964,1.0351297146923724,0.4907407407407407,0.020951312035156995,0.014814814814814836,2,54.5,45,64
g1pre,LM,auditory_direction,time_resolved_trial_response,glm_clean,balanced_accuracy,22,0.4528692501779129,1.0351297146923724,0.5037037037037038,0.041902624070314004,0.029629629629629686,2,54.5,45,64
g1pre,LM,auditory_direction,time_resolved_trial_response,glm_clean,balanced_accuracy,23,0.5175648573461862,1.0351297146923724,0.5018518518518519,0.00523782800878919,0.0037037037037036674,2,54.5,45,64
g1pre,LM,auditory_direction,time_resolved_trial_response,glm_clean,balanced_accuracy,24,0.5822604645144595,1.0351297146923724,0.5342592592592592,0.019641855032959583,0.01388888888888884,2,54.5,45,64
g1pre,LM,auditory_direction,time_resolved_trial_response,glm_clean,balanced_accuracy,25,0.6469560716827327,1.0351297146923724,0.48703703703703705,0.015713484026367668,0.011111111111111072,2,54.5,45,64
g1pre,LM,auditory_direction,time_resolved_trial_response,glm_clean,balanced_accuracy,26,0.711651678851006,1.0351297146923724,0.4925925925925926,0.010475656017578635,0.007407407407407515,2,54.5,45,64
g1pre,LM,auditory_direction,time_resolved_trial_response,glm_clean,balanced_accuracy,27,0.7763472860192793,1.0351297146923724,0.5092592592592592,0.04190262407031397,0.02962962962962966,2,54.5,45,64
g1pre,LM,auditory_direction,time_resolved_trial_response,glm_clean,balanced_accuracy,28,0.8410428931875525,1.0351297146923724,0.4935185185185185,0.009166199015381165,0.006481481481481477,2,54.5,45,64
g1pre,LM,auditory_direction,time_resolved_trial_response,glm_clean,balanced_accuracy,29,0.9057385003558258,1.0351297146923724,0.4962962962962963,0.07594850612744405,0.05370370370370375,2,54.5,45,64
g1pre,LM,auditory_direction,time_resolved_trial_response,glm_clean,balanced_accuracy,30,0.9704341075240991,1.0351297146923724,0.5157407407407408,0.009166199015381125,0.006481481481481449,2,54.5,45,64
g1pre,LM,auditory_direction,time_resolved_trial_response,glm_clean,balanced_accuracy,31,1.0351297146923724,1.0351297146923724,0.5120370370370371,0.08773361914721987,0.0620370370370371,2,54.5,45,64
g1pre,LM,auditory_direction,time_resolved_trial_response,glm_clean,balanced_accuracy,32,1.0998253218606455,1.0351297146923724,0.5138888888888888,0.0013094570021972532,0.0009259259259258856,2,54.5,45,64
g1pre,LM,auditory_direction,time_resolved_trial_response,glm_clean,balanced_accuracy,33,1.164520929028919,1.0351297146923724,0.5351851851851852,0.013094570021973121,0.009259259259259273,2,54.5,45,64
g1pre,LM,auditory_direction,time_resolved_trial_response,glm_clean,balanced_accuracy,34,1.229216536197192,1.0351297146923724,0.512962962962963,0.007856742013183834,0.005555555555555536,2,54.5,45,64
g1pre,LM,auditory_direction,time_resolved_trial_response,glm_clean,balanced_accuracy,35,1.2939121433654655,1.0351297146923724,0.5287037037037037,0.03535533905932729,0.02499999999999994,2,54.5,45,64
g1pre,LM,auditory_direction,time_resolved_trial_response,glm_clean,balanced_accuracy,36,1.3586077505337386,1.0351297146923724,0.5296296296296297,0.026189140043946204,0.018518518518518517,2,54.5,45,64
g1pre,LM,auditory_direction,time_resolved_trial_response,glm_clean,balanced_accuracy,37,1.423303357702012,1.0351297146923724,0.4925925925925926,0.04190262407031397,0.02962962962962966,2,54.5,45,64
g1pre,LM,auditory_direction,time_resolved_trial_response,glm_clean,balanced_accuracy,38,1.4879989648702852,1.0351297146923724,0.48611111111111116,0.0065472850109865805,0.00462962962962965,2,54.5,45,64
g1pre,LM,auditory_direction,time_resolved_trial_response,glm_clean,balanced_accuracy,39,1.5526945720385585,1.0351297146923724,0.4972222222222223,0.014404027024170492,0.010185185185185242,2,54.5,45,64
g1pre,LM,auditory_direction,time_resolved_trial_response,glm_clean,balanced_accuracy,40,1.6173901792068317,1.0351297146923724,0.512962962962963,0.01833239803076233,0.012962962962962954,2,54.5,45,64
g1pre,LM,auditory_direction,time_resolved_trial_response,glm_clean,balanced_accuracy,41,1.682085786375105,1.0351297146923724,0.513888888888889,0.019641855032959742,0.01388888888888895,2,54.5,45,64
g1pre,LM,auditory_direction,time_resolved_trial_response,glm_clean,balanced_accuracy,42,1.7467813935433782,1.0351297146923724,0.5,0.020951312035157054,0.014814814814814878,2,54.5,45,64
g1pre,LM,auditory_direction,time_resolved_trial_response,glm_clean,balanced_accuracy,43,1.8114770007116516,1.0351297146923724,0.5444444444444444,0.03142696805273549,0.022222222222222254,2,54.5,45,64
g1pre,LM,auditory_direction,time_resolved_trial_response,glm_clean,balanced_accuracy,44,1.8761726078799248,1.0351297146923724,0.4861111111111111,0.04583099507690583,0.032407407407407385,2,54.5,45,64
g1pre,LM,auditory_direction,time_resolved_trial_response,glm_clean,balanced_accuracy,45,1.9408682150481982,1.0351297146923724,0.5194444444444444,0.011785113019775868,0.008333333333333387,2,54.5,45,64
g1pre,LM,auditory_direction,time_resolved_trial_response,glm_clean,balanced_accuracy,46,2.0055638222164713,1.0351297146923724,0.5120370370370371,0.003928371006591917,0.002777777777777768,2,54.5,45,64
g1pre,LM,congruency,time_resolved_trial_response,glm_clean,balanced_accuracy,0,-0.9704341075240991,1.0351297146923724,0.5277777777777778,0.04714045207910316,0.033333333333333326,2,54.5,45,64
g1pre,LM,congruency,time_resolved_trial_response,glm_clean,balanced_accuracy,1,-0.9057385003558258,1.0351297146923724,0.526388888888889,0.017677669529663743,0.012500000000000039,2,54.5,45,64
g1pre,LM,congruency,time_resolved_trial_response,glm_clean,balanced_accuracy,2,-0.8410428931875525,1.0351297146923724,0.475,0.01964185503295972,0.013888888888888937,2,54.5,45,64
g1pre,LM,congruency,time_resolved_trial_response,glm_clean,balanced_accuracy,3,-0.7763472860192793,1.0351297146923724,0.49027777777777787,0.06088975060217495,0.04305555555555557,2,54.5,45,64
g1pre,LM,congruency,time_resolved_trial_response,glm_clean,balanced_accuracy,4,-0.711651678851006,1.0351297146923724,0.5138888888888888,0.011785113019775868,0.008333333333333387,2,54.5,45,64
g1pre,LM,congruency,time_resolved_trial_response,glm_clean,balanced_accuracy,5,-0.6469560716827327,1.0351297146923724,0.4944444444444444,0.027498597046143495,0.01944444444444443,2,54.5,45,64
g1pre,LM,congruency,time_resolved_trial_response,glm_clean,balanced_accuracy,6,-0.5822604645144595,1.0351297146923724,0.5041666666666667,0.03339115355603141,0.02361111111111111,2,54.5,45,64
g1pre,LM,congruency,time_resolved_trial_response,glm_clean,balanced_accuracy,7,-0.5175648573461862,1.0351297146923724,0.5152777777777777,0.06088975060217491,0.04305555555555554,2,54.5,45,64
g1pre,LM,congruency,time_resolved_trial_response,glm_clean,balanced_accuracy,8,-0.4528692501779129,1.0351297146923724,0.5041666666666667,0.053033008588991036,0.03749999999999998,2,54.5,45,64
g1pre,LM,congruency,time_resolved_trial_response,glm_clean,balanced_accuracy,9,-0.38817364300963964,1.0351297146923724,0.5472222222222223,0.007856742013183834,0.005555555555555536,2,54.5,45,64
g1pre,LM,congruency,time_resolved_trial_response,glm_clean,balanced_accuracy,10,-0.32347803584136636,1.0351297146923724,0.49444444444444446,0.019641855032959742,0.01388888888888895,2,54.5,45,64
g1pre,LM,congruency,time_resolved_trial_response,glm_clean,balanced_accuracy,11,-0.2587824286730931,1.0351297146923724,0.48333333333333334,0.007856742013183756,0.00555555555555548,2,54.5,45,64
g1pre,LM,congruency,time_resolved_trial_response,glm_clean,balanced_accuracy,12,-0.19408682150481982,1.0351297146923724,0.4819444444444444,0.037319524562623343,0.026388888888888892,2,54.5,45,64
g1pre,LM,congruency,time_resolved_trial_response,glm_clean,balanced_accuracy,13,-0.12939121433654655,1.0351297146923724,0.4722222222222222,0.027498597046143554,0.019444444444444473,2,54.5,45,64
g1pre,LM,congruency,time_resolved_trial_response,glm_clean,balanced_accuracy,14,-0.06469560716827327,1.0351297146923724,0.4861111111111111,0.02357022603955158,0.016666666666666663,2,54.5,45,64
g1pre,LM,congruency,time_resolved_trial_response,glm_clean,balanced_accuracy,15,0.0,1.0351297146923724,0.4861111111111111,0.027498597046143495,0.01944444444444443,2,54.5,45,64
g1pre,LM,congruency,time_resolved_trial_response,glm_clean,balanced_accuracy,16,0.06469560716827327,1.0351297146923724,0.4736111111111111,0.009820927516479791,0.00694444444444442,2,54.5,45,64
g1pre,LM,congruency,time_resolved_trial_response,glm_clean,balanced_accuracy,17,0.12939121433654655,1.0351297146923724,0.5055555555555555,0.03535533905932737,0.024999999999999994,2,54.5,45,64
g1pre,LM,congruency,time_resolved_trial_response,glm_clean,balanced_accuracy,18,0.19408682150481982,1.0351297146923724,0.5069444444444444,0.0216060405362557,0.015277777777777835,2,54.5,45,64
g1pre,LM,congruency,time_resolved_trial_response,glm_clean,balanced_accuracy,19,0.2587824286730931,1.0351297146923724,0.47916666666666674,0.03731952456262343,0.026388888888888948,2,54.5,45,64
g1pre,LM,congruency,time_resolved_trial_response,glm_clean,balanced_accuracy,20,0.32347803584136636,1.0351297146923724,0.4847222222222222,0.02160604053625562,0.015277777777777779,2,54.5,45,64
g1pre,LM,congruency,time_resolved_trial_response,glm_clean,balanced_accuracy,21,0.38817364300963964,1.0351297146923724,0.47361111111111115,0.005892556509887953,0.004166666666666707,2,54.5,45,64
g1pre,LM,congruency,time_resolved_trial_response,glm_clean,balanced_accuracy,22,0.4528692501779129,1.0351297146923724,0.47916666666666663,0.04517626657580714,0.0319444444444444,2,54.5,45,64
g1pre,LM,congruency,time_resolved_trial_response,glm_clean,balanced_accuracy,23,0.5175648573461862,1.0351297146923724,0.5013888888888889,0.025534411542847614,0.018055555555555602,2,54.5,45,64
g1pre,LM,congruency,time_resolved_trial_response,glm_clean,balanced_accuracy,24,0.5822604645144595,1.0351297146923724,0.5027777777777778,0.02357022603955154,0.016666666666666635,2,54.5,45,64
g1pre,LM,congruency,time_resolved_trial_response,glm_clean,balanced_accuracy,25,0.6469560716827327,1.0351297146923724,0.538888888888889,0.003928371006591917,0.002777777777777768,2,54.5,45,64
g1pre,LM,congruency,time_resolved_trial_response,glm_clean,balanced_accuracy,26,0.711651678851006,1.0351297146923724,0.4972222222222221,0.05106882308569501,0.03611111111111105,2,54.5,45,64
g1pre,LM,congruency,time_resolved_trial_response,glm_clean,balanced_accuracy,27,0.7763472860192793,1.0351297146923724,0.4736111111111112,0.033391153556031505,0.02361111111111118,2,54.5,45,64
g1pre,LM,congruency,time_resolved_trial_response,glm_clean,balanced_accuracy,28,0.8410428931875525,1.0351297146923724,0.48472222222222217,0.00982092751647989,0.006944444444444489,2,54.5,45,64
g1pre,LM,congruency,time_resolved_trial_response,glm_clean,balanced_accuracy,29,0.9057385003558258,1.0351297146923724,0.5013888888888889,0.029462782549439532,0.02083333333333337,2,54.5,45,64
g1pre,LM,congruency,time_resolved_trial_response,glm_clean,balanced_accuracy,30,0.9704341075240991,1.0351297146923724,0.47777777777777775,0.03928371006591926,0.02777777777777775,2,54.5,45,64
g1pre,LM,congruency,time_resolved_trial_response,glm_clean,balanced_accuracy,31,1.0351297146923724,1.0351297146923724,0.4777777777777778,0.019641855032959663,0.013888888888888895,2,54.5,45,64
g1pre,LM,congruency,time_resolved_trial_response,glm_clean,balanced_accuracy,32,1.0998253218606455,1.0351297146923724,0.4972222222222223,0.02357022603955158,0.016666666666666663,2,54.5,45,64
g1pre,LM,congruency,time_resolved_trial_response,glm_clean,balanced_accuracy,33,1.164520929028919,1.0351297146923724,0.5208333333333334,0.029462782549439532,0.02083333333333337,2,54.5,45,64
g1pre,LM,congruency,time_resolved_trial_response,glm_clean,balanced_accuracy,34,1.229216536197192,1.0351297146923724,0.4819444444444444,0.06088975060217481,0.04305555555555547,2,54.5,45,64
g1pre,LM,congruency,time_resolved_trial_response,glm_clean,balanced_accuracy,35,1.2939121433654655,1.0351297146923724,0.48472222222222217,0.053033008588990974,0.037499999999999936,2,54.5,45,64
g1pre,LM,congruency,time_resolved_trial_response,glm_clean,balanced_accuracy,36,1.3586077505337386,1.0351297146923724,0.5277777777777779,0.015713484026367706,0.0111111111111111,2,54.5,45,64
g1pre,LM,congruency,time_resolved_trial_response,glm_clean,balanced_accuracy,37,1.423303357702012,1.0351297146923724,0.4597222222222222,0.0019641855032959585,0.001388888888888884,2,54.5,45,64
g1pre,LM,congruency,time_resolved_trial_response,glm_clean,balanced_accuracy,38,1.4879989648702852,1.0351297146923724,0.4666666666666667,0.027498597046143554,0.019444444444444473,2,54.5,45,64
g1pre,LM,congruency,time_resolved_trial_response,glm_clean,balanced_accuracy,39,1.5526945720385585,1.0351297146923724,0.4805555555555555,0.043212081072511184,0.030555555555555516,2,54.5,45,64
g1pre,LM,congruency,time_resolved_trial_response,glm_clean,balanced_accuracy,40,1.6173901792068317,1.0351297146923724,0.45833333333333337,0.007856742013183834,0.005555555555555536,2,54.5,45,64
g1pre,LM,congruency,time_resolved_trial_response,glm_clean,balanced_accuracy,41,1.682085786375105,1.0351297146923724,0.45,0.003928371006591917,0.002777777777777768,2,54.5,45,64
g1pre,LM,congruency,time_resolved_trial_response,glm_clean,balanced_accuracy,42,1.7467813935433782,1.0351297146923724,0.47777777777777775,0.003928371006591917,0.002777777777777768,2,54.5,45,64
g1pre,LM,congruency,time_resolved_trial_response,glm_clean,balanced_accuracy,43,1.8114770007116516,1.0351297146923724,0.47638888888888886,0.06481812160876689,0.04583333333333335,2,54.5,45,64
g1pre,LM,congruency,time_resolved_trial_response,glm_clean,balanced_accuracy,44,1.8761726078799248,1.0351297146923724,0.4819444444444444,0.0019641855032959585,0.001388888888888884,2,54.5,45,64
g1pre,LM,congruency,time_resolved_trial_response,glm_clean,balanced_accuracy,45,1.9408682150481982,1.0351297146923724,0.4722222222222222,0.06285393610547088,0.04444444444444444,2,54.5,45,64
g1pre,LM,congruency,time_resolved_trial_response,glm_clean,balanced_accuracy,46,2.0055638222164713,1.0351297146923724,0.4638888888888889,0.05892556509887897,0.04166666666666667,2,54.5,45,64
g1pre,LM,modality,time_resolved_trial_response,glm_clean,balanced_accuracy,0,-0.9704341075240991,1.0351297146923724,0.337037037037037,0.01833239803076233,0.012962962962962954,2,54.5,45,64
g1pre,LM,modality,time_resolved_trial_response,glm_clean,balanced_accuracy,1,-0.9057385003558258,1.0351297146923724,0.32592592592592595,0.019641855032959663,0.013888888888888895,2,54.5,45,64
g1pre,LM,modality,time_resolved_trial_response,glm_clean,balanced_accuracy,2,-0.8410428931875525,1.0351297146923724,0.33333333333333337,0.017022941028565056,0.012037037037037054,2,54.5,45,64
g1pre,LM,modality,time_resolved_trial_response,glm_clean,balanced_accuracy,3,-0.7763472860192793,1.0351297146923724,0.3287037037037037,0.007856742013183893,0.0055555555555555775,2,54.5,45,64
g1pre,LM,modality,time_resolved_trial_response,glm_clean,balanced_accuracy,4,-0.711651678851006,1.0351297146923724,0.32546296296296295,0.013749298523071708,0.009722222222222188,2,54.5,45,64
g1pre,LM,modality,time_resolved_trial_response,glm_clean,balanced_accuracy,5,-0.6469560716827327,1.0351297146923724,0.3300925925925926,0.007202013512085148,0.005092592592592551,2,54.5,45,64
g1pre,LM,modality,time_resolved_trial_response,glm_clean,balanced_accuracy,6,-0.5822604645144595,1.0351297146923724,0.3310185185185185,0.009820927516479791,0.00694444444444442,2,54.5,45,64
g1pre,LM,modality,time_resolved_trial_response,glm_clean,balanced_accuracy,7,-0.5175648573461862,1.0351297146923724,0.32777777777777783,0.020951312035157054,0.014814814814814878,2,54.5,45,64
g1pre,LM,modality,time_resolved_trial_response,glm_clean,balanced_accuracy,8,-0.4528692501779129,1.0351297146923724,0.3398148148148148,0.0026189140043946634,0.0018518518518518823,2,54.5,45,64
g1pre,LM,modality,time_resolved_trial_response,glm_clean,balanced_accuracy,9,-0.38817364300963964,1.0351297146923724,0.3509259259259259,0.019641855032959663,0.013888888888888895,2,54.5,45,64
g1pre,LM,modality,time_resolved_trial_response,glm_clean,balanced_accuracy,10,-0.32347803584136636,1.0351297146923724,0.3375,0.03862898156482062,0.027314814814814792,2,54.5,45,64
g1pre,LM,modality,time_resolved_trial_response,glm_clean,balanced_accuracy,11,-0.2587824286730931,1.0351297146923724,0.33287037037037037,0.0006547285010986266,0.0004629629629629428,2,54.5,45,64
g1pre,LM,modality,time_resolved_trial_response,glm_clean,balanced_accuracy,12,-0.19408682150481982,1.0351297146923724,0.32592592592592595,0.007856742013183834,0.005555555555555536,2,54.5,45,64
g1pre,LM,modality,time_resolved_trial_response,glm_clean,balanced_accuracy,13,-0.12939121433654655,1.0351297146923724,0.3398148148148148,0.0013094570021973122,0.0009259259259259273,2,54.5,45,64
g1pre,LM,modality,time_resolved_trial_response,glm_clean,balanced_accuracy,14,-0.06469560716827327,1.0351297146923724,0.350462962962963,0.020296583534058308,0.014351851851851852,2,54.5,45,64
g1pre,LM,modality,time_resolved_trial_response,glm_clean,balanced_accuracy,15,0.0,1.0351297146923724,0.3296296296296296,0.003928371006591936,0.002777777777777782,2,54.5,45,64
g1pre,LM,modality,time_resolved_trial_response,glm_clean,balanced_accuracy,16,0.06469560716827327,1.0351297146923724,0.3282407407407407,0.022915497538452952,0.01620370370370372,2,54.5,45,64
g1pre,LM,modality,time_resolved_trial_response,glm_clean,balanced_accuracy,17,0.12939121433654655,1.0351297146923724,0.3199074074074074,0.008511470514282539,0.006018518518518534,2,54.5,45,64
g1pre,LM,modality,time_resolved_trial_response,glm_clean,balanced_accuracy,18,0.19408682150481982,1.0351297146923724,0.3819444444444444,0.04386680957360993,0.031018518518518542,2,54.5,45,64
g1pre,LM,modality,time_resolved_trial_response,glm_clean,balanced_accuracy,19,0.2587824286730931,1.0351297146923724,0.49675925925925923,0.21016784885266832,0.14861111111111114,2,54.5,45,64
g1pre,LM,modality,time_resolved_trial_response,glm_clean,balanced_accuracy,20,0.32347803584136636,1.0351297146923724,0.4712962962962963,0.16891995328345308,0.11944444444444448,2,54.5,45,64
g1pre,LM,modality,time_resolved_trial_response,glm_clean,balanced_accuracy,21,0.38817364300963964,1.0351297146923724,0.49212962962962964,0.21671513386365485,0.15324074074074073,2,54.5,45,64
g1pre,LM,modality,time_resolved_trial_response,glm_clean,balanced_accuracy,22,0.4528692501779129,1.0351297146923724,0.49444444444444446,0.17808615229883426,0.12592592592592597,2,54.5,45,64
g1pre,LM,modality,time_resolved_trial_response,glm_clean,balanced_accuracy,23,0.5175648573461862,1.0351297146923724,0.49722222222222223,0.19903746433399114,0.14074074074074072,2,54.5,45,64
g1pre,LM,modality,time_resolved_trial_response,glm_clean,balanced_accuracy,24,0.5822604645144595,1.0351297146923724,0.513425925925926,0.22064350487024684,0.15601851851851856,2,54.5,45,64
g1pre,LM,modality,time_resolved_trial_response,glm_clean,balanced_accuracy,25,0.6469560716827327,1.0351297146923724,0.5125,0.20754893484827364,0.14675925925925923,2,54.5,45,64
g1pre,LM,modality,time_resolved_trial_response,glm_clean,balanced_accuracy,26,0.711651678851006,1.0351297146923724,0.5143518518518518,0.20754893484827366,0.14675925925925926,2,54.5,45,64
g1pre,LM,modality,time_resolved_trial_response,glm_clean,balanced_accuracy,27,0.7763472860192793,1.0351297146923724,0.5111111111111111,0.2160604053625562,0.1527777777777778,2,54.5,45,64
g1pre,LM,modality,time_resolved_trial_response,glm_clean,balanced_accuracy,28,0.8410428931875525,1.0351297146923724,0.5180555555555556,0.1970732788306952,0.13935185185185187,2,54.5,45,64
g1pre,LM,modality,time_resolved_trial_response,glm_clean,balanced_accuracy,29,0.9057385003558258,1.0351297146923724,0.5115740740740741,0.19052599381970858,0.1347222222222222,2,54.5,45,64
g1pre,LM,modality,time_resolved_trial_response,glm_clean,balanced_accuracy,30,0.9704341075240991,1.0351297146923724,0.5300925925925926,0.19576382182849789,0.13842592592592592,2,54.5,45,64
g1pre,LM,modality,time_resolved_trial_response,glm_clean,balanced_accuracy,31,1.0351297146923724,1.0351297146923724,0.5185185185185186,0.2134414913581616,0.15092592592592594,2,54.5,45,64
g1pre,LM,modality,time_resolved_trial_response,glm_clean,balanced_accuracy,32,1.0998253218606455,1.0351297146923724,0.5388888888888889,0.2042752923427803,0.14444444444444438,2,54.5,45,64
g1pre,LM,modality,time_resolved_trial_response,glm_clean,balanced_accuracy,33,1.164520929028919,1.0351297146923724,0.5388888888888889,0.1937996363252018,0.13703703703703696,2,54.5,45,64
g1pre,LM,modality,time_resolved_trial_response,glm_clean,balanced_accuracy,34,1.229216536197192,1.0351297146923724,0.525462962962963,0.1879070798153141,0.13287037037037042,2,54.5,45,64
g1pre,LM,modality,time_resolved_trial_response,glm_clean,balanced_accuracy,35,1.2939121433654655,1.0351297146923724,0.5083333333333333,0.20689420634717495,0.14629629629629626,2,54.5,45,64
g1pre,LM,modality,time_resolved_trial_response,glm_clean,balanced_accuracy,36,1.3586077505337386,1.0351297146923724,0.5217592592592593,0.19445436482630052,0.13749999999999998,2,54.5,45,64
g1pre,LM,modality,time_resolved_trial_response,glm_clean,balanced_accuracy,37,1.423303357702012,1.0351297146923724,0.5055555555555555,0.19903746433399128,0.14074074074074083,2,54.5,45,64
g1pre,LM,modality,time_resolved_trial_response,glm_clean,balanced_accuracy,38,1.4879989648702852,1.0351297146923724,0.5199074074074074,0.22457187587683872,0.1587962962962963,2,54.5,45,64
g1pre,LM,modality,time_resolved_trial_response,glm_clean,balanced_accuracy,39,1.5526945720385585,1.0351297146923724,0.5208333333333333,0.20885839185047103,0.14768518518518522,2,54.5,45,64
g1pre,LM,modality,time_resolved_trial_response,glm_clean,balanced_accuracy,40,1.6173901792068317,1.0351297146923724,0.5337962962962963,0.2010016498372871,0.14212962962962963,2,54.5,45,64
g1pre,LM,modality,time_resolved_trial_response,glm_clean,balanced_accuracy,41,1.682085786375105,1.0351297146923724,0.5162037037037037,0.2062394778460764,0.14583333333333337,2,54.5,45,64
g1pre,LM,modality,time_resolved_trial_response,glm_clean,balanced_accuracy,42,1.7467813935433782,1.0351297146923724,0.5277777777777778,0.1911807223208073,0.13518518518518519,2,54.5,45,64
g1pre,LM,modality,time_resolved_trial_response,glm_clean,balanced_accuracy,43,1.8114770007116516,1.0351297146923724,0.5064814814814815,0.18856180831641267,0.13333333333333333,2,54.5,45,64
g1pre,LM,modality,time_resolved_trial_response,glm_clean,balanced_accuracy,44,1.8761726078799248,1.0351297146923724,0.5069444444444444,0.21409621985926025,0.1513888888888889,2,54.5,45,64
g1pre,LM,modality,time_resolved_trial_response,glm_clean,balanced_accuracy,45,1.9408682150481982,1.0351297146923724,0.5046296296296297,0.18987126531861004,0.1342592592592593,2,54.5,45,64
g1pre,LM,modality,time_resolved_trial_response,glm_clean,balanced_accuracy,46,2.0055638222164713,1.0351297146923724,0.4888888888888889,0.20034692133618845,0.14166666666666666,2,54.5,45,64
g1pre,LM,trial_type,time_resolved_trial_response,glm_clean,balanced_accuracy,0,-0.9704341075240991,1.0351297146923724,0.12777777777777777,0.011785113019775799,0.008333333333333338,2,54.5,45,64
g1pre,LM,trial_type,time_resolved_trial_response,glm_clean,balanced_accuracy,1,-0.9057385003558258,1.0351297146923724,0.12222222222222222,0.001964185503295978,0.0013888888888888978,2,54.5,45,64
g1pre,LM,trial_type,time_resolved_trial_response,glm_clean,balanced_accuracy,2,-0.8410428931875525,1.0351297146923724,0.13541666666666669,0.016695576778015715,0.011805555555555562,2,54.5,45,64
g1pre,LM,trial_type,time_resolved_trial_response,glm_clean,balanced_accuracy,3,-0.7763472860192793,1.0351297146923724,0.1201388888888889,0.014731391274719733,0.010416666666666661,2,54.5,45,64
g1pre,LM,trial_type,time_resolved_trial_response,glm_clean,balanced_accuracy,4,-0.711651678851006,1.0351297146923724,0.12777777777777777,0.01178511301977579,0.008333333333333331,2,54.5,45,64
g1pre,LM,trial_type,time_resolved_trial_response,glm_clean,balanced_accuracy,5,-0.6469560716827327,1.0351297146923724,0.13402777777777777,0.014731391274719726,0.010416666666666657,2,54.5,45,64
g1pre,LM,trial_type,time_resolved_trial_response,glm_clean,balanced_accuracy,6,-0.5822604645144595,1.0351297146923724,0.11666666666666665,0.015713484026367727,0.011111111111111113,2,54.5,45,64
g1pre,LM,trial_type,time_resolved_trial_response,glm_clean,balanced_accuracy,7,-0.5175648573461862,1.0351297146923724,0.14305555555555555,0.01964185503295962,0.013888888888888867,2,54.5,45,64
g1pre,LM,trial_type,time_resolved_trial_response,glm_clean,balanced_accuracy,8,-0.4528692501779129,1.0351297146923724,0.10694444444444445,0.01571348402636772,0.01111111111111111,2,54.5,45,64
g1pre,LM,trial_type,time_resolved_trial_response,glm_clean,balanced_accuracy,9,-0.38817364300963964,1.0351297146923724,0.12222222222222223,0.013749298523071763,0.009722222222222226,2,54.5,45,64
g1pre,LM,trial_type,time_resolved_trial_response,glm_clean,balanced_accuracy,10,-0.32347803584136636,1.0351297146923724,0.14305555555555555,0.0,0.0,2,54.5,45,64
g1pre,LM,trial_type,time_resolved_trial_response,glm_clean,balanced_accuracy,11,-0.2587824286730931,1.0351297146923724,0.14027777777777778,0.005892556509887875,0.004166666666666652,2,54.5,45,64
g1pre,LM,trial_type,time_resolved_trial_response,glm_clean,balanced_accuracy,12,-0.19408682150481982,1.0351297146923724,0.12291666666666666,0.002946278254943957,0.00208333333333334,2,54.5,45,64
g1pre,LM,trial_type,time_resolved_trial_response,glm_clean,balanced_accuracy,13,-0.12939121433654655,1.0351297146923724,0.1388888888888889,0.007856742013183843,0.005555555555555543,2,54.5,45,64
g1pre,LM,trial_type,time_resolved_trial_response,glm_clean,balanced_accuracy,14,-0.06469560716827327,1.0351297146923724,0.13611111111111113,0.00982092751647982,0.006944444444444441,2,54.5,45,64
g1pre,LM,trial_type,time_resolved_trial_response,glm_clean,balanced_accuracy,15,0.0,1.0351297146923724,0.13124999999999998,0.018659762281311672,0.013194444444444446,2,54.5,45,64
g1pre,LM,trial_type,time_resolved_trial_response,glm_clean,balanced_accuracy,16,0.06469560716827327,1.0351297146923724,0.12013888888888889,0.024552318791199578,0.01736111111111112,2,54.5,45,64
g1pre,LM,trial_type,time_resolved_trial_response,glm_clean,balanced_accuracy,17,0.12939121433654655,1.0351297146923724,0.13263888888888886,0.0009820927516479498,0.0006944444444444212,2,54.5,45,64
g1pre,LM,trial_type,time_resolved_trial_response,glm_clean,balanced_accuracy,18,0.19408682150481982,1.0351297146923724,0.15833333333333333,0.017677669529663705,0.012500000000000011,2,54.5,45,64
g1pre,LM,trial_type,time_resolved_trial_response,glm_clean,balanced_accuracy,19,0.2587824286730931,1.0351297146923724,0.19861111111111113,0.08642416214502248,0.061111111111111116,2,54.5,45,64
g1pre,LM,trial_type,time_resolved_trial_response,glm_clean,balanced_accuracy,20,0.32347803584136636,1.0351297146923724,0.18194444444444444,0.10606601717798213,0.075,2,54.5,45,64
g1pre,LM,trial_type,time_resolved_trial_response,glm_clean,balanced_accuracy,21,0.38817364300963964,1.0351297146923724,0.2277777777777778,0.1394571707340136,0.09861111111111115,2,54.5,45,64
g1pre,LM,trial_type,time_resolved_trial_response,glm_clean,balanced_accuracy,22,0.4528692501779129,1.0351297146923724,0.21944444444444444,0.1316004287208297,0.09305555555555556,2,54.5,45,64
g1pre,LM,trial_type,time_resolved_trial_response,glm_clean,balanced_accuracy,23,0.5175648573461862,1.0351297146923724,0.22986111111111113,0.1581169330153252,0.11180555555555556,2,54.5,45,64
g1pre,LM,trial_type,time_resolved_trial_response,glm_clean,balanced_accuracy,24,0.5822604645144595,1.0351297146923724,0.26458333333333334,0.15418856200873335,0.10902777777777783,2,54.5,45,64
g1pre,LM,trial_type,time_resolved_trial_response,glm_clean,balanced_accuracy,25,0.6469560716827327,1.0351297146923724,0.2743055555555555,0.18365134455817272,0.1298611111111111,2,54.5,45,64
g1pre,LM,trial_type,time_resolved_trial_response,glm_clean,balanced_accuracy,26,0.711651678851006,1.0351297146923724,0.23819444444444446,0.12079740845270187,0.08541666666666667,2,54.5,45,64
g1pre,LM,trial_type,time_resolved_trial_response,glm_clean,balanced_accuracy,27,0.7763472860192793,1.0351297146923724,0.2465277777777778,0.13651089247906958,0.09652777777777778,2,54.5,45,64
g1pre,LM,trial_type,time_resolved_trial_response,glm_clean,balanced_accuracy,28,0.8410428931875525,1.0351297146923724,0.2493055555555555,0.1620453040219171,0.11458333333333331,2,54.5,45,64
g1pre,LM,trial_type,time_resolved_trial_response,glm_clean,balanced_accuracy,29,0.9057385003558258,1.0351297146923724,0.2513888888888889,0.14142135623730948,0.09999999999999998,2,54.5,45,64
g1pre,LM,trial_type,time_resolved_trial_response,glm_clean,balanced_accuracy,30,0.9704341075240991,1.0351297146923724,0.27569444444444446,0.12865415046588574,0.09097222222222223,2,54.5,45,64
g1pre,LM,trial_type,time_resolved_trial_response,glm_clean,balanced_accuracy,31,1.0351297146923724,1.0351297146923724,0.2638888888888889,0.15713484026367722,0.1111111111111111,2,54.5,45,64
g1pre,LM,trial_type,time_resolved_trial_response,glm_clean,balanced_accuracy,32,1.0998253218606455,1.0351297146923724,0.26111111111111107,0.1257078722109418,0.08888888888888889,2,54.5,45,64
g1pre,LM,trial_type,time_resolved_trial_response,glm_clean,balanced_accuracy,33,1.164520929028919,1.0351297146923724,0.2736111111111111,0.11785113019775789,0.08333333333333331,2,54.5,45,64
g1pre,LM,trial_type,time_resolved_trial_response,glm_clean,balanced_accuracy,34,1.229216536197192,1.0351297146923724,0.24930555555555556,0.1227615939559978,0.08680555555555554,2,54.5,45,64
g1pre,LM,trial_type,time_resolved_trial_response,glm_clean,balanced_accuracy,35,1.2939121433654655,1.0351297146923724,0.26111111111111107,0.13552879972742157,0.09583333333333331,2,54.5,45,64
g1pre,LM,trial_type,time_resolved_trial_response,glm_clean,balanced_accuracy,36,1.3586077505337386,1.0351297146923724,0.25833333333333336,0.1394571707340135,0.0986111111111111,2,54.5,45,64
g1pre,LM,trial_type,time_resolved_trial_response,glm_clean,balanced_accuracy,37,1.423303357702012,1.0351297146923724,0.2534722222222222,0.15026019100214136,0.10625000000000001,2,54.5,45,64
g1pre,LM,trial_type,time_resolved_trial_response,glm_clean,balanced_accuracy,38,1.4879989648702852,1.0351297146923724,0.2597222222222222,0.14338554174060542,0.10138888888888886,2,54.5,45,64
g1pre,LM,trial_type,time_resolved_trial_response,glm_clean,balanced_accuracy,39,1.5526945720385585,1.0351297146923724,0.2465277777777778,0.13651089247906958,0.09652777777777777,2,54.5,45,64
g1pre,LM,trial_type,time_resolved_trial_response,glm_clean,balanced_accuracy,40,1.6173901792068317,1.0351297146923724,0.26875000000000004,0.13651089247906958,0.09652777777777778,2,54.5,45,64
g1pre,LM,trial_type,time_resolved_trial_response,glm_clean,balanced_accuracy,41,1.682085786375105,1.0351297146923724,0.24861111111111112,0.11195857368787002,0.07916666666666666,2,54.5,45,64
g1pre,LM,trial_type,time_resolved_trial_response,glm_clean,balanced_accuracy,42,1.7467813935433782,1.0351297146923724,0.2631944444444444,0.1482960054988454,0.10486111111111111,2,54.5,45,64
g1pre,LM,trial_type,time_resolved_trial_response,glm_clean,balanced_accuracy,43,1.8114770007116516,1.0351297146923724,0.24722222222222223,0.10606601717798214,0.07500000000000001,2,54.5,45,64
g1pre,LM,trial_type,time_resolved_trial_response,glm_clean,balanced_accuracy,44,1.8761726078799248,1.0351297146923724,0.2347222222222222,0.10410183167468615,0.0736111111111111,2,54.5,45,64
g1pre,LM,trial_type,time_resolved_trial_response,glm_clean,balanced_accuracy,45,1.9408682150481982,1.0351297146923724,0.2361111111111111,0.10017346066809427,0.07083333333333336,2,54.5,45,64
g1pre,LM,trial_type,time_resolved_trial_response,glm_clean,balanced_accuracy,46,2.0055638222164713,1.0351297146923724,0.2326388888888889,0.10508392442633416,0.07430555555555557,2,54.5,45,64
g1pre,LM,visual_direction,time_resolved_trial_response,glm_clean,balanced_accuracy,0,-0.9704341075240991,1.0351297146923724,0.4925925925925926,0.03666479606152468,0.02592592592592592,2,54.5,45,64
g1pre,LM,visual_direction,time_resolved_trial_response,glm_clean,balanced_accuracy,1,-0.9057385003558258,1.0351297146923724,0.5046296296296297,0.0013094570021972532,0.0009259259259258856,2,54.5,45,64
g1pre,LM,visual_direction,time_resolved_trial_response,glm_clean,balanced_accuracy,2,-0.8410428931875525,1.0351297146923724,0.499074074074074,0.019641855032959683,0.013888888888888909,2,54.5,45,64
g1pre,LM,visual_direction,time_resolved_trial_response,glm_clean,balanced_accuracy,3,-0.7763472860192793,1.0351297146923724,0.48240740740740734,0.003928371006591917,0.002777777777777768,2,54.5,45,64
g1pre,LM,visual_direction,time_resolved_trial_response,glm_clean,balanced_accuracy,4,-0.711651678851006,1.0351297146923724,0.5027777777777778,0.014404027024170395,0.010185185185185172,2,54.5,45,64
g1pre,LM,visual_direction,time_resolved_trial_response,glm_clean,balanced_accuracy,5,-0.6469560716827327,1.0351297146923724,0.48888888888888893,0.010475656017578477,0.007407407407407404,2,54.5,45,64
g1pre,LM,visual_direction,time_resolved_trial_response,glm_clean,balanced_accuracy,6,-0.5822604645144595,1.0351297146923724,0.45833333333333337,0.019641855032959604,0.013888888888888853,2,54.5,45,64
g1pre,LM,visual_direction,time_resolved_trial_response,glm_clean,balanced_accuracy,7,-0.5175648573461862,1.0351297146923724,0.5240740740740741,0.04190262407031395,0.029629629629629645,2,54.5,45,64
g1pre,LM,visual_direction,time_resolved_trial_response,glm_clean,balanced_accuracy,8,-0.4528692501779129,1.0351297146923724,0.5083333333333333,0.0013094570021972925,0.0009259259259259134,2,54.5,45,64
g1pre,LM,visual_direction,time_resolved_trial_response,glm_clean,balanced_accuracy,9,-0.38817364300963964,1.0351297146923724,0.4944444444444444,0.04190262407031391,0.029629629629629617,2,54.5,45,64
g1pre,LM,visual_direction,time_resolved_trial_response,glm_clean,balanced_accuracy,10,-0.32347803584136636,1.0351297146923724,0.47685185185185186,0.014404027024170433,0.0101851851851852,2,54.5,45,64
g1pre,LM,visual_direction,time_resolved_trial_response,glm_clean,balanced_accuracy,11,-0.2587824286730931,1.0351297146923724,0.4824074074074074,0.014404027024170414,0.010185185185185186,2,54.5,45,64
g1pre,LM,visual_direction,time_resolved_trial_response,glm_clean,balanced_accuracy,12,-0.19408682150481982,1.0351297146923724,0.4805555555555555,0.03535533905932735,0.02499999999999998,2,54.5,45,64
g1pre,LM,visual_direction,time_resolved_trial_response,glm_clean,balanced_accuracy,13,-0.12939121433654655,1.0351297146923724,0.4944444444444444,0.026189140043946242,0.018518518518518545,2,54.5,45,64
g1pre,LM,visual_direction,time_resolved_trial_response,glm_clean,balanced_accuracy,14,-0.06469560716827327,1.0351297146923724,0.4629629629629629,0.002618914004394644,0.0018518518518518684,2,54.5,45,64
g1pre,LM,visual_direction,time_resolved_trial_response,glm_clean,balanced_accuracy,15,0.0,1.0351297146923724,0.4981481481481481,0.010475656017578477,0.007407407407407404,2,54.5,45,64
g1pre,LM,visual_direction,time_resolved_trial_response,glm_clean,balanced_accuracy,16,0.06469560716827327,1.0351297146923724,0.4972222222222222,0.04583099507690583,0.032407407407407385,2,54.5,45,64
g1pre,LM,visual_direction,time_resolved_trial_response,glm_clean,balanced_accuracy,17,0.12939121433654655,1.0351297146923724,0.5055555555555555,0.034045882057129995,0.024074074074074026,2,54.5,45,64
g1pre,LM,visual_direction,time_resolved_trial_response,glm_clean,balanced_accuracy,18,0.19408682150481982,1.0351297146923724,0.49444444444444446,0.0366647960615246,0.025925925925925866,2,54.5,45,64
g1pre,LM,visual_direction,time_resolved_trial_response,glm_clean,balanced_accuracy,19,0.2587824286730931,1.0351297146923724,0.5620370370370371,0.03273642505493263,0.023148148148148057,2,54.5,45,64
g1pre,LM,visual_direction,time_resolved_trial_response,glm_clean,balanced_accuracy,20,0.32347803584136636,1.0351297146923724,0.5990740740740741,0.1872523513142154,0.13240740740740742,2,54.5,45,64
g1pre,LM,visual_direction,time_resolved_trial_response,glm_clean,balanced_accuracy,21,0.38817364300963964,1.0351297146923724,0.6453703703703704,0.19249017932300455,0.13611111111111107,2,54.5,45,64
g1pre,LM,visual_direction,time_resolved_trial_response,glm_clean,balanced_accuracy,22,0.4528692501779129,1.0351297146923724,0.6564814814814814,0.23177388938892377,0.16388888888888878,2,54.5,45,64
g1pre,LM,visual_direction,time_resolved_trial_response,glm_clean,balanced_accuracy,23,0.5175648573461862,1.0351297146923724,0.6898148148148147,0.2501062874196863,0.1768518518518519,2,54.5,45,64
g1pre,LM,visual_direction,time_resolved_trial_response,glm_clean,balanced_accuracy,24,0.5822604645144595,1.0351297146923724,0.7212962962962963,0.23177388938892377,0.16388888888888878,2,54.5,45,64
g1pre,LM,visual_direction,time_resolved_trial_response,glm_clean,balanced_accuracy,25,0.6469560716827327,1.0351297146923724,0.7212962962962963,0.24486845941089705,0.17314814814814816,2,54.5,45,64
g1pre,LM,visual_direction,time_resolved_trial_response,glm_clean,balanced_accuracy,26,0.711651678851006,1.0351297146923724,0.7268518518518519,0.22129823337134524,0.15648148148148136,2,54.5,45,64
g1pre,LM,visual_direction,time_resolved_trial_response,glm_clean,balanced_accuracy,27,0.7763472860192793,1.0351297146923724,0.7324074074074074,0.18463343730982076,0.13055555555555556,2,54.5,45,64
g1pre,LM,visual_direction,time_resolved_trial_response,glm_clean,balanced_accuracy,28,0.8410428931875525,1.0351297146923724,0.7055555555555556,0.23308334639112127,0.16481481481481486,2,54.5,45,64
g1pre,LM,visual_direction,time_resolved_trial_response,glm_clean,balanced_accuracy,29,0.9057385003558258,1.0351297146923724,0.7222222222222223,0.21998877636914818,0.15555555555555559,2,54.5,45,64
g1pre,LM,visual_direction,time_resolved_trial_response,glm_clean,balanced_accuracy,30,0.9704341075240991,1.0351297146923724,0.7240740740740741,0.20689420634717512,0.14629629629629637,2,54.5,45,64
g1pre,LM,visual_direction,time_resolved_trial_response,glm_clean,balanced_accuracy,31,1.0351297146923724,1.0351297146923724,0.7277777777777777,0.20689420634717495,0.14629629629629626,2,54.5,45,64
g1pre,LM,visual_direction,time_resolved_trial_response,glm_clean,balanced_accuracy,32,1.0998253218606455,1.0351297146923724,0.7648148148148148,0.19118072232080732,0.1351851851851852,2,54.5,45,64
g1pre,LM,visual_direction,time_resolved_trial_response,glm_clean,balanced_accuracy,33,1.164520929028919,1.0351297146923724,0.7435185185185185,0.15058755525269069,0.10648148148148148,2,54.5,45,64
g1pre,LM,visual_direction,time_resolved_trial_response,glm_clean,balanced_accuracy,34,1.229216536197192,1.0351297146923724,0.7231481481481481,0.18201452330542617,0.12870370370370374,2,54.5,45,64
g1pre,LM,visual_direction,time_resolved_trial_response,glm_clean,balanced_accuracy,35,1.2939121433654655,1.0351297146923724,0.7083333333333333,0.18463343730982085,0.13055555555555562,2,54.5,45,64
g1pre,LM,visual_direction,time_resolved_trial_response,glm_clean,balanced_accuracy,36,1.3586077505337386,1.0351297146923724,0.7546296296296295,0.1767766952966369,0.125,2,54.5,45,64
g1pre,LM,visual_direction,time_resolved_trial_response,glm_clean,balanced_accuracy,37,1.423303357702012,1.0351297146923724,0.7361111111111112,0.15320646925708523,0.10833333333333328,2,54.5,45,64
g1pre,LM,visual_direction,time_resolved_trial_response,glm_clean,balanced_accuracy,38,1.4879989648702852,1.0351297146923724,0.7388888888888889,0.17546723829443947,0.124074074074074,2,54.5,45,64
g1pre,LM,visual_direction,time_resolved_trial_response,glm_clean,balanced_accuracy,39,1.5526945720385585,1.0351297146923724,0.7537037037037035,0.16761049628125574,0.11851851851851855,2,54.5,45,64
g1pre,LM,visual_direction,time_resolved_trial_response,glm_clean,balanced_accuracy,40,1.6173901792068317,1.0351297146923724,0.7268518518518519,0.18201452330542608,0.12870370370370368,2,54.5,45,64
g1pre,LM,visual_direction,time_resolved_trial_response,glm_clean,balanced_accuracy,41,1.682085786375105,1.0351297146923724,0.7379629629629629,0.17153886728784756,0.12129629629629624,2,54.5,45,64
g1pre,LM,visual_direction,time_resolved_trial_response,glm_clean,balanced_accuracy,42,1.7467813935433782,1.0351297146923724,0.7351851851851852,0.14665918424609875,0.10370370370370371,2,54.5,45,64
g1pre,LM,visual_direction,time_resolved_trial_response,glm_clean,balanced_accuracy,43,1.8114770007116516,1.0351297146923724,0.7250000000000001,0.1610632112702691,0.11388888888888885,2,54.5,45,64
g1pre,LM,visual_direction,time_resolved_trial_response,glm_clean,balanced_accuracy,44,1.8761726078799248,1.0351297146923724,0.7268518518518519,0.17153886728784784,0.12129629629629643,2,54.5,45,64
g1pre,LM,visual_direction,time_resolved_trial_response,glm_clean,balanced_accuracy,45,1.9408682150481982,1.0351297146923724,0.7064814814814815,0.15582538326148,0.11018518518518525,2,54.5,45,64
g1pre,LM,visual_direction,time_resolved_trial_response,glm_clean,balanced_accuracy,46,2.0055638222164713,1.0351297146923724,0.6981481481481482,0.15451592625928262,0.10925925925925928,2,54.5,45,64
g1pre,V1,auditory_direction,time_resolved_trial_response,glm_clean,balanced_accuracy,0,-0.9704341075240991,1.0351297146923724,0.5059259259259259,0.022237648966337845,0.009944978949701871,5,269.6,146,397
g1pre,V1,auditory_direction,time_resolved_trial_response,glm_clean,balanced_accuracy,1,-0.9057385003558258,1.0351297146923724,0.5018518518518519,0.018748571047515403,0.008384615868645777,5,269.6,146,397
g1pre,V1,auditory_direction,time_resolved_trial_response,glm_clean,balanced_accuracy,2,-0.8410428931875525,1.0351297146923724,0.48,0.02754221102604181,0.012317251220974743,5,269.6,146,397
g1pre,V1,auditory_direction,time_resolved_trial_response,glm_clean,balanced_accuracy,3,-0.7763472860192793,1.0351297146923724,0.4918518518518519,0.04599158985563077,0.020568064262096026,5,269.6,146,397
g1pre,V1,auditory_direction,time_resolved_trial_response,glm_clean,balanced_accuracy,4,-0.711651678851006,1.0351297146923724,0.5059259259259259,0.02149265354437653,0.009611806868415543,5,269.6,146,397
g1pre,V1,auditory_direction,time_resolved_trial_response,glm_clean,balanced_accuracy,5,-0.6469560716827327,1.0351297146923724,0.5037037037037038,0.033256083326051795,0.014872572596489822,5,269.6,146,397
g1pre,V1,auditory_direction,time_resolved_trial_response,glm_clean,balanced_accuracy,6,-0.5822604645144595,1.0351297146923724,0.5185185185185185,0.027373602776100896,0.012241847319287711,5,269.6,146,397
g1pre,V1,auditory_direction,time_resolved_trial_response,glm_clean,balanced_accuracy,7,-0.5175648573461862,1.0351297146923724,0.5025925925925926,0.02591269503661011,0.011588509516416321,5,269.6,146,397
g1pre,V1,auditory_direction,time_resolved_trial_response,glm_clean,balanced_accuracy,8,-0.4528692501779129,1.0351297146923724,0.5092592592592593,0.03131765652831062,0.01400568177865852,5,269.6,146,397
g1pre,V1,auditory_direction,time_resolved_trial_response,glm_clean,balanced_accuracy,9,-0.38817364300963964,1.0351297146923724,0.5055555555555555,0.02078698548207745,0.009296222517045281,5,269.6,146,397
g1pre,V1,auditory_direction,time_resolved_trial_response,glm_clean,balanced_accuracy,10,-0.32347803584136636,1.0351297146923724,0.49370370370370364,0.015854707254077057,0.0070904406366950655,5,269.6,146,397
g1pre,V1,auditory_direction,time_resolved_trial_response,glm_clean,balanced_accuracy,11,-0.2587824286730931,1.0351297146923724,0.4981481481481481,0.04241104626147691,0.018966796487510137,5,269.6,146,397
g1pre,V1,auditory_direction,time_resolved_trial_response,glm_clean,balanced_accuracy,12,-0.19408682150481982,1.0351297146923724,0.4848148148148148,0.016428337123123613,0.007346975712917546,5,269.6,146,397
g1pre,V1,auditory_direction,time_resolved_trial_response,glm_clean,balanced_accuracy,13,-0.12939121433654655,1.0351297146923724,0.497037037037037,0.02663063409221855,0.011909581622824817,5,269.6,146,397
g1pre,V1,auditory_direction,time_resolved_trial_response,glm_clean,balanced_accuracy,14,-0.06469560716827327,1.0351297146923724,0.5014814814814815,0.0033126932999997223,0.0014814814814814966,5,269.6,146,397
g1pre,V1,auditory_direction,time_resolved_trial_response,glm_clean,balanced_accuracy,15,0.0,1.0351297146923724,0.5055555555555555,0.012422599874998845,0.005555555555555561,5,269.6,146,397
g1pre,V1,auditory_direction,time_resolved_trial_response,glm_clean,balanced_accuracy,16,0.06469560716827327,1.0351297146923724,0.5103703703703705,0.02517428958217251,0.011258284558200502,5,269.6,146,397
g1pre,V1,auditory_direction,time_resolved_trial_response,glm_clean,balanced_accuracy,17,0.12939121433654655,1.0351297146923724,0.49296296296296294,0.029027445505806982,0.012981468272831037,5,269.6,146,397
g1pre,V1,auditory_direction,time_resolved_trial_response,glm_clean,balanced_accuracy,18,0.19408682150481982,1.0351297146923724,0.5092592592592593,0.04149140093038532,0.01855551859240792,5,269.6,146,397
g1pre,V1,auditory_direction,time_resolved_trial_response,glm_clean,balanced_accuracy,19,0.2587824286730931,1.0351297146923724,0.4892592592592592,0.03015733775677373,0.013486771448913417,5,269.6,146,397
g1pre,V1,auditory_direction,time_resolved_trial_response,glm_clean,balanced_accuracy,20,0.32347803584136636,1.0351297146923724,0.5274074074074073,0.041890346112125755,0.01873393230154144,5,269.6,146,397
g1pre,V1,auditory_direction,time_resolved_trial_response,glm_clean,balanced_accuracy,21,0.38817364300963964,1.0351297146923724,0.5270370370370371,0.04837198681434976,0.02163261014472191,5,269.6,146,397
g1pre,V1,auditory_direction,time_resolved_trial_response,glm_clean,balanced_accuracy,22,0.4528692501779129,1.0351297146923724,0.5485185185185186,0.06129881386795882,0.027413662949772547,5,269.6,146,397
g1pre,V1,auditory_direction,time_resolved_trial_response,glm_clean,balanced_accuracy,23,0.5175648573461862,1.0351297146923724,0.5314814814814814,0.040656478518703965,0.0181821299387164,5,269.6,146,397
g1pre,V1,auditory_direction,time_resolved_trial_response,glm_clean,balanced_accuracy,24,0.5822604645144595,1.0351297146923724,0.5244444444444445,0.03777959327518512,0.01689554774512157,5,269.6,146,397
g1pre,V1,auditory_direction,time_resolved_trial_response,glm_clean,balanced_accuracy,25,0.6469560716827327,1.0351297146923724,0.5377777777777778,0.04902338402303493,0.021923923832516647,5,269.6,146,397
g1pre,V1,auditory_direction,time_resolved_trial_response,glm_clean,balanced_accuracy,26,0.711651678851006,1.0351297146923724,0.5448148148148149,0.0320054436384902,0.014313269525140459,5,269.6,146,397
g1pre,V1,auditory_direction,time_resolved_trial_response,glm_clean,balanced_accuracy,27,0.7763472860192793,1.0351297146923724,0.5511111111111111,0.053135564389755294,0.023762946799661993,5,269.6,146,397
g1pre,V1,auditory_direction,time_resolved_trial_response,glm_clean,balanced_accuracy,28,0.8410428931875525,1.0351297146923724,0.5144444444444444,0.0547691251023045,0.024493497359388598,5,269.6,146,397
g1pre,V1,auditory_direction,time_resolved_trial_response,glm_clean,balanced_accuracy,29,0.9057385003558258,1.0351297146923724,0.5640740740740741,0.05912310748036191,0.02644065747342311,5,269.6,146,397
g1pre,V1,auditory_direction,time_resolved_trial_response,glm_clean,balanced_accuracy,30,0.9704341075240991,1.0351297146923724,0.5422222222222223,0.04021973254691537,0.017986811202352702,5,269.6,146,397
g1pre,V1,auditory_direction,time_resolved_trial_response,glm_clean,balanced_accuracy,31,1.0351297146923724,1.0351297146923724,0.5451851851851852,0.06628750200309783,0.02964467210751604,5,269.6,146,397
g1pre,V1,auditory_direction,time_resolved_trial_response,glm_clean,balanced_accuracy,32,1.0998253218606455,1.0351297146923724,0.532962962962963,0.05016092074336026,0.022432645719226565,5,269.6,146,397
g1pre,V1,auditory_direction,time_resolved_trial_response,glm_clean,balanced_accuracy,33,1.164520929028919,1.0351297146923724,0.535925925925926,0.04043657500431463,0.018083786097383273,5,269.6,146,397
g1pre,V1,auditory_direction,time_resolved_trial_response,glm_clean,balanced_accuracy,34,1.229216536197192,1.0351297146923724,0.5418518518518519,0.04211894451394113,0.018836164614742842,5,269.6,146,397
g1pre,V1,auditory_direction,time_resolved_trial_response,glm_clean,balanced_accuracy,35,1.2939121433654655,1.0351297146923724,0.5277777777777778,0.047430549906909925,0.021211586760409382,5,269.6,146,397
g1pre,V1,auditory_direction,time_resolved_trial_response,glm_clean,balanced_accuracy,36,1.3586077505337386,1.0351297146923724,0.5074074074074073,0.058604601475728366,0.026208774538802625,5,269.6,146,397
g1pre,V1,auditory_direction,time_resolved_trial_response,glm_clean,balanced_accuracy,37,1.423303357702012,1.0351297146923724,0.5277777777777778,0.03971779738801338,0.0177623389752323,5,269.6,146,397
g1pre,V1,auditory_direction,time_resolved_trial_response,glm_clean,balanced_accuracy,38,1.4879989648702852,1.0351297146923724,0.5325925925925926,0.025343998188330403,0.01133418055414766,5,269.6,146,397
g1pre,V1,auditory_direction,time_resolved_trial_response,glm_clean,balanced_accuracy,39,1.5526945720385585,1.0351297146923724,0.5222222222222223,0.03407105461661868,0.01523703883757348,5,269.6,146,397
g1pre,V1,auditory_direction,time_resolved_trial_response,glm_clean,balanced_accuracy,40,1.6173901792068317,1.0351297146923724,0.5199999999999999,0.022044038725856252,0.009858393817930486,5,269.6,146,397
g1pre,V1,auditory_direction,time_resolved_trial_response,glm_clean,balanced_accuracy,41,1.682085786375105,1.0351297146923724,0.5318518518518519,0.03538927166101112,0.015826563421645554,5,269.6,146,397
g1pre,V1,auditory_direction,time_resolved_trial_response,glm_clean,balanced_accuracy,42,1.7467813935433782,1.0351297146923724,0.5333333333333334,0.029513661945387445,0.013198910874967003,5,269.6,146,397
g1pre,V1,auditory_direction,time_resolved_trial_response,glm_clean,balanced_accuracy,43,1.8114770007116516,1.0351297146923724,0.5196296296296297,0.06078194176270159,0.02718251071716683,5,269.6,146,397
g1pre,V1,auditory_direction,time_resolved_trial_response,glm_clean,balanced_accuracy,44,1.8761726078799248,1.0351297146923724,0.5129629629629628,0.03779320672584914,0.016901635865340187,5,269.6,146,397
g1pre,V1,auditory_direction,time_resolved_trial_response,glm_clean,balanced_accuracy,45,1.9408682150481982,1.0351297146923724,0.5288888888888889,0.03103164454170878,0.013877773329774227,5,269.6,146,397
g1pre,V1,auditory_direction,time_resolved_trial_response,glm_clean,balanced_accuracy,46,2.0055638222164713,1.0351297146923724,0.5062962962962962,0.044610031043303446,0.019950212378240472,5,269.6,146,397
g1pre,V1,congruency,time_resolved_trial_response,glm_clean,balanced_accuracy,0,-0.9704341075240991,1.0351297146923724,0.48111111111111116,0.03089458380755393,0.013816477906050973,5,269.6,146,397
g1pre,V1,congruency,time_resolved_trial_response,glm_clean,balanced_accuracy,1,-0.9057385003558258,1.0351297146923724,0.48555555555555563,0.02724488852275383,0.012184284555256279,5,269.6,146,397
g1pre,V1,congruency,time_resolved_trial_response,glm_clean,balanced_accuracy,2,-0.8410428931875525,1.0351297146923724,0.5216666666666667,0.01366485986249873,0.006111111111111118,5,269.6,146,397
g1pre,V1,congruency,time_resolved_trial_response,glm_clean,balanced_accuracy,3,-0.7763472860192793,1.0351297146923724,0.5044444444444445,0.03635600719632532,0.016258900696290993,5,269.6,146,397
g1pre,V1,congruency,time_resolved_trial_response,glm_clean,balanced_accuracy,4,-0.711651678851006,1.0351297146923724,0.5011111111111111,0.018278537640402364,0.00817441053864566,5,269.6,146,397
g1pre,V1,congruency,time_resolved_trial_response,glm_clean,balanced_accuracy,5,-0.6469560716827327,1.0351297146923724,0.5083333333333333,0.06263873490988711,0.02801289385661935,5,269.6,146,397
g1pre,V1,congruency,time_resolved_trial_response,glm_clean,balanced_accuracy,6,-0.5822604645144595,1.0351297146923724,0.5166666666666666,0.04775031510464198,0.02135459010420289,5,269.6,146,397
g1pre,V1,congruency,time_resolved_trial_response,glm_clean,balanced_accuracy,7,-0.5175648573461862,1.0351297146923724,0.5122222222222222,0.017743021580745956,0.007934920476158746,5,269.6,146,397
g1pre,V1,congruency,time_resolved_trial_response,glm_clean,balanced_accuracy,8,-0.4528692501779129,1.0351297146923724,0.5127777777777778,0.05745368505088186,0.02569406906632706,5,269.6,146,397
g1pre,V1,congruency,time_resolved_trial_response,glm_clean,balanced_accuracy,9,-0.38817364300963964,1.0351297146923724,0.5055555555555555,0.033391153556031415,0.014932977839684017,5,269.6,146,397
g1pre,V1,congruency,time_resolved_trial_response,glm_clean,balanced_accuracy,10,-0.32347803584136636,1.0351297146923724,0.47555555555555556,0.02335647001064211,0.010445330931646199,5,269.6,146,397
g1pre,V1,congruency,time_resolved_trial_response,glm_clean,balanced_accuracy,11,-0.2587824286730931,1.0351297146923724,0.48944444444444446,0.045278629848833275,0.020249218854008447,5,269.6,146,397
g1pre,V1,congruency,time_resolved_trial_response,glm_clean,balanced_accuracy,12,-0.19408682150481982,1.0351297146923724,0.495,0.024327371162012553,0.010879531126425625,5,269.6,146,397
g1pre,V1,congruency,time_resolved_trial_response,glm_clean,balanced_accuracy,13,-0.12939121433654655,1.0351297146923724,0.5061111111111111,0.03187795011765507,0.014256252689284831,5,269.6,146,397
g1pre,V1,congruency,time_resolved_trial_response,glm_clean,balanced_accuracy,14,-0.06469560716827327,1.0351297146923724,0.51,0.03461650573260972,0.0154809719923253,5,269.6,146,397
g1pre,V1,congruency,time_resolved_trial_response,glm_clean,balanced_accuracy,15,0.0,1.0351297146923724,0.5177777777777778,0.03651483716701106,0.016329931618554516,5,269.6,146,397
g1pre,V1,congruency,time_resolved_trial_response,glm_clean,balanced_accuracy,16,0.06469560716827327,1.0351297146923724,0.4833333333333334,0.05042259683519818,0.02254967082511378,5,269.6,146,397
g1pre,V1,congruency,time_resolved_trial_response,glm_clean,balanced_accuracy,17,0.12939121433654655,1.0351297146923724,0.49944444444444447,0.03235842859649662,0.01447112919736791,5,269.6,146,397
g1pre,V1,congruency,time_resolved_trial_response,glm_clean,balanced_accuracy,18,0.19408682150481982,1.0351297146923724,0.5305555555555557,0.02413631555136499,0.010794088459847489,5,269.6,146,397
g1pre,V1,congruency,time_resolved_trial_response,glm_clean,balanced_accuracy,19,0.2587824286730931,1.0351297146923724,0.5105555555555557,0.02526098343197702,0.011297055226479311,5,269.6,146,397
g1pre,V1,congruency,time_resolved_trial_response,glm_clean,balanced_accuracy,20,0.32347803584136636,1.0351297146923724,0.5166666666666667,0.03616449046192096,0.016173251808899607,5,269.6,146,397
g1pre,V1,congruency,time_resolved_trial_response,glm_clean,balanced_accuracy,21,0.38817364300963964,1.0351297146923724,0.5011111111111111,0.035605433764809645,0.015923234053296126,5,269.6,146,397
g1pre,V1,congruency,time_resolved_trial_response,glm_clean,balanced_accuracy,22,0.4528692501779129,1.0351297146923724,0.478888888888889,0.04897089082453118,0.02190044816047449,5,269.6,146,397
g1pre,V1,congruency,time_resolved_trial_response,glm_clean,balanced_accuracy,23,0.5175648573461862,1.0351297146923724,0.4955555555555556,0.029632523006876833,0.013252067157640613,5,269.6,146,397
g1pre,V1,congruency,time_resolved_trial_response,glm_clean,balanced_accuracy,24,0.5822604645144595,1.0351297146923724,0.47055555555555556,0.025804942583319102,0.011540321154356109,5,269.6,146,397
g1pre,V1,congruency,time_resolved_trial_response,glm_clean,balanced_accuracy,25,0.6469560716827327,1.0351297146923724,0.5105555555555555,0.02416826303795133,0.01080837581019095,5,269.6,146,397
g1pre,V1,congruency,time_resolved_trial_response,glm_clean,balanced_accuracy,26,0.711651678851006,1.0351297146923724,0.51,0.04332799112369294,0.019376866696216983,5,269.6,146,397
g1pre,V1,congruency,time_resolved_trial_response,glm_clean,balanced_accuracy,27,0.7763472860192793,1.0351297146923724,0.518888888888889,0.02510779230772596,0.011228546073004313,5,269.6,146,397
g1pre,V1,congruency,time_resolved_trial_response,glm_clean,balanced_accuracy,28,0.8410428931875525,1.0351297146923724,0.52,0.03499338561838562,0.015649517801114753,5,269.6,146,397
g1pre,V1,congruency,time_resolved_trial_response,glm_clean,balanced_accuracy,29,0.9057385003558258,1.0351297146923724,0.5011111111111111,0.0275406545732121,0.012316555154108543,5,269.6,146,397
g1pre,V1,congruency,time_resolved_trial_response,glm_clean,balanced_accuracy,30,0.9704341075240991,1.0351297146923724,0.5,0.04444444444444449,0.019876159799998152,5,269.6,146,397
g1pre,V1,congruency,time_resolved_trial_response,glm_clean,balanced_accuracy,31,1.0351297146923724,1.0351297146923724,0.51,0.01541604102834629,0.006894263136661614,5,269.6,146,397
g1pre,V1,congruency,time_resolved_trial_response,glm_clean,balanced_accuracy,32,1.0998253218606455,1.0351297146923724,0.49777777777777776,0.02766644355108607,0.012372809695177827,5,269.6,146,397
g1pre,V1,congruency,time_resolved_trial_response,glm_clean,balanced_accuracy,33,1.164520929028919,1.0351297146923724,0.4950000000000001,0.04472135954999581,0.020000000000000007,5,269.6,146,397
g1pre,V1,congruency,time_resolved_trial_response,glm_clean,balanced_accuracy,34,1.229216536197192,1.0351297146923724,0.4961111111111111,0.019002923751652266,0.00849836585598796,5,269.6,146,397
g1pre,V1,congruency,time_resolved_trial_response,glm_clean,balanced_accuracy,35,1.2939121433654655,1.0351297146923724,0.4922222222222222,0.029357839090256375,0.013129224775662768,5,269.6,146,397
g1pre,V1,congruency,time_resolved_trial_response,glm_clean,balanced_accuracy,36,1.3586077505337386,1.0351297146923724,0.5122222222222221,0.041135503274296166,0.01839635632199828,5,269.6,146,397
g1pre,V1,congruency,time_resolved_trial_response,glm_clean,balanced_accuracy,37,1.423303357702012,1.0351297146923724,0.4866666666666667,0.03449369239172312,0.015426048196572038,5,269.6,146,397
g1pre,V1,congruency,time_resolved_trial_response,glm_clean,balanced_accuracy,38,1.4879989648702852,1.0351297146923724,0.5005555555555555,0.02787483045400472,0.012466003151287175,5,269.6,146,397
g1pre,V1,congruency,time_resolved_trial_response,glm_clean,balanced_accuracy,39,1.5526945720385585,1.0351297146923724,0.5127777777777778,0.018592445034090587,0.00831479419283099,5,269.6,146,397
g1pre,V1,congruency,time_resolved_trial_response,glm_clean,balanced_accuracy,40,1.6173901792068317,1.0351297146923724,0.5094444444444444,0.05348935511960405,0.02392116682401221,5,269.6,146,397
g1pre,V1,congruency,time_resolved_trial_response,glm_clean,balanced_accuracy,41,1.682085786375105,1.0351297146923724,0.4988888888888889,0.03433674920080537,0.015355861067872479,5,269.6,146,397
g1pre,V1,congruency,time_resolved_trial_response,glm_clean,balanced_accuracy,42,1.7467813935433782,1.0351297146923724,0.5088888888888888,0.03449369239172317,0.015426048196572062,5,269.6,146,397
g1pre,V1,congruency,time_resolved_trial_response,glm_clean,balanced_accuracy,43,1.8114770007116516,1.0351297146923724,0.48611111111111105,0.029397236789606526,0.013146843962443576,5,269.6,146,397
g1pre,V1,congruency,time_resolved_trial_response,glm_clean,balanced_accuracy,44,1.8761726078799248,1.0351297146923724,0.48166666666666663,0.059206428996924826,0.02647791998842772,5,269.6,146,397
g1pre,V1,congruency,time_resolved_trial_response,glm_clean,balanced_accuracy,45,1.9408682150481982,1.0351297146923724,0.48555555555555563,0.03247743756236448,0.014524351624890408,5,269.6,146,397
g1pre,V1,congruency,time_resolved_trial_response,glm_clean,balanced_accuracy,46,2.0055638222164713,1.0351297146923724,0.47833333333333333,0.04051177240881596,0.018117415399022577,5,269.6,146,397
g1pre,V1,modality,time_resolved_trial_response,glm_clean,balanced_accuracy,0,-0.9704341075240991,1.0351297146923724,0.3403703703703704,0.023891759804521063,0.010684719805001236,5,269.6,146,397
g1pre,V1,modality,time_resolved_trial_response,glm_clean,balanced_accuracy,1,-0.9057385003558258,1.0351297146923724,0.3324074074074074,0.015822229157995443,0.007075915990571413,5,269.6,146,397
g1pre,V1,modality,time_resolved_trial_response,glm_clean,balanced_accuracy,2,-0.8410428931875525,1.0351297146923724,0.3390740740740741,0.02275970375963486,0.010178448950860217,5,269.6,146,397
g1pre,V1,modality,time_resolved_trial_response,glm_clean,balanced_accuracy,3,-0.7763472860192793,1.0351297146923724,0.3412962962962963,0.027015783122517616,0.012081825505468184,5,269.6,146,397
g1pre,V1,modality,time_resolved_trial_response,glm_clean,balanced_accuracy,4,-0.711651678851006,1.0351297146923724,0.32999999999999996,0.012773080188561792,0.005712295116735999,5,269.6,146,397
g1pre,V1,modality,time_resolved_trial_response,glm_clean,balanced_accuracy,5,-0.6469560716827327,1.0351297146923724,0.3307407407407407,0.023235022167926465,0.010391017805239622,5,269.6,146,397
g1pre,V1,modality,time_resolved_trial_response,glm_clean,balanced_accuracy,6,-0.5822604645144595,1.0351297146923724,0.3264814814814815,0.040107665458515976,0.0179366932768124,5,269.6,146,397
g1pre,V1,modality,time_resolved_trial_response,glm_clean,balanced_accuracy,7,-0.5175648573461862,1.0351297146923724,0.3335185185185185,0.025369356562604205,0.01134552116388268,5,269.6,146,397
g1pre,V1,modality,time_resolved_trial_response,glm_clean,balanced_accuracy,8,-0.4528692501779129,1.0351297146923724,0.33999999999999997,0.02351924758275038,0.010518127274935491,5,269.6,146,397
g1pre,V1,modality,time_resolved_trial_response,glm_clean,balanced_accuracy,9,-0.38817364300963964,1.0351297146923724,0.34629629629629627,0.015767950338820735,0.007051641764688801,5,269.6,146,397
g1pre,V1,modality,time_resolved_trial_response,glm_clean,balanced_accuracy,10,-0.32347803584136636,1.0351297146923724,0.3357407407407407,0.022333824698236943,0.009987990044564306,5,269.6,146,397
g1pre,V1,modality,time_resolved_trial_response,glm_clean,balanced_accuracy,11,-0.2587824286730931,1.0351297146923724,0.32222222222222224,0.011657109548161251,0.005213217874170083,5,269.6,146,397
g1pre,V1,modality,time_resolved_trial_response,glm_clean,balanced_accuracy,12,-0.19408682150481982,1.0351297146923724,0.34277777777777774,0.00826619041506138,0.00369675273660689,5,269.6,146,397
g1pre,V1,modality,time_resolved_trial_response,glm_clean,balanced_accuracy,13,-0.12939121433654655,1.0351297146923724,0.3403703703703703,0.020334564490825716,0.00909389369886794,5,269.6,146,397
g1pre,V1,modality,time_resolved_trial_response,glm_clean,balanced_accuracy,14,-0.06469560716827327,1.0351297146923724,0.3337037037037037,0.02493647622188994,0.011151931190290607,5,269.6,146,397
g1pre,V1,modality,time_resolved_trial_response,glm_clean,balanced_accuracy,15,0.0,1.0351297146923724,0.3362962962962963,0.009474353512804793,0.0042370596994990885,5,269.6,146,397
g1pre,V1,modality,time_resolved_trial_response,glm_clean,balanced_accuracy,16,0.06469560716827327,1.0351297146923724,0.3390740740740741,0.01650383419723664,0.007380739030881359,5,269.6,146,397
g1pre,V1,modality,time_resolved_trial_response,glm_clean,balanced_accuracy,17,0.12939121433654655,1.0351297146923724,0.3253703703703704,0.026920410561525568,0.01203917359955489,5,269.6,146,397
g1pre,V1,modality,time_resolved_trial_response,glm_clean,balanced_accuracy,18,0.19408682150481982,1.0351297146923724,0.3757407407407407,0.045767348686168316,0.02046778056244161,5,269.6,146,397
g1pre,V1,modality,time_resolved_trial_response,glm_clean,balanced_accuracy,19,0.2587824286730931,1.0351297146923724,0.46648148148148144,0.07328105600169987,0.032772284536553974,5,269.6,146,397
g1pre,V1,modality,time_resolved_trial_response,glm_clean,balanced_accuracy,20,0.32347803584136636,1.0351297146923724,0.49370370370370364,0.11727209166815847,0.052445673766717806,5,269.6,146,397
g1pre,V1,modality,time_resolved_trial_response,glm_clean,balanced_accuracy,21,0.38817364300963964,1.0351297146923724,0.5409259259259259,0.14027762498463747,0.06273406103757447,5,269.6,146,397
g1pre,V1,modality,time_resolved_trial_response,glm_clean,balanced_accuracy,22,0.4528692501779129,1.0351297146923724,0.5316666666666666,0.16626417449397993,0.07435559927828517,5,269.6,146,397
g1pre,V1,modality,time_resolved_trial_response,glm_clean,balanced_accuracy,23,0.5175648573461862,1.0351297146923724,0.5557407407407406,0.18102668826879992,0.08095759614214007,5,269.6,146,397
g1pre,V1,modality,time_resolved_trial_response,glm_clean,balanced_accuracy,24,0.5822604645144595,1.0351297146923724,0.5588888888888889,0.17431720609335166,0.07795702449451497,5,269.6,146,397
g1pre,V1,modality,time_resolved_trial_response,glm_clean,balanced_accuracy,25,0.6469560716827327,1.0351297146923724,0.562037037037037,0.16074218082645572,0.07188608863590366,5,269.6,146,397
g1pre,V1,modality,time_resolved_trial_response,glm_clean,balanced_accuracy,26,0.711651678851006,1.0351297146923724,0.5720370370370371,0.18255821928731475,0.0816425176355498,5,269.6,146,397
g1pre,V1,modality,time_resolved_trial_response,glm_clean,balanced_accuracy,27,0.7763472860192793,1.0351297146923724,0.5888888888888889,0.19336672231904725,0.08647622713834309,5,269.6,146,397
g1pre,V1,modality,time_resolved_trial_response,glm_clean,balanced_accuracy,28,0.8410428931875525,1.0351297146923724,0.5955555555555556,0.1861749015424333,0.08325994711064225,5,269.6,146,397
g1pre,V1,modality,time_resolved_trial_response,glm_clean,balanced_accuracy,29,0.9057385003558258,1.0351297146923724,0.5846296296296296,0.18751954630628134,0.08386129053015294,5,269.6,146,397
g1pre,V1,modality,time_resolved_trial_response,glm_clean,balanced_accuracy,30,0.9704341075240991,1.0351297146923724,0.5946296296296296,0.1948589057274248,0.08714355184554899,5,269.6,146,397
g1pre,V1,modality,time_resolved_trial_response,glm_clean,balanced_accuracy,31,1.0351297146923724,1.0351297146923724,0.5987037037037037,0.20048765992764928,0.08966080724961686,5,269.6,146,397
g1pre,V1,modality,time_resolved_trial_response,glm_clean,balanced_accuracy,32,1.0998253218606455,1.0351297146923724,0.5898148148148148,0.19012846714578113,0.08502803539916041,5,269.6,146,397
g1pre,V1,modality,time_resolved_trial_response,glm_clean,balanced_accuracy,33,1.164520929028919,1.0351297146923724,0.5801851851851852,0.18898826361975027,0.08451812088068242,5,269.6,146,397
g1pre,V1,modality,time_resolved_trial_response,glm_clean,balanced_accuracy,34,1.229216536197192,1.0351297146923724,0.5942592592592593,0.19491279573795772,0.08716765219092094,5,269.6,146,397
g1pre,V1,modality,time_resolved_trial_response,glm_clean,balanced_accuracy,35,1.2939121433654655,1.0351297146923724,0.6031481481481482,0.17930908780983026,0.08018946186525187,5,269.6,146,397
g1pre,V1,modality,time_resolved_trial_response,glm_clean,balanced_accuracy,36,1.3586077505337386,1.0351297146923724,0.5972222222222222,0.18980465194112361,0.08488322083720796,5,269.6,146,397
g1pre,V1,modality,time_resolved_trial_response,glm_clean,balanced_accuracy,37,1.423303357702012,1.0351297146923724,0.587037037037037,0.17654010724201052,0.07895113610964768,5,269.6,146,397
g1pre,V1,modality,time_resolved_trial_response,glm_clean,balanced_accuracy,38,1.4879989648702852,1.0351297146923724,0.5848148148148148,0.18799329257217187,0.08407315630107652,5,269.6,146,397
g1pre,V1,modality,time_resolved_trial_response,glm_clean,balanced_accuracy,39,1.5526945720385585,1.0351297146923724,0.5853703703703703,0.18705926710577825,0.08365544741396211,5,269.6,146,397
g1pre,V1,modality,time_resolved_trial_response,glm_clean,balanced_accuracy,40,1.6173901792068317,1.0351297146923724,0.5774074074074074,0.17863604553025858,0.07988846820748112,5,269.6,146,397
g1pre,V1,modality,time_resolved_trial_response,glm_clean,balanced_accuracy,41,1.682085786375105,1.0351297146923724,0.5801851851851852,0.17936047991636817,0.080212445113997,5,269.6,146,397
g1pre,V1,modality,time_resolved_trial_response,glm_clean,balanced_accuracy,42,1.7467813935433782,1.0351297146923724,0.5688888888888889,0.18900981060463792,0.08452775698526621,5,269.6,146,397
g1pre,V1,modality,time_resolved_trial_response,glm_clean,balanced_accuracy,43,1.8114770007116516,1.0351297146923724,0.5742592592592592,0.16628995492322324,0.0743671286367406,5,269.6,146,397
g1pre,V1,modality,time_resolved_trial_response,glm_clean,balanced_accuracy,44,1.8761726078799248,1.0351297146923724,0.5700000000000001,0.16592246400158311,0.07420278170036032,5,269.6,146,397
g1pre,V1,modality,time_resolved_trial_response,glm_clean,balanced_accuracy,45,1.9408682150481982,1.0351297146923724,0.5727777777777778,0.16143884290962943,0.07219764539096828,5,269.6,146,397
g1pre,V1,modality,time_resolved_trial_response,glm_clean,balanced_accuracy,46,2.0055638222164713,1.0351297146923724,0.5514814814814815,0.1595128794504143,0.07133632834757114,5,269.6,146,397
g1pre,V1,trial_type,time_resolved_trial_response,glm_clean,balanced_accuracy,0,-0.9704341075240991,1.0351297146923724,0.12666666666666665,0.017661293732235368,0.007898370671173851,5,269.6,146,397
g1pre,V1,trial_type,time_resolved_trial_response,glm_clean,balanced_accuracy,1,-0.9057385003558258,1.0351297146923724,0.12833333333333333,0.010604782871567261,0.004742603077489964,5,269.6,146,397
g1pre,V1,trial_type,time_resolved_trial_response,glm_clean,balanced_accuracy,2,-0.8410428931875525,1.0351297146923724,0.11861111111111111,0.012211169244629597,0.005461000903149308,5,269.6,146,397
g1pre,V1,trial_type,time_resolved_trial_response,glm_clean,balanced_accuracy,3,-0.7763472860192793,1.0351297146923724,0.12444444444444444,0.011891030440557773,0.005317830477521291,5,269.6,146,397
g1pre,V1,trial_type,time_resolved_trial_response,glm_clean,balanced_accuracy,4,-0.711651678851006,1.0351297146923724,0.12444444444444444,0.016799241238009514,0.0075128490757214,5,269.6,146,397
g1pre,V1,trial_type,time_resolved_trial_response,glm_clean,balanced_accuracy,5,-0.6469560716827327,1.0351297146923724,0.13666666666666666,0.004347909956249598,0.0019444444444444476,5,269.6,146,397
g1pre,V1,trial_type,time_resolved_trial_response,glm_clean,balanced_accuracy,6,-0.5822604645144595,1.0351297146923724,0.13444444444444442,0.020208214012629788,0.0090373880472208,5,269.6,146,397
g1pre,V1,trial_type,time_resolved_trial_response,glm_clean,balanced_accuracy,7,-0.5175648573461862,1.0351297146923724,0.1311111111111111,0.010874210628368557,0.00486309483333656,5,269.6,146,397
g1pre,V1,trial_type,time_resolved_trial_response,glm_clean,balanced_accuracy,8,-0.4528692501779129,1.0351297146923724,0.1375,0.008729031312483706,0.0039037414784875548,5,269.6,146,397
g1pre,V1,trial_type,time_resolved_trial_response,glm_clean,balanced_accuracy,9,-0.38817364300963964,1.0351297146923724,0.13527777777777777,0.024856843209084042,0.011116318224313186,5,269.6,146,397
g1pre,V1,trial_type,time_resolved_trial_response,glm_clean,balanced_accuracy,10,-0.32347803584136636,1.0351297146923724,0.13083333333333333,0.004212708580028645,0.0018839805508681327,5,269.6,146,397
g1pre,V1,trial_type,time_resolved_trial_response,glm_clean,balanced_accuracy,11,-0.2587824286730931,1.0351297146923724,0.11777777777777779,0.007109157717816514,0.003179311983960999,5,269.6,146,397
g1pre,V1,trial_type,time_resolved_trial_response,glm_clean,balanced_accuracy,12,-0.19408682150481982,1.0351297146923724,0.12833333333333335,0.010874210628368549,0.004863094833336555,5,269.6,146,397
g1pre,V1,trial_type,time_resolved_trial_response,glm_clean,balanced_accuracy,13,-0.12939121433654655,1.0351297146923724,0.1375,0.012226956153929856,0.005468061023619308,5,269.6,146,397
g1pre,V1,trial_type,time_resolved_trial_response,glm_clean,balanced_accuracy,14,-0.06469560716827327,1.0351297146923724,0.13444444444444445,0.01653302904439221,0.007393795363447874,5,269.6,146,397
g1pre,V1,trial_type,time_resolved_trial_response,glm_clean,balanced_accuracy,15,0.0,1.0351297146923724,0.13027777777777777,0.004750730937913076,0.0021245914639969944,5,269.6,146,397
g1pre,V1,trial_type,time_resolved_trial_response,glm_clean,balanced_accuracy,16,0.06469560716827327,1.0351297146923724,0.12194444444444444,0.010731357651156582,0.004799209039769718,5,269.6,146,397
g1pre,V1,trial_type,time_resolved_trial_response,glm_clean,balanced_accuracy,17,0.12939121433654655,1.0351297146923724,0.12583333333333332,0.012638125740085928,0.005651941652604396,5,269.6,146,397
g1pre,V1,trial_type,time_resolved_trial_response,glm_clean,balanced_accuracy,18,0.19408682150481982,1.0351297146923724,0.1438888888888889,0.021100143349814384,0.009436270973035017,5,269.6,146,397
g1pre,V1,trial_type,time_resolved_trial_response,glm_clean,balanced_accuracy,19,0.2587824286730931,1.0351297146923724,0.20194444444444443,0.06445701505750523,0.02882605345906184,5,269.6,146,397
g1pre,V1,trial_type,time_resolved_trial_response,glm_clean,balanced_accuracy,20,0.32347803584136636,1.0351297146923724,0.22361111111111112,0.09410683120269403,0.04208585434326443,5,269.6,146,397
g1pre,V1,trial_type,time_resolved_trial_response,glm_clean,balanced_accuracy,21,0.38817364300963964,1.0351297146923724,0.2808333333333334,0.1273218011551153,0.0569400404801098,5,269.6,146,397
g1pre,V1,trial_type,time_resolved_trial_response,glm_clean,balanced_accuracy,22,0.4528692501779129,1.0351297146923724,0.2916666666666667,0.1567568938370243,0.07010381411226083,5,269.6,146,397
g1pre,V1,trial_type,time_resolved_trial_response,glm_clean,balanced_accuracy,23,0.5175648573461862,1.0351297146923724,0.3188888888888889,0.1539995340300791,0.0688706853189098,5,269.6,146,397
g1pre,V1,trial_type,time_resolved_trial_response,glm_clean,balanced_accuracy,24,0.5822604645144595,1.0351297146923724,0.32222222222222224,0.14579695313417862,0.06520237962407488,5,269.6,146,397
g1pre,V1,trial_type,time_resolved_trial_response,glm_clean,balanced_accuracy,25,0.6469560716827327,1.0351297146923724,0.32,0.1521660733832903,0.0680507367908517,5,269.6,146,397
g1pre,V1,trial_type,time_resolved_trial_response,glm_clean,balanced_accuracy,26,0.711651678851006,1.0351297146923724,0.3358333333333333,0.16296644830027113,0.07288081129022225,5,269.6,146,397
g1pre,V1,trial_type,time_resolved_trial_response,glm_clean,balanced_accuracy,27,0.7763472860192793,1.0351297146923724,0.3202777777777778,0.17076161547897015,0.0763669160317315,5,269.6,146,397
g1pre,V1,trial_type,time_resolved_trial_response,glm_clean,balanced_accuracy,28,0.8410428931875525,1.0351297146923724,0.3188888888888889,0.16133126720440083,0.07214953607304454,5,269.6,146,397
g1pre,V1,trial_type,time_resolved_trial_response,glm_clean,balanced_accuracy,29,0.9057385003558258,1.0351297146923724,0.33444444444444443,0.15643168449383982,0.06995837607260512,5,269.6,146,397
g1pre,V1,trial_type,time_resolved_trial_response,glm_clean,balanced_accuracy,30,0.9704341075240991,1.0351297146923724,0.33194444444444443,0.16221187657269293,0.0725433565548694,5,269.6,146,397
g1pre,V1,trial_type,time_resolved_trial_response,glm_clean,balanced_accuracy,31,1.0351297146923724,1.0351297146923724,0.3402777777777778,0.17019698554583418,0.07611440584920687,5,269.6,146,397
g1pre,V1,trial_type,time_resolved_trial_response,glm_clean,balanced_accuracy,32,1.0998253218606455,1.0351297146923724,0.32333333333333336,0.15367915912906763,0.06872740930752053,5,269.6,146,397
g1pre,V1,trial_type,time_resolved_trial_response,glm_clean,balanced_accuracy,33,1.164520929028919,1.0351297146923724,0.33666666666666667,0.16164482956756127,0.07228976542488698,5,269.6,146,397
g1pre,V1,trial_type,time_resolved_trial_response,glm_clean,balanced_accuracy,34,1.229216536197192,1.0351297146923724,0.33555555555555555,0.1627449483390392,0.07278175349615663,5,269.6,146,397
g1pre,V1,trial_type,time_resolved_trial_response,glm_clean,balanced_accuracy,35,1.2939121433654655,1.0351297146923724,0.3375,0.1410867761169052,0.06309592442473877,5,269.6,146,397
g1pre,V1,trial_type,time_resolved_trial_response,glm_clean,balanced_accuracy,36,1.3586077505337386,1.0351297146923724,0.32249999999999995,0.1509467294228556,0.06750542959415455,5,269.6,146,397
g1pre,V1,trial_type,time_resolved_trial_response,glm_clean,balanced_accuracy,37,1.423303357702012,1.0351297146923724,0.31972222222222224,0.144399031322629,0.06457720998450395,5,269.6,146,397
g1pre,V1,trial_type,time_resolved_trial_response,glm_clean,balanced_accuracy,38,1.4879989648702852,1.0351297146923724,0.32555555555555554,0.14947051610663953,0.06684524692928463,5,269.6,146,397
g1pre,V1,trial_type,time_resolved_trial_response,glm_clean,balanced_accuracy,39,1.5526945720385585,1.0351297146923724,0.3041666666666667,0.1290359254693374,0.05770662017780697,5,269.6,146,397
g1pre,V1,trial_type,time_resolved_trial_response,glm_clean,balanced_accuracy,40,1.6173901792068317,1.0351297146923724,0.30833333333333335,0.14395952256034497,0.06438065569066918,5,269.6,146,397
g1pre,V1,trial_type,time_resolved_trial_response,glm_clean,balanced_accuracy,41,1.682085786375105,1.0351297146923724,0.30166666666666664,0.13247117086789528,0.059242908623920724,5,269.6,146,397
g1pre,V1,trial_type,time_resolved_trial_response,glm_clean,balanced_accuracy,42,1.7467813935433782,1.0351297146923724,0.2955555555555555,0.11756187627409839,0.05257526938226074,5,269.6,146,397
g1pre,V1,trial_type,time_resolved_trial_response,glm_clean,balanced_accuracy,43,1.8114770007116516,1.0351297146923724,0.27166666666666667,0.125275930018401,0.056025099093130235,5,269.6,146,397
g1pre,V1,trial_type,time_resolved_trial_response,glm_clean,balanced_accuracy,44,1.8761726078799248,1.0351297146923724,0.2661111111111111,0.10836715996105412,0.048463267240302095,5,269.6,146,397
g1pre,V1,trial_type,time_resolved_trial_response,glm_clean,balanced_accuracy,45,1.9408682150481982,1.0351297146923724,0.2733333333333333,0.10994790433049041,0.04917019761332401,5,269.6,146,397
g1pre,V1,trial_type,time_resolved_trial_response,glm_clean,balanced_accuracy,46,2.0055638222164713,1.0351297146923724,0.2627777777777778,0.12295158010120373,0.05498561820946041,5,269.6,146,397
g1pre,V1,visual_direction,time_resolved_trial_response,glm_clean,balanced_accuracy,0,-0.9704341075240991,1.0351297146923724,0.484074074074074,0.01807809609165303,0.008084770352941889,5,269.6,146,397
g1pre,V1,visual_direction,time_resolved_trial_response,glm_clean,balanced_accuracy,1,-0.9057385003558258,1.0351297146923724,0.4992592592592593,0.011755977961558455,0.005257433172806823,5,269.6,146,397
g1pre,V1,visual_direction,time_resolved_trial_response,glm_clean,balanced_accuracy,2,-0.8410428931875525,1.0351297146923724,0.5014814814814814,0.013696194138593047,0.006125124225385646,5,269.6,146,397
g1pre,V1,visual_direction,time_resolved_trial_response,glm_clean,balanced_accuracy,3,-0.7763472860192793,1.0351297146923724,0.49074074074074076,0.013608276348795492,0.006085806194501871,5,269.6,146,397
g1pre,V1,visual_direction,time_resolved_trial_response,glm_clean,balanced_accuracy,4,-0.711651678851006,1.0351297146923724,0.49111111111111116,0.04252006707723311,0.01901555207850881,5,269.6,146,397
g1pre,V1,visual_direction,time_resolved_trial_response,glm_clean,balanced_accuracy,5,-0.6469560716827327,1.0351297146923724,0.49851851851851847,0.011958432808120681,0.005347973732664308,5,269.6,146,397
g1pre,V1,visual_direction,time_resolved_trial_response,glm_clean,balanced_accuracy,6,-0.5822604645144595,1.0351297146923724,0.5111111111111111,0.022414293401685555,0.01002397674275878,5,269.6,146,397
g1pre,V1,visual_direction,time_resolved_trial_response,glm_clean,balanced_accuracy,7,-0.5175648573461862,1.0351297146923724,0.508888888888889,0.018490719876098707,0.008269301319172638,5,269.6,146,397
g1pre,V1,visual_direction,time_resolved_trial_response,glm_clean,balanced_accuracy,8,-0.4528692501779129,1.0351297146923724,0.518888888888889,0.021412725214166362,0.009576061832479946,5,269.6,146,397
g1pre,V1,visual_direction,time_resolved_trial_response,glm_clean,balanced_accuracy,9,-0.38817364300963964,1.0351297146923724,0.5044444444444445,0.03544252868385907,0.015850380686319006,5,269.6,146,397
g1pre,V1,visual_direction,time_resolved_trial_response,glm_clean,balanced_accuracy,10,-0.32347803584136636,1.0351297146923724,0.48592592592592593,0.04129671150762864,0.018468450835651094,5,269.6,146,397
g1pre,V1,visual_direction,time_resolved_trial_response,glm_clean,balanced_accuracy,11,-0.2587824286730931,1.0351297146923724,0.5007407407407407,0.03485714526652584,0.015588589263507362,5,269.6,146,397
g1pre,V1,visual_direction,time_resolved_trial_response,glm_clean,balanced_accuracy,12,-0.19408682150481982,1.0351297146923724,0.5092592592592593,0.028176155656857316,0.01260075987866964,5,269.6,146,397
g1pre,V1,visual_direction,time_resolved_trial_response,glm_clean,balanced_accuracy,13,-0.12939121433654655,1.0351297146923724,0.48592592592592593,0.043025178451641645,0.019241444752385973,5,269.6,146,397
g1pre,V1,visual_direction,time_resolved_trial_response,glm_clean,balanced_accuracy,14,-0.06469560716827327,1.0351297146923724,0.5096296296296297,0.041664609002690145,0.018632979597192977,5,269.6,146,397
g1pre,V1,visual_direction,time_resolved_trial_response,glm_clean,balanced_accuracy,15,0.0,1.0351297146923724,0.49629629629629635,0.01532680125671001,0.006854353897526558,5,269.6,146,397
g1pre,V1,visual_direction,time_resolved_trial_response,glm_clean,balanced_accuracy,16,0.06469560716827327,1.0351297146923724,0.46333333333333326,0.020218287502157293,0.009041893048691626,5,269.6,146,397
g1pre,V1,visual_direction,time_resolved_trial_response,glm_clean,balanced_accuracy,17,0.12939121433654655,1.0351297146923724,0.51,0.03058640418083346,0.013678655787125479,5,269.6,146,397
g1pre,V1,visual_direction,time_resolved_trial_response,glm_clean,balanced_accuracy,18,0.19408682150481982,1.0351297146923724,0.538888888888889,0.029716308399779984,0.013289537124451209,5,269.6,146,397
g1pre,V1,visual_direction,time_resolved_trial_response,glm_clean,balanced_accuracy,19,0.2587824286730931,1.0351297146923724,0.5918518518518519,0.13516362080669023,0.060447008841752865,5,269.6,146,397
g1pre,V1,visual_direction,time_resolved_trial_response,glm_clean,balanced_accuracy,20,0.32347803584136636,1.0351297146923724,0.638888888888889,0.1609567161440593,0.07198203174665088,5,269.6,146,397
g1pre,V1,visual_direction,time_resolved_trial_response,glm_clean,balanced_accuracy,21,0.38817364300963964,1.0351297146923724,0.7062962962962963,0.17938413923797975,0.08022302588428201,5,269.6,146,397
g1pre,V1,visual_direction,time_resolved_trial_response,glm_clean,balanced_accuracy,22,0.4528692501779129,1.0351297146923724,0.7566666666666666,0.19010411557866164,0.08501714504727284,5,269.6,146,397
g1pre,V1,visual_direction,time_resolved_trial_response,glm_clean,balanced_accuracy,23,0.5175648573461862,1.0351297146923724,0.7892592592592592,0.18953411946586549,0.08476223503624827,5,269.6,146,397
g1pre,V1,visual_direction,time_resolved_trial_response,glm_clean,balanced_accuracy,24,0.5822604645144595,1.0351297146923724,0.7992592592592592,0.1808454462954934,0.08087654226760216,5,269.6,146,397
g1pre,V1,visual_direction,time_resolved_trial_response,glm_clean,balanced_accuracy,25,0.6469560716827327,1.0351297146923724,0.7944444444444444,0.20114981552395805,0.08995693223462253,5,269.6,146,397
g1pre,V1,visual_direction,time_resolved_trial_response,glm_clean,balanced_accuracy,26,0.711651678851006,1.0351297146923724,0.7955555555555556,0.18840533603037574,0.08425742773752211,5,269.6,146,397
g1pre,V1,visual_direction,time_resolved_trial_response,glm_clean,balanced_accuracy,27,0.7763472860192793,1.0351297146923724,0.7766666666666666,0.18398965945775309,0.0822826771409146,5,269.6,146,397
g1pre,V1,visual_direction,time_resolved_trial_response,glm_clean,balanced_accuracy,28,0.8410428931875525,1.0351297146923724,0.788888888888889,0.19195049659036947,0.08584287173818154,5,269.6,146,397
g1pre,V1,visual_direction,time_resolved_trial_response,glm_clean,balanced_accuracy,29,0.9057385003558258,1.0351297146923724,0.7985185185185185,0.181629758020618,0.0812272971341879,5,269.6,146,397
g1pre,V1,visual_direction,time_resolved_trial_response,glm_clean,balanced_accuracy,30,0.9704341075240991,1.0351297146923724,0.7762962962962964,0.19586517996897718,0.08759357136717262,5,269.6,146,397
g1pre,V1,visual_direction,time_resolved_trial_response,glm_clean,balanced_accuracy,31,1.0351297146923724,1.0351297146923724,0.7874074074074074,0.17330108120328536,0.07750259962895142,5,269.6,146,397
g1pre,V1,visual_direction,time_resolved_trial_response,glm_clean,balanced_accuracy,32,1.0998253218606455,1.0351297146923724,0.7959259259259259,0.16670472816425527,0.07455262086917971,5,269.6,146,397
g1pre,V1,visual_direction,time_resolved_trial_response,glm_clean,balanced_accuracy,33,1.164520929028919,1.0351297146923724,0.787037037037037,0.18876175823440008,0.08441682459289986,5,269.6,146,397
g1pre,V1,visual_direction,time_resolved_trial_response,glm_clean,balanced_accuracy,34,1.229216536197192,1.0351297146923724,0.8114814814814816,0.16802124432926135,0.0751413847968659,5,269.6,146,397
g1pre,V1,visual_direction,time_resolved_trial_response,glm_clean,balanced_accuracy,35,1.2939121433654655,1.0351297146923724,0.8022222222222222,0.1615967563406146,0.07226826642421688,5,269.6,146,397
g1pre,V1,visual_direction,time_resolved_trial_response,glm_clean,balanced_accuracy,36,1.3586077505337386,1.0351297146923724,0.7825925925925926,0.17828150087098796,0.0797299110156434,5,269.6,146,397
g1pre,V1,visual_direction,time_resolved_trial_response,glm_clean,balanced_accuracy,37,1.423303357702012,1.0351297146923724,0.765925925925926,0.180537036087272,0.08073861702949457,5,269.6,146,397
g1pre,V1,visual_direction,time_resolved_trial_response,glm_clean,balanced_accuracy,38,1.4879989648702852,1.0351297146923724,0.7737037037037037,0.17721457857273068,0.0792527688585207,5,269.6,146,397
g1pre,V1,visual_direction,time_resolved_trial_response,glm_clean,balanced_accuracy,39,1.5526945720385585,1.0351297146923724,0.752962962962963,0.17390949666866978,0.07777469129678377,5,269.6,146,397
g1pre,V1,visual_direction,time_resolved_trial_response,glm_clean,balanced_accuracy,40,1.6173901792068317,1.0351297146923724,0.7559259259259259,0.16023816293709198,0.07166068498340501,5,269.6,146,397
g1pre,V1,visual_direction,time_resolved_trial_response,glm_clean,balanced_accuracy,41,1.682085786375105,1.0351297146923724,0.7337037037037037,0.17763979985094464,0.07944293359523384,5,269.6,146,397
g1pre,V1,visual_direction,time_resolved_trial_response,glm_clean,balanced_accuracy,42,1.7467813935433782,1.0351297146923724,0.7392592592592593,0.15503329435768443,0.0693329969919034,5,269.6,146,397
g1pre,V1,visual_direction,time_resolved_trial_response,glm_clean,balanced_accuracy,43,1.8114770007116516,1.0351297146923724,0.712962962962963,0.16701609460569602,0.07469186817497445,5,269.6,146,397
g1pre,V1,visual_direction,time_resolved_trial_response,glm_clean,balanced_accuracy,44,1.8761726078799248,1.0351297146923724,0.7137037037037037,0.1587664641020161,0.07100252125587762,5,269.6,146,397
g1pre,V1,visual_direction,time_resolved_trial_response,glm_clean,balanced_accuracy,45,1.9408682150481982,1.0351297146923724,0.7066666666666667,0.15904701619574066,0.07112798796643723,5,269.6,146,397
g1pre,V1,visual_direction,time_resolved_trial_response,glm_clean,balanced_accuracy,46,2.0055638222164713,1.0351297146923724,0.7003703703703704,0.15323108954726147,0.06852702649880682,5,269.6,146,397
g2pre,A/RL/AL,auditory_direction,time_resolved_trial_response,glm_clean,balanced_accuracy,0,-0.9704341075240991,1.0351297146923724,0.48518518518518516,0.019387040486373925,0.007914726135715854,6,97.5,64,149
g2pre,A/RL/AL,auditory_direction,time_resolved_trial_response,glm_clean,balanced_accuracy,1,-0.9057385003558258,1.0351297146923724,0.49382716049382713,0.0268017838878346,0.010941782453590383,6,97.5,64,149
g2pre,A/RL/AL,auditory_direction,time_resolved_trial_response,glm_clean,balanced_accuracy,2,-0.8410428931875525,1.0351297146923724,0.5021604938271605,0.039116032705681134,0.015969053481822877,6,97.5,64,149
g2pre,A/RL/AL,auditory_direction,time_resolved_trial_response,glm_clean,balanced_accuracy,3,-0.7763472860192793,1.0351297146923724,0.5104938271604939,0.019760800962683362,0.008067313211212141,6,97.5,64,149
g2pre,A/RL/AL,auditory_direction,time_resolved_trial_response,glm_clean,balanced_accuracy,4,-0.711651678851006,1.0351297146923724,0.5169753086419754,0.02211134892441954,0.009026920398244254,6,97.5,64,149
g2pre,A/RL/AL,auditory_direction,time_resolved_trial_response,glm_clean,balanced_accuracy,5,-0.6469560716827327,1.0351297146923724,0.5151234567901234,0.026173858587194947,0.010685433023065238,6,97.5,64,149
g2pre,A/RL/AL,auditory_direction,time_resolved_trial_response,glm_clean,balanced_accuracy,6,-0.5822604645144595,1.0351297146923724,0.5077160493827161,0.028434620860246042,0.011608385356183545,6,97.5,64,149
g2pre,A/RL/AL,auditory_direction,time_resolved_trial_response,glm_clean,balanced_accuracy,7,-0.5175648573461862,1.0351297146923724,0.4861111111111111,0.01912883186461738,0.007809312907300714,6,97.5,64,149
g2pre,A/RL/AL,auditory_direction,time_resolved_trial_response,glm_clean,balanced_accuracy,8,-0.4528692501779129,1.0351297146923724,0.5027777777777778,0.023736955843206408,0.00969057164380522,6,97.5,64,149
g2pre,A/RL/AL,auditory_direction,time_resolved_trial_response,glm_clean,balanced_accuracy,9,-0.38817364300963964,1.0351297146923724,0.5117283950617284,0.03641452149074723,0.014866166146657157,6,97.5,64,149
g2pre,A/RL/AL,auditory_direction,time_resolved_trial_response,glm_clean,balanced_accuracy,10,-0.32347803584136636,1.0351297146923724,0.5077160493827161,0.020232417273608774,0.008259849763902314,6,97.5,64,149
g2pre,A/RL/AL,auditory_direction,time_resolved_trial_response,glm_clean,balanced_accuracy,11,-0.2587824286730931,1.0351297146923724,0.49382716049382713,0.04559719064978873,0.01861497513273109,6,97.5,64,149
g2pre,A/RL/AL,auditory_direction,time_resolved_trial_response,glm_clean,balanced_accuracy,12,-0.19408682150481982,1.0351297146923724,0.5033950617283951,0.021386016054195926,0.008730804493958216,6,97.5,64,149
g2pre,A/RL/AL,auditory_direction,time_resolved_trial_response,glm_clean,balanced_accuracy,13,-0.12939121433654655,1.0351297146923724,0.49691358024691357,0.01805595124605987,0.007371311228902799,6,97.5,64,149
g2pre,A/RL/AL,auditory_direction,time_resolved_trial_response,glm_clean,balanced_accuracy,14,-0.06469560716827327,1.0351297146923724,0.5018518518518519,0.029560103613681346,0.01206786176622007,6,97.5,64,149
g2pre,A/RL/AL,auditory_direction,time_resolved_trial_response,glm_clean,balanced_accuracy,15,0.0,1.0351297146923724,0.4962962962962963,0.03450611762622852,0.014087063531452768,6,97.5,64,149
g2pre,A/RL/AL,auditory_direction,time_resolved_trial_response,glm_clean,balanced_accuracy,16,0.06469560716827327,1.0351297146923724,0.4981481481481482,0.015493704195075472,0.006325278250592344,6,97.5,64,149
g2pre,A/RL/AL,auditory_direction,time_resolved_trial_response,glm_clean,balanced_accuracy,17,0.12939121433654655,1.0351297146923724,0.5188271604938272,0.022571838271276696,0.009214914386875508,6,97.5,64,149
g2pre,A/RL/AL,auditory_direction,time_resolved_trial_response,glm_clean,balanced_accuracy,18,0.19408682150481982,1.0351297146923724,0.48858024691358026,0.023582347524559347,0.009627453062026066,6,97.5,64,149
g2pre,A/RL/AL,auditory_direction,time_resolved_trial_response,glm_clean,balanced_accuracy,19,0.2587824286730931,1.0351297146923724,0.5404320987654322,0.06579071305356816,0.026858946132517762,6,97.5,64,149
g2pre,A/RL/AL,auditory_direction,time_resolved_trial_response,glm_clean,balanced_accuracy,20,0.32347803584136636,1.0351297146923724,0.5824074074074074,0.07519293884485563,0.030697388738366107,6,97.5,64,149
g2pre,A/RL/AL,auditory_direction,time_resolved_trial_response,glm_clean,balanced_accuracy,21,0.38817364300963964,1.0351297146923724,0.5919753086419753,0.09148722928911743,0.037349504956557644,6,97.5,64,149
g2pre,A/RL/AL,auditory_direction,time_resolved_trial_response,glm_clean,balanced_accuracy,22,0.4528692501779129,1.0351297146923724,0.5916666666666667,0.08632689014201318,0.03524280532153859,6,97.5,64,149
g2pre,A/RL/AL,auditory_direction,time_resolved_trial_response,glm_clean,balanced_accuracy,23,0.5175648573461862,1.0351297146923724,0.5941358024691358,0.07701047144042758,0.03143939331337071,6,97.5,64,149
g2pre,A/RL/AL,auditory_direction,time_resolved_trial_response,glm_clean,balanced_accuracy,24,0.5822604645144595,1.0351297146923724,0.5873456790123457,0.07579859844543119,0.030944648234904108,6,97.5,64,149
g2pre,A/RL/AL,auditory_direction,time_resolved_trial_response,glm_clean,balanced_accuracy,25,0.6469560716827327,1.0351297146923724,0.5842592592592593,0.08618376067198807,0.03518437296008584,6,97.5,64,149
g2pre,A/RL/AL,auditory_direction,time_resolved_trial_response,glm_clean,balanced_accuracy,26,0.711651678851006,1.0351297146923724,0.5765432098765432,0.08502937979031892,0.034713098938600244,6,97.5,64,149
g2pre,A/RL/AL,auditory_direction,time_resolved_trial_response,glm_clean,balanced_accuracy,27,0.7763472860192793,1.0351297146923724,0.5734567901234567,0.06643650254640887,0.027122588588969505,6,97.5,64,149
g2pre,A/RL/AL,auditory_direction,time_resolved_trial_response,glm_clean,balanced_accuracy,28,0.8410428931875525,1.0351297146923724,0.5484567901234568,0.07364148375649594,0.030064009850811802,6,97.5,64,149
g2pre,A/RL/AL,auditory_direction,time_resolved_trial_response,glm_clean,balanced_accuracy,29,0.9057385003558258,1.0351297146923724,0.558641975308642,0.05676059350333993,0.023172415263452775,6,97.5,64,149
g2pre,A/RL/AL,auditory_direction,time_resolved_trial_response,glm_clean,balanced_accuracy,30,0.9704341075240991,1.0351297146923724,0.5595679012345679,0.057823067086883666,0.02360616828759752,6,97.5,64,149
g2pre,A/RL/AL,auditory_direction,time_resolved_trial_response,glm_clean,balanced_accuracy,31,1.0351297146923724,1.0351297146923724,0.5413580246913581,0.064689473160742,0.02640936682888087,6,97.5,64,149
g2pre,A/RL/AL,auditory_direction,time_resolved_trial_response,glm_clean,balanced_accuracy,32,1.0998253218606455,1.0351297146923724,0.5608024691358025,0.06309807579981164,0.02575968157683235,6,97.5,64,149
g2pre,A/RL/AL,auditory_direction,time_resolved_trial_response,glm_clean,balanced_accuracy,33,1.164520929028919,1.0351297146923724,0.5462962962962963,0.07503999847909189,0.030634951095500147,6,97.5,64,149
g2pre,A/RL/AL,auditory_direction,time_resolved_trial_response,glm_clean,balanced_accuracy,34,1.229216536197192,1.0351297146923724,0.5638888888888889,0.05919846418502403,0.02416767180162228,6,97.5,64,149
g2pre,A/RL/AL,auditory_direction,time_resolved_trial_response,glm_clean,balanced_accuracy,35,1.2939121433654655,1.0351297146923724,0.5462962962962963,0.07134798511117091,0.02912769294967667,6,97.5,64,149
g2pre,A/RL/AL,auditory_direction,time_resolved_trial_response,glm_clean,balanced_accuracy,36,1.3586077505337386,1.0351297146923724,0.5435185185185185,0.05912890755959114,0.024139275428198867,6,97.5,64,149
g2pre,A/RL/AL,auditory_direction,time_resolved_trial_response,glm_clean,balanced_accuracy,37,1.423303357702012,1.0351297146923724,0.5580246913580247,0.05726585495367794,0.02337868738679056,6,97.5,64,149
g2pre,A/RL/AL,auditory_direction,time_resolved_trial_response,glm_clean,balanced_accuracy,38,1.4879989648702852,1.0351297146923724,0.5453703703703704,0.06169474391398185,0.025186773733488908,6,97.5,64,149
g2pre,A/RL/AL,auditory_direction,time_resolved_trial_response,glm_clean,balanced_accuracy,39,1.5526945720385585,1.0351297146923724,0.5429012345679013,0.04323059468033236,0.017648816373981857,6,97.5,64,149
g2pre,A/RL/AL,auditory_direction,time_resolved_trial_response,glm_clean,balanced_accuracy,40,1.6173901792068317,1.0351297146923724,0.537037037037037,0.05006169033808353,0.02043759949825389,6,97.5,64,149
g2pre,A/RL/AL,auditory_direction,time_resolved_trial_response,glm_clean,balanced_accuracy,41,1.682085786375105,1.0351297146923724,0.5425925925925926,0.05529568851840328,0.022574370307660397,6,97.5,64,149
g2pre,A/RL/AL,auditory_direction,time_resolved_trial_response,glm_clean,balanced_accuracy,42,1.7467813935433782,1.0351297146923724,0.5222222222222223,0.047038495165500814,0.019203385237308395,6,97.5,64,149
g2pre,A/RL/AL,auditory_direction,time_resolved_trial_response,glm_clean,balanced_accuracy,43,1.8114770007116516,1.0351297146923724,0.5373456790123456,0.03483089988283926,0.014219655332487093,6,97.5,64,149
g2pre,A/RL/AL,auditory_direction,time_resolved_trial_response,glm_clean,balanced_accuracy,44,1.8761726078799248,1.0351297146923724,0.5228395061728395,0.054049546272079425,0.022065634865923885,6,97.5,64,149
g2pre,A/RL/AL,auditory_direction,time_resolved_trial_response,glm_clean,balanced_accuracy,45,1.9408682150481982,1.0351297146923724,0.533641975308642,0.04364114585273553,0.017816423188263385,6,97.5,64,149
g2pre,A/RL/AL,auditory_direction,time_resolved_trial_response,glm_clean,balanced_accuracy,46,2.0055638222164713,1.0351297146923724,0.5277777777777778,0.04376016440812427,0.017865012310034317,6,97.5,64,149
g2pre,A/RL/AL,congruency,time_resolved_trial_response,glm_clean,balanced_accuracy,0,-0.9704341075240991,1.0351297146923724,0.5347222222222222,0.030769453346773314,0.012561576727327793,6,97.5,64,149
g2pre,A/RL/AL,congruency,time_resolved_trial_response,glm_clean,balanced_accuracy,1,-0.9057385003558258,1.0351297146923724,0.4981481481481482,0.03116397624883355,0.012722640027642727,6,97.5,64,149
g2pre,A/RL/AL,congruency,time_resolved_trial_response,glm_clean,balanced_accuracy,2,-0.8410428931875525,1.0351297146923724,0.4870370370370371,0.026566168652487853,0.010845592936552835,6,97.5,64,149
g2pre,A/RL/AL,congruency,time_resolved_trial_response,glm_clean,balanced_accuracy,3,-0.7763472860192793,1.0351297146923724,0.5138888888888888,0.03093202423794458,0.01262794601572765,6,97.5,64,149
g2pre,A/RL/AL,congruency,time_resolved_trial_response,glm_clean,balanced_accuracy,4,-0.711651678851006,1.0351297146923724,0.5106481481481482,0.030297733824448277,0.012368998038760168,6,97.5,64,149
g2pre,A/RL/AL,congruency,time_resolved_trial_response,glm_clean,balanced_accuracy,5,-0.6469560716827327,1.0351297146923724,0.47962962962962963,0.027026887998752632,0.011033680822049058,6,97.5,64,149
g2pre,A/RL/AL,congruency,time_resolved_trial_response,glm_clean,balanced_accuracy,6,-0.5822604645144595,1.0351297146923724,0.5037037037037038,0.012989391049444625,0.005302896690102372,6,97.5,64,149
g2pre,A/RL/AL,congruency,time_resolved_trial_response,glm_clean,balanced_accuracy,7,-0.5175648573461862,1.0351297146923724,0.5013888888888889,0.031168102561496276,0.012724324587733205,6,97.5,64,149
g2pre,A/RL/AL,congruency,time_resolved_trial_response,glm_clean,balanced_accuracy,8,-0.4528692501779129,1.0351297146923724,0.49583333333333335,0.03819823213542224,0.015594362968027926,6,97.5,64,149
g2pre,A/RL/AL,congruency,time_resolved_trial_response,glm_clean,balanced_accuracy,9,-0.38817364300963964,1.0351297146923724,0.5083333333333333,0.029710537682491014,0.012129276217639139,6,97.5,64,149
g2pre,A/RL/AL,congruency,time_resolved_trial_response,glm_clean,balanced_accuracy,10,-0.32347803584136636,1.0351297146923724,0.48657407407407405,0.015457694822259489,0.0063105774856995435,6,97.5,64,149
g2pre,A/RL/AL,congruency,time_resolved_trial_response,glm_clean,balanced_accuracy,11,-0.2587824286730931,1.0351297146923724,0.5097222222222223,0.024891740908022077,0.010162010672369418,6,97.5,64,149
g2pre,A/RL/AL,congruency,time_resolved_trial_response,glm_clean,balanced_accuracy,12,-0.19408682150481982,1.0351297146923724,0.524074074074074,0.05099826512017331,0.020819954551933608,6,97.5,64,149
g2pre,A/RL/AL,congruency,time_resolved_trial_response,glm_clean,balanced_accuracy,13,-0.12939121433654655,1.0351297146923724,0.5157407407407407,0.03843652241220623,0.01569164456615915,6,97.5,64,149
g2pre,A/RL/AL,congruency,time_resolved_trial_response,glm_clean,balanced_accuracy,14,-0.06469560716827327,1.0351297146923724,0.49120370370370364,0.021330487850355316,0.008708135199667759,6,97.5,64,149
g2pre,A/RL/AL,congruency,time_resolved_trial_response,glm_clean,balanced_accuracy,15,0.0,1.0351297146923724,0.4962962962962963,0.029274492049797603,0.01195126133352782,6,97.5,64,149
g2pre,A/RL/AL,congruency,time_resolved_trial_response,glm_clean,balanced_accuracy,16,0.06469560716827327,1.0351297146923724,0.5101851851851852,0.02419485371937716,0.009877507668958964,6,97.5,64,149
g2pre,A/RL/AL,congruency,time_resolved_trial_response,glm_clean,balanced_accuracy,17,0.12939121433654655,1.0351297146923724,0.4930555555555556,0.0275966315711552,0.01126627766148518,6,97.5,64,149
g2pre,A/RL/AL,congruency,time_resolved_trial_response,glm_clean,balanced_accuracy,18,0.19408682150481982,1.0351297146923724,0.5027777777777778,0.04399073976628701,0.01795914430582735,6,97.5,64,149
g2pre,A/RL/AL,congruency,time_resolved_trial_response,glm_clean,balanced_accuracy,19,0.2587824286730931,1.0351297146923724,0.4833333333333334,0.03689323936863107,0.015061601901917725,6,97.5,64,149
g2pre,A/RL/AL,congruency,time_resolved_trial_response,glm_clean,balanced_accuracy,20,0.32347803584136636,1.0351297146923724,0.5078703703703703,0.02411499371367736,0.009844904958155586,6,97.5,64,149
g2pre,A/RL/AL,congruency,time_resolved_trial_response,glm_clean,balanced_accuracy,21,0.38817364300963964,1.0351297146923724,0.49351851851851847,0.02274840020603992,0.009286995494903588,6,97.5,64,149
g2pre,A/RL/AL,congruency,time_resolved_trial_response,glm_clean,balanced_accuracy,22,0.4528692501779129,1.0351297146923724,0.5212962962962963,0.031801208663005,0.012982789071356382,6,97.5,64,149
g2pre,A/RL/AL,congruency,time_resolved_trial_response,glm_clean,balanced_accuracy,23,0.5175648573461862,1.0351297146923724,0.4842592592592592,0.03692111488403128,0.015072982033425657,6,97.5,64,149
g2pre,A/RL/AL,congruency,time_resolved_trial_response,glm_clean,balanced_accuracy,24,0.5822604645144595,1.0351297146923724,0.49907407407407406,0.03116397624883354,0.012722640027642724,6,97.5,64,149
g2pre,A/RL/AL,congruency,time_resolved_trial_response,glm_clean,balanced_accuracy,25,0.6469560716827327,1.0351297146923724,0.4842592592592592,0.037460541654786024,0.015293202090416725,6,97.5,64,149
g2pre,A/RL/AL,congruency,time_resolved_trial_response,glm_clean,balanced_accuracy,26,0.711651678851006,1.0351297146923724,0.4949074074074074,0.03241402048928578,0.013232968451811548,6,97.5,64,149
g2pre,A/RL/AL,congruency,time_resolved_trial_response,glm_clean,balanced_accuracy,27,0.7763472860192793,1.0351297146923724,0.5027777777777778,0.028054180384339097,0.011453071182271277,6,97.5,64,149
g2pre,A/RL/AL,congruency,time_resolved_trial_response,glm_clean,balanced_accuracy,28,0.8410428931875525,1.0351297146923724,0.49583333333333335,0.04930848974054902,0.020130106641934067,6,97.5,64,149
g2pre,A/RL/AL,congruency,time_resolved_trial_response,glm_clean,balanced_accuracy,29,0.9057385003558258,1.0351297146923724,0.5055555555555555,0.036430214023899996,0.014872572596489822,6,97.5,64,149
g2pre,A/RL/AL,congruency,time_resolved_trial_response,glm_clean,balanced_accuracy,30,0.9704341075240991,1.0351297146923724,0.5212962962962963,0.060722671205686515,0.02478992671212076,6,97.5,64,149
g2pre,A/RL/AL,congruency,time_resolved_trial_response,glm_clean,balanced_accuracy,31,1.0351297146923724,1.0351297146923724,0.5064814814814815,0.052135467734401045,0.021284215575103117,6,97.5,64,149
g2pre,A/RL/AL,congruency,time_resolved_trial_response,glm_clean,balanced_accuracy,32,1.0998253218606455,1.0351297146923724,0.5083333333333334,0.049472526357540424,0.020197074310394282,6,97.5,64,149
g2pre,A/RL/AL,congruency,time_resolved_trial_response,glm_clean,balanced_accuracy,33,1.164520929028919,1.0351297146923724,0.5375000000000001,0.05456760446263077,0.022277131236577277,6,97.5,64,149
g2pre,A/RL/AL,congruency,time_resolved_trial_response,glm_clean,balanced_accuracy,34,1.229216536197192,1.0351297146923724,0.5111111111111112,0.04381498700695638,0.01788739354228631,6,97.5,64,149
g2pre,A/RL/AL,congruency,time_resolved_trial_response,glm_clean,balanced_accuracy,35,1.2939121433654655,1.0351297146923724,0.5175925925925926,0.05177904942008628,0.0211387084075941,6,97.5,64,149
g2pre,A/RL/AL,congruency,time_resolved_trial_response,glm_clean,balanced_accuracy,36,1.3586077505337386,1.0351297146923724,0.5212962962962963,0.04276935944102845,0.017460517876034344,6,97.5,64,149
g2pre,A/RL/AL,congruency,time_resolved_trial_response,glm_clean,balanced_accuracy,37,1.423303357702012,1.0351297146923724,0.5064814814814814,0.04039414862078855,0.016490842119180137,6,97.5,64,149
g2pre,A/RL/AL,congruency,time_resolved_trial_response,glm_clean,balanced_accuracy,38,1.4879989648702852,1.0351297146923724,0.5087962962962963,0.02505652047086739,0.0102292816472044,6,97.5,64,149
g2pre,A/RL/AL,congruency,time_resolved_trial_response,glm_clean,balanced_accuracy,39,1.5526945720385585,1.0351297146923724,0.5115740740740741,0.018543963999723714,0.007570541601310625,6,97.5,64,149
g2pre,A/RL/AL,congruency,time_resolved_trial_response,glm_clean,balanced_accuracy,40,1.6173901792068317,1.0351297146923724,0.5092592592592593,0.021989522383403567,0.008977184921141357,6,97.5,64,149
g2pre,A/RL/AL,congruency,time_resolved_trial_response,glm_clean,balanced_accuracy,41,1.682085786375105,1.0351297146923724,0.5092592592592593,0.03373218170092959,0.01377110551302091,6,97.5,64,149
g2pre,A/RL/AL,congruency,time_resolved_trial_response,glm_clean,balanced_accuracy,42,1.7467813935433782,1.0351297146923724,0.5236111111111111,0.02622022120425378,0.010704360482220936,6,97.5,64,149
g2pre,A/RL/AL,congruency,time_resolved_trial_response,glm_clean,balanced_accuracy,43,1.8114770007116516,1.0351297146923724,0.49861111111111117,0.026571008985706957,0.010847568994314808,6,97.5,64,149
g2pre,A/RL/AL,congruency,time_resolved_trial_response,glm_clean,balanced_accuracy,44,1.8761726078799248,1.0351297146923724,0.5101851851851852,0.024574569477827612,0.01003252597820855,6,97.5,64,149
g2pre,A/RL/AL,congruency,time_resolved_trial_response,glm_clean,balanced_accuracy,45,1.9408682150481982,1.0351297146923724,0.5013888888888889,0.027088674686966484,0.011058905131885788,6,97.5,64,149
g2pre,A/RL/AL,congruency,time_resolved_trial_response,glm_clean,balanced_accuracy,46,2.0055638222164713,1.0351297146923724,0.46990740740740744,0.0295238273027198,0.012053052024285683,6,97.5,64,149
g2pre,A/RL/AL,modality,time_resolved_trial_response,glm_clean,balanced_accuracy,0,-0.9704341075240991,1.0351297146923724,0.3351851851851852,0.023062805642749262,0.00941535097695272,6,97.5,64,149
g2pre,A/RL/AL,modality,time_resolved_trial_response,glm_clean,balanced_accuracy,1,-0.9057385003558258,1.0351297146923724,0.34521604938271605,0.02541437564164595,0.010375375408908401,6,97.5,64,149
g2pre,A/RL/AL,modality,time_resolved_trial_response,glm_clean,balanced_accuracy,2,-0.8410428931875525,1.0351297146923724,0.34629629629629627,0.016830470766669273,0.006871010918194753,6,97.5,64,149
g2pre,A/RL/AL,modality,time_resolved_trial_response,glm_clean,balanced_accuracy,3,-0.7763472860192793,1.0351297146923724,0.32391975308641974,0.021400042519689896,0.00873653077451738,6,97.5,64,149
g2pre,A/RL/AL,modality,time_resolved_trial_response,glm_clean,balanced_accuracy,4,-0.711651678851006,1.0351297146923724,0.3279320987654321,0.022325505865775596,0.009114349603443834,6,97.5,64,149
g2pre,A/RL/AL,modality,time_resolved_trial_response,glm_clean,balanced_accuracy,5,-0.6469560716827327,1.0351297146923724,0.34382716049382717,0.030126998375092435,0.012299295583439066,6,97.5,64,149
g2pre,A/RL/AL,modality,time_resolved_trial_response,glm_clean,balanced_accuracy,6,-0.5822604645144595,1.0351297146923724,0.3333333333333333,0.013993433694305642,0.005712795383419698,6,97.5,64,149
g2pre,A/RL/AL,modality,time_resolved_trial_response,glm_clean,balanced_accuracy,7,-0.5175648573461862,1.0351297146923724,0.3387345679012346,0.025662796102434993,0.010476792637341774,6,97.5,64,149
g2pre,A/RL/AL,modality,time_resolved_trial_response,glm_clean,balanced_accuracy,8,-0.4528692501779129,1.0351297146923724,0.33163580246913577,0.015286660343370916,0.006240752952082905,6,97.5,64,149
g2pre,A/RL/AL,modality,time_resolved_trial_response,glm_clean,balanced_accuracy,9,-0.38817364300963964,1.0351297146923724,0.3339506172839506,0.01121351982999071,0.004577900300676336,6,97.5,64,149
g2pre,A/RL/AL,modality,time_resolved_trial_response,glm_clean,balanced_accuracy,10,-0.32347803584136636,1.0351297146923724,0.3351851851851852,0.018573990989807172,0.007582800068679973,6,97.5,64,149
g2pre,A/RL/AL,modality,time_resolved_trial_response,glm_clean,balanced_accuracy,11,-0.2587824286730931,1.0351297146923724,0.3371913580246913,0.018679087823075004,0.007625705671194731,6,97.5,64,149
g2pre,A/RL/AL,modality,time_resolved_trial_response,glm_clean,balanced_accuracy,12,-0.19408682150481982,1.0351297146923724,0.33101851851851855,0.007516556941704575,0.003068621521625175,6,97.5,64,149
g2pre,A/RL/AL,modality,time_resolved_trial_response,glm_clean,balanced_accuracy,13,-0.12939121433654655,1.0351297146923724,0.3396604938271605,0.02672971370738621,0.010912359925628907,6,97.5,64,149
g2pre,A/RL/AL,modality,time_resolved_trial_response,glm_clean,balanced_accuracy,14,-0.06469560716827327,1.0351297146923724,0.34722222222222227,0.023664608964044268,0.00966103615406688,6,97.5,64,149
g2pre,A/RL/AL,modality,time_resolved_trial_response,glm_clean,balanced_accuracy,15,0.0,1.0351297146923724,0.3489197530864198,0.026832155398490848,0.010954181570894601,6,97.5,64,149
g2pre,A/RL/AL,modality,time_resolved_trial_response,glm_clean,balanced_accuracy,16,0.06469560716827327,1.0351297146923724,0.35586419753086423,0.02370563263756406,0.009677783998649886,6,97.5,64,149
g2pre,A/RL/AL,modality,time_resolved_trial_response,glm_clean,balanced_accuracy,17,0.12939121433654655,1.0351297146923724,0.36157407407407405,0.01530160879856811,0.006246855633362236,6,97.5,64,149
g2pre,A/RL/AL,modality,time_resolved_trial_response,glm_clean,balanced_accuracy,18,0.19408682150481982,1.0351297146923724,0.44629629629629625,0.05377390048261196,0.02195310294360023,6,97.5,64,149
g2pre,A/RL/AL,modality,time_resolved_trial_response,glm_clean,balanced_accuracy,19,0.2587824286730931,1.0351297146923724,0.6131172839506173,0.05782232573541314,0.023605865632127045,6,97.5,64,149
g2pre,A/RL/AL,modality,time_resolved_trial_response,glm_clean,balanced_accuracy,20,0.32347803584136636,1.0351297146923724,0.6410493827160494,0.0783437666343776,0.031983708796984485,6,97.5,64,149
g2pre,A/RL/AL,modality,time_resolved_trial_response,glm_clean,balanced_accuracy,21,0.38817364300963964,1.0351297146923724,0.6665123456790124,0.07939115165516858,0.03241130194117986,6,97.5,64,149
g2pre,A/RL/AL,modality,time_resolved_trial_response,glm_clean,balanced_accuracy,22,0.4528692501779129,1.0351297146923724,0.6932098765432099,0.0794586162501446,0.03243884424674566,6,97.5,64,149
g2pre,A/RL/AL,modality,time_resolved_trial_response,glm_clean,balanced_accuracy,23,0.5175648573461862,1.0351297146923724,0.716358024691358,0.09231563517349131,0.03768770024266349,6,97.5,64,149
g2pre,A/RL/AL,modality,time_resolved_trial_response,glm_clean,balanced_accuracy,24,0.5822604645144595,1.0351297146923724,0.7296296296296295,0.08297246969340685,0.03387336890789803,6,97.5,64,149
g2pre,A/RL/AL,modality,time_resolved_trial_response,glm_clean,balanced_accuracy,25,0.6469560716827327,1.0351297146923724,0.7407407407407408,0.0839687707315158,0.03428010710349338,6,97.5,64,149
g2pre,A/RL/AL,modality,time_resolved_trial_response,glm_clean,balanced_accuracy,26,0.711651678851006,1.0351297146923724,0.7337962962962963,0.08499324188416862,0.03469834570019344,6,97.5,64,149
g2pre,A/RL/AL,modality,time_resolved_trial_response,glm_clean,balanced_accuracy,27,0.7763472860192793,1.0351297146923724,0.7550925925925926,0.06146293227544348,0.02509213702834599,6,97.5,64,149
g2pre,A/RL/AL,modality,time_resolved_trial_response,glm_clean,balanced_accuracy,28,0.8410428931875525,1.0351297146923724,0.7567901234567902,0.06421325780772028,0.026214952725117105,6,97.5,64,149
g2pre,A/RL/AL,modality,time_resolved_trial_response,glm_clean,balanced_accuracy,29,0.9057385003558258,1.0351297146923724,0.7526234567901234,0.07542839850696832,0.03079351474289681,6,97.5,64,149
g2pre,A/RL/AL,modality,time_resolved_trial_response,glm_clean,balanced_accuracy,30,0.9704341075240991,1.0351297146923724,0.7398148148148148,0.06615803915930898,0.027008906387229196,6,97.5,64,149
g2pre,A/RL/AL,modality,time_resolved_trial_response,glm_clean,balanced_accuracy,31,1.0351297146923724,1.0351297146923724,0.7501543209876543,0.0660397910423291,0.026960631795621588,6,97.5,64,149
g2pre,A/RL/AL,modality,time_resolved_trial_response,glm_clean,balanced_accuracy,32,1.0998253218606455,1.0351297146923724,0.733179012345679,0.07083524971183164,0.02891836959943611,6,97.5,64,149
g2pre,A/RL/AL,modality,time_resolved_trial_response,glm_clean,balanced_accuracy,33,1.164520929028919,1.0351297146923724,0.7316358024691358,0.0640307514284075,0.026140444807763917,6,97.5,64,149
g2pre,A/RL/AL,modality,time_resolved_trial_response,glm_clean,balanced_accuracy,34,1.229216536197192,1.0351297146923724,0.7320987654320987,0.07550167529338613,0.03082342986568257,6,97.5,64,149
g2pre,A/RL/AL,modality,time_resolved_trial_response,glm_clean,balanced_accuracy,35,1.2939121433654655,1.0351297146923724,0.7348765432098766,0.07912776099818118,0.0323037731557406,6,97.5,64,149
g2pre,A/RL/AL,modality,time_resolved_trial_response,glm_clean,balanced_accuracy,36,1.3586077505337386,1.0351297146923724,0.7151234567901233,0.07876069106053396,0.03215391748121545,6,97.5,64,149
g2pre,A/RL/AL,modality,time_resolved_trial_response,glm_clean,balanced_accuracy,37,1.423303357702012,1.0351297146923724,0.7239197530864198,0.07067530584922556,0.02885307279095699,6,97.5,64,149
g2pre,A/RL/AL,modality,time_resolved_trial_response,glm_clean,balanced_accuracy,38,1.4879989648702852,1.0351297146923724,0.7024691358024692,0.06955834280956119,0.028397074539502694,6,97.5,64,149
g2pre,A/RL/AL,modality,time_resolved_trial_response,glm_clean,balanced_accuracy,39,1.5526945720385585,1.0351297146923724,0.6936728395061729,0.07932849318383954,0.0323857217273767,6,97.5,64,149
g2pre,A/RL/AL,modality,time_resolved_trial_response,glm_clean,balanced_accuracy,40,1.6173901792068317,1.0351297146923724,0.6848765432098766,0.073171976115901,0.029872334159179198,6,97.5,64,149
g2pre,A/RL/AL,modality,time_resolved_trial_response,glm_clean,balanced_accuracy,41,1.682085786375105,1.0351297146923724,0.6688271604938271,0.09086474268489167,0.03709537586454583,6,97.5,64,149
g2pre,A/RL/AL,modality,time_resolved_trial_response,glm_clean,balanced_accuracy,42,1.7467813935433782,1.0351297146923724,0.6618827160493828,0.08598141700101011,0.035101766502322905,6,97.5,64,149
g2pre,A/RL/AL,modality,time_resolved_trial_response,glm_clean,balanced_accuracy,43,1.8114770007116516,1.0351297146923724,0.6481481481481481,0.08370288429621876,0.03417155942082584,6,97.5,64,149
g2pre,A/RL/AL,modality,time_resolved_trial_response,glm_clean,balanced_accuracy,44,1.8761726078799248,1.0351297146923724,0.634104938271605,0.08077644612031454,0.03297684603836475,6,97.5,64,149
g2pre,A/RL/AL,modality,time_resolved_trial_response,glm_clean,balanced_accuracy,45,1.9408682150481982,1.0351297146923724,0.6297839506172839,0.08270217084601161,0.03376301986553457,6,97.5,64,149
g2pre,A/RL/AL,modality,time_resolved_trial_response,glm_clean,balanced_accuracy,46,2.0055638222164713,1.0351297146923724,0.5992283950617284,0.06425530104861897,0.026232116806339557,6,97.5,64,149
g2pre,A/RL/AL,trial_type,time_resolved_trial_response,glm_clean,balanced_accuracy,0,-0.9704341075240991,1.0351297146923724,0.11504629629629627,0.013011647994742805,0.0053119830499713016,6,97.5,64,149
g2pre,A/RL/AL,trial_type,time_resolved_trial_response,glm_clean,balanced_accuracy,1,-0.9057385003558258,1.0351297146923724,0.1372685185185185,0.017289667815453377,0.007058477328346914,6,97.5,64,149
g2pre,A/RL/AL,trial_type,time_resolved_trial_response,glm_clean,balanced_accuracy,2,-0.8410428931875525,1.0351297146923724,0.12800925925925924,0.005373163386094122,0.002193584766755947,6,97.5,64,149
g2pre,A/RL/AL,trial_type,time_resolved_trial_response,glm_clean,balanced_accuracy,3,-0.7763472860192793,1.0351297146923724,0.13125,0.00859541580375878,0.0035090638077105935,6,97.5,64,149
g2pre,A/RL/AL,trial_type,time_resolved_trial_response,glm_clean,balanced_accuracy,4,-0.711651678851006,1.0351297146923724,0.1261574074074074,0.011700238293799296,0.004776602281463388,6,97.5,64,149
g2pre,A/RL/AL,trial_type,time_resolved_trial_response,glm_clean,balanced_accuracy,5,-0.6469560716827327,1.0351297146923724,0.1300925925925926,0.02205959007786164,0.00900578993762061,6,97.5,64,149
g2pre,A/RL/AL,trial_type,time_resolved_trial_response,glm_clean,balanced_accuracy,6,-0.5822604645144595,1.0351297146923724,0.1259259259259259,0.009447167363470154,0.003856789925862691,6,97.5,64,149
g2pre,A/RL/AL,trial_type,time_resolved_trial_response,glm_clean,balanced_accuracy,7,-0.5175648573461862,1.0351297146923724,0.13449074074074074,0.014093401689919145,0.005753607146730009,6,97.5,64,149
g2pre,A/RL/AL,trial_type,time_resolved_trial_response,glm_clean,balanced_accuracy,8,-0.4528692501779129,1.0351297146923724,0.12129629629629629,0.010269015283712421,0.004192307934322877,6,97.5,64,149
g2pre,A/RL/AL,trial_type,time_resolved_trial_response,glm_clean,balanced_accuracy,9,-0.38817364300963964,1.0351297146923724,0.12939814814814815,0.010773218776129724,0.004398148148148151,6,97.5,64,149
g2pre,A/RL/AL,trial_type,time_resolved_trial_response,glm_clean,balanced_accuracy,10,-0.32347803584136636,1.0351297146923724,0.1298611111111111,0.013657799743266138,0.005575773396686188,6,97.5,64,149
g2pre,A/RL/AL,trial_type,time_resolved_trial_response,glm_clean,balanced_accuracy,11,-0.2587824286730931,1.0351297146923724,0.13171296296296295,0.015991333172237835,0.006528434429804161,6,97.5,64,149
g2pre,A/RL/AL,trial_type,time_resolved_trial_response,glm_clean,balanced_accuracy,12,-0.19408682150481982,1.0351297146923724,0.12314814814814813,0.009282378544334925,0.003789515172163174,6,97.5,64,149
g2pre,A/RL/AL,trial_type,time_resolved_trial_response,glm_clean,balanced_accuracy,13,-0.12939121433654655,1.0351297146923724,0.12060185185185185,0.012711684945607291,0.0051895236479594,6,97.5,64,149
g2pre,A/RL/AL,trial_type,time_resolved_trial_response,glm_clean,balanced_accuracy,14,-0.06469560716827327,1.0351297146923724,0.1328703703703704,0.013224867460264533,0.005399029532264165,6,97.5,64,149
g2pre,A/RL/AL,trial_type,time_resolved_trial_response,glm_clean,balanced_accuracy,15,0.0,1.0351297146923724,0.13449074074074074,0.016699427678027248,0.006817512801279542,6,97.5,64,149
g2pre,A/RL/AL,trial_type,time_resolved_trial_response,glm_clean,balanced_accuracy,16,0.06469560716827327,1.0351297146923724,0.13032407407407406,0.026270445692306545,0.010724864543607902,6,97.5,64,149
g2pre,A/RL/AL,trial_type,time_resolved_trial_response,glm_clean,balanced_accuracy,17,0.12939121433654655,1.0351297146923724,0.13819444444444443,0.007388575599039096,0.0030163733572707236,6,97.5,64,149
g2pre,A/RL/AL,trial_type,time_resolved_trial_response,glm_clean,balanced_accuracy,18,0.19408682150481982,1.0351297146923724,0.1724537037037037,0.030192497978080227,0.012326035684384893,6,97.5,64,149
g2pre,A/RL/AL,trial_type,time_resolved_trial_response,glm_clean,balanced_accuracy,19,0.2587824286730931,1.0351297146923724,0.2831018518518518,0.03457654626246424,0.014115815901795697,6,97.5,64,149
g2pre,A/RL/AL,trial_type,time_resolved_trial_response,glm_clean,balanced_accuracy,20,0.32347803584136636,1.0351297146923724,0.36157407407407405,0.08310926666600615,0.03392921603810233,6,97.5,64,149
g2pre,A/RL/AL,trial_type,time_resolved_trial_response,glm_clean,balanced_accuracy,21,0.38817364300963964,1.0351297146923724,0.4046296296296296,0.07384222976806255,0.03014596406685131,6,97.5,64,149
g2pre,A/RL/AL,trial_type,time_resolved_trial_response,glm_clean,balanced_accuracy,22,0.4528692501779129,1.0351297146923724,0.4418981481481481,0.08396711155592566,0.03427942974789513,6,97.5,64,149
g2pre,A/RL/AL,trial_type,time_resolved_trial_response,glm_clean,balanced_accuracy,23,0.5175648573461862,1.0351297146923724,0.4587962962962963,0.10395967087637534,0.04244135791246608,6,97.5,64,149
g2pre,A/RL/AL,trial_type,time_resolved_trial_response,glm_clean,balanced_accuracy,24,0.5822604645144595,1.0351297146923724,0.4583333333333333,0.11110416644963923,0.0453580860164777,6,97.5,64,149
g2pre,A/RL/AL,trial_type,time_resolved_trial_response,glm_clean,balanced_accuracy,25,0.6469560716827327,1.0351297146923724,0.44837962962962963,0.09732302974805893,0.039731960517408745,6,97.5,64,149
g2pre,A/RL/AL,trial_type,time_resolved_trial_response,glm_clean,balanced_accuracy,26,0.711651678851006,1.0351297146923724,0.45532407407407405,0.09075054274344836,0.03704875393368052,6,97.5,64,149
g2pre,A/RL/AL,trial_type,time_resolved_trial_response,glm_clean,balanced_accuracy,27,0.7763472860192793,1.0351297146923724,0.4527777777777778,0.06842586327867631,0.02793474170703362,6,97.5,64,149
g2pre,A/RL/AL,trial_type,time_resolved_trial_response,glm_clean,balanced_accuracy,28,0.8410428931875525,1.0351297146923724,0.43472222222222223,0.0721367015027975,0.02944968506821906,6,97.5,64,149
g2pre,A/RL/AL,trial_type,time_resolved_trial_response,glm_clean,balanced_accuracy,29,0.9057385003558258,1.0351297146923724,0.44050925925925927,0.05937181873652094,0.024238443500915027,6,97.5,64,149
g2pre,A/RL/AL,trial_type,time_resolved_trial_response,glm_clean,balanced_accuracy,30,0.9704341075240991,1.0351297146923724,0.4391203703703704,0.06674426425318954,0.02724823177963295,6,97.5,64,149
g2pre,A/RL/AL,trial_type,time_resolved_trial_response,glm_clean,balanced_accuracy,31,1.0351297146923724,1.0351297146923724,0.4391203703703704,0.07154283372646889,0.029207239563771324,6,97.5,64,149
g2pre,A/RL/AL,trial_type,time_resolved_trial_response,glm_clean,balanced_accuracy,32,1.0998253218606455,1.0351297146923724,0.4497685185185185,0.08182154940174416,0.033403507666366565,6,97.5,64,149
g2pre,A/RL/AL,trial_type,time_resolved_trial_response,glm_clean,balanced_accuracy,33,1.164520929028919,1.0351297146923724,0.4416666666666667,0.08620514578894829,0.035193103397526224,6,97.5,64,149
g2pre,A/RL/AL,trial_type,time_resolved_trial_response,glm_clean,balanced_accuracy,34,1.229216536197192,1.0351297146923724,0.4358796296296297,0.06763998211908367,0.027613907067122176,6,97.5,64,149
g2pre,A/RL/AL,trial_type,time_resolved_trial_response,glm_clean,balanced_accuracy,35,1.2939121433654655,1.0351297146923724,0.41805555555555557,0.08384564742783367,0.034229842225248885,6,97.5,64,149
g2pre,A/RL/AL,trial_type,time_resolved_trial_response,glm_clean,balanced_accuracy,36,1.3586077505337386,1.0351297146923724,0.4134259259259259,0.0734178104898215,0.029972695622069494,6,97.5,64,149
g2pre,A/RL/AL,trial_type,time_resolved_trial_response,glm_clean,balanced_accuracy,37,1.423303357702012,1.0351297146923724,0.3990740740740741,0.08226475376450205,0.033584445089788605,6,97.5,64,149
g2pre,A/RL/AL,trial_type,time_resolved_trial_response,glm_clean,balanced_accuracy,38,1.4879989648702852,1.0351297146923724,0.3956018518518518,0.07077839190965611,0.02889515749889842,6,97.5,64,149
g2pre,A/RL/AL,trial_type,time_resolved_trial_response,glm_clean,balanced_accuracy,39,1.5526945720385585,1.0351297146923724,0.3814814814814815,0.0706815730842385,0.02885563137893696,6,97.5,64,149
g2pre,A/RL/AL,trial_type,time_resolved_trial_response,glm_clean,balanced_accuracy,40,1.6173901792068317,1.0351297146923724,0.36759259259259264,0.06921443389989042,0.02825667431505431,6,97.5,64,149
g2pre,A/RL/AL,trial_type,time_resolved_trial_response,glm_clean,balanced_accuracy,41,1.682085786375105,1.0351297146923724,0.3423611111111111,0.07871337086598708,0.03213459909268726,6,97.5,64,149
g2pre,A/RL/AL,trial_type,time_resolved_trial_response,glm_clean,balanced_accuracy,42,1.7467813935433782,1.0351297146923724,0.34629629629629627,0.07006757467314059,0.02860496757725871,6,97.5,64,149
g2pre,A/RL/AL,trial_type,time_resolved_trial_response,glm_clean,balanced_accuracy,43,1.8114770007116516,1.0351297146923724,0.32037037037037036,0.07361198462095281,0.030051966879156157,6,97.5,64,149
g2pre,A/RL/AL,trial_type,time_resolved_trial_response,glm_clean,balanced_accuracy,44,1.8761726078799248,1.0351297146923724,0.32037037037037036,0.07720856527251577,0.03152026478167214,6,97.5,64,149
g2pre,A/RL/AL,trial_type,time_resolved_trial_response,glm_clean,balanced_accuracy,45,1.9408682150481982,1.0351297146923724,0.30162037037037037,0.06850709989939374,0.027967906418564576,6,97.5,64,149
g2pre,A/RL/AL,trial_type,time_resolved_trial_response,glm_clean,balanced_accuracy,46,2.0055638222164713,1.0351297146923724,0.2953703703703704,0.05320489936906587,0.021720809211723004,6,97.5,64,149
g2pre,A/RL/AL,visual_direction,time_resolved_trial_response,glm_clean,balanced_accuracy,0,-0.9704341075240991,1.0351297146923724,0.525,0.024081195527882838,0.00983110690658419,6,97.5,64,149
g2pre,A/RL/AL,visual_direction,time_resolved_trial_response,glm_clean,balanced_accuracy,1,-0.9057385003558258,1.0351297146923724,0.5135802469135803,0.029691293857891196,0.012121419959144276,6,97.5,64,149
g2pre,A/RL/AL,visual_direction,time_resolved_trial_response,glm_clean,balanced_accuracy,2,-0.8410428931875525,1.0351297146923724,0.5064814814814814,0.018656890444083207,0.007616643629168551,6,97.5,64,149
g2pre,A/RL/AL,visual_direction,time_resolved_trial_response,glm_clean,balanced_accuracy,3,-0.7763472860192793,1.0351297146923724,0.5197530864197532,0.030957882505990127,0.012638502609451601,6,97.5,64,149
g2pre,A/RL/AL,visual_direction,time_resolved_trial_response,glm_clean,balanced_accuracy,4,-0.711651678851006,1.0351297146923724,0.5104938271604939,0.012704657488580661,0.00518665470064197,6,97.5,64,149
g2pre,A/RL/AL,visual_direction,time_resolved_trial_response,glm_clean,balanced_accuracy,5,-0.6469560716827327,1.0351297146923724,0.4962962962962963,0.012559870339120876,0.005127545594393878,6,97.5,64,149
g2pre,A/RL/AL,visual_direction,time_resolved_trial_response,glm_clean,balanced_accuracy,6,-0.5822604645144595,1.0351297146923724,0.5126543209876543,0.02410017578346225,0.009838855563477055,6,97.5,64,149
g2pre,A/RL/AL,visual_direction,time_resolved_trial_response,glm_clean,balanced_accuracy,7,-0.5175648573461862,1.0351297146923724,0.5203703703703704,0.016850834320114506,0.006879324304076538,6,97.5,64,149
g2pre,A/RL/AL,visual_direction,time_resolved_trial_response,glm_clean,balanced_accuracy,8,-0.4528692501779129,1.0351297146923724,0.4987654320987654,0.006379264534698155,0.002604323840707272,6,97.5,64,149
g2pre,A/RL/AL,visual_direction,time_resolved_trial_response,glm_clean,balanced_accuracy,9,-0.38817364300963964,1.0351297146923724,0.5145061728395062,0.025021709823785317,0.010215070260043202,6,97.5,64,149
g2pre,A/RL/AL,visual_direction,time_resolved_trial_response,glm_clean,balanced_accuracy,10,-0.32347803584136636,1.0351297146923724,0.5126543209876543,0.03654143722760983,0.014917979279264276,6,97.5,64,149
g2pre,A/RL/AL,visual_direction,time_resolved_trial_response,glm_clean,balanced_accuracy,11,-0.2587824286730931,1.0351297146923724,0.5188271604938272,0.012691153862987678,0.005181141868578571,6,97.5,64,149
g2pre,A/RL/AL,visual_direction,time_resolved_trial_response,glm_clean,balanced_accuracy,12,-0.19408682150481982,1.0351297146923724,0.5098765432098765,0.02450236310841594,0.010003047851335631,6,97.5,64,149
g2pre,A/RL/AL,visual_direction,time_resolved_trial_response,glm_clean,balanced_accuracy,13,-0.12939121433654655,1.0351297146923724,0.49845679012345673,0.0448349612913953,0.018303796300225605,6,97.5,64,149
g2pre,A/RL/AL,visual_direction,time_resolved_trial_response,glm_clean,balanced_accuracy,14,-0.06469560716827327,1.0351297146923724,0.524074074074074,0.02958329710772719,0.012077330470514168,6,97.5,64,149
g2pre,A/RL/AL,visual_direction,time_resolved_trial_response,glm_clean,balanced_accuracy,15,0.0,1.0351297146923724,0.5040123456790123,0.019259852792373678,0.007862801977072212,6,97.5,64,149
g2pre,A/RL/AL,visual_direction,time_resolved_trial_response,glm_clean,balanced_accuracy,16,0.06469560716827327,1.0351297146923724,0.49135802469135803,0.029645057711711116,0.012102544131508622,6,97.5,64,149
g2pre,A/RL/AL,visual_direction,time_resolved_trial_response,glm_clean,balanced_accuracy,17,0.12939121433654655,1.0351297146923724,0.49228395061728397,0.02452334814989637,0.010011614958645332,6,97.5,64,149
g2pre,A/RL/AL,visual_direction,time_resolved_trial_response,glm_clean,balanced_accuracy,18,0.19408682150481982,1.0351297146923724,0.5108024691358025,0.02653818499666549,0.010834168656902425,6,97.5,64,149
g2pre,A/RL/AL,visual_direction,time_resolved_trial_response,glm_clean,balanced_accuracy,19,0.2587824286730931,1.0351297146923724,0.6651234567901234,0.08724888848220874,0.03561920956773395,6,97.5,64,149
g2pre,A/RL/AL,visual_direction,time_resolved_trial_response,glm_clean,balanced_accuracy,20,0.32347803584136636,1.0351297146923724,0.7885802469135803,0.10375274413656002,0.04235688042468522,6,97.5,64,149
g2pre,A/RL/AL,visual_direction,time_resolved_trial_response,glm_clean,balanced_accuracy,21,0.38817364300963964,1.0351297146923724,0.869753086419753,0.07426518556445359,0.030318635047669733,6,97.5,64,149
g2pre,A/RL/AL,visual_direction,time_resolved_trial_response,glm_clean,balanced_accuracy,22,0.4528692501779129,1.0351297146923724,0.9117283950617283,0.053321329238927635,0.021768341507053,6,97.5,64,149
g2pre,A/RL/AL,visual_direction,time_resolved_trial_response,glm_clean,balanced_accuracy,23,0.5175648573461862,1.0351297146923724,0.9290123456790124,0.05260910886547659,0.021477578757158076,6,97.5,64,149
g2pre,A/RL/AL,visual_direction,time_resolved_trial_response,glm_clean,balanced_accuracy,24,0.5822604645144595,1.0351297146923724,0.9351851851851851,0.059926795763498845,0.02446501192342547,6,97.5,64,149
g2pre,A/RL/AL,visual_direction,time_resolved_trial_response,glm_clean,balanced_accuracy,25,0.6469560716827327,1.0351297146923724,0.9222222222222222,0.0679102126499936,0.027724228219397292,6,97.5,64,149
g2pre,A/RL/AL,visual_direction,time_resolved_trial_response,glm_clean,balanced_accuracy,26,0.711651678851006,1.0351297146923724,0.9046296296296297,0.0888097641661562,0.03625643439733211,6,97.5,64,149
g2pre,A/RL/AL,visual_direction,time_resolved_trial_response,glm_clean,balanced_accuracy,27,0.7763472860192793,1.0351297146923724,0.8950617283950617,0.079242527367416,0.03235062632978346,6,97.5,64,149
g2pre,A/RL/AL,visual_direction,time_resolved_trial_response,glm_clean,balanced_accuracy,28,0.8410428931875525,1.0351297146923724,0.8864197530864198,0.08788528083826165,0.03587901565915681,6,97.5,64,149
g2pre,A/RL/AL,visual_direction,time_resolved_trial_response,glm_clean,balanced_accuracy,29,0.9057385003558258,1.0351297146923724,0.8836419753086421,0.07711727184507179,0.031482994395987556,6,97.5,64,149
g2pre,A/RL/AL,visual_direction,time_resolved_trial_response,glm_clean,balanced_accuracy,30,0.9704341075240991,1.0351297146923724,0.9003086419753087,0.0698657998982873,0.028522593370366122,6,97.5,64,149
g2pre,A/RL/AL,visual_direction,time_resolved_trial_response,glm_clean,balanced_accuracy,31,1.0351297146923724,1.0351297146923724,0.9098765432098764,0.047656559788771785,0.01945570906315496,6,97.5,64,149
g2pre,A/RL/AL,visual_direction,time_resolved_trial_response,glm_clean,balanced_accuracy,32,1.0998253218606455,1.0351297146923724,0.9200617283950617,0.03294874155696196,0.013451267413565358,6,97.5,64,149
g2pre,A/RL/AL,visual_direction,time_resolved_trial_response,glm_clean,balanced_accuracy,33,1.164520929028919,1.0351297146923724,0.915432098765432,0.039207979554198545,0.01600659062554365,6,97.5,64,149
g2pre,A/RL/AL,visual_direction,time_resolved_trial_response,glm_clean,balanced_accuracy,34,1.229216536197192,1.0351297146923724,0.9003086419753087,0.03180480303528689,0.012984256467695755,6,97.5,64,149
g2pre,A/RL/AL,visual_direction,time_resolved_trial_response,glm_clean,balanced_accuracy,35,1.2939121433654655,1.0351297146923724,0.884567901234568,0.04110388102367038,0.016780589159343454,6,97.5,64,149
g2pre,A/RL/AL,visual_direction,time_resolved_trial_response,glm_clean,balanced_accuracy,36,1.3586077505337386,1.0351297146923724,0.8753086419753088,0.055365931528588465,0.022603046896485537,6,97.5,64,149
g2pre,A/RL/AL,visual_direction,time_resolved_trial_response,glm_clean,balanced_accuracy,37,1.423303357702012,1.0351297146923724,0.8570987654320987,0.061968360733950616,0.025298477332483315,6,97.5,64,149
g2pre,A/RL/AL,visual_direction,time_resolved_trial_response,glm_clean,balanced_accuracy,38,1.4879989648702852,1.0351297146923724,0.8546296296296297,0.061494309237417284,0.025104946619431745,6,97.5,64,149
g2pre,A/RL/AL,visual_direction,time_resolved_trial_response,glm_clean,balanced_accuracy,39,1.5526945720385585,1.0351297146923724,0.8231481481481482,0.07540244107927349,0.030782917667415564,6,97.5,64,149
g2pre,A/RL/AL,visual_direction,time_resolved_trial_response,glm_clean,balanced_accuracy,40,1.6173901792068317,1.0351297146923724,0.825925925925926,0.06791021264999364,0.02772422821939731,6,97.5,64,149
g2pre,A/RL/AL,visual_direction,time_resolved_trial_response,glm_clean,balanced_accuracy,41,1.682085786375105,1.0351297146923724,0.8003086419753086,0.07873673961705265,0.03214413934536006,6,97.5,64,149
g2pre,A/RL/AL,visual_direction,time_resolved_trial_response,glm_clean,balanced_accuracy,42,1.7467813935433782,1.0351297146923724,0.7777777777777778,0.08204351617253709,0.03349412522108257,6,97.5,64,149
g2pre,A/RL/AL,visual_direction,time_resolved_trial_response,glm_clean,balanced_accuracy,43,1.8114770007116516,1.0351297146923724,0.7845679012345679,0.08140288015809906,0.03323258666337866,6,97.5,64,149
g2pre,A/RL/AL,visual_direction,time_resolved_trial_response,glm_clean,balanced_accuracy,44,1.8761726078799248,1.0351297146923724,0.7567901234567902,0.08963932199405421,0.036595099962412385,6,97.5,64,149
g2pre,A/RL/AL,visual_direction,time_resolved_trial_response,glm_clean,balanced_accuracy,45,1.9408682150481982,1.0351297146923724,0.755246913580247,0.08861390077784286,0.03617647350388873,6,97.5,64,149
g2pre,A/RL/AL,visual_direction,time_resolved_trial_response,glm_clean,balanced_accuracy,46,2.0055638222164713,1.0351297146923724,0.7466049382716049,0.0874216613194665,0.03568974378318302,6,97.5,64,149
g2pre,AM/PM,auditory_direction,time_resolved_trial_response,glm_clean,balanced_accuracy,0,-0.9704341075240991,1.0351297146923724,0.49382716049382713,0.0564840112770836,0.03261105911573407,3,176.66666666666666,159,186
g2pre,AM/PM,auditory_direction,time_resolved_trial_response,glm_clean,balanced_accuracy,1,-0.9057385003558258,1.0351297146923724,0.4685185185185185,0.019333900942426947,0.011162432913595758,3,176.66666666666666,159,186
g2pre,AM/PM,auditory_direction,time_resolved_trial_response,glm_clean,balanced_accuracy,2,-0.8410428931875525,1.0351297146923724,0.5061728395061728,0.025947962416029292,0.014981063085816804,3,176.66666666666666,159,186
g2pre,AM/PM,auditory_direction,time_resolved_trial_response,glm_clean,balanced_accuracy,3,-0.7763472860192793,1.0351297146923724,0.5086419753086421,0.035829066323287535,0.020685921086563013,3,176.66666666666666,159,186
g2pre,AM/PM,auditory_direction,time_resolved_trial_response,glm_clean,balanced_accuracy,4,-0.711651678851006,1.0351297146923724,0.5141975308641974,0.01414375214492544,0.00816589910822405,3,176.66666666666666,159,186
g2pre,AM/PM,auditory_direction,time_resolved_trial_response,glm_clean,balanced_accuracy,5,-0.6469560716827327,1.0351297146923724,0.47962962962962963,0.00489953946493446,0.0028287504289851054,3,176.66666666666666,159,186
g2pre,AM/PM,auditory_direction,time_resolved_trial_response,glm_clean,balanced_accuracy,6,-0.5822604645144595,1.0351297146923724,0.5253086419753087,0.04445730266674285,0.025667435662088654,3,176.66666666666666,159,186
g2pre,AM/PM,auditory_direction,time_resolved_trial_response,glm_clean,balanced_accuracy,7,-0.5175648573461862,1.0351297146923724,0.5123456790123456,0.04207957275840561,0.02429465265944992,3,176.66666666666666,159,186
g2pre,AM/PM,auditory_direction,time_resolved_trial_response,glm_clean,balanced_accuracy,8,-0.4528692501779129,1.0351297146923724,0.48086419753086423,0.051096795275493594,0.029500748507033426,3,176.66666666666666,159,186
g2pre,AM/PM,auditory_direction,time_resolved_trial_response,glm_clean,balanced_accuracy,9,-0.38817364300963964,1.0351297146923724,0.5012345679012346,0.018641566506841324,0.010762713440841152,3,176.66666666666666,159,186
g2pre,AM/PM,auditory_direction,time_resolved_trial_response,glm_clean,balanced_accuracy,10,-0.32347803584136636,1.0351297146923724,0.4901234567901234,0.02828750428985092,0.01633179821644812,3,176.66666666666666,159,186
g2pre,AM/PM,auditory_direction,time_resolved_trial_response,glm_clean,balanced_accuracy,11,-0.2587824286730931,1.0351297146923724,0.4858024691358025,0.008751510418986287,0.005052686896217547,3,176.66666666666666,159,186
g2pre,AM/PM,auditory_direction,time_resolved_trial_response,glm_clean,balanced_accuracy,12,-0.19408682150481982,1.0351297146923724,0.532716049382716,0.0182699365270973,0.010548152771997003,3,176.66666666666666,159,186
g2pre,AM/PM,auditory_direction,time_resolved_trial_response,glm_clean,balanced_accuracy,13,-0.12939121433654655,1.0351297146923724,0.519753086419753,0.03801186251442135,0.021946159055100216,3,176.66666666666666,159,186
g2pre,AM/PM,auditory_direction,time_resolved_trial_response,glm_clean,balanced_accuracy,14,-0.06469560716827327,1.0351297146923724,0.47098765432098766,0.030164917834248427,0.01741572343168627,3,176.66666666666666,159,186
g2pre,AM/PM,auditory_direction,time_resolved_trial_response,glm_clean,balanced_accuracy,15,0.0,1.0351297146923724,0.5265432098765431,0.02170172324845302,0.012529495759373113,3,176.66666666666666,159,186
g2pre,AM/PM,auditory_direction,time_resolved_trial_response,glm_clean,balanced_accuracy,16,0.06469560716827327,1.0351297146923724,0.504320987654321,0.0267932523632231,0.015469091464372435,3,176.66666666666666,159,186
g2pre,AM/PM,auditory_direction,time_resolved_trial_response,glm_clean,balanced_accuracy,17,0.12939121433654655,1.0351297146923724,0.5407407407407407,0.02135659739753853,0.012330237256443331,3,176.66666666666666,159,186
g2pre,AM/PM,auditory_direction,time_resolved_trial_response,glm_clean,balanced_accuracy,18,0.19408682150481982,1.0351297146923724,0.528395061728395,0.03960250600579126,0.022864517503027353,3,176.66666666666666,159,186
g2pre,AM/PM,auditory_direction,time_resolved_trial_response,glm_clean,balanced_accuracy,19,0.2587824286730931,1.0351297146923724,0.567283950617284,0.04552442979627728,0.026283541797584905,3,176.66666666666666,159,186
g2pre,AM/PM,auditory_direction,time_resolved_trial_response,glm_clean,balanced_accuracy,20,0.32347803584136636,1.0351297146923724,0.6185185185185185,0.04629629629629628,0.02672917912914933,3,176.66666666666666,159,186
g2pre,AM/PM,auditory_direction,time_resolved_trial_response,glm_clean,balanced_accuracy,21,0.38817364300963964,1.0351297146923724,0.608641975308642,0.0560574041141116,0.03236475735535397,3,176.66666666666666,159,186
g2pre,AM/PM,auditory_direction,time_resolved_trial_response,glm_clean,balanced_accuracy,22,0.4528692501779129,1.0351297146923724,0.637037037037037,0.08192220874294322,0.04729780927034698,3,176.66666666666666,159,186
g2pre,AM/PM,auditory_direction,time_resolved_trial_response,glm_clean,balanced_accuracy,23,0.5175648573461862,1.0351297146923724,0.6438271604938272,0.044764791998310835,0.02584496471044237,3,176.66666666666666,159,186
g2pre,AM/PM,auditory_direction,time_resolved_trial_response,glm_clean,balanced_accuracy,24,0.5822604645144595,1.0351297146923724,0.6222222222222222,0.037175666481268015,0.021463381050263835,3,176.66666666666666,159,186
g2pre,AM/PM,auditory_direction,time_resolved_trial_response,glm_clean,balanced_accuracy,25,0.6469560716827327,1.0351297146923724,0.6283950617283951,0.06086745289668999,0.03514184031479083,3,176.66666666666666,159,186
g2pre,AM/PM,auditory_direction,time_resolved_trial_response,glm_clean,balanced_accuracy,26,0.711651678851006,1.0351297146923724,0.6185185185185186,0.04651798772992761,0.02685717273803341,3,176.66666666666666,159,186
g2pre,AM/PM,auditory_direction,time_resolved_trial_response,glm_clean,balanced_accuracy,27,0.7763472860192793,1.0351297146923724,0.5777777777777777,0.021833011338058577,0.012605294973248271,3,176.66666666666666,159,186
g2pre,AM/PM,auditory_direction,time_resolved_trial_response,glm_clean,balanced_accuracy,28,0.8410428931875525,1.0351297146923724,0.5802469135802469,0.05106322680897175,0.02948136774385075,3,176.66666666666666,159,186
g2pre,AM/PM,auditory_direction,time_resolved_trial_response,glm_clean,balanced_accuracy,29,0.9057385003558258,1.0351297146923724,0.5895061728395062,0.043403446496906035,0.02505899151874622,3,176.66666666666666,159,186
g2pre,AM/PM,auditory_direction,time_resolved_trial_response,glm_clean,balanced_accuracy,30,0.9704341075240991,1.0351297146923724,0.6049382716049383,0.02748820256569415,0.015870321150842477,3,176.66666666666666,159,186
g2pre,AM/PM,auditory_direction,time_resolved_trial_response,glm_clean,balanced_accuracy,31,1.0351297146923724,1.0351297146923724,0.5679012345679012,0.06503489970896756,0.037547916853692735,3,176.66666666666666,159,186
g2pre,AM/PM,auditory_direction,time_resolved_trial_response,glm_clean,balanced_accuracy,32,1.0998253218606455,1.0351297146923724,0.5469135802469136,0.046897333119068074,0.027076187900569506,3,176.66666666666666,159,186
g2pre,AM/PM,auditory_direction,time_resolved_trial_response,glm_clean,balanced_accuracy,33,1.164520929028919,1.0351297146923724,0.5604938271604939,0.03796672670291796,0.021920099882178638,3,176.66666666666666,159,186
g2pre,AM/PM,auditory_direction,time_resolved_trial_response,glm_clean,balanced_accuracy,34,1.229216536197192,1.0351297146923724,0.5722222222222223,0.08500383272243334,0.0490769857044468,3,176.66666666666666,159,186
g2pre,AM/PM,auditory_direction,time_resolved_trial_response,glm_clean,balanced_accuracy,35,1.2939121433654655,1.0351297146923724,0.5944444444444444,0.04186168353873079,0.02416885425981715,3,176.66666666666666,159,186
g2pre,AM/PM,auditory_direction,time_resolved_trial_response,glm_clean,balanced_accuracy,36,1.3586077505337386,1.0351297146923724,0.5697530864197531,0.07279764438422504,0.04202973958160297,3,176.66666666666666,159,186
g2pre,AM/PM,auditory_direction,time_resolved_trial_response,glm_clean,balanced_accuracy,37,1.423303357702012,1.0351297146923724,0.5722222222222223,0.10265675223359406,0.05926890353619825,3,176.66666666666666,159,186
g2pre,AM/PM,auditory_direction,time_resolved_trial_response,glm_clean,balanced_accuracy,38,1.4879989648702852,1.0351297146923724,0.5771604938271605,0.06855187709815723,0.03957844469607522,3,176.66666666666666,159,186
g2pre,AM/PM,auditory_direction,time_resolved_trial_response,glm_clean,balanced_accuracy,39,1.5526945720385585,1.0351297146923724,0.5765432098765432,0.06291755806561562,0.03632546908593709,3,176.66666666666666,159,186
g2pre,AM/PM,auditory_direction,time_resolved_trial_response,glm_clean,balanced_accuracy,40,1.6173901792068317,1.0351297146923724,0.5691358024691359,0.07241979938796277,0.041811590671299,3,176.66666666666666,159,186
g2pre,AM/PM,auditory_direction,time_resolved_trial_response,glm_clean,balanced_accuracy,41,1.682085786375105,1.0351297146923724,0.5746913580246914,0.06075466567273611,0.03507672258067991,3,176.66666666666666,159,186
g2pre,AM/PM,auditory_direction,time_resolved_trial_response,glm_clean,balanced_accuracy,42,1.7467813935433782,1.0351297146923724,0.5419753086419753,0.05396911850467751,0.031159085096602375,3,176.66666666666666,159,186
g2pre,AM/PM,auditory_direction,time_resolved_trial_response,glm_clean,balanced_accuracy,43,1.8114770007116516,1.0351297146923724,0.5722222222222222,0.05530809082617801,0.031932141126858146,3,176.66666666666666,159,186
g2pre,AM/PM,auditory_direction,time_resolved_trial_response,glm_clean,balanced_accuracy,44,1.8761726078799248,1.0351297146923724,0.5703703703703703,0.06318045225641464,0.03647725111776329,3,176.66666666666666,159,186
g2pre,AM/PM,auditory_direction,time_resolved_trial_response,glm_clean,balanced_accuracy,45,1.9408682150481982,1.0351297146923724,0.5537037037037037,0.02670778722565917,0.015419748144193569,3,176.66666666666666,159,186
g2pre,AM/PM,auditory_direction,time_resolved_trial_response,glm_clean,balanced_accuracy,46,2.0055638222164713,1.0351297146923724,0.5635802469135802,0.05186287360813572,0.029943044038604698,3,176.66666666666666,159,186
g2pre,AM/PM,congruency,time_resolved_trial_response,glm_clean,balanced_accuracy,0,-0.9704341075240991,1.0351297146923724,0.47314814814814815,0.027263762711732326,0.01574074074074074,3,176.66666666666666,159,186
g2pre,AM/PM,congruency,time_resolved_trial_response,glm_clean,balanced_accuracy,1,-0.9057385003558258,1.0351297146923724,0.5009259259259259,0.006990587440065529,0.00403601754031545,3,176.66666666666666,159,186
g2pre,AM/PM,congruency,time_resolved_trial_response,glm_clean,balanced_accuracy,2,-0.8410428931875525,1.0351297146923724,0.5083333333333333,0.030932024237944562,0.017858612520357323,3,176.66666666666666,159,186
g2pre,AM/PM,congruency,time_resolved_trial_response,glm_clean,balanced_accuracy,3,-0.7763472860192793,1.0351297146923724,0.48981481481481487,0.040476838878508184,0.02336931382245181,3,176.66666666666666,159,186
g2pre,AM/PM,congruency,time_resolved_trial_response,glm_clean,balanced_accuracy,4,-0.711651678851006,1.0351297146923724,0.514814814814815,0.01529880707579484,0.008832770383490302,3,176.66666666666666,159,186
g2pre,AM/PM,congruency,time_resolved_trial_response,glm_clean,balanced_accuracy,5,-0.6469560716827327,1.0351297146923724,0.4740740740740741,0.02084875972073651,0.01203703703703705,3,176.66666666666666,159,186
g2pre,AM/PM,congruency,time_resolved_trial_response,glm_clean,balanced_accuracy,6,-0.5822604645144595,1.0351297146923724,0.513888888888889,0.030046260628866596,0.017347216662217783,3,176.66666666666666,159,186
g2pre,AM/PM,congruency,time_resolved_trial_response,glm_clean,balanced_accuracy,7,-0.5175648573461862,1.0351297146923724,0.5212962962962963,0.026979263489506484,0.015576485038204411,3,176.66666666666666,159,186
g2pre,AM/PM,congruency,time_resolved_trial_response,glm_clean,balanced_accuracy,8,-0.4528692501779129,1.0351297146923724,0.512962962962963,0.03313987068180238,0.01913331325904799,3,176.66666666666666,159,186
g2pre,AM/PM,congruency,time_resolved_trial_response,glm_clean,balanced_accuracy,9,-0.38817364300963964,1.0351297146923724,0.5305555555555556,0.05548606765399497,0.03203489609630778,3,176.66666666666666,159,186
g2pre,AM/PM,congruency,time_resolved_trial_response,glm_clean,balanced_accuracy,10,-0.32347803584136636,1.0351297146923724,0.5157407407407407,0.037713725656326545,0.021774029659823824,3,176.66666666666666,159,186
g2pre,AM/PM,congruency,time_resolved_trial_response,glm_clean,balanced_accuracy,11,-0.2587824286730931,1.0351297146923724,0.5296296296296297,0.035717225040714645,0.020621349491963044,3,176.66666666666666,159,186
g2pre,AM/PM,congruency,time_resolved_trial_response,glm_clean,balanced_accuracy,12,-0.19408682150481982,1.0351297146923724,0.5037037037037037,0.008486251286955314,0.004899539464934459,3,176.66666666666666,159,186
g2pre,AM/PM,congruency,time_resolved_trial_response,glm_clean,balanced_accuracy,13,-0.12939121433654655,1.0351297146923724,0.5462962962962963,0.013702452395322879,0.007911114578997697,3,176.66666666666666,159,186
g2pre,AM/PM,congruency,time_resolved_trial_response,glm_clean,balanced_accuracy,14,-0.06469560716827327,1.0351297146923724,0.5166666666666666,0.05099322152968283,0.0294409501770086,3,176.66666666666666,159,186
g2pre,AM/PM,congruency,time_resolved_trial_response,glm_clean,balanced_accuracy,15,0.0,1.0351297146923724,0.48796296296296293,0.016743649370393646,0.00966695047121348,3,176.66666666666666,159,186
g2pre,AM/PM,congruency,time_resolved_trial_response,glm_clean,balanced_accuracy,16,0.06469560716827327,1.0351297146923724,0.5351851851851852,0.021032993873334425,0.01214340467463338,3,176.66666666666666,159,186
g2pre,AM/PM,congruency,time_resolved_trial_response,glm_clean,balanced_accuracy,17,0.12939121433654655,1.0351297146923724,0.5,0.015466012118972246,0.00892930626017864,3,176.66666666666666,159,186
g2pre,AM/PM,congruency,time_resolved_trial_response,glm_clean,balanced_accuracy,18,0.19408682150481982,1.0351297146923724,0.46851851851851856,0.024269152633483632,0.01401180180594589,3,176.66666666666666,159,186
g2pre,AM/PM,congruency,time_resolved_trial_response,glm_clean,balanced_accuracy,19,0.2587824286730931,1.0351297146923724,0.49907407407407406,0.03771372565632649,0.021774029659823797,3,176.66666666666666,159,186
g2pre,AM/PM,congruency,time_resolved_trial_response,glm_clean,balanced_accuracy,20,0.32347803584136636,1.0351297146923724,0.5351851851851852,0.013702452395322908,0.007911114578997715,3,176.66666666666666,159,186
g2pre,AM/PM,congruency,time_resolved_trial_response,glm_clean,balanced_accuracy,21,0.38817364300963964,1.0351297146923724,0.5,0.03130396574884625,0.018073353051799208,3,176.66666666666666,159,186
g2pre,AM/PM,congruency,time_resolved_trial_response,glm_clean,balanced_accuracy,22,0.4528692501779129,1.0351297146923724,0.5157407407407407,0.06946296049448533,0.04010445894019945,3,176.66666666666666,159,186
g2pre,AM/PM,congruency,time_resolved_trial_response,glm_clean,balanced_accuracy,23,0.5175648573461862,1.0351297146923724,0.5166666666666667,0.04672945511461314,0.026979263489506432,3,176.66666666666666,159,186
g2pre,AM/PM,congruency,time_resolved_trial_response,glm_clean,balanced_accuracy,24,0.5822604645144595,1.0351297146923724,0.5277777777777778,0.0416666666666667,0.024056261216234425,3,176.66666666666666,159,186
g2pre,AM/PM,congruency,time_resolved_trial_response,glm_clean,balanced_accuracy,25,0.6469560716827327,1.0351297146923724,0.49074074074074076,0.026979263489506418,0.015576485038204371,3,176.66666666666666,159,186
g2pre,AM/PM,congruency,time_resolved_trial_response,glm_clean,balanced_accuracy,26,0.711651678851006,1.0351297146923724,0.4703703703703704,0.0197072191238822,0.01137796826615233,3,176.66666666666666,159,186
g2pre,AM/PM,congruency,time_resolved_trial_response,glm_clean,balanced_accuracy,27,0.7763472860192793,1.0351297146923724,0.5046296296296297,0.016276292436339778,0.009397121819529841,3,176.66666666666666,159,186
g2pre,AM/PM,congruency,time_resolved_trial_response,glm_clean,balanced_accuracy,28,0.8410428931875525,1.0351297146923724,0.5240740740740741,0.038322596456620235,0.02212556138027509,3,176.66666666666666,159,186
g2pre,AM/PM,congruency,time_resolved_trial_response,glm_clean,balanced_accuracy,29,0.9057385003558258,1.0351297146923724,0.5194444444444445,0.007349309197401667,0.004243125643477645,3,176.66666666666666,159,186
g2pre,AM/PM,congruency,time_resolved_trial_response,glm_clean,balanced_accuracy,30,0.9704341075240991,1.0351297146923724,0.5194444444444445,0.045727993425428715,0.026401069313672705,3,176.66666666666666,159,186
g2pre,AM/PM,congruency,time_resolved_trial_response,glm_clean,balanced_accuracy,31,1.0351297146923724,1.0351297146923724,0.5342592592592593,0.015298807075794773,0.008832770383490264,3,176.66666666666666,159,186
g2pre,AM/PM,congruency,time_resolved_trial_response,glm_clean,balanced_accuracy,32,1.0998253218606455,1.0351297146923724,0.4851851851851852,0.027824035557993964,0.016064214419349535,3,176.66666666666666,159,186
g2pre,AM/PM,congruency,time_resolved_trial_response,glm_clean,balanced_accuracy,33,1.164520929028919,1.0351297146923724,0.5111111111111112,0.02545875386086582,0.014698618394803305,3,176.66666666666666,159,186
g2pre,AM/PM,congruency,time_resolved_trial_response,glm_clean,balanced_accuracy,34,1.229216536197192,1.0351297146923724,0.5111111111111112,0.052996622300941446,0.030597614151589465,3,176.66666666666666,159,186
g2pre,AM/PM,congruency,time_resolved_trial_response,glm_clean,balanced_accuracy,35,1.2939121433654655,1.0351297146923724,0.4824074074074074,0.06783315891626805,0.039163492560290024,3,176.66666666666666,159,186
g2pre,AM/PM,congruency,time_resolved_trial_response,glm_clean,balanced_accuracy,36,1.3586077505337386,1.0351297146923724,0.5083333333333334,0.018215107011950057,0.010516496936667206,3,176.66666666666666,159,186
g2pre,AM/PM,congruency,time_resolved_trial_response,glm_clean,balanced_accuracy,37,1.423303357702012,1.0351297146923724,0.5009259259259259,0.041604892479001794,0.024020595872357123,3,176.66666666666666,159,186
g2pre,AM/PM,congruency,time_resolved_trial_response,glm_clean,balanced_accuracy,38,1.4879989648702852,1.0351297146923724,0.5120370370370371,0.022280017436140703,0.012863374064305391,3,176.66666666666666,159,186
g2pre,AM/PM,congruency,time_resolved_trial_response,glm_clean,balanced_accuracy,39,1.5526945720385585,1.0351297146923724,0.49259259259259264,0.027263762711732357,0.015740740740740757,3,176.66666666666666,159,186
g2pre,AM/PM,congruency,time_resolved_trial_response,glm_clean,balanced_accuracy,40,1.6173901792068317,1.0351297146923724,0.49351851851851847,0.028912027770362937,0.016692367016036977,3,176.66666666666666,159,186
g2pre,AM/PM,congruency,time_resolved_trial_response,glm_clean,balanced_accuracy,41,1.682085786375105,1.0351297146923724,0.5027777777777778,0.07010794146735529,0.0404768388785081,3,176.66666666666666,159,186
g2pre,AM/PM,congruency,time_resolved_trial_response,glm_clean,balanced_accuracy,42,1.7467813935433782,1.0351297146923724,0.5083333333333333,0.019444444444444386,0.01122625523424269,3,176.66666666666666,159,186
g2pre,AM/PM,congruency,time_resolved_trial_response,glm_clean,balanced_accuracy,43,1.8114770007116516,1.0351297146923724,0.48611111111111116,0.03737117790853814,0.02157625962542789,3,176.66666666666666,159,186
g2pre,AM/PM,congruency,time_resolved_trial_response,glm_clean,balanced_accuracy,44,1.8761726078799248,1.0351297146923724,0.49074074074074076,0.030597614151589497,0.0176655407669805,3,176.66666666666666,159,186
g2pre,AM/PM,congruency,time_resolved_trial_response,glm_clean,balanced_accuracy,45,1.9408682150481982,1.0351297146923724,0.4962962962962963,0.03970700304146588,0.022924848894703614,3,176.66666666666666,159,186
g2pre,AM/PM,congruency,time_resolved_trial_response,glm_clean,balanced_accuracy,46,2.0055638222164713,1.0351297146923724,0.513888888888889,0.056723827379617085,0.03274951700708779,3,176.66666666666666,159,186
g2pre,AM/PM,modality,time_resolved_trial_response,glm_clean,balanced_accuracy,0,-0.9704341075240991,1.0351297146923724,0.32654320987654323,0.010324523878813444,0.005960866640687661,3,176.66666666666666,159,186
g2pre,AM/PM,modality,time_resolved_trial_response,glm_clean,balanced_accuracy,1,-0.9057385003558258,1.0351297146923724,0.329320987654321,0.01670092501045519,0.009642283550502057,3,176.66666666666666,159,186
g2pre,AM/PM,modality,time_resolved_trial_response,glm_clean,balanced_accuracy,2,-0.8410428931875525,1.0351297146923724,0.3385802469135803,0.00616511862822167,0.0035594328995897577,3,176.66666666666666,159,186
g2pre,AM/PM,modality,time_resolved_trial_response,glm_clean,balanced_accuracy,3,-0.7763472860192793,1.0351297146923724,0.3435185185185185,0.023036769082638364,0.013300284831120507,3,176.66666666666666,159,186
g2pre,AM/PM,modality,time_resolved_trial_response,glm_clean,balanced_accuracy,4,-0.711651678851006,1.0351297146923724,0.3126543209876543,0.014882177100297767,0.0085922289549846,3,176.66666666666666,159,186
g2pre,AM/PM,modality,time_resolved_trial_response,glm_clean,balanced_accuracy,5,-0.6469560716827327,1.0351297146923724,0.3302469135802469,0.010731690525131897,0.006195944413544657,3,176.66666666666666,159,186
g2pre,AM/PM,modality,time_resolved_trial_response,glm_clean,balanced_accuracy,6,-0.5822604645144595,1.0351297146923724,0.35308641975308647,0.020544986716842743,0.011861653611466443,3,176.66666666666666,159,186
g2pre,AM/PM,modality,time_resolved_trial_response,glm_clean,balanced_accuracy,7,-0.5175648573461862,1.0351297146923724,0.32469135802469135,0.01229542239940873,0.007098765432098785,3,176.66666666666666,159,186
g2pre,AM/PM,modality,time_resolved_trial_response,glm_clean,balanced_accuracy,8,-0.4528692501779129,1.0351297146923724,0.3262345679012346,0.02661667983006216,0.01536714726482047,3,176.66666666666666,159,186
g2pre,AM/PM,modality,time_resolved_trial_response,glm_clean,balanced_accuracy,9,-0.38817364300963964,1.0351297146923724,0.34814814814814815,0.020052229470099745,0.011577160082414235,3,176.66666666666666,159,186
g2pre,AM/PM,modality,time_resolved_trial_response,glm_clean,balanced_accuracy,10,-0.32347803584136636,1.0351297146923724,0.3126543209876543,0.022247927519679127,0.012844846942398028,3,176.66666666666666,159,186
g2pre,AM/PM,modality,time_resolved_trial_response,glm_clean,balanced_accuracy,11,-0.2587824286730931,1.0351297146923724,0.33209876543209876,0.005099602358598266,0.0029442567944967593,3,176.66666666666666,159,186
g2pre,AM/PM,modality,time_resolved_trial_response,glm_clean,balanced_accuracy,12,-0.19408682150481982,1.0351297146923724,0.33796296296296297,0.009799078929868858,0.005657500857970175,3,176.66666666666666,159,186
g2pre,AM/PM,modality,time_resolved_trial_response,glm_clean,balanced_accuracy,13,-0.12939121433654655,1.0351297146923724,0.3351851851851852,0.01579511306410369,0.009119312779440841,3,176.66666666666666,159,186
g2pre,AM/PM,modality,time_resolved_trial_response,glm_clean,balanced_accuracy,14,-0.06469560716827327,1.0351297146923724,0.3654320987654321,0.02120215369826616,0.012241069145093786,3,176.66666666666666,159,186
g2pre,AM/PM,modality,time_resolved_trial_response,glm_clean,balanced_accuracy,15,0.0,1.0351297146923724,0.3716049382716049,0.025430675376684624,0.014682407274402854,3,176.66666666666666,159,186
g2pre,AM/PM,modality,time_resolved_trial_response,glm_clean,balanced_accuracy,16,0.06469560716827327,1.0351297146923724,0.36728395061728397,0.03844916001432337,0.022198632884384593,3,176.66666666666666,159,186
g2pre,AM/PM,modality,time_resolved_trial_response,glm_clean,balanced_accuracy,17,0.12939121433654655,1.0351297146923724,0.3848765432098766,0.02416885425981714,0.013953894512910259,3,176.66666666666666,159,186
g2pre,AM/PM,modality,time_resolved_trial_response,glm_clean,balanced_accuracy,18,0.19408682150481982,1.0351297146923724,0.4506172839506173,0.00990062650144777,0.005716129375756812,3,176.66666666666666,159,186
g2pre,AM/PM,modality,time_resolved_trial_response,glm_clean,balanced_accuracy,19,0.2587824286730931,1.0351297146923724,0.6024691358024692,0.0638172796038834,0.0368449235582517,3,176.66666666666666,159,186
g2pre,AM/PM,modality,time_resolved_trial_response,glm_clean,balanced_accuracy,20,0.32347803584136636,1.0351297146923724,0.6466049382716049,0.10410526310922812,0.06010520168016967,3,176.66666666666666,159,186
g2pre,AM/PM,modality,time_resolved_trial_response,glm_clean,balanced_accuracy,21,0.38817364300963964,1.0351297146923724,0.6864197530864198,0.09907984291500561,0.057203773978244325,3,176.66666666666666,159,186
g2pre,AM/PM,modality,time_resolved_trial_response,glm_clean,balanced_accuracy,22,0.4528692501779129,1.0351297146923724,0.7527777777777778,0.0867261982938693,0.0500713939307583,3,176.66666666666666,159,186
g2pre,AM/PM,modality,time_resolved_trial_response,glm_clean,balanced_accuracy,23,0.5175648573461862,1.0351297146923724,0.7802469135802469,0.07839992208127679,0.04526421611807084,3,176.66666666666666,159,186
g2pre,AM/PM,modality,time_resolved_trial_response,glm_clean,balanced_accuracy,24,0.5822604645144595,1.0351297146923724,0.7808641975308642,0.0987591626096529,0.05701862911762512,3,176.66666666666666,159,186
g2pre,AM/PM,modality,time_resolved_trial_response,glm_clean,balanced_accuracy,25,0.6469560716827327,1.0351297146923724,0.8138888888888888,0.052931873807246135,0.030560231591324857,3,176.66666666666666,159,186
g2pre,AM/PM,modality,time_resolved_trial_response,glm_clean,balanced_accuracy,26,0.711651678851006,1.0351297146923724,0.8095679012345679,0.07454901751735518,0.04304089533146714,3,176.66666666666666,159,186
g2pre,AM/PM,modality,time_resolved_trial_response,glm_clean,balanced_accuracy,27,0.7763472860192793,1.0351297146923724,0.8222222222222223,0.04010445894019948,0.023154320164828466,3,176.66666666666666,159,186
g2pre,AM/PM,modality,time_resolved_trial_response,glm_clean,balanced_accuracy,28,0.8410428931875525,1.0351297146923724,0.8333333333333334,0.05979933293506492,0.03452516096741978,3,176.66666666666666,159,186
g2pre,AM/PM,modality,time_resolved_trial_response,glm_clean,balanced_accuracy,29,0.9057385003558258,1.0351297146923724,0.841358024691358,0.05004570384866495,0.028893900588810997,3,176.66666666666666,159,186
g2pre,AM/PM,modality,time_resolved_trial_response,glm_clean,balanced_accuracy,30,0.9704341075240991,1.0351297146923724,0.8398148148148148,0.04676613444138657,0.027000440308692763,3,176.66666666666666,159,186
g2pre,AM/PM,modality,time_resolved_trial_response,glm_clean,balanced_accuracy,31,1.0351297146923724,1.0351297146923724,0.8373456790123456,0.05185460751054983,0.02993827160493833,3,176.66666666666666,159,186
g2pre,AM/PM,modality,time_resolved_trial_response,glm_clean,balanced_accuracy,32,1.0998253218606455,1.0351297146923724,0.8311728395061729,0.03148602000691143,0.01817846212670026,3,176.66666666666666,159,186
g2pre,AM/PM,modality,time_resolved_trial_response,glm_clean,balanced_accuracy,33,1.164520929028919,1.0351297146923724,0.820679012345679,0.08132525708176244,0.046953159068071064,3,176.66666666666666,159,186
g2pre,AM/PM,modality,time_resolved_trial_response,glm_clean,balanced_accuracy,34,1.229216536197192,1.0351297146923724,0.8228395061728394,0.04611383798769294,0.026623836775561308,3,176.66666666666666,159,186
g2pre,AM/PM,modality,time_resolved_trial_response,glm_clean,balanced_accuracy,35,1.2939121433654655,1.0351297146923724,0.8117283950617283,0.0556660423972947,0.03213880456279922,3,176.66666666666666,159,186
g2pre,AM/PM,modality,time_resolved_trial_response,glm_clean,balanced_accuracy,36,1.3586077505337386,1.0351297146923724,0.8114197530864198,0.05024232544951722,0.029007420122991553,3,176.66666666666666,159,186
g2pre,AM/PM,modality,time_resolved_trial_response,glm_clean,balanced_accuracy,37,1.423303357702012,1.0351297146923724,0.8027777777777777,0.022047927592204922,0.01272937693043289,3,176.66666666666666,159,186
g2pre,AM/PM,modality,time_resolved_trial_response,glm_clean,balanced_accuracy,38,1.4879989648702852,1.0351297146923724,0.7969135802469136,0.03902460152855808,0.02253086419753089,3,176.66666666666666,159,186
g2pre,AM/PM,modality,time_resolved_trial_response,glm_clean,balanced_accuracy,39,1.5526945720385585,1.0351297146923724,0.7799382716049382,0.039656590575089024,0.022895743243670427,3,176.66666666666666,159,186
g2pre,AM/PM,modality,time_resolved_trial_response,glm_clean,balanced_accuracy,40,1.6173901792068317,1.0351297146923724,0.7824074074074074,0.0347314802472427,0.02005222947009974,3,176.66666666666666,159,186
g2pre,AM/PM,modality,time_resolved_trial_response,glm_clean,balanced_accuracy,41,1.682085786375105,1.0351297146923724,0.7765432098765433,0.03990443545405922,0.023038836551261137,3,176.66666666666666,159,186
g2pre,AM/PM,modality,time_resolved_trial_response,glm_clean,balanced_accuracy,42,1.7467813935433782,1.0351297146923724,0.7601851851851852,0.01689656258416164,0.009755234956345081,3,176.66666666666666,159,186
g2pre,AM/PM,modality,time_resolved_trial_response,glm_clean,balanced_accuracy,43,1.8114770007116516,1.0351297146923724,0.7496913580246912,0.025732301663079823,0.01485655129204779,3,176.66666666666666,159,186
g2pre,AM/PM,modality,time_resolved_trial_response,glm_clean,balanced_accuracy,44,1.8761726078799248,1.0351297146923724,0.7530864197530863,0.039990282312951916,0.02308840025835192,3,176.66666666666666,159,186
g2pre,AM/PM,modality,time_resolved_trial_response,glm_clean,balanced_accuracy,45,1.9408682150481982,1.0351297146923724,0.7268518518518517,0.05652700047998954,0.03263587894360406,3,176.66666666666666,159,186
g2pre,AM/PM,modality,time_resolved_trial_response,glm_clean,balanced_accuracy,46,2.0055638222164713,1.0351297146923724,0.7160493827160493,0.02980752920722238,0.017209385011667473,3,176.66666666666666,159,186
g2pre,AM/PM,trial_type,time_resolved_trial_response,glm_clean,balanced_accuracy,0,-0.9704341075240991,1.0351297146923724,0.1273148148148148,0.010047469636208674,0.0058009092991396696,3,176.66666666666666,159,186
g2pre,AM/PM,trial_type,time_resolved_trial_response,glm_clean,balanced_accuracy,1,-0.9057385003558258,1.0351297146923724,0.11296296296296297,0.012525693757841365,0.0072317126628765275,3,176.66666666666666,159,186
g2pre,AM/PM,trial_type,time_resolved_trial_response,glm_clean,balanced_accuracy,2,-0.8410428931875525,1.0351297146923724,0.11574074074074074,0.008138146218169892,0.004698560909764922,3,176.66666666666666,159,186
g2pre,AM/PM,trial_type,time_resolved_trial_response,glm_clean,balanced_accuracy,3,-0.7763472860192793,1.0351297146923724,0.12777777777777777,0.0201747764532416,0.011647912616119561,3,176.66666666666666,159,186
g2pre,AM/PM,trial_type,time_resolved_trial_response,glm_clean,balanced_accuracy,4,-0.711651678851006,1.0351297146923724,0.12685185185185185,0.014186623561152368,0.008190650931923206,3,176.66666666666666,159,186
g2pre,AM/PM,trial_type,time_resolved_trial_response,glm_clean,balanced_accuracy,5,-0.6469560716827327,1.0351297146923724,0.11018518518518518,0.012904962837746628,0.007450683768255132,3,176.66666666666666,159,186
g2pre,AM/PM,trial_type,time_resolved_trial_response,glm_clean,balanced_accuracy,6,-0.5822604645144595,1.0351297146923724,0.13749999999999998,0.0192450089729875,0.011111111111111096,3,176.66666666666666,159,186
g2pre,AM/PM,trial_type,time_resolved_trial_response,glm_clean,balanced_accuracy,7,-0.5175648573461862,1.0351297146923724,0.12222222222222223,0.016839382851364094,0.009722222222222228,3,176.66666666666666,159,186
g2pre,AM/PM,trial_type,time_resolved_trial_response,glm_clean,balanced_accuracy,8,-0.4528692501779129,1.0351297146923724,0.12453703703703702,0.006563632814239746,0.003789515172163178,3,176.66666666666666,159,186
g2pre,AM/PM,trial_type,time_resolved_trial_response,glm_clean,balanced_accuracy,9,-0.38817364300963964,1.0351297146923724,0.12777777777777777,0.006054026310473156,0.0034952937200327535,3,176.66666666666666,159,186
g2pre,AM/PM,trial_type,time_resolved_trial_response,glm_clean,balanced_accuracy,10,-0.32347803584136636,1.0351297146923724,0.1259259259259259,0.024149632140268478,0.013942796617014445,3,176.66666666666666,159,186
g2pre,AM/PM,trial_type,time_resolved_trial_response,glm_clean,balanced_accuracy,11,-0.2587824286730931,1.0351297146923724,0.13194444444444445,0.01210805262094633,0.006990587440065518,3,176.66666666666666,159,186
g2pre,AM/PM,trial_type,time_resolved_trial_response,glm_clean,balanced_accuracy,12,-0.19408682150481982,1.0351297146923724,0.1398148148148148,0.021261041672601906,0.012275068132928562,3,176.66666666666666,159,186
g2pre,AM/PM,trial_type,time_resolved_trial_response,glm_clean,balanced_accuracy,13,-0.12939121433654655,1.0351297146923724,0.1310185185185185,0.005613127617121397,0.0032407407407407615,3,176.66666666666666,159,186
g2pre,AM/PM,trial_type,time_resolved_trial_response,glm_clean,balanced_accuracy,14,-0.06469560716827327,1.0351297146923724,0.13703703703703704,0.017912539001993615,0.010341809214670684,3,176.66666666666666,159,186
g2pre,AM/PM,trial_type,time_resolved_trial_response,glm_clean,balanced_accuracy,15,0.0,1.0351297146923724,0.13842592592592592,0.012448453388656267,0.007187117914935205,3,176.66666666666666,159,186
g2pre,AM/PM,trial_type,time_resolved_trial_response,glm_clean,balanced_accuracy,16,0.06469560716827327,1.0351297146923724,0.13333333333333333,0.014632852434517696,0.008448281292080863,3,176.66666666666666,159,186
g2pre,AM/PM,trial_type,time_resolved_trial_response,glm_clean,balanced_accuracy,17,0.12939121433654655,1.0351297146923724,0.15,0.0055555555555555705,0.0032075014954979293,3,176.66666666666666,159,186
g2pre,AM/PM,trial_type,time_resolved_trial_response,glm_clean,balanced_accuracy,18,0.19408682150481982,1.0351297146923724,0.1851851851851852,0.029669388833355743,0.017129629629629613,3,176.66666666666666,159,186
g2pre,AM/PM,trial_type,time_resolved_trial_response,glm_clean,balanced_accuracy,19,0.2587824286730931,1.0351297146923724,0.37777777777777777,0.035437085617147424,0.02045961092035588,3,176.66666666666666,159,186
g2pre,AM/PM,trial_type,time_resolved_trial_response,glm_clean,balanced_accuracy,20,0.32347803584136636,1.0351297146923724,0.46064814814814814,0.08284967670450595,0.047833283147619976,3,176.66666666666666,159,186
g2pre,AM/PM,trial_type,time_resolved_trial_response,glm_clean,balanced_accuracy,21,0.38817364300963964,1.0351297146923724,0.5032407407407408,0.06576844747390324,0.037971430853241804,3,176.66666666666666,159,186
g2pre,AM/PM,trial_type,time_resolved_trial_response,glm_clean,balanced_accuracy,22,0.4528692501779129,1.0351297146923724,0.538425925925926,0.08263986149443209,0.047712146279603754,3,176.66666666666666,159,186
g2pre,AM/PM,trial_type,time_resolved_trial_response,glm_clean,balanced_accuracy,23,0.5175648573461862,1.0351297146923724,0.5726851851851852,0.07019501787861751,0.040527112467990414,3,176.66666666666666,159,186
g2pre,AM/PM,trial_type,time_resolved_trial_response,glm_clean,balanced_accuracy,24,0.5822604645144595,1.0351297146923724,0.5685185185185185,0.07074249803906124,0.040843200285998575,3,176.66666666666666,159,186
g2pre,AM/PM,trial_type,time_resolved_trial_response,glm_clean,balanced_accuracy,25,0.6469560716827327,1.0351297146923724,0.5754629629629631,0.07046928963664248,0.04068546334131724,3,176.66666666666666,159,186
g2pre,AM/PM,trial_type,time_resolved_trial_response,glm_clean,balanced_accuracy,26,0.711651678851006,1.0351297146923724,0.562037037037037,0.08758079749885236,0.05056479701180452,3,176.66666666666666,159,186
g2pre,AM/PM,trial_type,time_resolved_trial_response,glm_clean,balanced_accuracy,27,0.7763472860192793,1.0351297146923724,0.5472222222222223,0.05912165737164664,0.03413390479845701,3,176.66666666666666,159,186
g2pre,AM/PM,trial_type,time_resolved_trial_response,glm_clean,balanced_accuracy,28,0.8410428931875525,1.0351297146923724,0.5523148148148148,0.047898211690287226,0.02765404541308901,3,176.66666666666666,159,186
g2pre,AM/PM,trial_type,time_resolved_trial_response,glm_clean,balanced_accuracy,29,0.9057385003558258,1.0351297146923724,0.5361111111111111,0.07709271714654393,0.04450950099711681,3,176.66666666666666,159,186
g2pre,AM/PM,trial_type,time_resolved_trial_response,glm_clean,balanced_accuracy,30,0.9704341075240991,1.0351297146923724,0.5407407407407407,0.07245333392403572,0.04183095184472787,3,176.66666666666666,159,186
g2pre,AM/PM,trial_type,time_resolved_trial_response,glm_clean,balanced_accuracy,31,1.0351297146923724,1.0351297146923724,0.5342592592592592,0.06707532925180967,0.03872595939951509,3,176.66666666666666,159,186
g2pre,AM/PM,trial_type,time_resolved_trial_response,glm_clean,balanced_accuracy,32,1.0998253218606455,1.0351297146923724,0.5203703703703703,0.04306302205271655,0.024862447374254696,3,176.66666666666666,159,186
g2pre,AM/PM,trial_type,time_resolved_trial_response,glm_clean,balanced_accuracy,33,1.164520929028919,1.0351297146923724,0.5347222222222222,0.075,0.04330127018922193,3,176.66666666666666,159,186
g2pre,AM/PM,trial_type,time_resolved_trial_response,glm_clean,balanced_accuracy,34,1.229216536197192,1.0351297146923724,0.5564814814814815,0.047817597532130926,0.027607502807176977,3,176.66666666666666,159,186
g2pre,AM/PM,trial_type,time_resolved_trial_response,glm_clean,balanced_accuracy,35,1.2939121433654655,1.0351297146923724,0.5254629629629629,0.06668595400011423,0.038501153493132954,3,176.66666666666666,159,186
g2pre,AM/PM,trial_type,time_resolved_trial_response,glm_clean,balanced_accuracy,36,1.3586077505337386,1.0351297146923724,0.5277777777777778,0.044768781836906205,0.025847268244829427,3,176.66666666666666,159,186
g2pre,AM/PM,trial_type,time_resolved_trial_response,glm_clean,balanced_accuracy,37,1.423303357702012,1.0351297146923724,0.5185185185185185,0.04353082962191305,0.025132536200259237,3,176.66666666666666,159,186
g2pre,AM/PM,trial_type,time_resolved_trial_response,glm_clean,balanced_accuracy,38,1.4879989648702852,1.0351297146923724,0.5055555555555555,0.07064244431127516,0.04078543423932786,3,176.66666666666666,159,186
g2pre,AM/PM,trial_type,time_resolved_trial_response,glm_clean,balanced_accuracy,39,1.5526945720385585,1.0351297146923724,0.5083333333333333,0.0649667531307028,0.037508572408387224,3,176.66666666666666,159,186
g2pre,AM/PM,trial_type,time_resolved_trial_response,glm_clean,balanced_accuracy,40,1.6173901792068317,1.0351297146923724,0.49212962962962964,0.047837763807378586,0.027619145811619766,3,176.66666666666666,159,186
g2pre,AM/PM,trial_type,time_resolved_trial_response,glm_clean,balanced_accuracy,41,1.682085786375105,1.0351297146923724,0.4708333333333334,0.05956050456219879,0.0343872733420554,3,176.66666666666666,159,186
g2pre,AM/PM,trial_type,time_resolved_trial_response,glm_clean,balanced_accuracy,42,1.7467813935433782,1.0351297146923724,0.48055555555555557,0.02939723678960655,0.016972502573910513,3,176.66666666666666,159,186
g2pre,AM/PM,trial_type,time_resolved_trial_response,glm_clean,balanced_accuracy,43,1.8114770007116516,1.0351297146923724,0.4699074074074074,0.04419053629389875,0.025513418024916367,3,176.66666666666666,159,186
g2pre,AM/PM,trial_type,time_resolved_trial_response,glm_clean,balanced_accuracy,44,1.8761726078799248,1.0351297146923724,0.4671296296296297,0.045945429699678145,0.026526606205142203,3,176.66666666666666,159,186
g2pre,AM/PM,trial_type,time_resolved_trial_response,glm_clean,balanced_accuracy,45,1.9408682150481982,1.0351297146923724,0.4328703703703704,0.04215760162160076,0.024339702644620202,3,176.66666666666666,159,186
g2pre,AM/PM,trial_type,time_resolved_trial_response,glm_clean,balanced_accuracy,46,2.0055638222164713,1.0351297146923724,0.41712962962962963,0.03525516919165913,0.0203545814231302,3,176.66666666666666,159,186
g2pre,AM/PM,visual_direction,time_resolved_trial_response,glm_clean,balanced_accuracy,0,-0.9704341075240991,1.0351297146923724,0.508641975308642,0.05189592483205853,0.029962126171633578,3,176.66666666666666,159,186
g2pre,AM/PM,visual_direction,time_resolved_trial_response,glm_clean,balanced_accuracy,1,-0.9057385003558258,1.0351297146923724,0.48209876543209873,0.023594462782242406,0.013622269438712259,3,176.66666666666666,159,186
g2pre,AM/PM,visual_direction,time_resolved_trial_response,glm_clean,balanced_accuracy,2,-0.8410428931875525,1.0351297146923724,0.4919753086419753,0.05291027336814744,0.03054776057199661,3,176.66666666666666,159,186
g2pre,AM/PM,visual_direction,time_resolved_trial_response,glm_clean,balanced_accuracy,3,-0.7763472860192793,1.0351297146923724,0.5092592592592593,0.028748471659740718,0.01659793785154163,3,176.66666666666666,159,186
g2pre,AM/PM,visual_direction,time_resolved_trial_response,glm_clean,balanced_accuracy,4,-0.711651678851006,1.0351297146923724,0.4851851851851852,0.05132002392796675,0.02962962962962964,3,176.66666666666666,159,186
g2pre,AM/PM,visual_direction,time_resolved_trial_response,glm_clean,balanced_accuracy,5,-0.6469560716827327,1.0351297146923724,0.47901234567901235,0.026793252363223163,0.01546909146437247,3,176.66666666666666,159,186
g2pre,AM/PM,visual_direction,time_resolved_trial_response,glm_clean,balanced_accuracy,6,-0.5822604645144595,1.0351297146923724,0.5006172839506173,0.005952870840119086,0.003436891581993828,3,176.66666666666666,159,186
g2pre,AM/PM,visual_direction,time_resolved_trial_response,glm_clean,balanced_accuracy,7,-0.5175648573461862,1.0351297146923724,0.49938271604938267,0.021622567763132046,0.012483795318615211,3,176.66666666666666,159,186
g2pre,AM/PM,visual_direction,time_resolved_trial_response,glm_clean,balanced_accuracy,8,-0.4528692501779129,1.0351297146923724,0.48827160493827165,0.0176007128757818,0.010161776316761933,3,176.66666666666666,159,186
g2pre,AM/PM,visual_direction,time_resolved_trial_response,glm_clean,balanced_accuracy,9,-0.38817364300963964,1.0351297146923724,0.504320987654321,0.01574981582984333,0.009093160409047075,3,176.66666666666666,159,186
g2pre,AM/PM,visual_direction,time_resolved_trial_response,glm_clean,balanced_accuracy,10,-0.32347803584136636,1.0351297146923724,0.55,0.004899539464934371,0.002828750428985054,3,176.66666666666666,159,186
g2pre,AM/PM,visual_direction,time_resolved_trial_response,glm_clean,balanced_accuracy,11,-0.2587824286730931,1.0351297146923724,0.5148148148148147,0.028748471659740763,0.016597937851541657,3,176.66666666666666,159,186
g2pre,AM/PM,visual_direction,time_resolved_trial_response,glm_clean,balanced_accuracy,12,-0.19408682150481982,1.0351297146923724,0.5154320987654321,0.04872634783176762,0.028132170037298378,3,176.66666666666666,159,186
g2pre,AM/PM,visual_direction,time_resolved_trial_response,glm_clean,balanced_accuracy,13,-0.12939121433654655,1.0351297146923724,0.49382716049382713,0.05926890353619817,0.03421891741119797,3,176.66666666666666,159,186
g2pre,AM/PM,visual_direction,time_resolved_trial_response,glm_clean,balanced_accuracy,14,-0.06469560716827327,1.0351297146923724,0.5185185185185185,0.02910413638055879,0.016803280973847198,3,176.66666666666666,159,186
g2pre,AM/PM,visual_direction,time_resolved_trial_response,glm_clean,balanced_accuracy,15,0.0,1.0351297146923724,0.5172839506172839,0.028946602685662598,0.016712328852692446,3,176.66666666666666,159,186
g2pre,AM/PM,visual_direction,time_resolved_trial_response,glm_clean,balanced_accuracy,16,0.06469560716827327,1.0351297146923724,0.49506172839506174,0.049076985704446865,0.028334610907477815,3,176.66666666666666,159,186
g2pre,AM/PM,visual_direction,time_resolved_trial_response,glm_clean,balanced_accuracy,17,0.12939121433654655,1.0351297146923724,0.5370370370370371,0.0279623497602621,0.016144070161261792,3,176.66666666666666,159,186
g2pre,AM/PM,visual_direction,time_resolved_trial_response,glm_clean,balanced_accuracy,18,0.19408682150481982,1.0351297146923724,0.5487654320987655,0.06058509114723447,0.03497881868273383,3,176.66666666666666,159,186
g2pre,AM/PM,visual_direction,time_resolved_trial_response,glm_clean,balanced_accuracy,19,0.2587824286730931,1.0351297146923724,0.9197530864197531,0.013006979941793615,0.007509583370738607,3,176.66666666666666,159,186
g2pre,AM/PM,visual_direction,time_resolved_trial_response,glm_clean,balanced_accuracy,20,0.32347803584136636,1.0351297146923724,0.9629629629629629,0.03459544757827658,0.019973690972053572,3,176.66666666666666,159,186
g2pre,AM/PM,visual_direction,time_resolved_trial_response,glm_clean,balanced_accuracy,21,0.38817364300963964,1.0351297146923724,0.9858024691358024,0.007709874072096815,0.004451297870943212,3,176.66666666666666,159,186
g2pre,AM/PM,visual_direction,time_resolved_trial_response,glm_clean,balanced_accuracy,22,0.4528692501779129,1.0351297146923724,0.9901234567901235,0.005952870840119212,0.0034368915819939006,3,176.66666666666666,159,186
g2pre,AM/PM,visual_direction,time_resolved_trial_response,glm_clean,balanced_accuracy,23,0.5175648573461862,1.0351297146923724,0.9919753086419753,0.009134968263548615,0.005274076385998481,3,176.66666666666666,159,186
g2pre,AM/PM,visual_direction,time_resolved_trial_response,glm_clean,balanced_accuracy,24,0.5822604645144595,1.0351297146923724,0.9919753086419753,0.006503489970896734,0.003754791685369261,3,176.66666666666666,159,186
g2pre,AM/PM,visual_direction,time_resolved_trial_response,glm_clean,balanced_accuracy,25,0.6469560716827327,1.0351297146923724,0.9919753086419753,0.0010691671651659432,0.0006172839506172664,3,176.66666666666666,159,186
g2pre,AM/PM,visual_direction,time_resolved_trial_response,glm_clean,balanced_accuracy,26,0.711651678851006,1.0351297146923724,0.9876543209876543,0.004660391626710408,0.002690678360210332,3,176.66666666666666,159,186
g2pre,AM/PM,visual_direction,time_resolved_trial_response,glm_clean,balanced_accuracy,27,0.7763472860192793,1.0351297146923724,0.9777777777777777,0.008486251286955326,0.004899539464934466,3,176.66666666666666,159,186
g2pre,AM/PM,visual_direction,time_resolved_trial_response,glm_clean,balanced_accuracy,28,0.8410428931875525,1.0351297146923724,0.9493827160493827,0.028348055563469268,0.01636675751057145,3,176.66666666666666,159,186
g2pre,AM/PM,visual_direction,time_resolved_trial_response,glm_clean,balanced_accuracy,29,0.9057385003558258,1.0351297146923724,0.9432098765432099,0.03426342984290836,0.019782000443162997,3,176.66666666666666,159,186
g2pre,AM/PM,visual_direction,time_resolved_trial_response,glm_clean,balanced_accuracy,30,0.9704341075240991,1.0351297146923724,0.95679012345679,0.023521677633651292,0.013580246913580174,3,176.66666666666666,159,186
g2pre,AM/PM,visual_direction,time_resolved_trial_response,glm_clean,balanced_accuracy,31,1.0351297146923724,1.0351297146923724,0.9623456790123456,0.03639882219211252,0.021014869790801485,3,176.66666666666666,159,186
g2pre,AM/PM,visual_direction,time_resolved_trial_response,glm_clean,balanced_accuracy,32,1.0998253218606455,1.0351297146923724,0.9703703703703703,0.022528750112215723,0.013006979941793558,3,176.66666666666666,159,186
g2pre,AM/PM,visual_direction,time_resolved_trial_response,glm_clean,balanced_accuracy,33,1.164520929028919,1.0351297146923724,0.9827160493827161,0.009502965628605267,0.0054865397637750115,3,176.66666666666666,159,186
g2pre,AM/PM,visual_direction,time_resolved_trial_response,glm_clean,balanced_accuracy,34,1.229216536197192,1.0351297146923724,0.9864197530864197,0.00913496826354861,0.005274076385998478,3,176.66666666666666,159,186
g2pre,AM/PM,visual_direction,time_resolved_trial_response,glm_clean,balanced_accuracy,35,1.2939121433654655,1.0351297146923724,0.9790123456790122,0.01389917314715772,0.008024691358024728,3,176.66666666666666,159,186
g2pre,AM/PM,visual_direction,time_resolved_trial_response,glm_clean,balanced_accuracy,36,1.3586077505337386,1.0351297146923724,0.9777777777777777,0.00925925925925912,0.0053458358258297875,3,176.66666666666666,159,186
g2pre,AM/PM,visual_direction,time_resolved_trial_response,glm_clean,balanced_accuracy,37,1.423303357702012,1.0351297146923724,0.9716049382716049,0.010691671651659783,0.006172839506172867,3,176.66666666666666,159,186
g2pre,AM/PM,visual_direction,time_resolved_trial_response,glm_clean,balanced_accuracy,38,1.4879989648702852,1.0351297146923724,0.9592592592592593,0.02003084041924442,0.011564811108145204,3,176.66666666666666,159,186
g2pre,AM/PM,visual_direction,time_resolved_trial_response,glm_clean,balanced_accuracy,39,1.5526945720385585,1.0351297146923724,0.9592592592592591,0.021032993873334266,0.012143404674633287,3,176.66666666666666,159,186
g2pre,AM/PM,visual_direction,time_resolved_trial_response,glm_clean,balanced_accuracy,40,1.6173901792068317,1.0351297146923724,0.9487654320987655,0.025947962416029303,0.01498106308581681,3,176.66666666666666,159,186
g2pre,AM/PM,visual_direction,time_resolved_trial_response,glm_clean,balanced_accuracy,41,1.682085786375105,1.0351297146923724,0.9450617283950616,0.025548397637746793,0.01475037425351671,3,176.66666666666666,159,186
g2pre,AM/PM,visual_direction,time_resolved_trial_response,glm_clean,balanced_accuracy,42,1.7467813935433782,1.0351297146923724,0.9302469135802469,0.03653987305419436,0.021096305543993867,3,176.66666666666666,159,186
g2pre,AM/PM,visual_direction,time_resolved_trial_response,glm_clean,balanced_accuracy,43,1.8114770007116516,1.0351297146923724,0.9290123456790124,0.026276292165176296,0.015170624354869789,3,176.66666666666666,159,186
g2pre,AM/PM,visual_direction,time_resolved_trial_response,glm_clean,balanced_accuracy,44,1.8761726078799248,1.0351297146923724,0.9061728395061728,0.04630864032965686,0.02673630596013295,3,176.66666666666666,159,186
g2pre,AM/PM,visual_direction,time_resolved_trial_response,glm_clean,balanced_accuracy,45,1.9408682150481982,1.0351297146923724,0.8987654320987654,0.04276668660663896,0.024691358024691364,3,176.66666666666666,159,186
g2pre,AM/PM,visual_direction,time_resolved_trial_response,glm_clean,balanced_accuracy,46,2.0055638222164713,1.0351297146923724,0.8851851851851852,0.06486770328939627,0.037451385955845705,3,176.66666666666666,159,186
g2pre,LM,auditory_direction,time_resolved_trial_response,glm_clean,balanced_accuracy,0,-0.9704341075240991,1.0351297146923724,0.49074074074074076,,,1,71.0,71,71
g2pre,LM,auditory_direction,time_resolved_trial_response,glm_clean,balanced_accuracy,1,-0.9057385003558258,1.0351297146923724,0.5333333333333333,,,1,71.0,71,71
g2pre,LM,auditory_direction,time_resolved_trial_response,glm_clean,balanced_accuracy,2,-0.8410428931875525,1.0351297146923724,0.45740740740740743,,,1,71.0,71,71
g2pre,LM,auditory_direction,time_resolved_trial_response,glm_clean,balanced_accuracy,3,-0.7763472860192793,1.0351297146923724,0.5388888888888889,,,1,71.0,71,71
g2pre,LM,auditory_direction,time_resolved_trial_response,glm_clean,balanced_accuracy,4,-0.711651678851006,1.0351297146923724,0.5,,,1,71.0,71,71
g2pre,LM,auditory_direction,time_resolved_trial_response,glm_clean,balanced_accuracy,5,-0.6469560716827327,1.0351297146923724,0.5,,,1,71.0,71,71
g2pre,LM,auditory_direction,time_resolved_trial_response,glm_clean,balanced_accuracy,6,-0.5822604645144595,1.0351297146923724,0.47777777777777775,,,1,71.0,71,71
g2pre,LM,auditory_direction,time_resolved_trial_response,glm_clean,balanced_accuracy,7,-0.5175648573461862,1.0351297146923724,0.4833333333333334,,,1,71.0,71,71
g2pre,LM,auditory_direction,time_resolved_trial_response,glm_clean,balanced_accuracy,8,-0.4528692501779129,1.0351297146923724,0.47037037037037044,,,1,71.0,71,71
g2pre,LM,auditory_direction,time_resolved_trial_response,glm_clean,balanced_accuracy,9,-0.38817364300963964,1.0351297146923724,0.5185185185185185,,,1,71.0,71,71
g2pre,LM,auditory_direction,time_resolved_trial_response,glm_clean,balanced_accuracy,10,-0.32347803584136636,1.0351297146923724,0.5037037037037038,,,1,71.0,71,71
g2pre,LM,auditory_direction,time_resolved_trial_response,glm_clean,balanced_accuracy,11,-0.2587824286730931,1.0351297146923724,0.5092592592592593,,,1,71.0,71,71
g2pre,LM,auditory_direction,time_resolved_trial_response,glm_clean,balanced_accuracy,12,-0.19408682150481982,1.0351297146923724,0.5,,,1,71.0,71,71
g2pre,LM,auditory_direction,time_resolved_trial_response,glm_clean,balanced_accuracy,13,-0.12939121433654655,1.0351297146923724,0.5,,,1,71.0,71,71
g2pre,LM,auditory_direction,time_resolved_trial_response,glm_clean,balanced_accuracy,14,-0.06469560716827327,1.0351297146923724,0.5166666666666666,,,1,71.0,71,71
g2pre,LM,auditory_direction,time_resolved_trial_response,glm_clean,balanced_accuracy,15,0.0,1.0351297146923724,0.5037037037037038,,,1,71.0,71,71
g2pre,LM,auditory_direction,time_resolved_trial_response,glm_clean,balanced_accuracy,16,0.06469560716827327,1.0351297146923724,0.4925925925925926,,,1,71.0,71,71
g2pre,LM,auditory_direction,time_resolved_trial_response,glm_clean,balanced_accuracy,17,0.12939121433654655,1.0351297146923724,0.5203703703703704,,,1,71.0,71,71
g2pre,LM,auditory_direction,time_resolved_trial_response,glm_clean,balanced_accuracy,18,0.19408682150481982,1.0351297146923724,0.5,,,1,71.0,71,71
g2pre,LM,auditory_direction,time_resolved_trial_response,glm_clean,balanced_accuracy,19,0.2587824286730931,1.0351297146923724,0.47407407407407404,,,1,71.0,71,71
g2pre,LM,auditory_direction,time_resolved_trial_response,glm_clean,balanced_accuracy,20,0.32347803584136636,1.0351297146923724,0.5277777777777778,,,1,71.0,71,71
g2pre,LM,auditory_direction,time_resolved_trial_response,glm_clean,balanced_accuracy,21,0.38817364300963964,1.0351297146923724,0.5185185185185185,,,1,71.0,71,71
g2pre,LM,auditory_direction,time_resolved_trial_response,glm_clean,balanced_accuracy,22,0.4528692501779129,1.0351297146923724,0.49074074074074064,,,1,71.0,71,71
g2pre,LM,auditory_direction,time_resolved_trial_response,glm_clean,balanced_accuracy,23,0.5175648573461862,1.0351297146923724,0.5314814814814814,,,1,71.0,71,71
g2pre,LM,auditory_direction,time_resolved_trial_response,glm_clean,balanced_accuracy,24,0.5822604645144595,1.0351297146923724,0.48703703703703705,,,1,71.0,71,71
g2pre,LM,auditory_direction,time_resolved_trial_response,glm_clean,balanced_accuracy,25,0.6469560716827327,1.0351297146923724,0.5555555555555556,,,1,71.0,71,71
g2pre,LM,auditory_direction,time_resolved_trial_response,glm_clean,balanced_accuracy,26,0.711651678851006,1.0351297146923724,0.5,,,1,71.0,71,71
g2pre,LM,auditory_direction,time_resolved_trial_response,glm_clean,balanced_accuracy,27,0.7763472860192793,1.0351297146923724,0.5203703703703704,,,1,71.0,71,71
g2pre,LM,auditory_direction,time_resolved_trial_response,glm_clean,balanced_accuracy,28,0.8410428931875525,1.0351297146923724,0.5074074074074074,,,1,71.0,71,71
g2pre,LM,auditory_direction,time_resolved_trial_response,glm_clean,balanced_accuracy,29,0.9057385003558258,1.0351297146923724,0.45925925925925926,,,1,71.0,71,71
g2pre,LM,auditory_direction,time_resolved_trial_response,glm_clean,balanced_accuracy,30,0.9704341075240991,1.0351297146923724,0.48703703703703705,,,1,71.0,71,71
g2pre,LM,auditory_direction,time_resolved_trial_response,glm_clean,balanced_accuracy,31,1.0351297146923724,1.0351297146923724,0.48888888888888893,,,1,71.0,71,71
g2pre,LM,auditory_direction,time_resolved_trial_response,glm_clean,balanced_accuracy,32,1.0998253218606455,1.0351297146923724,0.512962962962963,,,1,71.0,71,71
g2pre,LM,auditory_direction,time_resolved_trial_response,glm_clean,balanced_accuracy,33,1.164520929028919,1.0351297146923724,0.4537037037037037,,,1,71.0,71,71
g2pre,LM,auditory_direction,time_resolved_trial_response,glm_clean,balanced_accuracy,34,1.229216536197192,1.0351297146923724,0.5277777777777778,,,1,71.0,71,71
g2pre,LM,auditory_direction,time_resolved_trial_response,glm_clean,balanced_accuracy,35,1.2939121433654655,1.0351297146923724,0.5166666666666667,,,1,71.0,71,71
g2pre,LM,auditory_direction,time_resolved_trial_response,glm_clean,balanced_accuracy,36,1.3586077505337386,1.0351297146923724,0.548148148148148,,,1,71.0,71,71
g2pre,LM,auditory_direction,time_resolved_trial_response,glm_clean,balanced_accuracy,37,1.423303357702012,1.0351297146923724,0.524074074074074,,,1,71.0,71,71
g2pre,LM,auditory_direction,time_resolved_trial_response,glm_clean,balanced_accuracy,38,1.4879989648702852,1.0351297146923724,0.5,,,1,71.0,71,71
g2pre,LM,auditory_direction,time_resolved_trial_response,glm_clean,balanced_accuracy,39,1.5526945720385585,1.0351297146923724,0.5055555555555555,,,1,71.0,71,71
g2pre,LM,auditory_direction,time_resolved_trial_response,glm_clean,balanced_accuracy,40,1.6173901792068317,1.0351297146923724,0.5314814814814816,,,1,71.0,71,71
g2pre,LM,auditory_direction,time_resolved_trial_response,glm_clean,balanced_accuracy,41,1.682085786375105,1.0351297146923724,0.5370370370370371,,,1,71.0,71,71
g2pre,LM,auditory_direction,time_resolved_trial_response,glm_clean,balanced_accuracy,42,1.7467813935433782,1.0351297146923724,0.45,,,1,71.0,71,71
g2pre,LM,auditory_direction,time_resolved_trial_response,glm_clean,balanced_accuracy,43,1.8114770007116516,1.0351297146923724,0.4962962962962963,,,1,71.0,71,71
g2pre,LM,auditory_direction,time_resolved_trial_response,glm_clean,balanced_accuracy,44,1.8761726078799248,1.0351297146923724,0.5,,,1,71.0,71,71
g2pre,LM,auditory_direction,time_resolved_trial_response,glm_clean,balanced_accuracy,45,1.9408682150481982,1.0351297146923724,0.5092592592592592,,,1,71.0,71,71
g2pre,LM,auditory_direction,time_resolved_trial_response,glm_clean,balanced_accuracy,46,2.0055638222164713,1.0351297146923724,0.48888888888888893,,,1,71.0,71,71
g2pre,LM,congruency,time_resolved_trial_response,glm_clean,balanced_accuracy,0,-0.9704341075240991,1.0351297146923724,0.5583333333333333,,,1,71.0,71,71
g2pre,LM,congruency,time_resolved_trial_response,glm_clean,balanced_accuracy,1,-0.9057385003558258,1.0351297146923724,0.5166666666666666,,,1,71.0,71,71
g2pre,LM,congruency,time_resolved_trial_response,glm_clean,balanced_accuracy,2,-0.8410428931875525,1.0351297146923724,0.5638888888888889,,,1,71.0,71,71
g2pre,LM,congruency,time_resolved_trial_response,glm_clean,balanced_accuracy,3,-0.7763472860192793,1.0351297146923724,0.5,,,1,71.0,71,71
g2pre,LM,congruency,time_resolved_trial_response,glm_clean,balanced_accuracy,4,-0.711651678851006,1.0351297146923724,0.49444444444444446,,,1,71.0,71,71
g2pre,LM,congruency,time_resolved_trial_response,glm_clean,balanced_accuracy,5,-0.6469560716827327,1.0351297146923724,0.4722222222222222,,,1,71.0,71,71
g2pre,LM,congruency,time_resolved_trial_response,glm_clean,balanced_accuracy,6,-0.5822604645144595,1.0351297146923724,0.4666666666666667,,,1,71.0,71,71
g2pre,LM,congruency,time_resolved_trial_response,glm_clean,balanced_accuracy,7,-0.5175648573461862,1.0351297146923724,0.49444444444444446,,,1,71.0,71,71
g2pre,LM,congruency,time_resolved_trial_response,glm_clean,balanced_accuracy,8,-0.4528692501779129,1.0351297146923724,0.46388888888888885,,,1,71.0,71,71
g2pre,LM,congruency,time_resolved_trial_response,glm_clean,balanced_accuracy,9,-0.38817364300963964,1.0351297146923724,0.4666666666666666,,,1,71.0,71,71
g2pre,LM,congruency,time_resolved_trial_response,glm_clean,balanced_accuracy,10,-0.32347803584136636,1.0351297146923724,0.5194444444444445,,,1,71.0,71,71
g2pre,LM,congruency,time_resolved_trial_response,glm_clean,balanced_accuracy,11,-0.2587824286730931,1.0351297146923724,0.4722222222222223,,,1,71.0,71,71
g2pre,LM,congruency,time_resolved_trial_response,glm_clean,balanced_accuracy,12,-0.19408682150481982,1.0351297146923724,0.4916666666666667,,,1,71.0,71,71
g2pre,LM,congruency,time_resolved_trial_response,glm_clean,balanced_accuracy,13,-0.12939121433654655,1.0351297146923724,0.5444444444444445,,,1,71.0,71,71
g2pre,LM,congruency,time_resolved_trial_response,glm_clean,balanced_accuracy,14,-0.06469560716827327,1.0351297146923724,0.5,,,1,71.0,71,71
g2pre,LM,congruency,time_resolved_trial_response,glm_clean,balanced_accuracy,15,0.0,1.0351297146923724,0.49444444444444446,,,1,71.0,71,71
g2pre,LM,congruency,time_resolved_trial_response,glm_clean,balanced_accuracy,16,0.06469560716827327,1.0351297146923724,0.46944444444444444,,,1,71.0,71,71
g2pre,LM,congruency,time_resolved_trial_response,glm_clean,balanced_accuracy,17,0.12939121433654655,1.0351297146923724,0.5166666666666667,,,1,71.0,71,71
g2pre,LM,congruency,time_resolved_trial_response,glm_clean,balanced_accuracy,18,0.19408682150481982,1.0351297146923724,0.513888888888889,,,1,71.0,71,71
g2pre,LM,congruency,time_resolved_trial_response,glm_clean,balanced_accuracy,19,0.2587824286730931,1.0351297146923724,0.4166666666666667,,,1,71.0,71,71
g2pre,LM,congruency,time_resolved_trial_response,glm_clean,balanced_accuracy,20,0.32347803584136636,1.0351297146923724,0.5138888888888888,,,1,71.0,71,71
g2pre,LM,congruency,time_resolved_trial_response,glm_clean,balanced_accuracy,21,0.38817364300963964,1.0351297146923724,0.5888888888888889,,,1,71.0,71,71
g2pre,LM,congruency,time_resolved_trial_response,glm_clean,balanced_accuracy,22,0.4528692501779129,1.0351297146923724,0.45833333333333337,,,1,71.0,71,71
g2pre,LM,congruency,time_resolved_trial_response,glm_clean,balanced_accuracy,23,0.5175648573461862,1.0351297146923724,0.4666666666666667,,,1,71.0,71,71
g2pre,LM,congruency,time_resolved_trial_response,glm_clean,balanced_accuracy,24,0.5822604645144595,1.0351297146923724,0.45833333333333337,,,1,71.0,71,71
g2pre,LM,congruency,time_resolved_trial_response,glm_clean,balanced_accuracy,25,0.6469560716827327,1.0351297146923724,0.4916666666666666,,,1,71.0,71,71
g2pre,LM,congruency,time_resolved_trial_response,glm_clean,balanced_accuracy,26,0.711651678851006,1.0351297146923724,0.4805555555555555,,,1,71.0,71,71
g2pre,LM,congruency,time_resolved_trial_response,glm_clean,balanced_accuracy,27,0.7763472860192793,1.0351297146923724,0.4888888888888888,,,1,71.0,71,71
g2pre,LM,congruency,time_resolved_trial_response,glm_clean,balanced_accuracy,28,0.8410428931875525,1.0351297146923724,0.4805555555555555,,,1,71.0,71,71
g2pre,LM,congruency,time_resolved_trial_response,glm_clean,balanced_accuracy,29,0.9057385003558258,1.0351297146923724,0.5083333333333334,,,1,71.0,71,71
g2pre,LM,congruency,time_resolved_trial_response,glm_clean,balanced_accuracy,30,0.9704341075240991,1.0351297146923724,0.4638888888888889,,,1,71.0,71,71
g2pre,LM,congruency,time_resolved_trial_response,glm_clean,balanced_accuracy,31,1.0351297146923724,1.0351297146923724,0.5166666666666667,,,1,71.0,71,71
g2pre,LM,congruency,time_resolved_trial_response,glm_clean,balanced_accuracy,32,1.0998253218606455,1.0351297146923724,0.4527777777777778,,,1,71.0,71,71
g2pre,LM,congruency,time_resolved_trial_response,glm_clean,balanced_accuracy,33,1.164520929028919,1.0351297146923724,0.43888888888888894,,,1,71.0,71,71
g2pre,LM,congruency,time_resolved_trial_response,glm_clean,balanced_accuracy,34,1.229216536197192,1.0351297146923724,0.5111111111111111,,,1,71.0,71,71
g2pre,LM,congruency,time_resolved_trial_response,glm_clean,balanced_accuracy,35,1.2939121433654655,1.0351297146923724,0.48611111111111105,,,1,71.0,71,71
g2pre,LM,congruency,time_resolved_trial_response,glm_clean,balanced_accuracy,36,1.3586077505337386,1.0351297146923724,0.525,,,1,71.0,71,71
g2pre,LM,congruency,time_resolved_trial_response,glm_clean,balanced_accuracy,37,1.423303357702012,1.0351297146923724,0.49444444444444446,,,1,71.0,71,71
g2pre,LM,congruency,time_resolved_trial_response,glm_clean,balanced_accuracy,38,1.4879989648702852,1.0351297146923724,0.475,,,1,71.0,71,71
g2pre,LM,congruency,time_resolved_trial_response,glm_clean,balanced_accuracy,39,1.5526945720385585,1.0351297146923724,0.4638888888888889,,,1,71.0,71,71
g2pre,LM,congruency,time_resolved_trial_response,glm_clean,balanced_accuracy,40,1.6173901792068317,1.0351297146923724,0.4416666666666666,,,1,71.0,71,71
g2pre,LM,congruency,time_resolved_trial_response,glm_clean,balanced_accuracy,41,1.682085786375105,1.0351297146923724,0.475,,,1,71.0,71,71
g2pre,LM,congruency,time_resolved_trial_response,glm_clean,balanced_accuracy,42,1.7467813935433782,1.0351297146923724,0.4916666666666666,,,1,71.0,71,71
g2pre,LM,congruency,time_resolved_trial_response,glm_clean,balanced_accuracy,43,1.8114770007116516,1.0351297146923724,0.5111111111111111,,,1,71.0,71,71
g2pre,LM,congruency,time_resolved_trial_response,glm_clean,balanced_accuracy,44,1.8761726078799248,1.0351297146923724,0.4611111111111111,,,1,71.0,71,71
g2pre,LM,congruency,time_resolved_trial_response,glm_clean,balanced_accuracy,45,1.9408682150481982,1.0351297146923724,0.5055555555555556,,,1,71.0,71,71
g2pre,LM,congruency,time_resolved_trial_response,glm_clean,balanced_accuracy,46,2.0055638222164713,1.0351297146923724,0.5055555555555555,,,1,71.0,71,71
g2pre,LM,modality,time_resolved_trial_response,glm_clean,balanced_accuracy,0,-0.9704341075240991,1.0351297146923724,0.31666666666666665,,,1,71.0,71,71
g2pre,LM,modality,time_resolved_trial_response,glm_clean,balanced_accuracy,1,-0.9057385003558258,1.0351297146923724,0.3277777777777778,,,1,71.0,71,71
g2pre,LM,modality,time_resolved_trial_response,glm_clean,balanced_accuracy,2,-0.8410428931875525,1.0351297146923724,0.3398148148148148,,,1,71.0,71,71
g2pre,LM,modality,time_resolved_trial_response,glm_clean,balanced_accuracy,3,-0.7763472860192793,1.0351297146923724,0.3324074074074074,,,1,71.0,71,71
g2pre,LM,modality,time_resolved_trial_response,glm_clean,balanced_accuracy,4,-0.711651678851006,1.0351297146923724,0.33611111111111114,,,1,71.0,71,71
g2pre,LM,modality,time_resolved_trial_response,glm_clean,balanced_accuracy,5,-0.6469560716827327,1.0351297146923724,0.3425925925925926,,,1,71.0,71,71
g2pre,LM,modality,time_resolved_trial_response,glm_clean,balanced_accuracy,6,-0.5822604645144595,1.0351297146923724,0.32314814814814813,,,1,71.0,71,71
g2pre,LM,modality,time_resolved_trial_response,glm_clean,balanced_accuracy,7,-0.5175648573461862,1.0351297146923724,0.32222222222222224,,,1,71.0,71,71
g2pre,LM,modality,time_resolved_trial_response,glm_clean,balanced_accuracy,8,-0.4528692501779129,1.0351297146923724,0.325,,,1,71.0,71,71
g2pre,LM,modality,time_resolved_trial_response,glm_clean,balanced_accuracy,9,-0.38817364300963964,1.0351297146923724,0.32500000000000007,,,1,71.0,71,71
g2pre,LM,modality,time_resolved_trial_response,glm_clean,balanced_accuracy,10,-0.32347803584136636,1.0351297146923724,0.3305555555555556,,,1,71.0,71,71
g2pre,LM,modality,time_resolved_trial_response,glm_clean,balanced_accuracy,11,-0.2587824286730931,1.0351297146923724,0.3333333333333333,,,1,71.0,71,71
g2pre,LM,modality,time_resolved_trial_response,glm_clean,balanced_accuracy,12,-0.19408682150481982,1.0351297146923724,0.32222222222222224,,,1,71.0,71,71
g2pre,LM,modality,time_resolved_trial_response,glm_clean,balanced_accuracy,13,-0.12939121433654655,1.0351297146923724,0.312962962962963,,,1,71.0,71,71
g2pre,LM,modality,time_resolved_trial_response,glm_clean,balanced_accuracy,14,-0.06469560716827327,1.0351297146923724,0.31296296296296294,,,1,71.0,71,71
g2pre,LM,modality,time_resolved_trial_response,glm_clean,balanced_accuracy,15,0.0,1.0351297146923724,0.31851851851851853,,,1,71.0,71,71
g2pre,LM,modality,time_resolved_trial_response,glm_clean,balanced_accuracy,16,0.06469560716827327,1.0351297146923724,0.35277777777777775,,,1,71.0,71,71
g2pre,LM,modality,time_resolved_trial_response,glm_clean,balanced_accuracy,17,0.12939121433654655,1.0351297146923724,0.325,,,1,71.0,71,71
g2pre,LM,modality,time_resolved_trial_response,glm_clean,balanced_accuracy,18,0.19408682150481982,1.0351297146923724,0.4898148148148148,,,1,71.0,71,71
g2pre,LM,modality,time_resolved_trial_response,glm_clean,balanced_accuracy,19,0.2587824286730931,1.0351297146923724,0.6953703703703704,,,1,71.0,71,71
g2pre,LM,modality,time_resolved_trial_response,glm_clean,balanced_accuracy,20,0.32347803584136636,1.0351297146923724,0.6666666666666667,,,1,71.0,71,71
g2pre,LM,modality,time_resolved_trial_response,glm_clean,balanced_accuracy,21,0.38817364300963964,1.0351297146923724,0.6833333333333333,,,1,71.0,71,71
g2pre,LM,modality,time_resolved_trial_response,glm_clean,balanced_accuracy,22,0.4528692501779129,1.0351297146923724,0.662962962962963,,,1,71.0,71,71
g2pre,LM,modality,time_resolved_trial_response,glm_clean,balanced_accuracy,23,0.5175648573461862,1.0351297146923724,0.6796296296296297,,,1,71.0,71,71
g2pre,LM,modality,time_resolved_trial_response,glm_clean,balanced_accuracy,24,0.5822604645144595,1.0351297146923724,0.7314814814814814,,,1,71.0,71,71
g2pre,LM,modality,time_resolved_trial_response,glm_clean,balanced_accuracy,25,0.6469560716827327,1.0351297146923724,0.7111111111111111,,,1,71.0,71,71
g2pre,LM,modality,time_resolved_trial_response,glm_clean,balanced_accuracy,26,0.711651678851006,1.0351297146923724,0.7101851851851851,,,1,71.0,71,71
g2pre,LM,modality,time_resolved_trial_response,glm_clean,balanced_accuracy,27,0.7763472860192793,1.0351297146923724,0.7203703703703703,,,1,71.0,71,71
g2pre,LM,modality,time_resolved_trial_response,glm_clean,balanced_accuracy,28,0.8410428931875525,1.0351297146923724,0.7138888888888888,,,1,71.0,71,71
g2pre,LM,modality,time_resolved_trial_response,glm_clean,balanced_accuracy,29,0.9057385003558258,1.0351297146923724,0.7175925925925927,,,1,71.0,71,71
g2pre,LM,modality,time_resolved_trial_response,glm_clean,balanced_accuracy,30,0.9704341075240991,1.0351297146923724,0.7074074074074074,,,1,71.0,71,71
g2pre,LM,modality,time_resolved_trial_response,glm_clean,balanced_accuracy,31,1.0351297146923724,1.0351297146923724,0.7462962962962962,,,1,71.0,71,71
g2pre,LM,modality,time_resolved_trial_response,glm_clean,balanced_accuracy,32,1.0998253218606455,1.0351297146923724,0.7518518518518519,,,1,71.0,71,71
g2pre,LM,modality,time_resolved_trial_response,glm_clean,balanced_accuracy,33,1.164520929028919,1.0351297146923724,0.7166666666666667,,,1,71.0,71,71
g2pre,LM,modality,time_resolved_trial_response,glm_clean,balanced_accuracy,34,1.229216536197192,1.0351297146923724,0.7138888888888888,,,1,71.0,71,71
g2pre,LM,modality,time_resolved_trial_response,glm_clean,balanced_accuracy,35,1.2939121433654655,1.0351297146923724,0.7231481481481481,,,1,71.0,71,71
g2pre,LM,modality,time_resolved_trial_response,glm_clean,balanced_accuracy,36,1.3586077505337386,1.0351297146923724,0.7425925925925927,,,1,71.0,71,71
g2pre,LM,modality,time_resolved_trial_response,glm_clean,balanced_accuracy,37,1.423303357702012,1.0351297146923724,0.7305555555555556,,,1,71.0,71,71
g2pre,LM,modality,time_resolved_trial_response,glm_clean,balanced_accuracy,38,1.4879989648702852,1.0351297146923724,0.7055555555555555,,,1,71.0,71,71
g2pre,LM,modality,time_resolved_trial_response,glm_clean,balanced_accuracy,39,1.5526945720385585,1.0351297146923724,0.7037037037037037,,,1,71.0,71,71
g2pre,LM,modality,time_resolved_trial_response,glm_clean,balanced_accuracy,40,1.6173901792068317,1.0351297146923724,0.6981481481481481,,,1,71.0,71,71
g2pre,LM,modality,time_resolved_trial_response,glm_clean,balanced_accuracy,41,1.682085786375105,1.0351297146923724,0.7092592592592593,,,1,71.0,71,71
g2pre,LM,modality,time_resolved_trial_response,glm_clean,balanced_accuracy,42,1.7467813935433782,1.0351297146923724,0.725925925925926,,,1,71.0,71,71
g2pre,LM,modality,time_resolved_trial_response,glm_clean,balanced_accuracy,43,1.8114770007116516,1.0351297146923724,0.674074074074074,,,1,71.0,71,71
g2pre,LM,modality,time_resolved_trial_response,glm_clean,balanced_accuracy,44,1.8761726078799248,1.0351297146923724,0.6759259259259259,,,1,71.0,71,71
g2pre,LM,modality,time_resolved_trial_response,glm_clean,balanced_accuracy,45,1.9408682150481982,1.0351297146923724,0.6805555555555556,,,1,71.0,71,71
g2pre,LM,modality,time_resolved_trial_response,glm_clean,balanced_accuracy,46,2.0055638222164713,1.0351297146923724,0.6629629629629629,,,1,71.0,71,71
g2pre,LM,trial_type,time_resolved_trial_response,glm_clean,balanced_accuracy,0,-0.9704341075240991,1.0351297146923724,0.14583333333333334,,,1,71.0,71,71
g2pre,LM,trial_type,time_resolved_trial_response,glm_clean,balanced_accuracy,1,-0.9057385003558258,1.0351297146923724,0.12361111111111112,,,1,71.0,71,71
g2pre,LM,trial_type,time_resolved_trial_response,glm_clean,balanced_accuracy,2,-0.8410428931875525,1.0351297146923724,0.12638888888888888,,,1,71.0,71,71
g2pre,LM,trial_type,time_resolved_trial_response,glm_clean,balanced_accuracy,3,-0.7763472860192793,1.0351297146923724,0.1125,,,1,71.0,71,71
g2pre,LM,trial_type,time_resolved_trial_response,glm_clean,balanced_accuracy,4,-0.711651678851006,1.0351297146923724,0.10694444444444444,,,1,71.0,71,71
g2pre,LM,trial_type,time_resolved_trial_response,glm_clean,balanced_accuracy,5,-0.6469560716827327,1.0351297146923724,0.13333333333333336,,,1,71.0,71,71
g2pre,LM,trial_type,time_resolved_trial_response,glm_clean,balanced_accuracy,6,-0.5822604645144595,1.0351297146923724,0.12638888888888888,,,1,71.0,71,71
g2pre,LM,trial_type,time_resolved_trial_response,glm_clean,balanced_accuracy,7,-0.5175648573461862,1.0351297146923724,0.10972222222222223,,,1,71.0,71,71
g2pre,LM,trial_type,time_resolved_trial_response,glm_clean,balanced_accuracy,8,-0.4528692501779129,1.0351297146923724,0.125,,,1,71.0,71,71
g2pre,LM,trial_type,time_resolved_trial_response,glm_clean,balanced_accuracy,9,-0.38817364300963964,1.0351297146923724,0.13194444444444445,,,1,71.0,71,71
g2pre,LM,trial_type,time_resolved_trial_response,glm_clean,balanced_accuracy,10,-0.32347803584136636,1.0351297146923724,0.13611111111111113,,,1,71.0,71,71
g2pre,LM,trial_type,time_resolved_trial_response,glm_clean,balanced_accuracy,11,-0.2587824286730931,1.0351297146923724,0.13194444444444442,,,1,71.0,71,71
g2pre,LM,trial_type,time_resolved_trial_response,glm_clean,balanced_accuracy,12,-0.19408682150481982,1.0351297146923724,0.125,,,1,71.0,71,71
g2pre,LM,trial_type,time_resolved_trial_response,glm_clean,balanced_accuracy,13,-0.12939121433654655,1.0351297146923724,0.11527777777777777,,,1,71.0,71,71
g2pre,LM,trial_type,time_resolved_trial_response,glm_clean,balanced_accuracy,14,-0.06469560716827327,1.0351297146923724,0.10555555555555554,,,1,71.0,71,71
g2pre,LM,trial_type,time_resolved_trial_response,glm_clean,balanced_accuracy,15,0.0,1.0351297146923724,0.12361111111111109,,,1,71.0,71,71
g2pre,LM,trial_type,time_resolved_trial_response,glm_clean,balanced_accuracy,16,0.06469560716827327,1.0351297146923724,0.1222222222222222,,,1,71.0,71,71
g2pre,LM,trial_type,time_resolved_trial_response,glm_clean,balanced_accuracy,17,0.12939121433654655,1.0351297146923724,0.12361111111111112,,,1,71.0,71,71
g2pre,LM,trial_type,time_resolved_trial_response,glm_clean,balanced_accuracy,18,0.19408682150481982,1.0351297146923724,0.2,,,1,71.0,71,71
g2pre,LM,trial_type,time_resolved_trial_response,glm_clean,balanced_accuracy,19,0.2587824286730931,1.0351297146923724,0.2666666666666667,,,1,71.0,71,71
g2pre,LM,trial_type,time_resolved_trial_response,glm_clean,balanced_accuracy,20,0.32347803584136636,1.0351297146923724,0.31388888888888894,,,1,71.0,71,71
g2pre,LM,trial_type,time_resolved_trial_response,glm_clean,balanced_accuracy,21,0.38817364300963964,1.0351297146923724,0.35694444444444445,,,1,71.0,71,71
g2pre,LM,trial_type,time_resolved_trial_response,glm_clean,balanced_accuracy,22,0.4528692501779129,1.0351297146923724,0.32916666666666666,,,1,71.0,71,71
g2pre,LM,trial_type,time_resolved_trial_response,glm_clean,balanced_accuracy,23,0.5175648573461862,1.0351297146923724,0.40138888888888885,,,1,71.0,71,71
g2pre,LM,trial_type,time_resolved_trial_response,glm_clean,balanced_accuracy,24,0.5822604645144595,1.0351297146923724,0.4,,,1,71.0,71,71
g2pre,LM,trial_type,time_resolved_trial_response,glm_clean,balanced_accuracy,25,0.6469560716827327,1.0351297146923724,0.4375,,,1,71.0,71,71
g2pre,LM,trial_type,time_resolved_trial_response,glm_clean,balanced_accuracy,26,0.711651678851006,1.0351297146923724,0.4097222222222222,,,1,71.0,71,71
g2pre,LM,trial_type,time_resolved_trial_response,glm_clean,balanced_accuracy,27,0.7763472860192793,1.0351297146923724,0.4208333333333333,,,1,71.0,71,71
g2pre,LM,trial_type,time_resolved_trial_response,glm_clean,balanced_accuracy,28,0.8410428931875525,1.0351297146923724,0.3638888888888889,,,1,71.0,71,71
g2pre,LM,trial_type,time_resolved_trial_response,glm_clean,balanced_accuracy,29,0.9057385003558258,1.0351297146923724,0.3361111111111111,,,1,71.0,71,71
g2pre,LM,trial_type,time_resolved_trial_response,glm_clean,balanced_accuracy,30,0.9704341075240991,1.0351297146923724,0.4055555555555556,,,1,71.0,71,71
g2pre,LM,trial_type,time_resolved_trial_response,glm_clean,balanced_accuracy,31,1.0351297146923724,1.0351297146923724,0.43611111111111117,,,1,71.0,71,71
g2pre,LM,trial_type,time_resolved_trial_response,glm_clean,balanced_accuracy,32,1.0998253218606455,1.0351297146923724,0.4027777777777778,,,1,71.0,71,71
g2pre,LM,trial_type,time_resolved_trial_response,glm_clean,balanced_accuracy,33,1.164520929028919,1.0351297146923724,0.4180555555555556,,,1,71.0,71,71
g2pre,LM,trial_type,time_resolved_trial_response,glm_clean,balanced_accuracy,34,1.229216536197192,1.0351297146923724,0.40555555555555556,,,1,71.0,71,71
g2pre,LM,trial_type,time_resolved_trial_response,glm_clean,balanced_accuracy,35,1.2939121433654655,1.0351297146923724,0.39999999999999997,,,1,71.0,71,71
g2pre,LM,trial_type,time_resolved_trial_response,glm_clean,balanced_accuracy,36,1.3586077505337386,1.0351297146923724,0.43611111111111117,,,1,71.0,71,71
g2pre,LM,trial_type,time_resolved_trial_response,glm_clean,balanced_accuracy,37,1.423303357702012,1.0351297146923724,0.40555555555555556,,,1,71.0,71,71
g2pre,LM,trial_type,time_resolved_trial_response,glm_clean,balanced_accuracy,38,1.4879989648702852,1.0351297146923724,0.35138888888888886,,,1,71.0,71,71
g2pre,LM,trial_type,time_resolved_trial_response,glm_clean,balanced_accuracy,39,1.5526945720385585,1.0351297146923724,0.3944444444444445,,,1,71.0,71,71
g2pre,LM,trial_type,time_resolved_trial_response,glm_clean,balanced_accuracy,40,1.6173901792068317,1.0351297146923724,0.38472222222222224,,,1,71.0,71,71
g2pre,LM,trial_type,time_resolved_trial_response,glm_clean,balanced_accuracy,41,1.682085786375105,1.0351297146923724,0.38888888888888884,,,1,71.0,71,71
g2pre,LM,trial_type,time_resolved_trial_response,glm_clean,balanced_accuracy,42,1.7467813935433782,1.0351297146923724,0.3583333333333333,,,1,71.0,71,71
g2pre,LM,trial_type,time_resolved_trial_response,glm_clean,balanced_accuracy,43,1.8114770007116516,1.0351297146923724,0.3666666666666666,,,1,71.0,71,71
g2pre,LM,trial_type,time_resolved_trial_response,glm_clean,balanced_accuracy,44,1.8761726078799248,1.0351297146923724,0.3458333333333333,,,1,71.0,71,71
g2pre,LM,trial_type,time_resolved_trial_response,glm_clean,balanced_accuracy,45,1.9408682150481982,1.0351297146923724,0.34305555555555556,,,1,71.0,71,71
g2pre,LM,trial_type,time_resolved_trial_response,glm_clean,balanced_accuracy,46,2.0055638222164713,1.0351297146923724,0.3222222222222222,,,1,71.0,71,71
g2pre,LM,visual_direction,time_resolved_trial_response,glm_clean,balanced_accuracy,0,-0.9704341075240991,1.0351297146923724,0.5203703703703704,,,1,71.0,71,71
g2pre,LM,visual_direction,time_resolved_trial_response,glm_clean,balanced_accuracy,1,-0.9057385003558258,1.0351297146923724,0.49259259259259264,,,1,71.0,71,71
g2pre,LM,visual_direction,time_resolved_trial_response,glm_clean,balanced_accuracy,2,-0.8410428931875525,1.0351297146923724,0.5018518518518518,,,1,71.0,71,71
g2pre,LM,visual_direction,time_resolved_trial_response,glm_clean,balanced_accuracy,3,-0.7763472860192793,1.0351297146923724,0.4796296296296297,,,1,71.0,71,71
g2pre,LM,visual_direction,time_resolved_trial_response,glm_clean,balanced_accuracy,4,-0.711651678851006,1.0351297146923724,0.4925925925925926,,,1,71.0,71,71
g2pre,LM,visual_direction,time_resolved_trial_response,glm_clean,balanced_accuracy,5,-0.6469560716827327,1.0351297146923724,0.4648148148148148,,,1,71.0,71,71
g2pre,LM,visual_direction,time_resolved_trial_response,glm_clean,balanced_accuracy,6,-0.5822604645144595,1.0351297146923724,0.48888888888888893,,,1,71.0,71,71
g2pre,LM,visual_direction,time_resolved_trial_response,glm_clean,balanced_accuracy,7,-0.5175648573461862,1.0351297146923724,0.5111111111111111,,,1,71.0,71,71
g2pre,LM,visual_direction,time_resolved_trial_response,glm_clean,balanced_accuracy,8,-0.4528692501779129,1.0351297146923724,0.4833333333333334,,,1,71.0,71,71
g2pre,LM,visual_direction,time_resolved_trial_response,glm_clean,balanced_accuracy,9,-0.38817364300963964,1.0351297146923724,0.5074074074074074,,,1,71.0,71,71
g2pre,LM,visual_direction,time_resolved_trial_response,glm_clean,balanced_accuracy,10,-0.32347803584136636,1.0351297146923724,0.5333333333333334,,,1,71.0,71,71
g2pre,LM,visual_direction,time_resolved_trial_response,glm_clean,balanced_accuracy,11,-0.2587824286730931,1.0351297146923724,0.5037037037037038,,,1,71.0,71,71
g2pre,LM,visual_direction,time_resolved_trial_response,glm_clean,balanced_accuracy,12,-0.19408682150481982,1.0351297146923724,0.5129629629629628,,,1,71.0,71,71
g2pre,LM,visual_direction,time_resolved_trial_response,glm_clean,balanced_accuracy,13,-0.12939121433654655,1.0351297146923724,0.5314814814814814,,,1,71.0,71,71
g2pre,LM,visual_direction,time_resolved_trial_response,glm_clean,balanced_accuracy,14,-0.06469560716827327,1.0351297146923724,0.5351851851851851,,,1,71.0,71,71
g2pre,LM,visual_direction,time_resolved_trial_response,glm_clean,balanced_accuracy,15,0.0,1.0351297146923724,0.5425925925925925,,,1,71.0,71,71
g2pre,LM,visual_direction,time_resolved_trial_response,glm_clean,balanced_accuracy,16,0.06469560716827327,1.0351297146923724,0.4685185185185185,,,1,71.0,71,71
g2pre,LM,visual_direction,time_resolved_trial_response,glm_clean,balanced_accuracy,17,0.12939121433654655,1.0351297146923724,0.4666666666666667,,,1,71.0,71,71
g2pre,LM,visual_direction,time_resolved_trial_response,glm_clean,balanced_accuracy,18,0.19408682150481982,1.0351297146923724,0.49259259259259264,,,1,71.0,71,71
g2pre,LM,visual_direction,time_resolved_trial_response,glm_clean,balanced_accuracy,19,0.2587824286730931,1.0351297146923724,0.611111111111111,,,1,71.0,71,71
g2pre,LM,visual_direction,time_resolved_trial_response,glm_clean,balanced_accuracy,20,0.32347803584136636,1.0351297146923724,0.7333333333333333,,,1,71.0,71,71
g2pre,LM,visual_direction,time_resolved_trial_response,glm_clean,balanced_accuracy,21,0.38817364300963964,1.0351297146923724,0.8351851851851853,,,1,71.0,71,71
g2pre,LM,visual_direction,time_resolved_trial_response,glm_clean,balanced_accuracy,22,0.4528692501779129,1.0351297146923724,0.8851851851851851,,,1,71.0,71,71
g2pre,LM,visual_direction,time_resolved_trial_response,glm_clean,balanced_accuracy,23,0.5175648573461862,1.0351297146923724,0.9537037037037036,,,1,71.0,71,71
g2pre,LM,visual_direction,time_resolved_trial_response,glm_clean,balanced_accuracy,24,0.5822604645144595,1.0351297146923724,0.975925925925926,,,1,71.0,71,71
g2pre,LM,visual_direction,time_resolved_trial_response,glm_clean,balanced_accuracy,25,0.6469560716827327,1.0351297146923724,0.9740740740740741,,,1,71.0,71,71
g2pre,LM,visual_direction,time_resolved_trial_response,glm_clean,balanced_accuracy,26,0.711651678851006,1.0351297146923724,0.961111111111111,,,1,71.0,71,71
g2pre,LM,visual_direction,time_resolved_trial_response,glm_clean,balanced_accuracy,27,0.7763472860192793,1.0351297146923724,0.8851851851851851,,,1,71.0,71,71
g2pre,LM,visual_direction,time_resolved_trial_response,glm_clean,balanced_accuracy,28,0.8410428931875525,1.0351297146923724,0.8611111111111113,,,1,71.0,71,71
g2pre,LM,visual_direction,time_resolved_trial_response,glm_clean,balanced_accuracy,29,0.9057385003558258,1.0351297146923724,0.8722222222222221,,,1,71.0,71,71
g2pre,LM,visual_direction,time_resolved_trial_response,glm_clean,balanced_accuracy,30,0.9704341075240991,1.0351297146923724,0.888888888888889,,,1,71.0,71,71
g2pre,LM,visual_direction,time_resolved_trial_response,glm_clean,balanced_accuracy,31,1.0351297146923724,1.0351297146923724,0.9277777777777777,,,1,71.0,71,71
g2pre,LM,visual_direction,time_resolved_trial_response,glm_clean,balanced_accuracy,32,1.0998253218606455,1.0351297146923724,0.9388888888888889,,,1,71.0,71,71
g2pre,LM,visual_direction,time_resolved_trial_response,glm_clean,balanced_accuracy,33,1.164520929028919,1.0351297146923724,0.9351851851851851,,,1,71.0,71,71
g2pre,LM,visual_direction,time_resolved_trial_response,glm_clean,balanced_accuracy,34,1.229216536197192,1.0351297146923724,0.9407407407407407,,,1,71.0,71,71
g2pre,LM,visual_direction,time_resolved_trial_response,glm_clean,balanced_accuracy,35,1.2939121433654655,1.0351297146923724,0.9148148148148149,,,1,71.0,71,71
g2pre,LM,visual_direction,time_resolved_trial_response,glm_clean,balanced_accuracy,36,1.3586077505337386,1.0351297146923724,0.9351851851851851,,,1,71.0,71,71
g2pre,LM,visual_direction,time_resolved_trial_response,glm_clean,balanced_accuracy,37,1.423303357702012,1.0351297146923724,0.9037037037037037,,,1,71.0,71,71
g2pre,LM,visual_direction,time_resolved_trial_response,glm_clean,balanced_accuracy,38,1.4879989648702852,1.0351297146923724,0.8907407407407406,,,1,71.0,71,71
g2pre,LM,visual_direction,time_resolved_trial_response,glm_clean,balanced_accuracy,39,1.5526945720385585,1.0351297146923724,0.8870370370370371,,,1,71.0,71,71
g2pre,LM,visual_direction,time_resolved_trial_response,glm_clean,balanced_accuracy,40,1.6173901792068317,1.0351297146923724,0.8722222222222221,,,1,71.0,71,71
g2pre,LM,visual_direction,time_resolved_trial_response,glm_clean,balanced_accuracy,41,1.682085786375105,1.0351297146923724,0.8481481481481483,,,1,71.0,71,71
g2pre,LM,visual_direction,time_resolved_trial_response,glm_clean,balanced_accuracy,42,1.7467813935433782,1.0351297146923724,0.8166666666666667,,,1,71.0,71,71
g2pre,LM,visual_direction,time_resolved_trial_response,glm_clean,balanced_accuracy,43,1.8114770007116516,1.0351297146923724,0.812962962962963,,,1,71.0,71,71
g2pre,LM,visual_direction,time_resolved_trial_response,glm_clean,balanced_accuracy,44,1.8761726078799248,1.0351297146923724,0.8240740740740741,,,1,71.0,71,71
g2pre,LM,visual_direction,time_resolved_trial_response,glm_clean,balanced_accuracy,45,1.9408682150481982,1.0351297146923724,0.8111111111111111,,,1,71.0,71,71
g2pre,LM,visual_direction,time_resolved_trial_response,glm_clean,balanced_accuracy,46,2.0055638222164713,1.0351297146923724,0.7962962962962962,,,1,71.0,71,71
g2pre,V1,auditory_direction,time_resolved_trial_response,glm_clean,balanced_accuracy,0,-0.9704341075240991,1.0351297146923724,0.4965608465608466,0.03215383283479176,0.012153006482628853,7,232.28571428571428,60,442
g2pre,V1,auditory_direction,time_resolved_trial_response,glm_clean,balanced_accuracy,1,-0.9057385003558258,1.0351297146923724,0.5248677248677248,0.025252658863416527,0.009544607899393018,7,232.28571428571428,60,442
g2pre,V1,auditory_direction,time_resolved_trial_response,glm_clean,balanced_accuracy,2,-0.8410428931875525,1.0351297146923724,0.49232804232804234,0.040436978851121484,0.015283741401549398,7,232.28571428571428,60,442
g2pre,V1,auditory_direction,time_resolved_trial_response,glm_clean,balanced_accuracy,3,-0.7763472860192793,1.0351297146923724,0.5169312169312169,0.028497438325511583,0.010771019258814941,7,232.28571428571428,60,442
g2pre,V1,auditory_direction,time_resolved_trial_response,glm_clean,balanced_accuracy,4,-0.711651678851006,1.0351297146923724,0.5042328042328043,0.016827559675967444,0.0063602197249583575,7,232.28571428571428,60,442
g2pre,V1,auditory_direction,time_resolved_trial_response,glm_clean,balanced_accuracy,5,-0.6469560716827327,1.0351297146923724,0.49100529100529094,0.024390807489159096,0.00921885869890953,7,232.28571428571428,60,442
g2pre,V1,auditory_direction,time_resolved_trial_response,glm_clean,balanced_accuracy,6,-0.5822604645144595,1.0351297146923724,0.49682539682539684,0.01765629421268723,0.0066734519373941965,7,232.28571428571428,60,442
g2pre,V1,auditory_direction,time_resolved_trial_response,glm_clean,balanced_accuracy,7,-0.5175648573461862,1.0351297146923724,0.4997354497354497,0.025780646113401213,0.009744168322089072,7,232.28571428571428,60,442
g2pre,V1,auditory_direction,time_resolved_trial_response,glm_clean,balanced_accuracy,8,-0.4528692501779129,1.0351297146923724,0.5044973544973546,0.02247431961444172,0.008494494369313403,7,232.28571428571428,60,442
g2pre,V1,auditory_direction,time_resolved_trial_response,glm_clean,balanced_accuracy,9,-0.38817364300963964,1.0351297146923724,0.49656084656084654,0.03354576635185512,0.012679107900869587,7,232.28571428571428,60,442
g2pre,V1,auditory_direction,time_resolved_trial_response,glm_clean,balanced_accuracy,10,-0.32347803584136636,1.0351297146923724,0.4880952380952381,0.02997211672611447,0.011328395303356902,7,232.28571428571428,60,442
g2pre,V1,auditory_direction,time_resolved_trial_response,glm_clean,balanced_accuracy,11,-0.2587824286730931,1.0351297146923724,0.5047619047619047,0.031442552962224445,0.011884167960431877,7,232.28571428571428,60,442
g2pre,V1,auditory_direction,time_resolved_trial_response,glm_clean,balanced_accuracy,12,-0.19408682150481982,1.0351297146923724,0.49867724867724866,0.018602104131980397,0.007030934485106739,7,232.28571428571428,60,442
g2pre,V1,auditory_direction,time_resolved_trial_response,glm_clean,balanced_accuracy,13,-0.12939121433654655,1.0351297146923724,0.4955026455026455,0.013852097065612882,0.005235600567477036,7,232.28571428571428,60,442
g2pre,V1,auditory_direction,time_resolved_trial_response,glm_clean,balanced_accuracy,14,-0.06469560716827327,1.0351297146923724,0.49497354497354495,0.022368711759763106,0.008454578352174167,7,232.28571428571428,60,442
g2pre,V1,auditory_direction,time_resolved_trial_response,glm_clean,balanced_accuracy,15,0.0,1.0351297146923724,0.5060846560846561,0.04278959119809085,0.016172945287466677,7,232.28571428571428,60,442
g2pre,V1,auditory_direction,time_resolved_trial_response,glm_clean,balanced_accuracy,16,0.06469560716827327,1.0351297146923724,0.4904761904761905,0.032944032770531324,0.012451673984912584,7,232.28571428571428,60,442
g2pre,V1,auditory_direction,time_resolved_trial_response,glm_clean,balanced_accuracy,17,0.12939121433654655,1.0351297146923724,0.49788359788359793,0.028477374750655447,0.01076343594031776,7,232.28571428571428,60,442
g2pre,V1,auditory_direction,time_resolved_trial_response,glm_clean,balanced_accuracy,18,0.19408682150481982,1.0351297146923724,0.5248677248677249,0.059142024688023986,0.02235358419390769,7,232.28571428571428,60,442
g2pre,V1,auditory_direction,time_resolved_trial_response,glm_clean,balanced_accuracy,19,0.2587824286730931,1.0351297146923724,0.517989417989418,0.03911916369991275,0.014785654092399216,7,232.28571428571428,60,442
g2pre,V1,auditory_direction,time_resolved_trial_response,glm_clean,balanced_accuracy,20,0.32347803584136636,1.0351297146923724,0.533068783068783,0.039391643954397315,0.014888641948190893,7,232.28571428571428,60,442
g2pre,V1,auditory_direction,time_resolved_trial_response,glm_clean,balanced_accuracy,21,0.38817364300963964,1.0351297146923724,0.5523809523809524,0.03749278677332545,0.014170941394427278,7,232.28571428571428,60,442
g2pre,V1,auditory_direction,time_resolved_trial_response,glm_clean,balanced_accuracy,22,0.4528692501779129,1.0351297146923724,0.5322751322751322,0.04083682752689417,0.015434869995571261,7,232.28571428571428,60,442
g2pre,V1,auditory_direction,time_resolved_trial_response,glm_clean,balanced_accuracy,23,0.5175648573461862,1.0351297146923724,0.5415343915343915,0.039744513628637804,0.015022014148656138,7,232.28571428571428,60,442
g2pre,V1,auditory_direction,time_resolved_trial_response,glm_clean,balanced_accuracy,24,0.5822604645144595,1.0351297146923724,0.5359788359788359,0.05529627916756478,0.02090002901493973,7,232.28571428571428,60,442
g2pre,V1,auditory_direction,time_resolved_trial_response,glm_clean,balanced_accuracy,25,0.6469560716827327,1.0351297146923724,0.5534391534391535,0.05015326955891528,0.018956154098525132,7,232.28571428571428,60,442
g2pre,V1,auditory_direction,time_resolved_trial_response,glm_clean,balanced_accuracy,26,0.711651678851006,1.0351297146923724,0.5455026455026455,0.03528020215993312,0.013334663017038123,7,232.28571428571428,60,442
g2pre,V1,auditory_direction,time_resolved_trial_response,glm_clean,balanced_accuracy,27,0.7763472860192793,1.0351297146923724,0.5605820105820106,0.051361373856337565,0.01941277460264053,7,232.28571428571428,60,442
g2pre,V1,auditory_direction,time_resolved_trial_response,glm_clean,balanced_accuracy,28,0.8410428931875525,1.0351297146923724,0.5584656084656084,0.04712659335410015,0.017812178021802613,7,232.28571428571428,60,442
g2pre,V1,auditory_direction,time_resolved_trial_response,glm_clean,balanced_accuracy,29,0.9057385003558258,1.0351297146923724,0.5304232804232805,0.051117564707714704,0.01932062340626646,7,232.28571428571428,60,442
g2pre,V1,auditory_direction,time_resolved_trial_response,glm_clean,balanced_accuracy,30,0.9704341075240991,1.0351297146923724,0.541005291005291,0.05859415111071802,0.022146507445985564,7,232.28571428571428,60,442
g2pre,V1,auditory_direction,time_resolved_trial_response,glm_clean,balanced_accuracy,31,1.0351297146923724,1.0351297146923724,0.5412698412698413,0.03891407599573199,0.014708138226367861,7,232.28571428571428,60,442
g2pre,V1,auditory_direction,time_resolved_trial_response,glm_clean,balanced_accuracy,32,1.0998253218606455,1.0351297146923724,0.5476190476190477,0.04713698777984593,0.01781610674545185,7,232.28571428571428,60,442
g2pre,V1,auditory_direction,time_resolved_trial_response,glm_clean,balanced_accuracy,33,1.164520929028919,1.0351297146923724,0.5452380952380952,0.029140584906275715,0.011014105817281142,7,232.28571428571428,60,442
g2pre,V1,auditory_direction,time_resolved_trial_response,glm_clean,balanced_accuracy,34,1.229216536197192,1.0351297146923724,0.5444444444444445,0.03146332083302386,0.011892017477774105,7,232.28571428571428,60,442
g2pre,V1,auditory_direction,time_resolved_trial_response,glm_clean,balanced_accuracy,35,1.2939121433654655,1.0351297146923724,0.5208994708994709,0.05312280857756482,0.020078534348789347,7,232.28571428571428,60,442
g2pre,V1,auditory_direction,time_resolved_trial_response,glm_clean,balanced_accuracy,36,1.3586077505337386,1.0351297146923724,0.5285714285714286,0.038354010390119826,0.014496453324892068,7,232.28571428571428,60,442
g2pre,V1,auditory_direction,time_resolved_trial_response,glm_clean,balanced_accuracy,37,1.423303357702012,1.0351297146923724,0.5227513227513227,0.02292395845369827,0.008664441876237487,7,232.28571428571428,60,442
g2pre,V1,auditory_direction,time_resolved_trial_response,glm_clean,balanced_accuracy,38,1.4879989648702852,1.0351297146923724,0.5275132275132275,0.03528945841147899,0.0133381615512757,7,232.28571428571428,60,442
g2pre,V1,auditory_direction,time_resolved_trial_response,glm_clean,balanced_accuracy,39,1.5526945720385585,1.0351297146923724,0.5320105820105819,0.04488865315041039,0.01696631613208885,7,232.28571428571428,60,442
g2pre,V1,auditory_direction,time_resolved_trial_response,glm_clean,balanced_accuracy,40,1.6173901792068317,1.0351297146923724,0.5169312169312169,0.04319790713534623,0.016327274205512676,7,232.28571428571428,60,442
g2pre,V1,auditory_direction,time_resolved_trial_response,glm_clean,balanced_accuracy,41,1.682085786375105,1.0351297146923724,0.5370370370370371,0.03968900593994693,0.015001034214352131,7,232.28571428571428,60,442
g2pre,V1,auditory_direction,time_resolved_trial_response,glm_clean,balanced_accuracy,42,1.7467813935433782,1.0351297146923724,0.5201058201058201,0.052817600001758724,0.019963176350276897,7,232.28571428571428,60,442
g2pre,V1,auditory_direction,time_resolved_trial_response,glm_clean,balanced_accuracy,43,1.8114770007116516,1.0351297146923724,0.5333333333333334,0.03417992148125217,0.012918796010158242,7,232.28571428571428,60,442
g2pre,V1,auditory_direction,time_resolved_trial_response,glm_clean,balanced_accuracy,44,1.8761726078799248,1.0351297146923724,0.5087301587301587,0.049038704767646484,0.01853488820455858,7,232.28571428571428,60,442
g2pre,V1,auditory_direction,time_resolved_trial_response,glm_clean,balanced_accuracy,45,1.9408682150481982,1.0351297146923724,0.5211640211640212,0.055327279393247455,0.02091174599890305,7,232.28571428571428,60,442
g2pre,V1,auditory_direction,time_resolved_trial_response,glm_clean,balanced_accuracy,46,2.0055638222164713,1.0351297146923724,0.5164021164021164,0.03541879193863136,0.013387045029708266,7,232.28571428571428,60,442
g2pre,V1,congruency,time_resolved_trial_response,glm_clean,balanced_accuracy,0,-0.9704341075240991,1.0351297146923724,0.49801587301587297,0.030332277051981157,0.011464523111121934,7,232.28571428571428,60,442
g2pre,V1,congruency,time_resolved_trial_response,glm_clean,balanced_accuracy,1,-0.9057385003558258,1.0351297146923724,0.49246031746031743,0.023002185311411842,0.008694008849288363,7,232.28571428571428,60,442
g2pre,V1,congruency,time_resolved_trial_response,glm_clean,balanced_accuracy,2,-0.8410428931875525,1.0351297146923724,0.5011904761904762,0.04072570670179909,0.015392870271473846,7,232.28571428571428,60,442
g2pre,V1,congruency,time_resolved_trial_response,glm_clean,balanced_accuracy,3,-0.7763472860192793,1.0351297146923724,0.5055555555555556,0.03774780946414724,0.014267330911369131,7,232.28571428571428,60,442
g2pre,V1,congruency,time_resolved_trial_response,glm_clean,balanced_accuracy,4,-0.711651678851006,1.0351297146923724,0.4928571428571429,0.031133306519519104,0.011767283791684777,7,232.28571428571428,60,442
g2pre,V1,congruency,time_resolved_trial_response,glm_clean,balanced_accuracy,5,-0.6469560716827327,1.0351297146923724,0.5051587301587301,0.03533454791430127,0.01335520378144817,7,232.28571428571428,60,442
g2pre,V1,congruency,time_resolved_trial_response,glm_clean,balanced_accuracy,6,-0.5822604645144595,1.0351297146923724,0.48134920634920636,0.04094166423906478,0.015474494548238842,7,232.28571428571428,60,442
g2pre,V1,congruency,time_resolved_trial_response,glm_clean,balanced_accuracy,7,-0.5175648573461862,1.0351297146923724,0.5079365079365079,0.030489346256615476,0.011523889690277523,7,232.28571428571428,60,442
g2pre,V1,congruency,time_resolved_trial_response,glm_clean,balanced_accuracy,8,-0.4528692501779129,1.0351297146923724,0.5123015873015874,0.035603885803425314,0.013457003934772355,7,232.28571428571428,60,442
g2pre,V1,congruency,time_resolved_trial_response,glm_clean,balanced_accuracy,9,-0.38817364300963964,1.0351297146923724,0.4936507936507937,0.037430123020736186,0.014147256722203096,7,232.28571428571428,60,442
g2pre,V1,congruency,time_resolved_trial_response,glm_clean,balanced_accuracy,10,-0.32347803584136636,1.0351297146923724,0.4996031746031746,0.04941604915579693,0.018677510977368854,7,232.28571428571428,60,442
g2pre,V1,congruency,time_resolved_trial_response,glm_clean,balanced_accuracy,11,-0.2587824286730931,1.0351297146923724,0.49246031746031743,0.025343031653303903,0.009578765603297174,7,232.28571428571428,60,442
g2pre,V1,congruency,time_resolved_trial_response,glm_clean,balanced_accuracy,12,-0.19408682150481982,1.0351297146923724,0.49722222222222223,0.05025654350041451,0.018995187979399475,7,232.28571428571428,60,442
g2pre,V1,congruency,time_resolved_trial_response,glm_clean,balanced_accuracy,13,-0.12939121433654655,1.0351297146923724,0.5103174603174604,0.022031256188995225,0.008327032135204856,7,232.28571428571428,60,442
g2pre,V1,congruency,time_resolved_trial_response,glm_clean,balanced_accuracy,14,-0.06469560716827327,1.0351297146923724,0.5218253968253969,0.02723679558078925,0.010294541088153059,7,232.28571428571428,60,442
g2pre,V1,congruency,time_resolved_trial_response,glm_clean,balanced_accuracy,15,0.0,1.0351297146923724,0.4920634920634921,0.02201457216071132,0.008320726165246858,7,232.28571428571428,60,442
g2pre,V1,congruency,time_resolved_trial_response,glm_clean,balanced_accuracy,16,0.06469560716827327,1.0351297146923724,0.4932539682539683,0.05126629879484455,0.019376839607127,7,232.28571428571428,60,442
g2pre,V1,congruency,time_resolved_trial_response,glm_clean,balanced_accuracy,17,0.12939121433654655,1.0351297146923724,0.5253968253968254,0.026470564220190222,0.010004932855741102,7,232.28571428571428,60,442
g2pre,V1,congruency,time_resolved_trial_response,glm_clean,balanced_accuracy,18,0.19408682150481982,1.0351297146923724,0.5,0.04600836388446239,0.01738952700960759,7,232.28571428571428,60,442
g2pre,V1,congruency,time_resolved_trial_response,glm_clean,balanced_accuracy,19,0.2587824286730931,1.0351297146923724,0.4869047619047619,0.04109841788887791,0.015533741858882736,7,232.28571428571428,60,442
g2pre,V1,congruency,time_resolved_trial_response,glm_clean,balanced_accuracy,20,0.32347803584136636,1.0351297146923724,0.5011904761904762,0.03934445931185276,0.01487080782963741,7,232.28571428571428,60,442
g2pre,V1,congruency,time_resolved_trial_response,glm_clean,balanced_accuracy,21,0.38817364300963964,1.0351297146923724,0.5186507936507937,0.05274644015337546,0.019936280455683297,7,232.28571428571428,60,442
g2pre,V1,congruency,time_resolved_trial_response,glm_clean,balanced_accuracy,22,0.4528692501779129,1.0351297146923724,0.5055555555555555,0.04215760162160077,0.01593407568024128,7,232.28571428571428,60,442
g2pre,V1,congruency,time_resolved_trial_response,glm_clean,balanced_accuracy,23,0.5175648573461862,1.0351297146923724,0.5281746031746032,0.0421706730709216,0.015939016223695295,7,232.28571428571428,60,442
g2pre,V1,congruency,time_resolved_trial_response,glm_clean,balanced_accuracy,24,0.5822604645144595,1.0351297146923724,0.5166666666666667,0.03179311983960996,0.012016669785497387,7,232.28571428571428,60,442
g2pre,V1,congruency,time_resolved_trial_response,glm_clean,balanced_accuracy,25,0.6469560716827327,1.0351297146923724,0.511904761904762,0.037430123020736165,0.01414725672220309,7,232.28571428571428,60,442
g2pre,V1,congruency,time_resolved_trial_response,glm_clean,balanced_accuracy,26,0.711651678851006,1.0351297146923724,0.5047619047619047,0.0456073070354571,0.017237941769026564,7,232.28571428571428,60,442
g2pre,V1,congruency,time_resolved_trial_response,glm_clean,balanced_accuracy,27,0.7763472860192793,1.0351297146923724,0.5134920634920636,0.02924058408769457,0.011051901955187474,7,232.28571428571428,60,442
g2pre,V1,congruency,time_resolved_trial_response,glm_clean,balanced_accuracy,28,0.8410428931875525,1.0351297146923724,0.5341269841269841,0.03408543058967046,0.012883081810117387,7,232.28571428571428,60,442
g2pre,V1,congruency,time_resolved_trial_response,glm_clean,balanced_accuracy,29,0.9057385003558258,1.0351297146923724,0.5055555555555555,0.03344887382997863,0.012642485969900004,7,232.28571428571428,60,442
g2pre,V1,congruency,time_resolved_trial_response,glm_clean,balanced_accuracy,30,0.9704341075240991,1.0351297146923724,0.49960317460317466,0.03672654242211439,0.013881328252025494,7,232.28571428571428,60,442
g2pre,V1,congruency,time_resolved_trial_response,glm_clean,balanced_accuracy,31,1.0351297146923724,1.0351297146923724,0.5111111111111112,0.04203540541783768,0.015887889856482235,7,232.28571428571428,60,442
g2pre,V1,congruency,time_resolved_trial_response,glm_clean,balanced_accuracy,32,1.0998253218606455,1.0351297146923724,0.5182539682539683,0.03596327083167497,0.013592838707582142,7,232.28571428571428,60,442
g2pre,V1,congruency,time_resolved_trial_response,glm_clean,balanced_accuracy,33,1.164520929028919,1.0351297146923724,0.5222222222222223,0.05166965343816184,0.019529293332324248,7,232.28571428571428,60,442
g2pre,V1,congruency,time_resolved_trial_response,glm_clean,balanced_accuracy,34,1.229216536197192,1.0351297146923724,0.5063492063492063,0.05761717095782152,0.02177724365735556,7,232.28571428571428,60,442
g2pre,V1,congruency,time_resolved_trial_response,glm_clean,balanced_accuracy,35,1.2939121433654655,1.0351297146923724,0.503968253968254,0.054594868323555,0.020634920634920617,7,232.28571428571428,60,442
g2pre,V1,congruency,time_resolved_trial_response,glm_clean,balanced_accuracy,36,1.3586077505337386,1.0351297146923724,0.4984126984126984,0.04338604174685368,0.016398382404805883,7,232.28571428571428,60,442
g2pre,V1,congruency,time_resolved_trial_response,glm_clean,balanced_accuracy,37,1.423303357702012,1.0351297146923724,0.5214285714285715,0.03871370215907856,0.01463240403479231,7,232.28571428571428,60,442
g2pre,V1,congruency,time_resolved_trial_response,glm_clean,balanced_accuracy,38,1.4879989648702852,1.0351297146923724,0.5150793650793651,0.03947498631267221,0.014920142398715608,7,232.28571428571428,60,442
g2pre,V1,congruency,time_resolved_trial_response,glm_clean,balanced_accuracy,39,1.5526945720385585,1.0351297146923724,0.5123015873015874,0.03781102645182209,0.014291224686800887,7,232.28571428571428,60,442
g2pre,V1,congruency,time_resolved_trial_response,glm_clean,balanced_accuracy,40,1.6173901792068317,1.0351297146923724,0.5015873015873016,0.03845181444480336,0.014533419782878695,7,232.28571428571428,60,442
g2pre,V1,congruency,time_resolved_trial_response,glm_clean,balanced_accuracy,41,1.682085786375105,1.0351297146923724,0.4996031746031746,0.04244424360738102,0.01604241616733903,7,232.28571428571428,60,442
g2pre,V1,congruency,time_resolved_trial_response,glm_clean,balanced_accuracy,42,1.7467813935433782,1.0351297146923724,0.5055555555555555,0.0261071707034661,0.0098675830166975,7,232.28571428571428,60,442
g2pre,V1,congruency,time_resolved_trial_response,glm_clean,balanced_accuracy,43,1.8114770007116516,1.0351297146923724,0.5162698412698413,0.05307975430859035,0.020062261364705607,7,232.28571428571428,60,442
g2pre,V1,congruency,time_resolved_trial_response,glm_clean,balanced_accuracy,44,1.8761726078799248,1.0351297146923724,0.5158730158730159,0.03874690634518778,0.014644954037496782,7,232.28571428571428,60,442
g2pre,V1,congruency,time_resolved_trial_response,glm_clean,balanced_accuracy,45,1.9408682150481982,1.0351297146923724,0.5,0.029045161372885413,0.010978039111770598,7,232.28571428571428,60,442
g2pre,V1,congruency,time_resolved_trial_response,glm_clean,balanced_accuracy,46,2.0055638222164713,1.0351297146923724,0.513888888888889,0.035968378888064895,0.01359476937142366,7,232.28571428571428,60,442
g2pre,V1,modality,time_resolved_trial_response,glm_clean,balanced_accuracy,0,-0.9704341075240991,1.0351297146923724,0.33994708994708994,0.009296661670623596,0.003513807829082329,7,232.28571428571428,60,442
g2pre,V1,modality,time_resolved_trial_response,glm_clean,balanced_accuracy,1,-0.9057385003558258,1.0351297146923724,0.3335978835978836,0.01947905712478672,0.0073623915608866455,7,232.28571428571428,60,442
g2pre,V1,modality,time_resolved_trial_response,glm_clean,balanced_accuracy,2,-0.8410428931875525,1.0351297146923724,0.33399470899470896,0.015417100295261145,0.005827116188428781,7,232.28571428571428,60,442
g2pre,V1,modality,time_resolved_trial_response,glm_clean,balanced_accuracy,3,-0.7763472860192793,1.0351297146923724,0.3503968253968254,0.0135436214465139,0.005119007742668094,7,232.28571428571428,60,442
g2pre,V1,modality,time_resolved_trial_response,glm_clean,balanced_accuracy,4,-0.711651678851006,1.0351297146923724,0.33412698412698416,0.009157286811994942,0.0034611290840900148,7,232.28571428571428,60,442
g2pre,V1,modality,time_resolved_trial_response,glm_clean,balanced_accuracy,5,-0.6469560716827327,1.0351297146923724,0.3324074074074074,0.02158950065743537,0.008160064238519924,7,232.28571428571428,60,442
g2pre,V1,modality,time_resolved_trial_response,glm_clean,balanced_accuracy,6,-0.5822604645144595,1.0351297146923724,0.32341269841269843,0.014994228863453281,0.005667285810554863,7,232.28571428571428,60,442
g2pre,V1,modality,time_resolved_trial_response,glm_clean,balanced_accuracy,7,-0.5175648573461862,1.0351297146923724,0.33492063492063495,0.016655640091416225,0.0062952402297834905,7,232.28571428571428,60,442
g2pre,V1,modality,time_resolved_trial_response,glm_clean,balanced_accuracy,8,-0.4528692501779129,1.0351297146923724,0.3298941798941799,0.01590971653674491,0.006013307626536978,7,232.28571428571428,60,442
g2pre,V1,modality,time_resolved_trial_response,glm_clean,balanced_accuracy,9,-0.38817364300963964,1.0351297146923724,0.31997354497354497,0.021805880858213736,0.008241848267076751,7,232.28571428571428,60,442
g2pre,V1,modality,time_resolved_trial_response,glm_clean,balanced_accuracy,10,-0.32347803584136636,1.0351297146923724,0.32936507936507936,0.023010170795183513,0.008697027078453847,7,232.28571428571428,60,442
g2pre,V1,modality,time_resolved_trial_response,glm_clean,balanced_accuracy,11,-0.2587824286730931,1.0351297146923724,0.3318783068783069,0.026411118765792104,0.009982464585896725,7,232.28571428571428,60,442
g2pre,V1,modality,time_resolved_trial_response,glm_clean,balanced_accuracy,12,-0.19408682150481982,1.0351297146923724,0.3325396825396826,0.019203597832283828,0.007258277734560296,7,232.28571428571428,60,442
g2pre,V1,modality,time_resolved_trial_response,glm_clean,balanced_accuracy,13,-0.12939121433654655,1.0351297146923724,0.3298941798941799,0.010306714432892838,0.0038955718890849376,7,232.28571428571428,60,442
g2pre,V1,modality,time_resolved_trial_response,glm_clean,balanced_accuracy,14,-0.06469560716827327,1.0351297146923724,0.3386243386243386,0.011878277418329976,0.004489566864676493,7,232.28571428571428,60,442
g2pre,V1,modality,time_resolved_trial_response,glm_clean,balanced_accuracy,15,0.0,1.0351297146923724,0.3472222222222222,0.019779592555570512,0.007475983276603443,7,232.28571428571428,60,442
g2pre,V1,modality,time_resolved_trial_response,glm_clean,balanced_accuracy,16,0.06469560716827327,1.0351297146923724,0.33611111111111114,0.02442175340394858,0.009230555155284726,7,232.28571428571428,60,442
g2pre,V1,modality,time_resolved_trial_response,glm_clean,balanced_accuracy,17,0.12939121433654655,1.0351297146923724,0.35674603174603176,0.03325055860081622,0.012567529858819933,7,232.28571428571428,60,442
g2pre,V1,modality,time_resolved_trial_response,glm_clean,balanced_accuracy,18,0.19408682150481982,1.0351297146923724,0.46759259259259256,0.0749695106446062,0.028335811582548238,7,232.28571428571428,60,442
g2pre,V1,modality,time_resolved_trial_response,glm_clean,balanced_accuracy,19,0.2587824286730931,1.0351297146923724,0.7099206349206348,0.08200539040289347,0.03099512416754557,7,232.28571428571428,60,442
g2pre,V1,modality,time_resolved_trial_response,glm_clean,balanced_accuracy,20,0.32347803584136636,1.0351297146923724,0.766137566137566,0.06832609187193328,0.02582483530715531,7,232.28571428571428,60,442
g2pre,V1,modality,time_resolved_trial_response,glm_clean,balanced_accuracy,21,0.38817364300963964,1.0351297146923724,0.7883597883597885,0.06354545631249561,0.024017924907283276,7,232.28571428571428,60,442
g2pre,V1,modality,time_resolved_trial_response,glm_clean,balanced_accuracy,22,0.4528692501779129,1.0351297146923724,0.8034391534391535,0.05689414692687237,0.021503966260524858,7,232.28571428571428,60,442
g2pre,V1,modality,time_resolved_trial_response,glm_clean,balanced_accuracy,23,0.5175648573461862,1.0351297146923724,0.7928571428571428,0.05234748320573816,0.019785488903216197,7,232.28571428571428,60,442
g2pre,V1,modality,time_resolved_trial_response,glm_clean,balanced_accuracy,24,0.5822604645144595,1.0351297146923724,0.7862433862433863,0.05411303288406302,0.020452803956955864,7,232.28571428571428,60,442
g2pre,V1,modality,time_resolved_trial_response,glm_clean,balanced_accuracy,25,0.6469560716827327,1.0351297146923724,0.7861111111111111,0.06136777377401731,0.023194838274245927,7,232.28571428571428,60,442
g2pre,V1,modality,time_resolved_trial_response,glm_clean,balanced_accuracy,26,0.711651678851006,1.0351297146923724,0.7785714285714286,0.048356708113188,0.018277117698462124,7,232.28571428571428,60,442
g2pre,V1,modality,time_resolved_trial_response,glm_clean,balanced_accuracy,27,0.7763472860192793,1.0351297146923724,0.7829365079365079,0.04836683817801917,0.01828094650307759,7,232.28571428571428,60,442
g2pre,V1,modality,time_resolved_trial_response,glm_clean,balanced_accuracy,28,0.8410428931875525,1.0351297146923724,0.7838624338624339,0.04675653073220297,0.017672307497936832,7,232.28571428571428,60,442
g2pre,V1,modality,time_resolved_trial_response,glm_clean,balanced_accuracy,29,0.9057385003558258,1.0351297146923724,0.7671957671957672,0.05963628409416916,0.02254039668988121,7,232.28571428571428,60,442
g2pre,V1,modality,time_resolved_trial_response,glm_clean,balanced_accuracy,30,0.9704341075240991,1.0351297146923724,0.7625661375661376,0.07173756570310098,0.027114251215937378,7,232.28571428571428,60,442
g2pre,V1,modality,time_resolved_trial_response,glm_clean,balanced_accuracy,31,1.0351297146923724,1.0351297146923724,0.7656084656084656,0.061144838643205524,0.023110576715013407,7,232.28571428571428,60,442
g2pre,V1,modality,time_resolved_trial_response,glm_clean,balanced_accuracy,32,1.0998253218606455,1.0351297146923724,0.7571428571428571,0.06941916059417674,0.026237976450720926,7,232.28571428571428,60,442
g2pre,V1,modality,time_resolved_trial_response,glm_clean,balanced_accuracy,33,1.164520929028919,1.0351297146923724,0.7595238095238095,0.06280097691659539,0.02373653814474562,7,232.28571428571428,60,442
g2pre,V1,modality,time_resolved_trial_response,glm_clean,balanced_accuracy,34,1.229216536197192,1.0351297146923724,0.7551587301587303,0.06059654562509671,0.02290334143336927,7,232.28571428571428,60,442
g2pre,V1,modality,time_resolved_trial_response,glm_clean,balanced_accuracy,35,1.2939121433654655,1.0351297146923724,0.7474867724867725,0.059633545721310015,0.0225393616822266,7,232.28571428571428,60,442
g2pre,V1,modality,time_resolved_trial_response,glm_clean,balanced_accuracy,36,1.3586077505337386,1.0351297146923724,0.7386243386243386,0.05711973493588356,0.021589230513467974,7,232.28571428571428,60,442
g2pre,V1,modality,time_resolved_trial_response,glm_clean,balanced_accuracy,37,1.423303357702012,1.0351297146923724,0.7318783068783068,0.06938445380590069,0.026224858517780326,7,232.28571428571428,60,442
g2pre,V1,modality,time_resolved_trial_response,glm_clean,balanced_accuracy,38,1.4879989648702852,1.0351297146923724,0.7162698412698413,0.07222985307672311,0.02730031835367756,7,232.28571428571428,60,442
g2pre,V1,modality,time_resolved_trial_response,glm_clean,balanced_accuracy,39,1.5526945720385585,1.0351297146923724,0.7175925925925926,0.07749618336546639,0.029290804105954946,7,232.28571428571428,60,442
g2pre,V1,modality,time_resolved_trial_response,glm_clean,balanced_accuracy,40,1.6173901792068317,1.0351297146923724,0.7144179894179894,0.08526207135231631,0.032226033866353365,7,232.28571428571428,60,442
g2pre,V1,modality,time_resolved_trial_response,glm_clean,balanced_accuracy,41,1.682085786375105,1.0351297146923724,0.6921957671957671,0.09063967845092519,0.03425857829942974,7,232.28571428571428,60,442
g2pre,V1,modality,time_resolved_trial_response,glm_clean,balanced_accuracy,42,1.7467813935433782,1.0351297146923724,0.6875661375661376,0.08562663584167451,0.032363826291451514,7,232.28571428571428,60,442
g2pre,V1,modality,time_resolved_trial_response,glm_clean,balanced_accuracy,43,1.8114770007116516,1.0351297146923724,0.6932539682539682,0.07668007406047657,0.028982343782576542,7,232.28571428571428,60,442
g2pre,V1,modality,time_resolved_trial_response,glm_clean,balanced_accuracy,44,1.8761726078799248,1.0351297146923724,0.6760582010582011,0.08593907641265795,0.03248191772720997,7,232.28571428571428,60,442
g2pre,V1,modality,time_resolved_trial_response,glm_clean,balanced_accuracy,45,1.9408682150481982,1.0351297146923724,0.6682539682539683,0.073543070281033,0.0277966678022512,7,232.28571428571428,60,442
g2pre,V1,modality,time_resolved_trial_response,glm_clean,balanced_accuracy,46,2.0055638222164713,1.0351297146923724,0.635978835978836,0.0760771389658214,0.02875445573726643,7,232.28571428571428,60,442
g2pre,V1,trial_type,time_resolved_trial_response,glm_clean,balanced_accuracy,0,-0.9704341075240991,1.0351297146923724,0.1244047619047619,0.011135885079684353,0.004208968935634213,7,232.28571428571428,60,442
g2pre,V1,trial_type,time_resolved_trial_response,glm_clean,balanced_accuracy,1,-0.9057385003558258,1.0351297146923724,0.12222222222222222,0.017347216662217776,0.0065566316039120266,7,232.28571428571428,60,442
g2pre,V1,trial_type,time_resolved_trial_response,glm_clean,balanced_accuracy,2,-0.8410428931875525,1.0351297146923724,0.13035714285714287,0.017612596535756288,0.006656935767961267,7,232.28571428571428,60,442
g2pre,V1,trial_type,time_resolved_trial_response,glm_clean,balanced_accuracy,3,-0.7763472860192793,1.0351297146923724,0.135515873015873,0.018283059978760362,0.006910347129868253,7,232.28571428571428,60,442
g2pre,V1,trial_type,time_resolved_trial_response,glm_clean,balanced_accuracy,4,-0.711651678851006,1.0351297146923724,0.13134920634920635,0.013815946022313334,0.005221936757447588,7,232.28571428571428,60,442
g2pre,V1,trial_type,time_resolved_trial_response,glm_clean,balanced_accuracy,5,-0.6469560716827327,1.0351297146923724,0.1271825396825397,0.008366336762820645,0.0031621780655772293,7,232.28571428571428,60,442
g2pre,V1,trial_type,time_resolved_trial_response,glm_clean,balanced_accuracy,6,-0.5822604645144595,1.0351297146923724,0.12956349206349205,0.009811569793996134,0.003708424806581001,7,232.28571428571428,60,442
g2pre,V1,trial_type,time_resolved_trial_response,glm_clean,balanced_accuracy,7,-0.5175648573461862,1.0351297146923724,0.11706349206349206,0.019373453172593886,0.007322477018748389,7,232.28571428571428,60,442
g2pre,V1,trial_type,time_resolved_trial_response,glm_clean,balanced_accuracy,8,-0.4528692501779129,1.0351297146923724,0.12103174603174602,0.006129421822273888,0.0023167036889070076,7,232.28571428571428,60,442
g2pre,V1,trial_type,time_resolved_trial_response,glm_clean,balanced_accuracy,9,-0.38817364300963964,1.0351297146923724,0.1277777777777778,0.02260947305013849,0.00854557756641192,7,232.28571428571428,60,442
g2pre,V1,trial_type,time_resolved_trial_response,glm_clean,balanced_accuracy,10,-0.32347803584136636,1.0351297146923724,0.13174603174603175,0.017056184604844784,0.006446631825718253,7,232.28571428571428,60,442
g2pre,V1,trial_type,time_resolved_trial_response,glm_clean,balanced_accuracy,11,-0.2587824286730931,1.0351297146923724,0.1255952380952381,0.010358080397064495,0.003914986398663689,7,232.28571428571428,60,442
g2pre,V1,trial_type,time_resolved_trial_response,glm_clean,balanced_accuracy,12,-0.19408682150481982,1.0351297146923724,0.12003968253968254,0.006984014248729382,0.0026397092650099346,7,232.28571428571428,60,442
g2pre,V1,trial_type,time_resolved_trial_response,glm_clean,balanced_accuracy,13,-0.12939121433654655,1.0351297146923724,0.11507936507936509,0.011932287402558679,0.004509980719902731,7,232.28571428571428,60,442
g2pre,V1,trial_type,time_resolved_trial_response,glm_clean,balanced_accuracy,14,-0.06469560716827327,1.0351297146923724,0.12996031746031744,0.019458611618961046,0.007354663886051838,7,232.28571428571428,60,442
g2pre,V1,trial_type,time_resolved_trial_response,glm_clean,balanced_accuracy,15,0.0,1.0351297146923724,0.13214285714285715,0.017150173580773937,0.006482156319473992,7,232.28571428571428,60,442
g2pre,V1,trial_type,time_resolved_trial_response,glm_clean,balanced_accuracy,16,0.06469560716827327,1.0351297146923724,0.12777777777777777,0.013102751572300838,0.004952374592995509,7,232.28571428571428,60,442
g2pre,V1,trial_type,time_resolved_trial_response,glm_clean,balanced_accuracy,17,0.12939121433654655,1.0351297146923724,0.1357142857142857,0.010477117363197308,0.003959978142836695,7,232.28571428571428,60,442
g2pre,V1,trial_type,time_resolved_trial_response,glm_clean,balanced_accuracy,18,0.19408682150481982,1.0351297146923724,0.21865079365079362,0.06905845107517979,0.02610164106746383,7,232.28571428571428,60,442
g2pre,V1,trial_type,time_resolved_trial_response,glm_clean,balanced_accuracy,19,0.2587824286730931,1.0351297146923724,0.39087301587301587,0.10457284126351149,0.039524818839240694,7,232.28571428571428,60,442
g2pre,V1,trial_type,time_resolved_trial_response,glm_clean,balanced_accuracy,20,0.32347803584136636,1.0351297146923724,0.46230158730158727,0.1274917001137078,0.048187333246528005,7,232.28571428571428,60,442
g2pre,V1,trial_type,time_resolved_trial_response,glm_clean,balanced_accuracy,21,0.38817364300963964,1.0351297146923724,0.4912698412698413,0.11230754653547703,0.04244826264124084,7,232.28571428571428,60,442
g2pre,V1,trial_type,time_resolved_trial_response,glm_clean,balanced_accuracy,22,0.4528692501779129,1.0351297146923724,0.4934523809523809,0.09674058704420724,0.036564505000767064,7,232.28571428571428,60,442
g2pre,V1,trial_type,time_resolved_trial_response,glm_clean,balanced_accuracy,23,0.5175648573461862,1.0351297146923724,0.503968253968254,0.08665608825007863,0.03275292272848206,7,232.28571428571428,60,442
g2pre,V1,trial_type,time_resolved_trial_response,glm_clean,balanced_accuracy,24,0.5822604645144595,1.0351297146923724,0.5011904761904762,0.07343369855509325,0.027755329175494274,7,232.28571428571428,60,442
g2pre,V1,trial_type,time_resolved_trial_response,glm_clean,balanced_accuracy,25,0.6469560716827327,1.0351297146923724,0.5194444444444445,0.0658417325474958,0.024885835744328736,7,232.28571428571428,60,442
g2pre,V1,trial_type,time_resolved_trial_response,glm_clean,balanced_accuracy,26,0.711651678851006,1.0351297146923724,0.49027777777777776,0.06839014500756943,0.02584904511681061,7,232.28571428571428,60,442
g2pre,V1,trial_type,time_resolved_trial_response,glm_clean,balanced_accuracy,27,0.7763472860192793,1.0351297146923724,0.48988095238095236,0.08716025416402641,0.03294347953245654,7,232.28571428571428,60,442
g2pre,V1,trial_type,time_resolved_trial_response,glm_clean,balanced_accuracy,28,0.8410428931875525,1.0351297146923724,0.4867063492063492,0.08007863749728464,0.03026688002095813,7,232.28571428571428,60,442
g2pre,V1,trial_type,time_resolved_trial_response,glm_clean,balanced_accuracy,29,0.9057385003558258,1.0351297146923724,0.45615079365079364,0.07690422611353104,0.02906706529518321,7,232.28571428571428,60,442
g2pre,V1,trial_type,time_resolved_trial_response,glm_clean,balanced_accuracy,30,0.9704341075240991,1.0351297146923724,0.47638888888888886,0.08312087113419227,0.031416736254302864,7,232.28571428571428,60,442
g2pre,V1,trial_type,time_resolved_trial_response,glm_clean,balanced_accuracy,31,1.0351297146923724,1.0351297146923724,0.47063492063492063,0.07590938973365186,0.028691052487131764,7,232.28571428571428,60,442
g2pre,V1,trial_type,time_resolved_trial_response,glm_clean,balanced_accuracy,32,1.0998253218606455,1.0351297146923724,0.4722222222222222,0.08899732968667108,0.03363782881425109,7,232.28571428571428,60,442
g2pre,V1,trial_type,time_resolved_trial_response,glm_clean,balanced_accuracy,33,1.164520929028919,1.0351297146923724,0.45575396825396824,0.08205590572120462,0.03101421716320994,7,232.28571428571428,60,442
g2pre,V1,trial_type,time_resolved_trial_response,glm_clean,balanced_accuracy,34,1.229216536197192,1.0351297146923724,0.4626984126984127,0.07687734644378344,0.029056905734972396,7,232.28571428571428,60,442
g2pre,V1,trial_type,time_resolved_trial_response,glm_clean,balanced_accuracy,35,1.2939121433654655,1.0351297146923724,0.44345238095238093,0.0770122473596651,0.029107893488552066,7,232.28571428571428,60,442
g2pre,V1,trial_type,time_resolved_trial_response,glm_clean,balanced_accuracy,36,1.3586077505337386,1.0351297146923724,0.4420634920634921,0.07471100995715654,0.0282381075064438,7,232.28571428571428,60,442
g2pre,V1,trial_type,time_resolved_trial_response,glm_clean,balanced_accuracy,37,1.423303357702012,1.0351297146923724,0.4390873015873016,0.07595596418322226,0.02870865597441934,7,232.28571428571428,60,442
g2pre,V1,trial_type,time_resolved_trial_response,glm_clean,balanced_accuracy,38,1.4879989648702852,1.0351297146923724,0.4238095238095238,0.07678528703926639,0.029022110550658564,7,232.28571428571428,60,442
g2pre,V1,trial_type,time_resolved_trial_response,glm_clean,balanced_accuracy,39,1.5526945720385585,1.0351297146923724,0.410515873015873,0.07135725422650888,0.02697050698910788,7,232.28571428571428,60,442
g2pre,V1,trial_type,time_resolved_trial_response,glm_clean,balanced_accuracy,40,1.6173901792068317,1.0351297146923724,0.4003968253968254,0.07929941066270349,0.02997235996107102,7,232.28571428571428,60,442
g2pre,V1,trial_type,time_resolved_trial_response,glm_clean,balanced_accuracy,41,1.682085786375105,1.0351297146923724,0.3950396825396825,0.07997418381218803,0.030227400238916718,7,232.28571428571428,60,442
g2pre,V1,trial_type,time_resolved_trial_response,glm_clean,balanced_accuracy,42,1.7467813935433782,1.0351297146923724,0.37817460317460316,0.0808969231139984,0.03057616291285038,7,232.28571428571428,60,442
g2pre,V1,trial_type,time_resolved_trial_response,glm_clean,balanced_accuracy,43,1.8114770007116516,1.0351297146923724,0.3886904761904762,0.07696511861003828,0.029090080495535787,7,232.28571428571428,60,442
g2pre,V1,trial_type,time_resolved_trial_response,glm_clean,balanced_accuracy,44,1.8761726078799248,1.0351297146923724,0.37480158730158725,0.08006487118508088,0.030261676844020757,7,232.28571428571428,60,442
g2pre,V1,trial_type,time_resolved_trial_response,glm_clean,balanced_accuracy,45,1.9408682150481982,1.0351297146923724,0.353968253968254,0.06441724248016054,0.02434742910672148,7,232.28571428571428,60,442
g2pre,V1,trial_type,time_resolved_trial_response,glm_clean,balanced_accuracy,46,2.0055638222164713,1.0351297146923724,0.3412698412698413,0.06917872443293627,0.026147100123745312,7,232.28571428571428,60,442
g2pre,V1,visual_direction,time_resolved_trial_response,glm_clean,balanced_accuracy,0,-0.9704341075240991,1.0351297146923724,0.49576719576719575,0.01826099601443698,0.006902007735220273,7,232.28571428571428,60,442
g2pre,V1,visual_direction,time_resolved_trial_response,glm_clean,balanced_accuracy,1,-0.9057385003558258,1.0351297146923724,0.5063492063492063,0.02287760776316407,0.008646922961916114,7,232.28571428571428,60,442
g2pre,V1,visual_direction,time_resolved_trial_response,glm_clean,balanced_accuracy,2,-0.8410428931875525,1.0351297146923724,0.5124338624338625,0.029274770964721586,0.01106482338014682,7,232.28571428571428,60,442
g2pre,V1,visual_direction,time_resolved_trial_response,glm_clean,balanced_accuracy,3,-0.7763472860192793,1.0351297146923724,0.5216931216931217,0.016996539553202947,0.0064240881152068385,7,232.28571428571428,60,442
g2pre,V1,visual_direction,time_resolved_trial_response,glm_clean,balanced_accuracy,4,-0.711651678851006,1.0351297146923724,0.5097883597883598,0.013169183560479998,0.004977483524398601,7,232.28571428571428,60,442
g2pre,V1,visual_direction,time_resolved_trial_response,glm_clean,balanced_accuracy,5,-0.6469560716827327,1.0351297146923724,0.5037037037037038,0.018144368465060564,0.006857926664981857,7,232.28571428571428,60,442
g2pre,V1,visual_direction,time_resolved_trial_response,glm_clean,balanced_accuracy,6,-0.5822604645144595,1.0351297146923724,0.5031746031746032,0.017785308516673183,0.0067222147608109,7,232.28571428571428,60,442
g2pre,V1,visual_direction,time_resolved_trial_response,glm_clean,balanced_accuracy,7,-0.5175648573461862,1.0351297146923724,0.4891534391534392,0.03744266416114062,0.014151996827726995,7,232.28571428571428,60,442
g2pre,V1,visual_direction,time_resolved_trial_response,glm_clean,balanced_accuracy,8,-0.4528692501779129,1.0351297146923724,0.5164021164021164,0.02210433161748612,0.00835465205102434,7,232.28571428571428,60,442
g2pre,V1,visual_direction,time_resolved_trial_response,glm_clean,balanced_accuracy,9,-0.38817364300963964,1.0351297146923724,0.4925925925925926,0.024026543772874782,0.009081179955347747,7,232.28571428571428,60,442
g2pre,V1,visual_direction,time_resolved_trial_response,glm_clean,balanced_accuracy,10,-0.32347803584136636,1.0351297146923724,0.5185185185185185,0.0340626658304232,0.012874477539885317,7,232.28571428571428,60,442
g2pre,V1,visual_direction,time_resolved_trial_response,glm_clean,balanced_accuracy,11,-0.2587824286730931,1.0351297146923724,0.5187830687830688,0.025847070807068995,0.009769274496426013,7,232.28571428571428,60,442
g2pre,V1,visual_direction,time_resolved_trial_response,glm_clean,balanced_accuracy,12,-0.19408682150481982,1.0351297146923724,0.5076719576719576,0.022640825144509352,0.008557427544238537,7,232.28571428571428,60,442
g2pre,V1,visual_direction,time_resolved_trial_response,glm_clean,balanced_accuracy,13,-0.12939121433654655,1.0351297146923724,0.5074074074074074,0.020676708919066932,0.007815061390160322,7,232.28571428571428,60,442
g2pre,V1,visual_direction,time_resolved_trial_response,glm_clean,balanced_accuracy,14,-0.06469560716827327,1.0351297146923724,0.4978835978835979,0.030586938082125755,0.011560775933176524,7,232.28571428571428,60,442
g2pre,V1,visual_direction,time_resolved_trial_response,glm_clean,balanced_accuracy,15,0.0,1.0351297146923724,0.5116402116402117,0.016929150006112347,0.006398617260554409,7,232.28571428571428,60,442
g2pre,V1,visual_direction,time_resolved_trial_response,glm_clean,balanced_accuracy,16,0.06469560716827327,1.0351297146923724,0.5097883597883598,0.021825530436232577,0.008249275109477495,7,232.28571428571428,60,442
g2pre,V1,visual_direction,time_resolved_trial_response,glm_clean,balanced_accuracy,17,0.12939121433654655,1.0351297146923724,0.5063492063492064,0.03124195631013724,0.011808349552538323,7,232.28571428571428,60,442
g2pre,V1,visual_direction,time_resolved_trial_response,glm_clean,balanced_accuracy,18,0.19408682150481982,1.0351297146923724,0.6026455026455027,0.10040986616919939,0.03795136215156848,7,232.28571428571428,60,442
g2pre,V1,visual_direction,time_resolved_trial_response,glm_clean,balanced_accuracy,19,0.2587824286730931,1.0351297146923724,0.8214285714285714,0.20094614207581707,0.0759505026929235,7,232.28571428571428,60,442
g2pre,V1,visual_direction,time_resolved_trial_response,glm_clean,balanced_accuracy,20,0.32347803584136636,1.0351297146923724,0.8785714285714287,0.1824422074432449,0.06895667279092617,7,232.28571428571428,60,442
g2pre,V1,visual_direction,time_resolved_trial_response,glm_clean,balanced_accuracy,21,0.38817364300963964,1.0351297146923724,0.9031746031746032,0.1573809501574672,0.05948440788795854,7,232.28571428571428,60,442
g2pre,V1,visual_direction,time_resolved_trial_response,glm_clean,balanced_accuracy,22,0.4528692501779129,1.0351297146923724,0.9283068783068782,0.1283433283377054,0.04850921845941104,7,232.28571428571428,60,442
g2pre,V1,visual_direction,time_resolved_trial_response,glm_clean,balanced_accuracy,23,0.5175648573461862,1.0351297146923724,0.9671957671957673,0.06851613514134972,0.02589666491132924,7,232.28571428571428,60,442
g2pre,V1,visual_direction,time_resolved_trial_response,glm_clean,balanced_accuracy,24,0.5822604645144595,1.0351297146923724,0.9862433862433863,0.024795854716680103,0.009371952160803356,7,232.28571428571428,60,442
g2pre,V1,visual_direction,time_resolved_trial_response,glm_clean,balanced_accuracy,25,0.6469560716827327,1.0351297146923724,0.9875661375661375,0.019850673844329373,0.0075028494784500025,7,232.28571428571428,60,442
g2pre,V1,visual_direction,time_resolved_trial_response,glm_clean,balanced_accuracy,26,0.711651678851006,1.0351297146923724,0.9706349206349206,0.052502842166503486,0.019844209070949123,7,232.28571428571428,60,442
g2pre,V1,visual_direction,time_resolved_trial_response,glm_clean,balanced_accuracy,27,0.7763472860192793,1.0351297146923724,0.9534391534391534,0.08004791497359139,0.030255267998480898,7,232.28571428571428,60,442
g2pre,V1,visual_direction,time_resolved_trial_response,glm_clean,balanced_accuracy,28,0.8410428931875525,1.0351297146923724,0.9510582010582009,0.06908224178745806,0.026110633111492598,7,232.28571428571428,60,442
g2pre,V1,visual_direction,time_resolved_trial_response,glm_clean,balanced_accuracy,29,0.9057385003558258,1.0351297146923724,0.9537037037037036,0.06458513095422928,0.0244108849853472,7,232.28571428571428,60,442
g2pre,V1,visual_direction,time_resolved_trial_response,glm_clean,balanced_accuracy,30,0.9704341075240991,1.0351297146923724,0.9552910052910052,0.05175728337654597,0.019562414335805432,7,232.28571428571428,60,442
g2pre,V1,visual_direction,time_resolved_trial_response,glm_clean,balanced_accuracy,31,1.0351297146923724,1.0351297146923724,0.9544973544973544,0.0591613498920788,0.022360888434474067,7,232.28571428571428,60,442
g2pre,V1,visual_direction,time_resolved_trial_response,glm_clean,balanced_accuracy,32,1.0998253218606455,1.0351297146923724,0.9566137566137566,0.05356364391367395,0.020245154444285676,7,232.28571428571428,60,442
g2pre,V1,visual_direction,time_resolved_trial_response,glm_clean,balanced_accuracy,33,1.164520929028919,1.0351297146923724,0.9489417989417989,0.06718639271357862,0.025394069515378728,7,232.28571428571428,60,442
g2pre,V1,visual_direction,time_resolved_trial_response,glm_clean,balanced_accuracy,34,1.229216536197192,1.0351297146923724,0.9494708994708995,0.06830726765162662,0.02581772042064729,7,232.28571428571428,60,442
g2pre,V1,visual_direction,time_resolved_trial_response,glm_clean,balanced_accuracy,35,1.2939121433654655,1.0351297146923724,0.9314814814814815,0.09939805111347882,0.037568932007250255,7,232.28571428571428,60,442
g2pre,V1,visual_direction,time_resolved_trial_response,glm_clean,balanced_accuracy,36,1.3586077505337386,1.0351297146923724,0.925132275132275,0.10010201211291811,0.037835004255422376,7,232.28571428571428,60,442
g2pre,V1,visual_direction,time_resolved_trial_response,glm_clean,balanced_accuracy,37,1.423303357702012,1.0351297146923724,0.9126984126984127,0.10925103846154147,0.04129301117782734,7,232.28571428571428,60,442
g2pre,V1,visual_direction,time_resolved_trial_response,glm_clean,balanced_accuracy,38,1.4879989648702852,1.0351297146923724,0.9013227513227513,0.10983690306095581,0.04151444718239974,7,232.28571428571428,60,442
g2pre,V1,visual_direction,time_resolved_trial_response,glm_clean,balanced_accuracy,39,1.5526945720385585,1.0351297146923724,0.8925925925925925,0.11321061701226667,0.04278959119809083,7,232.28571428571428,60,442
g2pre,V1,visual_direction,time_resolved_trial_response,glm_clean,balanced_accuracy,40,1.6173901792068317,1.0351297146923724,0.8857142857142856,0.12375449115327564,0.0467748010312729,7,232.28571428571428,60,442
g2pre,V1,visual_direction,time_resolved_trial_response,glm_clean,balanced_accuracy,41,1.682085786375105,1.0351297146923724,0.870899470899471,0.13349918648129883,0.05045794966556467,7,232.28571428571428,60,442
g2pre,V1,visual_direction,time_resolved_trial_response,glm_clean,balanced_accuracy,42,1.7467813935433782,1.0351297146923724,0.856084656084656,0.12497697220770927,0.04723685543877567,7,232.28571428571428,60,442
g2pre,V1,visual_direction,time_resolved_trial_response,glm_clean,balanced_accuracy,43,1.8114770007116516,1.0351297146923724,0.8462962962962963,0.11517764256198451,0.043533056973385616,7,232.28571428571428,60,442
g2pre,V1,visual_direction,time_resolved_trial_response,glm_clean,balanced_accuracy,44,1.8761726078799248,1.0351297146923724,0.8275132275132275,0.12311416300493529,0.046532779740132466,7,232.28571428571428,60,442
g2pre,V1,visual_direction,time_resolved_trial_response,glm_clean,balanced_accuracy,45,1.9408682150481982,1.0351297146923724,0.823015873015873,0.12109401256796003,0.04576923464482175,7,232.28571428571428,60,442
g2pre,V1,visual_direction,time_resolved_trial_response,glm_clean,balanced_accuracy,46,2.0055638222164713,1.0351297146923724,0.8015873015873015,0.13551215561835936,0.051218780484637585,7,232.28571428571428,60,442
