group,area,task,analysis,signal_source,scoring,time_index,time_s,stimulus_offset_s,mean_score,std_score,sem_score,n_sessions,mean_neurons,min_neurons,max_neurons,group_base,condition
g1pre,A/RL/AL,auditory_direction,time_resolved_trial_response,glm_clean,balanced_accuracy,0,-0.9704341075240992,1.0351297146923724,0.503968253968254,0.0124423026627564,0.00470274836895,7,93.14285714285714,44,169,g1,pre
g1pre,A/RL/AL,auditory_direction,time_resolved_trial_response,glm_clean,balanced_accuracy,1,-0.9057385003558258,1.0351297146923724,0.4978835978835979,0.0151742120631745,0.005735313065788,7,93.14285714285714,44,169,g1,pre
g1pre,A/RL/AL,auditory_direction,time_resolved_trial_response,glm_clean,balanced_accuracy,2,-0.8410428931875525,1.0351297146923724,0.5103174603174603,0.0288448767075511,0.0109023386237856,7,93.14285714285714,44,169,g1,pre
g1pre,A/RL/AL,auditory_direction,time_resolved_trial_response,glm_clean,balanced_accuracy,3,-0.7763472860192793,1.0351297146923724,0.4976190476190476,0.0306669180096883,0.011591005504349,7,93.14285714285714,44,169,g1,pre
g1pre,A/RL/AL,auditory_direction,time_resolved_trial_response,glm_clean,balanced_accuracy,4,-0.711651678851006,1.0351297146923724,0.4976190476190476,0.0226984538095276,0.0085792091322424,7,93.14285714285714,44,169,g1,pre
g1pre,A/RL/AL,auditory_direction,time_resolved_trial_response,glm_clean,balanced_accuracy,5,-0.6469560716827327,1.0351297146923724,0.4994708994708995,0.0332253787831503,0.0125580127823053,7,93.14285714285714,44,169,g1,pre
g1pre,A/RL/AL,auditory_direction,time_resolved_trial_response,glm_clean,balanced_accuracy,6,-0.5822604645144595,1.0351297146923724,0.4928571428571429,0.0285174877845753,0.0107785972420441,7,93.14285714285714,44,169,g1,pre
g1pre,A/RL/AL,auditory_direction,time_resolved_trial_response,glm_clean,balanced_accuracy,7,-0.5175648573461862,1.0351297146923724,0.514021164021164,0.0185757493076972,0.0070209732978352,7,93.14285714285714,44,169,g1,pre
g1pre,A/RL/AL,auditory_direction,time_resolved_trial_response,glm_clean,balanced_accuracy,8,-0.4528692501779129,1.0351297146923724,0.4962962962962963,0.0352176588286318,0.0133110238597825,7,93.14285714285714,44,169,g1,pre
g1pre,A/RL/AL,auditory_direction,time_resolved_trial_response,glm_clean,balanced_accuracy,9,-0.3881736430096396,1.0351297146923724,0.4920634920634921,0.025742612191368,0.0097297928507913,7,93.14285714285714,44,169,g1,pre
g1pre,A/RL/AL,auditory_direction,time_resolved_trial_response,glm_clean,balanced_accuracy,10,-0.3234780358413663,1.0351297146923724,0.5074074074074074,0.0278599607318437,0.0105300753760691,7,93.14285714285714,44,169,g1,pre
g1pre,A/RL/AL,auditory_direction,time_resolved_trial_response,glm_clean,balanced_accuracy,11,-0.2587824286730931,1.0351297146923724,0.5113756613756614,0.0280730921728954,0.0106106314888678,7,93.14285714285714,44,169,g1,pre
g1pre,A/RL/AL,auditory_direction,time_resolved_trial_response,glm_clean,balanced_accuracy,12,-0.1940868215048198,1.0351297146923724,0.511904761904762,0.0408927738869543,0.0154560157320681,7,93.14285714285714,44,169,g1,pre
g1pre,A/RL/AL,auditory_direction,time_resolved_trial_response,glm_clean,balanced_accuracy,13,-0.1293912143365465,1.0351297146923724,0.503968253968254,0.0542377508820744,0.020499942929349,7,93.14285714285714,44,169,g1,pre
g1pre,A/RL/AL,auditory_direction,time_resolved_trial_response,glm_clean,balanced_accuracy,14,-0.0646956071682732,1.0351297146923724,0.5007936507936508,0.0281631121460942,0.0106446558405982,7,93.14285714285714,44,169,g1,pre
g1pre,A/RL/AL,auditory_direction,time_resolved_trial_response,glm_clean,balanced_accuracy,15,0.0,1.0351297146923724,0.4917989417989418,0.0186678284121003,0.0070557759280061,7,93.14285714285714,44,169,g1,pre
g1pre,A/RL/AL,auditory_direction,time_resolved_trial_response,glm_clean,balanced_accuracy,16,0.0646956071682732,1.0351297146923724,0.5042328042328043,0.0285232136129203,0.010780761401737,7,93.14285714285714,44,169,g1,pre
g1pre,A/RL/AL,auditory_direction,time_resolved_trial_response,glm_clean,balanced_accuracy,17,0.1293912143365465,1.0351297146923724,0.511904761904762,0.0247034802694363,0.0093370379015313,7,93.14285714285714,44,169,g1,pre
g1pre,A/RL/AL,auditory_direction,time_resolved_trial_response,glm_clean,balanced_accuracy,18,0.1940868215048198,1.0351297146923724,0.5198412698412699,0.0390899313343786,0.0147746052967653,7,93.14285714285714,44,169,g1,pre
g1pre,A/RL/AL,auditory_direction,time_resolved_trial_response,glm_clean,balanced_accuracy,19,0.2587824286730931,1.0351297146923724,0.5928571428571427,0.105574118854104,0.0399032661961049,7,93.14285714285714,44,169,g1,pre
g1pre,A/RL/AL,auditory_direction,time_resolved_trial_response,glm_clean,balanced_accuracy,20,0.3234780358413663,1.0351297146923724,0.6105820105820107,0.1499493676384906,0.0566755337175489,7,93.14285714285714,44,169,g1,pre
g1pre,A/RL/AL,auditory_direction,time_resolved_trial_response,glm_clean,balanced_accuracy,21,0.3881736430096396,1.0351297146923724,0.6039682539682539,0.1726148073296493,0.0652422646859402,7,93.14285714285714,44,169,g1,pre
g1pre,A/RL/AL,auditory_direction,time_resolved_trial_response,glm_clean,balanced_accuracy,22,0.4528692501779129,1.0351297146923724,0.6047619047619047,0.1742409796858773,0.065856900063584,7,93.14285714285714,44,169,g1,pre
g1pre,A/RL/AL,auditory_direction,time_resolved_trial_response,glm_clean,balanced_accuracy,23,0.5175648573461862,1.0351297146923724,0.6171957671957672,0.172198041199388,0.0650847418951479,7,93.14285714285714,44,169,g1,pre
g1pre,A/RL/AL,auditory_direction,time_resolved_trial_response,glm_clean,balanced_accuracy,24,0.5822604645144595,1.0351297146923724,0.6256613756613757,0.1711717217068986,0.06469682958903,7,93.14285714285714,44,169,g1,pre
g1pre,A/RL/AL,auditory_direction,time_resolved_trial_response,glm_clean,balanced_accuracy,25,0.6469560716827327,1.0351297146923724,0.6261904761904763,0.1660944517687287,0.062777801932524,7,93.14285714285714,44,169,g1,pre
g1pre,A/RL/AL,auditory_direction,time_resolved_trial_response,glm_clean,balanced_accuracy,26,0.711651678851006,1.0351297146923724,0.6211640211640211,0.1619068512043726,0.061195037692044,7,93.14285714285714,44,169,g1,pre
g1pre,A/RL/AL,auditory_direction,time_resolved_trial_response,glm_clean,balanced_accuracy,27,0.7763472860192793,1.0351297146923724,0.6082010582010582,0.1552792120006246,0.0586900255331041,7,93.14285714285714,44,169,g1,pre
g1pre,A/RL/AL,auditory_direction,time_resolved_trial_response,glm_clean,balanced_accuracy,28,0.8410428931875525,1.0351297146923724,0.6,0.1407894652499866,0.0532134160384621,7,93.14285714285714,44,169,g1,pre
g1pre,A/RL/AL,auditory_direction,time_resolved_trial_response,glm_clean,balanced_accuracy,29,0.9057385003558258,1.0351297146923724,0.5857142857142856,0.1323468059785127,0.050022390776123,7,93.14285714285714,44,169,g1,pre
g1pre,A/RL/AL,auditory_direction,time_resolved_trial_response,glm_clean,balanced_accuracy,30,0.9704341075240992,1.0351297146923724,0.5894179894179894,0.1270002929157226,0.0480015987839086,7,93.14285714285714,44,169,g1,pre
g1pre,A/RL/AL,auditory_direction,time_resolved_trial_response,glm_clean,balanced_accuracy,31,1.0351297146923724,1.0351297146923724,0.5857142857142856,0.1379503858950042,0.0521403449062248,7,93.14285714285714,44,169,g1,pre
g1pre,A/RL/AL,auditory_direction,time_resolved_trial_response,glm_clean,balanced_accuracy,32,1.0998253218606455,1.0351297146923724,0.5846560846560847,0.1335548326745254,0.0504789819496625,7,93.14285714285714,44,169,g1,pre
g1pre,A/RL/AL,auditory_direction,time_resolved_trial_response,glm_clean,balanced_accuracy,33,1.164520929028919,1.0351297146923724,0.5944444444444444,0.1340174493344387,0.0506538346117319,7,93.14285714285714,44,169,g1,pre
g1pre,A/RL/AL,auditory_direction,time_resolved_trial_response,glm_clean,balanced_accuracy,34,1.229216536197192,1.0351297146923724,0.584126984126984,0.1367608876874937,0.0516907568430776,7,93.14285714285714,44,169,g1,pre
g1pre,A/RL/AL,auditory_direction,time_resolved_trial_response,glm_clean,balanced_accuracy,35,1.2939121433654657,1.0351297146923724,0.6,0.1274911797517567,0.0481871365681973,7,93.14285714285714,44,169,g1,pre
g1pre,A/RL/AL,auditory_direction,time_resolved_trial_response,glm_clean,balanced_accuracy,36,1.3586077505337386,1.0351297146923724,0.5857142857142856,0.1152704731966764,0.043568143655306,7,93.14285714285714,44,169,g1,pre
g1pre,A/RL/AL,auditory_direction,time_resolved_trial_response,glm_clean,balanced_accuracy,37,1.423303357702012,1.0351297146923724,0.5785714285714285,0.1166463687166059,0.0440881832804119,7,93.14285714285714,44,169,g1,pre
g1pre,A/RL/AL,auditory_direction,time_resolved_trial_response,glm_clean,balanced_accuracy,38,1.4879989648702852,1.0351297146923724,0.5706349206349206,0.1308558780757079,0.0494588729970446,7,93.14285714285714,44,169,g1,pre
g1pre,A/RL/AL,auditory_direction,time_resolved_trial_response,glm_clean,balanced_accuracy,39,1.5526945720385583,1.0351297146923724,0.5658730158730159,0.1234777319099054,0.046670195869702,7,93.14285714285714,44,169,g1,pre
g1pre,A/RL/AL,auditory_direction,time_resolved_trial_response,glm_clean,balanced_accuracy,40,1.6173901792068317,1.0351297146923724,0.5796296296296296,0.1038193799289613,0.0392400372229946,7,93.14285714285714,44,169,g1,pre
g1pre,A/RL/AL,auditory_direction,time_resolved_trial_response,glm_clean,balanced_accuracy,41,1.682085786375105,1.0351297146923724,0.5761904761904761,0.1142830605871279,0.0431949367686953,7,93.14285714285714,44,169,g1,pre
g1pre,A/RL/AL,auditory_direction,time_resolved_trial_response,glm_clean,balanced_accuracy,42,1.7467813935433782,1.0351297146923724,0.5687830687830688,0.1115804315151464,0.0421734389957645,7,93.14285714285714,44,169,g1,pre
g1pre,A/RL/AL,auditory_direction,time_resolved_trial_response,glm_clean,balanced_accuracy,43,1.8114770007116516,1.0351297146923724,0.5603174603174603,0.1153257109074811,0.0435890215475605,7,93.14285714285714,44,169,g1,pre
g1pre,A/RL/AL,auditory_direction,time_resolved_trial_response,glm_clean,balanced_accuracy,44,1.8761726078799248,1.0351297146923724,0.5753968253968254,0.0915478984029964,0.0346018531749908,7,93.14285714285714,44,169,g1,pre
g1pre,A/RL/AL,auditory_direction,time_resolved_trial_response,glm_clean,balanced_accuracy,45,1.9408682150481984,1.0351297146923724,0.5417989417989418,0.1086394700689185,0.0410618600526005,7,93.14285714285714,44,169,g1,pre
g1pre,A/RL/AL,auditory_direction,time_resolved_trial_response,glm_clean,balanced_accuracy,46,2.0055638222164713,1.0351297146923724,0.5507936507936508,0.1059655085698491,0.0400511976037578,7,93.14285714285714,44,169,g1,pre
g1pre,A/RL/AL,congruency,time_resolved_trial_response,glm_clean,balanced_accuracy,0,-0.9704341075240992,1.0351297146923724,0.490079365079365,0.0341661827298286,0.0129136032502166,7,93.14285714285714,44,169,g1,pre
g1pre,A/RL/AL,congruency,time_resolved_trial_response,glm_clean,balanced_accuracy,1,-0.9057385003558258,1.0351297146923724,0.4936507936507937,0.0289881789850635,0.0109565017935866,7,93.14285714285714,44,169,g1,pre
g1pre,A/RL/AL,congruency,time_resolved_trial_response,glm_clean,balanced_accuracy,2,-0.8410428931875525,1.0351297146923724,0.5023809523809524,0.0394935978112605,0.0149271768839714,7,93.14285714285714,44,169,g1,pre
g1pre,A/RL/AL,congruency,time_resolved_trial_response,glm_clean,balanced_accuracy,3,-0.7763472860192793,1.0351297146923724,0.4928571428571429,0.0468354845200653,0.0177021492247583,7,93.14285714285714,44,169,g1,pre
g1pre,A/RL/AL,congruency,time_resolved_trial_response,glm_clean,balanced_accuracy,4,-0.711651678851006,1.0351297146923724,0.4746031746031746,0.042474531567324,0.0160538639401574,7,93.14285714285714,44,169,g1,pre
g1pre,A/RL/AL,congruency,time_resolved_trial_response,glm_clean,balanced_accuracy,5,-0.6469560716827327,1.0351297146923724,0.494047619047619,0.0226480367469042,0.0085601532737372,7,93.14285714285714,44,169,g1,pre
g1pre,A/RL/AL,congruency,time_resolved_trial_response,glm_clean,balanced_accuracy,6,-0.5822604645144595,1.0351297146923724,0.5031746031746032,0.034895072413984,0.0131890976555703,7,93.14285714285714,44,169,g1,pre
g1pre,A/RL/AL,congruency,time_resolved_trial_response,glm_clean,balanced_accuracy,7,-0.5175648573461862,1.0351297146923724,0.5146825396825397,0.0255452014911604,0.0096551786195209,7,93.14285714285714,44,169,g1,pre
g1pre,A/RL/AL,congruency,time_resolved_trial_response,glm_clean,balanced_accuracy,8,-0.4528692501779129,1.0351297146923724,0.5095238095238095,0.0310091393859232,0.0117203530264701,7,93.14285714285714,44,169,g1,pre
g1pre,A/RL/AL,congruency,time_resolved_trial_response,glm_clean,balanced_accuracy,9,-0.3881736430096396,1.0351297146923724,0.478968253968254,0.0339774625306763,0.0128422737195978,7,93.14285714285714,44,169,g1,pre
g1pre,A/RL/AL,congruency,time_resolved_trial_response,glm_clean,balanced_accuracy,10,-0.3234780358413663,1.0351297146923724,0.5015873015873016,0.0338257282875017,0.0127849235663389,7,93.14285714285714,44,169,g1,pre
g1pre,A/RL/AL,congruency,time_resolved_trial_response,glm_clean,balanced_accuracy,11,-0.2587824286730931,1.0351297146923724,0.5107142857142858,0.0253792515255138,0.0095924554282094,7,93.14285714285714,44,169,g1,pre
g1pre,A/RL/AL,congruency,time_resolved_trial_response,glm_clean,balanced_accuracy,12,-0.1940868215048198,1.0351297146923724,0.5015873015873016,0.0256528513633238,0.0096958664467227,7,93.14285714285714,44,169,g1,pre
g1pre,A/RL/AL,congruency,time_resolved_trial_response,glm_clean,balanced_accuracy,13,-0.1293912143365465,1.0351297146923724,0.501984126984127,0.0317005295597411,0.0119816739491609,7,93.14285714285714,44,169,g1,pre
g1pre,A/RL/AL,congruency,time_resolved_trial_response,glm_clean,balanced_accuracy,14,-0.0646956071682732,1.0351297146923724,0.5063492063492063,0.0384135729490723,0.0145189658560976,7,93.14285714285714,44,169,g1,pre
g1pre,A/RL/AL,congruency,time_resolved_trial_response,glm_clean,balanced_accuracy,15,0.0,1.0351297146923724,0.4956349206349206,0.0316657384065191,0.011968524129268,7,93.14285714285714,44,169,g1,pre
g1pre,A/RL/AL,congruency,time_resolved_trial_response,glm_clean,balanced_accuracy,16,0.0646956071682732,1.0351297146923724,0.4781746031746032,0.0434917738375245,0.0164383453787364,7,93.14285714285714,44,169,g1,pre
g1pre,A/RL/AL,congruency,time_resolved_trial_response,glm_clean,balanced_accuracy,17,0.1293912143365465,1.0351297146923724,0.5063492063492064,0.0275319812966867,0.010406110801702,7,93.14285714285714,44,169,g1,pre
g1pre,A/RL/AL,congruency,time_resolved_trial_response,glm_clean,balanced_accuracy,18,0.1940868215048198,1.0351297146923724,0.5170634920634921,0.0285732656669824,0.0107996792999736,7,93.14285714285714,44,169,g1,pre
g1pre,A/RL/AL,congruency,time_resolved_trial_response,glm_clean,balanced_accuracy,19,0.2587824286730931,1.0351297146923724,0.4988095238095238,0.0366363912206102,0.0138472543006578,7,93.14285714285714,44,169,g1,pre
g1pre,A/RL/AL,congruency,time_resolved_trial_response,glm_clean,balanced_accuracy,20,0.3234780358413663,1.0351297146923724,0.4892857142857142,0.0336569388918141,0.0127211271713483,7,93.14285714285714,44,169,g1,pre
g1pre,A/RL/AL,congruency,time_resolved_trial_response,glm_clean,balanced_accuracy,21,0.3881736430096396,1.0351297146923724,0.484920634920635,0.0386186757463551,0.0145964874267853,7,93.14285714285714,44,169,g1,pre
g1pre,A/RL/AL,congruency,time_resolved_trial_response,glm_clean,balanced_accuracy,22,0.4528692501779129,1.0351297146923724,0.5087301587301587,0.0431056629405304,0.0162924091770309,7,93.14285714285714,44,169,g1,pre
g1pre,A/RL/AL,congruency,time_resolved_trial_response,glm_clean,balanced_accuracy,23,0.5175648573461862,1.0351297146923724,0.5067460317460317,0.0163438759482311,0.0061774044597013,7,93.14285714285714,44,169,g1,pre
g1pre,A/RL/AL,congruency,time_resolved_trial_response,glm_clean,balanced_accuracy,24,0.5822604645144595,1.0351297146923724,0.4948412698412698,0.0286182376700044,0.010816677119396,7,93.14285714285714,44,169,g1,pre
g1pre,A/RL/AL,congruency,time_resolved_trial_response,glm_clean,balanced_accuracy,25,0.6469560716827327,1.0351297146923724,0.5075396825396825,0.0324225210411577,0.0122545610789517,7,93.14285714285714,44,169,g1,pre
g1pre,A/RL/AL,congruency,time_resolved_trial_response,glm_clean,balanced_accuracy,26,0.711651678851006,1.0351297146923724,0.5027777777777779,0.0387563880304747,0.0146485377776795,7,93.14285714285714,44,169,g1,pre
g1pre,A/RL/AL,congruency,time_resolved_trial_response,glm_clean,balanced_accuracy,27,0.7763472860192793,1.0351297146923724,0.494047619047619,0.0439037882418712,0.0165940721859475,7,93.14285714285714,44,169,g1,pre
g1pre,A/RL/AL,congruency,time_resolved_trial_response,glm_clean,balanced_accuracy,28,0.8410428931875525,1.0351297146923724,0.5015873015873016,0.0226723589698576,0.0085693462099182,7,93.14285714285714,44,169,g1,pre
g1pre,A/RL/AL,congruency,time_resolved_trial_response,glm_clean,balanced_accuracy,29,0.9057385003558258,1.0351297146923724,0.4952380952380952,0.0301195443002316,0.0113841176887151,7,93.14285714285714,44,169,g1,pre
g1pre,A/RL/AL,congruency,time_resolved_trial_response,glm_clean,balanced_accuracy,30,0.9704341075240992,1.0351297146923724,0.4912698412698413,0.0166997027083339,0.0063118943335662,7,93.14285714285714,44,169,g1,pre
g1pre,A/RL/AL,congruency,time_resolved_trial_response,glm_clean,balanced_accuracy,31,1.0351297146923724,1.0351297146923724,0.4805555555555555,0.0343217648015752,0.012972407745974,7,93.14285714285714,44,169,g1,pre
g1pre,A/RL/AL,congruency,time_resolved_trial_response,glm_clean,balanced_accuracy,32,1.0998253218606455,1.0351297146923724,0.4757936507936508,0.0572589392654837,0.0216418448045459,7,93.14285714285714,44,169,g1,pre
g1pre,A/RL/AL,congruency,time_resolved_trial_response,glm_clean,balanced_accuracy,33,1.164520929028919,1.0351297146923724,0.4896825396825397,0.0447821167170579,0.0169260491452005,7,93.14285714285714,44,169,g1,pre
g1pre,A/RL/AL,congruency,time_resolved_trial_response,glm_clean,balanced_accuracy,34,1.229216536197192,1.0351297146923724,0.490079365079365,0.0457801920563345,0.0173032861648336,7,93.14285714285714,44,169,g1,pre
g1pre,A/RL/AL,congruency,time_resolved_trial_response,glm_clean,balanced_accuracy,35,1.2939121433654657,1.0351297146923724,0.501984126984127,0.0427246629641103,0.0161484047217268,7,93.14285714285714,44,169,g1,pre
g1pre,A/RL/AL,congruency,time_resolved_trial_response,glm_clean,balanced_accuracy,36,1.3586077505337386,1.0351297146923724,0.503968253968254,0.0679819545859335,0.0256947636392095,7,93.14285714285714,44,169,g1,pre
g1pre,A/RL/AL,congruency,time_resolved_trial_response,glm_clean,balanced_accuracy,37,1.423303357702012,1.0351297146923724,0.4976190476190476,0.0367965073234562,0.0139077724990903,7,93.14285714285714,44,169,g1,pre
g1pre,A/RL/AL,congruency,time_resolved_trial_response,glm_clean,balanced_accuracy,38,1.4879989648702852,1.0351297146923724,0.4956349206349206,0.0353137445283859,0.0133473408406538,7,93.14285714285714,44,169,g1,pre
g1pre,A/RL/AL,congruency,time_resolved_trial_response,glm_clean,balanced_accuracy,39,1.5526945720385583,1.0351297146923724,0.5007936507936508,0.0406896023447891,0.0153792241072032,7,93.14285714285714,44,169,g1,pre
g1pre,A/RL/AL,congruency,time_resolved_trial_response,glm_clean,balanced_accuracy,40,1.6173901792068317,1.0351297146923724,0.5158730158730159,0.0228338450489139,0.0086303822106871,7,93.14285714285714,44,169,g1,pre
g1pre,A/RL/AL,congruency,time_resolved_trial_response,glm_clean,balanced_accuracy,41,1.682085786375105,1.0351297146923724,0.5079365079365079,0.0373859228994091,0.0141305506466387,7,93.14285714285714,44,169,g1,pre
g1pre,A/RL/AL,congruency,time_resolved_trial_response,glm_clean,balanced_accuracy,42,1.7467813935433782,1.0351297146923724,0.4916666666666666,0.0474395868794425,0.0179304784546639,7,93.14285714285714,44,169,g1,pre
g1pre,A/RL/AL,congruency,time_resolved_trial_response,glm_clean,balanced_accuracy,43,1.8114770007116516,1.0351297146923724,0.5103174603174603,0.0459724120426395,0.0173759384906592,7,93.14285714285714,44,169,g1,pre
g1pre,A/RL/AL,congruency,time_resolved_trial_response,glm_clean,balanced_accuracy,44,1.8761726078799248,1.0351297146923724,0.4972222222222222,0.0325130553075545,0.0122887798152397,7,93.14285714285714,44,169,g1,pre
g1pre,A/RL/AL,congruency,time_resolved_trial_response,glm_clean,balanced_accuracy,45,1.9408682150481984,1.0351297146923724,0.5134920634920636,0.0469334463182061,0.0177391753041676,7,93.14285714285714,44,169,g1,pre
g1pre,A/RL/AL,congruency,time_resolved_trial_response,glm_clean,balanced_accuracy,46,2.0055638222164713,1.0351297146923724,0.490079365079365,0.0427590490163276,0.016161401427832,7,93.14285714285714,44,169,g1,pre
g1pre,A/RL/AL,modality,time_resolved_trial_response,glm_clean,balanced_accuracy,0,-0.9704341075240992,1.0351297146923724,0.3374338624338624,0.0135857572594809,0.005134933583011,7,93.14285714285714,44,169,g1,pre
g1pre,A/RL/AL,modality,time_resolved_trial_response,glm_clean,balanced_accuracy,1,-0.9057385003558258,1.0351297146923724,0.3304232804232804,0.0274279857442313,0.010366804177523,7,93.14285714285714,44,169,g1,pre
g1pre,A/RL/AL,modality,time_resolved_trial_response,glm_clean,balanced_accuracy,2,-0.8410428931875525,1.0351297146923724,0.3394179894179894,0.013690529441231,0.0051745337454722,7,93.14285714285714,44,169,g1,pre
g1pre,A/RL/AL,modality,time_resolved_trial_response,glm_clean,balanced_accuracy,3,-0.7763472860192793,1.0351297146923724,0.3355820105820105,0.0081224542784264,0.0030699991508869,7,93.14285714285714,44,169,g1,pre
g1pre,A/RL/AL,modality,time_resolved_trial_response,glm_clean,balanced_accuracy,4,-0.711651678851006,1.0351297146923724,0.3322751322751323,0.0239755138877833,0.0090618924717214,7,93.14285714285714,44,169,g1,pre
g1pre,A/RL/AL,modality,time_resolved_trial_response,glm_clean,balanced_accuracy,5,-0.6469560716827327,1.0351297146923724,0.3367724867724868,0.0160616728143309,0.0060707417009152,7,93.14285714285714,44,169,g1,pre
g1pre,A/RL/AL,modality,time_resolved_trial_response,glm_clean,balanced_accuracy,6,-0.5822604645144595,1.0351297146923724,0.3338624338624338,0.0159826825905985,0.0060408862026293,7,93.14285714285714,44,169,g1,pre
g1pre,A/RL/AL,modality,time_resolved_trial_response,glm_clean,balanced_accuracy,7,-0.5175648573461862,1.0351297146923724,0.3272486772486772,0.010676386909532,0.0040352949519039,7,93.14285714285714,44,169,g1,pre
g1pre,A/RL/AL,modality,time_resolved_trial_response,glm_clean,balanced_accuracy,8,-0.4528692501779129,1.0351297146923724,0.3427248677248677,0.014016171617936,0.00529761491918,7,93.14285714285714,44,169,g1,pre
g1pre,A/RL/AL,modality,time_resolved_trial_response,glm_clean,balanced_accuracy,9,-0.3881736430096396,1.0351297146923724,0.3255291005291005,0.0128172714816011,0.0048444732609595,7,93.14285714285714,44,169,g1,pre
g1pre,A/RL/AL,modality,time_resolved_trial_response,glm_clean,balanced_accuracy,10,-0.3234780358413663,1.0351297146923724,0.3353174603174603,0.0224616001860629,0.0084896868772692,7,93.14285714285714,44,169,g1,pre
g1pre,A/RL/AL,modality,time_resolved_trial_response,glm_clean,balanced_accuracy,11,-0.2587824286730931,1.0351297146923724,0.3342592592592592,0.0229123795715647,0.0086600654701538,7,93.14285714285714,44,169,g1,pre
g1pre,A/RL/AL,modality,time_resolved_trial_response,glm_clean,balanced_accuracy,12,-0.1940868215048198,1.0351297146923724,0.342063492063492,0.0153813097213853,0.0058135886230351,7,93.14285714285714,44,169,g1,pre
g1pre,A/RL/AL,modality,time_resolved_trial_response,glm_clean,balanced_accuracy,13,-0.1293912143365465,1.0351297146923724,0.332936507936508,0.017664385212391,0.0066765100478333,7,93.14285714285714,44,169,g1,pre
g1pre,A/RL/AL,modality,time_resolved_trial_response,glm_clean,balanced_accuracy,14,-0.0646956071682732,1.0351297146923724,0.3284391534391534,0.0125566194343584,0.0047459560472847,7,93.14285714285714,44,169,g1,pre
g1pre,A/RL/AL,modality,time_resolved_trial_response,glm_clean,balanced_accuracy,15,0.0,1.0351297146923724,0.3445767195767196,0.0178059557698883,0.0067300186889914,7,93.14285714285714,44,169,g1,pre
g1pre,A/RL/AL,modality,time_resolved_trial_response,glm_clean,balanced_accuracy,16,0.0646956071682732,1.0351297146923724,0.3373015873015873,0.0114120046166154,0.0043133323108979,7,93.14285714285714,44,169,g1,pre
g1pre,A/RL/AL,modality,time_resolved_trial_response,glm_clean,balanced_accuracy,17,0.1293912143365465,1.0351297146923724,0.3362433862433862,0.0163588565892755,0.006183066609799,7,93.14285714285714,44,169,g1,pre
g1pre,A/RL/AL,modality,time_resolved_trial_response,glm_clean,balanced_accuracy,18,0.1940868215048198,1.0351297146923724,0.3648148148148148,0.0471798405795335,0.0178323035813027,7,93.14285714285714,44,169,g1,pre
g1pre,A/RL/AL,modality,time_resolved_trial_response,glm_clean,balanced_accuracy,19,0.2587824286730931,1.0351297146923724,0.4915343915343915,0.1255502618373858,0.047453538551538,7,93.14285714285714,44,169,g1,pre
g1pre,A/RL/AL,modality,time_resolved_trial_response,glm_clean,balanced_accuracy,20,0.3234780358413663,1.0351297146923724,0.5134920634920634,0.1406176942855181,0.0531484927163985,7,93.14285714285714,44,169,g1,pre
g1pre,A/RL/AL,modality,time_resolved_trial_response,glm_clean,balanced_accuracy,21,0.3881736430096396,1.0351297146923724,0.5297619047619048,0.1557074403369616,0.0588518806305753,7,93.14285714285714,44,169,g1,pre
g1pre,A/RL/AL,modality,time_resolved_trial_response,glm_clean,balanced_accuracy,22,0.4528692501779129,1.0351297146923724,0.5644179894179894,0.1737074688505648,0.0656552519218704,7,93.14285714285714,44,169,g1,pre
g1pre,A/RL/AL,modality,time_resolved_trial_response,glm_clean,balanced_accuracy,23,0.5175648573461862,1.0351297146923724,0.5933862433862434,0.1803246613022567,0.0681563155796748,7,93.14285714285714,44,169,g1,pre
g1pre,A/RL/AL,modality,time_resolved_trial_response,glm_clean,balanced_accuracy,24,0.5822604645144595,1.0351297146923724,0.5830687830687831,0.1894747890069129,0.0716147387755323,7,93.14285714285714,44,169,g1,pre
g1pre,A/RL/AL,modality,time_resolved_trial_response,glm_clean,balanced_accuracy,25,0.6469560716827327,1.0351297146923724,0.5928571428571429,0.18913285676304,0.0714855005351721,7,93.14285714285714,44,169,g1,pre
g1pre,A/RL/AL,modality,time_resolved_trial_response,glm_clean,balanced_accuracy,26,0.711651678851006,1.0351297146923724,0.6031746031746031,0.1887041104373979,0.0713234496561461,7,93.14285714285714,44,169,g1,pre
g1pre,A/RL/AL,modality,time_resolved_trial_response,glm_clean,balanced_accuracy,27,0.7763472860192793,1.0351297146923724,0.6044973544973544,0.1883452815044604,0.0711878250676079,7,93.14285714285714,44,169,g1,pre
g1pre,A/RL/AL,modality,time_resolved_trial_response,glm_clean,balanced_accuracy,28,0.8410428931875525,1.0351297146923724,0.6121693121693121,0.2107421975444264,0.0796530636356856,7,93.14285714285714,44,169,g1,pre
g1pre,A/RL/AL,modality,time_resolved_trial_response,glm_clean,balanced_accuracy,29,0.9057385003558258,1.0351297146923724,0.620899470899471,0.2147980897217102,0.0811860467850549,7,93.14285714285714,44,169,g1,pre
g1pre,A/RL/AL,modality,time_resolved_trial_response,glm_clean,balanced_accuracy,30,0.9704341075240992,1.0351297146923724,0.6146825396825397,0.2221234532122056,0.083954773936341,7,93.14285714285714,44,169,g1,pre
g1pre,A/RL/AL,modality,time_resolved_trial_response,glm_clean,balanced_accuracy,31,1.0351297146923724,1.0351297146923724,0.6321428571428571,0.212592077932628,0.0803522527017423,7,93.14285714285714,44,169,g1,pre
g1pre,A/RL/AL,modality,time_resolved_trial_response,glm_clean,balanced_accuracy,32,1.0998253218606455,1.0351297146923724,0.6207671957671957,0.2163643144302842,0.0817780240816451,7,93.14285714285714,44,169,g1,pre
g1pre,A/RL/AL,modality,time_resolved_trial_response,glm_clean,balanced_accuracy,33,1.164520929028919,1.0351297146923724,0.6312169312169312,0.2115814788434037,0.07997028214956,7,93.14285714285714,44,169,g1,pre
g1pre,A/RL/AL,modality,time_resolved_trial_response,glm_clean,balanced_accuracy,34,1.229216536197192,1.0351297146923724,0.6407407407407407,0.2036082829260292,0.0769566973564502,7,93.14285714285714,44,169,g1,pre
g1pre,A/RL/AL,modality,time_resolved_trial_response,glm_clean,balanced_accuracy,35,1.2939121433654657,1.0351297146923724,0.6337301587301587,0.201090745068744,0.0760051574869406,7,93.14285714285714,44,169,g1,pre
g1pre,A/RL/AL,modality,time_resolved_trial_response,glm_clean,balanced_accuracy,36,1.3586077505337386,1.0351297146923724,0.6252645502645503,0.2103800113298708,0.0795161701139698,7,93.14285714285714,44,169,g1,pre
g1pre,A/RL/AL,modality,time_resolved_trial_response,glm_clean,balanced_accuracy,37,1.423303357702012,1.0351297146923724,0.6108465608465609,0.2028318282195836,0.076663225062513,7,93.14285714285714,44,169,g1,pre
g1pre,A/RL/AL,modality,time_resolved_trial_response,glm_clean,balanced_accuracy,38,1.4879989648702852,1.0351297146923724,0.6078042328042328,0.1867808240416259,0.0705965157271223,7,93.14285714285714,44,169,g1,pre
g1pre,A/RL/AL,modality,time_resolved_trial_response,glm_clean,balanced_accuracy,39,1.5526945720385583,1.0351297146923724,0.6011904761904762,0.201449163880275,0.0761406270641576,7,93.14285714285714,44,169,g1,pre
g1pre,A/RL/AL,modality,time_resolved_trial_response,glm_clean,balanced_accuracy,40,1.6173901792068317,1.0351297146923724,0.5943121693121692,0.1893931092209194,0.0715838667182638,7,93.14285714285714,44,169,g1,pre
g1pre,A/RL/AL,modality,time_resolved_trial_response,glm_clean,balanced_accuracy,41,1.682085786375105,1.0351297146923724,0.5835978835978836,0.177646487565574,0.0671440610546624,7,93.14285714285714,44,169,g1,pre
g1pre,A/RL/AL,modality,time_resolved_trial_response,glm_clean,balanced_accuracy,42,1.7467813935433782,1.0351297146923724,0.5671957671957671,0.1856720891730637,0.0701774533368192,7,93.14285714285714,44,169,g1,pre
g1pre,A/RL/AL,modality,time_resolved_trial_response,glm_clean,balanced_accuracy,43,1.8114770007116516,1.0351297146923724,0.5656084656084656,0.1787232354926405,0.0675510335174799,7,93.14285714285714,44,169,g1,pre
g1pre,A/RL/AL,modality,time_resolved_trial_response,glm_clean,balanced_accuracy,44,1.8761726078799248,1.0351297146923724,0.5555555555555556,0.1690332662069534,0.0638885693829395,7,93.14285714285714,44,169,g1,pre
g1pre,A/RL/AL,modality,time_resolved_trial_response,glm_clean,balanced_accuracy,45,1.9408682150481984,1.0351297146923724,0.5502645502645502,0.1578811989748766,0.0596734841686042,7,93.14285714285714,44,169,g1,pre
g1pre,A/RL/AL,modality,time_resolved_trial_response,glm_clean,balanced_accuracy,46,2.0055638222164713,1.0351297146923724,0.5215608465608466,0.1501958353206833,0.0567686897451627,7,93.14285714285714,44,169,g1,pre
g1pre,A/RL/AL,trial_type,time_resolved_trial_response,glm_clean,balanced_accuracy,0,-0.9704341075240992,1.0351297146923724,0.1303571428571428,0.018415719967368,0.0069604878925517,7,93.14285714285714,44,169,g1,pre
g1pre,A/RL/AL,trial_type,time_resolved_trial_response,glm_clean,balanced_accuracy,1,-0.9057385003558258,1.0351297146923724,0.1255952380952381,0.0108136437540935,0.0040871731628254,7,93.14285714285714,44,169,g1,pre
g1pre,A/RL/AL,trial_type,time_resolved_trial_response,glm_clean,balanced_accuracy,2,-0.8410428931875525,1.0351297146923724,0.1194444444444444,0.0117029857960782,0.0044233128590491,7,93.14285714285714,44,169,g1,pre
g1pre,A/RL/AL,trial_type,time_resolved_trial_response,glm_clean,balanced_accuracy,3,-0.7763472860192793,1.0351297146923724,0.1236111111111111,0.0112548572047622,0.004253936172192,7,93.14285714285714,44,169,g1,pre
g1pre,A/RL/AL,trial_type,time_resolved_trial_response,glm_clean,balanced_accuracy,4,-0.711651678851006,1.0351297146923724,0.1222222222222222,0.0127040951240854,0.004801696618634,7,93.14285714285714,44,169,g1,pre
g1pre,A/RL/AL,trial_type,time_resolved_trial_response,glm_clean,balanced_accuracy,5,-0.6469560716827327,1.0351297146923724,0.125,0.0162565276537772,0.0061443899076198,7,93.14285714285714,44,169,g1,pre
g1pre,A/RL/AL,trial_type,time_resolved_trial_response,glm_clean,balanced_accuracy,6,-0.5822604645144595,1.0351297146923724,0.1277777777777777,0.0148725725964898,0.0056213040637237,7,93.14285714285714,44,169,g1,pre
g1pre,A/RL/AL,trial_type,time_resolved_trial_response,glm_clean,balanced_accuracy,7,-0.5175648573461862,1.0351297146923724,0.1271825396825396,0.0094150257657899,0.003558545251935,7,93.14285714285714,44,169,g1,pre
g1pre,A/RL/AL,trial_type,time_resolved_trial_response,glm_clean,balanced_accuracy,8,-0.4528692501779129,1.0351297146923724,0.1253968253968254,0.0112180698483682,0.0042400318584192,7,93.14285714285714,44,169,g1,pre
g1pre,A/RL/AL,trial_type,time_resolved_trial_response,glm_clean,balanced_accuracy,9,-0.3881736430096396,1.0351297146923724,0.1144841269841269,0.0137225488897132,0.0051866359594438,7,93.14285714285714,44,169,g1,pre
g1pre,A/RL/AL,trial_type,time_resolved_trial_response,glm_clean,balanced_accuracy,10,-0.3234780358413663,1.0351297146923724,0.1186507936507936,0.0098815367116484,0.0037348698157395,7,93.14285714285714,44,169,g1,pre
g1pre,A/RL/AL,trial_type,time_resolved_trial_response,glm_clean,balanced_accuracy,11,-0.2587824286730931,1.0351297146923724,0.1228174603174603,0.0167792712815065,0.0063419684273934,7,93.14285714285714,44,169,g1,pre
g1pre,A/RL/AL,trial_type,time_resolved_trial_response,glm_clean,balanced_accuracy,12,-0.1940868215048198,1.0351297146923724,0.1281746031746031,0.0149311323255152,0.0056434375608444,7,93.14285714285714,44,169,g1,pre
g1pre,A/RL/AL,trial_type,time_resolved_trial_response,glm_clean,balanced_accuracy,13,-0.1293912143365465,1.0351297146923724,0.1287698412698412,0.0228459104896761,0.0086349425186464,7,93.14285714285714,44,169,g1,pre
g1pre,A/RL/AL,trial_type,time_resolved_trial_response,glm_clean,balanced_accuracy,14,-0.0646956071682732,1.0351297146923724,0.127579365079365,0.0161658666323254,0.0061101232624243,7,93.14285714285714,44,169,g1,pre
g1pre,A/RL/AL,trial_type,time_resolved_trial_response,glm_clean,balanced_accuracy,15,0.0,1.0351297146923724,0.1220238095238095,0.0114931030106598,0.0043439846226648,7,93.14285714285714,44,169,g1,pre
g1pre,A/RL/AL,trial_type,time_resolved_trial_response,glm_clean,balanced_accuracy,16,0.0646956071682732,1.0351297146923724,0.1188492063492063,0.0149772019577504,0.0056608502451139,7,93.14285714285714,44,169,g1,pre
g1pre,A/RL/AL,trial_type,time_resolved_trial_response,glm_clean,balanced_accuracy,17,0.1293912143365465,1.0351297146923724,0.1279761904761904,0.0167134484532806,0.0063170897368111,7,93.14285714285714,44,169,g1,pre
g1pre,A/RL/AL,trial_type,time_resolved_trial_response,glm_clean,balanced_accuracy,18,0.1940868215048198,1.0351297146923724,0.1547619047619047,0.0277413782677641,0.0104852554175251,7,93.14285714285714,44,169,g1,pre
g1pre,A/RL/AL,trial_type,time_resolved_trial_response,glm_clean,balanced_accuracy,19,0.2587824286730931,1.0351297146923724,0.2285714285714286,0.101774561823917,0.0384671686255218,7,93.14285714285714,44,169,g1,pre
g1pre,A/RL/AL,trial_type,time_resolved_trial_response,glm_clean,balanced_accuracy,20,0.3234780358413663,1.0351297146923724,0.2799603174603174,0.1532775016250238,0.057933450125873,7,93.14285714285714,44,169,g1,pre
g1pre,A/RL/AL,trial_type,time_resolved_trial_response,glm_clean,balanced_accuracy,21,0.3881736430096396,1.0351297146923724,0.2944444444444444,0.1912014617391651,0.0722673597248374,7,93.14285714285714,44,169,g1,pre
g1pre,A/RL/AL,trial_type,time_resolved_trial_response,glm_clean,balanced_accuracy,22,0.4528692501779129,1.0351297146923724,0.3341269841269841,0.1970246420694591,0.0744683150096147,7,93.14285714285714,44,169,g1,pre
g1pre,A/RL/AL,trial_type,time_resolved_trial_response,glm_clean,balanced_accuracy,23,0.5175648573461862,1.0351297146923724,0.3553571428571428,0.2150243857764557,0.0812715786541308,7,93.14285714285714,44,169,g1,pre
g1pre,A/RL/AL,trial_type,time_resolved_trial_response,glm_clean,balanced_accuracy,24,0.5822604645144595,1.0351297146923724,0.3507936507936508,0.2130784567205257,0.0805360866039929,7,93.14285714285714,44,169,g1,pre
g1pre,A/RL/AL,trial_type,time_resolved_trial_response,glm_clean,balanced_accuracy,25,0.6469560716827327,1.0351297146923724,0.3521825396825396,0.2128157560011748,0.0804367950650443,7,93.14285714285714,44,169,g1,pre
g1pre,A/RL/AL,trial_type,time_resolved_trial_response,glm_clean,balanced_accuracy,26,0.711651678851006,1.0351297146923724,0.3615079365079365,0.2218395349064306,0.0838474629035211,7,93.14285714285714,44,169,g1,pre
g1pre,A/RL/AL,trial_type,time_resolved_trial_response,glm_clean,balanced_accuracy,27,0.7763472860192793,1.0351297146923724,0.3513888888888888,0.2131842650483321,0.0805760783928522,7,93.14285714285714,44,169,g1,pre
g1pre,A/RL/AL,trial_type,time_resolved_trial_response,glm_clean,balanced_accuracy,28,0.8410428931875525,1.0351297146923724,0.3515873015873015,0.2024992197748085,0.0765375108869652,7,93.14285714285714,44,169,g1,pre
g1pre,A/RL/AL,trial_type,time_resolved_trial_response,glm_clean,balanced_accuracy,29,0.9057385003558258,1.0351297146923724,0.346031746031746,0.1839520783709122,0.0695273503604139,7,93.14285714285714,44,169,g1,pre
g1pre,A/RL/AL,trial_type,time_resolved_trial_response,glm_clean,balanced_accuracy,30,0.9704341075240992,1.0351297146923724,0.3327380952380952,0.1873916990771202,0.0708274047879874,7,93.14285714285714,44,169,g1,pre
g1pre,A/RL/AL,trial_type,time_resolved_trial_response,glm_clean,balanced_accuracy,31,1.0351297146923724,1.0351297146923724,0.3484126984126984,0.1959653294510403,0.074067932474042,7,93.14285714285714,44,169,g1,pre
g1pre,A/RL/AL,trial_type,time_resolved_trial_response,glm_clean,balanced_accuracy,32,1.0998253218606455,1.0351297146923724,0.3345238095238095,0.2055405846829113,0.077687038771685,7,93.14285714285714,44,169,g1,pre
g1pre,A/RL/AL,trial_type,time_resolved_trial_response,glm_clean,balanced_accuracy,33,1.164520929028919,1.0351297146923724,0.354563492063492,0.2018397161538055,0.0762882419484051,7,93.14285714285714,44,169,g1,pre
g1pre,A/RL/AL,trial_type,time_resolved_trial_response,glm_clean,balanced_accuracy,34,1.229216536197192,1.0351297146923724,0.35,0.2014319877254165,0.0761341350878381,7,93.14285714285714,44,169,g1,pre
g1pre,A/RL/AL,trial_type,time_resolved_trial_response,glm_clean,balanced_accuracy,35,1.2939121433654657,1.0351297146923724,0.3543650793650794,0.2077312729129433,0.0785150410940766,7,93.14285714285714,44,169,g1,pre
g1pre,A/RL/AL,trial_type,time_resolved_trial_response,glm_clean,balanced_accuracy,36,1.3586077505337386,1.0351297146923724,0.3329365079365079,0.2050963249269236,0.0775191243671339,7,93.14285714285714,44,169,g1,pre
g1pre,A/RL/AL,trial_type,time_resolved_trial_response,glm_clean,balanced_accuracy,37,1.423303357702012,1.0351297146923724,0.3359126984126984,0.1972196605392916,0.074542025062792,7,93.14285714285714,44,169,g1,pre
g1pre,A/RL/AL,trial_type,time_resolved_trial_response,glm_clean,balanced_accuracy,38,1.4879989648702852,1.0351297146923724,0.3375,0.1925536374420932,0.0727784341018105,7,93.14285714285714,44,169,g1,pre
g1pre,A/RL/AL,trial_type,time_resolved_trial_response,glm_clean,balanced_accuracy,39,1.5526945720385583,1.0351297146923724,0.3347222222222222,0.1961990936832785,0.0741562870488883,7,93.14285714285714,44,169,g1,pre
g1pre,A/RL/AL,trial_type,time_resolved_trial_response,glm_clean,balanced_accuracy,40,1.6173901792068317,1.0351297146923724,0.3281746031746032,0.1871579772962094,0.0707390662582347,7,93.14285714285714,44,169,g1,pre
g1pre,A/RL/AL,trial_type,time_resolved_trial_response,glm_clean,balanced_accuracy,41,1.682085786375105,1.0351297146923724,0.3115079365079364,0.1699894738588543,0.0642499819041776,7,93.14285714285714,44,169,g1,pre
g1pre,A/RL/AL,trial_type,time_resolved_trial_response,glm_clean,balanced_accuracy,42,1.7467813935433782,1.0351297146923724,0.3121031746031746,0.1807045579729322,0.0682999030246046,7,93.14285714285714,44,169,g1,pre
g1pre,A/RL/AL,trial_type,time_resolved_trial_response,glm_clean,balanced_accuracy,43,1.8114770007116516,1.0351297146923724,0.3017857142857142,0.1704239190058489,0.0644141867352129,7,93.14285714285714,44,169,g1,pre
g1pre,A/RL/AL,trial_type,time_resolved_trial_response,glm_clean,balanced_accuracy,44,1.8761726078799248,1.0351297146923724,0.3019841269841269,0.1563859637720182,0.0591083383831309,7,93.14285714285714,44,169,g1,pre
g1pre,A/RL/AL,trial_type,time_resolved_trial_response,glm_clean,balanced_accuracy,45,1.9408682150481984,1.0351297146923724,0.2839285714285714,0.1611686861182022,0.0609160375142558,7,93.14285714285714,44,169,g1,pre
g1pre,A/RL/AL,trial_type,time_resolved_trial_response,glm_clean,balanced_accuracy,46,2.0055638222164713,1.0351297146923724,0.2734126984126984,0.1485427944640331,0.0561438990289162,7,93.14285714285714,44,169,g1,pre
g1pre,A/RL/AL,visual_direction,time_resolved_trial_response,glm_clean,balanced_accuracy,0,-0.9704341075240992,1.0351297146923724,0.4828042328042328,0.0452437675002401,0.0171005367401802,7,93.14285714285714,44,169,g1,pre
g1pre,A/RL/AL,visual_direction,time_resolved_trial_response,glm_clean,balanced_accuracy,1,-0.9057385003558258,1.0351297146923724,0.502910052910053,0.0286061093326058,0.0108120930387426,7,93.14285714285714,44,169,g1,pre
g1pre,A/RL/AL,visual_direction,time_resolved_trial_response,glm_clean,balanced_accuracy,2,-0.8410428931875525,1.0351297146923724,0.5042328042328043,0.0376297372549114,0.0142227038110282,7,93.14285714285714,44,169,g1,pre
g1pre,A/RL/AL,visual_direction,time_resolved_trial_response,glm_clean,balanced_accuracy,3,-0.7763472860192793,1.0351297146923724,0.502910052910053,0.0283653321860359,0.0107210878314267,7,93.14285714285714,44,169,g1,pre
g1pre,A/RL/AL,visual_direction,time_resolved_trial_response,glm_clean,balanced_accuracy,4,-0.711651678851006,1.0351297146923724,0.4994708994708994,0.0193550055234756,0.0073155044627711,7,93.14285714285714,44,169,g1,pre
g1pre,A/RL/AL,visual_direction,time_resolved_trial_response,glm_clean,balanced_accuracy,5,-0.6469560716827327,1.0351297146923724,0.501058201058201,0.0356508679875867,0.0134747615312497,7,93.14285714285714,44,169,g1,pre
g1pre,A/RL/AL,visual_direction,time_resolved_trial_response,glm_clean,balanced_accuracy,6,-0.5822604645144595,1.0351297146923724,0.5124338624338625,0.0324596454770039,0.0122685927967821,7,93.14285714285714,44,169,g1,pre
g1pre,A/RL/AL,visual_direction,time_resolved_trial_response,glm_clean,balanced_accuracy,7,-0.5175648573461862,1.0351297146923724,0.5203703703703704,0.0251197406782417,0.00949436954758,7,93.14285714285714,44,169,g1,pre
g1pre,A/RL/AL,visual_direction,time_resolved_trial_response,glm_clean,balanced_accuracy,8,-0.4528692501779129,1.0351297146923724,0.5171957671957672,0.0399146650000894,0.0150863253220986,7,93.14285714285714,44,169,g1,pre
g1pre,A/RL/AL,visual_direction,time_resolved_trial_response,glm_clean,balanced_accuracy,9,-0.3881736430096396,1.0351297146923724,0.48994708994709,0.030557559658503,0.0115496719327741,7,93.14285714285714,44,169,g1,pre
g1pre,A/RL/AL,visual_direction,time_resolved_trial_response,glm_clean,balanced_accuracy,10,-0.3234780358413663,1.0351297146923724,0.5052910052910053,0.0211529953642813,0.0079950807454272,7,93.14285714285714,44,169,g1,pre
g1pre,A/RL/AL,visual_direction,time_resolved_trial_response,glm_clean,balanced_accuracy,11,-0.2587824286730931,1.0351297146923724,0.494973544973545,0.01875510251298,0.0070887624375525,7,93.14285714285714,44,169,g1,pre
g1pre,A/RL/AL,visual_direction,time_resolved_trial_response,glm_clean,balanced_accuracy,12,-0.1940868215048198,1.0351297146923724,0.4904761904761905,0.0228418893842168,0.0086334226836405,7,93.14285714285714,44,169,g1,pre
g1pre,A/RL/AL,visual_direction,time_resolved_trial_response,glm_clean,balanced_accuracy,13,-0.1293912143365465,1.0351297146923724,0.4923280423280424,0.0097069881485956,0.0036688966600907,7,93.14285714285714,44,169,g1,pre
g1pre,A/RL/AL,visual_direction,time_resolved_trial_response,glm_clean,balanced_accuracy,14,-0.0646956071682732,1.0351297146923724,0.5161375661375661,0.032176679282668,0.0121616416282605,7,93.14285714285714,44,169,g1,pre
g1pre,A/RL/AL,visual_direction,time_resolved_trial_response,glm_clean,balanced_accuracy,15,0.0,1.0351297146923724,0.5044973544973544,0.0187898986514535,0.0071019141416934,7,93.14285714285714,44,169,g1,pre
g1pre,A/RL/AL,visual_direction,time_resolved_trial_response,glm_clean,balanced_accuracy,16,0.0646956071682732,1.0351297146923724,0.5023809523809524,0.0215620637823058,0.0081496940744705,7,93.14285714285714,44,169,g1,pre
g1pre,A/RL/AL,visual_direction,time_resolved_trial_response,glm_clean,balanced_accuracy,17,0.1293912143365465,1.0351297146923724,0.4970899470899471,0.0206450931377002,0.0078031117480172,7,93.14285714285714,44,169,g1,pre
g1pre,A/RL/AL,visual_direction,time_resolved_trial_response,glm_clean,balanced_accuracy,18,0.1940868215048198,1.0351297146923724,0.5126984126984127,0.0148698273131075,0.0056202664441369,7,93.14285714285714,44,169,g1,pre
g1pre,A/RL/AL,visual_direction,time_resolved_trial_response,glm_clean,balanced_accuracy,19,0.2587824286730931,1.0351297146923724,0.5626984126984127,0.065214189074113,0.0246486466061212,7,93.14285714285714,44,169,g1,pre
g1pre,A/RL/AL,visual_direction,time_resolved_trial_response,glm_clean,balanced_accuracy,20,0.3234780358413663,1.0351297146923724,0.6603174603174603,0.1580265859123644,0.0597284352658142,7,93.14285714285714,44,169,g1,pre
g1pre,A/RL/AL,visual_direction,time_resolved_trial_response,glm_clean,balanced_accuracy,21,0.3881736430096396,1.0351297146923724,0.6981481481481481,0.1876776707370337,0.0709354919157222,7,93.14285714285714,44,169,g1,pre
g1pre,A/RL/AL,visual_direction,time_resolved_trial_response,glm_clean,balanced_accuracy,22,0.4528692501779129,1.0351297146923724,0.7357142857142858,0.1690796325324396,0.0639060942067173,7,93.14285714285714,44,169,g1,pre
g1pre,A/RL/AL,visual_direction,time_resolved_trial_response,glm_clean,balanced_accuracy,23,0.5175648573461862,1.0351297146923724,0.7452380952380953,0.1853975854236151,0.0700737006718198,7,93.14285714285714,44,169,g1,pre
g1pre,A/RL/AL,visual_direction,time_resolved_trial_response,glm_clean,balanced_accuracy,24,0.5822604645144595,1.0351297146923724,0.7346560846560847,0.1973351102345175,0.0745856609460071,7,93.14285714285714,44,169,g1,pre
g1pre,A/RL/AL,visual_direction,time_resolved_trial_response,glm_clean,balanced_accuracy,25,0.6469560716827327,1.0351297146923724,0.7417989417989419,0.1960890390324992,0.0741146903008043,7,93.14285714285714,44,169,g1,pre
g1pre,A/RL/AL,visual_direction,time_resolved_trial_response,glm_clean,balanced_accuracy,26,0.711651678851006,1.0351297146923724,0.7410052910052911,0.1945103608772589,0.0735180060438077,7,93.14285714285714,44,169,g1,pre
g1pre,A/RL/AL,visual_direction,time_resolved_trial_response,glm_clean,balanced_accuracy,27,0.7763472860192793,1.0351297146923724,0.7288359788359788,0.193090101544982,0.0729811984737473,7,93.14285714285714,44,169,g1,pre
g1pre,A/RL/AL,visual_direction,time_resolved_trial_response,glm_clean,balanced_accuracy,28,0.8410428931875525,1.0351297146923724,0.7251322751322752,0.1875645206558118,0.0708927252049022,7,93.14285714285714,44,169,g1,pre
g1pre,A/RL/AL,visual_direction,time_resolved_trial_response,glm_clean,balanced_accuracy,29,0.9057385003558258,1.0351297146923724,0.7158730158730159,0.1585753948632397,0.0599358655517145,7,93.14285714285714,44,169,g1,pre
g1pre,A/RL/AL,visual_direction,time_resolved_trial_response,glm_clean,balanced_accuracy,30,0.9704341075240992,1.0351297146923724,0.710846560846561,0.1545323068143669,0.0584077219079924,7,93.14285714285714,44,169,g1,pre
g1pre,A/RL/AL,visual_direction,time_resolved_trial_response,glm_clean,balanced_accuracy,31,1.0351297146923724,1.0351297146923724,0.7100529100529102,0.1760164066961369,0.0665279483978832,7,93.14285714285714,44,169,g1,pre
g1pre,A/RL/AL,visual_direction,time_resolved_trial_response,glm_clean,balanced_accuracy,32,1.0998253218606455,1.0351297146923724,0.7261904761904762,0.1859964592842772,0.070300053714964,7,93.14285714285714,44,169,g1,pre
g1pre,A/RL/AL,visual_direction,time_resolved_trial_response,glm_clean,balanced_accuracy,33,1.164520929028919,1.0351297146923724,0.7198412698412698,0.2013634205145045,0.0761082191181001,7,93.14285714285714,44,169,g1,pre
g1pre,A/RL/AL,visual_direction,time_resolved_trial_response,glm_clean,balanced_accuracy,34,1.229216536197192,1.0351297146923724,0.728042328042328,0.1862482713404542,0.0703952297260743,7,93.14285714285714,44,169,g1,pre
g1pre,A/RL/AL,visual_direction,time_resolved_trial_response,glm_clean,balanced_accuracy,35,1.2939121433654657,1.0351297146923724,0.72010582010582,0.1975398201232505,0.0746630340112219,7,93.14285714285714,44,169,g1,pre
g1pre,A/RL/AL,visual_direction,time_resolved_trial_response,glm_clean,balanced_accuracy,36,1.3586077505337386,1.0351297146923724,0.7111111111111111,0.2049791718818031,0.0774748446781735,7,93.14285714285714,44,169,g1,pre
g1pre,A/RL/AL,visual_direction,time_resolved_trial_response,glm_clean,balanced_accuracy,37,1.423303357702012,1.0351297146923724,0.7063492063492064,0.2046047891264769,0.0773333412973529,7,93.14285714285714,44,169,g1,pre
g1pre,A/RL/AL,visual_direction,time_resolved_trial_response,glm_clean,balanced_accuracy,38,1.4879989648702852,1.0351297146923724,0.7079365079365079,0.1927845502472408,0.0728657109385192,7,93.14285714285714,44,169,g1,pre
g1pre,A/RL/AL,visual_direction,time_resolved_trial_response,glm_clean,balanced_accuracy,39,1.5526945720385583,1.0351297146923724,0.7148148148148149,0.1890945382572424,0.0714710175013217,7,93.14285714285714,44,169,g1,pre
g1pre,A/RL/AL,visual_direction,time_resolved_trial_response,glm_clean,balanced_accuracy,40,1.6173901792068317,1.0351297146923724,0.7042328042328043,0.1950921437229753,0.0737378992904947,7,93.14285714285714,44,169,g1,pre
g1pre,A/RL/AL,visual_direction,time_resolved_trial_response,glm_clean,balanced_accuracy,41,1.682085786375105,1.0351297146923724,0.7066137566137566,0.1854129992018952,0.0700795265324046,7,93.14285714285714,44,169,g1,pre
g1pre,A/RL/AL,visual_direction,time_resolved_trial_response,glm_clean,balanced_accuracy,42,1.7467813935433782,1.0351297146923724,0.6957671957671957,0.1894560424074754,0.0716076532269552,7,93.14285714285714,44,169,g1,pre
g1pre,A/RL/AL,visual_direction,time_resolved_trial_response,glm_clean,balanced_accuracy,43,1.8114770007116516,1.0351297146923724,0.683068783068783,0.1795673449718346,0.0678700769119455,7,93.14285714285714,44,169,g1,pre
g1pre,A/RL/AL,visual_direction,time_resolved_trial_response,glm_clean,balanced_accuracy,44,1.8761726078799248,1.0351297146923724,0.6788359788359788,0.1813014259947724,0.0685254979319355,7,93.14285714285714,44,169,g1,pre
g1pre,A/RL/AL,visual_direction,time_resolved_trial_response,glm_clean,balanced_accuracy,45,1.9408682150481984,1.0351297146923724,0.6798941798941799,0.1770672160709599,0.0669251170094713,7,93.14285714285714,44,169,g1,pre
g1pre,A/RL/AL,visual_direction,time_resolved_trial_response,glm_clean,balanced_accuracy,46,2.0055638222164713,1.0351297146923724,0.6732804232804233,0.1763991592967892,0.0666726152828816,7,93.14285714285714,44,169,g1,pre
g1pre,AM/PM,auditory_direction,time_resolved_trial_response,glm_clean,balanced_accuracy,0,-0.9704341075240992,1.0351297146923724,0.5,,,1,96.0,96,96,g1,pre
g1pre,AM/PM,auditory_direction,time_resolved_trial_response,glm_clean,balanced_accuracy,1,-0.9057385003558258,1.0351297146923724,0.4703703703703704,,,1,96.0,96,96,g1,pre
g1pre,AM/PM,auditory_direction,time_resolved_trial_response,glm_clean,balanced_accuracy,2,-0.8410428931875525,1.0351297146923724,0.4407407407407406,,,1,96.0,96,96,g1,pre
g1pre,AM/PM,auditory_direction,time_resolved_trial_response,glm_clean,balanced_accuracy,3,-0.7763472860192793,1.0351297146923724,0.5037037037037038,,,1,96.0,96,96,g1,pre
g1pre,AM/PM,auditory_direction,time_resolved_trial_response,glm_clean,balanced_accuracy,4,-0.711651678851006,1.0351297146923724,0.4962962962962963,,,1,96.0,96,96,g1,pre
g1pre,AM/PM,auditory_direction,time_resolved_trial_response,glm_clean,balanced_accuracy,5,-0.6469560716827327,1.0351297146923724,0.5185185185185185,,,1,96.0,96,96,g1,pre
g1pre,AM/PM,auditory_direction,time_resolved_trial_response,glm_clean,balanced_accuracy,6,-0.5822604645144595,1.0351297146923724,0.4944444444444444,,,1,96.0,96,96,g1,pre
g1pre,AM/PM,auditory_direction,time_resolved_trial_response,glm_clean,balanced_accuracy,7,-0.5175648573461862,1.0351297146923724,0.5092592592592593,,,1,96.0,96,96,g1,pre
g1pre,AM/PM,auditory_direction,time_resolved_trial_response,glm_clean,balanced_accuracy,8,-0.4528692501779129,1.0351297146923724,0.5037037037037037,,,1,96.0,96,96,g1,pre
g1pre,AM/PM,auditory_direction,time_resolved_trial_response,glm_clean,balanced_accuracy,9,-0.3881736430096396,1.0351297146923724,0.5111111111111111,,,1,96.0,96,96,g1,pre
g1pre,AM/PM,auditory_direction,time_resolved_trial_response,glm_clean,balanced_accuracy,10,-0.3234780358413663,1.0351297146923724,0.4481481481481481,,,1,96.0,96,96,g1,pre
g1pre,AM/PM,auditory_direction,time_resolved_trial_response,glm_clean,balanced_accuracy,11,-0.2587824286730931,1.0351297146923724,0.5074074074074074,,,1,96.0,96,96,g1,pre
g1pre,AM/PM,auditory_direction,time_resolved_trial_response,glm_clean,balanced_accuracy,12,-0.1940868215048198,1.0351297146923724,0.4944444444444444,,,1,96.0,96,96,g1,pre
g1pre,AM/PM,auditory_direction,time_resolved_trial_response,glm_clean,balanced_accuracy,13,-0.1293912143365465,1.0351297146923724,0.4796296296296296,,,1,96.0,96,96,g1,pre
g1pre,AM/PM,auditory_direction,time_resolved_trial_response,glm_clean,balanced_accuracy,14,-0.0646956071682732,1.0351297146923724,0.5074074074074073,,,1,96.0,96,96,g1,pre
g1pre,AM/PM,auditory_direction,time_resolved_trial_response,glm_clean,balanced_accuracy,15,0.0,1.0351297146923724,0.4962962962962963,,,1,96.0,96,96,g1,pre
g1pre,AM/PM,auditory_direction,time_resolved_trial_response,glm_clean,balanced_accuracy,16,0.0646956071682732,1.0351297146923724,0.5611111111111111,,,1,96.0,96,96,g1,pre
g1pre,AM/PM,auditory_direction,time_resolved_trial_response,glm_clean,balanced_accuracy,17,0.1293912143365465,1.0351297146923724,0.538888888888889,,,1,96.0,96,96,g1,pre
g1pre,AM/PM,auditory_direction,time_resolved_trial_response,glm_clean,balanced_accuracy,18,0.1940868215048198,1.0351297146923724,0.5314814814814814,,,1,96.0,96,96,g1,pre
g1pre,AM/PM,auditory_direction,time_resolved_trial_response,glm_clean,balanced_accuracy,19,0.2587824286730931,1.0351297146923724,0.587037037037037,,,1,96.0,96,96,g1,pre
g1pre,AM/PM,auditory_direction,time_resolved_trial_response,glm_clean,balanced_accuracy,20,0.3234780358413663,1.0351297146923724,0.6370370370370371,,,1,96.0,96,96,g1,pre
g1pre,AM/PM,auditory_direction,time_resolved_trial_response,glm_clean,balanced_accuracy,21,0.3881736430096396,1.0351297146923724,0.6370370370370371,,,1,96.0,96,96,g1,pre
g1pre,AM/PM,auditory_direction,time_resolved_trial_response,glm_clean,balanced_accuracy,22,0.4528692501779129,1.0351297146923724,0.6222222222222222,,,1,96.0,96,96,g1,pre
g1pre,AM/PM,auditory_direction,time_resolved_trial_response,glm_clean,balanced_accuracy,23,0.5175648573461862,1.0351297146923724,0.6703703703703703,,,1,96.0,96,96,g1,pre
g1pre,AM/PM,auditory_direction,time_resolved_trial_response,glm_clean,balanced_accuracy,24,0.5822604645144595,1.0351297146923724,0.6703703703703704,,,1,96.0,96,96,g1,pre
g1pre,AM/PM,auditory_direction,time_resolved_trial_response,glm_clean,balanced_accuracy,25,0.6469560716827327,1.0351297146923724,0.6592592592592593,,,1,96.0,96,96,g1,pre
g1pre,AM/PM,auditory_direction,time_resolved_trial_response,glm_clean,balanced_accuracy,26,0.711651678851006,1.0351297146923724,0.6666666666666667,,,1,96.0,96,96,g1,pre
g1pre,AM/PM,auditory_direction,time_resolved_trial_response,glm_clean,balanced_accuracy,27,0.7763472860192793,1.0351297146923724,0.6203703703703703,,,1,96.0,96,96,g1,pre
g1pre,AM/PM,auditory_direction,time_resolved_trial_response,glm_clean,balanced_accuracy,28,0.8410428931875525,1.0351297146923724,0.6148148148148149,,,1,96.0,96,96,g1,pre
g1pre,AM/PM,auditory_direction,time_resolved_trial_response,glm_clean,balanced_accuracy,29,0.9057385003558258,1.0351297146923724,0.6111111111111113,,,1,96.0,96,96,g1,pre
g1pre,AM/PM,auditory_direction,time_resolved_trial_response,glm_clean,balanced_accuracy,30,0.9704341075240992,1.0351297146923724,0.55,,,1,96.0,96,96,g1,pre
g1pre,AM/PM,auditory_direction,time_resolved_trial_response,glm_clean,balanced_accuracy,31,1.0351297146923724,1.0351297146923724,0.6074074074074074,,,1,96.0,96,96,g1,pre
g1pre,AM/PM,auditory_direction,time_resolved_trial_response,glm_clean,balanced_accuracy,32,1.0998253218606455,1.0351297146923724,0.6055555555555555,,,1,96.0,96,96,g1,pre
g1pre,AM/PM,auditory_direction,time_resolved_trial_response,glm_clean,balanced_accuracy,33,1.164520929028919,1.0351297146923724,0.6222222222222223,,,1,96.0,96,96,g1,pre
g1pre,AM/PM,auditory_direction,time_resolved_trial_response,glm_clean,balanced_accuracy,34,1.229216536197192,1.0351297146923724,0.6074074074074074,,,1,96.0,96,96,g1,pre
g1pre,AM/PM,auditory_direction,time_resolved_trial_response,glm_clean,balanced_accuracy,35,1.2939121433654657,1.0351297146923724,0.5962962962962963,,,1,96.0,96,96,g1,pre
g1pre,AM/PM,auditory_direction,time_resolved_trial_response,glm_clean,balanced_accuracy,36,1.3586077505337386,1.0351297146923724,0.5907407407407407,,,1,96.0,96,96,g1,pre
g1pre,AM/PM,auditory_direction,time_resolved_trial_response,glm_clean,balanced_accuracy,37,1.423303357702012,1.0351297146923724,0.5666666666666667,,,1,96.0,96,96,g1,pre
g1pre,AM/PM,auditory_direction,time_resolved_trial_response,glm_clean,balanced_accuracy,38,1.4879989648702852,1.0351297146923724,0.5407407407407407,,,1,96.0,96,96,g1,pre
g1pre,AM/PM,auditory_direction,time_resolved_trial_response,glm_clean,balanced_accuracy,39,1.5526945720385583,1.0351297146923724,0.5444444444444445,,,1,96.0,96,96,g1,pre
g1pre,AM/PM,auditory_direction,time_resolved_trial_response,glm_clean,balanced_accuracy,40,1.6173901792068317,1.0351297146923724,0.5333333333333334,,,1,96.0,96,96,g1,pre
g1pre,AM/PM,auditory_direction,time_resolved_trial_response,glm_clean,balanced_accuracy,41,1.682085786375105,1.0351297146923724,0.5666666666666667,,,1,96.0,96,96,g1,pre
g1pre,AM/PM,auditory_direction,time_resolved_trial_response,glm_clean,balanced_accuracy,42,1.7467813935433782,1.0351297146923724,0.5814814814814815,,,1,96.0,96,96,g1,pre
g1pre,AM/PM,auditory_direction,time_resolved_trial_response,glm_clean,balanced_accuracy,43,1.8114770007116516,1.0351297146923724,0.55,,,1,96.0,96,96,g1,pre
g1pre,AM/PM,auditory_direction,time_resolved_trial_response,glm_clean,balanced_accuracy,44,1.8761726078799248,1.0351297146923724,0.512962962962963,,,1,96.0,96,96,g1,pre
g1pre,AM/PM,auditory_direction,time_resolved_trial_response,glm_clean,balanced_accuracy,45,1.9408682150481984,1.0351297146923724,0.5111111111111113,,,1,96.0,96,96,g1,pre
g1pre,AM/PM,auditory_direction,time_resolved_trial_response,glm_clean,balanced_accuracy,46,2.0055638222164713,1.0351297146923724,0.5222222222222223,,,1,96.0,96,96,g1,pre
g1pre,AM/PM,congruency,time_resolved_trial_response,glm_clean,balanced_accuracy,0,-0.9704341075240992,1.0351297146923724,0.5361111111111112,,,1,96.0,96,96,g1,pre
g1pre,AM/PM,congruency,time_resolved_trial_response,glm_clean,balanced_accuracy,1,-0.9057385003558258,1.0351297146923724,0.4666666666666667,,,1,96.0,96,96,g1,pre
g1pre,AM/PM,congruency,time_resolved_trial_response,glm_clean,balanced_accuracy,2,-0.8410428931875525,1.0351297146923724,0.5472222222222222,,,1,96.0,96,96,g1,pre
g1pre,AM/PM,congruency,time_resolved_trial_response,glm_clean,balanced_accuracy,3,-0.7763472860192793,1.0351297146923724,0.5138888888888888,,,1,96.0,96,96,g1,pre
g1pre,AM/PM,congruency,time_resolved_trial_response,glm_clean,balanced_accuracy,4,-0.711651678851006,1.0351297146923724,0.5361111111111111,,,1,96.0,96,96,g1,pre
g1pre,AM/PM,congruency,time_resolved_trial_response,glm_clean,balanced_accuracy,5,-0.6469560716827327,1.0351297146923724,0.5111111111111111,,,1,96.0,96,96,g1,pre
g1pre,AM/PM,congruency,time_resolved_trial_response,glm_clean,balanced_accuracy,6,-0.5822604645144595,1.0351297146923724,0.475,,,1,96.0,96,96,g1,pre
g1pre,AM/PM,congruency,time_resolved_trial_response,glm_clean,balanced_accuracy,7,-0.5175648573461862,1.0351297146923724,0.5166666666666667,,,1,96.0,96,96,g1,pre
g1pre,AM/PM,congruency,time_resolved_trial_response,glm_clean,balanced_accuracy,8,-0.4528692501779129,1.0351297146923724,0.5361111111111112,,,1,96.0,96,96,g1,pre
g1pre,AM/PM,congruency,time_resolved_trial_response,glm_clean,balanced_accuracy,9,-0.3881736430096396,1.0351297146923724,0.4916666666666666,,,1,96.0,96,96,g1,pre
g1pre,AM/PM,congruency,time_resolved_trial_response,glm_clean,balanced_accuracy,10,-0.3234780358413663,1.0351297146923724,0.45,,,1,96.0,96,96,g1,pre
g1pre,AM/PM,congruency,time_resolved_trial_response,glm_clean,balanced_accuracy,11,-0.2587824286730931,1.0351297146923724,0.5111111111111112,,,1,96.0,96,96,g1,pre
g1pre,AM/PM,congruency,time_resolved_trial_response,glm_clean,balanced_accuracy,12,-0.1940868215048198,1.0351297146923724,0.5388888888888889,,,1,96.0,96,96,g1,pre
g1pre,AM/PM,congruency,time_resolved_trial_response,glm_clean,balanced_accuracy,13,-0.1293912143365465,1.0351297146923724,0.4916666666666667,,,1,96.0,96,96,g1,pre
g1pre,AM/PM,congruency,time_resolved_trial_response,glm_clean,balanced_accuracy,14,-0.0646956071682732,1.0351297146923724,0.4944444444444443,,,1,96.0,96,96,g1,pre
g1pre,AM/PM,congruency,time_resolved_trial_response,glm_clean,balanced_accuracy,15,0.0,1.0351297146923724,0.5,,,1,96.0,96,96,g1,pre
g1pre,AM/PM,congruency,time_resolved_trial_response,glm_clean,balanced_accuracy,16,0.0646956071682732,1.0351297146923724,0.5277777777777778,,,1,96.0,96,96,g1,pre
g1pre,AM/PM,congruency,time_resolved_trial_response,glm_clean,balanced_accuracy,17,0.1293912143365465,1.0351297146923724,0.5194444444444445,,,1,96.0,96,96,g1,pre
g1pre,AM/PM,congruency,time_resolved_trial_response,glm_clean,balanced_accuracy,18,0.1940868215048198,1.0351297146923724,0.525,,,1,96.0,96,96,g1,pre
g1pre,AM/PM,congruency,time_resolved_trial_response,glm_clean,balanced_accuracy,19,0.2587824286730931,1.0351297146923724,0.5027777777777779,,,1,96.0,96,96,g1,pre
g1pre,AM/PM,congruency,time_resolved_trial_response,glm_clean,balanced_accuracy,20,0.3234780358413663,1.0351297146923724,0.5166666666666666,,,1,96.0,96,96,g1,pre
g1pre,AM/PM,congruency,time_resolved_trial_response,glm_clean,balanced_accuracy,21,0.3881736430096396,1.0351297146923724,0.4583333333333333,,,1,96.0,96,96,g1,pre
g1pre,AM/PM,congruency,time_resolved_trial_response,glm_clean,balanced_accuracy,22,0.4528692501779129,1.0351297146923724,0.4805555555555555,,,1,96.0,96,96,g1,pre
g1pre,AM/PM,congruency,time_resolved_trial_response,glm_clean,balanced_accuracy,23,0.5175648573461862,1.0351297146923724,0.4527777777777778,,,1,96.0,96,96,g1,pre
g1pre,AM/PM,congruency,time_resolved_trial_response,glm_clean,balanced_accuracy,24,0.5822604645144595,1.0351297146923724,0.4722222222222222,,,1,96.0,96,96,g1,pre
g1pre,AM/PM,congruency,time_resolved_trial_response,glm_clean,balanced_accuracy,25,0.6469560716827327,1.0351297146923724,0.4972222222222222,,,1,96.0,96,96,g1,pre
g1pre,AM/PM,congruency,time_resolved_trial_response,glm_clean,balanced_accuracy,26,0.711651678851006,1.0351297146923724,0.4861111111111111,,,1,96.0,96,96,g1,pre
g1pre,AM/PM,congruency,time_resolved_trial_response,glm_clean,balanced_accuracy,27,0.7763472860192793,1.0351297146923724,0.4527777777777778,,,1,96.0,96,96,g1,pre
g1pre,AM/PM,congruency,time_resolved_trial_response,glm_clean,balanced_accuracy,28,0.8410428931875525,1.0351297146923724,0.4722222222222222,,,1,96.0,96,96,g1,pre
g1pre,AM/PM,congruency,time_resolved_trial_response,glm_clean,balanced_accuracy,29,0.9057385003558258,1.0351297146923724,0.4805555555555555,,,1,96.0,96,96,g1,pre
g1pre,AM/PM,congruency,time_resolved_trial_response,glm_clean,balanced_accuracy,30,0.9704341075240992,1.0351297146923724,0.4555555555555555,,,1,96.0,96,96,g1,pre
g1pre,AM/PM,congruency,time_resolved_trial_response,glm_clean,balanced_accuracy,31,1.0351297146923724,1.0351297146923724,0.5222222222222221,,,1,96.0,96,96,g1,pre
g1pre,AM/PM,congruency,time_resolved_trial_response,glm_clean,balanced_accuracy,32,1.0998253218606455,1.0351297146923724,0.5194444444444444,,,1,96.0,96,96,g1,pre
g1pre,AM/PM,congruency,time_resolved_trial_response,glm_clean,balanced_accuracy,33,1.164520929028919,1.0351297146923724,0.4638888888888889,,,1,96.0,96,96,g1,pre
g1pre,AM/PM,congruency,time_resolved_trial_response,glm_clean,balanced_accuracy,34,1.229216536197192,1.0351297146923724,0.5111111111111111,,,1,96.0,96,96,g1,pre
g1pre,AM/PM,congruency,time_resolved_trial_response,glm_clean,balanced_accuracy,35,1.2939121433654657,1.0351297146923724,0.5166666666666667,,,1,96.0,96,96,g1,pre
g1pre,AM/PM,congruency,time_resolved_trial_response,glm_clean,balanced_accuracy,36,1.3586077505337386,1.0351297146923724,0.4305555555555555,,,1,96.0,96,96,g1,pre
g1pre,AM/PM,congruency,time_resolved_trial_response,glm_clean,balanced_accuracy,37,1.423303357702012,1.0351297146923724,0.4944444444444444,,,1,96.0,96,96,g1,pre
g1pre,AM/PM,congruency,time_resolved_trial_response,glm_clean,balanced_accuracy,38,1.4879989648702852,1.0351297146923724,0.475,,,1,96.0,96,96,g1,pre
g1pre,AM/PM,congruency,time_resolved_trial_response,glm_clean,balanced_accuracy,39,1.5526945720385583,1.0351297146923724,0.5027777777777778,,,1,96.0,96,96,g1,pre
g1pre,AM/PM,congruency,time_resolved_trial_response,glm_clean,balanced_accuracy,40,1.6173901792068317,1.0351297146923724,0.4722222222222222,,,1,96.0,96,96,g1,pre
g1pre,AM/PM,congruency,time_resolved_trial_response,glm_clean,balanced_accuracy,41,1.682085786375105,1.0351297146923724,0.538888888888889,,,1,96.0,96,96,g1,pre
g1pre,AM/PM,congruency,time_resolved_trial_response,glm_clean,balanced_accuracy,42,1.7467813935433782,1.0351297146923724,0.4916666666666666,,,1,96.0,96,96,g1,pre
g1pre,AM/PM,congruency,time_resolved_trial_response,glm_clean,balanced_accuracy,43,1.8114770007116516,1.0351297146923724,0.4472222222222223,,,1,96.0,96,96,g1,pre
g1pre,AM/PM,congruency,time_resolved_trial_response,glm_clean,balanced_accuracy,44,1.8761726078799248,1.0351297146923724,0.5305555555555557,,,1,96.0,96,96,g1,pre
g1pre,AM/PM,congruency,time_resolved_trial_response,glm_clean,balanced_accuracy,45,1.9408682150481984,1.0351297146923724,0.5111111111111111,,,1,96.0,96,96,g1,pre
g1pre,AM/PM,congruency,time_resolved_trial_response,glm_clean,balanced_accuracy,46,2.0055638222164713,1.0351297146923724,0.5277777777777778,,,1,96.0,96,96,g1,pre
g1pre,AM/PM,modality,time_resolved_trial_response,glm_clean,balanced_accuracy,0,-0.9704341075240992,1.0351297146923724,0.3249999999999999,,,1,96.0,96,96,g1,pre
g1pre,AM/PM,modality,time_resolved_trial_response,glm_clean,balanced_accuracy,1,-0.9057385003558258,1.0351297146923724,0.3287037037037037,,,1,96.0,96,96,g1,pre
g1pre,AM/PM,modality,time_resolved_trial_response,glm_clean,balanced_accuracy,2,-0.8410428931875525,1.0351297146923724,0.3296296296296296,,,1,96.0,96,96,g1,pre
g1pre,AM/PM,modality,time_resolved_trial_response,glm_clean,balanced_accuracy,3,-0.7763472860192793,1.0351297146923724,0.3222222222222222,,,1,96.0,96,96,g1,pre
g1pre,AM/PM,modality,time_resolved_trial_response,glm_clean,balanced_accuracy,4,-0.711651678851006,1.0351297146923724,0.312037037037037,,,1,96.0,96,96,g1,pre
g1pre,AM/PM,modality,time_resolved_trial_response,glm_clean,balanced_accuracy,5,-0.6469560716827327,1.0351297146923724,0.3268518518518518,,,1,96.0,96,96,g1,pre
g1pre,AM/PM,modality,time_resolved_trial_response,glm_clean,balanced_accuracy,6,-0.5822604645144595,1.0351297146923724,0.325,,,1,96.0,96,96,g1,pre
g1pre,AM/PM,modality,time_resolved_trial_response,glm_clean,balanced_accuracy,7,-0.5175648573461862,1.0351297146923724,0.3379629629629629,,,1,96.0,96,96,g1,pre
g1pre,AM/PM,modality,time_resolved_trial_response,glm_clean,balanced_accuracy,8,-0.4528692501779129,1.0351297146923724,0.3268518518518518,,,1,96.0,96,96,g1,pre
g1pre,AM/PM,modality,time_resolved_trial_response,glm_clean,balanced_accuracy,9,-0.3881736430096396,1.0351297146923724,0.3231481481481481,,,1,96.0,96,96,g1,pre
g1pre,AM/PM,modality,time_resolved_trial_response,glm_clean,balanced_accuracy,10,-0.3234780358413663,1.0351297146923724,0.4037037037037037,,,1,96.0,96,96,g1,pre
g1pre,AM/PM,modality,time_resolved_trial_response,glm_clean,balanced_accuracy,11,-0.2587824286730931,1.0351297146923724,0.3175925925925925,,,1,96.0,96,96,g1,pre
g1pre,AM/PM,modality,time_resolved_trial_response,glm_clean,balanced_accuracy,12,-0.1940868215048198,1.0351297146923724,0.3222222222222223,,,1,96.0,96,96,g1,pre
g1pre,AM/PM,modality,time_resolved_trial_response,glm_clean,balanced_accuracy,13,-0.1293912143365465,1.0351297146923724,0.3074074074074074,,,1,96.0,96,96,g1,pre
g1pre,AM/PM,modality,time_resolved_trial_response,glm_clean,balanced_accuracy,14,-0.0646956071682732,1.0351297146923724,0.312037037037037,,,1,96.0,96,96,g1,pre
g1pre,AM/PM,modality,time_resolved_trial_response,glm_clean,balanced_accuracy,15,0.0,1.0351297146923724,0.3268518518518518,,,1,96.0,96,96,g1,pre
g1pre,AM/PM,modality,time_resolved_trial_response,glm_clean,balanced_accuracy,16,0.0646956071682732,1.0351297146923724,0.3546296296296296,,,1,96.0,96,96,g1,pre
g1pre,AM/PM,modality,time_resolved_trial_response,glm_clean,balanced_accuracy,17,0.1293912143365465,1.0351297146923724,0.3351851851851851,,,1,96.0,96,96,g1,pre
g1pre,AM/PM,modality,time_resolved_trial_response,glm_clean,balanced_accuracy,18,0.1940868215048198,1.0351297146923724,0.362037037037037,,,1,96.0,96,96,g1,pre
g1pre,AM/PM,modality,time_resolved_trial_response,glm_clean,balanced_accuracy,19,0.2587824286730931,1.0351297146923724,0.4916666666666666,,,1,96.0,96,96,g1,pre
g1pre,AM/PM,modality,time_resolved_trial_response,glm_clean,balanced_accuracy,20,0.3234780358413663,1.0351297146923724,0.5657407407407408,,,1,96.0,96,96,g1,pre
g1pre,AM/PM,modality,time_resolved_trial_response,glm_clean,balanced_accuracy,21,0.3881736430096396,1.0351297146923724,0.5518518518518519,,,1,96.0,96,96,g1,pre
g1pre,AM/PM,modality,time_resolved_trial_response,glm_clean,balanced_accuracy,22,0.4528692501779129,1.0351297146923724,0.5472222222222223,,,1,96.0,96,96,g1,pre
g1pre,AM/PM,modality,time_resolved_trial_response,glm_clean,balanced_accuracy,23,0.5175648573461862,1.0351297146923724,0.5888888888888889,,,1,96.0,96,96,g1,pre
g1pre,AM/PM,modality,time_resolved_trial_response,glm_clean,balanced_accuracy,24,0.5822604645144595,1.0351297146923724,0.624074074074074,,,1,96.0,96,96,g1,pre
g1pre,AM/PM,modality,time_resolved_trial_response,glm_clean,balanced_accuracy,25,0.6469560716827327,1.0351297146923724,0.6212962962962962,,,1,96.0,96,96,g1,pre
g1pre,AM/PM,modality,time_resolved_trial_response,glm_clean,balanced_accuracy,26,0.711651678851006,1.0351297146923724,0.6453703703703704,,,1,96.0,96,96,g1,pre
g1pre,AM/PM,modality,time_resolved_trial_response,glm_clean,balanced_accuracy,27,0.7763472860192793,1.0351297146923724,0.6,,,1,96.0,96,96,g1,pre
g1pre,AM/PM,modality,time_resolved_trial_response,glm_clean,balanced_accuracy,28,0.8410428931875525,1.0351297146923724,0.6027777777777779,,,1,96.0,96,96,g1,pre
g1pre,AM/PM,modality,time_resolved_trial_response,glm_clean,balanced_accuracy,29,0.9057385003558258,1.0351297146923724,0.6666666666666667,,,1,96.0,96,96,g1,pre
g1pre,AM/PM,modality,time_resolved_trial_response,glm_clean,balanced_accuracy,30,0.9704341075240992,1.0351297146923724,0.6407407407407407,,,1,96.0,96,96,g1,pre
g1pre,AM/PM,modality,time_resolved_trial_response,glm_clean,balanced_accuracy,31,1.0351297146923724,1.0351297146923724,0.6462962962962963,,,1,96.0,96,96,g1,pre
g1pre,AM/PM,modality,time_resolved_trial_response,glm_clean,balanced_accuracy,32,1.0998253218606455,1.0351297146923724,0.6824074074074074,,,1,96.0,96,96,g1,pre
g1pre,AM/PM,modality,time_resolved_trial_response,glm_clean,balanced_accuracy,33,1.164520929028919,1.0351297146923724,0.6935185185185186,,,1,96.0,96,96,g1,pre
g1pre,AM/PM,modality,time_resolved_trial_response,glm_clean,balanced_accuracy,34,1.229216536197192,1.0351297146923724,0.6629629629629631,,,1,96.0,96,96,g1,pre
g1pre,AM/PM,modality,time_resolved_trial_response,glm_clean,balanced_accuracy,35,1.2939121433654657,1.0351297146923724,0.6824074074074074,,,1,96.0,96,96,g1,pre
g1pre,AM/PM,modality,time_resolved_trial_response,glm_clean,balanced_accuracy,36,1.3586077505337386,1.0351297146923724,0.6472222222222223,,,1,96.0,96,96,g1,pre
g1pre,AM/PM,modality,time_resolved_trial_response,glm_clean,balanced_accuracy,37,1.423303357702012,1.0351297146923724,0.6398148148148147,,,1,96.0,96,96,g1,pre
g1pre,AM/PM,modality,time_resolved_trial_response,glm_clean,balanced_accuracy,38,1.4879989648702852,1.0351297146923724,0.5962962962962963,,,1,96.0,96,96,g1,pre
g1pre,AM/PM,modality,time_resolved_trial_response,glm_clean,balanced_accuracy,39,1.5526945720385583,1.0351297146923724,0.6083333333333333,,,1,96.0,96,96,g1,pre
g1pre,AM/PM,modality,time_resolved_trial_response,glm_clean,balanced_accuracy,40,1.6173901792068317,1.0351297146923724,0.5472222222222223,,,1,96.0,96,96,g1,pre
g1pre,AM/PM,modality,time_resolved_trial_response,glm_clean,balanced_accuracy,41,1.682085786375105,1.0351297146923724,0.537037037037037,,,1,96.0,96,96,g1,pre
g1pre,AM/PM,modality,time_resolved_trial_response,glm_clean,balanced_accuracy,42,1.7467813935433782,1.0351297146923724,0.5685185185185185,,,1,96.0,96,96,g1,pre
g1pre,AM/PM,modality,time_resolved_trial_response,glm_clean,balanced_accuracy,43,1.8114770007116516,1.0351297146923724,0.5444444444444445,,,1,96.0,96,96,g1,pre
g1pre,AM/PM,modality,time_resolved_trial_response,glm_clean,balanced_accuracy,44,1.8761726078799248,1.0351297146923724,0.5166666666666667,,,1,96.0,96,96,g1,pre
g1pre,AM/PM,modality,time_resolved_trial_response,glm_clean,balanced_accuracy,45,1.9408682150481984,1.0351297146923724,0.4796296296296296,,,1,96.0,96,96,g1,pre
g1pre,AM/PM,modality,time_resolved_trial_response,glm_clean,balanced_accuracy,46,2.0055638222164713,1.0351297146923724,0.487037037037037,,,1,96.0,96,96,g1,pre
g1pre,AM/PM,trial_type,time_resolved_trial_response,glm_clean,balanced_accuracy,0,-0.9704341075240992,1.0351297146923724,0.1291666666666666,,,1,96.0,96,96,g1,pre
g1pre,AM/PM,trial_type,time_resolved_trial_response,glm_clean,balanced_accuracy,1,-0.9057385003558258,1.0351297146923724,0.1333333333333333,,,1,96.0,96,96,g1,pre
g1pre,AM/PM,trial_type,time_resolved_trial_response,glm_clean,balanced_accuracy,2,-0.8410428931875525,1.0351297146923724,0.1291666666666666,,,1,96.0,96,96,g1,pre
g1pre,AM/PM,trial_type,time_resolved_trial_response,glm_clean,balanced_accuracy,3,-0.7763472860192793,1.0351297146923724,0.1333333333333333,,,1,96.0,96,96,g1,pre
g1pre,AM/PM,trial_type,time_resolved_trial_response,glm_clean,balanced_accuracy,4,-0.711651678851006,1.0351297146923724,0.1125,,,1,96.0,96,96,g1,pre
g1pre,AM/PM,trial_type,time_resolved_trial_response,glm_clean,balanced_accuracy,5,-0.6469560716827327,1.0351297146923724,0.1125,,,1,96.0,96,96,g1,pre
g1pre,AM/PM,trial_type,time_resolved_trial_response,glm_clean,balanced_accuracy,6,-0.5822604645144595,1.0351297146923724,0.1152777777777777,,,1,96.0,96,96,g1,pre
g1pre,AM/PM,trial_type,time_resolved_trial_response,glm_clean,balanced_accuracy,7,-0.5175648573461862,1.0351297146923724,0.1194444444444444,,,1,96.0,96,96,g1,pre
g1pre,AM/PM,trial_type,time_resolved_trial_response,glm_clean,balanced_accuracy,8,-0.4528692501779129,1.0351297146923724,0.1277777777777777,,,1,96.0,96,96,g1,pre
g1pre,AM/PM,trial_type,time_resolved_trial_response,glm_clean,balanced_accuracy,9,-0.3881736430096396,1.0351297146923724,0.1138888888888888,,,1,96.0,96,96,g1,pre
g1pre,AM/PM,trial_type,time_resolved_trial_response,glm_clean,balanced_accuracy,10,-0.3234780358413663,1.0351297146923724,0.1375,,,1,96.0,96,96,g1,pre
g1pre,AM/PM,trial_type,time_resolved_trial_response,glm_clean,balanced_accuracy,11,-0.2587824286730931,1.0351297146923724,0.1041666666666666,,,1,96.0,96,96,g1,pre
g1pre,AM/PM,trial_type,time_resolved_trial_response,glm_clean,balanced_accuracy,12,-0.1940868215048198,1.0351297146923724,0.125,,,1,96.0,96,96,g1,pre
g1pre,AM/PM,trial_type,time_resolved_trial_response,glm_clean,balanced_accuracy,13,-0.1293912143365465,1.0351297146923724,0.1069444444444444,,,1,96.0,96,96,g1,pre
g1pre,AM/PM,trial_type,time_resolved_trial_response,glm_clean,balanced_accuracy,14,-0.0646956071682732,1.0351297146923724,0.0944444444444444,,,1,96.0,96,96,g1,pre
g1pre,AM/PM,trial_type,time_resolved_trial_response,glm_clean,balanced_accuracy,15,0.0,1.0351297146923724,0.1194444444444444,,,1,96.0,96,96,g1,pre
g1pre,AM/PM,trial_type,time_resolved_trial_response,glm_clean,balanced_accuracy,16,0.0646956071682732,1.0351297146923724,0.1125,,,1,96.0,96,96,g1,pre
g1pre,AM/PM,trial_type,time_resolved_trial_response,glm_clean,balanced_accuracy,17,0.1293912143365465,1.0351297146923724,0.1180555555555555,,,1,96.0,96,96,g1,pre
g1pre,AM/PM,trial_type,time_resolved_trial_response,glm_clean,balanced_accuracy,18,0.1940868215048198,1.0351297146923724,0.1819444444444444,,,1,96.0,96,96,g1,pre
g1pre,AM/PM,trial_type,time_resolved_trial_response,glm_clean,balanced_accuracy,19,0.2587824286730931,1.0351297146923724,0.275,,,1,96.0,96,96,g1,pre
g1pre,AM/PM,trial_type,time_resolved_trial_response,glm_clean,balanced_accuracy,20,0.3234780358413663,1.0351297146923724,0.3013888888888889,,,1,96.0,96,96,g1,pre
g1pre,AM/PM,trial_type,time_resolved_trial_response,glm_clean,balanced_accuracy,21,0.3881736430096396,1.0351297146923724,0.3402777777777778,,,1,96.0,96,96,g1,pre
g1pre,AM/PM,trial_type,time_resolved_trial_response,glm_clean,balanced_accuracy,22,0.4528692501779129,1.0351297146923724,0.3527777777777777,,,1,96.0,96,96,g1,pre
g1pre,AM/PM,trial_type,time_resolved_trial_response,glm_clean,balanced_accuracy,23,0.5175648573461862,1.0351297146923724,0.3541666666666666,,,1,96.0,96,96,g1,pre
g1pre,AM/PM,trial_type,time_resolved_trial_response,glm_clean,balanced_accuracy,24,0.5822604645144595,1.0351297146923724,0.3694444444444444,,,1,96.0,96,96,g1,pre
g1pre,AM/PM,trial_type,time_resolved_trial_response,glm_clean,balanced_accuracy,25,0.6469560716827327,1.0351297146923724,0.3416666666666667,,,1,96.0,96,96,g1,pre
g1pre,AM/PM,trial_type,time_resolved_trial_response,glm_clean,balanced_accuracy,26,0.711651678851006,1.0351297146923724,0.3319444444444444,,,1,96.0,96,96,g1,pre
g1pre,AM/PM,trial_type,time_resolved_trial_response,glm_clean,balanced_accuracy,27,0.7763472860192793,1.0351297146923724,0.3416666666666667,,,1,96.0,96,96,g1,pre
g1pre,AM/PM,trial_type,time_resolved_trial_response,glm_clean,balanced_accuracy,28,0.8410428931875525,1.0351297146923724,0.2916666666666667,,,1,96.0,96,96,g1,pre
g1pre,AM/PM,trial_type,time_resolved_trial_response,glm_clean,balanced_accuracy,29,0.9057385003558258,1.0351297146923724,0.2861111111111111,,,1,96.0,96,96,g1,pre
g1pre,AM/PM,trial_type,time_resolved_trial_response,glm_clean,balanced_accuracy,30,0.9704341075240992,1.0351297146923724,0.3333333333333333,,,1,96.0,96,96,g1,pre
g1pre,AM/PM,trial_type,time_resolved_trial_response,glm_clean,balanced_accuracy,31,1.0351297146923724,1.0351297146923724,0.3236111111111112,,,1,96.0,96,96,g1,pre
g1pre,AM/PM,trial_type,time_resolved_trial_response,glm_clean,balanced_accuracy,32,1.0998253218606455,1.0351297146923724,0.3166666666666666,,,1,96.0,96,96,g1,pre
g1pre,AM/PM,trial_type,time_resolved_trial_response,glm_clean,balanced_accuracy,33,1.164520929028919,1.0351297146923724,0.3388888888888889,,,1,96.0,96,96,g1,pre
g1pre,AM/PM,trial_type,time_resolved_trial_response,glm_clean,balanced_accuracy,34,1.229216536197192,1.0351297146923724,0.3375,,,1,96.0,96,96,g1,pre
g1pre,AM/PM,trial_type,time_resolved_trial_response,glm_clean,balanced_accuracy,35,1.2939121433654657,1.0351297146923724,0.3097222222222222,,,1,96.0,96,96,g1,pre
g1pre,AM/PM,trial_type,time_resolved_trial_response,glm_clean,balanced_accuracy,36,1.3586077505337386,1.0351297146923724,0.3138888888888889,,,1,96.0,96,96,g1,pre
g1pre,AM/PM,trial_type,time_resolved_trial_response,glm_clean,balanced_accuracy,37,1.423303357702012,1.0351297146923724,0.2736111111111111,,,1,96.0,96,96,g1,pre
g1pre,AM/PM,trial_type,time_resolved_trial_response,glm_clean,balanced_accuracy,38,1.4879989648702852,1.0351297146923724,0.2638888888888889,,,1,96.0,96,96,g1,pre
g1pre,AM/PM,trial_type,time_resolved_trial_response,glm_clean,balanced_accuracy,39,1.5526945720385583,1.0351297146923724,0.2458333333333333,,,1,96.0,96,96,g1,pre
g1pre,AM/PM,trial_type,time_resolved_trial_response,glm_clean,balanced_accuracy,40,1.6173901792068317,1.0351297146923724,0.2041666666666666,,,1,96.0,96,96,g1,pre
g1pre,AM/PM,trial_type,time_resolved_trial_response,glm_clean,balanced_accuracy,41,1.682085786375105,1.0351297146923724,0.2222222222222221,,,1,96.0,96,96,g1,pre
g1pre,AM/PM,trial_type,time_resolved_trial_response,glm_clean,balanced_accuracy,42,1.7467813935433782,1.0351297146923724,0.2486111111111111,,,1,96.0,96,96,g1,pre
g1pre,AM/PM,trial_type,time_resolved_trial_response,glm_clean,balanced_accuracy,43,1.8114770007116516,1.0351297146923724,0.2305555555555555,,,1,96.0,96,96,g1,pre
g1pre,AM/PM,trial_type,time_resolved_trial_response,glm_clean,balanced_accuracy,44,1.8761726078799248,1.0351297146923724,0.1888888888888888,,,1,96.0,96,96,g1,pre
g1pre,AM/PM,trial_type,time_resolved_trial_response,glm_clean,balanced_accuracy,45,1.9408682150481984,1.0351297146923724,0.2055555555555555,,,1,96.0,96,96,g1,pre
g1pre,AM/PM,trial_type,time_resolved_trial_response,glm_clean,balanced_accuracy,46,2.0055638222164713,1.0351297146923724,0.1986111111111111,,,1,96.0,96,96,g1,pre
g1pre,AM/PM,visual_direction,time_resolved_trial_response,glm_clean,balanced_accuracy,0,-0.9704341075240992,1.0351297146923724,0.5018518518518518,,,1,96.0,96,96,g1,pre
g1pre,AM/PM,visual_direction,time_resolved_trial_response,glm_clean,balanced_accuracy,1,-0.9057385003558258,1.0351297146923724,0.5407407407407407,,,1,96.0,96,96,g1,pre
g1pre,AM/PM,visual_direction,time_resolved_trial_response,glm_clean,balanced_accuracy,2,-0.8410428931875525,1.0351297146923724,0.4944444444444444,,,1,96.0,96,96,g1,pre
g1pre,AM/PM,visual_direction,time_resolved_trial_response,glm_clean,balanced_accuracy,3,-0.7763472860192793,1.0351297146923724,0.4796296296296296,,,1,96.0,96,96,g1,pre
g1pre,AM/PM,visual_direction,time_resolved_trial_response,glm_clean,balanced_accuracy,4,-0.711651678851006,1.0351297146923724,0.4925925925925926,,,1,96.0,96,96,g1,pre
g1pre,AM/PM,visual_direction,time_resolved_trial_response,glm_clean,balanced_accuracy,5,-0.6469560716827327,1.0351297146923724,0.4851851851851852,,,1,96.0,96,96,g1,pre
g1pre,AM/PM,visual_direction,time_resolved_trial_response,glm_clean,balanced_accuracy,6,-0.5822604645144595,1.0351297146923724,0.4925925925925926,,,1,96.0,96,96,g1,pre
g1pre,AM/PM,visual_direction,time_resolved_trial_response,glm_clean,balanced_accuracy,7,-0.5175648573461862,1.0351297146923724,0.4925925925925926,,,1,96.0,96,96,g1,pre
g1pre,AM/PM,visual_direction,time_resolved_trial_response,glm_clean,balanced_accuracy,8,-0.4528692501779129,1.0351297146923724,0.5074074074074073,,,1,96.0,96,96,g1,pre
g1pre,AM/PM,visual_direction,time_resolved_trial_response,glm_clean,balanced_accuracy,9,-0.3881736430096396,1.0351297146923724,0.5259259259259259,,,1,96.0,96,96,g1,pre
g1pre,AM/PM,visual_direction,time_resolved_trial_response,glm_clean,balanced_accuracy,10,-0.3234780358413663,1.0351297146923724,0.4944444444444444,,,1,96.0,96,96,g1,pre
g1pre,AM/PM,visual_direction,time_resolved_trial_response,glm_clean,balanced_accuracy,11,-0.2587824286730931,1.0351297146923724,0.4518518518518519,,,1,96.0,96,96,g1,pre
g1pre,AM/PM,visual_direction,time_resolved_trial_response,glm_clean,balanced_accuracy,12,-0.1940868215048198,1.0351297146923724,0.4796296296296297,,,1,96.0,96,96,g1,pre
g1pre,AM/PM,visual_direction,time_resolved_trial_response,glm_clean,balanced_accuracy,13,-0.1293912143365465,1.0351297146923724,0.5,,,1,96.0,96,96,g1,pre
g1pre,AM/PM,visual_direction,time_resolved_trial_response,glm_clean,balanced_accuracy,14,-0.0646956071682732,1.0351297146923724,0.4833333333333333,,,1,96.0,96,96,g1,pre
g1pre,AM/PM,visual_direction,time_resolved_trial_response,glm_clean,balanced_accuracy,15,0.0,1.0351297146923724,0.4703703703703703,,,1,96.0,96,96,g1,pre
g1pre,AM/PM,visual_direction,time_resolved_trial_response,glm_clean,balanced_accuracy,16,0.0646956071682732,1.0351297146923724,0.4777777777777777,,,1,96.0,96,96,g1,pre
g1pre,AM/PM,visual_direction,time_resolved_trial_response,glm_clean,balanced_accuracy,17,0.1293912143365465,1.0351297146923724,0.4962962962962962,,,1,96.0,96,96,g1,pre
g1pre,AM/PM,visual_direction,time_resolved_trial_response,glm_clean,balanced_accuracy,18,0.1940868215048198,1.0351297146923724,0.5055555555555555,,,1,96.0,96,96,g1,pre
g1pre,AM/PM,visual_direction,time_resolved_trial_response,glm_clean,balanced_accuracy,19,0.2587824286730931,1.0351297146923724,0.6574074074074074,,,1,96.0,96,96,g1,pre
g1pre,AM/PM,visual_direction,time_resolved_trial_response,glm_clean,balanced_accuracy,20,0.3234780358413663,1.0351297146923724,0.7592592592592592,,,1,96.0,96,96,g1,pre
g1pre,AM/PM,visual_direction,time_resolved_trial_response,glm_clean,balanced_accuracy,21,0.3881736430096396,1.0351297146923724,0.8222222222222222,,,1,96.0,96,96,g1,pre
g1pre,AM/PM,visual_direction,time_resolved_trial_response,glm_clean,balanced_accuracy,22,0.4528692501779129,1.0351297146923724,0.8166666666666667,,,1,96.0,96,96,g1,pre
g1pre,AM/PM,visual_direction,time_resolved_trial_response,glm_clean,balanced_accuracy,23,0.5175648573461862,1.0351297146923724,0.7574074074074074,,,1,96.0,96,96,g1,pre
g1pre,AM/PM,visual_direction,time_resolved_trial_response,glm_clean,balanced_accuracy,24,0.5822604645144595,1.0351297146923724,0.7074074074074075,,,1,96.0,96,96,g1,pre
g1pre,AM/PM,visual_direction,time_resolved_trial_response,glm_clean,balanced_accuracy,25,0.6469560716827327,1.0351297146923724,0.675925925925926,,,1,96.0,96,96,g1,pre
g1pre,AM/PM,visual_direction,time_resolved_trial_response,glm_clean,balanced_accuracy,26,0.711651678851006,1.0351297146923724,0.6425925925925926,,,1,96.0,96,96,g1,pre
g1pre,AM/PM,visual_direction,time_resolved_trial_response,glm_clean,balanced_accuracy,27,0.7763472860192793,1.0351297146923724,0.6555555555555556,,,1,96.0,96,96,g1,pre
g1pre,AM/PM,visual_direction,time_resolved_trial_response,glm_clean,balanced_accuracy,28,0.8410428931875525,1.0351297146923724,0.6166666666666667,,,1,96.0,96,96,g1,pre
g1pre,AM/PM,visual_direction,time_resolved_trial_response,glm_clean,balanced_accuracy,29,0.9057385003558258,1.0351297146923724,0.5518518518518519,,,1,96.0,96,96,g1,pre
g1pre,AM/PM,visual_direction,time_resolved_trial_response,glm_clean,balanced_accuracy,30,0.9704341075240992,1.0351297146923724,0.5888888888888889,,,1,96.0,96,96,g1,pre
g1pre,AM/PM,visual_direction,time_resolved_trial_response,glm_clean,balanced_accuracy,31,1.0351297146923724,1.0351297146923724,0.6314814814814815,,,1,96.0,96,96,g1,pre
g1pre,AM/PM,visual_direction,time_resolved_trial_response,glm_clean,balanced_accuracy,32,1.0998253218606455,1.0351297146923724,0.6092592592592592,,,1,96.0,96,96,g1,pre
g1pre,AM/PM,visual_direction,time_resolved_trial_response,glm_clean,balanced_accuracy,33,1.164520929028919,1.0351297146923724,0.6222222222222222,,,1,96.0,96,96,g1,pre
g1pre,AM/PM,visual_direction,time_resolved_trial_response,glm_clean,balanced_accuracy,34,1.229216536197192,1.0351297146923724,0.6537037037037037,,,1,96.0,96,96,g1,pre
g1pre,AM/PM,visual_direction,time_resolved_trial_response,glm_clean,balanced_accuracy,35,1.2939121433654657,1.0351297146923724,0.6222222222222222,,,1,96.0,96,96,g1,pre
g1pre,AM/PM,visual_direction,time_resolved_trial_response,glm_clean,balanced_accuracy,36,1.3586077505337386,1.0351297146923724,0.6611111111111111,,,1,96.0,96,96,g1,pre
g1pre,AM/PM,visual_direction,time_resolved_trial_response,glm_clean,balanced_accuracy,37,1.423303357702012,1.0351297146923724,0.5925925925925926,,,1,96.0,96,96,g1,pre
g1pre,AM/PM,visual_direction,time_resolved_trial_response,glm_clean,balanced_accuracy,38,1.4879989648702852,1.0351297146923724,0.5740740740740742,,,1,96.0,96,96,g1,pre
g1pre,AM/PM,visual_direction,time_resolved_trial_response,glm_clean,balanced_accuracy,39,1.5526945720385583,1.0351297146923724,0.548148148148148,,,1,96.0,96,96,g1,pre
g1pre,AM/PM,visual_direction,time_resolved_trial_response,glm_clean,balanced_accuracy,40,1.6173901792068317,1.0351297146923724,0.5740740740740741,,,1,96.0,96,96,g1,pre
g1pre,AM/PM,visual_direction,time_resolved_trial_response,glm_clean,balanced_accuracy,41,1.682085786375105,1.0351297146923724,0.5518518518518518,,,1,96.0,96,96,g1,pre
g1pre,AM/PM,visual_direction,time_resolved_trial_response,glm_clean,balanced_accuracy,42,1.7467813935433782,1.0351297146923724,0.5,,,1,96.0,96,96,g1,pre
g1pre,AM/PM,visual_direction,time_resolved_trial_response,glm_clean,balanced_accuracy,43,1.8114770007116516,1.0351297146923724,0.5777777777777777,,,1,96.0,96,96,g1,pre
g1pre,AM/PM,visual_direction,time_resolved_trial_response,glm_clean,balanced_accuracy,44,1.8761726078799248,1.0351297146923724,0.5240740740740741,,,1,96.0,96,96,g1,pre
g1pre,AM/PM,visual_direction,time_resolved_trial_response,glm_clean,balanced_accuracy,45,1.9408682150481984,1.0351297146923724,0.512962962962963,,,1,96.0,96,96,g1,pre
g1pre,AM/PM,visual_direction,time_resolved_trial_response,glm_clean,balanced_accuracy,46,2.0055638222164713,1.0351297146923724,0.5055555555555555,,,1,96.0,96,96,g1,pre
g1pre,LM,auditory_direction,time_resolved_trial_response,glm_clean,balanced_accuracy,0,-0.9704341075240992,1.0351297146923724,0.4712962962962963,0.0458309950769059,0.0324074074074074,2,54.5,45,64,g1,pre
g1pre,LM,auditory_direction,time_resolved_trial_response,glm_clean,balanced_accuracy,1,-0.9057385003558258,1.0351297146923724,0.5101851851851851,0.0013094570021973,0.0009259259259259,2,54.5,45,64,g1,pre
g1pre,LM,auditory_direction,time_resolved_trial_response,glm_clean,balanced_accuracy,2,-0.8410428931875525,1.0351297146923724,0.4833333333333334,0.0288080540483408,0.0203703703703704,2,54.5,45,64,g1,pre
g1pre,LM,auditory_direction,time_resolved_trial_response,glm_clean,balanced_accuracy,3,-0.7763472860192793,1.0351297146923724,0.5138888888888888,0.0091661990153812,0.0064814814814815,2,54.5,45,64,g1,pre
g1pre,LM,auditory_direction,time_resolved_trial_response,glm_clean,balanced_accuracy,4,-0.711651678851006,1.0351297146923724,0.5222222222222223,0.0183323980307623,0.0129629629629629,2,54.5,45,64,g1,pre
g1pre,LM,auditory_direction,time_resolved_trial_response,glm_clean,balanced_accuracy,5,-0.6469560716827327,1.0351297146923724,0.5,0.0602350221010761,0.0425925925925925,2,54.5,45,64,g1,pre
g1pre,LM,auditory_direction,time_resolved_trial_response,glm_clean,balanced_accuracy,6,-0.5822604645144595,1.0351297146923724,0.5083333333333333,0.0039283710065917,0.0027777777777776,2,54.5,45,64,g1,pre
g1pre,LM,auditory_direction,time_resolved_trial_response,glm_clean,balanced_accuracy,7,-0.5175648573461862,1.0351297146923724,0.5083333333333333,0.0851147051428252,0.0601851851851852,2,54.5,45,64,g1,pre
g1pre,LM,auditory_direction,time_resolved_trial_response,glm_clean,balanced_accuracy,8,-0.4528692501779129,1.0351297146923724,0.5111111111111111,0.0314269680527353,0.0222222222222221,2,54.5,45,64,g1,pre
g1pre,LM,auditory_direction,time_resolved_trial_response,glm_clean,balanced_accuracy,9,-0.3881736430096396,1.0351297146923724,0.5120370370370371,0.017022941028565,0.012037037037037,2,54.5,45,64,g1,pre
g1pre,LM,auditory_direction,time_resolved_trial_response,glm_clean,balanced_accuracy,10,-0.3234780358413663,1.0351297146923724,0.5185185185185185,0.0052378280087891,0.0037037037037036,2,54.5,45,64,g1,pre
g1pre,LM,auditory_direction,time_resolved_trial_response,glm_clean,balanced_accuracy,11,-0.2587824286730931,1.0351297146923724,0.5157407407407407,0.0615444791032735,0.0435185185185185,2,54.5,45,64,g1,pre
g1pre,LM,auditory_direction,time_resolved_trial_response,glm_clean,balanced_accuracy,12,-0.1940868215048198,1.0351297146923724,0.5194444444444445,0.0353553390593274,0.025,2,54.5,45,64,g1,pre
g1pre,LM,auditory_direction,time_resolved_trial_response,glm_clean,balanced_accuracy,13,-0.1293912143365465,1.0351297146923724,0.5351851851851852,0.0366647960615246,0.0259259259259259,2,54.5,45,64,g1,pre
g1pre,LM,auditory_direction,time_resolved_trial_response,glm_clean,balanced_accuracy,14,-0.0646956071682732,1.0351297146923724,0.4972222222222222,0.030117511050538,0.0212962962962962,2,54.5,45,64,g1,pre
g1pre,LM,auditory_direction,time_resolved_trial_response,glm_clean,balanced_accuracy,15,0.0,1.0351297146923724,0.4842592592592593,0.0065472850109866,0.0046296296296296,2,54.5,45,64,g1,pre
g1pre,LM,auditory_direction,time_resolved_trial_response,glm_clean,balanced_accuracy,16,0.0646956071682732,1.0351297146923724,0.5055555555555555,0.0366647960615246,0.0259259259259259,2,54.5,45,64,g1,pre
g1pre,LM,auditory_direction,time_resolved_trial_response,glm_clean,balanced_accuracy,17,0.1293912143365465,1.0351297146923724,0.5444444444444445,0.013094570021973,0.0092592592592592,2,54.5,45,64,g1,pre
g1pre,LM,auditory_direction,time_resolved_trial_response,glm_clean,balanced_accuracy,18,0.1940868215048198,1.0351297146923724,0.4842592592592593,0.0196418550329595,0.0138888888888888,2,54.5,45,64,g1,pre
g1pre,LM,auditory_direction,time_resolved_trial_response,glm_clean,balanced_accuracy,19,0.2587824286730931,1.0351297146923724,0.499074074074074,0.0013094570021973,0.0009259259259259,2,54.5,45,64,g1,pre
g1pre,LM,auditory_direction,time_resolved_trial_response,glm_clean,balanced_accuracy,20,0.3234780358413663,1.0351297146923724,0.5,0.0026189140043946,0.0018518518518518,2,54.5,45,64,g1,pre
g1pre,LM,auditory_direction,time_resolved_trial_response,glm_clean,balanced_accuracy,21,0.3881736430096396,1.0351297146923724,0.4907407407407407,0.0209513120351569,0.0148148148148148,2,54.5,45,64,g1,pre
g1pre,LM,auditory_direction,time_resolved_trial_response,glm_clean,balanced_accuracy,22,0.4528692501779129,1.0351297146923724,0.5037037037037038,0.041902624070314,0.0296296296296296,2,54.5,45,64,g1,pre
g1pre,LM,auditory_direction,time_resolved_trial_response,glm_clean,balanced_accuracy,23,0.5175648573461862,1.0351297146923724,0.5018518518518519,0.0052378280087891,0.0037037037037036,2,54.5,45,64,g1,pre
g1pre,LM,auditory_direction,time_resolved_trial_response,glm_clean,balanced_accuracy,24,0.5822604645144595,1.0351297146923724,0.5342592592592592,0.0196418550329595,0.0138888888888888,2,54.5,45,64,g1,pre
g1pre,LM,auditory_direction,time_resolved_trial_response,glm_clean,balanced_accuracy,25,0.6469560716827327,1.0351297146923724,0.487037037037037,0.0157134840263676,0.011111111111111,2,54.5,45,64,g1,pre
g1pre,LM,auditory_direction,time_resolved_trial_response,glm_clean,balanced_accuracy,26,0.711651678851006,1.0351297146923724,0.4925925925925926,0.0104756560175786,0.0074074074074075,2,54.5,45,64,g1,pre
g1pre,LM,auditory_direction,time_resolved_trial_response,glm_clean,balanced_accuracy,27,0.7763472860192793,1.0351297146923724,0.5092592592592592,0.0419026240703139,0.0296296296296296,2,54.5,45,64,g1,pre
g1pre,LM,auditory_direction,time_resolved_trial_response,glm_clean,balanced_accuracy,28,0.8410428931875525,1.0351297146923724,0.4935185185185185,0.0091661990153811,0.0064814814814814,2,54.5,45,64,g1,pre
g1pre,LM,auditory_direction,time_resolved_trial_response,glm_clean,balanced_accuracy,29,0.9057385003558258,1.0351297146923724,0.4962962962962963,0.075948506127444,0.0537037037037037,2,54.5,45,64,g1,pre
g1pre,LM,auditory_direction,time_resolved_trial_response,glm_clean,balanced_accuracy,30,0.9704341075240992,1.0351297146923724,0.5157407407407408,0.0091661990153811,0.0064814814814814,2,54.5,45,64,g1,pre
g1pre,LM,auditory_direction,time_resolved_trial_response,glm_clean,balanced_accuracy,31,1.0351297146923724,1.0351297146923724,0.5120370370370371,0.0877336191472198,0.0620370370370371,2,54.5,45,64,g1,pre
g1pre,LM,auditory_direction,time_resolved_trial_response,glm_clean,balanced_accuracy,32,1.0998253218606455,1.0351297146923724,0.5138888888888888,0.0013094570021972,0.0009259259259258,2,54.5,45,64,g1,pre
g1pre,LM,auditory_direction,time_resolved_trial_response,glm_clean,balanced_accuracy,33,1.164520929028919,1.0351297146923724,0.5351851851851852,0.0130945700219731,0.0092592592592592,2,54.5,45,64,g1,pre
g1pre,LM,auditory_direction,time_resolved_trial_response,glm_clean,balanced_accuracy,34,1.229216536197192,1.0351297146923724,0.512962962962963,0.0078567420131838,0.0055555555555555,2,54.5,45,64,g1,pre
g1pre,LM,auditory_direction,time_resolved_trial_response,glm_clean,balanced_accuracy,35,1.2939121433654657,1.0351297146923724,0.5287037037037037,0.0353553390593272,0.0249999999999999,2,54.5,45,64,g1,pre
g1pre,LM,auditory_direction,time_resolved_trial_response,glm_clean,balanced_accuracy,36,1.3586077505337386,1.0351297146923724,0.5296296296296297,0.0261891400439462,0.0185185185185185,2,54.5,45,64,g1,pre
g1pre,LM,auditory_direction,time_resolved_trial_response,glm_clean,balanced_accuracy,37,1.423303357702012,1.0351297146923724,0.4925925925925926,0.0419026240703139,0.0296296296296296,2,54.5,45,64,g1,pre
g1pre,LM,auditory_direction,time_resolved_trial_response,glm_clean,balanced_accuracy,38,1.4879989648702852,1.0351297146923724,0.4861111111111111,0.0065472850109865,0.0046296296296296,2,54.5,45,64,g1,pre
g1pre,LM,auditory_direction,time_resolved_trial_response,glm_clean,balanced_accuracy,39,1.5526945720385583,1.0351297146923724,0.4972222222222223,0.0144040270241704,0.0101851851851852,2,54.5,45,64,g1,pre
g1pre,LM,auditory_direction,time_resolved_trial_response,glm_clean,balanced_accuracy,40,1.6173901792068317,1.0351297146923724,0.512962962962963,0.0183323980307623,0.0129629629629629,2,54.5,45,64,g1,pre
g1pre,LM,auditory_direction,time_resolved_trial_response,glm_clean,balanced_accuracy,41,1.682085786375105,1.0351297146923724,0.513888888888889,0.0196418550329597,0.0138888888888889,2,54.5,45,64,g1,pre
g1pre,LM,auditory_direction,time_resolved_trial_response,glm_clean,balanced_accuracy,42,1.7467813935433782,1.0351297146923724,0.5,0.020951312035157,0.0148148148148148,2,54.5,45,64,g1,pre
g1pre,LM,auditory_direction,time_resolved_trial_response,glm_clean,balanced_accuracy,43,1.8114770007116516,1.0351297146923724,0.5444444444444444,0.0314269680527354,0.0222222222222222,2,54.5,45,64,g1,pre
g1pre,LM,auditory_direction,time_resolved_trial_response,glm_clean,balanced_accuracy,44,1.8761726078799248,1.0351297146923724,0.4861111111111111,0.0458309950769058,0.0324074074074073,2,54.5,45,64,g1,pre
g1pre,LM,auditory_direction,time_resolved_trial_response,glm_clean,balanced_accuracy,45,1.9408682150481984,1.0351297146923724,0.5194444444444444,0.0117851130197758,0.0083333333333333,2,54.5,45,64,g1,pre
g1pre,LM,auditory_direction,time_resolved_trial_response,glm_clean,balanced_accuracy,46,2.0055638222164713,1.0351297146923724,0.5120370370370371,0.0039283710065919,0.0027777777777777,2,54.5,45,64,g1,pre
g1pre,LM,congruency,time_resolved_trial_response,glm_clean,balanced_accuracy,0,-0.9704341075240992,1.0351297146923724,0.5277777777777778,0.0471404520791031,0.0333333333333333,2,54.5,45,64,g1,pre
g1pre,LM,congruency,time_resolved_trial_response,glm_clean,balanced_accuracy,1,-0.9057385003558258,1.0351297146923724,0.526388888888889,0.0176776695296637,0.0125,2,54.5,45,64,g1,pre
g1pre,LM,congruency,time_resolved_trial_response,glm_clean,balanced_accuracy,2,-0.8410428931875525,1.0351297146923724,0.475,0.0196418550329597,0.0138888888888889,2,54.5,45,64,g1,pre
g1pre,LM,congruency,time_resolved_trial_response,glm_clean,balanced_accuracy,3,-0.7763472860192793,1.0351297146923724,0.4902777777777778,0.0608897506021749,0.0430555555555555,2,54.5,45,64,g1,pre
g1pre,LM,congruency,time_resolved_trial_response,glm_clean,balanced_accuracy,4,-0.711651678851006,1.0351297146923724,0.5138888888888888,0.0117851130197758,0.0083333333333333,2,54.5,45,64,g1,pre
g1pre,LM,congruency,time_resolved_trial_response,glm_clean,balanced_accuracy,5,-0.6469560716827327,1.0351297146923724,0.4944444444444444,0.0274985970461434,0.0194444444444444,2,54.5,45,64,g1,pre
g1pre,LM,congruency,time_resolved_trial_response,glm_clean,balanced_accuracy,6,-0.5822604645144595,1.0351297146923724,0.5041666666666667,0.0333911535560314,0.0236111111111111,2,54.5,45,64,g1,pre
g1pre,LM,congruency,time_resolved_trial_response,glm_clean,balanced_accuracy,7,-0.5175648573461862,1.0351297146923724,0.5152777777777777,0.0608897506021749,0.0430555555555555,2,54.5,45,64,g1,pre
g1pre,LM,congruency,time_resolved_trial_response,glm_clean,balanced_accuracy,8,-0.4528692501779129,1.0351297146923724,0.5041666666666667,0.053033008588991,0.0374999999999999,2,54.5,45,64,g1,pre
g1pre,LM,congruency,time_resolved_trial_response,glm_clean,balanced_accuracy,9,-0.3881736430096396,1.0351297146923724,0.5472222222222223,0.0078567420131838,0.0055555555555555,2,54.5,45,64,g1,pre
g1pre,LM,congruency,time_resolved_trial_response,glm_clean,balanced_accuracy,10,-0.3234780358413663,1.0351297146923724,0.4944444444444444,0.0196418550329597,0.0138888888888889,2,54.5,45,64,g1,pre
g1pre,LM,congruency,time_resolved_trial_response,glm_clean,balanced_accuracy,11,-0.2587824286730931,1.0351297146923724,0.4833333333333333,0.0078567420131837,0.0055555555555554,2,54.5,45,64,g1,pre
g1pre,LM,congruency,time_resolved_trial_response,glm_clean,balanced_accuracy,12,-0.1940868215048198,1.0351297146923724,0.4819444444444444,0.0373195245626233,0.0263888888888888,2,54.5,45,64,g1,pre
g1pre,LM,congruency,time_resolved_trial_response,glm_clean,balanced_accuracy,13,-0.1293912143365465,1.0351297146923724,0.4722222222222222,0.0274985970461435,0.0194444444444444,2,54.5,45,64,g1,pre
g1pre,LM,congruency,time_resolved_trial_response,glm_clean,balanced_accuracy,14,-0.0646956071682732,1.0351297146923724,0.4861111111111111,0.0235702260395515,0.0166666666666666,2,54.5,45,64,g1,pre
g1pre,LM,congruency,time_resolved_trial_response,glm_clean,balanced_accuracy,15,0.0,1.0351297146923724,0.4861111111111111,0.0274985970461434,0.0194444444444444,2,54.5,45,64,g1,pre
g1pre,LM,congruency,time_resolved_trial_response,glm_clean,balanced_accuracy,16,0.0646956071682732,1.0351297146923724,0.4736111111111111,0.0098209275164797,0.0069444444444444,2,54.5,45,64,g1,pre
g1pre,LM,congruency,time_resolved_trial_response,glm_clean,balanced_accuracy,17,0.1293912143365465,1.0351297146923724,0.5055555555555555,0.0353553390593273,0.0249999999999999,2,54.5,45,64,g1,pre
g1pre,LM,congruency,time_resolved_trial_response,glm_clean,balanced_accuracy,18,0.1940868215048198,1.0351297146923724,0.5069444444444444,0.0216060405362557,0.0152777777777778,2,54.5,45,64,g1,pre
g1pre,LM,congruency,time_resolved_trial_response,glm_clean,balanced_accuracy,19,0.2587824286730931,1.0351297146923724,0.4791666666666667,0.0373195245626234,0.0263888888888889,2,54.5,45,64,g1,pre
g1pre,LM,congruency,time_resolved_trial_response,glm_clean,balanced_accuracy,20,0.3234780358413663,1.0351297146923724,0.4847222222222222,0.0216060405362556,0.0152777777777777,2,54.5,45,64,g1,pre
g1pre,LM,congruency,time_resolved_trial_response,glm_clean,balanced_accuracy,21,0.3881736430096396,1.0351297146923724,0.4736111111111111,0.0058925565098879,0.0041666666666667,2,54.5,45,64,g1,pre
g1pre,LM,congruency,time_resolved_trial_response,glm_clean,balanced_accuracy,22,0.4528692501779129,1.0351297146923724,0.4791666666666666,0.0451762665758071,0.0319444444444444,2,54.5,45,64,g1,pre
g1pre,LM,congruency,time_resolved_trial_response,glm_clean,balanced_accuracy,23,0.5175648573461862,1.0351297146923724,0.5013888888888889,0.0255344115428476,0.0180555555555556,2,54.5,45,64,g1,pre
g1pre,LM,congruency,time_resolved_trial_response,glm_clean,balanced_accuracy,24,0.5822604645144595,1.0351297146923724,0.5027777777777778,0.0235702260395515,0.0166666666666666,2,54.5,45,64,g1,pre
g1pre,LM,congruency,time_resolved_trial_response,glm_clean,balanced_accuracy,25,0.6469560716827327,1.0351297146923724,0.538888888888889,0.0039283710065919,0.0027777777777777,2,54.5,45,64,g1,pre
g1pre,LM,congruency,time_resolved_trial_response,glm_clean,balanced_accuracy,26,0.711651678851006,1.0351297146923724,0.4972222222222221,0.051068823085695,0.036111111111111,2,54.5,45,64,g1,pre
g1pre,LM,congruency,time_resolved_trial_response,glm_clean,balanced_accuracy,27,0.7763472860192793,1.0351297146923724,0.4736111111111112,0.0333911535560315,0.0236111111111111,2,54.5,45,64,g1,pre
g1pre,LM,congruency,time_resolved_trial_response,glm_clean,balanced_accuracy,28,0.8410428931875525,1.0351297146923724,0.4847222222222221,0.0098209275164798,0.0069444444444444,2,54.5,45,64,g1,pre
g1pre,LM,congruency,time_resolved_trial_response,glm_clean,balanced_accuracy,29,0.9057385003558258,1.0351297146923724,0.5013888888888889,0.0294627825494395,0.0208333333333333,2,54.5,45,64,g1,pre
g1pre,LM,congruency,time_resolved_trial_response,glm_clean,balanced_accuracy,30,0.9704341075240992,1.0351297146923724,0.4777777777777777,0.0392837100659192,0.0277777777777777,2,54.5,45,64,g1,pre
g1pre,LM,congruency,time_resolved_trial_response,glm_clean,balanced_accuracy,31,1.0351297146923724,1.0351297146923724,0.4777777777777778,0.0196418550329596,0.0138888888888888,2,54.5,45,64,g1,pre
g1pre,LM,congruency,time_resolved_trial_response,glm_clean,balanced_accuracy,32,1.0998253218606455,1.0351297146923724,0.4972222222222223,0.0235702260395515,0.0166666666666666,2,54.5,45,64,g1,pre
g1pre,LM,congruency,time_resolved_trial_response,glm_clean,balanced_accuracy,33,1.164520929028919,1.0351297146923724,0.5208333333333334,0.0294627825494395,0.0208333333333333,2,54.5,45,64,g1,pre
g1pre,LM,congruency,time_resolved_trial_response,glm_clean,balanced_accuracy,34,1.229216536197192,1.0351297146923724,0.4819444444444444,0.0608897506021748,0.0430555555555554,2,54.5,45,64,g1,pre
g1pre,LM,congruency,time_resolved_trial_response,glm_clean,balanced_accuracy,35,1.2939121433654657,1.0351297146923724,0.4847222222222221,0.0530330085889909,0.0374999999999999,2,54.5,45,64,g1,pre
g1pre,LM,congruency,time_resolved_trial_response,glm_clean,balanced_accuracy,36,1.3586077505337386,1.0351297146923724,0.5277777777777779,0.0157134840263677,0.0111111111111111,2,54.5,45,64,g1,pre
g1pre,LM,congruency,time_resolved_trial_response,glm_clean,balanced_accuracy,37,1.423303357702012,1.0351297146923724,0.4597222222222222,0.0019641855032959,0.0013888888888888,2,54.5,45,64,g1,pre
g1pre,LM,congruency,time_resolved_trial_response,glm_clean,balanced_accuracy,38,1.4879989648702852,1.0351297146923724,0.4666666666666667,0.0274985970461435,0.0194444444444444,2,54.5,45,64,g1,pre
g1pre,LM,congruency,time_resolved_trial_response,glm_clean,balanced_accuracy,39,1.5526945720385583,1.0351297146923724,0.4805555555555555,0.0432120810725111,0.0305555555555555,2,54.5,45,64,g1,pre
g1pre,LM,congruency,time_resolved_trial_response,glm_clean,balanced_accuracy,40,1.6173901792068317,1.0351297146923724,0.4583333333333333,0.0078567420131838,0.0055555555555555,2,54.5,45,64,g1,pre
g1pre,LM,congruency,time_resolved_trial_response,glm_clean,balanced_accuracy,41,1.682085786375105,1.0351297146923724,0.45,0.0039283710065919,0.0027777777777777,2,54.5,45,64,g1,pre
g1pre,LM,congruency,time_resolved_trial_response,glm_clean,balanced_accuracy,42,1.7467813935433782,1.0351297146923724,0.4777777777777777,0.0039283710065919,0.0027777777777777,2,54.5,45,64,g1,pre
g1pre,LM,congruency,time_resolved_trial_response,glm_clean,balanced_accuracy,43,1.8114770007116516,1.0351297146923724,0.4763888888888888,0.0648181216087668,0.0458333333333333,2,54.5,45,64,g1,pre
g1pre,LM,congruency,time_resolved_trial_response,glm_clean,balanced_accuracy,44,1.8761726078799248,1.0351297146923724,0.4819444444444444,0.0019641855032959,0.0013888888888888,2,54.5,45,64,g1,pre
g1pre,LM,congruency,time_resolved_trial_response,glm_clean,balanced_accuracy,45,1.9408682150481984,1.0351297146923724,0.4722222222222222,0.0628539361054708,0.0444444444444444,2,54.5,45,64,g1,pre
g1pre,LM,congruency,time_resolved_trial_response,glm_clean,balanced_accuracy,46,2.0055638222164713,1.0351297146923724,0.4638888888888889,0.0589255650988789,0.0416666666666666,2,54.5,45,64,g1,pre
g1pre,LM,modality,time_resolved_trial_response,glm_clean,balanced_accuracy,0,-0.9704341075240992,1.0351297146923724,0.337037037037037,0.0183323980307623,0.0129629629629629,2,54.5,45,64,g1,pre
g1pre,LM,modality,time_resolved_trial_response,glm_clean,balanced_accuracy,1,-0.9057385003558258,1.0351297146923724,0.3259259259259259,0.0196418550329596,0.0138888888888888,2,54.5,45,64,g1,pre
g1pre,LM,modality,time_resolved_trial_response,glm_clean,balanced_accuracy,2,-0.8410428931875525,1.0351297146923724,0.3333333333333333,0.017022941028565,0.012037037037037,2,54.5,45,64,g1,pre
g1pre,LM,modality,time_resolved_trial_response,glm_clean,balanced_accuracy,3,-0.7763472860192793,1.0351297146923724,0.3287037037037037,0.0078567420131838,0.0055555555555555,2,54.5,45,64,g1,pre
g1pre,LM,modality,time_resolved_trial_response,glm_clean,balanced_accuracy,4,-0.711651678851006,1.0351297146923724,0.3254629629629629,0.0137492985230717,0.0097222222222221,2,54.5,45,64,g1,pre
g1pre,LM,modality,time_resolved_trial_response,glm_clean,balanced_accuracy,5,-0.6469560716827327,1.0351297146923724,0.3300925925925926,0.0072020135120851,0.0050925925925925,2,54.5,45,64,g1,pre
g1pre,LM,modality,time_resolved_trial_response,glm_clean,balanced_accuracy,6,-0.5822604645144595,1.0351297146923724,0.3310185185185185,0.0098209275164797,0.0069444444444444,2,54.5,45,64,g1,pre
g1pre,LM,modality,time_resolved_trial_response,glm_clean,balanced_accuracy,7,-0.5175648573461862,1.0351297146923724,0.3277777777777778,0.020951312035157,0.0148148148148148,2,54.5,45,64,g1,pre
g1pre,LM,modality,time_resolved_trial_response,glm_clean,balanced_accuracy,8,-0.4528692501779129,1.0351297146923724,0.3398148148148148,0.0026189140043946,0.0018518518518518,2,54.5,45,64,g1,pre
g1pre,LM,modality,time_resolved_trial_response,glm_clean,balanced_accuracy,9,-0.3881736430096396,1.0351297146923724,0.3509259259259259,0.0196418550329596,0.0138888888888888,2,54.5,45,64,g1,pre
g1pre,LM,modality,time_resolved_trial_response,glm_clean,balanced_accuracy,10,-0.3234780358413663,1.0351297146923724,0.3375,0.0386289815648206,0.0273148148148147,2,54.5,45,64,g1,pre
g1pre,LM,modality,time_resolved_trial_response,glm_clean,balanced_accuracy,11,-0.2587824286730931,1.0351297146923724,0.3328703703703703,0.0006547285010986,0.0004629629629629,2,54.5,45,64,g1,pre
g1pre,LM,modality,time_resolved_trial_response,glm_clean,balanced_accuracy,12,-0.1940868215048198,1.0351297146923724,0.3259259259259259,0.0078567420131838,0.0055555555555555,2,54.5,45,64,g1,pre
g1pre,LM,modality,time_resolved_trial_response,glm_clean,balanced_accuracy,13,-0.1293912143365465,1.0351297146923724,0.3398148148148148,0.0013094570021973,0.0009259259259259,2,54.5,45,64,g1,pre
g1pre,LM,modality,time_resolved_trial_response,glm_clean,balanced_accuracy,14,-0.0646956071682732,1.0351297146923724,0.350462962962963,0.0202965835340583,0.0143518518518518,2,54.5,45,64,g1,pre
g1pre,LM,modality,time_resolved_trial_response,glm_clean,balanced_accuracy,15,0.0,1.0351297146923724,0.3296296296296296,0.0039283710065919,0.0027777777777777,2,54.5,45,64,g1,pre
g1pre,LM,modality,time_resolved_trial_response,glm_clean,balanced_accuracy,16,0.0646956071682732,1.0351297146923724,0.3282407407407407,0.0229154975384529,0.0162037037037037,2,54.5,45,64,g1,pre
g1pre,LM,modality,time_resolved_trial_response,glm_clean,balanced_accuracy,17,0.1293912143365465,1.0351297146923724,0.3199074074074074,0.0085114705142825,0.0060185185185185,2,54.5,45,64,g1,pre
g1pre,LM,modality,time_resolved_trial_response,glm_clean,balanced_accuracy,18,0.1940868215048198,1.0351297146923724,0.3819444444444444,0.0438668095736099,0.0310185185185185,2,54.5,45,64,g1,pre
g1pre,LM,modality,time_resolved_trial_response,glm_clean,balanced_accuracy,19,0.2587824286730931,1.0351297146923724,0.4967592592592592,0.2101678488526683,0.1486111111111111,2,54.5,45,64,g1,pre
g1pre,LM,modality,time_resolved_trial_response,glm_clean,balanced_accuracy,20,0.3234780358413663,1.0351297146923724,0.4712962962962963,0.168919953283453,0.1194444444444444,2,54.5,45,64,g1,pre
g1pre,LM,modality,time_resolved_trial_response,glm_clean,balanced_accuracy,21,0.3881736430096396,1.0351297146923724,0.4921296296296296,0.2167151338636548,0.1532407407407407,2,54.5,45,64,g1,pre
g1pre,LM,modality,time_resolved_trial_response,glm_clean,balanced_accuracy,22,0.4528692501779129,1.0351297146923724,0.4944444444444444,0.1780861522988342,0.1259259259259259,2,54.5,45,64,g1,pre
g1pre,LM,modality,time_resolved_trial_response,glm_clean,balanced_accuracy,23,0.5175648573461862,1.0351297146923724,0.4972222222222222,0.1990374643339911,0.1407407407407407,2,54.5,45,64,g1,pre
g1pre,LM,modality,time_resolved_trial_response,glm_clean,balanced_accuracy,24,0.5822604645144595,1.0351297146923724,0.513425925925926,0.2206435048702468,0.1560185185185185,2,54.5,45,64,g1,pre
g1pre,LM,modality,time_resolved_trial_response,glm_clean,balanced_accuracy,25,0.6469560716827327,1.0351297146923724,0.5125,0.2075489348482736,0.1467592592592592,2,54.5,45,64,g1,pre
g1pre,LM,modality,time_resolved_trial_response,glm_clean,balanced_accuracy,26,0.711651678851006,1.0351297146923724,0.5143518518518518,0.2075489348482736,0.1467592592592592,2,54.5,45,64,g1,pre
g1pre,LM,modality,time_resolved_trial_response,glm_clean,balanced_accuracy,27,0.7763472860192793,1.0351297146923724,0.5111111111111111,0.2160604053625562,0.1527777777777778,2,54.5,45,64,g1,pre
g1pre,LM,modality,time_resolved_trial_response,glm_clean,balanced_accuracy,28,0.8410428931875525,1.0351297146923724,0.5180555555555556,0.1970732788306952,0.1393518518518518,2,54.5,45,64,g1,pre
g1pre,LM,modality,time_resolved_trial_response,glm_clean,balanced_accuracy,29,0.9057385003558258,1.0351297146923724,0.5115740740740741,0.1905259938197085,0.1347222222222222,2,54.5,45,64,g1,pre
g1pre,LM,modality,time_resolved_trial_response,glm_clean,balanced_accuracy,30,0.9704341075240992,1.0351297146923724,0.5300925925925926,0.1957638218284978,0.1384259259259259,2,54.5,45,64,g1,pre
g1pre,LM,modality,time_resolved_trial_response,glm_clean,balanced_accuracy,31,1.0351297146923724,1.0351297146923724,0.5185185185185186,0.2134414913581616,0.1509259259259259,2,54.5,45,64,g1,pre
g1pre,LM,modality,time_resolved_trial_response,glm_clean,balanced_accuracy,32,1.0998253218606455,1.0351297146923724,0.5388888888888889,0.2042752923427803,0.1444444444444443,2,54.5,45,64,g1,pre
g1pre,LM,modality,time_resolved_trial_response,glm_clean,balanced_accuracy,33,1.164520929028919,1.0351297146923724,0.5388888888888889,0.1937996363252018,0.1370370370370369,2,54.5,45,64,g1,pre
g1pre,LM,modality,time_resolved_trial_response,glm_clean,balanced_accuracy,34,1.229216536197192,1.0351297146923724,0.525462962962963,0.1879070798153141,0.1328703703703704,2,54.5,45,64,g1,pre
g1pre,LM,modality,time_resolved_trial_response,glm_clean,balanced_accuracy,35,1.2939121433654657,1.0351297146923724,0.5083333333333333,0.2068942063471749,0.1462962962962962,2,54.5,45,64,g1,pre
g1pre,LM,modality,time_resolved_trial_response,glm_clean,balanced_accuracy,36,1.3586077505337386,1.0351297146923724,0.5217592592592593,0.1944543648263005,0.1374999999999999,2,54.5,45,64,g1,pre
g1pre,LM,modality,time_resolved_trial_response,glm_clean,balanced_accuracy,37,1.423303357702012,1.0351297146923724,0.5055555555555555,0.1990374643339912,0.1407407407407408,2,54.5,45,64,g1,pre
g1pre,LM,modality,time_resolved_trial_response,glm_clean,balanced_accuracy,38,1.4879989648702852,1.0351297146923724,0.5199074074074074,0.2245718758768387,0.1587962962962963,2,54.5,45,64,g1,pre
g1pre,LM,modality,time_resolved_trial_response,glm_clean,balanced_accuracy,39,1.5526945720385583,1.0351297146923724,0.5208333333333333,0.208858391850471,0.1476851851851852,2,54.5,45,64,g1,pre
g1pre,LM,modality,time_resolved_trial_response,glm_clean,balanced_accuracy,40,1.6173901792068317,1.0351297146923724,0.5337962962962963,0.2010016498372871,0.1421296296296296,2,54.5,45,64,g1,pre
g1pre,LM,modality,time_resolved_trial_response,glm_clean,balanced_accuracy,41,1.682085786375105,1.0351297146923724,0.5162037037037037,0.2062394778460764,0.1458333333333333,2,54.5,45,64,g1,pre
g1pre,LM,modality,time_resolved_trial_response,glm_clean,balanced_accuracy,42,1.7467813935433782,1.0351297146923724,0.5277777777777778,0.1911807223208073,0.1351851851851851,2,54.5,45,64,g1,pre
g1pre,LM,modality,time_resolved_trial_response,glm_clean,balanced_accuracy,43,1.8114770007116516,1.0351297146923724,0.5064814814814815,0.1885618083164126,0.1333333333333333,2,54.5,45,64,g1,pre
g1pre,LM,modality,time_resolved_trial_response,glm_clean,balanced_accuracy,44,1.8761726078799248,1.0351297146923724,0.5069444444444444,0.2140962198592602,0.1513888888888889,2,54.5,45,64,g1,pre
g1pre,LM,modality,time_resolved_trial_response,glm_clean,balanced_accuracy,45,1.9408682150481984,1.0351297146923724,0.5046296296296297,0.18987126531861,0.1342592592592593,2,54.5,45,64,g1,pre
g1pre,LM,modality,time_resolved_trial_response,glm_clean,balanced_accuracy,46,2.0055638222164713,1.0351297146923724,0.4888888888888889,0.2003469213361884,0.1416666666666666,2,54.5,45,64,g1,pre
g1pre,LM,trial_type,time_resolved_trial_response,glm_clean,balanced_accuracy,0,-0.9704341075240992,1.0351297146923724,0.1277777777777777,0.0117851130197757,0.0083333333333333,2,54.5,45,64,g1,pre
g1pre,LM,trial_type,time_resolved_trial_response,glm_clean,balanced_accuracy,1,-0.9057385003558258,1.0351297146923724,0.1222222222222222,0.0019641855032959,0.0013888888888888,2,54.5,45,64,g1,pre
g1pre,LM,trial_type,time_resolved_trial_response,glm_clean,balanced_accuracy,2,-0.8410428931875525,1.0351297146923724,0.1354166666666666,0.0166955767780157,0.0118055555555555,2,54.5,45,64,g1,pre
g1pre,LM,trial_type,time_resolved_trial_response,glm_clean,balanced_accuracy,3,-0.7763472860192793,1.0351297146923724,0.1201388888888889,0.0147313912747197,0.0104166666666666,2,54.5,45,64,g1,pre
g1pre,LM,trial_type,time_resolved_trial_response,glm_clean,balanced_accuracy,4,-0.711651678851006,1.0351297146923724,0.1277777777777777,0.0117851130197757,0.0083333333333333,2,54.5,45,64,g1,pre
g1pre,LM,trial_type,time_resolved_trial_response,glm_clean,balanced_accuracy,5,-0.6469560716827327,1.0351297146923724,0.1340277777777777,0.0147313912747197,0.0104166666666666,2,54.5,45,64,g1,pre
g1pre,LM,trial_type,time_resolved_trial_response,glm_clean,balanced_accuracy,6,-0.5822604645144595,1.0351297146923724,0.1166666666666666,0.0157134840263677,0.0111111111111111,2,54.5,45,64,g1,pre
g1pre,LM,trial_type,time_resolved_trial_response,glm_clean,balanced_accuracy,7,-0.5175648573461862,1.0351297146923724,0.1430555555555555,0.0196418550329596,0.0138888888888888,2,54.5,45,64,g1,pre
g1pre,LM,trial_type,time_resolved_trial_response,glm_clean,balanced_accuracy,8,-0.4528692501779129,1.0351297146923724,0.1069444444444444,0.0157134840263677,0.0111111111111111,2,54.5,45,64,g1,pre
g1pre,LM,trial_type,time_resolved_trial_response,glm_clean,balanced_accuracy,9,-0.3881736430096396,1.0351297146923724,0.1222222222222222,0.0137492985230717,0.0097222222222222,2,54.5,45,64,g1,pre
g1pre,LM,trial_type,time_resolved_trial_response,glm_clean,balanced_accuracy,10,-0.3234780358413663,1.0351297146923724,0.1430555555555555,0.0,0.0,2,54.5,45,64,g1,pre
g1pre,LM,trial_type,time_resolved_trial_response,glm_clean,balanced_accuracy,11,-0.2587824286730931,1.0351297146923724,0.1402777777777777,0.0058925565098878,0.0041666666666666,2,54.5,45,64,g1,pre
g1pre,LM,trial_type,time_resolved_trial_response,glm_clean,balanced_accuracy,12,-0.1940868215048198,1.0351297146923724,0.1229166666666666,0.0029462782549439,0.0020833333333333,2,54.5,45,64,g1,pre
g1pre,LM,trial_type,time_resolved_trial_response,glm_clean,balanced_accuracy,13,-0.1293912143365465,1.0351297146923724,0.1388888888888889,0.0078567420131838,0.0055555555555555,2,54.5,45,64,g1,pre
g1pre,LM,trial_type,time_resolved_trial_response,glm_clean,balanced_accuracy,14,-0.0646956071682732,1.0351297146923724,0.1361111111111111,0.0098209275164798,0.0069444444444444,2,54.5,45,64,g1,pre
g1pre,LM,trial_type,time_resolved_trial_response,glm_clean,balanced_accuracy,15,0.0,1.0351297146923724,0.1312499999999999,0.0186597622813116,0.0131944444444444,2,54.5,45,64,g1,pre
g1pre,LM,trial_type,time_resolved_trial_response,glm_clean,balanced_accuracy,16,0.0646956071682732,1.0351297146923724,0.1201388888888888,0.0245523187911995,0.0173611111111111,2,54.5,45,64,g1,pre
g1pre,LM,trial_type,time_resolved_trial_response,glm_clean,balanced_accuracy,17,0.1293912143365465,1.0351297146923724,0.1326388888888888,0.0009820927516479,0.0006944444444444,2,54.5,45,64,g1,pre
g1pre,LM,trial_type,time_resolved_trial_response,glm_clean,balanced_accuracy,18,0.1940868215048198,1.0351297146923724,0.1583333333333333,0.0176776695296637,0.0125,2,54.5,45,64,g1,pre
g1pre,LM,trial_type,time_resolved_trial_response,glm_clean,balanced_accuracy,19,0.2587824286730931,1.0351297146923724,0.1986111111111111,0.0864241621450224,0.0611111111111111,2,54.5,45,64,g1,pre
g1pre,LM,trial_type,time_resolved_trial_response,glm_clean,balanced_accuracy,20,0.3234780358413663,1.0351297146923724,0.1819444444444444,0.1060660171779821,0.075,2,54.5,45,64,g1,pre
g1pre,LM,trial_type,time_resolved_trial_response,glm_clean,balanced_accuracy,21,0.3881736430096396,1.0351297146923724,0.2277777777777778,0.1394571707340136,0.0986111111111111,2,54.5,45,64,g1,pre
g1pre,LM,trial_type,time_resolved_trial_response,glm_clean,balanced_accuracy,22,0.4528692501779129,1.0351297146923724,0.2194444444444444,0.1316004287208297,0.0930555555555555,2,54.5,45,64,g1,pre
g1pre,LM,trial_type,time_resolved_trial_response,glm_clean,balanced_accuracy,23,0.5175648573461862,1.0351297146923724,0.2298611111111111,0.1581169330153252,0.1118055555555555,2,54.5,45,64,g1,pre
g1pre,LM,trial_type,time_resolved_trial_response,glm_clean,balanced_accuracy,24,0.5822604645144595,1.0351297146923724,0.2645833333333333,0.1541885620087333,0.1090277777777778,2,54.5,45,64,g1,pre
g1pre,LM,trial_type,time_resolved_trial_response,glm_clean,balanced_accuracy,25,0.6469560716827327,1.0351297146923724,0.2743055555555555,0.1836513445581727,0.1298611111111111,2,54.5,45,64,g1,pre
g1pre,LM,trial_type,time_resolved_trial_response,glm_clean,balanced_accuracy,26,0.711651678851006,1.0351297146923724,0.2381944444444444,0.1207974084527018,0.0854166666666666,2,54.5,45,64,g1,pre
g1pre,LM,trial_type,time_resolved_trial_response,glm_clean,balanced_accuracy,27,0.7763472860192793,1.0351297146923724,0.2465277777777778,0.1365108924790695,0.0965277777777777,2,54.5,45,64,g1,pre
g1pre,LM,trial_type,time_resolved_trial_response,glm_clean,balanced_accuracy,28,0.8410428931875525,1.0351297146923724,0.2493055555555555,0.1620453040219171,0.1145833333333333,2,54.5,45,64,g1,pre
g1pre,LM,trial_type,time_resolved_trial_response,glm_clean,balanced_accuracy,29,0.9057385003558258,1.0351297146923724,0.2513888888888889,0.1414213562373094,0.0999999999999999,2,54.5,45,64,g1,pre
g1pre,LM,trial_type,time_resolved_trial_response,glm_clean,balanced_accuracy,30,0.9704341075240992,1.0351297146923724,0.2756944444444444,0.1286541504658857,0.0909722222222222,2,54.5,45,64,g1,pre
g1pre,LM,trial_type,time_resolved_trial_response,glm_clean,balanced_accuracy,31,1.0351297146923724,1.0351297146923724,0.2638888888888889,0.1571348402636772,0.1111111111111111,2,54.5,45,64,g1,pre
g1pre,LM,trial_type,time_resolved_trial_response,glm_clean,balanced_accuracy,32,1.0998253218606455,1.0351297146923724,0.261111111111111,0.1257078722109418,0.0888888888888888,2,54.5,45,64,g1,pre
g1pre,LM,trial_type,time_resolved_trial_response,glm_clean,balanced_accuracy,33,1.164520929028919,1.0351297146923724,0.2736111111111111,0.1178511301977578,0.0833333333333333,2,54.5,45,64,g1,pre
g1pre,LM,trial_type,time_resolved_trial_response,glm_clean,balanced_accuracy,34,1.229216536197192,1.0351297146923724,0.2493055555555555,0.1227615939559978,0.0868055555555555,2,54.5,45,64,g1,pre
g1pre,LM,trial_type,time_resolved_trial_response,glm_clean,balanced_accuracy,35,1.2939121433654657,1.0351297146923724,0.261111111111111,0.1355287997274215,0.0958333333333333,2,54.5,45,64,g1,pre
g1pre,LM,trial_type,time_resolved_trial_response,glm_clean,balanced_accuracy,36,1.3586077505337386,1.0351297146923724,0.2583333333333333,0.1394571707340135,0.0986111111111111,2,54.5,45,64,g1,pre
g1pre,LM,trial_type,time_resolved_trial_response,glm_clean,balanced_accuracy,37,1.423303357702012,1.0351297146923724,0.2534722222222222,0.1502601910021413,0.10625,2,54.5,45,64,g1,pre
g1pre,LM,trial_type,time_resolved_trial_response,glm_clean,balanced_accuracy,38,1.4879989648702852,1.0351297146923724,0.2597222222222222,0.1433855417406054,0.1013888888888888,2,54.5,45,64,g1,pre
g1pre,LM,trial_type,time_resolved_trial_response,glm_clean,balanced_accuracy,39,1.5526945720385583,1.0351297146923724,0.2465277777777778,0.1365108924790695,0.0965277777777777,2,54.5,45,64,g1,pre
g1pre,LM,trial_type,time_resolved_trial_response,glm_clean,balanced_accuracy,40,1.6173901792068317,1.0351297146923724,0.26875,0.1365108924790695,0.0965277777777777,2,54.5,45,64,g1,pre
g1pre,LM,trial_type,time_resolved_trial_response,glm_clean,balanced_accuracy,41,1.682085786375105,1.0351297146923724,0.2486111111111111,0.11195857368787,0.0791666666666666,2,54.5,45,64,g1,pre
g1pre,LM,trial_type,time_resolved_trial_response,glm_clean,balanced_accuracy,42,1.7467813935433782,1.0351297146923724,0.2631944444444444,0.1482960054988454,0.1048611111111111,2,54.5,45,64,g1,pre
g1pre,LM,trial_type,time_resolved_trial_response,glm_clean,balanced_accuracy,43,1.8114770007116516,1.0351297146923724,0.2472222222222222,0.1060660171779821,0.075,2,54.5,45,64,g1,pre
g1pre,LM,trial_type,time_resolved_trial_response,glm_clean,balanced_accuracy,44,1.8761726078799248,1.0351297146923724,0.2347222222222222,0.1041018316746861,0.0736111111111111,2,54.5,45,64,g1,pre
g1pre,LM,trial_type,time_resolved_trial_response,glm_clean,balanced_accuracy,45,1.9408682150481984,1.0351297146923724,0.2361111111111111,0.1001734606680942,0.0708333333333333,2,54.5,45,64,g1,pre
g1pre,LM,trial_type,time_resolved_trial_response,glm_clean,balanced_accuracy,46,2.0055638222164713,1.0351297146923724,0.2326388888888889,0.1050839244263341,0.0743055555555555,2,54.5,45,64,g1,pre
g1pre,LM,visual_direction,time_resolved_trial_response,glm_clean,balanced_accuracy,0,-0.9704341075240992,1.0351297146923724,0.4925925925925926,0.0366647960615246,0.0259259259259259,2,54.5,45,64,g1,pre
g1pre,LM,visual_direction,time_resolved_trial_response,glm_clean,balanced_accuracy,1,-0.9057385003558258,1.0351297146923724,0.5046296296296297,0.0013094570021972,0.0009259259259258,2,54.5,45,64,g1,pre
g1pre,LM,visual_direction,time_resolved_trial_response,glm_clean,balanced_accuracy,2,-0.8410428931875525,1.0351297146923724,0.499074074074074,0.0196418550329596,0.0138888888888889,2,54.5,45,64,g1,pre
g1pre,LM,visual_direction,time_resolved_trial_response,glm_clean,balanced_accuracy,3,-0.7763472860192793,1.0351297146923724,0.4824074074074073,0.0039283710065919,0.0027777777777777,2,54.5,45,64,g1,pre
g1pre,LM,visual_direction,time_resolved_trial_response,glm_clean,balanced_accuracy,4,-0.711651678851006,1.0351297146923724,0.5027777777777778,0.0144040270241703,0.0101851851851851,2,54.5,45,64,g1,pre
g1pre,LM,visual_direction,time_resolved_trial_response,glm_clean,balanced_accuracy,5,-0.6469560716827327,1.0351297146923724,0.4888888888888889,0.0104756560175784,0.0074074074074074,2,54.5,45,64,g1,pre
g1pre,LM,visual_direction,time_resolved_trial_response,glm_clean,balanced_accuracy,6,-0.5822604645144595,1.0351297146923724,0.4583333333333333,0.0196418550329596,0.0138888888888888,2,54.5,45,64,g1,pre
g1pre,LM,visual_direction,time_resolved_trial_response,glm_clean,balanced_accuracy,7,-0.5175648573461862,1.0351297146923724,0.5240740740740741,0.0419026240703139,0.0296296296296296,2,54.5,45,64,g1,pre
g1pre,LM,visual_direction,time_resolved_trial_response,glm_clean,balanced_accuracy,8,-0.4528692501779129,1.0351297146923724,0.5083333333333333,0.0013094570021972,0.0009259259259259,2,54.5,45,64,g1,pre
g1pre,LM,visual_direction,time_resolved_trial_response,glm_clean,balanced_accuracy,9,-0.3881736430096396,1.0351297146923724,0.4944444444444444,0.0419026240703139,0.0296296296296296,2,54.5,45,64,g1,pre
g1pre,LM,visual_direction,time_resolved_trial_response,glm_clean,balanced_accuracy,10,-0.3234780358413663,1.0351297146923724,0.4768518518518518,0.0144040270241704,0.0101851851851852,2,54.5,45,64,g1,pre
g1pre,LM,visual_direction,time_resolved_trial_response,glm_clean,balanced_accuracy,11,-0.2587824286730931,1.0351297146923724,0.4824074074074074,0.0144040270241704,0.0101851851851851,2,54.5,45,64,g1,pre
g1pre,LM,visual_direction,time_resolved_trial_response,glm_clean,balanced_accuracy,12,-0.1940868215048198,1.0351297146923724,0.4805555555555555,0.0353553390593273,0.0249999999999999,2,54.5,45,64,g1,pre
g1pre,LM,visual_direction,time_resolved_trial_response,glm_clean,balanced_accuracy,13,-0.1293912143365465,1.0351297146923724,0.4944444444444444,0.0261891400439462,0.0185185185185185,2,54.5,45,64,g1,pre
g1pre,LM,visual_direction,time_resolved_trial_response,glm_clean,balanced_accuracy,14,-0.0646956071682732,1.0351297146923724,0.4629629629629629,0.0026189140043946,0.0018518518518518,2,54.5,45,64,g1,pre
g1pre,LM,visual_direction,time_resolved_trial_response,glm_clean,balanced_accuracy,15,0.0,1.0351297146923724,0.4981481481481481,0.0104756560175784,0.0074074074074074,2,54.5,45,64,g1,pre
g1pre,LM,visual_direction,time_resolved_trial_response,glm_clean,balanced_accuracy,16,0.0646956071682732,1.0351297146923724,0.4972222222222222,0.0458309950769058,0.0324074074074073,2,54.5,45,64,g1,pre
g1pre,LM,visual_direction,time_resolved_trial_response,glm_clean,balanced_accuracy,17,0.1293912143365465,1.0351297146923724,0.5055555555555555,0.0340458820571299,0.024074074074074,2,54.5,45,64,g1,pre
g1pre,LM,visual_direction,time_resolved_trial_response,glm_clean,balanced_accuracy,18,0.1940868215048198,1.0351297146923724,0.4944444444444444,0.0366647960615246,0.0259259259259258,2,54.5,45,64,g1,pre
g1pre,LM,visual_direction,time_resolved_trial_response,glm_clean,balanced_accuracy,19,0.2587824286730931,1.0351297146923724,0.5620370370370371,0.0327364250549326,0.023148148148148,2,54.5,45,64,g1,pre
g1pre,LM,visual_direction,time_resolved_trial_response,glm_clean,balanced_accuracy,20,0.3234780358413663,1.0351297146923724,0.5990740740740741,0.1872523513142154,0.1324074074074074,2,54.5,45,64,g1,pre
g1pre,LM,visual_direction,time_resolved_trial_response,glm_clean,balanced_accuracy,21,0.3881736430096396,1.0351297146923724,0.6453703703703704,0.1924901793230045,0.136111111111111,2,54.5,45,64,g1,pre
g1pre,LM,visual_direction,time_resolved_trial_response,glm_clean,balanced_accuracy,22,0.4528692501779129,1.0351297146923724,0.6564814814814814,0.2317738893889237,0.1638888888888887,2,54.5,45,64,g1,pre
g1pre,LM,visual_direction,time_resolved_trial_response,glm_clean,balanced_accuracy,23,0.5175648573461862,1.0351297146923724,0.6898148148148147,0.2501062874196863,0.1768518518518519,2,54.5,45,64,g1,pre
g1pre,LM,visual_direction,time_resolved_trial_response,glm_clean,balanced_accuracy,24,0.5822604645144595,1.0351297146923724,0.7212962962962963,0.2317738893889237,0.1638888888888887,2,54.5,45,64,g1,pre
g1pre,LM,visual_direction,time_resolved_trial_response,glm_clean,balanced_accuracy,25,0.6469560716827327,1.0351297146923724,0.7212962962962963,0.244868459410897,0.1731481481481481,2,54.5,45,64,g1,pre
g1pre,LM,visual_direction,time_resolved_trial_response,glm_clean,balanced_accuracy,26,0.711651678851006,1.0351297146923724,0.7268518518518519,0.2212982333713452,0.1564814814814813,2,54.5,45,64,g1,pre
g1pre,LM,visual_direction,time_resolved_trial_response,glm_clean,balanced_accuracy,27,0.7763472860192793,1.0351297146923724,0.7324074074074074,0.1846334373098207,0.1305555555555555,2,54.5,45,64,g1,pre
g1pre,LM,visual_direction,time_resolved_trial_response,glm_clean,balanced_accuracy,28,0.8410428931875525,1.0351297146923724,0.7055555555555556,0.2330833463911212,0.1648148148148148,2,54.5,45,64,g1,pre
g1pre,LM,visual_direction,time_resolved_trial_response,glm_clean,balanced_accuracy,29,0.9057385003558258,1.0351297146923724,0.7222222222222223,0.2199887763691481,0.1555555555555555,2,54.5,45,64,g1,pre
g1pre,LM,visual_direction,time_resolved_trial_response,glm_clean,balanced_accuracy,30,0.9704341075240992,1.0351297146923724,0.7240740740740741,0.2068942063471751,0.1462962962962963,2,54.5,45,64,g1,pre
g1pre,LM,visual_direction,time_resolved_trial_response,glm_clean,balanced_accuracy,31,1.0351297146923724,1.0351297146923724,0.7277777777777777,0.2068942063471749,0.1462962962962962,2,54.5,45,64,g1,pre
g1pre,LM,visual_direction,time_resolved_trial_response,glm_clean,balanced_accuracy,32,1.0998253218606455,1.0351297146923724,0.7648148148148148,0.1911807223208073,0.1351851851851852,2,54.5,45,64,g1,pre
g1pre,LM,visual_direction,time_resolved_trial_response,glm_clean,balanced_accuracy,33,1.164520929028919,1.0351297146923724,0.7435185185185185,0.1505875552526906,0.1064814814814814,2,54.5,45,64,g1,pre
g1pre,LM,visual_direction,time_resolved_trial_response,glm_clean,balanced_accuracy,34,1.229216536197192,1.0351297146923724,0.7231481481481481,0.1820145233054261,0.1287037037037037,2,54.5,45,64,g1,pre
g1pre,LM,visual_direction,time_resolved_trial_response,glm_clean,balanced_accuracy,35,1.2939121433654657,1.0351297146923724,0.7083333333333333,0.1846334373098208,0.1305555555555556,2,54.5,45,64,g1,pre
g1pre,LM,visual_direction,time_resolved_trial_response,glm_clean,balanced_accuracy,36,1.3586077505337386,1.0351297146923724,0.7546296296296295,0.1767766952966369,0.125,2,54.5,45,64,g1,pre
g1pre,LM,visual_direction,time_resolved_trial_response,glm_clean,balanced_accuracy,37,1.423303357702012,1.0351297146923724,0.7361111111111112,0.1532064692570852,0.1083333333333332,2,54.5,45,64,g1,pre
g1pre,LM,visual_direction,time_resolved_trial_response,glm_clean,balanced_accuracy,38,1.4879989648702852,1.0351297146923724,0.7388888888888889,0.1754672382944394,0.124074074074074,2,54.5,45,64,g1,pre
g1pre,LM,visual_direction,time_resolved_trial_response,glm_clean,balanced_accuracy,39,1.5526945720385583,1.0351297146923724,0.7537037037037035,0.1676104962812557,0.1185185185185185,2,54.5,45,64,g1,pre
g1pre,LM,visual_direction,time_resolved_trial_response,glm_clean,balanced_accuracy,40,1.6173901792068317,1.0351297146923724,0.7268518518518519,0.182014523305426,0.1287037037037036,2,54.5,45,64,g1,pre
g1pre,LM,visual_direction,time_resolved_trial_response,glm_clean,balanced_accuracy,41,1.682085786375105,1.0351297146923724,0.7379629629629629,0.1715388672878475,0.1212962962962962,2,54.5,45,64,g1,pre
g1pre,LM,visual_direction,time_resolved_trial_response,glm_clean,balanced_accuracy,42,1.7467813935433782,1.0351297146923724,0.7351851851851852,0.1466591842460987,0.1037037037037037,2,54.5,45,64,g1,pre
g1pre,LM,visual_direction,time_resolved_trial_response,glm_clean,balanced_accuracy,43,1.8114770007116516,1.0351297146923724,0.7250000000000001,0.1610632112702691,0.1138888888888888,2,54.5,45,64,g1,pre
g1pre,LM,visual_direction,time_resolved_trial_response,glm_clean,balanced_accuracy,44,1.8761726078799248,1.0351297146923724,0.7268518518518519,0.1715388672878478,0.1212962962962964,2,54.5,45,64,g1,pre
g1pre,LM,visual_direction,time_resolved_trial_response,glm_clean,balanced_accuracy,45,1.9408682150481984,1.0351297146923724,0.7064814814814815,0.15582538326148,0.1101851851851852,2,54.5,45,64,g1,pre
g1pre,LM,visual_direction,time_resolved_trial_response,glm_clean,balanced_accuracy,46,2.0055638222164713,1.0351297146923724,0.6981481481481482,0.1545159262592826,0.1092592592592592,2,54.5,45,64,g1,pre
g1pre,V1,auditory_direction,time_resolved_trial_response,glm_clean,balanced_accuracy,0,-0.9704341075240992,1.0351297146923724,0.5059259259259259,0.0222376489663378,0.0099449789497018,5,269.6,146,397,g1,pre
g1pre,V1,auditory_direction,time_resolved_trial_response,glm_clean,balanced_accuracy,1,-0.9057385003558258,1.0351297146923724,0.5018518518518519,0.0187485710475154,0.0083846158686457,5,269.6,146,397,g1,pre
g1pre,V1,auditory_direction,time_resolved_trial_response,glm_clean,balanced_accuracy,2,-0.8410428931875525,1.0351297146923724,0.48,0.0275422110260418,0.0123172512209747,5,269.6,146,397,g1,pre
g1pre,V1,auditory_direction,time_resolved_trial_response,glm_clean,balanced_accuracy,3,-0.7763472860192793,1.0351297146923724,0.4918518518518519,0.0459915898556307,0.020568064262096,5,269.6,146,397,g1,pre
g1pre,V1,auditory_direction,time_resolved_trial_response,glm_clean,balanced_accuracy,4,-0.711651678851006,1.0351297146923724,0.5059259259259259,0.0214926535443765,0.0096118068684155,5,269.6,146,397,g1,pre
g1pre,V1,auditory_direction,time_resolved_trial_response,glm_clean,balanced_accuracy,5,-0.6469560716827327,1.0351297146923724,0.5037037037037038,0.0332560833260517,0.0148725725964898,5,269.6,146,397,g1,pre
g1pre,V1,auditory_direction,time_resolved_trial_response,glm_clean,balanced_accuracy,6,-0.5822604645144595,1.0351297146923724,0.5185185185185185,0.0273736027761008,0.0122418473192877,5,269.6,146,397,g1,pre
g1pre,V1,auditory_direction,time_resolved_trial_response,glm_clean,balanced_accuracy,7,-0.5175648573461862,1.0351297146923724,0.5025925925925926,0.0259126950366101,0.0115885095164163,5,269.6,146,397,g1,pre
g1pre,V1,auditory_direction,time_resolved_trial_response,glm_clean,balanced_accuracy,8,-0.4528692501779129,1.0351297146923724,0.5092592592592593,0.0313176565283106,0.0140056817786585,5,269.6,146,397,g1,pre
g1pre,V1,auditory_direction,time_resolved_trial_response,glm_clean,balanced_accuracy,9,-0.3881736430096396,1.0351297146923724,0.5055555555555555,0.0207869854820774,0.0092962225170452,5,269.6,146,397,g1,pre
g1pre,V1,auditory_direction,time_resolved_trial_response,glm_clean,balanced_accuracy,10,-0.3234780358413663,1.0351297146923724,0.4937037037037036,0.015854707254077,0.007090440636695,5,269.6,146,397,g1,pre
g1pre,V1,auditory_direction,time_resolved_trial_response,glm_clean,balanced_accuracy,11,-0.2587824286730931,1.0351297146923724,0.4981481481481481,0.0424110462614769,0.0189667964875101,5,269.6,146,397,g1,pre
g1pre,V1,auditory_direction,time_resolved_trial_response,glm_clean,balanced_accuracy,12,-0.1940868215048198,1.0351297146923724,0.4848148148148148,0.0164283371231236,0.0073469757129175,5,269.6,146,397,g1,pre
g1pre,V1,auditory_direction,time_resolved_trial_response,glm_clean,balanced_accuracy,13,-0.1293912143365465,1.0351297146923724,0.497037037037037,0.0266306340922185,0.0119095816228248,5,269.6,146,397,g1,pre
g1pre,V1,auditory_direction,time_resolved_trial_response,glm_clean,balanced_accuracy,14,-0.0646956071682732,1.0351297146923724,0.5014814814814815,0.0033126932999997,0.0014814814814814,5,269.6,146,397,g1,pre
g1pre,V1,auditory_direction,time_resolved_trial_response,glm_clean,balanced_accuracy,15,0.0,1.0351297146923724,0.5055555555555555,0.0124225998749988,0.0055555555555555,5,269.6,146,397,g1,pre
g1pre,V1,auditory_direction,time_resolved_trial_response,glm_clean,balanced_accuracy,16,0.0646956071682732,1.0351297146923724,0.5103703703703705,0.0251742895821725,0.0112582845582005,5,269.6,146,397,g1,pre
g1pre,V1,auditory_direction,time_resolved_trial_response,glm_clean,balanced_accuracy,17,0.1293912143365465,1.0351297146923724,0.4929629629629629,0.0290274455058069,0.012981468272831,5,269.6,146,397,g1,pre
g1pre,V1,auditory_direction,time_resolved_trial_response,glm_clean,balanced_accuracy,18,0.1940868215048198,1.0351297146923724,0.5092592592592593,0.0414914009303853,0.0185555185924079,5,269.6,146,397,g1,pre
g1pre,V1,auditory_direction,time_resolved_trial_response,glm_clean,balanced_accuracy,19,0.2587824286730931,1.0351297146923724,0.4892592592592592,0.0301573377567737,0.0134867714489134,5,269.6,146,397,g1,pre
g1pre,V1,auditory_direction,time_resolved_trial_response,glm_clean,balanced_accuracy,20,0.3234780358413663,1.0351297146923724,0.5274074074074073,0.0418903461121257,0.0187339323015414,5,269.6,146,397,g1,pre
g1pre,V1,auditory_direction,time_resolved_trial_response,glm_clean,balanced_accuracy,21,0.3881736430096396,1.0351297146923724,0.5270370370370371,0.0483719868143497,0.0216326101447219,5,269.6,146,397,g1,pre
g1pre,V1,auditory_direction,time_resolved_trial_response,glm_clean,balanced_accuracy,22,0.4528692501779129,1.0351297146923724,0.5485185185185186,0.0612988138679588,0.0274136629497725,5,269.6,146,397,g1,pre
g1pre,V1,auditory_direction,time_resolved_trial_response,glm_clean,balanced_accuracy,23,0.5175648573461862,1.0351297146923724,0.5314814814814814,0.0406564785187039,0.0181821299387164,5,269.6,146,397,g1,pre
g1pre,V1,auditory_direction,time_resolved_trial_response,glm_clean,balanced_accuracy,24,0.5822604645144595,1.0351297146923724,0.5244444444444445,0.0377795932751851,0.0168955477451215,5,269.6,146,397,g1,pre
g1pre,V1,auditory_direction,time_resolved_trial_response,glm_clean,balanced_accuracy,25,0.6469560716827327,1.0351297146923724,0.5377777777777778,0.0490233840230349,0.0219239238325166,5,269.6,146,397,g1,pre
g1pre,V1,auditory_direction,time_resolved_trial_response,glm_clean,balanced_accuracy,26,0.711651678851006,1.0351297146923724,0.5448148148148149,0.0320054436384902,0.0143132695251404,5,269.6,146,397,g1,pre
g1pre,V1,auditory_direction,time_resolved_trial_response,glm_clean,balanced_accuracy,27,0.7763472860192793,1.0351297146923724,0.5511111111111111,0.0531355643897552,0.0237629467996619,5,269.6,146,397,g1,pre
g1pre,V1,auditory_direction,time_resolved_trial_response,glm_clean,balanced_accuracy,28,0.8410428931875525,1.0351297146923724,0.5144444444444444,0.0547691251023045,0.0244934973593885,5,269.6,146,397,g1,pre
g1pre,V1,auditory_direction,time_resolved_trial_response,glm_clean,balanced_accuracy,29,0.9057385003558258,1.0351297146923724,0.5640740740740741,0.0591231074803619,0.0264406574734231,5,269.6,146,397,g1,pre
g1pre,V1,auditory_direction,time_resolved_trial_response,glm_clean,balanced_accuracy,30,0.9704341075240992,1.0351297146923724,0.5422222222222223,0.0402197325469153,0.0179868112023527,5,269.6,146,397,g1,pre
g1pre,V1,auditory_direction,time_resolved_trial_response,glm_clean,balanced_accuracy,31,1.0351297146923724,1.0351297146923724,0.5451851851851852,0.0662875020030978,0.029644672107516,5,269.6,146,397,g1,pre
g1pre,V1,auditory_direction,time_resolved_trial_response,glm_clean,balanced_accuracy,32,1.0998253218606455,1.0351297146923724,0.532962962962963,0.0501609207433602,0.0224326457192265,5,269.6,146,397,g1,pre
g1pre,V1,auditory_direction,time_resolved_trial_response,glm_clean,balanced_accuracy,33,1.164520929028919,1.0351297146923724,0.535925925925926,0.0404365750043146,0.0180837860973832,5,269.6,146,397,g1,pre
g1pre,V1,auditory_direction,time_resolved_trial_response,glm_clean,balanced_accuracy,34,1.229216536197192,1.0351297146923724,0.5418518518518519,0.0421189445139411,0.0188361646147428,5,269.6,146,397,g1,pre
g1pre,V1,auditory_direction,time_resolved_trial_response,glm_clean,balanced_accuracy,35,1.2939121433654657,1.0351297146923724,0.5277777777777778,0.0474305499069099,0.0212115867604093,5,269.6,146,397,g1,pre
g1pre,V1,auditory_direction,time_resolved_trial_response,glm_clean,balanced_accuracy,36,1.3586077505337386,1.0351297146923724,0.5074074074074073,0.0586046014757283,0.0262087745388026,5,269.6,146,397,g1,pre
g1pre,V1,auditory_direction,time_resolved_trial_response,glm_clean,balanced_accuracy,37,1.423303357702012,1.0351297146923724,0.5277777777777778,0.0397177973880133,0.0177623389752323,5,269.6,146,397,g1,pre
g1pre,V1,auditory_direction,time_resolved_trial_response,glm_clean,balanced_accuracy,38,1.4879989648702852,1.0351297146923724,0.5325925925925926,0.0253439981883304,0.0113341805541476,5,269.6,146,397,g1,pre
g1pre,V1,auditory_direction,time_resolved_trial_response,glm_clean,balanced_accuracy,39,1.5526945720385583,1.0351297146923724,0.5222222222222223,0.0340710546166186,0.0152370388375734,5,269.6,146,397,g1,pre
g1pre,V1,auditory_direction,time_resolved_trial_response,glm_clean,balanced_accuracy,40,1.6173901792068317,1.0351297146923724,0.5199999999999999,0.0220440387258562,0.0098583938179304,5,269.6,146,397,g1,pre
g1pre,V1,auditory_direction,time_resolved_trial_response,glm_clean,balanced_accuracy,41,1.682085786375105,1.0351297146923724,0.5318518518518519,0.0353892716610111,0.0158265634216455,5,269.6,146,397,g1,pre
g1pre,V1,auditory_direction,time_resolved_trial_response,glm_clean,balanced_accuracy,42,1.7467813935433782,1.0351297146923724,0.5333333333333334,0.0295136619453874,0.013198910874967,5,269.6,146,397,g1,pre
g1pre,V1,auditory_direction,time_resolved_trial_response,glm_clean,balanced_accuracy,43,1.8114770007116516,1.0351297146923724,0.5196296296296297,0.0607819417627015,0.0271825107171668,5,269.6,146,397,g1,pre
g1pre,V1,auditory_direction,time_resolved_trial_response,glm_clean,balanced_accuracy,44,1.8761726078799248,1.0351297146923724,0.5129629629629628,0.0377932067258491,0.0169016358653401,5,269.6,146,397,g1,pre
g1pre,V1,auditory_direction,time_resolved_trial_response,glm_clean,balanced_accuracy,45,1.9408682150481984,1.0351297146923724,0.5288888888888889,0.0310316445417087,0.0138777733297742,5,269.6,146,397,g1,pre
g1pre,V1,auditory_direction,time_resolved_trial_response,glm_clean,balanced_accuracy,46,2.0055638222164713,1.0351297146923724,0.5062962962962962,0.0446100310433034,0.0199502123782404,5,269.6,146,397,g1,pre
g1pre,V1,congruency,time_resolved_trial_response,glm_clean,balanced_accuracy,0,-0.9704341075240992,1.0351297146923724,0.4811111111111111,0.0308945838075539,0.0138164779060509,5,269.6,146,397,g1,pre
g1pre,V1,congruency,time_resolved_trial_response,glm_clean,balanced_accuracy,1,-0.9057385003558258,1.0351297146923724,0.4855555555555556,0.0272448885227538,0.0121842845552562,5,269.6,146,397,g1,pre
g1pre,V1,congruency,time_resolved_trial_response,glm_clean,balanced_accuracy,2,-0.8410428931875525,1.0351297146923724,0.5216666666666667,0.0136648598624987,0.0061111111111111,5,269.6,146,397,g1,pre
g1pre,V1,congruency,time_resolved_trial_response,glm_clean,balanced_accuracy,3,-0.7763472860192793,1.0351297146923724,0.5044444444444445,0.0363560071963253,0.0162589006962909,5,269.6,146,397,g1,pre
g1pre,V1,congruency,time_resolved_trial_response,glm_clean,balanced_accuracy,4,-0.711651678851006,1.0351297146923724,0.5011111111111111,0.0182785376404023,0.0081744105386456,5,269.6,146,397,g1,pre
g1pre,V1,congruency,time_resolved_trial_response,glm_clean,balanced_accuracy,5,-0.6469560716827327,1.0351297146923724,0.5083333333333333,0.0626387349098871,0.0280128938566193,5,269.6,146,397,g1,pre
g1pre,V1,congruency,time_resolved_trial_response,glm_clean,balanced_accuracy,6,-0.5822604645144595,1.0351297146923724,0.5166666666666666,0.0477503151046419,0.0213545901042028,5,269.6,146,397,g1,pre
g1pre,V1,congruency,time_resolved_trial_response,glm_clean,balanced_accuracy,7,-0.5175648573461862,1.0351297146923724,0.5122222222222222,0.0177430215807459,0.0079349204761587,5,269.6,146,397,g1,pre
g1pre,V1,congruency,time_resolved_trial_response,glm_clean,balanced_accuracy,8,-0.4528692501779129,1.0351297146923724,0.5127777777777778,0.0574536850508818,0.025694069066327,5,269.6,146,397,g1,pre
g1pre,V1,congruency,time_resolved_trial_response,glm_clean,balanced_accuracy,9,-0.3881736430096396,1.0351297146923724,0.5055555555555555,0.0333911535560314,0.014932977839684,5,269.6,146,397,g1,pre
g1pre,V1,congruency,time_resolved_trial_response,glm_clean,balanced_accuracy,10,-0.3234780358413663,1.0351297146923724,0.4755555555555555,0.0233564700106421,0.0104453309316461,5,269.6,146,397,g1,pre
g1pre,V1,congruency,time_resolved_trial_response,glm_clean,balanced_accuracy,11,-0.2587824286730931,1.0351297146923724,0.4894444444444444,0.0452786298488332,0.0202492188540084,5,269.6,146,397,g1,pre
g1pre,V1,congruency,time_resolved_trial_response,glm_clean,balanced_accuracy,12,-0.1940868215048198,1.0351297146923724,0.495,0.0243273711620125,0.0108795311264256,5,269.6,146,397,g1,pre
g1pre,V1,congruency,time_resolved_trial_response,glm_clean,balanced_accuracy,13,-0.1293912143365465,1.0351297146923724,0.5061111111111111,0.031877950117655,0.0142562526892848,5,269.6,146,397,g1,pre
g1pre,V1,congruency,time_resolved_trial_response,glm_clean,balanced_accuracy,14,-0.0646956071682732,1.0351297146923724,0.51,0.0346165057326097,0.0154809719923253,5,269.6,146,397,g1,pre
g1pre,V1,congruency,time_resolved_trial_response,glm_clean,balanced_accuracy,15,0.0,1.0351297146923724,0.5177777777777778,0.036514837167011,0.0163299316185545,5,269.6,146,397,g1,pre
g1pre,V1,congruency,time_resolved_trial_response,glm_clean,balanced_accuracy,16,0.0646956071682732,1.0351297146923724,0.4833333333333334,0.0504225968351981,0.0225496708251137,5,269.6,146,397,g1,pre
g1pre,V1,congruency,time_resolved_trial_response,glm_clean,balanced_accuracy,17,0.1293912143365465,1.0351297146923724,0.4994444444444444,0.0323584285964966,0.0144711291973679,5,269.6,146,397,g1,pre
g1pre,V1,congruency,time_resolved_trial_response,glm_clean,balanced_accuracy,18,0.1940868215048198,1.0351297146923724,0.5305555555555557,0.0241363155513649,0.0107940884598474,5,269.6,146,397,g1,pre
g1pre,V1,congruency,time_resolved_trial_response,glm_clean,balanced_accuracy,19,0.2587824286730931,1.0351297146923724,0.5105555555555557,0.025260983431977,0.0112970552264793,5,269.6,146,397,g1,pre
g1pre,V1,congruency,time_resolved_trial_response,glm_clean,balanced_accuracy,20,0.3234780358413663,1.0351297146923724,0.5166666666666667,0.0361644904619209,0.0161732518088996,5,269.6,146,397,g1,pre
g1pre,V1,congruency,time_resolved_trial_response,glm_clean,balanced_accuracy,21,0.3881736430096396,1.0351297146923724,0.5011111111111111,0.0356054337648096,0.0159232340532961,5,269.6,146,397,g1,pre
g1pre,V1,congruency,time_resolved_trial_response,glm_clean,balanced_accuracy,22,0.4528692501779129,1.0351297146923724,0.478888888888889,0.0489708908245311,0.0219004481604744,5,269.6,146,397,g1,pre
g1pre,V1,congruency,time_resolved_trial_response,glm_clean,balanced_accuracy,23,0.5175648573461862,1.0351297146923724,0.4955555555555556,0.0296325230068768,0.0132520671576406,5,269.6,146,397,g1,pre
g1pre,V1,congruency,time_resolved_trial_response,glm_clean,balanced_accuracy,24,0.5822604645144595,1.0351297146923724,0.4705555555555555,0.0258049425833191,0.0115403211543561,5,269.6,146,397,g1,pre
g1pre,V1,congruency,time_resolved_trial_response,glm_clean,balanced_accuracy,25,0.6469560716827327,1.0351297146923724,0.5105555555555555,0.0241682630379513,0.0108083758101909,5,269.6,146,397,g1,pre
g1pre,V1,congruency,time_resolved_trial_response,glm_clean,balanced_accuracy,26,0.711651678851006,1.0351297146923724,0.51,0.0433279911236929,0.0193768666962169,5,269.6,146,397,g1,pre
g1pre,V1,congruency,time_resolved_trial_response,glm_clean,balanced_accuracy,27,0.7763472860192793,1.0351297146923724,0.518888888888889,0.0251077923077259,0.0112285460730043,5,269.6,146,397,g1,pre
g1pre,V1,congruency,time_resolved_trial_response,glm_clean,balanced_accuracy,28,0.8410428931875525,1.0351297146923724,0.52,0.0349933856183856,0.0156495178011147,5,269.6,146,397,g1,pre
g1pre,V1,congruency,time_resolved_trial_response,glm_clean,balanced_accuracy,29,0.9057385003558258,1.0351297146923724,0.5011111111111111,0.0275406545732121,0.0123165551541085,5,269.6,146,397,g1,pre
g1pre,V1,congruency,time_resolved_trial_response,glm_clean,balanced_accuracy,30,0.9704341075240992,1.0351297146923724,0.5,0.0444444444444444,0.0198761597999981,5,269.6,146,397,g1,pre
g1pre,V1,congruency,time_resolved_trial_response,glm_clean,balanced_accuracy,31,1.0351297146923724,1.0351297146923724,0.51,0.0154160410283462,0.0068942631366616,5,269.6,146,397,g1,pre
g1pre,V1,congruency,time_resolved_trial_response,glm_clean,balanced_accuracy,32,1.0998253218606455,1.0351297146923724,0.4977777777777777,0.027666443551086,0.0123728096951778,5,269.6,146,397,g1,pre
g1pre,V1,congruency,time_resolved_trial_response,glm_clean,balanced_accuracy,33,1.164520929028919,1.0351297146923724,0.4950000000000001,0.0447213595499958,0.02,5,269.6,146,397,g1,pre
g1pre,V1,congruency,time_resolved_trial_response,glm_clean,balanced_accuracy,34,1.229216536197192,1.0351297146923724,0.4961111111111111,0.0190029237516522,0.0084983658559879,5,269.6,146,397,g1,pre
g1pre,V1,congruency,time_resolved_trial_response,glm_clean,balanced_accuracy,35,1.2939121433654657,1.0351297146923724,0.4922222222222222,0.0293578390902563,0.0131292247756627,5,269.6,146,397,g1,pre
g1pre,V1,congruency,time_resolved_trial_response,glm_clean,balanced_accuracy,36,1.3586077505337386,1.0351297146923724,0.5122222222222221,0.0411355032742961,0.0183963563219982,5,269.6,146,397,g1,pre
g1pre,V1,congruency,time_resolved_trial_response,glm_clean,balanced_accuracy,37,1.423303357702012,1.0351297146923724,0.4866666666666667,0.0344936923917231,0.015426048196572,5,269.6,146,397,g1,pre
g1pre,V1,congruency,time_resolved_trial_response,glm_clean,balanced_accuracy,38,1.4879989648702852,1.0351297146923724,0.5005555555555555,0.0278748304540047,0.0124660031512871,5,269.6,146,397,g1,pre
g1pre,V1,congruency,time_resolved_trial_response,glm_clean,balanced_accuracy,39,1.5526945720385583,1.0351297146923724,0.5127777777777778,0.0185924450340905,0.0083147941928309,5,269.6,146,397,g1,pre
g1pre,V1,congruency,time_resolved_trial_response,glm_clean,balanced_accuracy,40,1.6173901792068317,1.0351297146923724,0.5094444444444444,0.053489355119604,0.0239211668240122,5,269.6,146,397,g1,pre
g1pre,V1,congruency,time_resolved_trial_response,glm_clean,balanced_accuracy,41,1.682085786375105,1.0351297146923724,0.4988888888888889,0.0343367492008053,0.0153558610678724,5,269.6,146,397,g1,pre
g1pre,V1,congruency,time_resolved_trial_response,glm_clean,balanced_accuracy,42,1.7467813935433782,1.0351297146923724,0.5088888888888888,0.0344936923917231,0.015426048196572,5,269.6,146,397,g1,pre
g1pre,V1,congruency,time_resolved_trial_response,glm_clean,balanced_accuracy,43,1.8114770007116516,1.0351297146923724,0.486111111111111,0.0293972367896065,0.0131468439624435,5,269.6,146,397,g1,pre
g1pre,V1,congruency,time_resolved_trial_response,glm_clean,balanced_accuracy,44,1.8761726078799248,1.0351297146923724,0.4816666666666666,0.0592064289969248,0.0264779199884277,5,269.6,146,397,g1,pre
g1pre,V1,congruency,time_resolved_trial_response,glm_clean,balanced_accuracy,45,1.9408682150481984,1.0351297146923724,0.4855555555555556,0.0324774375623644,0.0145243516248904,5,269.6,146,397,g1,pre
g1pre,V1,congruency,time_resolved_trial_response,glm_clean,balanced_accuracy,46,2.0055638222164713,1.0351297146923724,0.4783333333333333,0.0405117724088159,0.0181174153990225,5,269.6,146,397,g1,pre
g1pre,V1,modality,time_resolved_trial_response,glm_clean,balanced_accuracy,0,-0.9704341075240992,1.0351297146923724,0.3403703703703704,0.023891759804521,0.0106847198050012,5,269.6,146,397,g1,pre
g1pre,V1,modality,time_resolved_trial_response,glm_clean,balanced_accuracy,1,-0.9057385003558258,1.0351297146923724,0.3324074074074074,0.0158222291579954,0.0070759159905714,5,269.6,146,397,g1,pre
g1pre,V1,modality,time_resolved_trial_response,glm_clean,balanced_accuracy,2,-0.8410428931875525,1.0351297146923724,0.3390740740740741,0.0227597037596348,0.0101784489508602,5,269.6,146,397,g1,pre
g1pre,V1,modality,time_resolved_trial_response,glm_clean,balanced_accuracy,3,-0.7763472860192793,1.0351297146923724,0.3412962962962963,0.0270157831225176,0.0120818255054681,5,269.6,146,397,g1,pre
g1pre,V1,modality,time_resolved_trial_response,glm_clean,balanced_accuracy,4,-0.711651678851006,1.0351297146923724,0.3299999999999999,0.0127730801885617,0.0057122951167359,5,269.6,146,397,g1,pre
g1pre,V1,modality,time_resolved_trial_response,glm_clean,balanced_accuracy,5,-0.6469560716827327,1.0351297146923724,0.3307407407407407,0.0232350221679264,0.0103910178052396,5,269.6,146,397,g1,pre
g1pre,V1,modality,time_resolved_trial_response,glm_clean,balanced_accuracy,6,-0.5822604645144595,1.0351297146923724,0.3264814814814815,0.0401076654585159,0.0179366932768124,5,269.6,146,397,g1,pre
g1pre,V1,modality,time_resolved_trial_response,glm_clean,balanced_accuracy,7,-0.5175648573461862,1.0351297146923724,0.3335185185185185,0.0253693565626042,0.0113455211638826,5,269.6,146,397,g1,pre
g1pre,V1,modality,time_resolved_trial_response,glm_clean,balanced_accuracy,8,-0.4528692501779129,1.0351297146923724,0.3399999999999999,0.0235192475827503,0.0105181272749354,5,269.6,146,397,g1,pre
g1pre,V1,modality,time_resolved_trial_response,glm_clean,balanced_accuracy,9,-0.3881736430096396,1.0351297146923724,0.3462962962962962,0.0157679503388207,0.0070516417646888,5,269.6,146,397,g1,pre
g1pre,V1,modality,time_resolved_trial_response,glm_clean,balanced_accuracy,10,-0.3234780358413663,1.0351297146923724,0.3357407407407407,0.0223338246982369,0.0099879900445643,5,269.6,146,397,g1,pre
g1pre,V1,modality,time_resolved_trial_response,glm_clean,balanced_accuracy,11,-0.2587824286730931,1.0351297146923724,0.3222222222222222,0.0116571095481612,0.00521321787417,5,269.6,146,397,g1,pre
g1pre,V1,modality,time_resolved_trial_response,glm_clean,balanced_accuracy,12,-0.1940868215048198,1.0351297146923724,0.3427777777777777,0.0082661904150613,0.0036967527366068,5,269.6,146,397,g1,pre
g1pre,V1,modality,time_resolved_trial_response,glm_clean,balanced_accuracy,13,-0.1293912143365465,1.0351297146923724,0.3403703703703703,0.0203345644908257,0.0090938936988679,5,269.6,146,397,g1,pre
g1pre,V1,modality,time_resolved_trial_response,glm_clean,balanced_accuracy,14,-0.0646956071682732,1.0351297146923724,0.3337037037037037,0.0249364762218899,0.0111519311902906,5,269.6,146,397,g1,pre
g1pre,V1,modality,time_resolved_trial_response,glm_clean,balanced_accuracy,15,0.0,1.0351297146923724,0.3362962962962963,0.0094743535128047,0.004237059699499,5,269.6,146,397,g1,pre
g1pre,V1,modality,time_resolved_trial_response,glm_clean,balanced_accuracy,16,0.0646956071682732,1.0351297146923724,0.3390740740740741,0.0165038341972366,0.0073807390308813,5,269.6,146,397,g1,pre
g1pre,V1,modality,time_resolved_trial_response,glm_clean,balanced_accuracy,17,0.1293912143365465,1.0351297146923724,0.3253703703703704,0.0269204105615255,0.0120391735995548,5,269.6,146,397,g1,pre
g1pre,V1,modality,time_resolved_trial_response,glm_clean,balanced_accuracy,18,0.1940868215048198,1.0351297146923724,0.3757407407407407,0.0457673486861683,0.0204677805624416,5,269.6,146,397,g1,pre
g1pre,V1,modality,time_resolved_trial_response,glm_clean,balanced_accuracy,19,0.2587824286730931,1.0351297146923724,0.4664814814814814,0.0732810560016998,0.0327722845365539,5,269.6,146,397,g1,pre
g1pre,V1,modality,time_resolved_trial_response,glm_clean,balanced_accuracy,20,0.3234780358413663,1.0351297146923724,0.4937037037037036,0.1172720916681584,0.0524456737667178,5,269.6,146,397,g1,pre
g1pre,V1,modality,time_resolved_trial_response,glm_clean,balanced_accuracy,21,0.3881736430096396,1.0351297146923724,0.5409259259259259,0.1402776249846374,0.0627340610375744,5,269.6,146,397,g1,pre
g1pre,V1,modality,time_resolved_trial_response,glm_clean,balanced_accuracy,22,0.4528692501779129,1.0351297146923724,0.5316666666666666,0.1662641744939799,0.0743555992782851,5,269.6,146,397,g1,pre
g1pre,V1,modality,time_resolved_trial_response,glm_clean,balanced_accuracy,23,0.5175648573461862,1.0351297146923724,0.5557407407407406,0.1810266882687999,0.08095759614214,5,269.6,146,397,g1,pre
g1pre,V1,modality,time_resolved_trial_response,glm_clean,balanced_accuracy,24,0.5822604645144595,1.0351297146923724,0.5588888888888889,0.1743172060933516,0.0779570244945149,5,269.6,146,397,g1,pre
g1pre,V1,modality,time_resolved_trial_response,glm_clean,balanced_accuracy,25,0.6469560716827327,1.0351297146923724,0.562037037037037,0.1607421808264557,0.0718860886359036,5,269.6,146,397,g1,pre
g1pre,V1,modality,time_resolved_trial_response,glm_clean,balanced_accuracy,26,0.711651678851006,1.0351297146923724,0.5720370370370371,0.1825582192873147,0.0816425176355498,5,269.6,146,397,g1,pre
g1pre,V1,modality,time_resolved_trial_response,glm_clean,balanced_accuracy,27,0.7763472860192793,1.0351297146923724,0.5888888888888889,0.1933667223190472,0.086476227138343,5,269.6,146,397,g1,pre
g1pre,V1,modality,time_resolved_trial_response,glm_clean,balanced_accuracy,28,0.8410428931875525,1.0351297146923724,0.5955555555555556,0.1861749015424333,0.0832599471106422,5,269.6,146,397,g1,pre
g1pre,V1,modality,time_resolved_trial_response,glm_clean,balanced_accuracy,29,0.9057385003558258,1.0351297146923724,0.5846296296296296,0.1875195463062813,0.0838612905301529,5,269.6,146,397,g1,pre
g1pre,V1,modality,time_resolved_trial_response,glm_clean,balanced_accuracy,30,0.9704341075240992,1.0351297146923724,0.5946296296296296,0.1948589057274248,0.0871435518455489,5,269.6,146,397,g1,pre
g1pre,V1,modality,time_resolved_trial_response,glm_clean,balanced_accuracy,31,1.0351297146923724,1.0351297146923724,0.5987037037037037,0.2004876599276492,0.0896608072496168,5,269.6,146,397,g1,pre
g1pre,V1,modality,time_resolved_trial_response,glm_clean,balanced_accuracy,32,1.0998253218606455,1.0351297146923724,0.5898148148148148,0.1901284671457811,0.0850280353991604,5,269.6,146,397,g1,pre
g1pre,V1,modality,time_resolved_trial_response,glm_clean,balanced_accuracy,33,1.164520929028919,1.0351297146923724,0.5801851851851852,0.1889882636197502,0.0845181208806824,5,269.6,146,397,g1,pre
g1pre,V1,modality,time_resolved_trial_response,glm_clean,balanced_accuracy,34,1.229216536197192,1.0351297146923724,0.5942592592592593,0.1949127957379577,0.0871676521909209,5,269.6,146,397,g1,pre
g1pre,V1,modality,time_resolved_trial_response,glm_clean,balanced_accuracy,35,1.2939121433654657,1.0351297146923724,0.6031481481481482,0.1793090878098302,0.0801894618652518,5,269.6,146,397,g1,pre
g1pre,V1,modality,time_resolved_trial_response,glm_clean,balanced_accuracy,36,1.3586077505337386,1.0351297146923724,0.5972222222222222,0.1898046519411236,0.0848832208372079,5,269.6,146,397,g1,pre
g1pre,V1,modality,time_resolved_trial_response,glm_clean,balanced_accuracy,37,1.423303357702012,1.0351297146923724,0.587037037037037,0.1765401072420105,0.0789511361096476,5,269.6,146,397,g1,pre
g1pre,V1,modality,time_resolved_trial_response,glm_clean,balanced_accuracy,38,1.4879989648702852,1.0351297146923724,0.5848148148148148,0.1879932925721718,0.0840731563010765,5,269.6,146,397,g1,pre
g1pre,V1,modality,time_resolved_trial_response,glm_clean,balanced_accuracy,39,1.5526945720385583,1.0351297146923724,0.5853703703703703,0.1870592671057782,0.0836554474139621,5,269.6,146,397,g1,pre
g1pre,V1,modality,time_resolved_trial_response,glm_clean,balanced_accuracy,40,1.6173901792068317,1.0351297146923724,0.5774074074074074,0.1786360455302585,0.0798884682074811,5,269.6,146,397,g1,pre
g1pre,V1,modality,time_resolved_trial_response,glm_clean,balanced_accuracy,41,1.682085786375105,1.0351297146923724,0.5801851851851852,0.1793604799163681,0.080212445113997,5,269.6,146,397,g1,pre
g1pre,V1,modality,time_resolved_trial_response,glm_clean,balanced_accuracy,42,1.7467813935433782,1.0351297146923724,0.5688888888888889,0.1890098106046379,0.0845277569852662,5,269.6,146,397,g1,pre
g1pre,V1,modality,time_resolved_trial_response,glm_clean,balanced_accuracy,43,1.8114770007116516,1.0351297146923724,0.5742592592592592,0.1662899549232232,0.0743671286367406,5,269.6,146,397,g1,pre
g1pre,V1,modality,time_resolved_trial_response,glm_clean,balanced_accuracy,44,1.8761726078799248,1.0351297146923724,0.5700000000000001,0.1659224640015831,0.0742027817003603,5,269.6,146,397,g1,pre
g1pre,V1,modality,time_resolved_trial_response,glm_clean,balanced_accuracy,45,1.9408682150481984,1.0351297146923724,0.5727777777777778,0.1614388429096294,0.0721976453909682,5,269.6,146,397,g1,pre
g1pre,V1,modality,time_resolved_trial_response,glm_clean,balanced_accuracy,46,2.0055638222164713,1.0351297146923724,0.5514814814814815,0.1595128794504143,0.0713363283475711,5,269.6,146,397,g1,pre
g1pre,V1,trial_type,time_resolved_trial_response,glm_clean,balanced_accuracy,0,-0.9704341075240992,1.0351297146923724,0.1266666666666666,0.0176612937322353,0.0078983706711738,5,269.6,146,397,g1,pre
g1pre,V1,trial_type,time_resolved_trial_response,glm_clean,balanced_accuracy,1,-0.9057385003558258,1.0351297146923724,0.1283333333333333,0.0106047828715672,0.0047426030774899,5,269.6,146,397,g1,pre
g1pre,V1,trial_type,time_resolved_trial_response,glm_clean,balanced_accuracy,2,-0.8410428931875525,1.0351297146923724,0.1186111111111111,0.0122111692446295,0.0054610009031493,5,269.6,146,397,g1,pre
g1pre,V1,trial_type,time_resolved_trial_response,glm_clean,balanced_accuracy,3,-0.7763472860192793,1.0351297146923724,0.1244444444444444,0.0118910304405577,0.0053178304775212,5,269.6,146,397,g1,pre
g1pre,V1,trial_type,time_resolved_trial_response,glm_clean,balanced_accuracy,4,-0.711651678851006,1.0351297146923724,0.1244444444444444,0.0167992412380095,0.0075128490757214,5,269.6,146,397,g1,pre
g1pre,V1,trial_type,time_resolved_trial_response,glm_clean,balanced_accuracy,5,-0.6469560716827327,1.0351297146923724,0.1366666666666666,0.0043479099562495,0.0019444444444444,5,269.6,146,397,g1,pre
g1pre,V1,trial_type,time_resolved_trial_response,glm_clean,balanced_accuracy,6,-0.5822604645144595,1.0351297146923724,0.1344444444444444,0.0202082140126297,0.0090373880472208,5,269.6,146,397,g1,pre
g1pre,V1,trial_type,time_resolved_trial_response,glm_clean,balanced_accuracy,7,-0.5175648573461862,1.0351297146923724,0.1311111111111111,0.0108742106283685,0.0048630948333365,5,269.6,146,397,g1,pre
g1pre,V1,trial_type,time_resolved_trial_response,glm_clean,balanced_accuracy,8,-0.4528692501779129,1.0351297146923724,0.1375,0.0087290313124837,0.0039037414784875,5,269.6,146,397,g1,pre
g1pre,V1,trial_type,time_resolved_trial_response,glm_clean,balanced_accuracy,9,-0.3881736430096396,1.0351297146923724,0.1352777777777777,0.024856843209084,0.0111163182243131,5,269.6,146,397,g1,pre
g1pre,V1,trial_type,time_resolved_trial_response,glm_clean,balanced_accuracy,10,-0.3234780358413663,1.0351297146923724,0.1308333333333333,0.0042127085800286,0.0018839805508681,5,269.6,146,397,g1,pre
g1pre,V1,trial_type,time_resolved_trial_response,glm_clean,balanced_accuracy,11,-0.2587824286730931,1.0351297146923724,0.1177777777777777,0.0071091577178165,0.0031793119839609,5,269.6,146,397,g1,pre
g1pre,V1,trial_type,time_resolved_trial_response,glm_clean,balanced_accuracy,12,-0.1940868215048198,1.0351297146923724,0.1283333333333333,0.0108742106283685,0.0048630948333365,5,269.6,146,397,g1,pre
g1pre,V1,trial_type,time_resolved_trial_response,glm_clean,balanced_accuracy,13,-0.1293912143365465,1.0351297146923724,0.1375,0.0122269561539298,0.0054680610236193,5,269.6,146,397,g1,pre
g1pre,V1,trial_type,time_resolved_trial_response,glm_clean,balanced_accuracy,14,-0.0646956071682732,1.0351297146923724,0.1344444444444444,0.0165330290443922,0.0073937953634478,5,269.6,146,397,g1,pre
g1pre,V1,trial_type,time_resolved_trial_response,glm_clean,balanced_accuracy,15,0.0,1.0351297146923724,0.1302777777777777,0.004750730937913,0.0021245914639969,5,269.6,146,397,g1,pre
g1pre,V1,trial_type,time_resolved_trial_response,glm_clean,balanced_accuracy,16,0.0646956071682732,1.0351297146923724,0.1219444444444444,0.0107313576511565,0.0047992090397697,5,269.6,146,397,g1,pre
g1pre,V1,trial_type,time_resolved_trial_response,glm_clean,balanced_accuracy,17,0.1293912143365465,1.0351297146923724,0.1258333333333333,0.0126381257400859,0.0056519416526043,5,269.6,146,397,g1,pre
g1pre,V1,trial_type,time_resolved_trial_response,glm_clean,balanced_accuracy,18,0.1940868215048198,1.0351297146923724,0.1438888888888889,0.0211001433498143,0.009436270973035,5,269.6,146,397,g1,pre
g1pre,V1,trial_type,time_resolved_trial_response,glm_clean,balanced_accuracy,19,0.2587824286730931,1.0351297146923724,0.2019444444444444,0.0644570150575052,0.0288260534590618,5,269.6,146,397,g1,pre
g1pre,V1,trial_type,time_resolved_trial_response,glm_clean,balanced_accuracy,20,0.3234780358413663,1.0351297146923724,0.2236111111111111,0.094106831202694,0.0420858543432644,5,269.6,146,397,g1,pre
g1pre,V1,trial_type,time_resolved_trial_response,glm_clean,balanced_accuracy,21,0.3881736430096396,1.0351297146923724,0.2808333333333334,0.1273218011551153,0.0569400404801098,5,269.6,146,397,g1,pre
g1pre,V1,trial_type,time_resolved_trial_response,glm_clean,balanced_accuracy,22,0.4528692501779129,1.0351297146923724,0.2916666666666667,0.1567568938370243,0.0701038141122608,5,269.6,146,397,g1,pre
g1pre,V1,trial_type,time_resolved_trial_response,glm_clean,balanced_accuracy,23,0.5175648573461862,1.0351297146923724,0.3188888888888889,0.1539995340300791,0.0688706853189098,5,269.6,146,397,g1,pre
g1pre,V1,trial_type,time_resolved_trial_response,glm_clean,balanced_accuracy,24,0.5822604645144595,1.0351297146923724,0.3222222222222222,0.1457969531341786,0.0652023796240748,5,269.6,146,397,g1,pre
g1pre,V1,trial_type,time_resolved_trial_response,glm_clean,balanced_accuracy,25,0.6469560716827327,1.0351297146923724,0.32,0.1521660733832903,0.0680507367908517,5,269.6,146,397,g1,pre
g1pre,V1,trial_type,time_resolved_trial_response,glm_clean,balanced_accuracy,26,0.711651678851006,1.0351297146923724,0.3358333333333333,0.1629664483002711,0.0728808112902222,5,269.6,146,397,g1,pre
g1pre,V1,trial_type,time_resolved_trial_response,glm_clean,balanced_accuracy,27,0.7763472860192793,1.0351297146923724,0.3202777777777778,0.1707616154789701,0.0763669160317315,5,269.6,146,397,g1,pre
g1pre,V1,trial_type,time_resolved_trial_response,glm_clean,balanced_accuracy,28,0.8410428931875525,1.0351297146923724,0.3188888888888889,0.1613312672044008,0.0721495360730445,5,269.6,146,397,g1,pre
g1pre,V1,trial_type,time_resolved_trial_response,glm_clean,balanced_accuracy,29,0.9057385003558258,1.0351297146923724,0.3344444444444444,0.1564316844938398,0.0699583760726051,5,269.6,146,397,g1,pre
g1pre,V1,trial_type,time_resolved_trial_response,glm_clean,balanced_accuracy,30,0.9704341075240992,1.0351297146923724,0.3319444444444444,0.1622118765726929,0.0725433565548694,5,269.6,146,397,g1,pre
g1pre,V1,trial_type,time_resolved_trial_response,glm_clean,balanced_accuracy,31,1.0351297146923724,1.0351297146923724,0.3402777777777778,0.1701969855458341,0.0761144058492068,5,269.6,146,397,g1,pre
g1pre,V1,trial_type,time_resolved_trial_response,glm_clean,balanced_accuracy,32,1.0998253218606455,1.0351297146923724,0.3233333333333333,0.1536791591290676,0.0687274093075205,5,269.6,146,397,g1,pre
g1pre,V1,trial_type,time_resolved_trial_response,glm_clean,balanced_accuracy,33,1.164520929028919,1.0351297146923724,0.3366666666666666,0.1616448295675612,0.0722897654248869,5,269.6,146,397,g1,pre
g1pre,V1,trial_type,time_resolved_trial_response,glm_clean,balanced_accuracy,34,1.229216536197192,1.0351297146923724,0.3355555555555555,0.1627449483390392,0.0727817534961566,5,269.6,146,397,g1,pre
g1pre,V1,trial_type,time_resolved_trial_response,glm_clean,balanced_accuracy,35,1.2939121433654657,1.0351297146923724,0.3375,0.1410867761169052,0.0630959244247387,5,269.6,146,397,g1,pre
g1pre,V1,trial_type,time_resolved_trial_response,glm_clean,balanced_accuracy,36,1.3586077505337386,1.0351297146923724,0.3224999999999999,0.1509467294228556,0.0675054295941545,5,269.6,146,397,g1,pre
g1pre,V1,trial_type,time_resolved_trial_response,glm_clean,balanced_accuracy,37,1.423303357702012,1.0351297146923724,0.3197222222222222,0.144399031322629,0.0645772099845039,5,269.6,146,397,g1,pre
g1pre,V1,trial_type,time_resolved_trial_response,glm_clean,balanced_accuracy,38,1.4879989648702852,1.0351297146923724,0.3255555555555555,0.1494705161066395,0.0668452469292846,5,269.6,146,397,g1,pre
g1pre,V1,trial_type,time_resolved_trial_response,glm_clean,balanced_accuracy,39,1.5526945720385583,1.0351297146923724,0.3041666666666667,0.1290359254693374,0.0577066201778069,5,269.6,146,397,g1,pre
g1pre,V1,trial_type,time_resolved_trial_response,glm_clean,balanced_accuracy,40,1.6173901792068317,1.0351297146923724,0.3083333333333333,0.1439595225603449,0.0643806556906691,5,269.6,146,397,g1,pre
g1pre,V1,trial_type,time_resolved_trial_response,glm_clean,balanced_accuracy,41,1.682085786375105,1.0351297146923724,0.3016666666666666,0.1324711708678952,0.0592429086239207,5,269.6,146,397,g1,pre
g1pre,V1,trial_type,time_resolved_trial_response,glm_clean,balanced_accuracy,42,1.7467813935433782,1.0351297146923724,0.2955555555555555,0.1175618762740983,0.0525752693822607,5,269.6,146,397,g1,pre
g1pre,V1,trial_type,time_resolved_trial_response,glm_clean,balanced_accuracy,43,1.8114770007116516,1.0351297146923724,0.2716666666666666,0.125275930018401,0.0560250990931302,5,269.6,146,397,g1,pre
g1pre,V1,trial_type,time_resolved_trial_response,glm_clean,balanced_accuracy,44,1.8761726078799248,1.0351297146923724,0.2661111111111111,0.1083671599610541,0.048463267240302,5,269.6,146,397,g1,pre
g1pre,V1,trial_type,time_resolved_trial_response,glm_clean,balanced_accuracy,45,1.9408682150481984,1.0351297146923724,0.2733333333333333,0.1099479043304904,0.049170197613324,5,269.6,146,397,g1,pre
g1pre,V1,trial_type,time_resolved_trial_response,glm_clean,balanced_accuracy,46,2.0055638222164713,1.0351297146923724,0.2627777777777778,0.1229515801012037,0.0549856182094604,5,269.6,146,397,g1,pre
g1pre,V1,visual_direction,time_resolved_trial_response,glm_clean,balanced_accuracy,0,-0.9704341075240992,1.0351297146923724,0.484074074074074,0.018078096091653,0.0080847703529418,5,269.6,146,397,g1,pre
g1pre,V1,visual_direction,time_resolved_trial_response,glm_clean,balanced_accuracy,1,-0.9057385003558258,1.0351297146923724,0.4992592592592593,0.0117559779615584,0.0052574331728068,5,269.6,146,397,g1,pre
g1pre,V1,visual_direction,time_resolved_trial_response,glm_clean,balanced_accuracy,2,-0.8410428931875525,1.0351297146923724,0.5014814814814814,0.013696194138593,0.0061251242253856,5,269.6,146,397,g1,pre
g1pre,V1,visual_direction,time_resolved_trial_response,glm_clean,balanced_accuracy,3,-0.7763472860192793,1.0351297146923724,0.4907407407407407,0.0136082763487954,0.0060858061945018,5,269.6,146,397,g1,pre
g1pre,V1,visual_direction,time_resolved_trial_response,glm_clean,balanced_accuracy,4,-0.711651678851006,1.0351297146923724,0.4911111111111111,0.0425200670772331,0.0190155520785088,5,269.6,146,397,g1,pre
g1pre,V1,visual_direction,time_resolved_trial_response,glm_clean,balanced_accuracy,5,-0.6469560716827327,1.0351297146923724,0.4985185185185184,0.0119584328081206,0.0053479737326643,5,269.6,146,397,g1,pre
g1pre,V1,visual_direction,time_resolved_trial_response,glm_clean,balanced_accuracy,6,-0.5822604645144595,1.0351297146923724,0.5111111111111111,0.0224142934016855,0.0100239767427587,5,269.6,146,397,g1,pre
g1pre,V1,visual_direction,time_resolved_trial_response,glm_clean,balanced_accuracy,7,-0.5175648573461862,1.0351297146923724,0.508888888888889,0.0184907198760987,0.0082693013191726,5,269.6,146,397,g1,pre
g1pre,V1,visual_direction,time_resolved_trial_response,glm_clean,balanced_accuracy,8,-0.4528692501779129,1.0351297146923724,0.518888888888889,0.0214127252141663,0.0095760618324799,5,269.6,146,397,g1,pre
g1pre,V1,visual_direction,time_resolved_trial_response,glm_clean,balanced_accuracy,9,-0.3881736430096396,1.0351297146923724,0.5044444444444445,0.035442528683859,0.015850380686319,5,269.6,146,397,g1,pre
g1pre,V1,visual_direction,time_resolved_trial_response,glm_clean,balanced_accuracy,10,-0.3234780358413663,1.0351297146923724,0.4859259259259259,0.0412967115076286,0.018468450835651,5,269.6,146,397,g1,pre
g1pre,V1,visual_direction,time_resolved_trial_response,glm_clean,balanced_accuracy,11,-0.2587824286730931,1.0351297146923724,0.5007407407407407,0.0348571452665258,0.0155885892635073,5,269.6,146,397,g1,pre
g1pre,V1,visual_direction,time_resolved_trial_response,glm_clean,balanced_accuracy,12,-0.1940868215048198,1.0351297146923724,0.5092592592592593,0.0281761556568573,0.0126007598786696,5,269.6,146,397,g1,pre
g1pre,V1,visual_direction,time_resolved_trial_response,glm_clean,balanced_accuracy,13,-0.1293912143365465,1.0351297146923724,0.4859259259259259,0.0430251784516416,0.0192414447523859,5,269.6,146,397,g1,pre
g1pre,V1,visual_direction,time_resolved_trial_response,glm_clean,balanced_accuracy,14,-0.0646956071682732,1.0351297146923724,0.5096296296296297,0.0416646090026901,0.0186329795971929,5,269.6,146,397,g1,pre
g1pre,V1,visual_direction,time_resolved_trial_response,glm_clean,balanced_accuracy,15,0.0,1.0351297146923724,0.4962962962962963,0.01532680125671,0.0068543538975265,5,269.6,146,397,g1,pre
g1pre,V1,visual_direction,time_resolved_trial_response,glm_clean,balanced_accuracy,16,0.0646956071682732,1.0351297146923724,0.4633333333333332,0.0202182875021572,0.0090418930486916,5,269.6,146,397,g1,pre
g1pre,V1,visual_direction,time_resolved_trial_response,glm_clean,balanced_accuracy,17,0.1293912143365465,1.0351297146923724,0.51,0.0305864041808334,0.0136786557871254,5,269.6,146,397,g1,pre
g1pre,V1,visual_direction,time_resolved_trial_response,glm_clean,balanced_accuracy,18,0.1940868215048198,1.0351297146923724,0.538888888888889,0.0297163083997799,0.0132895371244512,5,269.6,146,397,g1,pre
g1pre,V1,visual_direction,time_resolved_trial_response,glm_clean,balanced_accuracy,19,0.2587824286730931,1.0351297146923724,0.5918518518518519,0.1351636208066902,0.0604470088417528,5,269.6,146,397,g1,pre
g1pre,V1,visual_direction,time_resolved_trial_response,glm_clean,balanced_accuracy,20,0.3234780358413663,1.0351297146923724,0.638888888888889,0.1609567161440593,0.0719820317466508,5,269.6,146,397,g1,pre
g1pre,V1,visual_direction,time_resolved_trial_response,glm_clean,balanced_accuracy,21,0.3881736430096396,1.0351297146923724,0.7062962962962963,0.1793841392379797,0.080223025884282,5,269.6,146,397,g1,pre
g1pre,V1,visual_direction,time_resolved_trial_response,glm_clean,balanced_accuracy,22,0.4528692501779129,1.0351297146923724,0.7566666666666666,0.1901041155786616,0.0850171450472728,5,269.6,146,397,g1,pre
g1pre,V1,visual_direction,time_resolved_trial_response,glm_clean,balanced_accuracy,23,0.5175648573461862,1.0351297146923724,0.7892592592592592,0.1895341194658654,0.0847622350362482,5,269.6,146,397,g1,pre
g1pre,V1,visual_direction,time_resolved_trial_response,glm_clean,balanced_accuracy,24,0.5822604645144595,1.0351297146923724,0.7992592592592592,0.1808454462954934,0.0808765422676021,5,269.6,146,397,g1,pre
g1pre,V1,visual_direction,time_resolved_trial_response,glm_clean,balanced_accuracy,25,0.6469560716827327,1.0351297146923724,0.7944444444444444,0.201149815523958,0.0899569322346225,5,269.6,146,397,g1,pre
g1pre,V1,visual_direction,time_resolved_trial_response,glm_clean,balanced_accuracy,26,0.711651678851006,1.0351297146923724,0.7955555555555556,0.1884053360303757,0.0842574277375221,5,269.6,146,397,g1,pre
g1pre,V1,visual_direction,time_resolved_trial_response,glm_clean,balanced_accuracy,27,0.7763472860192793,1.0351297146923724,0.7766666666666666,0.183989659457753,0.0822826771409146,5,269.6,146,397,g1,pre
g1pre,V1,visual_direction,time_resolved_trial_response,glm_clean,balanced_accuracy,28,0.8410428931875525,1.0351297146923724,0.788888888888889,0.1919504965903694,0.0858428717381815,5,269.6,146,397,g1,pre
g1pre,V1,visual_direction,time_resolved_trial_response,glm_clean,balanced_accuracy,29,0.9057385003558258,1.0351297146923724,0.7985185185185185,0.181629758020618,0.0812272971341879,5,269.6,146,397,g1,pre
g1pre,V1,visual_direction,time_resolved_trial_response,glm_clean,balanced_accuracy,30,0.9704341075240992,1.0351297146923724,0.7762962962962964,0.1958651799689771,0.0875935713671726,5,269.6,146,397,g1,pre
g1pre,V1,visual_direction,time_resolved_trial_response,glm_clean,balanced_accuracy,31,1.0351297146923724,1.0351297146923724,0.7874074074074074,0.1733010812032853,0.0775025996289514,5,269.6,146,397,g1,pre
g1pre,V1,visual_direction,time_resolved_trial_response,glm_clean,balanced_accuracy,32,1.0998253218606455,1.0351297146923724,0.7959259259259259,0.1667047281642552,0.0745526208691797,5,269.6,146,397,g1,pre
g1pre,V1,visual_direction,time_resolved_trial_response,glm_clean,balanced_accuracy,33,1.164520929028919,1.0351297146923724,0.787037037037037,0.1887617582344,0.0844168245928998,5,269.6,146,397,g1,pre
g1pre,V1,visual_direction,time_resolved_trial_response,glm_clean,balanced_accuracy,34,1.229216536197192,1.0351297146923724,0.8114814814814816,0.1680212443292613,0.0751413847968659,5,269.6,146,397,g1,pre
g1pre,V1,visual_direction,time_resolved_trial_response,glm_clean,balanced_accuracy,35,1.2939121433654657,1.0351297146923724,0.8022222222222222,0.1615967563406146,0.0722682664242168,5,269.6,146,397,g1,pre
g1pre,V1,visual_direction,time_resolved_trial_response,glm_clean,balanced_accuracy,36,1.3586077505337386,1.0351297146923724,0.7825925925925926,0.1782815008709879,0.0797299110156434,5,269.6,146,397,g1,pre
g1pre,V1,visual_direction,time_resolved_trial_response,glm_clean,balanced_accuracy,37,1.423303357702012,1.0351297146923724,0.765925925925926,0.180537036087272,0.0807386170294945,5,269.6,146,397,g1,pre
g1pre,V1,visual_direction,time_resolved_trial_response,glm_clean,balanced_accuracy,38,1.4879989648702852,1.0351297146923724,0.7737037037037037,0.1772145785727306,0.0792527688585207,5,269.6,146,397,g1,pre
g1pre,V1,visual_direction,time_resolved_trial_response,glm_clean,balanced_accuracy,39,1.5526945720385583,1.0351297146923724,0.752962962962963,0.1739094966686697,0.0777746912967837,5,269.6,146,397,g1,pre
g1pre,V1,visual_direction,time_resolved_trial_response,glm_clean,balanced_accuracy,40,1.6173901792068317,1.0351297146923724,0.7559259259259259,0.1602381629370919,0.071660684983405,5,269.6,146,397,g1,pre
g1pre,V1,visual_direction,time_resolved_trial_response,glm_clean,balanced_accuracy,41,1.682085786375105,1.0351297146923724,0.7337037037037037,0.1776397998509446,0.0794429335952338,5,269.6,146,397,g1,pre
g1pre,V1,visual_direction,time_resolved_trial_response,glm_clean,balanced_accuracy,42,1.7467813935433782,1.0351297146923724,0.7392592592592593,0.1550332943576844,0.0693329969919034,5,269.6,146,397,g1,pre
g1pre,V1,visual_direction,time_resolved_trial_response,glm_clean,balanced_accuracy,43,1.8114770007116516,1.0351297146923724,0.712962962962963,0.167016094605696,0.0746918681749744,5,269.6,146,397,g1,pre
g1pre,V1,visual_direction,time_resolved_trial_response,glm_clean,balanced_accuracy,44,1.8761726078799248,1.0351297146923724,0.7137037037037037,0.1587664641020161,0.0710025212558776,5,269.6,146,397,g1,pre
g1pre,V1,visual_direction,time_resolved_trial_response,glm_clean,balanced_accuracy,45,1.9408682150481984,1.0351297146923724,0.7066666666666667,0.1590470161957406,0.0711279879664372,5,269.6,146,397,g1,pre
g1pre,V1,visual_direction,time_resolved_trial_response,glm_clean,balanced_accuracy,46,2.0055638222164713,1.0351297146923724,0.7003703703703704,0.1532310895472614,0.0685270264988068,5,269.6,146,397,g1,pre
g2pre,A/RL/AL,auditory_direction,time_resolved_trial_response,glm_clean,balanced_accuracy,0,-0.9704341075240992,1.0351297146923724,0.4851851851851851,0.0193870404863739,0.0079147261357158,6,97.5,64,149,g2,pre
g2pre,A/RL/AL,auditory_direction,time_resolved_trial_response,glm_clean,balanced_accuracy,1,-0.9057385003558258,1.0351297146923724,0.4938271604938271,0.0268017838878346,0.0109417824535903,6,97.5,64,149,g2,pre
g2pre,A/RL/AL,auditory_direction,time_resolved_trial_response,glm_clean,balanced_accuracy,2,-0.8410428931875525,1.0351297146923724,0.5021604938271605,0.0391160327056811,0.0159690534818228,6,97.5,64,149,g2,pre
g2pre,A/RL/AL,auditory_direction,time_resolved_trial_response,glm_clean,balanced_accuracy,3,-0.7763472860192793,1.0351297146923724,0.5104938271604939,0.0197608009626833,0.0080673132112121,6,97.5,64,149,g2,pre
g2pre,A/RL/AL,auditory_direction,time_resolved_trial_response,glm_clean,balanced_accuracy,4,-0.711651678851006,1.0351297146923724,0.5169753086419754,0.0221113489244195,0.0090269203982442,6,97.5,64,149,g2,pre
g2pre,A/RL/AL,auditory_direction,time_resolved_trial_response,glm_clean,balanced_accuracy,5,-0.6469560716827327,1.0351297146923724,0.5151234567901234,0.0261738585871949,0.0106854330230652,6,97.5,64,149,g2,pre
g2pre,A/RL/AL,auditory_direction,time_resolved_trial_response,glm_clean,balanced_accuracy,6,-0.5822604645144595,1.0351297146923724,0.5077160493827161,0.028434620860246,0.0116083853561835,6,97.5,64,149,g2,pre
g2pre,A/RL/AL,auditory_direction,time_resolved_trial_response,glm_clean,balanced_accuracy,7,-0.5175648573461862,1.0351297146923724,0.4861111111111111,0.0191288318646173,0.0078093129073007,6,97.5,64,149,g2,pre
g2pre,A/RL/AL,auditory_direction,time_resolved_trial_response,glm_clean,balanced_accuracy,8,-0.4528692501779129,1.0351297146923724,0.5027777777777778,0.0237369558432064,0.0096905716438052,6,97.5,64,149,g2,pre
g2pre,A/RL/AL,auditory_direction,time_resolved_trial_response,glm_clean,balanced_accuracy,9,-0.3881736430096396,1.0351297146923724,0.5117283950617284,0.0364145214907472,0.0148661661466571,6,97.5,64,149,g2,pre
g2pre,A/RL/AL,auditory_direction,time_resolved_trial_response,glm_clean,balanced_accuracy,10,-0.3234780358413663,1.0351297146923724,0.5077160493827161,0.0202324172736087,0.0082598497639023,6,97.5,64,149,g2,pre
g2pre,A/RL/AL,auditory_direction,time_resolved_trial_response,glm_clean,balanced_accuracy,11,-0.2587824286730931,1.0351297146923724,0.4938271604938271,0.0455971906497887,0.018614975132731,6,97.5,64,149,g2,pre
g2pre,A/RL/AL,auditory_direction,time_resolved_trial_response,glm_clean,balanced_accuracy,12,-0.1940868215048198,1.0351297146923724,0.5033950617283951,0.0213860160541959,0.0087308044939582,6,97.5,64,149,g2,pre
g2pre,A/RL/AL,auditory_direction,time_resolved_trial_response,glm_clean,balanced_accuracy,13,-0.1293912143365465,1.0351297146923724,0.4969135802469135,0.0180559512460598,0.0073713112289027,6,97.5,64,149,g2,pre
g2pre,A/RL/AL,auditory_direction,time_resolved_trial_response,glm_clean,balanced_accuracy,14,-0.0646956071682732,1.0351297146923724,0.5018518518518519,0.0295601036136813,0.01206786176622,6,97.5,64,149,g2,pre
g2pre,A/RL/AL,auditory_direction,time_resolved_trial_response,glm_clean,balanced_accuracy,15,0.0,1.0351297146923724,0.4962962962962963,0.0345061176262285,0.0140870635314527,6,97.5,64,149,g2,pre
g2pre,A/RL/AL,auditory_direction,time_resolved_trial_response,glm_clean,balanced_accuracy,16,0.0646956071682732,1.0351297146923724,0.4981481481481482,0.0154937041950754,0.0063252782505923,6,97.5,64,149,g2,pre
g2pre,A/RL/AL,auditory_direction,time_resolved_trial_response,glm_clean,balanced_accuracy,17,0.1293912143365465,1.0351297146923724,0.5188271604938272,0.0225718382712766,0.0092149143868755,6,97.5,64,149,g2,pre
g2pre,A/RL/AL,auditory_direction,time_resolved_trial_response,glm_clean,balanced_accuracy,18,0.1940868215048198,1.0351297146923724,0.4885802469135802,0.0235823475245593,0.009627453062026,6,97.5,64,149,g2,pre
g2pre,A/RL/AL,auditory_direction,time_resolved_trial_response,glm_clean,balanced_accuracy,19,0.2587824286730931,1.0351297146923724,0.5404320987654322,0.0657907130535681,0.0268589461325177,6,97.5,64,149,g2,pre
g2pre,A/RL/AL,auditory_direction,time_resolved_trial_response,glm_clean,balanced_accuracy,20,0.3234780358413663,1.0351297146923724,0.5824074074074074,0.0751929388448556,0.0306973887383661,6,97.5,64,149,g2,pre
g2pre,A/RL/AL,auditory_direction,time_resolved_trial_response,glm_clean,balanced_accuracy,21,0.3881736430096396,1.0351297146923724,0.5919753086419753,0.0914872292891174,0.0373495049565576,6,97.5,64,149,g2,pre
g2pre,A/RL/AL,auditory_direction,time_resolved_trial_response,glm_clean,balanced_accuracy,22,0.4528692501779129,1.0351297146923724,0.5916666666666667,0.0863268901420131,0.0352428053215385,6,97.5,64,149,g2,pre
g2pre,A/RL/AL,auditory_direction,time_resolved_trial_response,glm_clean,balanced_accuracy,23,0.5175648573461862,1.0351297146923724,0.5941358024691358,0.0770104714404275,0.0314393933133707,6,97.5,64,149,g2,pre
g2pre,A/RL/AL,auditory_direction,time_resolved_trial_response,glm_clean,balanced_accuracy,24,0.5822604645144595,1.0351297146923724,0.5873456790123457,0.0757985984454311,0.0309446482349041,6,97.5,64,149,g2,pre
g2pre,A/RL/AL,auditory_direction,time_resolved_trial_response,glm_clean,balanced_accuracy,25,0.6469560716827327,1.0351297146923724,0.5842592592592593,0.086183760671988,0.0351843729600858,6,97.5,64,149,g2,pre
g2pre,A/RL/AL,auditory_direction,time_resolved_trial_response,glm_clean,balanced_accuracy,26,0.711651678851006,1.0351297146923724,0.5765432098765432,0.0850293797903189,0.0347130989386002,6,97.5,64,149,g2,pre
g2pre,A/RL/AL,auditory_direction,time_resolved_trial_response,glm_clean,balanced_accuracy,27,0.7763472860192793,1.0351297146923724,0.5734567901234567,0.0664365025464088,0.0271225885889695,6,97.5,64,149,g2,pre
g2pre,A/RL/AL,auditory_direction,time_resolved_trial_response,glm_clean,balanced_accuracy,28,0.8410428931875525,1.0351297146923724,0.5484567901234568,0.0736414837564959,0.0300640098508118,6,97.5,64,149,g2,pre
g2pre,A/RL/AL,auditory_direction,time_resolved_trial_response,glm_clean,balanced_accuracy,29,0.9057385003558258,1.0351297146923724,0.558641975308642,0.0567605935033399,0.0231724152634527,6,97.5,64,149,g2,pre
g2pre,A/RL/AL,auditory_direction,time_resolved_trial_response,glm_clean,balanced_accuracy,30,0.9704341075240992,1.0351297146923724,0.5595679012345679,0.0578230670868836,0.0236061682875975,6,97.5,64,149,g2,pre
g2pre,A/RL/AL,auditory_direction,time_resolved_trial_response,glm_clean,balanced_accuracy,31,1.0351297146923724,1.0351297146923724,0.5413580246913581,0.064689473160742,0.0264093668288808,6,97.5,64,149,g2,pre
g2pre,A/RL/AL,auditory_direction,time_resolved_trial_response,glm_clean,balanced_accuracy,32,1.0998253218606455,1.0351297146923724,0.5608024691358025,0.0630980757998116,0.0257596815768323,6,97.5,64,149,g2,pre
g2pre,A/RL/AL,auditory_direction,time_resolved_trial_response,glm_clean,balanced_accuracy,33,1.164520929028919,1.0351297146923724,0.5462962962962963,0.0750399984790918,0.0306349510955001,6,97.5,64,149,g2,pre
g2pre,A/RL/AL,auditory_direction,time_resolved_trial_response,glm_clean,balanced_accuracy,34,1.229216536197192,1.0351297146923724,0.5638888888888889,0.059198464185024,0.0241676718016222,6,97.5,64,149,g2,pre
g2pre,A/RL/AL,auditory_direction,time_resolved_trial_response,glm_clean,balanced_accuracy,35,1.2939121433654657,1.0351297146923724,0.5462962962962963,0.0713479851111709,0.0291276929496766,6,97.5,64,149,g2,pre
g2pre,A/RL/AL,auditory_direction,time_resolved_trial_response,glm_clean,balanced_accuracy,36,1.3586077505337386,1.0351297146923724,0.5435185185185185,0.0591289075595911,0.0241392754281988,6,97.5,64,149,g2,pre
g2pre,A/RL/AL,auditory_direction,time_resolved_trial_response,glm_clean,balanced_accuracy,37,1.423303357702012,1.0351297146923724,0.5580246913580247,0.0572658549536779,0.0233786873867905,6,97.5,64,149,g2,pre
g2pre,A/RL/AL,auditory_direction,time_resolved_trial_response,glm_clean,balanced_accuracy,38,1.4879989648702852,1.0351297146923724,0.5453703703703704,0.0616947439139818,0.0251867737334889,6,97.5,64,149,g2,pre
g2pre,A/RL/AL,auditory_direction,time_resolved_trial_response,glm_clean,balanced_accuracy,39,1.5526945720385583,1.0351297146923724,0.5429012345679013,0.0432305946803323,0.0176488163739818,6,97.5,64,149,g2,pre
g2pre,A/RL/AL,auditory_direction,time_resolved_trial_response,glm_clean,balanced_accuracy,40,1.6173901792068317,1.0351297146923724,0.537037037037037,0.0500616903380835,0.0204375994982538,6,97.5,64,149,g2,pre
g2pre,A/RL/AL,auditory_direction,time_resolved_trial_response,glm_clean,balanced_accuracy,41,1.682085786375105,1.0351297146923724,0.5425925925925926,0.0552956885184032,0.0225743703076603,6,97.5,64,149,g2,pre
g2pre,A/RL/AL,auditory_direction,time_resolved_trial_response,glm_clean,balanced_accuracy,42,1.7467813935433782,1.0351297146923724,0.5222222222222223,0.0470384951655008,0.0192033852373083,6,97.5,64,149,g2,pre
g2pre,A/RL/AL,auditory_direction,time_resolved_trial_response,glm_clean,balanced_accuracy,43,1.8114770007116516,1.0351297146923724,0.5373456790123456,0.0348308998828392,0.014219655332487,6,97.5,64,149,g2,pre
g2pre,A/RL/AL,auditory_direction,time_resolved_trial_response,glm_clean,balanced_accuracy,44,1.8761726078799248,1.0351297146923724,0.5228395061728395,0.0540495462720794,0.0220656348659238,6,97.5,64,149,g2,pre
g2pre,A/RL/AL,auditory_direction,time_resolved_trial_response,glm_clean,balanced_accuracy,45,1.9408682150481984,1.0351297146923724,0.533641975308642,0.0436411458527355,0.0178164231882633,6,97.5,64,149,g2,pre
g2pre,A/RL/AL,auditory_direction,time_resolved_trial_response,glm_clean,balanced_accuracy,46,2.0055638222164713,1.0351297146923724,0.5277777777777778,0.0437601644081242,0.0178650123100343,6,97.5,64,149,g2,pre
g2pre,A/RL/AL,congruency,time_resolved_trial_response,glm_clean,balanced_accuracy,0,-0.9704341075240992,1.0351297146923724,0.5347222222222222,0.0307694533467733,0.0125615767273277,6,97.5,64,149,g2,pre
g2pre,A/RL/AL,congruency,time_resolved_trial_response,glm_clean,balanced_accuracy,1,-0.9057385003558258,1.0351297146923724,0.4981481481481482,0.0311639762488335,0.0127226400276427,6,97.5,64,149,g2,pre
g2pre,A/RL/AL,congruency,time_resolved_trial_response,glm_clean,balanced_accuracy,2,-0.8410428931875525,1.0351297146923724,0.4870370370370371,0.0265661686524878,0.0108455929365528,6,97.5,64,149,g2,pre
g2pre,A/RL/AL,congruency,time_resolved_trial_response,glm_clean,balanced_accuracy,3,-0.7763472860192793,1.0351297146923724,0.5138888888888888,0.0309320242379445,0.0126279460157276,6,97.5,64,149,g2,pre
g2pre,A/RL/AL,congruency,time_resolved_trial_response,glm_clean,balanced_accuracy,4,-0.711651678851006,1.0351297146923724,0.5106481481481482,0.0302977338244482,0.0123689980387601,6,97.5,64,149,g2,pre
g2pre,A/RL/AL,congruency,time_resolved_trial_response,glm_clean,balanced_accuracy,5,-0.6469560716827327,1.0351297146923724,0.4796296296296296,0.0270268879987526,0.011033680822049,6,97.5,64,149,g2,pre
g2pre,A/RL/AL,congruency,time_resolved_trial_response,glm_clean,balanced_accuracy,6,-0.5822604645144595,1.0351297146923724,0.5037037037037038,0.0129893910494446,0.0053028966901023,6,97.5,64,149,g2,pre
g2pre,A/RL/AL,congruency,time_resolved_trial_response,glm_clean,balanced_accuracy,7,-0.5175648573461862,1.0351297146923724,0.5013888888888889,0.0311681025614962,0.0127243245877332,6,97.5,64,149,g2,pre
g2pre,A/RL/AL,congruency,time_resolved_trial_response,glm_clean,balanced_accuracy,8,-0.4528692501779129,1.0351297146923724,0.4958333333333333,0.0381982321354222,0.0155943629680279,6,97.5,64,149,g2,pre
g2pre,A/RL/AL,congruency,time_resolved_trial_response,glm_clean,balanced_accuracy,9,-0.3881736430096396,1.0351297146923724,0.5083333333333333,0.029710537682491,0.0121292762176391,6,97.5,64,149,g2,pre
g2pre,A/RL/AL,congruency,time_resolved_trial_response,glm_clean,balanced_accuracy,10,-0.3234780358413663,1.0351297146923724,0.486574074074074,0.0154576948222594,0.0063105774856995,6,97.5,64,149,g2,pre
g2pre,A/RL/AL,congruency,time_resolved_trial_response,glm_clean,balanced_accuracy,11,-0.2587824286730931,1.0351297146923724,0.5097222222222223,0.024891740908022,0.0101620106723694,6,97.5,64,149,g2,pre
g2pre,A/RL/AL,congruency,time_resolved_trial_response,glm_clean,balanced_accuracy,12,-0.1940868215048198,1.0351297146923724,0.524074074074074,0.0509982651201733,0.0208199545519336,6,97.5,64,149,g2,pre
g2pre,A/RL/AL,congruency,time_resolved_trial_response,glm_clean,balanced_accuracy,13,-0.1293912143365465,1.0351297146923724,0.5157407407407407,0.0384365224122062,0.0156916445661591,6,97.5,64,149,g2,pre
g2pre,A/RL/AL,congruency,time_resolved_trial_response,glm_clean,balanced_accuracy,14,-0.0646956071682732,1.0351297146923724,0.4912037037037036,0.0213304878503553,0.0087081351996677,6,97.5,64,149,g2,pre
g2pre,A/RL/AL,congruency,time_resolved_trial_response,glm_clean,balanced_accuracy,15,0.0,1.0351297146923724,0.4962962962962963,0.0292744920497976,0.0119512613335278,6,97.5,64,149,g2,pre
g2pre,A/RL/AL,congruency,time_resolved_trial_response,glm_clean,balanced_accuracy,16,0.0646956071682732,1.0351297146923724,0.5101851851851852,0.0241948537193771,0.0098775076689589,6,97.5,64,149,g2,pre
g2pre,A/RL/AL,congruency,time_resolved_trial_response,glm_clean,balanced_accuracy,17,0.1293912143365465,1.0351297146923724,0.4930555555555556,0.0275966315711552,0.0112662776614851,6,97.5,64,149,g2,pre
g2pre,A/RL/AL,congruency,time_resolved_trial_response,glm_clean,balanced_accuracy,18,0.1940868215048198,1.0351297146923724,0.5027777777777778,0.043990739766287,0.0179591443058273,6,97.5,64,149,g2,pre
g2pre,A/RL/AL,congruency,time_resolved_trial_response,glm_clean,balanced_accuracy,19,0.2587824286730931,1.0351297146923724,0.4833333333333334,0.036893239368631,0.0150616019019177,6,97.5,64,149,g2,pre
g2pre,A/RL/AL,congruency,time_resolved_trial_response,glm_clean,balanced_accuracy,20,0.3234780358413663,1.0351297146923724,0.5078703703703703,0.0241149937136773,0.0098449049581555,6,97.5,64,149,g2,pre
g2pre,A/RL/AL,congruency,time_resolved_trial_response,glm_clean,balanced_accuracy,21,0.3881736430096396,1.0351297146923724,0.4935185185185184,0.0227484002060399,0.0092869954949035,6,97.5,64,149,g2,pre
g2pre,A/RL/AL,congruency,time_resolved_trial_response,glm_clean,balanced_accuracy,22,0.4528692501779129,1.0351297146923724,0.5212962962962963,0.031801208663005,0.0129827890713563,6,97.5,64,149,g2,pre
g2pre,A/RL/AL,congruency,time_resolved_trial_response,glm_clean,balanced_accuracy,23,0.5175648573461862,1.0351297146923724,0.4842592592592592,0.0369211148840312,0.0150729820334256,6,97.5,64,149,g2,pre
g2pre,A/RL/AL,congruency,time_resolved_trial_response,glm_clean,balanced_accuracy,24,0.5822604645144595,1.0351297146923724,0.499074074074074,0.0311639762488335,0.0127226400276427,6,97.5,64,149,g2,pre
g2pre,A/RL/AL,congruency,time_resolved_trial_response,glm_clean,balanced_accuracy,25,0.6469560716827327,1.0351297146923724,0.4842592592592592,0.037460541654786,0.0152932020904167,6,97.5,64,149,g2,pre
g2pre,A/RL/AL,congruency,time_resolved_trial_response,glm_clean,balanced_accuracy,26,0.711651678851006,1.0351297146923724,0.4949074074074074,0.0324140204892857,0.0132329684518115,6,97.5,64,149,g2,pre
g2pre,A/RL/AL,congruency,time_resolved_trial_response,glm_clean,balanced_accuracy,27,0.7763472860192793,1.0351297146923724,0.5027777777777778,0.028054180384339,0.0114530711822712,6,97.5,64,149,g2,pre
g2pre,A/RL/AL,congruency,time_resolved_trial_response,glm_clean,balanced_accuracy,28,0.8410428931875525,1.0351297146923724,0.4958333333333333,0.049308489740549,0.020130106641934,6,97.5,64,149,g2,pre
g2pre,A/RL/AL,congruency,time_resolved_trial_response,glm_clean,balanced_accuracy,29,0.9057385003558258,1.0351297146923724,0.5055555555555555,0.0364302140238999,0.0148725725964898,6,97.5,64,149,g2,pre
g2pre,A/RL/AL,congruency,time_resolved_trial_response,glm_clean,balanced_accuracy,30,0.9704341075240992,1.0351297146923724,0.5212962962962963,0.0607226712056865,0.0247899267121207,6,97.5,64,149,g2,pre
g2pre,A/RL/AL,congruency,time_resolved_trial_response,glm_clean,balanced_accuracy,31,1.0351297146923724,1.0351297146923724,0.5064814814814815,0.052135467734401,0.0212842155751031,6,97.5,64,149,g2,pre
g2pre,A/RL/AL,congruency,time_resolved_trial_response,glm_clean,balanced_accuracy,32,1.0998253218606455,1.0351297146923724,0.5083333333333334,0.0494725263575404,0.0201970743103942,6,97.5,64,149,g2,pre
g2pre,A/RL/AL,congruency,time_resolved_trial_response,glm_clean,balanced_accuracy,33,1.164520929028919,1.0351297146923724,0.5375000000000001,0.0545676044626307,0.0222771312365772,6,97.5,64,149,g2,pre
g2pre,A/RL/AL,congruency,time_resolved_trial_response,glm_clean,balanced_accuracy,34,1.229216536197192,1.0351297146923724,0.5111111111111112,0.0438149870069563,0.0178873935422863,6,97.5,64,149,g2,pre
g2pre,A/RL/AL,congruency,time_resolved_trial_response,glm_clean,balanced_accuracy,35,1.2939121433654657,1.0351297146923724,0.5175925925925926,0.0517790494200862,0.0211387084075941,6,97.5,64,149,g2,pre
g2pre,A/RL/AL,congruency,time_resolved_trial_response,glm_clean,balanced_accuracy,36,1.3586077505337386,1.0351297146923724,0.5212962962962963,0.0427693594410284,0.0174605178760343,6,97.5,64,149,g2,pre
g2pre,A/RL/AL,congruency,time_resolved_trial_response,glm_clean,balanced_accuracy,37,1.423303357702012,1.0351297146923724,0.5064814814814814,0.0403941486207885,0.0164908421191801,6,97.5,64,149,g2,pre
g2pre,A/RL/AL,congruency,time_resolved_trial_response,glm_clean,balanced_accuracy,38,1.4879989648702852,1.0351297146923724,0.5087962962962963,0.0250565204708673,0.0102292816472044,6,97.5,64,149,g2,pre
g2pre,A/RL/AL,congruency,time_resolved_trial_response,glm_clean,balanced_accuracy,39,1.5526945720385583,1.0351297146923724,0.5115740740740741,0.0185439639997237,0.0075705416013106,6,97.5,64,149,g2,pre
g2pre,A/RL/AL,congruency,time_resolved_trial_response,glm_clean,balanced_accuracy,40,1.6173901792068317,1.0351297146923724,0.5092592592592593,0.0219895223834035,0.0089771849211413,6,97.5,64,149,g2,pre
g2pre,A/RL/AL,congruency,time_resolved_trial_response,glm_clean,balanced_accuracy,41,1.682085786375105,1.0351297146923724,0.5092592592592593,0.0337321817009295,0.0137711055130209,6,97.5,64,149,g2,pre
g2pre,A/RL/AL,congruency,time_resolved_trial_response,glm_clean,balanced_accuracy,42,1.7467813935433782,1.0351297146923724,0.5236111111111111,0.0262202212042537,0.0107043604822209,6,97.5,64,149,g2,pre
g2pre,A/RL/AL,congruency,time_resolved_trial_response,glm_clean,balanced_accuracy,43,1.8114770007116516,1.0351297146923724,0.4986111111111111,0.0265710089857069,0.0108475689943148,6,97.5,64,149,g2,pre
g2pre,A/RL/AL,congruency,time_resolved_trial_response,glm_clean,balanced_accuracy,44,1.8761726078799248,1.0351297146923724,0.5101851851851852,0.0245745694778276,0.0100325259782085,6,97.5,64,149,g2,pre
g2pre,A/RL/AL,congruency,time_resolved_trial_response,glm_clean,balanced_accuracy,45,1.9408682150481984,1.0351297146923724,0.5013888888888889,0.0270886746869664,0.0110589051318857,6,97.5,64,149,g2,pre
g2pre,A/RL/AL,congruency,time_resolved_trial_response,glm_clean,balanced_accuracy,46,2.0055638222164713,1.0351297146923724,0.4699074074074074,0.0295238273027198,0.0120530520242856,6,97.5,64,149,g2,pre
g2pre,A/RL/AL,modality,time_resolved_trial_response,glm_clean,balanced_accuracy,0,-0.9704341075240992,1.0351297146923724,0.3351851851851852,0.0230628056427492,0.0094153509769527,6,97.5,64,149,g2,pre
g2pre,A/RL/AL,modality,time_resolved_trial_response,glm_clean,balanced_accuracy,1,-0.9057385003558258,1.0351297146923724,0.345216049382716,0.0254143756416459,0.0103753754089084,6,97.5,64,149,g2,pre
g2pre,A/RL/AL,modality,time_resolved_trial_response,glm_clean,balanced_accuracy,2,-0.8410428931875525,1.0351297146923724,0.3462962962962962,0.0168304707666692,0.0068710109181947,6,97.5,64,149,g2,pre
g2pre,A/RL/AL,modality,time_resolved_trial_response,glm_clean,balanced_accuracy,3,-0.7763472860192793,1.0351297146923724,0.3239197530864197,0.0214000425196898,0.0087365307745173,6,97.5,64,149,g2,pre
g2pre,A/RL/AL,modality,time_resolved_trial_response,glm_clean,balanced_accuracy,4,-0.711651678851006,1.0351297146923724,0.3279320987654321,0.0223255058657755,0.0091143496034438,6,97.5,64,149,g2,pre
g2pre,A/RL/AL,modality,time_resolved_trial_response,glm_clean,balanced_accuracy,5,-0.6469560716827327,1.0351297146923724,0.3438271604938271,0.0301269983750924,0.012299295583439,6,97.5,64,149,g2,pre
g2pre,A/RL/AL,modality,time_resolved_trial_response,glm_clean,balanced_accuracy,6,-0.5822604645144595,1.0351297146923724,0.3333333333333333,0.0139934336943056,0.0057127953834196,6,97.5,64,149,g2,pre
g2pre,A/RL/AL,modality,time_resolved_trial_response,glm_clean,balanced_accuracy,7,-0.5175648573461862,1.0351297146923724,0.3387345679012346,0.0256627961024349,0.0104767926373417,6,97.5,64,149,g2,pre
g2pre,A/RL/AL,modality,time_resolved_trial_response,glm_clean,balanced_accuracy,8,-0.4528692501779129,1.0351297146923724,0.3316358024691357,0.0152866603433709,0.0062407529520829,6,97.5,64,149,g2,pre
g2pre,A/RL/AL,modality,time_resolved_trial_response,glm_clean,balanced_accuracy,9,-0.3881736430096396,1.0351297146923724,0.3339506172839506,0.0112135198299907,0.0045779003006763,6,97.5,64,149,g2,pre
g2pre,A/RL/AL,modality,time_resolved_trial_response,glm_clean,balanced_accuracy,10,-0.3234780358413663,1.0351297146923724,0.3351851851851852,0.0185739909898071,0.0075828000686799,6,97.5,64,149,g2,pre
g2pre,A/RL/AL,modality,time_resolved_trial_response,glm_clean,balanced_accuracy,11,-0.2587824286730931,1.0351297146923724,0.3371913580246913,0.018679087823075,0.0076257056711947,6,97.5,64,149,g2,pre
g2pre,A/RL/AL,modality,time_resolved_trial_response,glm_clean,balanced_accuracy,12,-0.1940868215048198,1.0351297146923724,0.3310185185185185,0.0075165569417045,0.0030686215216251,6,97.5,64,149,g2,pre
g2pre,A/RL/AL,modality,time_resolved_trial_response,glm_clean,balanced_accuracy,13,-0.1293912143365465,1.0351297146923724,0.3396604938271605,0.0267297137073862,0.0109123599256289,6,97.5,64,149,g2,pre
g2pre,A/RL/AL,modality,time_resolved_trial_response,glm_clean,balanced_accuracy,14,-0.0646956071682732,1.0351297146923724,0.3472222222222222,0.0236646089640442,0.0096610361540668,6,97.5,64,149,g2,pre
g2pre,A/RL/AL,modality,time_resolved_trial_response,glm_clean,balanced_accuracy,15,0.0,1.0351297146923724,0.3489197530864198,0.0268321553984908,0.0109541815708946,6,97.5,64,149,g2,pre
g2pre,A/RL/AL,modality,time_resolved_trial_response,glm_clean,balanced_accuracy,16,0.0646956071682732,1.0351297146923724,0.3558641975308642,0.023705632637564,0.0096777839986498,6,97.5,64,149,g2,pre
g2pre,A/RL/AL,modality,time_resolved_trial_response,glm_clean,balanced_accuracy,17,0.1293912143365465,1.0351297146923724,0.361574074074074,0.0153016087985681,0.0062468556333622,6,97.5,64,149,g2,pre
g2pre,A/RL/AL,modality,time_resolved_trial_response,glm_clean,balanced_accuracy,18,0.1940868215048198,1.0351297146923724,0.4462962962962962,0.0537739004826119,0.0219531029436002,6,97.5,64,149,g2,pre
g2pre,A/RL/AL,modality,time_resolved_trial_response,glm_clean,balanced_accuracy,19,0.2587824286730931,1.0351297146923724,0.6131172839506173,0.0578223257354131,0.023605865632127,6,97.5,64,149,g2,pre
g2pre,A/RL/AL,modality,time_resolved_trial_response,glm_clean,balanced_accuracy,20,0.3234780358413663,1.0351297146923724,0.6410493827160494,0.0783437666343776,0.0319837087969844,6,97.5,64,149,g2,pre
g2pre,A/RL/AL,modality,time_resolved_trial_response,glm_clean,balanced_accuracy,21,0.3881736430096396,1.0351297146923724,0.6665123456790124,0.0793911516551685,0.0324113019411798,6,97.5,64,149,g2,pre
g2pre,A/RL/AL,modality,time_resolved_trial_response,glm_clean,balanced_accuracy,22,0.4528692501779129,1.0351297146923724,0.6932098765432099,0.0794586162501446,0.0324388442467456,6,97.5,64,149,g2,pre
g2pre,A/RL/AL,modality,time_resolved_trial_response,glm_clean,balanced_accuracy,23,0.5175648573461862,1.0351297146923724,0.716358024691358,0.0923156351734913,0.0376877002426634,6,97.5,64,149,g2,pre
g2pre,A/RL/AL,modality,time_resolved_trial_response,glm_clean,balanced_accuracy,24,0.5822604645144595,1.0351297146923724,0.7296296296296295,0.0829724696934068,0.033873368907898,6,97.5,64,149,g2,pre
g2pre,A/RL/AL,modality,time_resolved_trial_response,glm_clean,balanced_accuracy,25,0.6469560716827327,1.0351297146923724,0.7407407407407408,0.0839687707315158,0.0342801071034933,6,97.5,64,149,g2,pre
g2pre,A/RL/AL,modality,time_resolved_trial_response,glm_clean,balanced_accuracy,26,0.711651678851006,1.0351297146923724,0.7337962962962963,0.0849932418841686,0.0346983457001934,6,97.5,64,149,g2,pre
g2pre,A/RL/AL,modality,time_resolved_trial_response,glm_clean,balanced_accuracy,27,0.7763472860192793,1.0351297146923724,0.7550925925925926,0.0614629322754434,0.0250921370283459,6,97.5,64,149,g2,pre
g2pre,A/RL/AL,modality,time_resolved_trial_response,glm_clean,balanced_accuracy,28,0.8410428931875525,1.0351297146923724,0.7567901234567902,0.0642132578077202,0.0262149527251171,6,97.5,64,149,g2,pre
g2pre,A/RL/AL,modality,time_resolved_trial_response,glm_clean,balanced_accuracy,29,0.9057385003558258,1.0351297146923724,0.7526234567901234,0.0754283985069683,0.0307935147428968,6,97.5,64,149,g2,pre
g2pre,A/RL/AL,modality,time_resolved_trial_response,glm_clean,balanced_accuracy,30,0.9704341075240992,1.0351297146923724,0.7398148148148148,0.0661580391593089,0.0270089063872291,6,97.5,64,149,g2,pre
g2pre,A/RL/AL,modality,time_resolved_trial_response,glm_clean,balanced_accuracy,31,1.0351297146923724,1.0351297146923724,0.7501543209876543,0.0660397910423291,0.0269606317956215,6,97.5,64,149,g2,pre
g2pre,A/RL/AL,modality,time_resolved_trial_response,glm_clean,balanced_accuracy,32,1.0998253218606455,1.0351297146923724,0.733179012345679,0.0708352497118316,0.0289183695994361,6,97.5,64,149,g2,pre
g2pre,A/RL/AL,modality,time_resolved_trial_response,glm_clean,balanced_accuracy,33,1.164520929028919,1.0351297146923724,0.7316358024691358,0.0640307514284075,0.0261404448077639,6,97.5,64,149,g2,pre
g2pre,A/RL/AL,modality,time_resolved_trial_response,glm_clean,balanced_accuracy,34,1.229216536197192,1.0351297146923724,0.7320987654320987,0.0755016752933861,0.0308234298656825,6,97.5,64,149,g2,pre
g2pre,A/RL/AL,modality,time_resolved_trial_response,glm_clean,balanced_accuracy,35,1.2939121433654657,1.0351297146923724,0.7348765432098766,0.0791277609981811,0.0323037731557406,6,97.5,64,149,g2,pre
g2pre,A/RL/AL,modality,time_resolved_trial_response,glm_clean,balanced_accuracy,36,1.3586077505337386,1.0351297146923724,0.7151234567901233,0.0787606910605339,0.0321539174812154,6,97.5,64,149,g2,pre
g2pre,A/RL/AL,modality,time_resolved_trial_response,glm_clean,balanced_accuracy,37,1.423303357702012,1.0351297146923724,0.7239197530864198,0.0706753058492255,0.0288530727909569,6,97.5,64,149,g2,pre
g2pre,A/RL/AL,modality,time_resolved_trial_response,glm_clean,balanced_accuracy,38,1.4879989648702852,1.0351297146923724,0.7024691358024692,0.0695583428095611,0.0283970745395026,6,97.5,64,149,g2,pre
g2pre,A/RL/AL,modality,time_resolved_trial_response,glm_clean,balanced_accuracy,39,1.5526945720385583,1.0351297146923724,0.6936728395061729,0.0793284931838395,0.0323857217273767,6,97.5,64,149,g2,pre
g2pre,A/RL/AL,modality,time_resolved_trial_response,glm_clean,balanced_accuracy,40,1.6173901792068317,1.0351297146923724,0.6848765432098766,0.073171976115901,0.0298723341591791,6,97.5,64,149,g2,pre
g2pre,A/RL/AL,modality,time_resolved_trial_response,glm_clean,balanced_accuracy,41,1.682085786375105,1.0351297146923724,0.6688271604938271,0.0908647426848916,0.0370953758645458,6,97.5,64,149,g2,pre
g2pre,A/RL/AL,modality,time_resolved_trial_response,glm_clean,balanced_accuracy,42,1.7467813935433782,1.0351297146923724,0.6618827160493828,0.0859814170010101,0.0351017665023229,6,97.5,64,149,g2,pre
g2pre,A/RL/AL,modality,time_resolved_trial_response,glm_clean,balanced_accuracy,43,1.8114770007116516,1.0351297146923724,0.6481481481481481,0.0837028842962187,0.0341715594208258,6,97.5,64,149,g2,pre
g2pre,A/RL/AL,modality,time_resolved_trial_response,glm_clean,balanced_accuracy,44,1.8761726078799248,1.0351297146923724,0.634104938271605,0.0807764461203145,0.0329768460383647,6,97.5,64,149,g2,pre
g2pre,A/RL/AL,modality,time_resolved_trial_response,glm_clean,balanced_accuracy,45,1.9408682150481984,1.0351297146923724,0.6297839506172839,0.0827021708460116,0.0337630198655345,6,97.5,64,149,g2,pre
g2pre,A/RL/AL,modality,time_resolved_trial_response,glm_clean,balanced_accuracy,46,2.0055638222164713,1.0351297146923724,0.5992283950617284,0.0642553010486189,0.0262321168063395,6,97.5,64,149,g2,pre
g2pre,A/RL/AL,trial_type,time_resolved_trial_response,glm_clean,balanced_accuracy,0,-0.9704341075240992,1.0351297146923724,0.1150462962962962,0.0130116479947428,0.0053119830499713,6,97.5,64,149,g2,pre
g2pre,A/RL/AL,trial_type,time_resolved_trial_response,glm_clean,balanced_accuracy,1,-0.9057385003558258,1.0351297146923724,0.1372685185185185,0.0172896678154533,0.0070584773283469,6,97.5,64,149,g2,pre
g2pre,A/RL/AL,trial_type,time_resolved_trial_response,glm_clean,balanced_accuracy,2,-0.8410428931875525,1.0351297146923724,0.1280092592592592,0.0053731633860941,0.0021935847667559,6,97.5,64,149,g2,pre
g2pre,A/RL/AL,trial_type,time_resolved_trial_response,glm_clean,balanced_accuracy,3,-0.7763472860192793,1.0351297146923724,0.13125,0.0085954158037587,0.0035090638077105,6,97.5,64,149,g2,pre
g2pre,A/RL/AL,trial_type,time_resolved_trial_response,glm_clean,balanced_accuracy,4,-0.711651678851006,1.0351297146923724,0.1261574074074074,0.0117002382937992,0.0047766022814633,6,97.5,64,149,g2,pre
g2pre,A/RL/AL,trial_type,time_resolved_trial_response,glm_clean,balanced_accuracy,5,-0.6469560716827327,1.0351297146923724,0.1300925925925926,0.0220595900778616,0.0090057899376206,6,97.5,64,149,g2,pre
g2pre,A/RL/AL,trial_type,time_resolved_trial_response,glm_clean,balanced_accuracy,6,-0.5822604645144595,1.0351297146923724,0.1259259259259259,0.0094471673634701,0.0038567899258626,6,97.5,64,149,g2,pre
g2pre,A/RL/AL,trial_type,time_resolved_trial_response,glm_clean,balanced_accuracy,7,-0.5175648573461862,1.0351297146923724,0.1344907407407407,0.0140934016899191,0.00575360714673,6,97.5,64,149,g2,pre
g2pre,A/RL/AL,trial_type,time_resolved_trial_response,glm_clean,balanced_accuracy,8,-0.4528692501779129,1.0351297146923724,0.1212962962962962,0.0102690152837124,0.0041923079343228,6,97.5,64,149,g2,pre
g2pre,A/RL/AL,trial_type,time_resolved_trial_response,glm_clean,balanced_accuracy,9,-0.3881736430096396,1.0351297146923724,0.1293981481481481,0.0107732187761297,0.0043981481481481,6,97.5,64,149,g2,pre
g2pre,A/RL/AL,trial_type,time_resolved_trial_response,glm_clean,balanced_accuracy,10,-0.3234780358413663,1.0351297146923724,0.1298611111111111,0.0136577997432661,0.0055757733966861,6,97.5,64,149,g2,pre
g2pre,A/RL/AL,trial_type,time_resolved_trial_response,glm_clean,balanced_accuracy,11,-0.2587824286730931,1.0351297146923724,0.1317129629629629,0.0159913331722378,0.0065284344298041,6,97.5,64,149,g2,pre
g2pre,A/RL/AL,trial_type,time_resolved_trial_response,glm_clean,balanced_accuracy,12,-0.1940868215048198,1.0351297146923724,0.1231481481481481,0.0092823785443349,0.0037895151721631,6,97.5,64,149,g2,pre
g2pre,A/RL/AL,trial_type,time_resolved_trial_response,glm_clean,balanced_accuracy,13,-0.1293912143365465,1.0351297146923724,0.1206018518518518,0.0127116849456072,0.0051895236479594,6,97.5,64,149,g2,pre
g2pre,A/RL/AL,trial_type,time_resolved_trial_response,glm_clean,balanced_accuracy,14,-0.0646956071682732,1.0351297146923724,0.1328703703703704,0.0132248674602645,0.0053990295322641,6,97.5,64,149,g2,pre
g2pre,A/RL/AL,trial_type,time_resolved_trial_response,glm_clean,balanced_accuracy,15,0.0,1.0351297146923724,0.1344907407407407,0.0166994276780272,0.0068175128012795,6,97.5,64,149,g2,pre
g2pre,A/RL/AL,trial_type,time_resolved_trial_response,glm_clean,balanced_accuracy,16,0.0646956071682732,1.0351297146923724,0.130324074074074,0.0262704456923065,0.0107248645436079,6,97.5,64,149,g2,pre
g2pre,A/RL/AL,trial_type,time_resolved_trial_response,glm_clean,balanced_accuracy,17,0.1293912143365465,1.0351297146923724,0.1381944444444444,0.007388575599039,0.0030163733572707,6,97.5,64,149,g2,pre
g2pre,A/RL/AL,trial_type,time_resolved_trial_response,glm_clean,balanced_accuracy,18,0.1940868215048198,1.0351297146923724,0.1724537037037037,0.0301924979780802,0.0123260356843848,6,97.5,64,149,g2,pre
g2pre,A/RL/AL,trial_type,time_resolved_trial_response,glm_clean,balanced_accuracy,19,0.2587824286730931,1.0351297146923724,0.2831018518518518,0.0345765462624642,0.0141158159017956,6,97.5,64,149,g2,pre
g2pre,A/RL/AL,trial_type,time_resolved_trial_response,glm_clean,balanced_accuracy,20,0.3234780358413663,1.0351297146923724,0.361574074074074,0.0831092666660061,0.0339292160381023,6,97.5,64,149,g2,pre
g2pre,A/RL/AL,trial_type,time_resolved_trial_response,glm_clean,balanced_accuracy,21,0.3881736430096396,1.0351297146923724,0.4046296296296296,0.0738422297680625,0.0301459640668513,6,97.5,64,149,g2,pre
g2pre,A/RL/AL,trial_type,time_resolved_trial_response,glm_clean,balanced_accuracy,22,0.4528692501779129,1.0351297146923724,0.4418981481481481,0.0839671115559256,0.0342794297478951,6,97.5,64,149,g2,pre
g2pre,A/RL/AL,trial_type,time_resolved_trial_response,glm_clean,balanced_accuracy,23,0.5175648573461862,1.0351297146923724,0.4587962962962963,0.1039596708763753,0.042441357912466,6,97.5,64,149,g2,pre
g2pre,A/RL/AL,trial_type,time_resolved_trial_response,glm_clean,balanced_accuracy,24,0.5822604645144595,1.0351297146923724,0.4583333333333333,0.1111041664496392,0.0453580860164777,6,97.5,64,149,g2,pre
g2pre,A/RL/AL,trial_type,time_resolved_trial_response,glm_clean,balanced_accuracy,25,0.6469560716827327,1.0351297146923724,0.4483796296296296,0.0973230297480589,0.0397319605174087,6,97.5,64,149,g2,pre
g2pre,A/RL/AL,trial_type,time_resolved_trial_response,glm_clean,balanced_accuracy,26,0.711651678851006,1.0351297146923724,0.455324074074074,0.0907505427434483,0.0370487539336805,6,97.5,64,149,g2,pre
g2pre,A/RL/AL,trial_type,time_resolved_trial_response,glm_clean,balanced_accuracy,27,0.7763472860192793,1.0351297146923724,0.4527777777777778,0.0684258632786763,0.0279347417070336,6,97.5,64,149,g2,pre
g2pre,A/RL/AL,trial_type,time_resolved_trial_response,glm_clean,balanced_accuracy,28,0.8410428931875525,1.0351297146923724,0.4347222222222222,0.0721367015027975,0.029449685068219,6,97.5,64,149,g2,pre
g2pre,A/RL/AL,trial_type,time_resolved_trial_response,glm_clean,balanced_accuracy,29,0.9057385003558258,1.0351297146923724,0.4405092592592592,0.0593718187365209,0.024238443500915,6,97.5,64,149,g2,pre
g2pre,A/RL/AL,trial_type,time_resolved_trial_response,glm_clean,balanced_accuracy,30,0.9704341075240992,1.0351297146923724,0.4391203703703704,0.0667442642531895,0.0272482317796329,6,97.5,64,149,g2,pre
g2pre,A/RL/AL,trial_type,time_resolved_trial_response,glm_clean,balanced_accuracy,31,1.0351297146923724,1.0351297146923724,0.4391203703703704,0.0715428337264688,0.0292072395637713,6,97.5,64,149,g2,pre
g2pre,A/RL/AL,trial_type,time_resolved_trial_response,glm_clean,balanced_accuracy,32,1.0998253218606455,1.0351297146923724,0.4497685185185185,0.0818215494017441,0.0334035076663665,6,97.5,64,149,g2,pre
g2pre,A/RL/AL,trial_type,time_resolved_trial_response,glm_clean,balanced_accuracy,33,1.164520929028919,1.0351297146923724,0.4416666666666667,0.0862051457889482,0.0351931033975262,6,97.5,64,149,g2,pre
g2pre,A/RL/AL,trial_type,time_resolved_trial_response,glm_clean,balanced_accuracy,34,1.229216536197192,1.0351297146923724,0.4358796296296297,0.0676399821190836,0.0276139070671221,6,97.5,64,149,g2,pre
g2pre,A/RL/AL,trial_type,time_resolved_trial_response,glm_clean,balanced_accuracy,35,1.2939121433654657,1.0351297146923724,0.4180555555555555,0.0838456474278336,0.0342298422252488,6,97.5,64,149,g2,pre
g2pre,A/RL/AL,trial_type,time_resolved_trial_response,glm_clean,balanced_accuracy,36,1.3586077505337386,1.0351297146923724,0.4134259259259259,0.0734178104898215,0.0299726956220694,6,97.5,64,149,g2,pre
g2pre,A/RL/AL,trial_type,time_resolved_trial_response,glm_clean,balanced_accuracy,37,1.423303357702012,1.0351297146923724,0.3990740740740741,0.082264753764502,0.0335844450897886,6,97.5,64,149,g2,pre
g2pre,A/RL/AL,trial_type,time_resolved_trial_response,glm_clean,balanced_accuracy,38,1.4879989648702852,1.0351297146923724,0.3956018518518518,0.0707783919096561,0.0288951574988984,6,97.5,64,149,g2,pre
g2pre,A/RL/AL,trial_type,time_resolved_trial_response,glm_clean,balanced_accuracy,39,1.5526945720385583,1.0351297146923724,0.3814814814814815,0.0706815730842385,0.0288556313789369,6,97.5,64,149,g2,pre
g2pre,A/RL/AL,trial_type,time_resolved_trial_response,glm_clean,balanced_accuracy,40,1.6173901792068317,1.0351297146923724,0.3675925925925926,0.0692144338998904,0.0282566743150543,6,97.5,64,149,g2,pre
g2pre,A/RL/AL,trial_type,time_resolved_trial_response,glm_clean,balanced_accuracy,41,1.682085786375105,1.0351297146923724,0.3423611111111111,0.078713370865987,0.0321345990926872,6,97.5,64,149,g2,pre
g2pre,A/RL/AL,trial_type,time_resolved_trial_response,glm_clean,balanced_accuracy,42,1.7467813935433782,1.0351297146923724,0.3462962962962962,0.0700675746731405,0.0286049675772587,6,97.5,64,149,g2,pre
g2pre,A/RL/AL,trial_type,time_resolved_trial_response,glm_clean,balanced_accuracy,43,1.8114770007116516,1.0351297146923724,0.3203703703703703,0.0736119846209528,0.0300519668791561,6,97.5,64,149,g2,pre
g2pre,A/RL/AL,trial_type,time_resolved_trial_response,glm_clean,balanced_accuracy,44,1.8761726078799248,1.0351297146923724,0.3203703703703703,0.0772085652725157,0.0315202647816721,6,97.5,64,149,g2,pre
g2pre,A/RL/AL,trial_type,time_resolved_trial_response,glm_clean,balanced_accuracy,45,1.9408682150481984,1.0351297146923724,0.3016203703703703,0.0685070998993937,0.0279679064185645,6,97.5,64,149,g2,pre
g2pre,A/RL/AL,trial_type,time_resolved_trial_response,glm_clean,balanced_accuracy,46,2.0055638222164713,1.0351297146923724,0.2953703703703704,0.0532048993690658,0.021720809211723,6,97.5,64,149,g2,pre
g2pre,A/RL/AL,visual_direction,time_resolved_trial_response,glm_clean,balanced_accuracy,0,-0.9704341075240992,1.0351297146923724,0.525,0.0240811955278828,0.0098311069065841,6,97.5,64,149,g2,pre
g2pre,A/RL/AL,visual_direction,time_resolved_trial_response,glm_clean,balanced_accuracy,1,-0.9057385003558258,1.0351297146923724,0.5135802469135803,0.0296912938578911,0.0121214199591442,6,97.5,64,149,g2,pre
g2pre,A/RL/AL,visual_direction,time_resolved_trial_response,glm_clean,balanced_accuracy,2,-0.8410428931875525,1.0351297146923724,0.5064814814814814,0.0186568904440832,0.0076166436291685,6,97.5,64,149,g2,pre
g2pre,A/RL/AL,visual_direction,time_resolved_trial_response,glm_clean,balanced_accuracy,3,-0.7763472860192793,1.0351297146923724,0.5197530864197532,0.0309578825059901,0.0126385026094516,6,97.5,64,149,g2,pre
g2pre,A/RL/AL,visual_direction,time_resolved_trial_response,glm_clean,balanced_accuracy,4,-0.711651678851006,1.0351297146923724,0.5104938271604939,0.0127046574885806,0.0051866547006419,6,97.5,64,149,g2,pre
g2pre,A/RL/AL,visual_direction,time_resolved_trial_response,glm_clean,balanced_accuracy,5,-0.6469560716827327,1.0351297146923724,0.4962962962962963,0.0125598703391208,0.0051275455943938,6,97.5,64,149,g2,pre
g2pre,A/RL/AL,visual_direction,time_resolved_trial_response,glm_clean,balanced_accuracy,6,-0.5822604645144595,1.0351297146923724,0.5126543209876543,0.0241001757834622,0.009838855563477,6,97.5,64,149,g2,pre
g2pre,A/RL/AL,visual_direction,time_resolved_trial_response,glm_clean,balanced_accuracy,7,-0.5175648573461862,1.0351297146923724,0.5203703703703704,0.0168508343201145,0.0068793243040765,6,97.5,64,149,g2,pre
g2pre,A/RL/AL,visual_direction,time_resolved_trial_response,glm_clean,balanced_accuracy,8,-0.4528692501779129,1.0351297146923724,0.4987654320987654,0.0063792645346981,0.0026043238407072,6,97.5,64,149,g2,pre
g2pre,A/RL/AL,visual_direction,time_resolved_trial_response,glm_clean,balanced_accuracy,9,-0.3881736430096396,1.0351297146923724,0.5145061728395062,0.0250217098237853,0.0102150702600432,6,97.5,64,149,g2,pre
g2pre,A/RL/AL,visual_direction,time_resolved_trial_response,glm_clean,balanced_accuracy,10,-0.3234780358413663,1.0351297146923724,0.5126543209876543,0.0365414372276098,0.0149179792792642,6,97.5,64,149,g2,pre
g2pre,A/RL/AL,visual_direction,time_resolved_trial_response,glm_clean,balanced_accuracy,11,-0.2587824286730931,1.0351297146923724,0.5188271604938272,0.0126911538629876,0.0051811418685785,6,97.5,64,149,g2,pre
g2pre,A/RL/AL,visual_direction,time_resolved_trial_response,glm_clean,balanced_accuracy,12,-0.1940868215048198,1.0351297146923724,0.5098765432098765,0.0245023631084159,0.0100030478513356,6,97.5,64,149,g2,pre
g2pre,A/RL/AL,visual_direction,time_resolved_trial_response,glm_clean,balanced_accuracy,13,-0.1293912143365465,1.0351297146923724,0.4984567901234567,0.0448349612913953,0.0183037963002256,6,97.5,64,149,g2,pre
g2pre,A/RL/AL,visual_direction,time_resolved_trial_response,glm_clean,balanced_accuracy,14,-0.0646956071682732,1.0351297146923724,0.524074074074074,0.0295832971077271,0.0120773304705141,6,97.5,64,149,g2,pre
g2pre,A/RL/AL,visual_direction,time_resolved_trial_response,glm_clean,balanced_accuracy,15,0.0,1.0351297146923724,0.5040123456790123,0.0192598527923736,0.0078628019770722,6,97.5,64,149,g2,pre
g2pre,A/RL/AL,visual_direction,time_resolved_trial_response,glm_clean,balanced_accuracy,16,0.0646956071682732,1.0351297146923724,0.491358024691358,0.0296450577117111,0.0121025441315086,6,97.5,64,149,g2,pre
g2pre,A/RL/AL,visual_direction,time_resolved_trial_response,glm_clean,balanced_accuracy,17,0.1293912143365465,1.0351297146923724,0.4922839506172839,0.0245233481498963,0.0100116149586453,6,97.5,64,149,g2,pre
g2pre,A/RL/AL,visual_direction,time_resolved_trial_response,glm_clean,balanced_accuracy,18,0.1940868215048198,1.0351297146923724,0.5108024691358025,0.0265381849966654,0.0108341686569024,6,97.5,64,149,g2,pre
g2pre,A/RL/AL,visual_direction,time_resolved_trial_response,glm_clean,balanced_accuracy,19,0.2587824286730931,1.0351297146923724,0.6651234567901234,0.0872488884822087,0.0356192095677339,6,97.5,64,149,g2,pre
g2pre,A/RL/AL,visual_direction,time_resolved_trial_response,glm_clean,balanced_accuracy,20,0.3234780358413663,1.0351297146923724,0.7885802469135803,0.10375274413656,0.0423568804246852,6,97.5,64,149,g2,pre
g2pre,A/RL/AL,visual_direction,time_resolved_trial_response,glm_clean,balanced_accuracy,21,0.3881736430096396,1.0351297146923724,0.869753086419753,0.0742651855644535,0.0303186350476697,6,97.5,64,149,g2,pre
g2pre,A/RL/AL,visual_direction,time_resolved_trial_response,glm_clean,balanced_accuracy,22,0.4528692501779129,1.0351297146923724,0.9117283950617284,0.0533213292389276,0.021768341507053,6,97.5,64,149,g2,pre
g2pre,A/RL/AL,visual_direction,time_resolved_trial_response,glm_clean,balanced_accuracy,23,0.5175648573461862,1.0351297146923724,0.9290123456790124,0.0526091088654765,0.021477578757158,6,97.5,64,149,g2,pre
g2pre,A/RL/AL,visual_direction,time_resolved_trial_response,glm_clean,balanced_accuracy,24,0.5822604645144595,1.0351297146923724,0.9351851851851852,0.0599267957634988,0.0244650119234254,6,97.5,64,149,g2,pre
g2pre,A/RL/AL,visual_direction,time_resolved_trial_response,glm_clean,balanced_accuracy,25,0.6469560716827327,1.0351297146923724,0.9222222222222222,0.0679102126499936,0.0277242282193972,6,97.5,64,149,g2,pre
g2pre,A/RL/AL,visual_direction,time_resolved_trial_response,glm_clean,balanced_accuracy,26,0.711651678851006,1.0351297146923724,0.9046296296296296,0.0888097641661562,0.0362564343973321,6,97.5,64,149,g2,pre
g2pre,A/RL/AL,visual_direction,time_resolved_trial_response,glm_clean,balanced_accuracy,27,0.7763472860192793,1.0351297146923724,0.8950617283950617,0.079242527367416,0.0323506263297834,6,97.5,64,149,g2,pre
g2pre,A/RL/AL,visual_direction,time_resolved_trial_response,glm_clean,balanced_accuracy,28,0.8410428931875525,1.0351297146923724,0.8864197530864198,0.0878852808382616,0.0358790156591568,6,97.5,64,149,g2,pre
g2pre,A/RL/AL,visual_direction,time_resolved_trial_response,glm_clean,balanced_accuracy,29,0.9057385003558258,1.0351297146923724,0.8836419753086421,0.0771172718450717,0.0314829943959875,6,97.5,64,149,g2,pre
g2pre,A/RL/AL,visual_direction,time_resolved_trial_response,glm_clean,balanced_accuracy,30,0.9704341075240992,1.0351297146923724,0.9003086419753087,0.0698657998982873,0.0285225933703661,6,97.5,64,149,g2,pre
g2pre,A/RL/AL,visual_direction,time_resolved_trial_response,glm_clean,balanced_accuracy,31,1.0351297146923724,1.0351297146923724,0.9098765432098764,0.0476565597887717,0.0194557090631549,6,97.5,64,149,g2,pre
g2pre,A/RL/AL,visual_direction,time_resolved_trial_response,glm_clean,balanced_accuracy,32,1.0998253218606455,1.0351297146923724,0.9200617283950616,0.0329487415569619,0.0134512674135653,6,97.5,64,149,g2,pre
g2pre,A/RL/AL,visual_direction,time_resolved_trial_response,glm_clean,balanced_accuracy,33,1.164520929028919,1.0351297146923724,0.915432098765432,0.0392079795541985,0.0160065906255436,6,97.5,64,149,g2,pre
g2pre,A/RL/AL,visual_direction,time_resolved_trial_response,glm_clean,balanced_accuracy,34,1.229216536197192,1.0351297146923724,0.9003086419753087,0.0318048030352868,0.0129842564676957,6,97.5,64,149,g2,pre
g2pre,A/RL/AL,visual_direction,time_resolved_trial_response,glm_clean,balanced_accuracy,35,1.2939121433654657,1.0351297146923724,0.884567901234568,0.0411038810236703,0.0167805891593434,6,97.5,64,149,g2,pre
g2pre,A/RL/AL,visual_direction,time_resolved_trial_response,glm_clean,balanced_accuracy,36,1.3586077505337386,1.0351297146923724,0.8753086419753088,0.0553659315285884,0.0226030468964855,6,97.5,64,149,g2,pre
g2pre,A/RL/AL,visual_direction,time_resolved_trial_response,glm_clean,balanced_accuracy,37,1.423303357702012,1.0351297146923724,0.8570987654320987,0.0619683607339506,0.0252984773324833,6,97.5,64,149,g2,pre
g2pre,A/RL/AL,visual_direction,time_resolved_trial_response,glm_clean,balanced_accuracy,38,1.4879989648702852,1.0351297146923724,0.8546296296296297,0.0614943092374172,0.0251049466194317,6,97.5,64,149,g2,pre
g2pre,A/RL/AL,visual_direction,time_resolved_trial_response,glm_clean,balanced_accuracy,39,1.5526945720385583,1.0351297146923724,0.8231481481481482,0.0754024410792734,0.0307829176674155,6,97.5,64,149,g2,pre
g2pre,A/RL/AL,visual_direction,time_resolved_trial_response,glm_clean,balanced_accuracy,40,1.6173901792068317,1.0351297146923724,0.825925925925926,0.0679102126499936,0.0277242282193973,6,97.5,64,149,g2,pre
g2pre,A/RL/AL,visual_direction,time_resolved_trial_response,glm_clean,balanced_accuracy,41,1.682085786375105,1.0351297146923724,0.8003086419753086,0.0787367396170526,0.03214413934536,6,97.5,64,149,g2,pre
g2pre,A/RL/AL,visual_direction,time_resolved_trial_response,glm_clean,balanced_accuracy,42,1.7467813935433782,1.0351297146923724,0.7777777777777778,0.082043516172537,0.0334941252210825,6,97.5,64,149,g2,pre
g2pre,A/RL/AL,visual_direction,time_resolved_trial_response,glm_clean,balanced_accuracy,43,1.8114770007116516,1.0351297146923724,0.7845679012345679,0.081402880158099,0.0332325866633786,6,97.5,64,149,g2,pre
g2pre,A/RL/AL,visual_direction,time_resolved_trial_response,glm_clean,balanced_accuracy,44,1.8761726078799248,1.0351297146923724,0.7567901234567902,0.0896393219940542,0.0365950999624123,6,97.5,64,149,g2,pre
g2pre,A/RL/AL,visual_direction,time_resolved_trial_response,glm_clean,balanced_accuracy,45,1.9408682150481984,1.0351297146923724,0.755246913580247,0.0886139007778428,0.0361764735038887,6,97.5,64,149,g2,pre
g2pre,A/RL/AL,visual_direction,time_resolved_trial_response,glm_clean,balanced_accuracy,46,2.0055638222164713,1.0351297146923724,0.7466049382716049,0.0874216613194665,0.035689743783183,6,97.5,64,149,g2,pre
g2pre,AM/PM,auditory_direction,time_resolved_trial_response,glm_clean,balanced_accuracy,0,-0.9704341075240992,1.0351297146923724,0.4938271604938271,0.0564840112770836,0.032611059115734,3,176.66666666666666,159,186,g2,pre
g2pre,AM/PM,auditory_direction,time_resolved_trial_response,glm_clean,balanced_accuracy,1,-0.9057385003558258,1.0351297146923724,0.4685185185185185,0.0193339009424269,0.0111624329135957,3,176.66666666666666,159,186,g2,pre
g2pre,AM/PM,auditory_direction,time_resolved_trial_response,glm_clean,balanced_accuracy,2,-0.8410428931875525,1.0351297146923724,0.5061728395061728,0.0259479624160292,0.0149810630858168,3,176.66666666666666,159,186,g2,pre
g2pre,AM/PM,auditory_direction,time_resolved_trial_response,glm_clean,balanced_accuracy,3,-0.7763472860192793,1.0351297146923724,0.5086419753086421,0.0358290663232875,0.020685921086563,3,176.66666666666666,159,186,g2,pre
g2pre,AM/PM,auditory_direction,time_resolved_trial_response,glm_clean,balanced_accuracy,4,-0.711651678851006,1.0351297146923724,0.5141975308641974,0.0141437521449254,0.008165899108224,3,176.66666666666666,159,186,g2,pre
g2pre,AM/PM,auditory_direction,time_resolved_trial_response,glm_clean,balanced_accuracy,5,-0.6469560716827327,1.0351297146923724,0.4796296296296296,0.0048995394649344,0.0028287504289851,3,176.66666666666666,159,186,g2,pre
g2pre,AM/PM,auditory_direction,time_resolved_trial_response,glm_clean,balanced_accuracy,6,-0.5822604645144595,1.0351297146923724,0.5253086419753087,0.0444573026667428,0.0256674356620886,3,176.66666666666666,159,186,g2,pre
g2pre,AM/PM,auditory_direction,time_resolved_trial_response,glm_clean,balanced_accuracy,7,-0.5175648573461862,1.0351297146923724,0.5123456790123456,0.0420795727584056,0.0242946526594499,3,176.66666666666666,159,186,g2,pre
g2pre,AM/PM,auditory_direction,time_resolved_trial_response,glm_clean,balanced_accuracy,8,-0.4528692501779129,1.0351297146923724,0.4808641975308642,0.0510967952754935,0.0295007485070334,3,176.66666666666666,159,186,g2,pre
g2pre,AM/PM,auditory_direction,time_resolved_trial_response,glm_clean,balanced_accuracy,9,-0.3881736430096396,1.0351297146923724,0.5012345679012346,0.0186415665068413,0.0107627134408411,3,176.66666666666666,159,186,g2,pre
g2pre,AM/PM,auditory_direction,time_resolved_trial_response,glm_clean,balanced_accuracy,10,-0.3234780358413663,1.0351297146923724,0.4901234567901234,0.0282875042898509,0.0163317982164481,3,176.66666666666666,159,186,g2,pre
g2pre,AM/PM,auditory_direction,time_resolved_trial_response,glm_clean,balanced_accuracy,11,-0.2587824286730931,1.0351297146923724,0.4858024691358025,0.0087515104189862,0.0050526868962175,3,176.66666666666666,159,186,g2,pre
g2pre,AM/PM,auditory_direction,time_resolved_trial_response,glm_clean,balanced_accuracy,12,-0.1940868215048198,1.0351297146923724,0.532716049382716,0.0182699365270973,0.010548152771997,3,176.66666666666666,159,186,g2,pre
g2pre,AM/PM,auditory_direction,time_resolved_trial_response,glm_clean,balanced_accuracy,13,-0.1293912143365465,1.0351297146923724,0.519753086419753,0.0380118625144213,0.0219461590551002,3,176.66666666666666,159,186,g2,pre
g2pre,AM/PM,auditory_direction,time_resolved_trial_response,glm_clean,balanced_accuracy,14,-0.0646956071682732,1.0351297146923724,0.4709876543209876,0.0301649178342484,0.0174157234316862,3,176.66666666666666,159,186,g2,pre
g2pre,AM/PM,auditory_direction,time_resolved_trial_response,glm_clean,balanced_accuracy,15,0.0,1.0351297146923724,0.5265432098765431,0.021701723248453,0.0125294957593731,3,176.66666666666666,159,186,g2,pre
g2pre,AM/PM,auditory_direction,time_resolved_trial_response,glm_clean,balanced_accuracy,16,0.0646956071682732,1.0351297146923724,0.504320987654321,0.0267932523632231,0.0154690914643724,3,176.66666666666666,159,186,g2,pre
g2pre,AM/PM,auditory_direction,time_resolved_trial_response,glm_clean,balanced_accuracy,17,0.1293912143365465,1.0351297146923724,0.5407407407407407,0.0213565973975385,0.0123302372564433,3,176.66666666666666,159,186,g2,pre
g2pre,AM/PM,auditory_direction,time_resolved_trial_response,glm_clean,balanced_accuracy,18,0.1940868215048198,1.0351297146923724,0.528395061728395,0.0396025060057912,0.0228645175030273,3,176.66666666666666,159,186,g2,pre
g2pre,AM/PM,auditory_direction,time_resolved_trial_response,glm_clean,balanced_accuracy,19,0.2587824286730931,1.0351297146923724,0.567283950617284,0.0455244297962772,0.0262835417975849,3,176.66666666666666,159,186,g2,pre
g2pre,AM/PM,auditory_direction,time_resolved_trial_response,glm_clean,balanced_accuracy,20,0.3234780358413663,1.0351297146923724,0.6185185185185185,0.0462962962962962,0.0267291791291493,3,176.66666666666666,159,186,g2,pre
g2pre,AM/PM,auditory_direction,time_resolved_trial_response,glm_clean,balanced_accuracy,21,0.3881736430096396,1.0351297146923724,0.608641975308642,0.0560574041141116,0.0323647573553539,3,176.66666666666666,159,186,g2,pre
g2pre,AM/PM,auditory_direction,time_resolved_trial_response,glm_clean,balanced_accuracy,22,0.4528692501779129,1.0351297146923724,0.637037037037037,0.0819222087429432,0.0472978092703469,3,176.66666666666666,159,186,g2,pre
g2pre,AM/PM,auditory_direction,time_resolved_trial_response,glm_clean,balanced_accuracy,23,0.5175648573461862,1.0351297146923724,0.6438271604938272,0.0447647919983108,0.0258449647104423,3,176.66666666666666,159,186,g2,pre
g2pre,AM/PM,auditory_direction,time_resolved_trial_response,glm_clean,balanced_accuracy,24,0.5822604645144595,1.0351297146923724,0.6222222222222222,0.037175666481268,0.0214633810502638,3,176.66666666666666,159,186,g2,pre
g2pre,AM/PM,auditory_direction,time_resolved_trial_response,glm_clean,balanced_accuracy,25,0.6469560716827327,1.0351297146923724,0.6283950617283951,0.0608674528966899,0.0351418403147908,3,176.66666666666666,159,186,g2,pre
g2pre,AM/PM,auditory_direction,time_resolved_trial_response,glm_clean,balanced_accuracy,26,0.711651678851006,1.0351297146923724,0.6185185185185186,0.0465179877299276,0.0268571727380334,3,176.66666666666666,159,186,g2,pre
g2pre,AM/PM,auditory_direction,time_resolved_trial_response,glm_clean,balanced_accuracy,27,0.7763472860192793,1.0351297146923724,0.5777777777777777,0.0218330113380585,0.0126052949732482,3,176.66666666666666,159,186,g2,pre
g2pre,AM/PM,auditory_direction,time_resolved_trial_response,glm_clean,balanced_accuracy,28,0.8410428931875525,1.0351297146923724,0.5802469135802469,0.0510632268089717,0.0294813677438507,3,176.66666666666666,159,186,g2,pre
g2pre,AM/PM,auditory_direction,time_resolved_trial_response,glm_clean,balanced_accuracy,29,0.9057385003558258,1.0351297146923724,0.5895061728395062,0.043403446496906,0.0250589915187462,3,176.66666666666666,159,186,g2,pre
g2pre,AM/PM,auditory_direction,time_resolved_trial_response,glm_clean,balanced_accuracy,30,0.9704341075240992,1.0351297146923724,0.6049382716049383,0.0274882025656941,0.0158703211508424,3,176.66666666666666,159,186,g2,pre
g2pre,AM/PM,auditory_direction,time_resolved_trial_response,glm_clean,balanced_accuracy,31,1.0351297146923724,1.0351297146923724,0.5679012345679012,0.0650348997089675,0.0375479168536927,3,176.66666666666666,159,186,g2,pre
g2pre,AM/PM,auditory_direction,time_resolved_trial_response,glm_clean,balanced_accuracy,32,1.0998253218606455,1.0351297146923724,0.5469135802469136,0.046897333119068,0.0270761879005695,3,176.66666666666666,159,186,g2,pre
g2pre,AM/PM,auditory_direction,time_resolved_trial_response,glm_clean,balanced_accuracy,33,1.164520929028919,1.0351297146923724,0.5604938271604939,0.0379667267029179,0.0219200998821786,3,176.66666666666666,159,186,g2,pre
g2pre,AM/PM,auditory_direction,time_resolved_trial_response,glm_clean,balanced_accuracy,34,1.229216536197192,1.0351297146923724,0.5722222222222223,0.0850038327224333,0.0490769857044468,3,176.66666666666666,159,186,g2,pre
g2pre,AM/PM,auditory_direction,time_resolved_trial_response,glm_clean,balanced_accuracy,35,1.2939121433654657,1.0351297146923724,0.5944444444444444,0.0418616835387307,0.0241688542598171,3,176.66666666666666,159,186,g2,pre
g2pre,AM/PM,auditory_direction,time_resolved_trial_response,glm_clean,balanced_accuracy,36,1.3586077505337386,1.0351297146923724,0.5697530864197531,0.072797644384225,0.0420297395816029,3,176.66666666666666,159,186,g2,pre
g2pre,AM/PM,auditory_direction,time_resolved_trial_response,glm_clean,balanced_accuracy,37,1.423303357702012,1.0351297146923724,0.5722222222222223,0.102656752233594,0.0592689035361982,3,176.66666666666666,159,186,g2,pre
g2pre,AM/PM,auditory_direction,time_resolved_trial_response,glm_clean,balanced_accuracy,38,1.4879989648702852,1.0351297146923724,0.5771604938271605,0.0685518770981572,0.0395784446960752,3,176.66666666666666,159,186,g2,pre
g2pre,AM/PM,auditory_direction,time_resolved_trial_response,glm_clean,balanced_accuracy,39,1.5526945720385583,1.0351297146923724,0.5765432098765432,0.0629175580656156,0.036325469085937,3,176.66666666666666,159,186,g2,pre
g2pre,AM/PM,auditory_direction,time_resolved_trial_response,glm_clean,balanced_accuracy,40,1.6173901792068317,1.0351297146923724,0.5691358024691359,0.0724197993879627,0.041811590671299,3,176.66666666666666,159,186,g2,pre
g2pre,AM/PM,auditory_direction,time_resolved_trial_response,glm_clean,balanced_accuracy,41,1.682085786375105,1.0351297146923724,0.5746913580246914,0.0607546656727361,0.0350767225806799,3,176.66666666666666,159,186,g2,pre
g2pre,AM/PM,auditory_direction,time_resolved_trial_response,glm_clean,balanced_accuracy,42,1.7467813935433782,1.0351297146923724,0.5419753086419753,0.0539691185046775,0.0311590850966023,3,176.66666666666666,159,186,g2,pre
g2pre,AM/PM,auditory_direction,time_resolved_trial_response,glm_clean,balanced_accuracy,43,1.8114770007116516,1.0351297146923724,0.5722222222222222,0.055308090826178,0.0319321411268581,3,176.66666666666666,159,186,g2,pre
g2pre,AM/PM,auditory_direction,time_resolved_trial_response,glm_clean,balanced_accuracy,44,1.8761726078799248,1.0351297146923724,0.5703703703703703,0.0631804522564146,0.0364772511177632,3,176.66666666666666,159,186,g2,pre
g2pre,AM/PM,auditory_direction,time_resolved_trial_response,glm_clean,balanced_accuracy,45,1.9408682150481984,1.0351297146923724,0.5537037037037037,0.0267077872256591,0.0154197481441935,3,176.66666666666666,159,186,g2,pre
g2pre,AM/PM,auditory_direction,time_resolved_trial_response,glm_clean,balanced_accuracy,46,2.0055638222164713,1.0351297146923724,0.5635802469135802,0.0518628736081357,0.0299430440386046,3,176.66666666666666,159,186,g2,pre
g2pre,AM/PM,congruency,time_resolved_trial_response,glm_clean,balanced_accuracy,0,-0.9704341075240992,1.0351297146923724,0.4731481481481481,0.0272637627117323,0.0157407407407407,3,176.66666666666666,159,186,g2,pre
g2pre,AM/PM,congruency,time_resolved_trial_response,glm_clean,balanced_accuracy,1,-0.9057385003558258,1.0351297146923724,0.5009259259259259,0.0069905874400655,0.0040360175403154,3,176.66666666666666,159,186,g2,pre
g2pre,AM/PM,congruency,time_resolved_trial_response,glm_clean,balanced_accuracy,2,-0.8410428931875525,1.0351297146923724,0.5083333333333333,0.0309320242379445,0.0178586125203573,3,176.66666666666666,159,186,g2,pre
g2pre,AM/PM,congruency,time_resolved_trial_response,glm_clean,balanced_accuracy,3,-0.7763472860192793,1.0351297146923724,0.4898148148148148,0.0404768388785081,0.0233693138224518,3,176.66666666666666,159,186,g2,pre
g2pre,AM/PM,congruency,time_resolved_trial_response,glm_clean,balanced_accuracy,4,-0.711651678851006,1.0351297146923724,0.514814814814815,0.0152988070757948,0.0088327703834903,3,176.66666666666666,159,186,g2,pre
g2pre,AM/PM,congruency,time_resolved_trial_response,glm_clean,balanced_accuracy,5,-0.6469560716827327,1.0351297146923724,0.4740740740740741,0.0208487597207365,0.012037037037037,3,176.66666666666666,159,186,g2,pre
g2pre,AM/PM,congruency,time_resolved_trial_response,glm_clean,balanced_accuracy,6,-0.5822604645144595,1.0351297146923724,0.513888888888889,0.0300462606288665,0.0173472166622177,3,176.66666666666666,159,186,g2,pre
g2pre,AM/PM,congruency,time_resolved_trial_response,glm_clean,balanced_accuracy,7,-0.5175648573461862,1.0351297146923724,0.5212962962962963,0.0269792634895064,0.0155764850382044,3,176.66666666666666,159,186,g2,pre
g2pre,AM/PM,congruency,time_resolved_trial_response,glm_clean,balanced_accuracy,8,-0.4528692501779129,1.0351297146923724,0.512962962962963,0.0331398706818023,0.0191333132590479,3,176.66666666666666,159,186,g2,pre
g2pre,AM/PM,congruency,time_resolved_trial_response,glm_clean,balanced_accuracy,9,-0.3881736430096396,1.0351297146923724,0.5305555555555556,0.0554860676539949,0.0320348960963077,3,176.66666666666666,159,186,g2,pre
g2pre,AM/PM,congruency,time_resolved_trial_response,glm_clean,balanced_accuracy,10,-0.3234780358413663,1.0351297146923724,0.5157407407407407,0.0377137256563265,0.0217740296598238,3,176.66666666666666,159,186,g2,pre
g2pre,AM/PM,congruency,time_resolved_trial_response,glm_clean,balanced_accuracy,11,-0.2587824286730931,1.0351297146923724,0.5296296296296297,0.0357172250407146,0.020621349491963,3,176.66666666666666,159,186,g2,pre
g2pre,AM/PM,congruency,time_resolved_trial_response,glm_clean,balanced_accuracy,12,-0.1940868215048198,1.0351297146923724,0.5037037037037037,0.0084862512869553,0.0048995394649344,3,176.66666666666666,159,186,g2,pre
g2pre,AM/PM,congruency,time_resolved_trial_response,glm_clean,balanced_accuracy,13,-0.1293912143365465,1.0351297146923724,0.5462962962962963,0.0137024523953228,0.0079111145789976,3,176.66666666666666,159,186,g2,pre
g2pre,AM/PM,congruency,time_resolved_trial_response,glm_clean,balanced_accuracy,14,-0.0646956071682732,1.0351297146923724,0.5166666666666666,0.0509932215296828,0.0294409501770086,3,176.66666666666666,159,186,g2,pre
g2pre,AM/PM,congruency,time_resolved_trial_response,glm_clean,balanced_accuracy,15,0.0,1.0351297146923724,0.4879629629629629,0.0167436493703936,0.0096669504712134,3,176.66666666666666,159,186,g2,pre
g2pre,AM/PM,congruency,time_resolved_trial_response,glm_clean,balanced_accuracy,16,0.0646956071682732,1.0351297146923724,0.5351851851851852,0.0210329938733344,0.0121434046746333,3,176.66666666666666,159,186,g2,pre
g2pre,AM/PM,congruency,time_resolved_trial_response,glm_clean,balanced_accuracy,17,0.1293912143365465,1.0351297146923724,0.5,0.0154660121189722,0.0089293062601786,3,176.66666666666666,159,186,g2,pre
g2pre,AM/PM,congruency,time_resolved_trial_response,glm_clean,balanced_accuracy,18,0.1940868215048198,1.0351297146923724,0.4685185185185185,0.0242691526334836,0.0140118018059458,3,176.66666666666666,159,186,g2,pre
g2pre,AM/PM,congruency,time_resolved_trial_response,glm_clean,balanced_accuracy,19,0.2587824286730931,1.0351297146923724,0.499074074074074,0.0377137256563264,0.0217740296598237,3,176.66666666666666,159,186,g2,pre
g2pre,AM/PM,congruency,time_resolved_trial_response,glm_clean,balanced_accuracy,20,0.3234780358413663,1.0351297146923724,0.5351851851851852,0.0137024523953229,0.0079111145789977,3,176.66666666666666,159,186,g2,pre
g2pre,AM/PM,congruency,time_resolved_trial_response,glm_clean,balanced_accuracy,21,0.3881736430096396,1.0351297146923724,0.5,0.0313039657488462,0.0180733530517992,3,176.66666666666666,159,186,g2,pre
g2pre,AM/PM,congruency,time_resolved_trial_response,glm_clean,balanced_accuracy,22,0.4528692501779129,1.0351297146923724,0.5157407407407407,0.0694629604944853,0.0401044589401994,3,176.66666666666666,159,186,g2,pre
g2pre,AM/PM,congruency,time_resolved_trial_response,glm_clean,balanced_accuracy,23,0.5175648573461862,1.0351297146923724,0.5166666666666667,0.0467294551146131,0.0269792634895064,3,176.66666666666666,159,186,g2,pre
g2pre,AM/PM,congruency,time_resolved_trial_response,glm_clean,balanced_accuracy,24,0.5822604645144595,1.0351297146923724,0.5277777777777778,0.0416666666666667,0.0240562612162344,3,176.66666666666666,159,186,g2,pre
g2pre,AM/PM,congruency,time_resolved_trial_response,glm_clean,balanced_accuracy,25,0.6469560716827327,1.0351297146923724,0.4907407407407407,0.0269792634895064,0.0155764850382043,3,176.66666666666666,159,186,g2,pre
g2pre,AM/PM,congruency,time_resolved_trial_response,glm_clean,balanced_accuracy,26,0.711651678851006,1.0351297146923724,0.4703703703703704,0.0197072191238822,0.0113779682661523,3,176.66666666666666,159,186,g2,pre
g2pre,AM/PM,congruency,time_resolved_trial_response,glm_clean,balanced_accuracy,27,0.7763472860192793,1.0351297146923724,0.5046296296296297,0.0162762924363397,0.0093971218195298,3,176.66666666666666,159,186,g2,pre
g2pre,AM/PM,congruency,time_resolved_trial_response,glm_clean,balanced_accuracy,28,0.8410428931875525,1.0351297146923724,0.5240740740740741,0.0383225964566202,0.022125561380275,3,176.66666666666666,159,186,g2,pre
g2pre,AM/PM,congruency,time_resolved_trial_response,glm_clean,balanced_accuracy,29,0.9057385003558258,1.0351297146923724,0.5194444444444445,0.0073493091974016,0.0042431256434776,3,176.66666666666666,159,186,g2,pre
g2pre,AM/PM,congruency,time_resolved_trial_response,glm_clean,balanced_accuracy,30,0.9704341075240992,1.0351297146923724,0.5194444444444445,0.0457279934254287,0.0264010693136727,3,176.66666666666666,159,186,g2,pre
g2pre,AM/PM,congruency,time_resolved_trial_response,glm_clean,balanced_accuracy,31,1.0351297146923724,1.0351297146923724,0.5342592592592593,0.0152988070757947,0.0088327703834902,3,176.66666666666666,159,186,g2,pre
g2pre,AM/PM,congruency,time_resolved_trial_response,glm_clean,balanced_accuracy,32,1.0998253218606455,1.0351297146923724,0.4851851851851852,0.0278240355579939,0.0160642144193495,3,176.66666666666666,159,186,g2,pre
g2pre,AM/PM,congruency,time_resolved_trial_response,glm_clean,balanced_accuracy,33,1.164520929028919,1.0351297146923724,0.5111111111111112,0.0254587538608658,0.0146986183948033,3,176.66666666666666,159,186,g2,pre
g2pre,AM/PM,congruency,time_resolved_trial_response,glm_clean,balanced_accuracy,34,1.229216536197192,1.0351297146923724,0.5111111111111112,0.0529966223009414,0.0305976141515894,3,176.66666666666666,159,186,g2,pre
g2pre,AM/PM,congruency,time_resolved_trial_response,glm_clean,balanced_accuracy,35,1.2939121433654657,1.0351297146923724,0.4824074074074074,0.067833158916268,0.03916349256029,3,176.66666666666666,159,186,g2,pre
g2pre,AM/PM,congruency,time_resolved_trial_response,glm_clean,balanced_accuracy,36,1.3586077505337386,1.0351297146923724,0.5083333333333334,0.01821510701195,0.0105164969366672,3,176.66666666666666,159,186,g2,pre
g2pre,AM/PM,congruency,time_resolved_trial_response,glm_clean,balanced_accuracy,37,1.423303357702012,1.0351297146923724,0.5009259259259259,0.0416048924790017,0.0240205958723571,3,176.66666666666666,159,186,g2,pre
g2pre,AM/PM,congruency,time_resolved_trial_response,glm_clean,balanced_accuracy,38,1.4879989648702852,1.0351297146923724,0.5120370370370371,0.0222800174361407,0.0128633740643053,3,176.66666666666666,159,186,g2,pre
g2pre,AM/PM,congruency,time_resolved_trial_response,glm_clean,balanced_accuracy,39,1.5526945720385583,1.0351297146923724,0.4925925925925926,0.0272637627117323,0.0157407407407407,3,176.66666666666666,159,186,g2,pre
g2pre,AM/PM,congruency,time_resolved_trial_response,glm_clean,balanced_accuracy,40,1.6173901792068317,1.0351297146923724,0.4935185185185184,0.0289120277703629,0.0166923670160369,3,176.66666666666666,159,186,g2,pre
g2pre,AM/PM,congruency,time_resolved_trial_response,glm_clean,balanced_accuracy,41,1.682085786375105,1.0351297146923724,0.5027777777777778,0.0701079414673552,0.0404768388785081,3,176.66666666666666,159,186,g2,pre
g2pre,AM/PM,congruency,time_resolved_trial_response,glm_clean,balanced_accuracy,42,1.7467813935433782,1.0351297146923724,0.5083333333333333,0.0194444444444443,0.0112262552342426,3,176.66666666666666,159,186,g2,pre
g2pre,AM/PM,congruency,time_resolved_trial_response,glm_clean,balanced_accuracy,43,1.8114770007116516,1.0351297146923724,0.4861111111111111,0.0373711779085381,0.0215762596254278,3,176.66666666666666,159,186,g2,pre
g2pre,AM/PM,congruency,time_resolved_trial_response,glm_clean,balanced_accuracy,44,1.8761726078799248,1.0351297146923724,0.4907407407407407,0.0305976141515894,0.0176655407669805,3,176.66666666666666,159,186,g2,pre
g2pre,AM/PM,congruency,time_resolved_trial_response,glm_clean,balanced_accuracy,45,1.9408682150481984,1.0351297146923724,0.4962962962962963,0.0397070030414658,0.0229248488947036,3,176.66666666666666,159,186,g2,pre
g2pre,AM/PM,congruency,time_resolved_trial_response,glm_clean,balanced_accuracy,46,2.0055638222164713,1.0351297146923724,0.513888888888889,0.056723827379617,0.0327495170070877,3,176.66666666666666,159,186,g2,pre
g2pre,AM/PM,modality,time_resolved_trial_response,glm_clean,balanced_accuracy,0,-0.9704341075240992,1.0351297146923724,0.3265432098765432,0.0103245238788134,0.0059608666406876,3,176.66666666666666,159,186,g2,pre
g2pre,AM/PM,modality,time_resolved_trial_response,glm_clean,balanced_accuracy,1,-0.9057385003558258,1.0351297146923724,0.329320987654321,0.0167009250104551,0.009642283550502,3,176.66666666666666,159,186,g2,pre
g2pre,AM/PM,modality,time_resolved_trial_response,glm_clean,balanced_accuracy,2,-0.8410428931875525,1.0351297146923724,0.3385802469135803,0.0061651186282216,0.0035594328995897,3,176.66666666666666,159,186,g2,pre
g2pre,AM/PM,modality,time_resolved_trial_response,glm_clean,balanced_accuracy,3,-0.7763472860192793,1.0351297146923724,0.3435185185185185,0.0230367690826383,0.0133002848311205,3,176.66666666666666,159,186,g2,pre
g2pre,AM/PM,modality,time_resolved_trial_response,glm_clean,balanced_accuracy,4,-0.711651678851006,1.0351297146923724,0.3126543209876543,0.0148821771002977,0.0085922289549846,3,176.66666666666666,159,186,g2,pre
g2pre,AM/PM,modality,time_resolved_trial_response,glm_clean,balanced_accuracy,5,-0.6469560716827327,1.0351297146923724,0.3302469135802469,0.0107316905251318,0.0061959444135446,3,176.66666666666666,159,186,g2,pre
g2pre,AM/PM,modality,time_resolved_trial_response,glm_clean,balanced_accuracy,6,-0.5822604645144595,1.0351297146923724,0.3530864197530864,0.0205449867168427,0.0118616536114664,3,176.66666666666666,159,186,g2,pre
g2pre,AM/PM,modality,time_resolved_trial_response,glm_clean,balanced_accuracy,7,-0.5175648573461862,1.0351297146923724,0.3246913580246913,0.0122954223994087,0.0070987654320987,3,176.66666666666666,159,186,g2,pre
g2pre,AM/PM,modality,time_resolved_trial_response,glm_clean,balanced_accuracy,8,-0.4528692501779129,1.0351297146923724,0.3262345679012346,0.0266166798300621,0.0153671472648204,3,176.66666666666666,159,186,g2,pre
g2pre,AM/PM,modality,time_resolved_trial_response,glm_clean,balanced_accuracy,9,-0.3881736430096396,1.0351297146923724,0.3481481481481481,0.0200522294700997,0.0115771600824142,3,176.66666666666666,159,186,g2,pre
g2pre,AM/PM,modality,time_resolved_trial_response,glm_clean,balanced_accuracy,10,-0.3234780358413663,1.0351297146923724,0.3126543209876543,0.0222479275196791,0.012844846942398,3,176.66666666666666,159,186,g2,pre
g2pre,AM/PM,modality,time_resolved_trial_response,glm_clean,balanced_accuracy,11,-0.2587824286730931,1.0351297146923724,0.3320987654320987,0.0050996023585982,0.0029442567944967,3,176.66666666666666,159,186,g2,pre
g2pre,AM/PM,modality,time_resolved_trial_response,glm_clean,balanced_accuracy,12,-0.1940868215048198,1.0351297146923724,0.3379629629629629,0.0097990789298688,0.0056575008579701,3,176.66666666666666,159,186,g2,pre
g2pre,AM/PM,modality,time_resolved_trial_response,glm_clean,balanced_accuracy,13,-0.1293912143365465,1.0351297146923724,0.3351851851851852,0.0157951130641036,0.0091193127794408,3,176.66666666666666,159,186,g2,pre
g2pre,AM/PM,modality,time_resolved_trial_response,glm_clean,balanced_accuracy,14,-0.0646956071682732,1.0351297146923724,0.3654320987654321,0.0212021536982661,0.0122410691450937,3,176.66666666666666,159,186,g2,pre
g2pre,AM/PM,modality,time_resolved_trial_response,glm_clean,balanced_accuracy,15,0.0,1.0351297146923724,0.3716049382716049,0.0254306753766846,0.0146824072744028,3,176.66666666666666,159,186,g2,pre
g2pre,AM/PM,modality,time_resolved_trial_response,glm_clean,balanced_accuracy,16,0.0646956071682732,1.0351297146923724,0.3672839506172839,0.0384491600143233,0.0221986328843845,3,176.66666666666666,159,186,g2,pre
g2pre,AM/PM,modality,time_resolved_trial_response,glm_clean,balanced_accuracy,17,0.1293912143365465,1.0351297146923724,0.3848765432098766,0.0241688542598171,0.0139538945129102,3,176.66666666666666,159,186,g2,pre
g2pre,AM/PM,modality,time_resolved_trial_response,glm_clean,balanced_accuracy,18,0.1940868215048198,1.0351297146923724,0.4506172839506173,0.0099006265014477,0.0057161293757568,3,176.66666666666666,159,186,g2,pre
g2pre,AM/PM,modality,time_resolved_trial_response,glm_clean,balanced_accuracy,19,0.2587824286730931,1.0351297146923724,0.6024691358024692,0.0638172796038834,0.0368449235582517,3,176.66666666666666,159,186,g2,pre
g2pre,AM/PM,modality,time_resolved_trial_response,glm_clean,balanced_accuracy,20,0.3234780358413663,1.0351297146923724,0.6466049382716049,0.1041052631092281,0.0601052016801696,3,176.66666666666666,159,186,g2,pre
g2pre,AM/PM,modality,time_resolved_trial_response,glm_clean,balanced_accuracy,21,0.3881736430096396,1.0351297146923724,0.6864197530864198,0.0990798429150056,0.0572037739782443,3,176.66666666666666,159,186,g2,pre
g2pre,AM/PM,modality,time_resolved_trial_response,glm_clean,balanced_accuracy,22,0.4528692501779129,1.0351297146923724,0.7527777777777778,0.0867261982938693,0.0500713939307583,3,176.66666666666666,159,186,g2,pre
g2pre,AM/PM,modality,time_resolved_trial_response,glm_clean,balanced_accuracy,23,0.5175648573461862,1.0351297146923724,0.7802469135802469,0.0783999220812767,0.0452642161180708,3,176.66666666666666,159,186,g2,pre
g2pre,AM/PM,modality,time_resolved_trial_response,glm_clean,balanced_accuracy,24,0.5822604645144595,1.0351297146923724,0.7808641975308642,0.0987591626096529,0.0570186291176251,3,176.66666666666666,159,186,g2,pre
g2pre,AM/PM,modality,time_resolved_trial_response,glm_clean,balanced_accuracy,25,0.6469560716827327,1.0351297146923724,0.8138888888888888,0.0529318738072461,0.0305602315913248,3,176.66666666666666,159,186,g2,pre
g2pre,AM/PM,modality,time_resolved_trial_response,glm_clean,balanced_accuracy,26,0.711651678851006,1.0351297146923724,0.8095679012345679,0.0745490175173551,0.0430408953314671,3,176.66666666666666,159,186,g2,pre
g2pre,AM/PM,modality,time_resolved_trial_response,glm_clean,balanced_accuracy,27,0.7763472860192793,1.0351297146923724,0.8222222222222223,0.0401044589401994,0.0231543201648284,3,176.66666666666666,159,186,g2,pre
g2pre,AM/PM,modality,time_resolved_trial_response,glm_clean,balanced_accuracy,28,0.8410428931875525,1.0351297146923724,0.8333333333333334,0.0597993329350649,0.0345251609674197,3,176.66666666666666,159,186,g2,pre
g2pre,AM/PM,modality,time_resolved_trial_response,glm_clean,balanced_accuracy,29,0.9057385003558258,1.0351297146923724,0.841358024691358,0.0500457038486649,0.0288939005888109,3,176.66666666666666,159,186,g2,pre
g2pre,AM/PM,modality,time_resolved_trial_response,glm_clean,balanced_accuracy,30,0.9704341075240992,1.0351297146923724,0.8398148148148148,0.0467661344413865,0.0270004403086927,3,176.66666666666666,159,186,g2,pre
g2pre,AM/PM,modality,time_resolved_trial_response,glm_clean,balanced_accuracy,31,1.0351297146923724,1.0351297146923724,0.8373456790123456,0.0518546075105498,0.0299382716049383,3,176.66666666666666,159,186,g2,pre
g2pre,AM/PM,modality,time_resolved_trial_response,glm_clean,balanced_accuracy,32,1.0998253218606455,1.0351297146923724,0.8311728395061729,0.0314860200069114,0.0181784621267002,3,176.66666666666666,159,186,g2,pre
g2pre,AM/PM,modality,time_resolved_trial_response,glm_clean,balanced_accuracy,33,1.164520929028919,1.0351297146923724,0.820679012345679,0.0813252570817624,0.046953159068071,3,176.66666666666666,159,186,g2,pre
g2pre,AM/PM,modality,time_resolved_trial_response,glm_clean,balanced_accuracy,34,1.229216536197192,1.0351297146923724,0.8228395061728394,0.0461138379876929,0.0266238367755613,3,176.66666666666666,159,186,g2,pre
g2pre,AM/PM,modality,time_resolved_trial_response,glm_clean,balanced_accuracy,35,1.2939121433654657,1.0351297146923724,0.8117283950617283,0.0556660423972947,0.0321388045627992,3,176.66666666666666,159,186,g2,pre
g2pre,AM/PM,modality,time_resolved_trial_response,glm_clean,balanced_accuracy,36,1.3586077505337386,1.0351297146923724,0.8114197530864198,0.0502423254495172,0.0290074201229915,3,176.66666666666666,159,186,g2,pre
g2pre,AM/PM,modality,time_resolved_trial_response,glm_clean,balanced_accuracy,37,1.423303357702012,1.0351297146923724,0.8027777777777777,0.0220479275922049,0.0127293769304328,3,176.66666666666666,159,186,g2,pre
g2pre,AM/PM,modality,time_resolved_trial_response,glm_clean,balanced_accuracy,38,1.4879989648702852,1.0351297146923724,0.7969135802469136,0.039024601528558,0.0225308641975308,3,176.66666666666666,159,186,g2,pre
g2pre,AM/PM,modality,time_resolved_trial_response,glm_clean,balanced_accuracy,39,1.5526945720385583,1.0351297146923724,0.7799382716049382,0.039656590575089,0.0228957432436704,3,176.66666666666666,159,186,g2,pre
g2pre,AM/PM,modality,time_resolved_trial_response,glm_clean,balanced_accuracy,40,1.6173901792068317,1.0351297146923724,0.7824074074074074,0.0347314802472427,0.0200522294700997,3,176.66666666666666,159,186,g2,pre
g2pre,AM/PM,modality,time_resolved_trial_response,glm_clean,balanced_accuracy,41,1.682085786375105,1.0351297146923724,0.7765432098765433,0.0399044354540592,0.0230388365512611,3,176.66666666666666,159,186,g2,pre
g2pre,AM/PM,modality,time_resolved_trial_response,glm_clean,balanced_accuracy,42,1.7467813935433782,1.0351297146923724,0.7601851851851852,0.0168965625841616,0.009755234956345,3,176.66666666666666,159,186,g2,pre
g2pre,AM/PM,modality,time_resolved_trial_response,glm_clean,balanced_accuracy,43,1.8114770007116516,1.0351297146923724,0.7496913580246912,0.0257323016630798,0.0148565512920477,3,176.66666666666666,159,186,g2,pre
g2pre,AM/PM,modality,time_resolved_trial_response,glm_clean,balanced_accuracy,44,1.8761726078799248,1.0351297146923724,0.7530864197530863,0.0399902823129519,0.0230884002583519,3,176.66666666666666,159,186,g2,pre
g2pre,AM/PM,modality,time_resolved_trial_response,glm_clean,balanced_accuracy,45,1.9408682150481984,1.0351297146923724,0.7268518518518517,0.0565270004799895,0.032635878943604,3,176.66666666666666,159,186,g2,pre
g2pre,AM/PM,modality,time_resolved_trial_response,glm_clean,balanced_accuracy,46,2.0055638222164713,1.0351297146923724,0.7160493827160493,0.0298075292072223,0.0172093850116674,3,176.66666666666666,159,186,g2,pre
g2pre,AM/PM,trial_type,time_resolved_trial_response,glm_clean,balanced_accuracy,0,-0.9704341075240992,1.0351297146923724,0.1273148148148148,0.0100474696362086,0.0058009092991396,3,176.66666666666666,159,186,g2,pre
g2pre,AM/PM,trial_type,time_resolved_trial_response,glm_clean,balanced_accuracy,1,-0.9057385003558258,1.0351297146923724,0.1129629629629629,0.0125256937578413,0.0072317126628765,3,176.66666666666666,159,186,g2,pre
g2pre,AM/PM,trial_type,time_resolved_trial_response,glm_clean,balanced_accuracy,2,-0.8410428931875525,1.0351297146923724,0.1157407407407407,0.0081381462181698,0.0046985609097649,3,176.66666666666666,159,186,g2,pre
g2pre,AM/PM,trial_type,time_resolved_trial_response,glm_clean,balanced_accuracy,3,-0.7763472860192793,1.0351297146923724,0.1277777777777777,0.0201747764532416,0.0116479126161195,3,176.66666666666666,159,186,g2,pre
g2pre,AM/PM,trial_type,time_resolved_trial_response,glm_clean,balanced_accuracy,4,-0.711651678851006,1.0351297146923724,0.1268518518518518,0.0141866235611523,0.0081906509319232,3,176.66666666666666,159,186,g2,pre
g2pre,AM/PM,trial_type,time_resolved_trial_response,glm_clean,balanced_accuracy,5,-0.6469560716827327,1.0351297146923724,0.1101851851851851,0.0129049628377466,0.0074506837682551,3,176.66666666666666,159,186,g2,pre
g2pre,AM/PM,trial_type,time_resolved_trial_response,glm_clean,balanced_accuracy,6,-0.5822604645144595,1.0351297146923724,0.1374999999999999,0.0192450089729875,0.011111111111111,3,176.66666666666666,159,186,g2,pre
g2pre,AM/PM,trial_type,time_resolved_trial_response,glm_clean,balanced_accuracy,7,-0.5175648573461862,1.0351297146923724,0.1222222222222222,0.016839382851364,0.0097222222222222,3,176.66666666666666,159,186,g2,pre
g2pre,AM/PM,trial_type,time_resolved_trial_response,glm_clean,balanced_accuracy,8,-0.4528692501779129,1.0351297146923724,0.124537037037037,0.0065636328142397,0.0037895151721631,3,176.66666666666666,159,186,g2,pre
g2pre,AM/PM,trial_type,time_resolved_trial_response,glm_clean,balanced_accuracy,9,-0.3881736430096396,1.0351297146923724,0.1277777777777777,0.0060540263104731,0.0034952937200327,3,176.66666666666666,159,186,g2,pre
g2pre,AM/PM,trial_type,time_resolved_trial_response,glm_clean,balanced_accuracy,10,-0.3234780358413663,1.0351297146923724,0.1259259259259259,0.0241496321402684,0.0139427966170144,3,176.66666666666666,159,186,g2,pre
g2pre,AM/PM,trial_type,time_resolved_trial_response,glm_clean,balanced_accuracy,11,-0.2587824286730931,1.0351297146923724,0.1319444444444444,0.0121080526209463,0.0069905874400655,3,176.66666666666666,159,186,g2,pre
g2pre,AM/PM,trial_type,time_resolved_trial_response,glm_clean,balanced_accuracy,12,-0.1940868215048198,1.0351297146923724,0.1398148148148148,0.0212610416726019,0.0122750681329285,3,176.66666666666666,159,186,g2,pre
g2pre,AM/PM,trial_type,time_resolved_trial_response,glm_clean,balanced_accuracy,13,-0.1293912143365465,1.0351297146923724,0.1310185185185185,0.0056131276171213,0.0032407407407407,3,176.66666666666666,159,186,g2,pre
g2pre,AM/PM,trial_type,time_resolved_trial_response,glm_clean,balanced_accuracy,14,-0.0646956071682732,1.0351297146923724,0.137037037037037,0.0179125390019936,0.0103418092146706,3,176.66666666666666,159,186,g2,pre
g2pre,AM/PM,trial_type,time_resolved_trial_response,glm_clean,balanced_accuracy,15,0.0,1.0351297146923724,0.1384259259259259,0.0124484533886562,0.0071871179149352,3,176.66666666666666,159,186,g2,pre
g2pre,AM/PM,trial_type,time_resolved_trial_response,glm_clean,balanced_accuracy,16,0.0646956071682732,1.0351297146923724,0.1333333333333333,0.0146328524345176,0.0084482812920808,3,176.66666666666666,159,186,g2,pre
g2pre,AM/PM,trial_type,time_resolved_trial_response,glm_clean,balanced_accuracy,17,0.1293912143365465,1.0351297146923724,0.15,0.0055555555555555,0.0032075014954979,3,176.66666666666666,159,186,g2,pre
g2pre,AM/PM,trial_type,time_resolved_trial_response,glm_clean,balanced_accuracy,18,0.1940868215048198,1.0351297146923724,0.1851851851851852,0.0296693888333557,0.0171296296296296,3,176.66666666666666,159,186,g2,pre
g2pre,AM/PM,trial_type,time_resolved_trial_response,glm_clean,balanced_accuracy,19,0.2587824286730931,1.0351297146923724,0.3777777777777777,0.0354370856171474,0.0204596109203558,3,176.66666666666666,159,186,g2,pre
g2pre,AM/PM,trial_type,time_resolved_trial_response,glm_clean,balanced_accuracy,20,0.3234780358413663,1.0351297146923724,0.4606481481481481,0.0828496767045059,0.0478332831476199,3,176.66666666666666,159,186,g2,pre
g2pre,AM/PM,trial_type,time_resolved_trial_response,glm_clean,balanced_accuracy,21,0.3881736430096396,1.0351297146923724,0.5032407407407408,0.0657684474739032,0.0379714308532418,3,176.66666666666666,159,186,g2,pre
g2pre,AM/PM,trial_type,time_resolved_trial_response,glm_clean,balanced_accuracy,22,0.4528692501779129,1.0351297146923724,0.538425925925926,0.082639861494432,0.0477121462796037,3,176.66666666666666,159,186,g2,pre
g2pre,AM/PM,trial_type,time_resolved_trial_response,glm_clean,balanced_accuracy,23,0.5175648573461862,1.0351297146923724,0.5726851851851852,0.0701950178786175,0.0405271124679904,3,176.66666666666666,159,186,g2,pre
g2pre,AM/PM,trial_type,time_resolved_trial_response,glm_clean,balanced_accuracy,24,0.5822604645144595,1.0351297146923724,0.5685185185185185,0.0707424980390612,0.0408432002859985,3,176.66666666666666,159,186,g2,pre
g2pre,AM/PM,trial_type,time_resolved_trial_response,glm_clean,balanced_accuracy,25,0.6469560716827327,1.0351297146923724,0.5754629629629631,0.0704692896366424,0.0406854633413172,3,176.66666666666666,159,186,g2,pre
g2pre,AM/PM,trial_type,time_resolved_trial_response,glm_clean,balanced_accuracy,26,0.711651678851006,1.0351297146923724,0.562037037037037,0.0875807974988523,0.0505647970118045,3,176.66666666666666,159,186,g2,pre
g2pre,AM/PM,trial_type,time_resolved_trial_response,glm_clean,balanced_accuracy,27,0.7763472860192793,1.0351297146923724,0.5472222222222223,0.0591216573716466,0.034133904798457,3,176.66666666666666,159,186,g2,pre
g2pre,AM/PM,trial_type,time_resolved_trial_response,glm_clean,balanced_accuracy,28,0.8410428931875525,1.0351297146923724,0.5523148148148148,0.0478982116902872,0.027654045413089,3,176.66666666666666,159,186,g2,pre
g2pre,AM/PM,trial_type,time_resolved_trial_response,glm_clean,balanced_accuracy,29,0.9057385003558258,1.0351297146923724,0.5361111111111111,0.0770927171465439,0.0445095009971168,3,176.66666666666666,159,186,g2,pre
g2pre,AM/PM,trial_type,time_resolved_trial_response,glm_clean,balanced_accuracy,30,0.9704341075240992,1.0351297146923724,0.5407407407407407,0.0724533339240357,0.0418309518447278,3,176.66666666666666,159,186,g2,pre
g2pre,AM/PM,trial_type,time_resolved_trial_response,glm_clean,balanced_accuracy,31,1.0351297146923724,1.0351297146923724,0.5342592592592592,0.0670753292518096,0.038725959399515,3,176.66666666666666,159,186,g2,pre
g2pre,AM/PM,trial_type,time_resolved_trial_response,glm_clean,balanced_accuracy,32,1.0998253218606455,1.0351297146923724,0.5203703703703703,0.0430630220527165,0.0248624473742546,3,176.66666666666666,159,186,g2,pre
g2pre,AM/PM,trial_type,time_resolved_trial_response,glm_clean,balanced_accuracy,33,1.164520929028919,1.0351297146923724,0.5347222222222222,0.075,0.0433012701892219,3,176.66666666666666,159,186,g2,pre
g2pre,AM/PM,trial_type,time_resolved_trial_response,glm_clean,balanced_accuracy,34,1.229216536197192,1.0351297146923724,0.5564814814814815,0.0478175975321309,0.0276075028071769,3,176.66666666666666,159,186,g2,pre
g2pre,AM/PM,trial_type,time_resolved_trial_response,glm_clean,balanced_accuracy,35,1.2939121433654657,1.0351297146923724,0.5254629629629629,0.0666859540001142,0.0385011534931329,3,176.66666666666666,159,186,g2,pre
g2pre,AM/PM,trial_type,time_resolved_trial_response,glm_clean,balanced_accuracy,36,1.3586077505337386,1.0351297146923724,0.5277777777777778,0.0447687818369062,0.0258472682448294,3,176.66666666666666,159,186,g2,pre
g2pre,AM/PM,trial_type,time_resolved_trial_response,glm_clean,balanced_accuracy,37,1.423303357702012,1.0351297146923724,0.5185185185185185,0.043530829621913,0.0251325362002592,3,176.66666666666666,159,186,g2,pre
g2pre,AM/PM,trial_type,time_resolved_trial_response,glm_clean,balanced_accuracy,38,1.4879989648702852,1.0351297146923724,0.5055555555555555,0.0706424443112751,0.0407854342393278,3,176.66666666666666,159,186,g2,pre
g2pre,AM/PM,trial_type,time_resolved_trial_response,glm_clean,balanced_accuracy,39,1.5526945720385583,1.0351297146923724,0.5083333333333333,0.0649667531307028,0.0375085724083872,3,176.66666666666666,159,186,g2,pre
g2pre,AM/PM,trial_type,time_resolved_trial_response,glm_clean,balanced_accuracy,40,1.6173901792068317,1.0351297146923724,0.4921296296296296,0.0478377638073785,0.0276191458116197,3,176.66666666666666,159,186,g2,pre
g2pre,AM/PM,trial_type,time_resolved_trial_response,glm_clean,balanced_accuracy,41,1.682085786375105,1.0351297146923724,0.4708333333333334,0.0595605045621987,0.0343872733420554,3,176.66666666666666,159,186,g2,pre
g2pre,AM/PM,trial_type,time_resolved_trial_response,glm_clean,balanced_accuracy,42,1.7467813935433782,1.0351297146923724,0.4805555555555555,0.0293972367896065,0.0169725025739105,3,176.66666666666666,159,186,g2,pre
g2pre,AM/PM,trial_type,time_resolved_trial_response,glm_clean,balanced_accuracy,43,1.8114770007116516,1.0351297146923724,0.4699074074074074,0.0441905362938987,0.0255134180249163,3,176.66666666666666,159,186,g2,pre
g2pre,AM/PM,trial_type,time_resolved_trial_response,glm_clean,balanced_accuracy,44,1.8761726078799248,1.0351297146923724,0.4671296296296297,0.0459454296996781,0.0265266062051422,3,176.66666666666666,159,186,g2,pre
g2pre,AM/PM,trial_type,time_resolved_trial_response,glm_clean,balanced_accuracy,45,1.9408682150481984,1.0351297146923724,0.4328703703703704,0.0421576016216007,0.0243397026446202,3,176.66666666666666,159,186,g2,pre
g2pre,AM/PM,trial_type,time_resolved_trial_response,glm_clean,balanced_accuracy,46,2.0055638222164713,1.0351297146923724,0.4171296296296296,0.0352551691916591,0.0203545814231302,3,176.66666666666666,159,186,g2,pre
g2pre,AM/PM,visual_direction,time_resolved_trial_response,glm_clean,balanced_accuracy,0,-0.9704341075240992,1.0351297146923724,0.508641975308642,0.0518959248320585,0.0299621261716335,3,176.66666666666666,159,186,g2,pre
g2pre,AM/PM,visual_direction,time_resolved_trial_response,glm_clean,balanced_accuracy,1,-0.9057385003558258,1.0351297146923724,0.4820987654320987,0.0235944627822424,0.0136222694387122,3,176.66666666666666,159,186,g2,pre
g2pre,AM/PM,visual_direction,time_resolved_trial_response,glm_clean,balanced_accuracy,2,-0.8410428931875525,1.0351297146923724,0.4919753086419753,0.0529102733681474,0.0305477605719966,3,176.66666666666666,159,186,g2,pre
g2pre,AM/PM,visual_direction,time_resolved_trial_response,glm_clean,balanced_accuracy,3,-0.7763472860192793,1.0351297146923724,0.5092592592592593,0.0287484716597407,0.0165979378515416,3,176.66666666666666,159,186,g2,pre
g2pre,AM/PM,visual_direction,time_resolved_trial_response,glm_clean,balanced_accuracy,4,-0.711651678851006,1.0351297146923724,0.4851851851851852,0.0513200239279667,0.0296296296296296,3,176.66666666666666,159,186,g2,pre
g2pre,AM/PM,visual_direction,time_resolved_trial_response,glm_clean,balanced_accuracy,5,-0.6469560716827327,1.0351297146923724,0.4790123456790123,0.0267932523632231,0.0154690914643724,3,176.66666666666666,159,186,g2,pre
g2pre,AM/PM,visual_direction,time_resolved_trial_response,glm_clean,balanced_accuracy,6,-0.5822604645144595,1.0351297146923724,0.5006172839506173,0.005952870840119,0.0034368915819938,3,176.66666666666666,159,186,g2,pre
g2pre,AM/PM,visual_direction,time_resolved_trial_response,glm_clean,balanced_accuracy,7,-0.5175648573461862,1.0351297146923724,0.4993827160493826,0.021622567763132,0.0124837953186152,3,176.66666666666666,159,186,g2,pre
g2pre,AM/PM,visual_direction,time_resolved_trial_response,glm_clean,balanced_accuracy,8,-0.4528692501779129,1.0351297146923724,0.4882716049382716,0.0176007128757818,0.0101617763167619,3,176.66666666666666,159,186,g2,pre
g2pre,AM/PM,visual_direction,time_resolved_trial_response,glm_clean,balanced_accuracy,9,-0.3881736430096396,1.0351297146923724,0.504320987654321,0.0157498158298433,0.009093160409047,3,176.66666666666666,159,186,g2,pre
g2pre,AM/PM,visual_direction,time_resolved_trial_response,glm_clean,balanced_accuracy,10,-0.3234780358413663,1.0351297146923724,0.55,0.0048995394649343,0.002828750428985,3,176.66666666666666,159,186,g2,pre
g2pre,AM/PM,visual_direction,time_resolved_trial_response,glm_clean,balanced_accuracy,11,-0.2587824286730931,1.0351297146923724,0.5148148148148147,0.0287484716597407,0.0165979378515416,3,176.66666666666666,159,186,g2,pre
g2pre,AM/PM,visual_direction,time_resolved_trial_response,glm_clean,balanced_accuracy,12,-0.1940868215048198,1.0351297146923724,0.5154320987654321,0.0487263478317676,0.0281321700372983,3,176.66666666666666,159,186,g2,pre
g2pre,AM/PM,visual_direction,time_resolved_trial_response,glm_clean,balanced_accuracy,13,-0.1293912143365465,1.0351297146923724,0.4938271604938271,0.0592689035361981,0.0342189174111979,3,176.66666666666666,159,186,g2,pre
g2pre,AM/PM,visual_direction,time_resolved_trial_response,glm_clean,balanced_accuracy,14,-0.0646956071682732,1.0351297146923724,0.5185185185185185,0.0291041363805587,0.0168032809738471,3,176.66666666666666,159,186,g2,pre
g2pre,AM/PM,visual_direction,time_resolved_trial_response,glm_clean,balanced_accuracy,15,0.0,1.0351297146923724,0.5172839506172839,0.0289466026856625,0.0167123288526924,3,176.66666666666666,159,186,g2,pre
g2pre,AM/PM,visual_direction,time_resolved_trial_response,glm_clean,balanced_accuracy,16,0.0646956071682732,1.0351297146923724,0.4950617283950617,0.0490769857044468,0.0283346109074778,3,176.66666666666666,159,186,g2,pre
g2pre,AM/PM,visual_direction,time_resolved_trial_response,glm_clean,balanced_accuracy,17,0.1293912143365465,1.0351297146923724,0.5370370370370371,0.0279623497602621,0.0161440701612617,3,176.66666666666666,159,186,g2,pre
g2pre,AM/PM,visual_direction,time_resolved_trial_response,glm_clean,balanced_accuracy,18,0.1940868215048198,1.0351297146923724,0.5487654320987655,0.0605850911472344,0.0349788186827338,3,176.66666666666666,159,186,g2,pre
g2pre,AM/PM,visual_direction,time_resolved_trial_response,glm_clean,balanced_accuracy,19,0.2587824286730931,1.0351297146923724,0.9197530864197532,0.0130069799417936,0.0075095833707386,3,176.66666666666666,159,186,g2,pre
g2pre,AM/PM,visual_direction,time_resolved_trial_response,glm_clean,balanced_accuracy,20,0.3234780358413663,1.0351297146923724,0.9629629629629628,0.0345954475782765,0.0199736909720535,3,176.66666666666666,159,186,g2,pre
g2pre,AM/PM,visual_direction,time_resolved_trial_response,glm_clean,balanced_accuracy,21,0.3881736430096396,1.0351297146923724,0.9858024691358024,0.0077098740720968,0.0044512978709432,3,176.66666666666666,159,186,g2,pre
g2pre,AM/PM,visual_direction,time_resolved_trial_response,glm_clean,balanced_accuracy,22,0.4528692501779129,1.0351297146923724,0.9901234567901236,0.0059528708401192,0.0034368915819939,3,176.66666666666666,159,186,g2,pre
g2pre,AM/PM,visual_direction,time_resolved_trial_response,glm_clean,balanced_accuracy,23,0.5175648573461862,1.0351297146923724,0.9919753086419753,0.0091349682635486,0.0052740763859984,3,176.66666666666666,159,186,g2,pre
g2pre,AM/PM,visual_direction,time_resolved_trial_response,glm_clean,balanced_accuracy,24,0.5822604645144595,1.0351297146923724,0.9919753086419753,0.0065034899708967,0.0037547916853692,3,176.66666666666666,159,186,g2,pre
g2pre,AM/PM,visual_direction,time_resolved_trial_response,glm_clean,balanced_accuracy,25,0.6469560716827327,1.0351297146923724,0.9919753086419753,0.0010691671651659,0.0006172839506172,3,176.66666666666666,159,186,g2,pre
g2pre,AM/PM,visual_direction,time_resolved_trial_response,glm_clean,balanced_accuracy,26,0.711651678851006,1.0351297146923724,0.9876543209876544,0.0046603916267104,0.0026906783602103,3,176.66666666666666,159,186,g2,pre
g2pre,AM/PM,visual_direction,time_resolved_trial_response,glm_clean,balanced_accuracy,27,0.7763472860192793,1.0351297146923724,0.9777777777777776,0.0084862512869553,0.0048995394649344,3,176.66666666666666,159,186,g2,pre
g2pre,AM/PM,visual_direction,time_resolved_trial_response,glm_clean,balanced_accuracy,28,0.8410428931875525,1.0351297146923724,0.9493827160493828,0.0283480555634692,0.0163667575105714,3,176.66666666666666,159,186,g2,pre
g2pre,AM/PM,visual_direction,time_resolved_trial_response,glm_clean,balanced_accuracy,29,0.9057385003558258,1.0351297146923724,0.94320987654321,0.0342634298429083,0.0197820004431629,3,176.66666666666666,159,186,g2,pre
g2pre,AM/PM,visual_direction,time_resolved_trial_response,glm_clean,balanced_accuracy,30,0.9704341075240992,1.0351297146923724,0.95679012345679,0.0235216776336512,0.0135802469135801,3,176.66666666666666,159,186,g2,pre
g2pre,AM/PM,visual_direction,time_resolved_trial_response,glm_clean,balanced_accuracy,31,1.0351297146923724,1.0351297146923724,0.9623456790123456,0.0363988221921125,0.0210148697908014,3,176.66666666666666,159,186,g2,pre
g2pre,AM/PM,visual_direction,time_resolved_trial_response,glm_clean,balanced_accuracy,32,1.0998253218606455,1.0351297146923724,0.9703703703703704,0.0225287501122157,0.0130069799417935,3,176.66666666666666,159,186,g2,pre
g2pre,AM/PM,visual_direction,time_resolved_trial_response,glm_clean,balanced_accuracy,33,1.164520929028919,1.0351297146923724,0.982716049382716,0.0095029656286052,0.005486539763775,3,176.66666666666666,159,186,g2,pre
g2pre,AM/PM,visual_direction,time_resolved_trial_response,glm_clean,balanced_accuracy,34,1.229216536197192,1.0351297146923724,0.9864197530864196,0.0091349682635486,0.0052740763859984,3,176.66666666666666,159,186,g2,pre
g2pre,AM/PM,visual_direction,time_resolved_trial_response,glm_clean,balanced_accuracy,35,1.2939121433654657,1.0351297146923724,0.9790123456790122,0.0138991731471577,0.0080246913580247,3,176.66666666666666,159,186,g2,pre
g2pre,AM/PM,visual_direction,time_resolved_trial_response,glm_clean,balanced_accuracy,36,1.3586077505337386,1.0351297146923724,0.9777777777777776,0.0092592592592591,0.0053458358258297,3,176.66666666666666,159,186,g2,pre
g2pre,AM/PM,visual_direction,time_resolved_trial_response,glm_clean,balanced_accuracy,37,1.423303357702012,1.0351297146923724,0.9716049382716048,0.0106916716516597,0.0061728395061728,3,176.66666666666666,159,186,g2,pre
g2pre,AM/PM,visual_direction,time_resolved_trial_response,glm_clean,balanced_accuracy,38,1.4879989648702852,1.0351297146923724,0.9592592592592591,0.0200308404192444,0.0115648111081452,3,176.66666666666666,159,186,g2,pre
g2pre,AM/PM,visual_direction,time_resolved_trial_response,glm_clean,balanced_accuracy,39,1.5526945720385583,1.0351297146923724,0.9592592592592591,0.0210329938733342,0.0121434046746332,3,176.66666666666666,159,186,g2,pre
g2pre,AM/PM,visual_direction,time_resolved_trial_response,glm_clean,balanced_accuracy,40,1.6173901792068317,1.0351297146923724,0.9487654320987656,0.0259479624160293,0.0149810630858168,3,176.66666666666666,159,186,g2,pre
g2pre,AM/PM,visual_direction,time_resolved_trial_response,glm_clean,balanced_accuracy,41,1.682085786375105,1.0351297146923724,0.9450617283950616,0.0255483976377467,0.0147503742535167,3,176.66666666666666,159,186,g2,pre
g2pre,AM/PM,visual_direction,time_resolved_trial_response,glm_clean,balanced_accuracy,42,1.7467813935433782,1.0351297146923724,0.9302469135802468,0.0365398730541943,0.0210963055439938,3,176.66666666666666,159,186,g2,pre
g2pre,AM/PM,visual_direction,time_resolved_trial_response,glm_clean,balanced_accuracy,43,1.8114770007116516,1.0351297146923724,0.9290123456790124,0.0262762921651762,0.0151706243548697,3,176.66666666666666,159,186,g2,pre
g2pre,AM/PM,visual_direction,time_resolved_trial_response,glm_clean,balanced_accuracy,44,1.8761726078799248,1.0351297146923724,0.9061728395061728,0.0463086403296568,0.0267363059601329,3,176.66666666666666,159,186,g2,pre
g2pre,AM/PM,visual_direction,time_resolved_trial_response,glm_clean,balanced_accuracy,45,1.9408682150481984,1.0351297146923724,0.8987654320987654,0.0427666866066389,0.0246913580246913,3,176.66666666666666,159,186,g2,pre
g2pre,AM/PM,visual_direction,time_resolved_trial_response,glm_clean,balanced_accuracy,46,2.0055638222164713,1.0351297146923724,0.8851851851851852,0.0648677032893962,0.0374513859558457,3,176.66666666666666,159,186,g2,pre
g2pre,LM,auditory_direction,time_resolved_trial_response,glm_clean,balanced_accuracy,0,-0.9704341075240992,1.0351297146923724,0.4907407407407407,,,1,71.0,71,71,g2,pre
g2pre,LM,auditory_direction,time_resolved_trial_response,glm_clean,balanced_accuracy,1,-0.9057385003558258,1.0351297146923724,0.5333333333333333,,,1,71.0,71,71,g2,pre
g2pre,LM,auditory_direction,time_resolved_trial_response,glm_clean,balanced_accuracy,2,-0.8410428931875525,1.0351297146923724,0.4574074074074074,,,1,71.0,71,71,g2,pre
g2pre,LM,auditory_direction,time_resolved_trial_response,glm_clean,balanced_accuracy,3,-0.7763472860192793,1.0351297146923724,0.5388888888888889,,,1,71.0,71,71,g2,pre
g2pre,LM,auditory_direction,time_resolved_trial_response,glm_clean,balanced_accuracy,4,-0.711651678851006,1.0351297146923724,0.5,,,1,71.0,71,71,g2,pre
g2pre,LM,auditory_direction,time_resolved_trial_response,glm_clean,balanced_accuracy,5,-0.6469560716827327,1.0351297146923724,0.5,,,1,71.0,71,71,g2,pre
g2pre,LM,auditory_direction,time_resolved_trial_response,glm_clean,balanced_accuracy,6,-0.5822604645144595,1.0351297146923724,0.4777777777777777,,,1,71.0,71,71,g2,pre
g2pre,LM,auditory_direction,time_resolved_trial_response,glm_clean,balanced_accuracy,7,-0.5175648573461862,1.0351297146923724,0.4833333333333334,,,1,71.0,71,71,g2,pre
g2pre,LM,auditory_direction,time_resolved_trial_response,glm_clean,balanced_accuracy,8,-0.4528692501779129,1.0351297146923724,0.4703703703703704,,,1,71.0,71,71,g2,pre
g2pre,LM,auditory_direction,time_resolved_trial_response,glm_clean,balanced_accuracy,9,-0.3881736430096396,1.0351297146923724,0.5185185185185185,,,1,71.0,71,71,g2,pre
g2pre,LM,auditory_direction,time_resolved_trial_response,glm_clean,balanced_accuracy,10,-0.3234780358413663,1.0351297146923724,0.5037037037037038,,,1,71.0,71,71,g2,pre
g2pre,LM,auditory_direction,time_resolved_trial_response,glm_clean,balanced_accuracy,11,-0.2587824286730931,1.0351297146923724,0.5092592592592593,,,1,71.0,71,71,g2,pre
g2pre,LM,auditory_direction,time_resolved_trial_response,glm_clean,balanced_accuracy,12,-0.1940868215048198,1.0351297146923724,0.5,,,1,71.0,71,71,g2,pre
g2pre,LM,auditory_direction,time_resolved_trial_response,glm_clean,balanced_accuracy,13,-0.1293912143365465,1.0351297146923724,0.5,,,1,71.0,71,71,g2,pre
g2pre,LM,auditory_direction,time_resolved_trial_response,glm_clean,balanced_accuracy,14,-0.0646956071682732,1.0351297146923724,0.5166666666666666,,,1,71.0,71,71,g2,pre
g2pre,LM,auditory_direction,time_resolved_trial_response,glm_clean,balanced_accuracy,15,0.0,1.0351297146923724,0.5037037037037038,,,1,71.0,71,71,g2,pre
g2pre,LM,auditory_direction,time_resolved_trial_response,glm_clean,balanced_accuracy,16,0.0646956071682732,1.0351297146923724,0.4925925925925926,,,1,71.0,71,71,g2,pre
g2pre,LM,auditory_direction,time_resolved_trial_response,glm_clean,balanced_accuracy,17,0.1293912143365465,1.0351297146923724,0.5203703703703704,,,1,71.0,71,71,g2,pre
g2pre,LM,auditory_direction,time_resolved_trial_response,glm_clean,balanced_accuracy,18,0.1940868215048198,1.0351297146923724,0.5,,,1,71.0,71,71,g2,pre
g2pre,LM,auditory_direction,time_resolved_trial_response,glm_clean,balanced_accuracy,19,0.2587824286730931,1.0351297146923724,0.474074074074074,,,1,71.0,71,71,g2,pre
g2pre,LM,auditory_direction,time_resolved_trial_response,glm_clean,balanced_accuracy,20,0.3234780358413663,1.0351297146923724,0.5277777777777778,,,1,71.0,71,71,g2,pre
g2pre,LM,auditory_direction,time_resolved_trial_response,glm_clean,balanced_accuracy,21,0.3881736430096396,1.0351297146923724,0.5185185185185185,,,1,71.0,71,71,g2,pre
g2pre,LM,auditory_direction,time_resolved_trial_response,glm_clean,balanced_accuracy,22,0.4528692501779129,1.0351297146923724,0.4907407407407406,,,1,71.0,71,71,g2,pre
g2pre,LM,auditory_direction,time_resolved_trial_response,glm_clean,balanced_accuracy,23,0.5175648573461862,1.0351297146923724,0.5314814814814814,,,1,71.0,71,71,g2,pre
g2pre,LM,auditory_direction,time_resolved_trial_response,glm_clean,balanced_accuracy,24,0.5822604645144595,1.0351297146923724,0.487037037037037,,,1,71.0,71,71,g2,pre
g2pre,LM,auditory_direction,time_resolved_trial_response,glm_clean,balanced_accuracy,25,0.6469560716827327,1.0351297146923724,0.5555555555555556,,,1,71.0,71,71,g2,pre
g2pre,LM,auditory_direction,time_resolved_trial_response,glm_clean,balanced_accuracy,26,0.711651678851006,1.0351297146923724,0.5,,,1,71.0,71,71,g2,pre
g2pre,LM,auditory_direction,time_resolved_trial_response,glm_clean,balanced_accuracy,27,0.7763472860192793,1.0351297146923724,0.5203703703703704,,,1,71.0,71,71,g2,pre
g2pre,LM,auditory_direction,time_resolved_trial_response,glm_clean,balanced_accuracy,28,0.8410428931875525,1.0351297146923724,0.5074074074074074,,,1,71.0,71,71,g2,pre
g2pre,LM,auditory_direction,time_resolved_trial_response,glm_clean,balanced_accuracy,29,0.9057385003558258,1.0351297146923724,0.4592592592592592,,,1,71.0,71,71,g2,pre
g2pre,LM,auditory_direction,time_resolved_trial_response,glm_clean,balanced_accuracy,30,0.9704341075240992,1.0351297146923724,0.487037037037037,,,1,71.0,71,71,g2,pre
g2pre,LM,auditory_direction,time_resolved_trial_response,glm_clean,balanced_accuracy,31,1.0351297146923724,1.0351297146923724,0.4888888888888889,,,1,71.0,71,71,g2,pre
g2pre,LM,auditory_direction,time_resolved_trial_response,glm_clean,balanced_accuracy,32,1.0998253218606455,1.0351297146923724,0.512962962962963,,,1,71.0,71,71,g2,pre
g2pre,LM,auditory_direction,time_resolved_trial_response,glm_clean,balanced_accuracy,33,1.164520929028919,1.0351297146923724,0.4537037037037037,,,1,71.0,71,71,g2,pre
g2pre,LM,auditory_direction,time_resolved_trial_response,glm_clean,balanced_accuracy,34,1.229216536197192,1.0351297146923724,0.5277777777777778,,,1,71.0,71,71,g2,pre
g2pre,LM,auditory_direction,time_resolved_trial_response,glm_clean,balanced_accuracy,35,1.2939121433654657,1.0351297146923724,0.5166666666666667,,,1,71.0,71,71,g2,pre
g2pre,LM,auditory_direction,time_resolved_trial_response,glm_clean,balanced_accuracy,36,1.3586077505337386,1.0351297146923724,0.548148148148148,,,1,71.0,71,71,g2,pre
g2pre,LM,auditory_direction,time_resolved_trial_response,glm_clean,balanced_accuracy,37,1.423303357702012,1.0351297146923724,0.524074074074074,,,1,71.0,71,71,g2,pre
g2pre,LM,auditory_direction,time_resolved_trial_response,glm_clean,balanced_accuracy,38,1.4879989648702852,1.0351297146923724,0.5,,,1,71.0,71,71,g2,pre
g2pre,LM,auditory_direction,time_resolved_trial_response,glm_clean,balanced_accuracy,39,1.5526945720385583,1.0351297146923724,0.5055555555555555,,,1,71.0,71,71,g2,pre
g2pre,LM,auditory_direction,time_resolved_trial_response,glm_clean,balanced_accuracy,40,1.6173901792068317,1.0351297146923724,0.5314814814814816,,,1,71.0,71,71,g2,pre
g2pre,LM,auditory_direction,time_resolved_trial_response,glm_clean,balanced_accuracy,41,1.682085786375105,1.0351297146923724,0.5370370370370371,,,1,71.0,71,71,g2,pre
g2pre,LM,auditory_direction,time_resolved_trial_response,glm_clean,balanced_accuracy,42,1.7467813935433782,1.0351297146923724,0.45,,,1,71.0,71,71,g2,pre
g2pre,LM,auditory_direction,time_resolved_trial_response,glm_clean,balanced_accuracy,43,1.8114770007116516,1.0351297146923724,0.4962962962962963,,,1,71.0,71,71,g2,pre
g2pre,LM,auditory_direction,time_resolved_trial_response,glm_clean,balanced_accuracy,44,1.8761726078799248,1.0351297146923724,0.5,,,1,71.0,71,71,g2,pre
g2pre,LM,auditory_direction,time_resolved_trial_response,glm_clean,balanced_accuracy,45,1.9408682150481984,1.0351297146923724,0.5092592592592592,,,1,71.0,71,71,g2,pre
g2pre,LM,auditory_direction,time_resolved_trial_response,glm_clean,balanced_accuracy,46,2.0055638222164713,1.0351297146923724,0.4888888888888889,,,1,71.0,71,71,g2,pre
g2pre,LM,congruency,time_resolved_trial_response,glm_clean,balanced_accuracy,0,-0.9704341075240992,1.0351297146923724,0.5583333333333333,,,1,71.0,71,71,g2,pre
g2pre,LM,congruency,time_resolved_trial_response,glm_clean,balanced_accuracy,1,-0.9057385003558258,1.0351297146923724,0.5166666666666666,,,1,71.0,71,71,g2,pre
g2pre,LM,congruency,time_resolved_trial_response,glm_clean,balanced_accuracy,2,-0.8410428931875525,1.0351297146923724,0.5638888888888889,,,1,71.0,71,71,g2,pre
g2pre,LM,congruency,time_resolved_trial_response,glm_clean,balanced_accuracy,3,-0.7763472860192793,1.0351297146923724,0.5,,,1,71.0,71,71,g2,pre
g2pre,LM,congruency,time_resolved_trial_response,glm_clean,balanced_accuracy,4,-0.711651678851006,1.0351297146923724,0.4944444444444444,,,1,71.0,71,71,g2,pre
g2pre,LM,congruency,time_resolved_trial_response,glm_clean,balanced_accuracy,5,-0.6469560716827327,1.0351297146923724,0.4722222222222222,,,1,71.0,71,71,g2,pre
g2pre,LM,congruency,time_resolved_trial_response,glm_clean,balanced_accuracy,6,-0.5822604645144595,1.0351297146923724,0.4666666666666667,,,1,71.0,71,71,g2,pre
g2pre,LM,congruency,time_resolved_trial_response,glm_clean,balanced_accuracy,7,-0.5175648573461862,1.0351297146923724,0.4944444444444444,,,1,71.0,71,71,g2,pre
g2pre,LM,congruency,time_resolved_trial_response,glm_clean,balanced_accuracy,8,-0.4528692501779129,1.0351297146923724,0.4638888888888888,,,1,71.0,71,71,g2,pre
g2pre,LM,congruency,time_resolved_trial_response,glm_clean,balanced_accuracy,9,-0.3881736430096396,1.0351297146923724,0.4666666666666666,,,1,71.0,71,71,g2,pre
g2pre,LM,congruency,time_resolved_trial_response,glm_clean,balanced_accuracy,10,-0.3234780358413663,1.0351297146923724,0.5194444444444445,,,1,71.0,71,71,g2,pre
g2pre,LM,congruency,time_resolved_trial_response,glm_clean,balanced_accuracy,11,-0.2587824286730931,1.0351297146923724,0.4722222222222223,,,1,71.0,71,71,g2,pre
g2pre,LM,congruency,time_resolved_trial_response,glm_clean,balanced_accuracy,12,-0.1940868215048198,1.0351297146923724,0.4916666666666667,,,1,71.0,71,71,g2,pre
g2pre,LM,congruency,time_resolved_trial_response,glm_clean,balanced_accuracy,13,-0.1293912143365465,1.0351297146923724,0.5444444444444445,,,1,71.0,71,71,g2,pre
g2pre,LM,congruency,time_resolved_trial_response,glm_clean,balanced_accuracy,14,-0.0646956071682732,1.0351297146923724,0.5,,,1,71.0,71,71,g2,pre
g2pre,LM,congruency,time_resolved_trial_response,glm_clean,balanced_accuracy,15,0.0,1.0351297146923724,0.4944444444444444,,,1,71.0,71,71,g2,pre
g2pre,LM,congruency,time_resolved_trial_response,glm_clean,balanced_accuracy,16,0.0646956071682732,1.0351297146923724,0.4694444444444444,,,1,71.0,71,71,g2,pre
g2pre,LM,congruency,time_resolved_trial_response,glm_clean,balanced_accuracy,17,0.1293912143365465,1.0351297146923724,0.5166666666666667,,,1,71.0,71,71,g2,pre
g2pre,LM,congruency,time_resolved_trial_response,glm_clean,balanced_accuracy,18,0.1940868215048198,1.0351297146923724,0.513888888888889,,,1,71.0,71,71,g2,pre
g2pre,LM,congruency,time_resolved_trial_response,glm_clean,balanced_accuracy,19,0.2587824286730931,1.0351297146923724,0.4166666666666667,,,1,71.0,71,71,g2,pre
g2pre,LM,congruency,time_resolved_trial_response,glm_clean,balanced_accuracy,20,0.3234780358413663,1.0351297146923724,0.5138888888888888,,,1,71.0,71,71,g2,pre
g2pre,LM,congruency,time_resolved_trial_response,glm_clean,balanced_accuracy,21,0.3881736430096396,1.0351297146923724,0.5888888888888889,,,1,71.0,71,71,g2,pre
g2pre,LM,congruency,time_resolved_trial_response,glm_clean,balanced_accuracy,22,0.4528692501779129,1.0351297146923724,0.4583333333333333,,,1,71.0,71,71,g2,pre
g2pre,LM,congruency,time_resolved_trial_response,glm_clean,balanced_accuracy,23,0.5175648573461862,1.0351297146923724,0.4666666666666667,,,1,71.0,71,71,g2,pre
g2pre,LM,congruency,time_resolved_trial_response,glm_clean,balanced_accuracy,24,0.5822604645144595,1.0351297146923724,0.4583333333333333,,,1,71.0,71,71,g2,pre
g2pre,LM,congruency,time_resolved_trial_response,glm_clean,balanced_accuracy,25,0.6469560716827327,1.0351297146923724,0.4916666666666666,,,1,71.0,71,71,g2,pre
g2pre,LM,congruency,time_resolved_trial_response,glm_clean,balanced_accuracy,26,0.711651678851006,1.0351297146923724,0.4805555555555555,,,1,71.0,71,71,g2,pre
g2pre,LM,congruency,time_resolved_trial_response,glm_clean,balanced_accuracy,27,0.7763472860192793,1.0351297146923724,0.4888888888888888,,,1,71.0,71,71,g2,pre
g2pre,LM,congruency,time_resolved_trial_response,glm_clean,balanced_accuracy,28,0.8410428931875525,1.0351297146923724,0.4805555555555555,,,1,71.0,71,71,g2,pre
g2pre,LM,congruency,time_resolved_trial_response,glm_clean,balanced_accuracy,29,0.9057385003558258,1.0351297146923724,0.5083333333333334,,,1,71.0,71,71,g2,pre
g2pre,LM,congruency,time_resolved_trial_response,glm_clean,balanced_accuracy,30,0.9704341075240992,1.0351297146923724,0.4638888888888889,,,1,71.0,71,71,g2,pre
g2pre,LM,congruency,time_resolved_trial_response,glm_clean,balanced_accuracy,31,1.0351297146923724,1.0351297146923724,0.5166666666666667,,,1,71.0,71,71,g2,pre
g2pre,LM,congruency,time_resolved_trial_response,glm_clean,balanced_accuracy,32,1.0998253218606455,1.0351297146923724,0.4527777777777778,,,1,71.0,71,71,g2,pre
g2pre,LM,congruency,time_resolved_trial_response,glm_clean,balanced_accuracy,33,1.164520929028919,1.0351297146923724,0.4388888888888889,,,1,71.0,71,71,g2,pre
g2pre,LM,congruency,time_resolved_trial_response,glm_clean,balanced_accuracy,34,1.229216536197192,1.0351297146923724,0.5111111111111111,,,1,71.0,71,71,g2,pre
g2pre,LM,congruency,time_resolved_trial_response,glm_clean,balanced_accuracy,35,1.2939121433654657,1.0351297146923724,0.486111111111111,,,1,71.0,71,71,g2,pre
g2pre,LM,congruency,time_resolved_trial_response,glm_clean,balanced_accuracy,36,1.3586077505337386,1.0351297146923724,0.525,,,1,71.0,71,71,g2,pre
g2pre,LM,congruency,time_resolved_trial_response,glm_clean,balanced_accuracy,37,1.423303357702012,1.0351297146923724,0.4944444444444444,,,1,71.0,71,71,g2,pre
g2pre,LM,congruency,time_resolved_trial_response,glm_clean,balanced_accuracy,38,1.4879989648702852,1.0351297146923724,0.475,,,1,71.0,71,71,g2,pre
g2pre,LM,congruency,time_resolved_trial_response,glm_clean,balanced_accuracy,39,1.5526945720385583,1.0351297146923724,0.4638888888888889,,,1,71.0,71,71,g2,pre
g2pre,LM,congruency,time_resolved_trial_response,glm_clean,balanced_accuracy,40,1.6173901792068317,1.0351297146923724,0.4416666666666666,,,1,71.0,71,71,g2,pre
g2pre,LM,congruency,time_resolved_trial_response,glm_clean,balanced_accuracy,41,1.682085786375105,1.0351297146923724,0.475,,,1,71.0,71,71,g2,pre
g2pre,LM,congruency,time_resolved_trial_response,glm_clean,balanced_accuracy,42,1.7467813935433782,1.0351297146923724,0.4916666666666666,,,1,71.0,71,71,g2,pre
g2pre,LM,congruency,time_resolved_trial_response,glm_clean,balanced_accuracy,43,1.8114770007116516,1.0351297146923724,0.5111111111111111,,,1,71.0,71,71,g2,pre
g2pre,LM,congruency,time_resolved_trial_response,glm_clean,balanced_accuracy,44,1.8761726078799248,1.0351297146923724,0.4611111111111111,,,1,71.0,71,71,g2,pre
g2pre,LM,congruency,time_resolved_trial_response,glm_clean,balanced_accuracy,45,1.9408682150481984,1.0351297146923724,0.5055555555555556,,,1,71.0,71,71,g2,pre
g2pre,LM,congruency,time_resolved_trial_response,glm_clean,balanced_accuracy,46,2.0055638222164713,1.0351297146923724,0.5055555555555555,,,1,71.0,71,71,g2,pre
g2pre,LM,modality,time_resolved_trial_response,glm_clean,balanced_accuracy,0,-0.9704341075240992,1.0351297146923724,0.3166666666666666,,,1,71.0,71,71,g2,pre
g2pre,LM,modality,time_resolved_trial_response,glm_clean,balanced_accuracy,1,-0.9057385003558258,1.0351297146923724,0.3277777777777778,,,1,71.0,71,71,g2,pre
g2pre,LM,modality,time_resolved_trial_response,glm_clean,balanced_accuracy,2,-0.8410428931875525,1.0351297146923724,0.3398148148148148,,,1,71.0,71,71,g2,pre
g2pre,LM,modality,time_resolved_trial_response,glm_clean,balanced_accuracy,3,-0.7763472860192793,1.0351297146923724,0.3324074074074074,,,1,71.0,71,71,g2,pre
g2pre,LM,modality,time_resolved_trial_response,glm_clean,balanced_accuracy,4,-0.711651678851006,1.0351297146923724,0.3361111111111111,,,1,71.0,71,71,g2,pre
g2pre,LM,modality,time_resolved_trial_response,glm_clean,balanced_accuracy,5,-0.6469560716827327,1.0351297146923724,0.3425925925925926,,,1,71.0,71,71,g2,pre
g2pre,LM,modality,time_resolved_trial_response,glm_clean,balanced_accuracy,6,-0.5822604645144595,1.0351297146923724,0.3231481481481481,,,1,71.0,71,71,g2,pre
g2pre,LM,modality,time_resolved_trial_response,glm_clean,balanced_accuracy,7,-0.5175648573461862,1.0351297146923724,0.3222222222222222,,,1,71.0,71,71,g2,pre
g2pre,LM,modality,time_resolved_trial_response,glm_clean,balanced_accuracy,8,-0.4528692501779129,1.0351297146923724,0.325,,,1,71.0,71,71,g2,pre
g2pre,LM,modality,time_resolved_trial_response,glm_clean,balanced_accuracy,9,-0.3881736430096396,1.0351297146923724,0.325,,,1,71.0,71,71,g2,pre
g2pre,LM,modality,time_resolved_trial_response,glm_clean,balanced_accuracy,10,-0.3234780358413663,1.0351297146923724,0.3305555555555556,,,1,71.0,71,71,g2,pre
g2pre,LM,modality,time_resolved_trial_response,glm_clean,balanced_accuracy,11,-0.2587824286730931,1.0351297146923724,0.3333333333333333,,,1,71.0,71,71,g2,pre
g2pre,LM,modality,time_resolved_trial_response,glm_clean,balanced_accuracy,12,-0.1940868215048198,1.0351297146923724,0.3222222222222222,,,1,71.0,71,71,g2,pre
g2pre,LM,modality,time_resolved_trial_response,glm_clean,balanced_accuracy,13,-0.1293912143365465,1.0351297146923724,0.312962962962963,,,1,71.0,71,71,g2,pre
g2pre,LM,modality,time_resolved_trial_response,glm_clean,balanced_accuracy,14,-0.0646956071682732,1.0351297146923724,0.3129629629629629,,,1,71.0,71,71,g2,pre
g2pre,LM,modality,time_resolved_trial_response,glm_clean,balanced_accuracy,15,0.0,1.0351297146923724,0.3185185185185185,,,1,71.0,71,71,g2,pre
g2pre,LM,modality,time_resolved_trial_response,glm_clean,balanced_accuracy,16,0.0646956071682732,1.0351297146923724,0.3527777777777777,,,1,71.0,71,71,g2,pre
g2pre,LM,modality,time_resolved_trial_response,glm_clean,balanced_accuracy,17,0.1293912143365465,1.0351297146923724,0.325,,,1,71.0,71,71,g2,pre
g2pre,LM,modality,time_resolved_trial_response,glm_clean,balanced_accuracy,18,0.1940868215048198,1.0351297146923724,0.4898148148148148,,,1,71.0,71,71,g2,pre
g2pre,LM,modality,time_resolved_trial_response,glm_clean,balanced_accuracy,19,0.2587824286730931,1.0351297146923724,0.6953703703703704,,,1,71.0,71,71,g2,pre
g2pre,LM,modality,time_resolved_trial_response,glm_clean,balanced_accuracy,20,0.3234780358413663,1.0351297146923724,0.6666666666666667,,,1,71.0,71,71,g2,pre
g2pre,LM,modality,time_resolved_trial_response,glm_clean,balanced_accuracy,21,0.3881736430096396,1.0351297146923724,0.6833333333333333,,,1,71.0,71,71,g2,pre
g2pre,LM,modality,time_resolved_trial_response,glm_clean,balanced_accuracy,22,0.4528692501779129,1.0351297146923724,0.662962962962963,,,1,71.0,71,71,g2,pre
g2pre,LM,modality,time_resolved_trial_response,glm_clean,balanced_accuracy,23,0.5175648573461862,1.0351297146923724,0.6796296296296297,,,1,71.0,71,71,g2,pre
g2pre,LM,modality,time_resolved_trial_response,glm_clean,balanced_accuracy,24,0.5822604645144595,1.0351297146923724,0.7314814814814814,,,1,71.0,71,71,g2,pre
g2pre,LM,modality,time_resolved_trial_response,glm_clean,balanced_accuracy,25,0.6469560716827327,1.0351297146923724,0.7111111111111111,,,1,71.0,71,71,g2,pre
g2pre,LM,modality,time_resolved_trial_response,glm_clean,balanced_accuracy,26,0.711651678851006,1.0351297146923724,0.7101851851851851,,,1,71.0,71,71,g2,pre
g2pre,LM,modality,time_resolved_trial_response,glm_clean,balanced_accuracy,27,0.7763472860192793,1.0351297146923724,0.7203703703703703,,,1,71.0,71,71,g2,pre
g2pre,LM,modality,time_resolved_trial_response,glm_clean,balanced_accuracy,28,0.8410428931875525,1.0351297146923724,0.7138888888888888,,,1,71.0,71,71,g2,pre
g2pre,LM,modality,time_resolved_trial_response,glm_clean,balanced_accuracy,29,0.9057385003558258,1.0351297146923724,0.7175925925925927,,,1,71.0,71,71,g2,pre
g2pre,LM,modality,time_resolved_trial_response,glm_clean,balanced_accuracy,30,0.9704341075240992,1.0351297146923724,0.7074074074074074,,,1,71.0,71,71,g2,pre
g2pre,LM,modality,time_resolved_trial_response,glm_clean,balanced_accuracy,31,1.0351297146923724,1.0351297146923724,0.7462962962962962,,,1,71.0,71,71,g2,pre
g2pre,LM,modality,time_resolved_trial_response,glm_clean,balanced_accuracy,32,1.0998253218606455,1.0351297146923724,0.7518518518518519,,,1,71.0,71,71,g2,pre
g2pre,LM,modality,time_resolved_trial_response,glm_clean,balanced_accuracy,33,1.164520929028919,1.0351297146923724,0.7166666666666667,,,1,71.0,71,71,g2,pre
g2pre,LM,modality,time_resolved_trial_response,glm_clean,balanced_accuracy,34,1.229216536197192,1.0351297146923724,0.7138888888888888,,,1,71.0,71,71,g2,pre
g2pre,LM,modality,time_resolved_trial_response,glm_clean,balanced_accuracy,35,1.2939121433654657,1.0351297146923724,0.7231481481481481,,,1,71.0,71,71,g2,pre
g2pre,LM,modality,time_resolved_trial_response,glm_clean,balanced_accuracy,36,1.3586077505337386,1.0351297146923724,0.7425925925925927,,,1,71.0,71,71,g2,pre
g2pre,LM,modality,time_resolved_trial_response,glm_clean,balanced_accuracy,37,1.423303357702012,1.0351297146923724,0.7305555555555556,,,1,71.0,71,71,g2,pre
g2pre,LM,modality,time_resolved_trial_response,glm_clean,balanced_accuracy,38,1.4879989648702852,1.0351297146923724,0.7055555555555555,,,1,71.0,71,71,g2,pre
g2pre,LM,modality,time_resolved_trial_response,glm_clean,balanced_accuracy,39,1.5526945720385583,1.0351297146923724,0.7037037037037037,,,1,71.0,71,71,g2,pre
g2pre,LM,modality,time_resolved_trial_response,glm_clean,balanced_accuracy,40,1.6173901792068317,1.0351297146923724,0.6981481481481481,,,1,71.0,71,71,g2,pre
g2pre,LM,modality,time_resolved_trial_response,glm_clean,balanced_accuracy,41,1.682085786375105,1.0351297146923724,0.7092592592592593,,,1,71.0,71,71,g2,pre
g2pre,LM,modality,time_resolved_trial_response,glm_clean,balanced_accuracy,42,1.7467813935433782,1.0351297146923724,0.725925925925926,,,1,71.0,71,71,g2,pre
g2pre,LM,modality,time_resolved_trial_response,glm_clean,balanced_accuracy,43,1.8114770007116516,1.0351297146923724,0.674074074074074,,,1,71.0,71,71,g2,pre
g2pre,LM,modality,time_resolved_trial_response,glm_clean,balanced_accuracy,44,1.8761726078799248,1.0351297146923724,0.6759259259259259,,,1,71.0,71,71,g2,pre
g2pre,LM,modality,time_resolved_trial_response,glm_clean,balanced_accuracy,45,1.9408682150481984,1.0351297146923724,0.6805555555555556,,,1,71.0,71,71,g2,pre
g2pre,LM,modality,time_resolved_trial_response,glm_clean,balanced_accuracy,46,2.0055638222164713,1.0351297146923724,0.6629629629629629,,,1,71.0,71,71,g2,pre
g2pre,LM,trial_type,time_resolved_trial_response,glm_clean,balanced_accuracy,0,-0.9704341075240992,1.0351297146923724,0.1458333333333333,,,1,71.0,71,71,g2,pre
g2pre,LM,trial_type,time_resolved_trial_response,glm_clean,balanced_accuracy,1,-0.9057385003558258,1.0351297146923724,0.1236111111111111,,,1,71.0,71,71,g2,pre
g2pre,LM,trial_type,time_resolved_trial_response,glm_clean,balanced_accuracy,2,-0.8410428931875525,1.0351297146923724,0.1263888888888888,,,1,71.0,71,71,g2,pre
g2pre,LM,trial_type,time_resolved_trial_response,glm_clean,balanced_accuracy,3,-0.7763472860192793,1.0351297146923724,0.1125,,,1,71.0,71,71,g2,pre
g2pre,LM,trial_type,time_resolved_trial_response,glm_clean,balanced_accuracy,4,-0.711651678851006,1.0351297146923724,0.1069444444444444,,,1,71.0,71,71,g2,pre
g2pre,LM,trial_type,time_resolved_trial_response,glm_clean,balanced_accuracy,5,-0.6469560716827327,1.0351297146923724,0.1333333333333333,,,1,71.0,71,71,g2,pre
g2pre,LM,trial_type,time_resolved_trial_response,glm_clean,balanced_accuracy,6,-0.5822604645144595,1.0351297146923724,0.1263888888888888,,,1,71.0,71,71,g2,pre
g2pre,LM,trial_type,time_resolved_trial_response,glm_clean,balanced_accuracy,7,-0.5175648573461862,1.0351297146923724,0.1097222222222222,,,1,71.0,71,71,g2,pre
g2pre,LM,trial_type,time_resolved_trial_response,glm_clean,balanced_accuracy,8,-0.4528692501779129,1.0351297146923724,0.125,,,1,71.0,71,71,g2,pre
g2pre,LM,trial_type,time_resolved_trial_response,glm_clean,balanced_accuracy,9,-0.3881736430096396,1.0351297146923724,0.1319444444444444,,,1,71.0,71,71,g2,pre
g2pre,LM,trial_type,time_resolved_trial_response,glm_clean,balanced_accuracy,10,-0.3234780358413663,1.0351297146923724,0.1361111111111111,,,1,71.0,71,71,g2,pre
g2pre,LM,trial_type,time_resolved_trial_response,glm_clean,balanced_accuracy,11,-0.2587824286730931,1.0351297146923724,0.1319444444444444,,,1,71.0,71,71,g2,pre
g2pre,LM,trial_type,time_resolved_trial_response,glm_clean,balanced_accuracy,12,-0.1940868215048198,1.0351297146923724,0.125,,,1,71.0,71,71,g2,pre
g2pre,LM,trial_type,time_resolved_trial_response,glm_clean,balanced_accuracy,13,-0.1293912143365465,1.0351297146923724,0.1152777777777777,,,1,71.0,71,71,g2,pre
g2pre,LM,trial_type,time_resolved_trial_response,glm_clean,balanced_accuracy,14,-0.0646956071682732,1.0351297146923724,0.1055555555555555,,,1,71.0,71,71,g2,pre
g2pre,LM,trial_type,time_resolved_trial_response,glm_clean,balanced_accuracy,15,0.0,1.0351297146923724,0.123611111111111,,,1,71.0,71,71,g2,pre
g2pre,LM,trial_type,time_resolved_trial_response,glm_clean,balanced_accuracy,16,0.0646956071682732,1.0351297146923724,0.1222222222222222,,,1,71.0,71,71,g2,pre
g2pre,LM,trial_type,time_resolved_trial_response,glm_clean,balanced_accuracy,17,0.1293912143365465,1.0351297146923724,0.1236111111111111,,,1,71.0,71,71,g2,pre
g2pre,LM,trial_type,time_resolved_trial_response,glm_clean,balanced_accuracy,18,0.1940868215048198,1.0351297146923724,0.2,,,1,71.0,71,71,g2,pre
g2pre,LM,trial_type,time_resolved_trial_response,glm_clean,balanced_accuracy,19,0.2587824286730931,1.0351297146923724,0.2666666666666667,,,1,71.0,71,71,g2,pre
g2pre,LM,trial_type,time_resolved_trial_response,glm_clean,balanced_accuracy,20,0.3234780358413663,1.0351297146923724,0.3138888888888889,,,1,71.0,71,71,g2,pre
g2pre,LM,trial_type,time_resolved_trial_response,glm_clean,balanced_accuracy,21,0.3881736430096396,1.0351297146923724,0.3569444444444444,,,1,71.0,71,71,g2,pre
g2pre,LM,trial_type,time_resolved_trial_response,glm_clean,balanced_accuracy,22,0.4528692501779129,1.0351297146923724,0.3291666666666666,,,1,71.0,71,71,g2,pre
g2pre,LM,trial_type,time_resolved_trial_response,glm_clean,balanced_accuracy,23,0.5175648573461862,1.0351297146923724,0.4013888888888888,,,1,71.0,71,71,g2,pre
g2pre,LM,trial_type,time_resolved_trial_response,glm_clean,balanced_accuracy,24,0.5822604645144595,1.0351297146923724,0.4,,,1,71.0,71,71,g2,pre
g2pre,LM,trial_type,time_resolved_trial_response,glm_clean,balanced_accuracy,25,0.6469560716827327,1.0351297146923724,0.4375,,,1,71.0,71,71,g2,pre
g2pre,LM,trial_type,time_resolved_trial_response,glm_clean,balanced_accuracy,26,0.711651678851006,1.0351297146923724,0.4097222222222222,,,1,71.0,71,71,g2,pre
g2pre,LM,trial_type,time_resolved_trial_response,glm_clean,balanced_accuracy,27,0.7763472860192793,1.0351297146923724,0.4208333333333333,,,1,71.0,71,71,g2,pre
g2pre,LM,trial_type,time_resolved_trial_response,glm_clean,balanced_accuracy,28,0.8410428931875525,1.0351297146923724,0.3638888888888889,,,1,71.0,71,71,g2,pre
g2pre,LM,trial_type,time_resolved_trial_response,glm_clean,balanced_accuracy,29,0.9057385003558258,1.0351297146923724,0.3361111111111111,,,1,71.0,71,71,g2,pre
g2pre,LM,trial_type,time_resolved_trial_response,glm_clean,balanced_accuracy,30,0.9704341075240992,1.0351297146923724,0.4055555555555556,,,1,71.0,71,71,g2,pre
g2pre,LM,trial_type,time_resolved_trial_response,glm_clean,balanced_accuracy,31,1.0351297146923724,1.0351297146923724,0.4361111111111111,,,1,71.0,71,71,g2,pre
g2pre,LM,trial_type,time_resolved_trial_response,glm_clean,balanced_accuracy,32,1.0998253218606455,1.0351297146923724,0.4027777777777778,,,1,71.0,71,71,g2,pre
g2pre,LM,trial_type,time_resolved_trial_response,glm_clean,balanced_accuracy,33,1.164520929028919,1.0351297146923724,0.4180555555555556,,,1,71.0,71,71,g2,pre
g2pre,LM,trial_type,time_resolved_trial_response,glm_clean,balanced_accuracy,34,1.229216536197192,1.0351297146923724,0.4055555555555555,,,1,71.0,71,71,g2,pre
g2pre,LM,trial_type,time_resolved_trial_response,glm_clean,balanced_accuracy,35,1.2939121433654657,1.0351297146923724,0.3999999999999999,,,1,71.0,71,71,g2,pre
g2pre,LM,trial_type,time_resolved_trial_response,glm_clean,balanced_accuracy,36,1.3586077505337386,1.0351297146923724,0.4361111111111111,,,1,71.0,71,71,g2,pre
g2pre,LM,trial_type,time_resolved_trial_response,glm_clean,balanced_accuracy,37,1.423303357702012,1.0351297146923724,0.4055555555555555,,,1,71.0,71,71,g2,pre
g2pre,LM,trial_type,time_resolved_trial_response,glm_clean,balanced_accuracy,38,1.4879989648702852,1.0351297146923724,0.3513888888888888,,,1,71.0,71,71,g2,pre
g2pre,LM,trial_type,time_resolved_trial_response,glm_clean,balanced_accuracy,39,1.5526945720385583,1.0351297146923724,0.3944444444444445,,,1,71.0,71,71,g2,pre
g2pre,LM,trial_type,time_resolved_trial_response,glm_clean,balanced_accuracy,40,1.6173901792068317,1.0351297146923724,0.3847222222222222,,,1,71.0,71,71,g2,pre
g2pre,LM,trial_type,time_resolved_trial_response,glm_clean,balanced_accuracy,41,1.682085786375105,1.0351297146923724,0.3888888888888888,,,1,71.0,71,71,g2,pre
g2pre,LM,trial_type,time_resolved_trial_response,glm_clean,balanced_accuracy,42,1.7467813935433782,1.0351297146923724,0.3583333333333333,,,1,71.0,71,71,g2,pre
g2pre,LM,trial_type,time_resolved_trial_response,glm_clean,balanced_accuracy,43,1.8114770007116516,1.0351297146923724,0.3666666666666666,,,1,71.0,71,71,g2,pre
g2pre,LM,trial_type,time_resolved_trial_response,glm_clean,balanced_accuracy,44,1.8761726078799248,1.0351297146923724,0.3458333333333333,,,1,71.0,71,71,g2,pre
g2pre,LM,trial_type,time_resolved_trial_response,glm_clean,balanced_accuracy,45,1.9408682150481984,1.0351297146923724,0.3430555555555555,,,1,71.0,71,71,g2,pre
g2pre,LM,trial_type,time_resolved_trial_response,glm_clean,balanced_accuracy,46,2.0055638222164713,1.0351297146923724,0.3222222222222222,,,1,71.0,71,71,g2,pre
g2pre,LM,visual_direction,time_resolved_trial_response,glm_clean,balanced_accuracy,0,-0.9704341075240992,1.0351297146923724,0.5203703703703704,,,1,71.0,71,71,g2,pre
g2pre,LM,visual_direction,time_resolved_trial_response,glm_clean,balanced_accuracy,1,-0.9057385003558258,1.0351297146923724,0.4925925925925926,,,1,71.0,71,71,g2,pre
g2pre,LM,visual_direction,time_resolved_trial_response,glm_clean,balanced_accuracy,2,-0.8410428931875525,1.0351297146923724,0.5018518518518518,,,1,71.0,71,71,g2,pre
g2pre,LM,visual_direction,time_resolved_trial_response,glm_clean,balanced_accuracy,3,-0.7763472860192793,1.0351297146923724,0.4796296296296297,,,1,71.0,71,71,g2,pre
g2pre,LM,visual_direction,time_resolved_trial_response,glm_clean,balanced_accuracy,4,-0.711651678851006,1.0351297146923724,0.4925925925925926,,,1,71.0,71,71,g2,pre
g2pre,LM,visual_direction,time_resolved_trial_response,glm_clean,balanced_accuracy,5,-0.6469560716827327,1.0351297146923724,0.4648148148148148,,,1,71.0,71,71,g2,pre
g2pre,LM,visual_direction,time_resolved_trial_response,glm_clean,balanced_accuracy,6,-0.5822604645144595,1.0351297146923724,0.4888888888888889,,,1,71.0,71,71,g2,pre
g2pre,LM,visual_direction,time_resolved_trial_response,glm_clean,balanced_accuracy,7,-0.5175648573461862,1.0351297146923724,0.5111111111111111,,,1,71.0,71,71,g2,pre
g2pre,LM,visual_direction,time_resolved_trial_response,glm_clean,balanced_accuracy,8,-0.4528692501779129,1.0351297146923724,0.4833333333333334,,,1,71.0,71,71,g2,pre
g2pre,LM,visual_direction,time_resolved_trial_response,glm_clean,balanced_accuracy,9,-0.3881736430096396,1.0351297146923724,0.5074074074074074,,,1,71.0,71,71,g2,pre
g2pre,LM,visual_direction,time_resolved_trial_response,glm_clean,balanced_accuracy,10,-0.3234780358413663,1.0351297146923724,0.5333333333333334,,,1,71.0,71,71,g2,pre
g2pre,LM,visual_direction,time_resolved_trial_response,glm_clean,balanced_accuracy,11,-0.2587824286730931,1.0351297146923724,0.5037037037037038,,,1,71.0,71,71,g2,pre
g2pre,LM,visual_direction,time_resolved_trial_response,glm_clean,balanced_accuracy,12,-0.1940868215048198,1.0351297146923724,0.5129629629629628,,,1,71.0,71,71,g2,pre
g2pre,LM,visual_direction,time_resolved_trial_response,glm_clean,balanced_accuracy,13,-0.1293912143365465,1.0351297146923724,0.5314814814814814,,,1,71.0,71,71,g2,pre
g2pre,LM,visual_direction,time_resolved_trial_response,glm_clean,balanced_accuracy,14,-0.0646956071682732,1.0351297146923724,0.5351851851851851,,,1,71.0,71,71,g2,pre
g2pre,LM,visual_direction,time_resolved_trial_response,glm_clean,balanced_accuracy,15,0.0,1.0351297146923724,0.5425925925925925,,,1,71.0,71,71,g2,pre
g2pre,LM,visual_direction,time_resolved_trial_response,glm_clean,balanced_accuracy,16,0.0646956071682732,1.0351297146923724,0.4685185185185185,,,1,71.0,71,71,g2,pre
g2pre,LM,visual_direction,time_resolved_trial_response,glm_clean,balanced_accuracy,17,0.1293912143365465,1.0351297146923724,0.4666666666666667,,,1,71.0,71,71,g2,pre
g2pre,LM,visual_direction,time_resolved_trial_response,glm_clean,balanced_accuracy,18,0.1940868215048198,1.0351297146923724,0.4925925925925926,,,1,71.0,71,71,g2,pre
g2pre,LM,visual_direction,time_resolved_trial_response,glm_clean,balanced_accuracy,19,0.2587824286730931,1.0351297146923724,0.611111111111111,,,1,71.0,71,71,g2,pre
g2pre,LM,visual_direction,time_resolved_trial_response,glm_clean,balanced_accuracy,20,0.3234780358413663,1.0351297146923724,0.7333333333333333,,,1,71.0,71,71,g2,pre
g2pre,LM,visual_direction,time_resolved_trial_response,glm_clean,balanced_accuracy,21,0.3881736430096396,1.0351297146923724,0.8351851851851853,,,1,71.0,71,71,g2,pre
g2pre,LM,visual_direction,time_resolved_trial_response,glm_clean,balanced_accuracy,22,0.4528692501779129,1.0351297146923724,0.8851851851851851,,,1,71.0,71,71,g2,pre
g2pre,LM,visual_direction,time_resolved_trial_response,glm_clean,balanced_accuracy,23,0.5175648573461862,1.0351297146923724,0.9537037037037036,,,1,71.0,71,71,g2,pre
g2pre,LM,visual_direction,time_resolved_trial_response,glm_clean,balanced_accuracy,24,0.5822604645144595,1.0351297146923724,0.975925925925926,,,1,71.0,71,71,g2,pre
g2pre,LM,visual_direction,time_resolved_trial_response,glm_clean,balanced_accuracy,25,0.6469560716827327,1.0351297146923724,0.974074074074074,,,1,71.0,71,71,g2,pre
g2pre,LM,visual_direction,time_resolved_trial_response,glm_clean,balanced_accuracy,26,0.711651678851006,1.0351297146923724,0.961111111111111,,,1,71.0,71,71,g2,pre
g2pre,LM,visual_direction,time_resolved_trial_response,glm_clean,balanced_accuracy,27,0.7763472860192793,1.0351297146923724,0.8851851851851851,,,1,71.0,71,71,g2,pre
g2pre,LM,visual_direction,time_resolved_trial_response,glm_clean,balanced_accuracy,28,0.8410428931875525,1.0351297146923724,0.8611111111111113,,,1,71.0,71,71,g2,pre
g2pre,LM,visual_direction,time_resolved_trial_response,glm_clean,balanced_accuracy,29,0.9057385003558258,1.0351297146923724,0.8722222222222221,,,1,71.0,71,71,g2,pre
g2pre,LM,visual_direction,time_resolved_trial_response,glm_clean,balanced_accuracy,30,0.9704341075240992,1.0351297146923724,0.888888888888889,,,1,71.0,71,71,g2,pre
g2pre,LM,visual_direction,time_resolved_trial_response,glm_clean,balanced_accuracy,31,1.0351297146923724,1.0351297146923724,0.9277777777777776,,,1,71.0,71,71,g2,pre
g2pre,LM,visual_direction,time_resolved_trial_response,glm_clean,balanced_accuracy,32,1.0998253218606455,1.0351297146923724,0.9388888888888888,,,1,71.0,71,71,g2,pre
g2pre,LM,visual_direction,time_resolved_trial_response,glm_clean,balanced_accuracy,33,1.164520929028919,1.0351297146923724,0.9351851851851852,,,1,71.0,71,71,g2,pre
g2pre,LM,visual_direction,time_resolved_trial_response,glm_clean,balanced_accuracy,34,1.229216536197192,1.0351297146923724,0.9407407407407408,,,1,71.0,71,71,g2,pre
g2pre,LM,visual_direction,time_resolved_trial_response,glm_clean,balanced_accuracy,35,1.2939121433654657,1.0351297146923724,0.9148148148148147,,,1,71.0,71,71,g2,pre
g2pre,LM,visual_direction,time_resolved_trial_response,glm_clean,balanced_accuracy,36,1.3586077505337386,1.0351297146923724,0.9351851851851852,,,1,71.0,71,71,g2,pre
g2pre,LM,visual_direction,time_resolved_trial_response,glm_clean,balanced_accuracy,37,1.423303357702012,1.0351297146923724,0.9037037037037036,,,1,71.0,71,71,g2,pre
g2pre,LM,visual_direction,time_resolved_trial_response,glm_clean,balanced_accuracy,38,1.4879989648702852,1.0351297146923724,0.8907407407407406,,,1,71.0,71,71,g2,pre
g2pre,LM,visual_direction,time_resolved_trial_response,glm_clean,balanced_accuracy,39,1.5526945720385583,1.0351297146923724,0.8870370370370371,,,1,71.0,71,71,g2,pre
g2pre,LM,visual_direction,time_resolved_trial_response,glm_clean,balanced_accuracy,40,1.6173901792068317,1.0351297146923724,0.8722222222222221,,,1,71.0,71,71,g2,pre
g2pre,LM,visual_direction,time_resolved_trial_response,glm_clean,balanced_accuracy,41,1.682085786375105,1.0351297146923724,0.8481481481481483,,,1,71.0,71,71,g2,pre
g2pre,LM,visual_direction,time_resolved_trial_response,glm_clean,balanced_accuracy,42,1.7467813935433782,1.0351297146923724,0.8166666666666667,,,1,71.0,71,71,g2,pre
g2pre,LM,visual_direction,time_resolved_trial_response,glm_clean,balanced_accuracy,43,1.8114770007116516,1.0351297146923724,0.812962962962963,,,1,71.0,71,71,g2,pre
g2pre,LM,visual_direction,time_resolved_trial_response,glm_clean,balanced_accuracy,44,1.8761726078799248,1.0351297146923724,0.8240740740740741,,,1,71.0,71,71,g2,pre
g2pre,LM,visual_direction,time_resolved_trial_response,glm_clean,balanced_accuracy,45,1.9408682150481984,1.0351297146923724,0.8111111111111111,,,1,71.0,71,71,g2,pre
g2pre,LM,visual_direction,time_resolved_trial_response,glm_clean,balanced_accuracy,46,2.0055638222164713,1.0351297146923724,0.7962962962962962,,,1,71.0,71,71,g2,pre
g2pre,V1,auditory_direction,time_resolved_trial_response,glm_clean,balanced_accuracy,0,-0.9704341075240992,1.0351297146923724,0.4965608465608466,0.0321538328347917,0.0121530064826288,7,232.28571428571428,60,442,g2,pre
g2pre,V1,auditory_direction,time_resolved_trial_response,glm_clean,balanced_accuracy,1,-0.9057385003558258,1.0351297146923724,0.5248677248677248,0.0252526588634165,0.009544607899393,7,232.28571428571428,60,442,g2,pre
g2pre,V1,auditory_direction,time_resolved_trial_response,glm_clean,balanced_accuracy,2,-0.8410428931875525,1.0351297146923724,0.4923280423280423,0.0404369788511214,0.0152837414015493,7,232.28571428571428,60,442,g2,pre
g2pre,V1,auditory_direction,time_resolved_trial_response,glm_clean,balanced_accuracy,3,-0.7763472860192793,1.0351297146923724,0.5169312169312169,0.0284974383255115,0.0107710192588149,7,232.28571428571428,60,442,g2,pre
g2pre,V1,auditory_direction,time_resolved_trial_response,glm_clean,balanced_accuracy,4,-0.711651678851006,1.0351297146923724,0.5042328042328043,0.0168275596759674,0.0063602197249583,7,232.28571428571428,60,442,g2,pre
g2pre,V1,auditory_direction,time_resolved_trial_response,glm_clean,balanced_accuracy,5,-0.6469560716827327,1.0351297146923724,0.4910052910052909,0.024390807489159,0.0092188586989095,7,232.28571428571428,60,442,g2,pre
g2pre,V1,auditory_direction,time_resolved_trial_response,glm_clean,balanced_accuracy,6,-0.5822604645144595,1.0351297146923724,0.4968253968253968,0.0176562942126872,0.0066734519373941,7,232.28571428571428,60,442,g2,pre
g2pre,V1,auditory_direction,time_resolved_trial_response,glm_clean,balanced_accuracy,7,-0.5175648573461862,1.0351297146923724,0.4997354497354497,0.0257806461134012,0.009744168322089,7,232.28571428571428,60,442,g2,pre
g2pre,V1,auditory_direction,time_resolved_trial_response,glm_clean,balanced_accuracy,8,-0.4528692501779129,1.0351297146923724,0.5044973544973546,0.0224743196144417,0.0084944943693134,7,232.28571428571428,60,442,g2,pre
g2pre,V1,auditory_direction,time_resolved_trial_response,glm_clean,balanced_accuracy,9,-0.3881736430096396,1.0351297146923724,0.4965608465608465,0.0335457663518551,0.0126791079008695,7,232.28571428571428,60,442,g2,pre
g2pre,V1,auditory_direction,time_resolved_trial_response,glm_clean,balanced_accuracy,10,-0.3234780358413663,1.0351297146923724,0.4880952380952381,0.0299721167261144,0.0113283953033569,7,232.28571428571428,60,442,g2,pre
g2pre,V1,auditory_direction,time_resolved_trial_response,glm_clean,balanced_accuracy,11,-0.2587824286730931,1.0351297146923724,0.5047619047619047,0.0314425529622244,0.0118841679604318,7,232.28571428571428,60,442,g2,pre
g2pre,V1,auditory_direction,time_resolved_trial_response,glm_clean,balanced_accuracy,12,-0.1940868215048198,1.0351297146923724,0.4986772486772486,0.0186021041319803,0.0070309344851067,7,232.28571428571428,60,442,g2,pre
g2pre,V1,auditory_direction,time_resolved_trial_response,glm_clean,balanced_accuracy,13,-0.1293912143365465,1.0351297146923724,0.4955026455026455,0.0138520970656128,0.005235600567477,7,232.28571428571428,60,442,g2,pre
g2pre,V1,auditory_direction,time_resolved_trial_response,glm_clean,balanced_accuracy,14,-0.0646956071682732,1.0351297146923724,0.4949735449735449,0.0223687117597631,0.0084545783521741,7,232.28571428571428,60,442,g2,pre
g2pre,V1,auditory_direction,time_resolved_trial_response,glm_clean,balanced_accuracy,15,0.0,1.0351297146923724,0.5060846560846561,0.0427895911980908,0.0161729452874666,7,232.28571428571428,60,442,g2,pre
g2pre,V1,auditory_direction,time_resolved_trial_response,glm_clean,balanced_accuracy,16,0.0646956071682732,1.0351297146923724,0.4904761904761905,0.0329440327705313,0.0124516739849125,7,232.28571428571428,60,442,g2,pre
g2pre,V1,auditory_direction,time_resolved_trial_response,glm_clean,balanced_accuracy,17,0.1293912143365465,1.0351297146923724,0.4978835978835979,0.0284773747506554,0.0107634359403177,7,232.28571428571428,60,442,g2,pre
g2pre,V1,auditory_direction,time_resolved_trial_response,glm_clean,balanced_accuracy,18,0.1940868215048198,1.0351297146923724,0.5248677248677249,0.0591420246880239,0.0223535841939076,7,232.28571428571428,60,442,g2,pre
g2pre,V1,auditory_direction,time_resolved_trial_response,glm_clean,balanced_accuracy,19,0.2587824286730931,1.0351297146923724,0.517989417989418,0.0391191636999127,0.0147856540923992,7,232.28571428571428,60,442,g2,pre
g2pre,V1,auditory_direction,time_resolved_trial_response,glm_clean,balanced_accuracy,20,0.3234780358413663,1.0351297146923724,0.533068783068783,0.0393916439543973,0.0148886419481908,7,232.28571428571428,60,442,g2,pre
g2pre,V1,auditory_direction,time_resolved_trial_response,glm_clean,balanced_accuracy,21,0.3881736430096396,1.0351297146923724,0.5523809523809524,0.0374927867733254,0.0141709413944272,7,232.28571428571428,60,442,g2,pre
g2pre,V1,auditory_direction,time_resolved_trial_response,glm_clean,balanced_accuracy,22,0.4528692501779129,1.0351297146923724,0.5322751322751322,0.0408368275268941,0.0154348699955712,7,232.28571428571428,60,442,g2,pre
g2pre,V1,auditory_direction,time_resolved_trial_response,glm_clean,balanced_accuracy,23,0.5175648573461862,1.0351297146923724,0.5415343915343915,0.0397445136286378,0.0150220141486561,7,232.28571428571428,60,442,g2,pre
g2pre,V1,auditory_direction,time_resolved_trial_response,glm_clean,balanced_accuracy,24,0.5822604645144595,1.0351297146923724,0.5359788359788359,0.0552962791675647,0.0209000290149397,7,232.28571428571428,60,442,g2,pre
g2pre,V1,auditory_direction,time_resolved_trial_response,glm_clean,balanced_accuracy,25,0.6469560716827327,1.0351297146923724,0.5534391534391535,0.0501532695589152,0.0189561540985251,7,232.28571428571428,60,442,g2,pre
g2pre,V1,auditory_direction,time_resolved_trial_response,glm_clean,balanced_accuracy,26,0.711651678851006,1.0351297146923724,0.5455026455026455,0.0352802021599331,0.0133346630170381,7,232.28571428571428,60,442,g2,pre
g2pre,V1,auditory_direction,time_resolved_trial_response,glm_clean,balanced_accuracy,27,0.7763472860192793,1.0351297146923724,0.5605820105820106,0.0513613738563375,0.0194127746026405,7,232.28571428571428,60,442,g2,pre
g2pre,V1,auditory_direction,time_resolved_trial_response,glm_clean,balanced_accuracy,28,0.8410428931875525,1.0351297146923724,0.5584656084656084,0.0471265933541001,0.0178121780218026,7,232.28571428571428,60,442,g2,pre
g2pre,V1,auditory_direction,time_resolved_trial_response,glm_clean,balanced_accuracy,29,0.9057385003558258,1.0351297146923724,0.5304232804232805,0.0511175647077147,0.0193206234062664,7,232.28571428571428,60,442,g2,pre
g2pre,V1,auditory_direction,time_resolved_trial_response,glm_clean,balanced_accuracy,30,0.9704341075240992,1.0351297146923724,0.541005291005291,0.058594151110718,0.0221465074459855,7,232.28571428571428,60,442,g2,pre
g2pre,V1,auditory_direction,time_resolved_trial_response,glm_clean,balanced_accuracy,31,1.0351297146923724,1.0351297146923724,0.5412698412698413,0.0389140759957319,0.0147081382263678,7,232.28571428571428,60,442,g2,pre
g2pre,V1,auditory_direction,time_resolved_trial_response,glm_clean,balanced_accuracy,32,1.0998253218606455,1.0351297146923724,0.5476190476190477,0.0471369877798459,0.0178161067454518,7,232.28571428571428,60,442,g2,pre
g2pre,V1,auditory_direction,time_resolved_trial_response,glm_clean,balanced_accuracy,33,1.164520929028919,1.0351297146923724,0.5452380952380952,0.0291405849062757,0.0110141058172811,7,232.28571428571428,60,442,g2,pre
g2pre,V1,auditory_direction,time_resolved_trial_response,glm_clean,balanced_accuracy,34,1.229216536197192,1.0351297146923724,0.5444444444444445,0.0314633208330238,0.0118920174777741,7,232.28571428571428,60,442,g2,pre
g2pre,V1,auditory_direction,time_resolved_trial_response,glm_clean,balanced_accuracy,35,1.2939121433654657,1.0351297146923724,0.5208994708994709,0.0531228085775648,0.0200785343487893,7,232.28571428571428,60,442,g2,pre
g2pre,V1,auditory_direction,time_resolved_trial_response,glm_clean,balanced_accuracy,36,1.3586077505337386,1.0351297146923724,0.5285714285714286,0.0383540103901198,0.014496453324892,7,232.28571428571428,60,442,g2,pre
g2pre,V1,auditory_direction,time_resolved_trial_response,glm_clean,balanced_accuracy,37,1.423303357702012,1.0351297146923724,0.5227513227513227,0.0229239584536982,0.0086644418762374,7,232.28571428571428,60,442,g2,pre
g2pre,V1,auditory_direction,time_resolved_trial_response,glm_clean,balanced_accuracy,38,1.4879989648702852,1.0351297146923724,0.5275132275132275,0.0352894584114789,0.0133381615512757,7,232.28571428571428,60,442,g2,pre
g2pre,V1,auditory_direction,time_resolved_trial_response,glm_clean,balanced_accuracy,39,1.5526945720385583,1.0351297146923724,0.5320105820105819,0.0448886531504103,0.0169663161320888,7,232.28571428571428,60,442,g2,pre
g2pre,V1,auditory_direction,time_resolved_trial_response,glm_clean,balanced_accuracy,40,1.6173901792068317,1.0351297146923724,0.5169312169312169,0.0431979071353462,0.0163272742055126,7,232.28571428571428,60,442,g2,pre
g2pre,V1,auditory_direction,time_resolved_trial_response,glm_clean,balanced_accuracy,41,1.682085786375105,1.0351297146923724,0.5370370370370371,0.0396890059399469,0.0150010342143521,7,232.28571428571428,60,442,g2,pre
g2pre,V1,auditory_direction,time_resolved_trial_response,glm_clean,balanced_accuracy,42,1.7467813935433782,1.0351297146923724,0.5201058201058201,0.0528176000017587,0.0199631763502768,7,232.28571428571428,60,442,g2,pre
g2pre,V1,auditory_direction,time_resolved_trial_response,glm_clean,balanced_accuracy,43,1.8114770007116516,1.0351297146923724,0.5333333333333334,0.0341799214812521,0.0129187960101582,7,232.28571428571428,60,442,g2,pre
g2pre,V1,auditory_direction,time_resolved_trial_response,glm_clean,balanced_accuracy,44,1.8761726078799248,1.0351297146923724,0.5087301587301587,0.0490387047676464,0.0185348882045585,7,232.28571428571428,60,442,g2,pre
g2pre,V1,auditory_direction,time_resolved_trial_response,glm_clean,balanced_accuracy,45,1.9408682150481984,1.0351297146923724,0.5211640211640212,0.0553272793932474,0.020911745998903,7,232.28571428571428,60,442,g2,pre
g2pre,V1,auditory_direction,time_resolved_trial_response,glm_clean,balanced_accuracy,46,2.0055638222164713,1.0351297146923724,0.5164021164021164,0.0354187919386313,0.0133870450297082,7,232.28571428571428,60,442,g2,pre
g2pre,V1,congruency,time_resolved_trial_response,glm_clean,balanced_accuracy,0,-0.9704341075240992,1.0351297146923724,0.4980158730158729,0.0303322770519811,0.0114645231111219,7,232.28571428571428,60,442,g2,pre
g2pre,V1,congruency,time_resolved_trial_response,glm_clean,balanced_accuracy,1,-0.9057385003558258,1.0351297146923724,0.4924603174603174,0.0230021853114118,0.0086940088492883,7,232.28571428571428,60,442,g2,pre
g2pre,V1,congruency,time_resolved_trial_response,glm_clean,balanced_accuracy,2,-0.8410428931875525,1.0351297146923724,0.5011904761904762,0.040725706701799,0.0153928702714738,7,232.28571428571428,60,442,g2,pre
g2pre,V1,congruency,time_resolved_trial_response,glm_clean,balanced_accuracy,3,-0.7763472860192793,1.0351297146923724,0.5055555555555556,0.0377478094641472,0.0142673309113691,7,232.28571428571428,60,442,g2,pre
g2pre,V1,congruency,time_resolved_trial_response,glm_clean,balanced_accuracy,4,-0.711651678851006,1.0351297146923724,0.4928571428571429,0.0311333065195191,0.0117672837916847,7,232.28571428571428,60,442,g2,pre
g2pre,V1,congruency,time_resolved_trial_response,glm_clean,balanced_accuracy,5,-0.6469560716827327,1.0351297146923724,0.5051587301587301,0.0353345479143012,0.0133552037814481,7,232.28571428571428,60,442,g2,pre
g2pre,V1,congruency,time_resolved_trial_response,glm_clean,balanced_accuracy,6,-0.5822604645144595,1.0351297146923724,0.4813492063492063,0.0409416642390647,0.0154744945482388,7,232.28571428571428,60,442,g2,pre
g2pre,V1,congruency,time_resolved_trial_response,glm_clean,balanced_accuracy,7,-0.5175648573461862,1.0351297146923724,0.5079365079365079,0.0304893462566154,0.0115238896902775,7,232.28571428571428,60,442,g2,pre
g2pre,V1,congruency,time_resolved_trial_response,glm_clean,balanced_accuracy,8,-0.4528692501779129,1.0351297146923724,0.5123015873015874,0.0356038858034253,0.0134570039347723,7,232.28571428571428,60,442,g2,pre
g2pre,V1,congruency,time_resolved_trial_response,glm_clean,balanced_accuracy,9,-0.3881736430096396,1.0351297146923724,0.4936507936507937,0.0374301230207361,0.014147256722203,7,232.28571428571428,60,442,g2,pre
g2pre,V1,congruency,time_resolved_trial_response,glm_clean,balanced_accuracy,10,-0.3234780358413663,1.0351297146923724,0.4996031746031746,0.0494160491557969,0.0186775109773688,7,232.28571428571428,60,442,g2,pre
g2pre,V1,congruency,time_resolved_trial_response,glm_clean,balanced_accuracy,11,-0.2587824286730931,1.0351297146923724,0.4924603174603174,0.0253430316533039,0.0095787656032971,7,232.28571428571428,60,442,g2,pre
g2pre,V1,congruency,time_resolved_trial_response,glm_clean,balanced_accuracy,12,-0.1940868215048198,1.0351297146923724,0.4972222222222222,0.0502565435004145,0.0189951879793994,7,232.28571428571428,60,442,g2,pre
g2pre,V1,congruency,time_resolved_trial_response,glm_clean,balanced_accuracy,13,-0.1293912143365465,1.0351297146923724,0.5103174603174604,0.0220312561889952,0.0083270321352048,7,232.28571428571428,60,442,g2,pre
g2pre,V1,congruency,time_resolved_trial_response,glm_clean,balanced_accuracy,14,-0.0646956071682732,1.0351297146923724,0.5218253968253969,0.0272367955807892,0.010294541088153,7,232.28571428571428,60,442,g2,pre
g2pre,V1,congruency,time_resolved_trial_response,glm_clean,balanced_accuracy,15,0.0,1.0351297146923724,0.4920634920634921,0.0220145721607113,0.0083207261652468,7,232.28571428571428,60,442,g2,pre
g2pre,V1,congruency,time_resolved_trial_response,glm_clean,balanced_accuracy,16,0.0646956071682732,1.0351297146923724,0.4932539682539683,0.0512662987948445,0.019376839607127,7,232.28571428571428,60,442,g2,pre
g2pre,V1,congruency,time_resolved_trial_response,glm_clean,balanced_accuracy,17,0.1293912143365465,1.0351297146923724,0.5253968253968254,0.0264705642201902,0.0100049328557411,7,232.28571428571428,60,442,g2,pre
g2pre,V1,congruency,time_resolved_trial_response,glm_clean,balanced_accuracy,18,0.1940868215048198,1.0351297146923724,0.5,0.0460083638844623,0.0173895270096075,7,232.28571428571428,60,442,g2,pre
g2pre,V1,congruency,time_resolved_trial_response,glm_clean,balanced_accuracy,19,0.2587824286730931,1.0351297146923724,0.4869047619047619,0.0410984178888779,0.0155337418588827,7,232.28571428571428,60,442,g2,pre
g2pre,V1,congruency,time_resolved_trial_response,glm_clean,balanced_accuracy,20,0.3234780358413663,1.0351297146923724,0.5011904761904762,0.0393444593118527,0.0148708078296374,7,232.28571428571428,60,442,g2,pre
g2pre,V1,congruency,time_resolved_trial_response,glm_clean,balanced_accuracy,21,0.3881736430096396,1.0351297146923724,0.5186507936507937,0.0527464401533754,0.0199362804556832,7,232.28571428571428,60,442,g2,pre
g2pre,V1,congruency,time_resolved_trial_response,glm_clean,balanced_accuracy,22,0.4528692501779129,1.0351297146923724,0.5055555555555555,0.0421576016216007,0.0159340756802412,7,232.28571428571428,60,442,g2,pre
g2pre,V1,congruency,time_resolved_trial_response,glm_clean,balanced_accuracy,23,0.5175648573461862,1.0351297146923724,0.5281746031746032,0.0421706730709216,0.0159390162236952,7,232.28571428571428,60,442,g2,pre
g2pre,V1,congruency,time_resolved_trial_response,glm_clean,balanced_accuracy,24,0.5822604645144595,1.0351297146923724,0.5166666666666667,0.0317931198396099,0.0120166697854973,7,232.28571428571428,60,442,g2,pre
g2pre,V1,congruency,time_resolved_trial_response,glm_clean,balanced_accuracy,25,0.6469560716827327,1.0351297146923724,0.511904761904762,0.0374301230207361,0.014147256722203,7,232.28571428571428,60,442,g2,pre
g2pre,V1,congruency,time_resolved_trial_response,glm_clean,balanced_accuracy,26,0.711651678851006,1.0351297146923724,0.5047619047619047,0.0456073070354571,0.0172379417690265,7,232.28571428571428,60,442,g2,pre
g2pre,V1,congruency,time_resolved_trial_response,glm_clean,balanced_accuracy,27,0.7763472860192793,1.0351297146923724,0.5134920634920636,0.0292405840876945,0.0110519019551874,7,232.28571428571428,60,442,g2,pre
g2pre,V1,congruency,time_resolved_trial_response,glm_clean,balanced_accuracy,28,0.8410428931875525,1.0351297146923724,0.5341269841269841,0.0340854305896704,0.0128830818101173,7,232.28571428571428,60,442,g2,pre
g2pre,V1,congruency,time_resolved_trial_response,glm_clean,balanced_accuracy,29,0.9057385003558258,1.0351297146923724,0.5055555555555555,0.0334488738299786,0.0126424859699,7,232.28571428571428,60,442,g2,pre
g2pre,V1,congruency,time_resolved_trial_response,glm_clean,balanced_accuracy,30,0.9704341075240992,1.0351297146923724,0.4996031746031746,0.0367265424221143,0.0138813282520254,7,232.28571428571428,60,442,g2,pre
g2pre,V1,congruency,time_resolved_trial_response,glm_clean,balanced_accuracy,31,1.0351297146923724,1.0351297146923724,0.5111111111111112,0.0420354054178376,0.0158878898564822,7,232.28571428571428,60,442,g2,pre
g2pre,V1,congruency,time_resolved_trial_response,glm_clean,balanced_accuracy,32,1.0998253218606455,1.0351297146923724,0.5182539682539683,0.0359632708316749,0.0135928387075821,7,232.28571428571428,60,442,g2,pre
g2pre,V1,congruency,time_resolved_trial_response,glm_clean,balanced_accuracy,33,1.164520929028919,1.0351297146923724,0.5222222222222223,0.0516696534381618,0.0195292933323242,7,232.28571428571428,60,442,g2,pre
g2pre,V1,congruency,time_resolved_trial_response,glm_clean,balanced_accuracy,34,1.229216536197192,1.0351297146923724,0.5063492063492063,0.0576171709578215,0.0217772436573555,7,232.28571428571428,60,442,g2,pre
g2pre,V1,congruency,time_resolved_trial_response,glm_clean,balanced_accuracy,35,1.2939121433654657,1.0351297146923724,0.503968253968254,0.054594868323555,0.0206349206349206,7,232.28571428571428,60,442,g2,pre
g2pre,V1,congruency,time_resolved_trial_response,glm_clean,balanced_accuracy,36,1.3586077505337386,1.0351297146923724,0.4984126984126984,0.0433860417468536,0.0163983824048058,7,232.28571428571428,60,442,g2,pre
g2pre,V1,congruency,time_resolved_trial_response,glm_clean,balanced_accuracy,37,1.423303357702012,1.0351297146923724,0.5214285714285715,0.0387137021590785,0.0146324040347923,7,232.28571428571428,60,442,g2,pre
g2pre,V1,congruency,time_resolved_trial_response,glm_clean,balanced_accuracy,38,1.4879989648702852,1.0351297146923724,0.5150793650793651,0.0394749863126722,0.0149201423987156,7,232.28571428571428,60,442,g2,pre
g2pre,V1,congruency,time_resolved_trial_response,glm_clean,balanced_accuracy,39,1.5526945720385583,1.0351297146923724,0.5123015873015874,0.037811026451822,0.0142912246868008,7,232.28571428571428,60,442,g2,pre
g2pre,V1,congruency,time_resolved_trial_response,glm_clean,balanced_accuracy,40,1.6173901792068317,1.0351297146923724,0.5015873015873016,0.0384518144448033,0.0145334197828786,7,232.28571428571428,60,442,g2,pre
g2pre,V1,congruency,time_resolved_trial_response,glm_clean,balanced_accuracy,41,1.682085786375105,1.0351297146923724,0.4996031746031746,0.042444243607381,0.016042416167339,7,232.28571428571428,60,442,g2,pre
g2pre,V1,congruency,time_resolved_trial_response,glm_clean,balanced_accuracy,42,1.7467813935433782,1.0351297146923724,0.5055555555555555,0.0261071707034661,0.0098675830166975,7,232.28571428571428,60,442,g2,pre
g2pre,V1,congruency,time_resolved_trial_response,glm_clean,balanced_accuracy,43,1.8114770007116516,1.0351297146923724,0.5162698412698413,0.0530797543085903,0.0200622613647056,7,232.28571428571428,60,442,g2,pre
g2pre,V1,congruency,time_resolved_trial_response,glm_clean,balanced_accuracy,44,1.8761726078799248,1.0351297146923724,0.5158730158730159,0.0387469063451877,0.0146449540374967,7,232.28571428571428,60,442,g2,pre
g2pre,V1,congruency,time_resolved_trial_response,glm_clean,balanced_accuracy,45,1.9408682150481984,1.0351297146923724,0.5,0.0290451613728854,0.0109780391117705,7,232.28571428571428,60,442,g2,pre
g2pre,V1,congruency,time_resolved_trial_response,glm_clean,balanced_accuracy,46,2.0055638222164713,1.0351297146923724,0.513888888888889,0.0359683788880648,0.0135947693714236,7,232.28571428571428,60,442,g2,pre
g2pre,V1,modality,time_resolved_trial_response,glm_clean,balanced_accuracy,0,-0.9704341075240992,1.0351297146923724,0.3399470899470899,0.0092966616706235,0.0035138078290823,7,232.28571428571428,60,442,g2,pre
g2pre,V1,modality,time_resolved_trial_response,glm_clean,balanced_accuracy,1,-0.9057385003558258,1.0351297146923724,0.3335978835978836,0.0194790571247867,0.0073623915608866,7,232.28571428571428,60,442,g2,pre
g2pre,V1,modality,time_resolved_trial_response,glm_clean,balanced_accuracy,2,-0.8410428931875525,1.0351297146923724,0.3339947089947089,0.0154171002952611,0.0058271161884287,7,232.28571428571428,60,442,g2,pre
g2pre,V1,modality,time_resolved_trial_response,glm_clean,balanced_accuracy,3,-0.7763472860192793,1.0351297146923724,0.3503968253968254,0.0135436214465139,0.005119007742668,7,232.28571428571428,60,442,g2,pre
g2pre,V1,modality,time_resolved_trial_response,glm_clean,balanced_accuracy,4,-0.711651678851006,1.0351297146923724,0.3341269841269841,0.0091572868119949,0.00346112908409,7,232.28571428571428,60,442,g2,pre
g2pre,V1,modality,time_resolved_trial_response,glm_clean,balanced_accuracy,5,-0.6469560716827327,1.0351297146923724,0.3324074074074074,0.0215895006574353,0.0081600642385199,7,232.28571428571428,60,442,g2,pre
g2pre,V1,modality,time_resolved_trial_response,glm_clean,balanced_accuracy,6,-0.5822604645144595,1.0351297146923724,0.3234126984126984,0.0149942288634532,0.0056672858105548,7,232.28571428571428,60,442,g2,pre
g2pre,V1,modality,time_resolved_trial_response,glm_clean,balanced_accuracy,7,-0.5175648573461862,1.0351297146923724,0.3349206349206349,0.0166556400914162,0.0062952402297834,7,232.28571428571428,60,442,g2,pre
g2pre,V1,modality,time_resolved_trial_response,glm_clean,balanced_accuracy,8,-0.4528692501779129,1.0351297146923724,0.3298941798941799,0.0159097165367449,0.0060133076265369,7,232.28571428571428,60,442,g2,pre
g2pre,V1,modality,time_resolved_trial_response,glm_clean,balanced_accuracy,9,-0.3881736430096396,1.0351297146923724,0.3199735449735449,0.0218058808582137,0.0082418482670767,7,232.28571428571428,60,442,g2,pre
g2pre,V1,modality,time_resolved_trial_response,glm_clean,balanced_accuracy,10,-0.3234780358413663,1.0351297146923724,0.3293650793650793,0.0230101707951835,0.0086970270784538,7,232.28571428571428,60,442,g2,pre
g2pre,V1,modality,time_resolved_trial_response,glm_clean,balanced_accuracy,11,-0.2587824286730931,1.0351297146923724,0.3318783068783069,0.0264111187657921,0.0099824645858967,7,232.28571428571428,60,442,g2,pre
g2pre,V1,modality,time_resolved_trial_response,glm_clean,balanced_accuracy,12,-0.1940868215048198,1.0351297146923724,0.3325396825396826,0.0192035978322838,0.0072582777345602,7,232.28571428571428,60,442,g2,pre
g2pre,V1,modality,time_resolved_trial_response,glm_clean,balanced_accuracy,13,-0.1293912143365465,1.0351297146923724,0.3298941798941799,0.0103067144328928,0.0038955718890849,7,232.28571428571428,60,442,g2,pre
g2pre,V1,modality,time_resolved_trial_response,glm_clean,balanced_accuracy,14,-0.0646956071682732,1.0351297146923724,0.3386243386243386,0.0118782774183299,0.0044895668646764,7,232.28571428571428,60,442,g2,pre
g2pre,V1,modality,time_resolved_trial_response,glm_clean,balanced_accuracy,15,0.0,1.0351297146923724,0.3472222222222222,0.0197795925555705,0.0074759832766034,7,232.28571428571428,60,442,g2,pre
g2pre,V1,modality,time_resolved_trial_response,glm_clean,balanced_accuracy,16,0.0646956071682732,1.0351297146923724,0.3361111111111111,0.0244217534039485,0.0092305551552847,7,232.28571428571428,60,442,g2,pre
g2pre,V1,modality,time_resolved_trial_response,glm_clean,balanced_accuracy,17,0.1293912143365465,1.0351297146923724,0.3567460317460317,0.0332505586008162,0.0125675298588199,7,232.28571428571428,60,442,g2,pre
g2pre,V1,modality,time_resolved_trial_response,glm_clean,balanced_accuracy,18,0.1940868215048198,1.0351297146923724,0.4675925925925925,0.0749695106446062,0.0283358115825482,7,232.28571428571428,60,442,g2,pre
g2pre,V1,modality,time_resolved_trial_response,glm_clean,balanced_accuracy,19,0.2587824286730931,1.0351297146923724,0.7099206349206348,0.0820053904028934,0.0309951241675455,7,232.28571428571428,60,442,g2,pre
g2pre,V1,modality,time_resolved_trial_response,glm_clean,balanced_accuracy,20,0.3234780358413663,1.0351297146923724,0.766137566137566,0.0683260918719332,0.0258248353071553,7,232.28571428571428,60,442,g2,pre
g2pre,V1,modality,time_resolved_trial_response,glm_clean,balanced_accuracy,21,0.3881736430096396,1.0351297146923724,0.7883597883597885,0.0635454563124956,0.0240179249072832,7,232.28571428571428,60,442,g2,pre
g2pre,V1,modality,time_resolved_trial_response,glm_clean,balanced_accuracy,22,0.4528692501779129,1.0351297146923724,0.8034391534391535,0.0568941469268723,0.0215039662605248,7,232.28571428571428,60,442,g2,pre
g2pre,V1,modality,time_resolved_trial_response,glm_clean,balanced_accuracy,23,0.5175648573461862,1.0351297146923724,0.7928571428571428,0.0523474832057381,0.0197854889032161,7,232.28571428571428,60,442,g2,pre
g2pre,V1,modality,time_resolved_trial_response,glm_clean,balanced_accuracy,24,0.5822604645144595,1.0351297146923724,0.7862433862433863,0.054113032884063,0.0204528039569558,7,232.28571428571428,60,442,g2,pre
g2pre,V1,modality,time_resolved_trial_response,glm_clean,balanced_accuracy,25,0.6469560716827327,1.0351297146923724,0.7861111111111111,0.0613677737740173,0.0231948382742459,7,232.28571428571428,60,442,g2,pre
g2pre,V1,modality,time_resolved_trial_response,glm_clean,balanced_accuracy,26,0.711651678851006,1.0351297146923724,0.7785714285714286,0.048356708113188,0.0182771176984621,7,232.28571428571428,60,442,g2,pre
g2pre,V1,modality,time_resolved_trial_response,glm_clean,balanced_accuracy,27,0.7763472860192793,1.0351297146923724,0.7829365079365079,0.0483668381780191,0.0182809465030775,7,232.28571428571428,60,442,g2,pre
g2pre,V1,modality,time_resolved_trial_response,glm_clean,balanced_accuracy,28,0.8410428931875525,1.0351297146923724,0.7838624338624339,0.0467565307322029,0.0176723074979368,7,232.28571428571428,60,442,g2,pre
g2pre,V1,modality,time_resolved_trial_response,glm_clean,balanced_accuracy,29,0.9057385003558258,1.0351297146923724,0.7671957671957672,0.0596362840941691,0.0225403966898812,7,232.28571428571428,60,442,g2,pre
g2pre,V1,modality,time_resolved_trial_response,glm_clean,balanced_accuracy,30,0.9704341075240992,1.0351297146923724,0.7625661375661376,0.0717375657031009,0.0271142512159373,7,232.28571428571428,60,442,g2,pre
g2pre,V1,modality,time_resolved_trial_response,glm_clean,balanced_accuracy,31,1.0351297146923724,1.0351297146923724,0.7656084656084656,0.0611448386432055,0.0231105767150134,7,232.28571428571428,60,442,g2,pre
g2pre,V1,modality,time_resolved_trial_response,glm_clean,balanced_accuracy,32,1.0998253218606455,1.0351297146923724,0.7571428571428571,0.0694191605941767,0.0262379764507209,7,232.28571428571428,60,442,g2,pre
g2pre,V1,modality,time_resolved_trial_response,glm_clean,balanced_accuracy,33,1.164520929028919,1.0351297146923724,0.7595238095238095,0.0628009769165953,0.0237365381447456,7,232.28571428571428,60,442,g2,pre
g2pre,V1,modality,time_resolved_trial_response,glm_clean,balanced_accuracy,34,1.229216536197192,1.0351297146923724,0.7551587301587303,0.0605965456250967,0.0229033414333692,7,232.28571428571428,60,442,g2,pre
g2pre,V1,modality,time_resolved_trial_response,glm_clean,balanced_accuracy,35,1.2939121433654657,1.0351297146923724,0.7474867724867725,0.05963354572131,0.0225393616822266,7,232.28571428571428,60,442,g2,pre
g2pre,V1,modality,time_resolved_trial_response,glm_clean,balanced_accuracy,36,1.3586077505337386,1.0351297146923724,0.7386243386243386,0.0571197349358835,0.0215892305134679,7,232.28571428571428,60,442,g2,pre
g2pre,V1,modality,time_resolved_trial_response,glm_clean,balanced_accuracy,37,1.423303357702012,1.0351297146923724,0.7318783068783068,0.0693844538059006,0.0262248585177803,7,232.28571428571428,60,442,g2,pre
g2pre,V1,modality,time_resolved_trial_response,glm_clean,balanced_accuracy,38,1.4879989648702852,1.0351297146923724,0.7162698412698413,0.0722298530767231,0.0273003183536775,7,232.28571428571428,60,442,g2,pre
g2pre,V1,modality,time_resolved_trial_response,glm_clean,balanced_accuracy,39,1.5526945720385583,1.0351297146923724,0.7175925925925926,0.0774961833654663,0.0292908041059549,7,232.28571428571428,60,442,g2,pre
g2pre,V1,modality,time_resolved_trial_response,glm_clean,balanced_accuracy,40,1.6173901792068317,1.0351297146923724,0.7144179894179894,0.0852620713523163,0.0322260338663533,7,232.28571428571428,60,442,g2,pre
g2pre,V1,modality,time_resolved_trial_response,glm_clean,balanced_accuracy,41,1.682085786375105,1.0351297146923724,0.6921957671957671,0.0906396784509251,0.0342585782994297,7,232.28571428571428,60,442,g2,pre
g2pre,V1,modality,time_resolved_trial_response,glm_clean,balanced_accuracy,42,1.7467813935433782,1.0351297146923724,0.6875661375661376,0.0856266358416745,0.0323638262914515,7,232.28571428571428,60,442,g2,pre
g2pre,V1,modality,time_resolved_trial_response,glm_clean,balanced_accuracy,43,1.8114770007116516,1.0351297146923724,0.6932539682539682,0.0766800740604765,0.0289823437825765,7,232.28571428571428,60,442,g2,pre
g2pre,V1,modality,time_resolved_trial_response,glm_clean,balanced_accuracy,44,1.8761726078799248,1.0351297146923724,0.6760582010582011,0.0859390764126579,0.0324819177272099,7,232.28571428571428,60,442,g2,pre
g2pre,V1,modality,time_resolved_trial_response,glm_clean,balanced_accuracy,45,1.9408682150481984,1.0351297146923724,0.6682539682539683,0.073543070281033,0.0277966678022512,7,232.28571428571428,60,442,g2,pre
g2pre,V1,modality,time_resolved_trial_response,glm_clean,balanced_accuracy,46,2.0055638222164713,1.0351297146923724,0.635978835978836,0.0760771389658214,0.0287544557372664,7,232.28571428571428,60,442,g2,pre
g2pre,V1,trial_type,time_resolved_trial_response,glm_clean,balanced_accuracy,0,-0.9704341075240992,1.0351297146923724,0.1244047619047619,0.0111358850796843,0.0042089689356342,7,232.28571428571428,60,442,g2,pre
g2pre,V1,trial_type,time_resolved_trial_response,glm_clean,balanced_accuracy,1,-0.9057385003558258,1.0351297146923724,0.1222222222222222,0.0173472166622177,0.006556631603912,7,232.28571428571428,60,442,g2,pre
g2pre,V1,trial_type,time_resolved_trial_response,glm_clean,balanced_accuracy,2,-0.8410428931875525,1.0351297146923724,0.1303571428571428,0.0176125965357562,0.0066569357679612,7,232.28571428571428,60,442,g2,pre
g2pre,V1,trial_type,time_resolved_trial_response,glm_clean,balanced_accuracy,3,-0.7763472860192793,1.0351297146923724,0.135515873015873,0.0182830599787603,0.0069103471298682,7,232.28571428571428,60,442,g2,pre
g2pre,V1,trial_type,time_resolved_trial_response,glm_clean,balanced_accuracy,4,-0.711651678851006,1.0351297146923724,0.1313492063492063,0.0138159460223133,0.0052219367574475,7,232.28571428571428,60,442,g2,pre
g2pre,V1,trial_type,time_resolved_trial_response,glm_clean,balanced_accuracy,5,-0.6469560716827327,1.0351297146923724,0.1271825396825397,0.0083663367628206,0.0031621780655772,7,232.28571428571428,60,442,g2,pre
g2pre,V1,trial_type,time_resolved_trial_response,glm_clean,balanced_accuracy,6,-0.5822604645144595,1.0351297146923724,0.129563492063492,0.0098115697939961,0.003708424806581,7,232.28571428571428,60,442,g2,pre
g2pre,V1,trial_type,time_resolved_trial_response,glm_clean,balanced_accuracy,7,-0.5175648573461862,1.0351297146923724,0.117063492063492,0.0193734531725938,0.0073224770187483,7,232.28571428571428,60,442,g2,pre
g2pre,V1,trial_type,time_resolved_trial_response,glm_clean,balanced_accuracy,8,-0.4528692501779129,1.0351297146923724,0.121031746031746,0.0061294218222738,0.002316703688907,7,232.28571428571428,60,442,g2,pre
g2pre,V1,trial_type,time_resolved_trial_response,glm_clean,balanced_accuracy,9,-0.3881736430096396,1.0351297146923724,0.1277777777777778,0.0226094730501384,0.0085455775664119,7,232.28571428571428,60,442,g2,pre
g2pre,V1,trial_type,time_resolved_trial_response,glm_clean,balanced_accuracy,10,-0.3234780358413663,1.0351297146923724,0.1317460317460317,0.0170561846048447,0.0064466318257182,7,232.28571428571428,60,442,g2,pre
g2pre,V1,trial_type,time_resolved_trial_response,glm_clean,balanced_accuracy,11,-0.2587824286730931,1.0351297146923724,0.1255952380952381,0.0103580803970644,0.0039149863986636,7,232.28571428571428,60,442,g2,pre
g2pre,V1,trial_type,time_resolved_trial_response,glm_clean,balanced_accuracy,12,-0.1940868215048198,1.0351297146923724,0.1200396825396825,0.0069840142487293,0.0026397092650099,7,232.28571428571428,60,442,g2,pre
g2pre,V1,trial_type,time_resolved_trial_response,glm_clean,balanced_accuracy,13,-0.1293912143365465,1.0351297146923724,0.115079365079365,0.0119322874025586,0.0045099807199027,7,232.28571428571428,60,442,g2,pre
g2pre,V1,trial_type,time_resolved_trial_response,glm_clean,balanced_accuracy,14,-0.0646956071682732,1.0351297146923724,0.1299603174603174,0.019458611618961,0.0073546638860518,7,232.28571428571428,60,442,g2,pre
g2pre,V1,trial_type,time_resolved_trial_response,glm_clean,balanced_accuracy,15,0.0,1.0351297146923724,0.1321428571428571,0.0171501735807739,0.0064821563194739,7,232.28571428571428,60,442,g2,pre
g2pre,V1,trial_type,time_resolved_trial_response,glm_clean,balanced_accuracy,16,0.0646956071682732,1.0351297146923724,0.1277777777777777,0.0131027515723008,0.0049523745929955,7,232.28571428571428,60,442,g2,pre
g2pre,V1,trial_type,time_resolved_trial_response,glm_clean,balanced_accuracy,17,0.1293912143365465,1.0351297146923724,0.1357142857142857,0.0104771173631973,0.0039599781428366,7,232.28571428571428,60,442,g2,pre
g2pre,V1,trial_type,time_resolved_trial_response,glm_clean,balanced_accuracy,18,0.1940868215048198,1.0351297146923724,0.2186507936507936,0.0690584510751797,0.0261016410674638,7,232.28571428571428,60,442,g2,pre
g2pre,V1,trial_type,time_resolved_trial_response,glm_clean,balanced_accuracy,19,0.2587824286730931,1.0351297146923724,0.3908730158730158,0.1045728412635114,0.0395248188392406,7,232.28571428571428,60,442,g2,pre
g2pre,V1,trial_type,time_resolved_trial_response,glm_clean,balanced_accuracy,20,0.3234780358413663,1.0351297146923724,0.4623015873015872,0.1274917001137078,0.048187333246528,7,232.28571428571428,60,442,g2,pre
g2pre,V1,trial_type,time_resolved_trial_response,glm_clean,balanced_accuracy,21,0.3881736430096396,1.0351297146923724,0.4912698412698413,0.112307546535477,0.0424482626412408,7,232.28571428571428,60,442,g2,pre
g2pre,V1,trial_type,time_resolved_trial_response,glm_clean,balanced_accuracy,22,0.4528692501779129,1.0351297146923724,0.4934523809523809,0.0967405870442072,0.036564505000767,7,232.28571428571428,60,442,g2,pre
g2pre,V1,trial_type,time_resolved_trial_response,glm_clean,balanced_accuracy,23,0.5175648573461862,1.0351297146923724,0.503968253968254,0.0866560882500786,0.032752922728482,7,232.28571428571428,60,442,g2,pre
g2pre,V1,trial_type,time_resolved_trial_response,glm_clean,balanced_accuracy,24,0.5822604645144595,1.0351297146923724,0.5011904761904762,0.0734336985550932,0.0277553291754942,7,232.28571428571428,60,442,g2,pre
g2pre,V1,trial_type,time_resolved_trial_response,glm_clean,balanced_accuracy,25,0.6469560716827327,1.0351297146923724,0.5194444444444445,0.0658417325474958,0.0248858357443287,7,232.28571428571428,60,442,g2,pre
g2pre,V1,trial_type,time_resolved_trial_response,glm_clean,balanced_accuracy,26,0.711651678851006,1.0351297146923724,0.4902777777777777,0.0683901450075694,0.0258490451168106,7,232.28571428571428,60,442,g2,pre
g2pre,V1,trial_type,time_resolved_trial_response,glm_clean,balanced_accuracy,27,0.7763472860192793,1.0351297146923724,0.4898809523809523,0.0871602541640264,0.0329434795324565,7,232.28571428571428,60,442,g2,pre
g2pre,V1,trial_type,time_resolved_trial_response,glm_clean,balanced_accuracy,28,0.8410428931875525,1.0351297146923724,0.4867063492063492,0.0800786374972846,0.0302668800209581,7,232.28571428571428,60,442,g2,pre
g2pre,V1,trial_type,time_resolved_trial_response,glm_clean,balanced_accuracy,29,0.9057385003558258,1.0351297146923724,0.4561507936507936,0.076904226113531,0.0290670652951832,7,232.28571428571428,60,442,g2,pre
g2pre,V1,trial_type,time_resolved_trial_response,glm_clean,balanced_accuracy,30,0.9704341075240992,1.0351297146923724,0.4763888888888888,0.0831208711341922,0.0314167362543028,7,232.28571428571428,60,442,g2,pre
g2pre,V1,trial_type,time_resolved_trial_response,glm_clean,balanced_accuracy,31,1.0351297146923724,1.0351297146923724,0.4706349206349206,0.0759093897336518,0.0286910524871317,7,232.28571428571428,60,442,g2,pre
g2pre,V1,trial_type,time_resolved_trial_response,glm_clean,balanced_accuracy,32,1.0998253218606455,1.0351297146923724,0.4722222222222222,0.088997329686671,0.033637828814251,7,232.28571428571428,60,442,g2,pre
g2pre,V1,trial_type,time_resolved_trial_response,glm_clean,balanced_accuracy,33,1.164520929028919,1.0351297146923724,0.4557539682539682,0.0820559057212046,0.0310142171632099,7,232.28571428571428,60,442,g2,pre
g2pre,V1,trial_type,time_resolved_trial_response,glm_clean,balanced_accuracy,34,1.229216536197192,1.0351297146923724,0.4626984126984127,0.0768773464437834,0.0290569057349723,7,232.28571428571428,60,442,g2,pre
g2pre,V1,trial_type,time_resolved_trial_response,glm_clean,balanced_accuracy,35,1.2939121433654657,1.0351297146923724,0.4434523809523809,0.0770122473596651,0.029107893488552,7,232.28571428571428,60,442,g2,pre
g2pre,V1,trial_type,time_resolved_trial_response,glm_clean,balanced_accuracy,36,1.3586077505337386,1.0351297146923724,0.4420634920634921,0.0747110099571565,0.0282381075064438,7,232.28571428571428,60,442,g2,pre
g2pre,V1,trial_type,time_resolved_trial_response,glm_clean,balanced_accuracy,37,1.423303357702012,1.0351297146923724,0.4390873015873016,0.0759559641832222,0.0287086559744193,7,232.28571428571428,60,442,g2,pre
g2pre,V1,trial_type,time_resolved_trial_response,glm_clean,balanced_accuracy,38,1.4879989648702852,1.0351297146923724,0.4238095238095238,0.0767852870392663,0.0290221105506585,7,232.28571428571428,60,442,g2,pre
g2pre,V1,trial_type,time_resolved_trial_response,glm_clean,balanced_accuracy,39,1.5526945720385583,1.0351297146923724,0.410515873015873,0.0713572542265088,0.0269705069891078,7,232.28571428571428,60,442,g2,pre
g2pre,V1,trial_type,time_resolved_trial_response,glm_clean,balanced_accuracy,40,1.6173901792068317,1.0351297146923724,0.4003968253968254,0.0792994106627034,0.029972359961071,7,232.28571428571428,60,442,g2,pre
g2pre,V1,trial_type,time_resolved_trial_response,glm_clean,balanced_accuracy,41,1.682085786375105,1.0351297146923724,0.3950396825396825,0.079974183812188,0.0302274002389167,7,232.28571428571428,60,442,g2,pre
g2pre,V1,trial_type,time_resolved_trial_response,glm_clean,balanced_accuracy,42,1.7467813935433782,1.0351297146923724,0.3781746031746031,0.0808969231139984,0.0305761629128503,7,232.28571428571428,60,442,g2,pre
g2pre,V1,trial_type,time_resolved_trial_response,glm_clean,balanced_accuracy,43,1.8114770007116516,1.0351297146923724,0.3886904761904762,0.0769651186100382,0.0290900804955357,7,232.28571428571428,60,442,g2,pre
g2pre,V1,trial_type,time_resolved_trial_response,glm_clean,balanced_accuracy,44,1.8761726078799248,1.0351297146923724,0.3748015873015872,0.0800648711850808,0.0302616768440207,7,232.28571428571428,60,442,g2,pre
g2pre,V1,trial_type,time_resolved_trial_response,glm_clean,balanced_accuracy,45,1.9408682150481984,1.0351297146923724,0.353968253968254,0.0644172424801605,0.0243474291067214,7,232.28571428571428,60,442,g2,pre
g2pre,V1,trial_type,time_resolved_trial_response,glm_clean,balanced_accuracy,46,2.0055638222164713,1.0351297146923724,0.3412698412698413,0.0691787244329362,0.0261471001237453,7,232.28571428571428,60,442,g2,pre
g2pre,V1,visual_direction,time_resolved_trial_response,glm_clean,balanced_accuracy,0,-0.9704341075240992,1.0351297146923724,0.4957671957671957,0.0182609960144369,0.0069020077352202,7,232.28571428571428,60,442,g2,pre
g2pre,V1,visual_direction,time_resolved_trial_response,glm_clean,balanced_accuracy,1,-0.9057385003558258,1.0351297146923724,0.5063492063492063,0.022877607763164,0.0086469229619161,7,232.28571428571428,60,442,g2,pre
g2pre,V1,visual_direction,time_resolved_trial_response,glm_clean,balanced_accuracy,2,-0.8410428931875525,1.0351297146923724,0.5124338624338625,0.0292747709647215,0.0110648233801468,7,232.28571428571428,60,442,g2,pre
g2pre,V1,visual_direction,time_resolved_trial_response,glm_clean,balanced_accuracy,3,-0.7763472860192793,1.0351297146923724,0.5216931216931217,0.0169965395532029,0.0064240881152068,7,232.28571428571428,60,442,g2,pre
g2pre,V1,visual_direction,time_resolved_trial_response,glm_clean,balanced_accuracy,4,-0.711651678851006,1.0351297146923724,0.5097883597883598,0.0131691835604799,0.0049774835243986,7,232.28571428571428,60,442,g2,pre
g2pre,V1,visual_direction,time_resolved_trial_response,glm_clean,balanced_accuracy,5,-0.6469560716827327,1.0351297146923724,0.5037037037037038,0.0181443684650605,0.0068579266649818,7,232.28571428571428,60,442,g2,pre
g2pre,V1,visual_direction,time_resolved_trial_response,glm_clean,balanced_accuracy,6,-0.5822604645144595,1.0351297146923724,0.5031746031746032,0.0177853085166731,0.0067222147608109,7,232.28571428571428,60,442,g2,pre
g2pre,V1,visual_direction,time_resolved_trial_response,glm_clean,balanced_accuracy,7,-0.5175648573461862,1.0351297146923724,0.4891534391534392,0.0374426641611406,0.0141519968277269,7,232.28571428571428,60,442,g2,pre
g2pre,V1,visual_direction,time_resolved_trial_response,glm_clean,balanced_accuracy,8,-0.4528692501779129,1.0351297146923724,0.5164021164021164,0.0221043316174861,0.0083546520510243,7,232.28571428571428,60,442,g2,pre
g2pre,V1,visual_direction,time_resolved_trial_response,glm_clean,balanced_accuracy,9,-0.3881736430096396,1.0351297146923724,0.4925925925925926,0.0240265437728747,0.0090811799553477,7,232.28571428571428,60,442,g2,pre
g2pre,V1,visual_direction,time_resolved_trial_response,glm_clean,balanced_accuracy,10,-0.3234780358413663,1.0351297146923724,0.5185185185185185,0.0340626658304232,0.0128744775398853,7,232.28571428571428,60,442,g2,pre
g2pre,V1,visual_direction,time_resolved_trial_response,glm_clean,balanced_accuracy,11,-0.2587824286730931,1.0351297146923724,0.5187830687830688,0.0258470708070689,0.009769274496426,7,232.28571428571428,60,442,g2,pre
g2pre,V1,visual_direction,time_resolved_trial_response,glm_clean,balanced_accuracy,12,-0.1940868215048198,1.0351297146923724,0.5076719576719576,0.0226408251445093,0.0085574275442385,7,232.28571428571428,60,442,g2,pre
g2pre,V1,visual_direction,time_resolved_trial_response,glm_clean,balanced_accuracy,13,-0.1293912143365465,1.0351297146923724,0.5074074074074074,0.0206767089190669,0.0078150613901603,7,232.28571428571428,60,442,g2,pre
g2pre,V1,visual_direction,time_resolved_trial_response,glm_clean,balanced_accuracy,14,-0.0646956071682732,1.0351297146923724,0.4978835978835979,0.0305869380821257,0.0115607759331765,7,232.28571428571428,60,442,g2,pre
g2pre,V1,visual_direction,time_resolved_trial_response,glm_clean,balanced_accuracy,15,0.0,1.0351297146923724,0.5116402116402117,0.0169291500061123,0.0063986172605544,7,232.28571428571428,60,442,g2,pre
g2pre,V1,visual_direction,time_resolved_trial_response,glm_clean,balanced_accuracy,16,0.0646956071682732,1.0351297146923724,0.5097883597883598,0.0218255304362325,0.0082492751094774,7,232.28571428571428,60,442,g2,pre
g2pre,V1,visual_direction,time_resolved_trial_response,glm_clean,balanced_accuracy,17,0.1293912143365465,1.0351297146923724,0.5063492063492064,0.0312419563101372,0.0118083495525383,7,232.28571428571428,60,442,g2,pre
g2pre,V1,visual_direction,time_resolved_trial_response,glm_clean,balanced_accuracy,18,0.1940868215048198,1.0351297146923724,0.6026455026455027,0.1004098661691993,0.0379513621515684,7,232.28571428571428,60,442,g2,pre
g2pre,V1,visual_direction,time_resolved_trial_response,glm_clean,balanced_accuracy,19,0.2587824286730931,1.0351297146923724,0.8214285714285714,0.200946142075817,0.0759505026929235,7,232.28571428571428,60,442,g2,pre
g2pre,V1,visual_direction,time_resolved_trial_response,glm_clean,balanced_accuracy,20,0.3234780358413663,1.0351297146923724,0.8785714285714287,0.1824422074432449,0.0689566727909261,7,232.28571428571428,60,442,g2,pre
g2pre,V1,visual_direction,time_resolved_trial_response,glm_clean,balanced_accuracy,21,0.3881736430096396,1.0351297146923724,0.9031746031746032,0.1573809501574672,0.0594844078879585,7,232.28571428571428,60,442,g2,pre
g2pre,V1,visual_direction,time_resolved_trial_response,glm_clean,balanced_accuracy,22,0.4528692501779129,1.0351297146923724,0.9283068783068782,0.1283433283377054,0.048509218459411,7,232.28571428571428,60,442,g2,pre
g2pre,V1,visual_direction,time_resolved_trial_response,glm_clean,balanced_accuracy,23,0.5175648573461862,1.0351297146923724,0.9671957671957672,0.0685161351413497,0.0258966649113292,7,232.28571428571428,60,442,g2,pre
g2pre,V1,visual_direction,time_resolved_trial_response,glm_clean,balanced_accuracy,24,0.5822604645144595,1.0351297146923724,0.9862433862433864,0.0247958547166801,0.0093719521608033,7,232.28571428571428,60,442,g2,pre
g2pre,V1,visual_direction,time_resolved_trial_response,glm_clean,balanced_accuracy,25,0.6469560716827327,1.0351297146923724,0.9875661375661376,0.0198506738443293,0.00750284947845,7,232.28571428571428,60,442,g2,pre
g2pre,V1,visual_direction,time_resolved_trial_response,glm_clean,balanced_accuracy,26,0.711651678851006,1.0351297146923724,0.9706349206349206,0.0525028421665034,0.0198442090709491,7,232.28571428571428,60,442,g2,pre
g2pre,V1,visual_direction,time_resolved_trial_response,glm_clean,balanced_accuracy,27,0.7763472860192793,1.0351297146923724,0.9534391534391534,0.0800479149735913,0.0302552679984808,7,232.28571428571428,60,442,g2,pre
g2pre,V1,visual_direction,time_resolved_trial_response,glm_clean,balanced_accuracy,28,0.8410428931875525,1.0351297146923724,0.9510582010582008,0.069082241787458,0.0261106331114925,7,232.28571428571428,60,442,g2,pre
g2pre,V1,visual_direction,time_resolved_trial_response,glm_clean,balanced_accuracy,29,0.9057385003558258,1.0351297146923724,0.9537037037037036,0.0645851309542292,0.0244108849853472,7,232.28571428571428,60,442,g2,pre
g2pre,V1,visual_direction,time_resolved_trial_response,glm_clean,balanced_accuracy,30,0.9704341075240992,1.0351297146923724,0.9552910052910052,0.0517572833765459,0.0195624143358054,7,232.28571428571428,60,442,g2,pre
g2pre,V1,visual_direction,time_resolved_trial_response,glm_clean,balanced_accuracy,31,1.0351297146923724,1.0351297146923724,0.9544973544973544,0.0591613498920788,0.022360888434474,7,232.28571428571428,60,442,g2,pre
g2pre,V1,visual_direction,time_resolved_trial_response,glm_clean,balanced_accuracy,32,1.0998253218606455,1.0351297146923724,0.9566137566137566,0.0535636439136739,0.0202451544442856,7,232.28571428571428,60,442,g2,pre
g2pre,V1,visual_direction,time_resolved_trial_response,glm_clean,balanced_accuracy,33,1.164520929028919,1.0351297146923724,0.9489417989417988,0.0671863927135786,0.0253940695153787,7,232.28571428571428,60,442,g2,pre
g2pre,V1,visual_direction,time_resolved_trial_response,glm_clean,balanced_accuracy,34,1.229216536197192,1.0351297146923724,0.9494708994708996,0.0683072676516266,0.0258177204206472,7,232.28571428571428,60,442,g2,pre
g2pre,V1,visual_direction,time_resolved_trial_response,glm_clean,balanced_accuracy,35,1.2939121433654657,1.0351297146923724,0.9314814814814816,0.0993980511134788,0.0375689320072502,7,232.28571428571428,60,442,g2,pre
g2pre,V1,visual_direction,time_resolved_trial_response,glm_clean,balanced_accuracy,36,1.3586077505337386,1.0351297146923724,0.925132275132275,0.1001020121129181,0.0378350042554223,7,232.28571428571428,60,442,g2,pre
g2pre,V1,visual_direction,time_resolved_trial_response,glm_clean,balanced_accuracy,37,1.423303357702012,1.0351297146923724,0.9126984126984128,0.1092510384615414,0.0412930111778273,7,232.28571428571428,60,442,g2,pre
g2pre,V1,visual_direction,time_resolved_trial_response,glm_clean,balanced_accuracy,38,1.4879989648702852,1.0351297146923724,0.9013227513227512,0.1098369030609558,0.0415144471823997,7,232.28571428571428,60,442,g2,pre
g2pre,V1,visual_direction,time_resolved_trial_response,glm_clean,balanced_accuracy,39,1.5526945720385583,1.0351297146923724,0.8925925925925925,0.1132106170122666,0.0427895911980908,7,232.28571428571428,60,442,g2,pre
g2pre,V1,visual_direction,time_resolved_trial_response,glm_clean,balanced_accuracy,40,1.6173901792068317,1.0351297146923724,0.8857142857142856,0.1237544911532756,0.0467748010312729,7,232.28571428571428,60,442,g2,pre
g2pre,V1,visual_direction,time_resolved_trial_response,glm_clean,balanced_accuracy,41,1.682085786375105,1.0351297146923724,0.870899470899471,0.1334991864812988,0.0504579496655646,7,232.28571428571428,60,442,g2,pre
g2pre,V1,visual_direction,time_resolved_trial_response,glm_clean,balanced_accuracy,42,1.7467813935433782,1.0351297146923724,0.856084656084656,0.1249769722077092,0.0472368554387756,7,232.28571428571428,60,442,g2,pre
g2pre,V1,visual_direction,time_resolved_trial_response,glm_clean,balanced_accuracy,43,1.8114770007116516,1.0351297146923724,0.8462962962962963,0.1151776425619845,0.0435330569733856,7,232.28571428571428,60,442,g2,pre
g2pre,V1,visual_direction,time_resolved_trial_response,glm_clean,balanced_accuracy,44,1.8761726078799248,1.0351297146923724,0.8275132275132275,0.1231141630049352,0.0465327797401324,7,232.28571428571428,60,442,g2,pre
g2pre,V1,visual_direction,time_resolved_trial_response,glm_clean,balanced_accuracy,45,1.9408682150481984,1.0351297146923724,0.823015873015873,0.12109401256796,0.0457692346448217,7,232.28571428571428,60,442,g2,pre
g2pre,V1,visual_direction,time_resolved_trial_response,glm_clean,balanced_accuracy,46,2.0055638222164713,1.0351297146923724,0.8015873015873015,0.1355121556183593,0.0512187804846375,7,232.28571428571428,60,442,g2,pre
g1post,A/RL/AL,auditory_direction,time_resolved_trial_response,glm_clean,balanced_accuracy,0,-0.9704341075240992,1.0351297146923724,0.5095679012345679,0.0257511747216074,0.0105128730575324,6,104.16666666666669,53,175,g1,post
g1post,A/RL/AL,auditory_direction,time_resolved_trial_response,glm_clean,balanced_accuracy,1,-0.9057385003558258,1.0351297146923724,0.5138888888888888,0.0219348705479052,0.0089548734027284,6,104.16666666666669,53,175,g1,post
g1post,A/RL/AL,auditory_direction,time_resolved_trial_response,glm_clean,balanced_accuracy,2,-0.8410428931875525,1.0351297146923724,0.5212962962962963,0.0317688410122128,0.0129695750332541,6,104.16666666666669,53,175,g1,post
g1post,A/RL/AL,auditory_direction,time_resolved_trial_response,glm_clean,balanced_accuracy,3,-0.7763472860192793,1.0351297146923724,0.5037037037037037,0.021436735005167,0.0087515104189863,6,104.16666666666669,53,175,g1,post
g1post,A/RL/AL,auditory_direction,time_resolved_trial_response,glm_clean,balanced_accuracy,4,-0.711651678851006,1.0351297146923724,0.4839506172839505,0.0365461293461766,0.0149198948286478,6,104.16666666666669,53,175,g1,post
g1post,A/RL/AL,auditory_direction,time_resolved_trial_response,glm_clean,balanced_accuracy,5,-0.6469560716827327,1.0351297146923724,0.5092592592592593,0.0277159806427699,0.0113150017159403,6,104.16666666666669,53,175,g1,post
g1post,A/RL/AL,auditory_direction,time_resolved_trial_response,glm_clean,balanced_accuracy,6,-0.5822604645144595,1.0351297146923724,0.5012345679012346,0.0245023631084159,0.0100030478513356,6,104.16666666666669,53,175,g1,post
g1post,A/RL/AL,auditory_direction,time_resolved_trial_response,glm_clean,balanced_accuracy,7,-0.5175648573461862,1.0351297146923724,0.5061728395061729,0.0419462499270754,0.0171244848240984,6,104.16666666666669,53,175,g1,post
g1post,A/RL/AL,auditory_direction,time_resolved_trial_response,glm_clean,balanced_accuracy,8,-0.4528692501779129,1.0351297146923724,0.5185185185185185,0.0306983196816327,0.0125325365301397,6,104.16666666666669,53,175,g1,post
g1post,A/RL/AL,auditory_direction,time_resolved_trial_response,glm_clean,balanced_accuracy,9,-0.3881736430096396,1.0351297146923724,0.4771604938271604,0.0389974967834174,0.0159206613942001,6,104.16666666666669,53,175,g1,post
g1post,A/RL/AL,auditory_direction,time_resolved_trial_response,glm_clean,balanced_accuracy,10,-0.3234780358413663,1.0351297146923724,0.5037037037037037,0.0256600119639833,0.0104756560175784,6,104.16666666666669,53,175,g1,post
g1post,A/RL/AL,auditory_direction,time_resolved_trial_response,glm_clean,balanced_accuracy,11,-0.2587824286730931,1.0351297146923724,0.4959876543209876,0.0119105414150352,0.0048624581711871,6,104.16666666666669,53,175,g1,post
g1post,A/RL/AL,auditory_direction,time_resolved_trial_response,glm_clean,balanced_accuracy,12,-0.1940868215048198,1.0351297146923724,0.5083333333333333,0.0258928360261288,0.0105707060429282,6,104.16666666666669,53,175,g1,post
g1post,A/RL/AL,auditory_direction,time_resolved_trial_response,glm_clean,balanced_accuracy,13,-0.1293912143365465,1.0351297146923724,0.5175925925925926,0.0291806257013747,0.011912940557252,6,104.16666666666669,53,175,g1,post
g1post,A/RL/AL,auditory_direction,time_resolved_trial_response,glm_clean,balanced_accuracy,14,-0.0646956071682732,1.0351297146923724,0.512962962962963,0.0208528714966803,0.0085131491397823,6,104.16666666666669,53,175,g1,post
g1post,A/RL/AL,auditory_direction,time_resolved_trial_response,glm_clean,balanced_accuracy,15,0.0,1.0351297146923724,0.4993827160493826,0.0273840407565664,0.011179487824861,6,104.16666666666669,53,175,g1,post
g1post,A/RL/AL,auditory_direction,time_resolved_trial_response,glm_clean,balanced_accuracy,16,0.0646956071682732,1.0351297146923724,0.4996913580246914,0.0281436806071299,0.0114896094952217,6,104.16666666666669,53,175,g1,post
g1post,A/RL/AL,auditory_direction,time_resolved_trial_response,glm_clean,balanced_accuracy,17,0.1293912143365465,1.0351297146923724,0.5095679012345679,0.011736514408538,0.0047914119432901,6,104.16666666666669,53,175,g1,post
g1post,A/RL/AL,auditory_direction,time_resolved_trial_response,glm_clean,balanced_accuracy,18,0.1940868215048198,1.0351297146923724,0.5262345679012346,0.0274278368971039,0.0111973675243643,6,104.16666666666669,53,175,g1,post
g1post,A/RL/AL,auditory_direction,time_resolved_trial_response,glm_clean,balanced_accuracy,19,0.2587824286730931,1.0351297146923724,0.5669753086419753,0.1016153258119658,0.0414842830476635,6,104.16666666666669,53,175,g1,post
g1post,A/RL/AL,auditory_direction,time_resolved_trial_response,glm_clean,balanced_accuracy,20,0.3234780358413663,1.0351297146923724,0.6043209876543211,0.1314301760446425,0.0536561446855898,6,104.16666666666669,53,175,g1,post
g1post,A/RL/AL,auditory_direction,time_resolved_trial_response,glm_clean,balanced_accuracy,21,0.3881736430096396,1.0351297146923724,0.6012345679012346,0.1513844054910551,0.0618024247446115,6,104.16666666666669,53,175,g1,post
g1post,A/RL/AL,auditory_direction,time_resolved_trial_response,glm_clean,balanced_accuracy,22,0.4528692501779129,1.0351297146923724,0.6,0.1613897122862062,0.0658870741392984,6,104.16666666666669,53,175,g1,post
g1post,A/RL/AL,auditory_direction,time_resolved_trial_response,glm_clean,balanced_accuracy,23,0.5175648573461862,1.0351297146923724,0.6351851851851852,0.1551714835284225,0.06334849287922,6,104.16666666666669,53,175,g1,post
g1post,A/RL/AL,auditory_direction,time_resolved_trial_response,glm_clean,balanced_accuracy,24,0.5822604645144595,1.0351297146923724,0.6228395061728396,0.1699135044487511,0.0693668977179266,6,104.16666666666669,53,175,g1,post
g1post,A/RL/AL,auditory_direction,time_resolved_trial_response,glm_clean,balanced_accuracy,25,0.6469560716827327,1.0351297146923724,0.6395061728395061,0.1574778346441386,0.0642900567794205,6,104.16666666666669,53,175,g1,post
g1post,A/RL/AL,auditory_direction,time_resolved_trial_response,glm_clean,balanced_accuracy,26,0.711651678851006,1.0351297146923724,0.6166666666666667,0.1417943022221315,0.0578872814797015,6,104.16666666666669,53,175,g1,post
g1post,A/RL/AL,auditory_direction,time_resolved_trial_response,glm_clean,balanced_accuracy,27,0.7763472860192793,1.0351297146923724,0.6240740740740741,0.1148327345633538,0.0468802675747797,6,104.16666666666669,53,175,g1,post
g1post,A/RL/AL,auditory_direction,time_resolved_trial_response,glm_clean,balanced_accuracy,28,0.8410428931875525,1.0351297146923724,0.5873456790123457,0.1113418386309525,0.0454551152781896,6,104.16666666666669,53,175,g1,post
g1post,A/RL/AL,auditory_direction,time_resolved_trial_response,glm_clean,balanced_accuracy,29,0.9057385003558258,1.0351297146923724,0.5787037037037037,0.0894101230064132,0.0365015298675319,6,104.16666666666669,53,175,g1,post
g1post,A/RL/AL,auditory_direction,time_resolved_trial_response,glm_clean,balanced_accuracy,30,0.9704341075240992,1.0351297146923724,0.562962962962963,0.067464363401859,0.0275422110260417,6,104.16666666666669,53,175,g1,post
g1post,A/RL/AL,auditory_direction,time_resolved_trial_response,glm_clean,balanced_accuracy,31,1.0351297146923724,1.0351297146923724,0.5728395061728394,0.0950825694646692,0.0388172964368627,6,104.16666666666669,53,175,g1,post
g1post,A/RL/AL,auditory_direction,time_resolved_trial_response,glm_clean,balanced_accuracy,32,1.0998253218606455,1.0351297146923724,0.5932098765432099,0.0988525850039189,0.0403563988357836,6,104.16666666666669,53,175,g1,post
g1post,A/RL/AL,auditory_direction,time_resolved_trial_response,glm_clean,balanced_accuracy,33,1.164520929028919,1.0351297146923724,0.6027777777777777,0.1058232473078665,0.0432021598047711,6,104.16666666666669,53,175,g1,post
g1post,A/RL/AL,auditory_direction,time_resolved_trial_response,glm_clean,balanced_accuracy,34,1.229216536197192,1.0351297146923724,0.6033950617283951,0.1051839897341213,0.0429411839931235,6,104.16666666666669,53,175,g1,post
g1post,A/RL/AL,auditory_direction,time_resolved_trial_response,glm_clean,balanced_accuracy,35,1.2939121433654657,1.0351297146923724,0.5895061728395062,0.1052442887330624,0.0429658009563579,6,104.16666666666669,53,175,g1,post
g1post,A/RL/AL,auditory_direction,time_resolved_trial_response,glm_clean,balanced_accuracy,36,1.3586077505337386,1.0351297146923724,0.5919753086419753,0.0927159671877461,0.0378511351031009,6,104.16666666666669,53,175,g1,post
g1post,A/RL/AL,auditory_direction,time_resolved_trial_response,glm_clean,balanced_accuracy,37,1.423303357702012,1.0351297146923724,0.5842592592592593,0.075238532433113,0.0307160022428283,6,104.16666666666669,53,175,g1,post
g1post,A/RL/AL,auditory_direction,time_resolved_trial_response,glm_clean,balanced_accuracy,38,1.4879989648702852,1.0351297146923724,0.5712962962962963,0.0766832152474442,0.0313057915320415,6,104.16666666666669,53,175,g1,post
g1post,A/RL/AL,auditory_direction,time_resolved_trial_response,glm_clean,balanced_accuracy,39,1.5526945720385583,1.0351297146923724,0.5725308641975309,0.064186549393152,0.0262040490605286,6,104.16666666666669,53,175,g1,post
g1post,A/RL/AL,auditory_direction,time_resolved_trial_response,glm_clean,balanced_accuracy,40,1.6173901792068317,1.0351297146923724,0.5651234567901234,0.0609528440666808,0.0248838943891328,6,104.16666666666669,53,175,g1,post
g1post,A/RL/AL,auditory_direction,time_resolved_trial_response,glm_clean,balanced_accuracy,41,1.682085786375105,1.0351297146923724,0.5626543209876543,0.0699344849856986,0.0285506339398821,6,104.16666666666669,53,175,g1,post
g1post,A/RL/AL,auditory_direction,time_resolved_trial_response,glm_clean,balanced_accuracy,42,1.7467813935433782,1.0351297146923724,0.5555555555555556,0.056570967363326,0.0230950007159648,6,104.16666666666669,53,175,g1,post
g1post,A/RL/AL,auditory_direction,time_resolved_trial_response,glm_clean,balanced_accuracy,43,1.8114770007116516,1.0351297146923724,0.5379629629629629,0.0481588307237663,0.0196607603137161,6,104.16666666666669,53,175,g1,post
g1post,A/RL/AL,auditory_direction,time_resolved_trial_response,glm_clean,balanced_accuracy,44,1.8761726078799248,1.0351297146923724,0.5546296296296296,0.0478588172891709,0.0195382803419263,6,104.16666666666669,53,175,g1,post
g1post,A/RL/AL,auditory_direction,time_resolved_trial_response,glm_clean,balanced_accuracy,45,1.9408682150481984,1.0351297146923724,0.5561728395061728,0.0554896728694012,0.022653564087332,6,104.16666666666669,53,175,g1,post
g1post,A/RL/AL,auditory_direction,time_resolved_trial_response,glm_clean,balanced_accuracy,46,2.0055638222164713,1.0351297146923724,0.553395061728395,0.0372110111487008,0.0151913316878888,6,104.16666666666669,53,175,g1,post
g1post,A/RL/AL,congruency,time_resolved_trial_response,glm_clean,balanced_accuracy,0,-0.9704341075240992,1.0351297146923724,0.5148148148148147,0.0299003833054144,0.0122067803686496,6,104.16666666666669,53,175,g1,post
g1post,A/RL/AL,congruency,time_resolved_trial_response,glm_clean,balanced_accuracy,1,-0.9057385003558258,1.0351297146923724,0.4944444444444444,0.045133546692422,0.0184256932797522,6,104.16666666666669,53,175,g1,post
g1post,A/RL/AL,congruency,time_resolved_trial_response,glm_clean,balanced_accuracy,2,-0.8410428931875525,1.0351297146923724,0.5152777777777778,0.0410039895680143,0.0167398086433399,6,104.16666666666669,53,175,g1,post
g1post,A/RL/AL,congruency,time_resolved_trial_response,glm_clean,balanced_accuracy,3,-0.7763472860192793,1.0351297146923724,0.5050925925925925,0.0289431470527458,0.0118159903049276,6,104.16666666666669,53,175,g1,post
g1post,A/RL/AL,congruency,time_resolved_trial_response,glm_clean,balanced_accuracy,4,-0.711651678851006,1.0351297146923724,0.4833333333333333,0.0394405318873307,0.0161015297179882,6,104.16666666666669,53,175,g1,post
g1post,A/RL/AL,congruency,time_resolved_trial_response,glm_clean,balanced_accuracy,5,-0.6469560716827327,1.0351297146923724,0.4921296296296296,0.0248089407088382,0.0101282076326025,6,104.16666666666669,53,175,g1,post
g1post,A/RL/AL,congruency,time_resolved_trial_response,glm_clean,balanced_accuracy,6,-0.5822604645144595,1.0351297146923724,0.4796296296296296,0.0150786688783868,0.0061558407920721,6,104.16666666666669,53,175,g1,post
g1post,A/RL/AL,congruency,time_resolved_trial_response,glm_clean,balanced_accuracy,7,-0.5175648573461862,1.0351297146923724,0.5138888888888888,0.0395577402642619,0.0161493798374984,6,104.16666666666669,53,175,g1,post
g1post,A/RL/AL,congruency,time_resolved_trial_response,glm_clean,balanced_accuracy,8,-0.4528692501779129,1.0351297146923724,0.4939814814814815,0.0427242329633257,0.0174420950686575,6,104.16666666666669,53,175,g1,post
g1post,A/RL/AL,congruency,time_resolved_trial_response,glm_clean,balanced_accuracy,9,-0.3881736430096396,1.0351297146923724,0.4972222222222222,0.0414252264051271,0.0169117778619716,6,104.16666666666669,53,175,g1,post
g1post,A/RL/AL,congruency,time_resolved_trial_response,glm_clean,balanced_accuracy,10,-0.3234780358413663,1.0351297146923724,0.525,0.019953649995631,0.0081460434992306,6,104.16666666666669,53,175,g1,post
g1post,A/RL/AL,congruency,time_resolved_trial_response,glm_clean,balanced_accuracy,11,-0.2587824286730931,1.0351297146923724,0.5273148148148148,0.0327455899710394,0.0133683311259074,6,104.16666666666669,53,175,g1,post
g1post,A/RL/AL,congruency,time_resolved_trial_response,glm_clean,balanced_accuracy,12,-0.1940868215048198,1.0351297146923724,0.5157407407407407,0.0328514551731865,0.0134115504137036,6,104.16666666666669,53,175,g1,post
g1post,A/RL/AL,congruency,time_resolved_trial_response,glm_clean,balanced_accuracy,13,-0.1293912143365465,1.0351297146923724,0.4893518518518518,0.0460614413430672,0.0188045046846087,6,104.16666666666669,53,175,g1,post
g1post,A/RL/AL,congruency,time_resolved_trial_response,glm_clean,balanced_accuracy,14,-0.0646956071682732,1.0351297146923724,0.5263888888888889,0.0264545965573536,0.0108000438194508,6,104.16666666666669,53,175,g1,post
g1post,A/RL/AL,congruency,time_resolved_trial_response,glm_clean,balanced_accuracy,15,0.0,1.0351297146923724,0.5041666666666667,0.0434169421331987,0.0177248924030468,6,104.16666666666669,53,175,g1,post
g1post,A/RL/AL,congruency,time_resolved_trial_response,glm_clean,balanced_accuracy,16,0.0646956071682732,1.0351297146923724,0.5092592592592593,0.0290628664408952,0.011864865540475,6,104.16666666666669,53,175,g1,post
g1post,A/RL/AL,congruency,time_resolved_trial_response,glm_clean,balanced_accuracy,17,0.1293912143365465,1.0351297146923724,0.5171296296296296,0.0229341964379645,0.0093628464889614,6,104.16666666666669,53,175,g1,post
g1post,A/RL/AL,congruency,time_resolved_trial_response,glm_clean,balanced_accuracy,18,0.1940868215048198,1.0351297146923724,0.4828703703703703,0.027745351443962,0.0113269922953165,6,104.16666666666669,53,175,g1,post
g1post,A/RL/AL,congruency,time_resolved_trial_response,glm_clean,balanced_accuracy,19,0.2587824286730931,1.0351297146923724,0.4939814814814814,0.0334911388071654,0.0136727001637132,6,104.16666666666669,53,175,g1,post
g1post,A/RL/AL,congruency,time_resolved_trial_response,glm_clean,balanced_accuracy,20,0.3234780358413663,1.0351297146923724,0.4875,0.0436296846506601,0.0178117441721094,6,104.16666666666669,53,175,g1,post
g1post,A/RL/AL,congruency,time_resolved_trial_response,glm_clean,balanced_accuracy,21,0.3881736430096396,1.0351297146923724,0.4810185185185185,0.0184605574420156,0.0075364910167128,6,104.16666666666669,53,175,g1,post
g1post,A/RL/AL,congruency,time_resolved_trial_response,glm_clean,balanced_accuracy,22,0.4528692501779129,1.0351297146923724,0.4796296296296296,0.0347240740246939,0.0141760438585219,6,104.16666666666669,53,175,g1,post
g1post,A/RL/AL,congruency,time_resolved_trial_response,glm_clean,balanced_accuracy,23,0.5175648573461862,1.0351297146923724,0.5060185185185184,0.0312505143990585,0.0127579690795319,6,104.16666666666669,53,175,g1,post
g1post,A/RL/AL,congruency,time_resolved_trial_response,glm_clean,balanced_accuracy,24,0.5822604645144595,1.0351297146923724,0.5087962962962963,0.0195959704432613,0.0080000214334418,6,104.16666666666669,53,175,g1,post
g1post,A/RL/AL,congruency,time_resolved_trial_response,glm_clean,balanced_accuracy,25,0.6469560716827327,1.0351297146923724,0.4805555555555555,0.0344713156833079,0.0140728556977506,6,104.16666666666669,53,175,g1,post
g1post,A/RL/AL,congruency,time_resolved_trial_response,glm_clean,balanced_accuracy,26,0.711651678851006,1.0351297146923724,0.4805555555555555,0.0452701084165852,0.0184814443701846,6,104.16666666666669,53,175,g1,post
g1post,A/RL/AL,congruency,time_resolved_trial_response,glm_clean,balanced_accuracy,27,0.7763472860192793,1.0351297146923724,0.4851851851851852,0.0425160342544348,0.017357098301676,6,104.16666666666669,53,175,g1,post
g1post,A/RL/AL,congruency,time_resolved_trial_response,glm_clean,balanced_accuracy,28,0.8410428931875525,1.0351297146923724,0.4837962962962963,0.05809253651162,0.0237161787195784,6,104.16666666666669,53,175,g1,post
g1post,A/RL/AL,congruency,time_resolved_trial_response,glm_clean,balanced_accuracy,29,0.9057385003558258,1.0351297146923724,0.4777777777777778,0.0434968425134741,0.0177575115967017,6,104.16666666666669,53,175,g1,post
g1post,A/RL/AL,congruency,time_resolved_trial_response,glm_clean,balanced_accuracy,30,0.9704341075240992,1.0351297146923724,0.4953703703703703,0.0266241945723343,0.0108692819191327,6,104.16666666666669,53,175,g1,post
g1post,A/RL/AL,congruency,time_resolved_trial_response,glm_clean,balanced_accuracy,31,1.0351297146923724,1.0351297146923724,0.4694444444444444,0.0465806084805657,0.0190164537809574,6,104.16666666666669,53,175,g1,post
g1post,A/RL/AL,congruency,time_resolved_trial_response,glm_clean,balanced_accuracy,32,1.0998253218606455,1.0351297146923724,0.4847222222222222,0.0296975494686757,0.0121239738015528,6,104.16666666666669,53,175,g1,post
g1post,A/RL/AL,congruency,time_resolved_trial_response,glm_clean,balanced_accuracy,33,1.164520929028919,1.0351297146923724,0.5055555555555555,0.0188398055086813,0.0076913183915908,6,104.16666666666669,53,175,g1,post
g1post,A/RL/AL,congruency,time_resolved_trial_response,glm_clean,balanced_accuracy,34,1.229216536197192,1.0351297146923724,0.5120370370370371,0.038796185803785,0.0158384765309136,6,104.16666666666669,53,175,g1,post
g1post,A/RL/AL,congruency,time_resolved_trial_response,glm_clean,balanced_accuracy,35,1.2939121433654657,1.0351297146923724,0.4949074074074074,0.0508998249610934,0.0207797665252762,6,104.16666666666669,53,175,g1,post
g1post,A/RL/AL,congruency,time_resolved_trial_response,glm_clean,balanced_accuracy,36,1.3586077505337386,1.0351297146923724,0.5125000000000001,0.023814483610392,0.0097222222222222,6,104.16666666666669,53,175,g1,post
g1post,A/RL/AL,congruency,time_resolved_trial_response,glm_clean,balanced_accuracy,37,1.423303357702012,1.0351297146923724,0.4875,0.0549059240321767,0.0224152496224748,6,104.16666666666669,53,175,g1,post
g1post,A/RL/AL,congruency,time_resolved_trial_response,glm_clean,balanced_accuracy,38,1.4879989648702852,1.0351297146923724,0.4921296296296296,0.0391820957264208,0.0159960235971027,6,104.16666666666669,53,175,g1,post
g1post,A/RL/AL,congruency,time_resolved_trial_response,glm_clean,balanced_accuracy,39,1.5526945720385583,1.0351297146923724,0.4824074074074074,0.0492432444030809,0.0201034703444519,6,104.16666666666669,53,175,g1,post
g1post,A/RL/AL,congruency,time_resolved_trial_response,glm_clean,balanced_accuracy,40,1.6173901792068317,1.0351297146923724,0.4898148148148148,0.0290628664408953,0.011864865540475,6,104.16666666666669,53,175,g1,post
g1post,A/RL/AL,congruency,time_resolved_trial_response,glm_clean,balanced_accuracy,41,1.682085786375105,1.0351297146923724,0.4875,0.0222742446630327,0.0090934223050569,6,104.16666666666669,53,175,g1,post
g1post,A/RL/AL,congruency,time_resolved_trial_response,glm_clean,balanced_accuracy,42,1.7467813935433782,1.0351297146923724,0.487037037037037,0.0217779667414326,0.0088908176919687,6,104.16666666666669,53,175,g1,post
g1post,A/RL/AL,congruency,time_resolved_trial_response,glm_clean,balanced_accuracy,43,1.8114770007116516,1.0351297146923724,0.4953703703703704,0.0267398686633215,0.0109165056690292,6,104.16666666666669,53,175,g1,post
g1post,A/RL/AL,congruency,time_resolved_trial_response,glm_clean,balanced_accuracy,44,1.8761726078799248,1.0351297146923724,0.499537037037037,0.0385867895686866,0.0157529908759051,6,104.16666666666669,53,175,g1,post
g1post,A/RL/AL,congruency,time_resolved_trial_response,glm_clean,balanced_accuracy,45,1.9408682150481984,1.0351297146923724,0.5032407407407408,0.0336749470320766,0.0137477395573064,6,104.16666666666669,53,175,g1,post
g1post,A/RL/AL,congruency,time_resolved_trial_response,glm_clean,balanced_accuracy,46,2.0055638222164713,1.0351297146923724,0.500462962962963,0.0315942967713695,0.0128983176453195,6,104.16666666666669,53,175,g1,post
g1post,A/RL/AL,modality,time_resolved_trial_response,glm_clean,balanced_accuracy,0,-0.9704341075240992,1.0351297146923724,0.3294753086419753,0.0172472604399667,0.0070411645898014,6,104.16666666666669,53,175,g1,post
g1post,A/RL/AL,modality,time_resolved_trial_response,glm_clean,balanced_accuracy,1,-0.9057385003558258,1.0351297146923724,0.3339506172839506,0.0122511815542079,0.0050015239256678,6,104.16666666666669,53,175,g1,post
g1post,A/RL/AL,modality,time_resolved_trial_response,glm_clean,balanced_accuracy,2,-0.8410428931875525,1.0351297146923724,0.3396604938271605,0.0235659820468152,0.0096207718837144,6,104.16666666666669,53,175,g1,post
g1post,A/RL/AL,modality,time_resolved_trial_response,glm_clean,balanced_accuracy,3,-0.7763472860192793,1.0351297146923724,0.3404320987654321,0.0094183857396348,0.0038450398771351,6,104.16666666666669,53,175,g1,post
g1post,A/RL/AL,modality,time_resolved_trial_response,glm_clean,balanced_accuracy,4,-0.711651678851006,1.0351297146923724,0.3324074074074074,0.0146869481917765,0.005995921491424,6,104.16666666666669,53,175,g1,post
g1post,A/RL/AL,modality,time_resolved_trial_response,glm_clean,balanced_accuracy,5,-0.6469560716827327,1.0351297146923724,0.3361111111111111,0.0145932505961818,0.0059576696082019,6,104.16666666666669,53,175,g1,post
g1post,A/RL/AL,modality,time_resolved_trial_response,glm_clean,balanced_accuracy,6,-0.5822604645144595,1.0351297146923724,0.3433641975308641,0.0171875064949898,0.0070167701439161,6,104.16666666666669,53,175,g1,post
g1post,A/RL/AL,modality,time_resolved_trial_response,glm_clean,balanced_accuracy,7,-0.5175648573461862,1.0351297146923724,0.3354938271604938,0.0209322070765498,0.008545537754637,6,104.16666666666669,53,175,g1,post
g1post,A/RL/AL,modality,time_resolved_trial_response,glm_clean,balanced_accuracy,8,-0.4528692501779129,1.0351297146923724,0.3376543209876543,0.0212008057753366,0.0086551927142375,6,104.16666666666669,53,175,g1,post
g1post,A/RL/AL,modality,time_resolved_trial_response,glm_clean,balanced_accuracy,9,-0.3881736430096396,1.0351297146923724,0.3385802469135802,0.015775198305344,0.0064401977398851,6,104.16666666666669,53,175,g1,post
g1post,A/RL/AL,modality,time_resolved_trial_response,glm_clean,balanced_accuracy,10,-0.3234780358413663,1.0351297146923724,0.3381172839506173,0.0165987987181095,0.006776431200422,6,104.16666666666669,53,175,g1,post
g1post,A/RL/AL,modality,time_resolved_trial_response,glm_clean,balanced_accuracy,11,-0.2587824286730931,1.0351297146923724,0.3350308641975308,0.0189705629542723,0.0077446998952187,6,104.16666666666669,53,175,g1,post
g1post,A/RL/AL,modality,time_resolved_trial_response,glm_clean,balanced_accuracy,12,-0.1940868215048198,1.0351297146923724,0.3523148148148148,0.0247119898369386,0.0100886276048905,6,104.16666666666669,53,175,g1,post
g1post,A/RL/AL,modality,time_resolved_trial_response,glm_clean,balanced_accuracy,13,-0.1293912143365465,1.0351297146923724,0.3334876543209876,0.0223868643714957,0.0091393991085095,6,104.16666666666669,53,175,g1,post
g1post,A/RL/AL,modality,time_resolved_trial_response,glm_clean,balanced_accuracy,14,-0.0646956071682732,1.0351297146923724,0.3421296296296296,0.0136679965226714,0.0055799362144466,6,104.16666666666669,53,175,g1,post
g1post,A/RL/AL,modality,time_resolved_trial_response,glm_clean,balanced_accuracy,15,0.0,1.0351297146923724,0.3347222222222222,0.0283566232044833,0.0115765429465582,6,104.16666666666669,53,175,g1,post
g1post,A/RL/AL,modality,time_resolved_trial_response,glm_clean,balanced_accuracy,16,0.0646956071682732,1.0351297146923724,0.3461419753086419,0.0336120888882707,0.0137220778275559,6,104.16666666666669,53,175,g1,post
g1post,A/RL/AL,modality,time_resolved_trial_response,glm_clean,balanced_accuracy,17,0.1293912143365465,1.0351297146923724,0.3546296296296296,0.0255461603771235,0.0104291763018763,6,104.16666666666669,53,175,g1,post
g1post,A/RL/AL,modality,time_resolved_trial_response,glm_clean,balanced_accuracy,18,0.1940868215048198,1.0351297146923724,0.4137345679012346,0.0534490022268791,0.0218204637861226,6,104.16666666666669,53,175,g1,post
g1post,A/RL/AL,modality,time_resolved_trial_response,glm_clean,balanced_accuracy,19,0.2587824286730931,1.0351297146923724,0.5876543209876544,0.0738066159118193,0.0301314247709231,6,104.16666666666669,53,175,g1,post
g1post,A/RL/AL,modality,time_resolved_trial_response,glm_clean,balanced_accuracy,20,0.3234780358413663,1.0351297146923724,0.6242283950617283,0.05160462446003,0.0210674997158368,6,104.16666666666669,53,175,g1,post
g1post,A/RL/AL,modality,time_resolved_trial_response,glm_clean,balanced_accuracy,21,0.3881736430096396,1.0351297146923724,0.6319444444444444,0.0604786293582576,0.0246902970451062,6,104.16666666666669,53,175,g1,post
g1post,A/RL/AL,modality,time_resolved_trial_response,glm_clean,balanced_accuracy,22,0.4528692501779129,1.0351297146923724,0.6669753086419754,0.0675803303607562,0.0275895543387618,6,104.16666666666669,53,175,g1,post
g1post,A/RL/AL,modality,time_resolved_trial_response,glm_clean,balanced_accuracy,23,0.5175648573461862,1.0351297146923724,0.6794753086419753,0.0662859930610227,0.027061143348862,6,104.16666666666669,53,175,g1,post
g1post,A/RL/AL,modality,time_resolved_trial_response,glm_clean,balanced_accuracy,24,0.5822604645144595,1.0351297146923724,0.6933641975308641,0.0807233600615401,0.0329551737456226,6,104.16666666666669,53,175,g1,post
g1post,A/RL/AL,modality,time_resolved_trial_response,glm_clean,balanced_accuracy,25,0.6469560716827327,1.0351297146923724,0.7270061728395062,0.0661643023560612,0.0270114633265961,6,104.16666666666669,53,175,g1,post
g1post,A/RL/AL,modality,time_resolved_trial_response,glm_clean,balanced_accuracy,26,0.711651678851006,1.0351297146923724,0.7282407407407407,0.0665630625004407,0.0271742564738442,6,104.16666666666669,53,175,g1,post
g1post,A/RL/AL,modality,time_resolved_trial_response,glm_clean,balanced_accuracy,27,0.7763472860192793,1.0351297146923724,0.7441358024691359,0.0548619250343331,0.0223972871068231,6,104.16666666666669,53,175,g1,post
g1post,A/RL/AL,modality,time_resolved_trial_response,glm_clean,balanced_accuracy,28,0.8410428931875525,1.0351297146923724,0.7575617283950616,0.0712335381956944,0.0290809701920845,6,104.16666666666669,53,175,g1,post
g1post,A/RL/AL,modality,time_resolved_trial_response,glm_clean,balanced_accuracy,29,0.9057385003558258,1.0351297146923724,0.7484567901234568,0.0702817830963902,0.0286924177998533,6,104.16666666666669,53,175,g1,post
g1post,A/RL/AL,modality,time_resolved_trial_response,glm_clean,balanced_accuracy,30,0.9704341075240992,1.0351297146923724,0.7549382716049382,0.081900577642642,0.0334357708106115,6,104.16666666666669,53,175,g1,post
g1post,A/RL/AL,modality,time_resolved_trial_response,glm_clean,balanced_accuracy,31,1.0351297146923724,1.0351297146923724,0.7702160493827162,0.0714714459148645,0.0291780956117238,6,104.16666666666669,53,175,g1,post
g1post,A/RL/AL,modality,time_resolved_trial_response,glm_clean,balanced_accuracy,32,1.0998253218606455,1.0351297146923724,0.7648148148148147,0.0720510792749932,0.0294147299400922,6,104.16666666666669,53,175,g1,post
g1post,A/RL/AL,modality,time_resolved_trial_response,glm_clean,balanced_accuracy,33,1.164520929028919,1.0351297146923724,0.7609567901234567,0.0754420367864941,0.0307990825471981,6,104.16666666666669,53,175,g1,post
g1post,A/RL/AL,modality,time_resolved_trial_response,glm_clean,balanced_accuracy,34,1.229216536197192,1.0351297146923724,0.7617283950617284,0.0790952497161711,0.0322905004804392,6,104.16666666666669,53,175,g1,post
g1post,A/RL/AL,modality,time_resolved_trial_response,glm_clean,balanced_accuracy,35,1.2939121433654657,1.0351297146923724,0.7461419753086419,0.0765901762519723,0.0312678085211936,6,104.16666666666669,53,175,g1,post
g1post,A/RL/AL,modality,time_resolved_trial_response,glm_clean,balanced_accuracy,36,1.3586077505337386,1.0351297146923724,0.7495370370370371,0.0791582733259111,0.0323162297613744,6,104.16666666666669,53,175,g1,post
g1post,A/RL/AL,modality,time_resolved_trial_response,glm_clean,balanced_accuracy,37,1.423303357702012,1.0351297146923724,0.736574074074074,0.0844833203235667,0.034490171094807,6,104.16666666666669,53,175,g1,post
g1post,A/RL/AL,modality,time_resolved_trial_response,glm_clean,balanced_accuracy,38,1.4879989648702852,1.0351297146923724,0.7106481481481483,0.0941330195905193,0.0384296443240308,6,104.16666666666669,53,175,g1,post
g1post,A/RL/AL,modality,time_resolved_trial_response,glm_clean,balanced_accuracy,39,1.5526945720385583,1.0351297146923724,0.7092592592592593,0.1056627136387189,0.0431366222087797,6,104.16666666666669,53,175,g1,post
g1post,A/RL/AL,modality,time_resolved_trial_response,glm_clean,balanced_accuracy,40,1.6173901792068317,1.0351297146923724,0.6908950617283951,0.0996038391971287,0.0406630970758653,6,104.16666666666669,53,175,g1,post
g1post,A/RL/AL,modality,time_resolved_trial_response,glm_clean,balanced_accuracy,41,1.682085786375105,1.0351297146923724,0.6807098765432098,0.102202119377751,0.0417238405177505,6,104.16666666666669,53,175,g1,post
g1post,A/RL/AL,modality,time_resolved_trial_response,glm_clean,balanced_accuracy,42,1.7467813935433782,1.0351297146923724,0.6638888888888889,0.1090047254862213,0.0445009928322325,6,104.16666666666669,53,175,g1,post
g1post,A/RL/AL,modality,time_resolved_trial_response,glm_clean,balanced_accuracy,43,1.8114770007116516,1.0351297146923724,0.6641975308641975,0.1032291833203205,0.0421431376165015,6,104.16666666666669,53,175,g1,post
g1post,A/RL/AL,modality,time_resolved_trial_response,glm_clean,balanced_accuracy,44,1.8761726078799248,1.0351297146923724,0.6574074074074073,0.0894906329634729,0.0365343979198668,6,104.16666666666669,53,175,g1,post
g1post,A/RL/AL,modality,time_resolved_trial_response,glm_clean,balanced_accuracy,45,1.9408682150481984,1.0351297146923724,0.6282407407407408,0.1181776783019281,0.0482458351377505,6,104.16666666666669,53,175,g1,post
g1post,A/RL/AL,modality,time_resolved_trial_response,glm_clean,balanced_accuracy,46,2.0055638222164713,1.0351297146923724,0.6104938271604938,0.1006131181444677,0.0410751334807176,6,104.16666666666669,53,175,g1,post
g1post,A/RL/AL,trial_type,time_resolved_trial_response,glm_clean,balanced_accuracy,0,-0.9704341075240992,1.0351297146923724,0.1256944444444444,0.0101207981679092,0.0041317985501787,6,104.16666666666669,53,175,g1,post
g1post,A/RL/AL,trial_type,time_resolved_trial_response,glm_clean,balanced_accuracy,1,-0.9057385003558258,1.0351297146923724,0.1247685185185185,0.0081183694059028,0.0033143104313139,6,104.16666666666669,53,175,g1,post
g1post,A/RL/AL,trial_type,time_resolved_trial_response,glm_clean,balanced_accuracy,2,-0.8410428931875525,1.0351297146923724,0.1310185185185185,0.0171833491994993,0.0070150729351391,6,104.16666666666669,53,175,g1,post
g1post,A/RL/AL,trial_type,time_resolved_trial_response,glm_clean,balanced_accuracy,3,-0.7763472860192793,1.0351297146923724,0.1159722222222222,0.011678235005321,0.0047676194765575,6,104.16666666666669,53,175,g1,post
g1post,A/RL/AL,trial_type,time_resolved_trial_response,glm_clean,balanced_accuracy,4,-0.711651678851006,1.0351297146923724,0.1196759259259259,0.0180964636292501,0.0073878503400828,6,104.16666666666669,53,175,g1,post
g1post,A/RL/AL,trial_type,time_resolved_trial_response,glm_clean,balanced_accuracy,5,-0.6469560716827327,1.0351297146923724,0.1254629629629629,0.0124122433914353,0.0050672771453748,6,104.16666666666669,53,175,g1,post
g1post,A/RL/AL,trial_type,time_resolved_trial_response,glm_clean,balanced_accuracy,6,-0.5822604645144595,1.0351297146923724,0.117824074074074,0.0104459465034964,0.0042645398023293,6,104.16666666666669,53,175,g1,post
g1post,A/RL/AL,trial_type,time_resolved_trial_response,glm_clean,balanced_accuracy,7,-0.5175648573461862,1.0351297146923724,0.1219907407407407,0.0086699008685197,0.0035394722080643,6,104.16666666666669,53,175,g1,post
g1post,A/RL/AL,trial_type,time_resolved_trial_response,glm_clean,balanced_accuracy,8,-0.4528692501779129,1.0351297146923724,0.1226851851851851,0.0160695504814197,0.0065603665125623,6,104.16666666666669,53,175,g1,post
g1post,A/RL/AL,trial_type,time_resolved_trial_response,glm_clean,balanced_accuracy,9,-0.3881736430096396,1.0351297146923724,0.1185185185185185,0.0121927253491715,0.0049776592798946,6,104.16666666666669,53,175,g1,post
g1post,A/RL/AL,trial_type,time_resolved_trial_response,glm_clean,balanced_accuracy,10,-0.3234780358413663,1.0351297146923724,0.1314814814814814,0.0087694522167048,0.0035801138757742,6,104.16666666666669,53,175,g1,post
g1post,A/RL/AL,trial_type,time_resolved_trial_response,glm_clean,balanced_accuracy,11,-0.2587824286730931,1.0351297146923724,0.1238425925925925,0.0141480451324541,0.0057759152387299,6,104.16666666666669,53,175,g1,post
g1post,A/RL/AL,trial_type,time_resolved_trial_response,glm_clean,balanced_accuracy,12,-0.1940868215048198,1.0351297146923724,0.1300925925925926,0.0137959855793993,0.0056321875280539,6,104.16666666666669,53,175,g1,post
g1post,A/RL/AL,trial_type,time_resolved_trial_response,glm_clean,balanced_accuracy,13,-0.1293912143365465,1.0351297146923724,0.1164351851851851,0.0159671892231301,0.0065185777038558,6,104.16666666666669,53,175,g1,post
g1post,A/RL/AL,trial_type,time_resolved_trial_response,glm_clean,balanced_accuracy,14,-0.0646956071682732,1.0351297146923724,0.1236111111111111,0.0125462108784846,0.0051219691429404,6,104.16666666666669,53,175,g1,post
g1post,A/RL/AL,trial_type,time_resolved_trial_response,glm_clean,balanced_accuracy,15,0.0,1.0351297146923724,0.1247685185185185,0.0058542394332281,0.0023899832405815,6,104.16666666666669,53,175,g1,post
g1post,A/RL/AL,trial_type,time_resolved_trial_response,glm_clean,balanced_accuracy,16,0.0646956071682732,1.0351297146923724,0.1305555555555555,0.0156396536225102,0.0063848618548367,6,104.16666666666669,53,175,g1,post
g1post,A/RL/AL,trial_type,time_resolved_trial_response,glm_clean,balanced_accuracy,17,0.1293912143365465,1.0351297146923724,0.1280092592592592,0.0093134985448022,0.0038022198591531,6,104.16666666666669,53,175,g1,post
g1post,A/RL/AL,trial_type,time_resolved_trial_response,glm_clean,balanced_accuracy,18,0.1940868215048198,1.0351297146923724,0.1625,0.0212822014548644,0.0086884223612559,6,104.16666666666669,53,175,g1,post
g1post,A/RL/AL,trial_type,time_resolved_trial_response,glm_clean,balanced_accuracy,19,0.2587824286730931,1.0351297146923724,0.2509259259259259,0.0681924171834146,0.0278394377377276,6,104.16666666666669,53,175,g1,post
g1post,A/RL/AL,trial_type,time_resolved_trial_response,glm_clean,balanced_accuracy,20,0.3234780358413663,1.0351297146923724,0.2749999999999999,0.0834721066739817,0.0340773448510702,6,104.16666666666669,53,175,g1,post
g1post,A/RL/AL,trial_type,time_resolved_trial_response,glm_clean,balanced_accuracy,21,0.3881736430096396,1.0351297146923724,0.3129629629629629,0.0822600638645259,0.0335825304461408,6,104.16666666666669,53,175,g1,post
g1post,A/RL/AL,trial_type,time_resolved_trial_response,glm_clean,balanced_accuracy,22,0.4528692501779129,1.0351297146923724,0.3516203703703704,0.1038807805312706,0.0424091510639429,6,104.16666666666669,53,175,g1,post
g1post,A/RL/AL,trial_type,time_resolved_trial_response,glm_clean,balanced_accuracy,23,0.5175648573461862,1.0351297146923724,0.368287037037037,0.1044770068428826,0.0426525594363881,6,104.16666666666669,53,175,g1,post
g1post,A/RL/AL,trial_type,time_resolved_trial_response,glm_clean,balanced_accuracy,24,0.5822604645144595,1.0351297146923724,0.3972222222222222,0.1081836572856719,0.044165793143004,6,104.16666666666669,53,175,g1,post
g1post,A/RL/AL,trial_type,time_resolved_trial_response,glm_clean,balanced_accuracy,25,0.6469560716827327,1.0351297146923724,0.40625,0.1079149685266078,0.0440561014164492,6,104.16666666666669,53,175,g1,post
g1post,A/RL/AL,trial_type,time_resolved_trial_response,glm_clean,balanced_accuracy,26,0.711651678851006,1.0351297146923724,0.4074074074074074,0.0943449912091529,0.0385161813749648,6,104.16666666666669,53,175,g1,post
g1post,A/RL/AL,trial_type,time_resolved_trial_response,glm_clean,balanced_accuracy,27,0.7763472860192793,1.0351297146923724,0.4187499999999999,0.0948876447355333,0.0387377187494238,6,104.16666666666669,53,175,g1,post
g1post,A/RL/AL,trial_type,time_resolved_trial_response,glm_clean,balanced_accuracy,28,0.8410428931875525,1.0351297146923724,0.3956018518518518,0.0798262806493232,0.0325889426091747,6,104.16666666666669,53,175,g1,post
g1post,A/RL/AL,trial_type,time_resolved_trial_response,glm_clean,balanced_accuracy,29,0.9057385003558258,1.0351297146923724,0.3879629629629629,0.0794447681941085,0.0324331908015426,6,104.16666666666669,53,175,g1,post
g1post,A/RL/AL,trial_type,time_resolved_trial_response,glm_clean,balanced_accuracy,30,0.9704341075240992,1.0351297146923724,0.3849537037037037,0.0774567614680561,0.0316215904542011,6,104.16666666666669,53,175,g1,post
g1post,A/RL/AL,trial_type,time_resolved_trial_response,glm_clean,balanced_accuracy,31,1.0351297146923724,1.0351297146923724,0.3918981481481481,0.0833028493626368,0.0340082458430651,6,104.16666666666669,53,175,g1,post
g1post,A/RL/AL,trial_type,time_resolved_trial_response,glm_clean,balanced_accuracy,32,1.0998253218606455,1.0351297146923724,0.4168981481481482,0.0945971668243474,0.0386191316387647,6,104.16666666666669,53,175,g1,post
g1post,A/RL/AL,trial_type,time_resolved_trial_response,glm_clean,balanced_accuracy,33,1.164520929028919,1.0351297146923724,0.4291666666666667,0.1067295821396472,0.0435721694504334,6,104.16666666666669,53,175,g1,post
g1post,A/RL/AL,trial_type,time_resolved_trial_response,glm_clean,balanced_accuracy,34,1.229216536197192,1.0351297146923724,0.4099537037037037,0.1173308365510163,0.0479001134406473,6,104.16666666666669,53,175,g1,post
g1post,A/RL/AL,trial_type,time_resolved_trial_response,glm_clean,balanced_accuracy,35,1.2939121433654657,1.0351297146923724,0.4141203703703703,0.105947432904694,0.0432528583623761,6,104.16666666666669,53,175,g1,post
g1post,A/RL/AL,trial_type,time_resolved_trial_response,glm_clean,balanced_accuracy,36,1.3586077505337386,1.0351297146923724,0.4131944444444444,0.1157495367028031,0.0472545504809035,6,104.16666666666669,53,175,g1,post
g1post,A/RL/AL,trial_type,time_resolved_trial_response,glm_clean,balanced_accuracy,37,1.423303357702012,1.0351297146923724,0.3935185185185185,0.1008362666648122,0.0411662334826678,6,104.16666666666669,53,175,g1,post
g1post,A/RL/AL,trial_type,time_resolved_trial_response,glm_clean,balanced_accuracy,38,1.4879989648702852,1.0351297146923724,0.3814814814814815,0.118688390992458,0.0484543327205775,6,104.16666666666669,53,175,g1,post
g1post,A/RL/AL,trial_type,time_resolved_trial_response,glm_clean,balanced_accuracy,39,1.5526945720385583,1.0351297146923724,0.3733796296296296,0.11469032602959,0.0468221295343232,6,104.16666666666669,53,175,g1,post
g1post,A/RL/AL,trial_type,time_resolved_trial_response,glm_clean,balanced_accuracy,40,1.6173901792068317,1.0351297146923724,0.3592592592592592,0.1132933843898312,0.0462518304980138,6,104.16666666666669,53,175,g1,post
g1post,A/RL/AL,trial_type,time_resolved_trial_response,glm_clean,balanced_accuracy,41,1.682085786375105,1.0351297146923724,0.3363425925925926,0.0930386247726635,0.0379828595105486,6,104.16666666666669,53,175,g1,post
g1post,A/RL/AL,trial_type,time_resolved_trial_response,glm_clean,balanced_accuracy,42,1.7467813935433782,1.0351297146923724,0.331712962962963,0.1001635108683048,0.040891582078844,6,104.16666666666669,53,175,g1,post
g1post,A/RL/AL,trial_type,time_resolved_trial_response,glm_clean,balanced_accuracy,43,1.8114770007116516,1.0351297146923724,0.3300925925925926,0.1059993108914629,0.0432740374617872,6,104.16666666666669,53,175,g1,post
g1post,A/RL/AL,trial_type,time_resolved_trial_response,glm_clean,balanced_accuracy,44,1.8761726078799248,1.0351297146923724,0.3166666666666666,0.1009713625211758,0.041221386135077,6,104.16666666666669,53,175,g1,post
g1post,A/RL/AL,trial_type,time_resolved_trial_response,glm_clean,balanced_accuracy,45,1.9408682150481984,1.0351297146923724,0.3067129629629629,0.0970411673915987,0.0396168906922377,6,104.16666666666669,53,175,g1,post
g1post,A/RL/AL,trial_type,time_resolved_trial_response,glm_clean,balanced_accuracy,46,2.0055638222164713,1.0351297146923724,0.2990740740740741,0.0935730497411518,0.0382010375903152,6,104.16666666666669,53,175,g1,post
g1post,A/RL/AL,visual_direction,time_resolved_trial_response,glm_clean,balanced_accuracy,0,-0.9704341075240992,1.0351297146923724,0.4904320987654321,0.0153342577403701,0.0062601845080383,6,104.16666666666669,53,175,g1,post
g1post,A/RL/AL,visual_direction,time_resolved_trial_response,glm_clean,balanced_accuracy,1,-0.9057385003558258,1.0351297146923724,0.5132716049382716,0.020701572363185,0.0084513815271842,6,104.16666666666669,53,175,g1,post
g1post,A/RL/AL,visual_direction,time_resolved_trial_response,glm_clean,balanced_accuracy,2,-0.8410428931875525,1.0351297146923724,0.5175925925925925,0.0123256009572545,0.0050319055197389,6,104.16666666666669,53,175,g1,post
g1post,A/RL/AL,visual_direction,time_resolved_trial_response,glm_clean,balanced_accuracy,3,-0.7763472860192793,1.0351297146923724,0.5083333333333333,0.0331010424661471,0.0135134439993763,6,104.16666666666669,53,175,g1,post
g1post,A/RL/AL,visual_direction,time_resolved_trial_response,glm_clean,balanced_accuracy,4,-0.711651678851006,1.0351297146923724,0.4981481481481482,0.0222530650159996,0.009084775750363,6,104.16666666666669,53,175,g1,post
g1post,A/RL/AL,visual_direction,time_resolved_trial_response,glm_clean,balanced_accuracy,5,-0.6469560716827327,1.0351297146923724,0.5012345679012346,0.0268017838878345,0.0109417824535903,6,104.16666666666669,53,175,g1,post
g1post,A/RL/AL,visual_direction,time_resolved_trial_response,glm_clean,balanced_accuracy,6,-0.5822604645144595,1.0351297146923724,0.4972222222222222,0.0182103996576881,0.0074343645289149,6,104.16666666666669,53,175,g1,post
g1post,A/RL/AL,visual_direction,time_resolved_trial_response,glm_clean,balanced_accuracy,7,-0.5175648573461862,1.0351297146923724,0.5046296296296297,0.0224906625953539,0.0091817745559527,6,104.16666666666669,53,175,g1,post
g1post,A/RL/AL,visual_direction,time_resolved_trial_response,glm_clean,balanced_accuracy,8,-0.4528692501779129,1.0351297146923724,0.5012345679012346,0.0179798189972848,0.0073402303684912,6,104.16666666666669,53,175,g1,post
g1post,A/RL/AL,visual_direction,time_resolved_trial_response,glm_clean,balanced_accuracy,9,-0.3881736430096396,1.0351297146923724,0.5024691358024691,0.0402097836756983,0.0164155754455255,6,104.16666666666669,53,175,g1,post
g1post,A/RL/AL,visual_direction,time_resolved_trial_response,glm_clean,balanced_accuracy,10,-0.3234780358413663,1.0351297146923724,0.5009259259259259,0.0121575167127184,0.0049632854142531,6,104.16666666666669,53,175,g1,post
g1post,A/RL/AL,visual_direction,time_resolved_trial_response,glm_clean,balanced_accuracy,11,-0.2587824286730931,1.0351297146923724,0.4938271604938272,0.0133880905794824,0.005465665091649,6,104.16666666666669,53,175,g1,post
g1post,A/RL/AL,visual_direction,time_resolved_trial_response,glm_clean,balanced_accuracy,12,-0.1940868215048198,1.0351297146923724,0.516358024691358,0.0318479038609821,0.0130018523061034,6,104.16666666666669,53,175,g1,post
g1post,A/RL/AL,visual_direction,time_resolved_trial_response,glm_clean,balanced_accuracy,13,-0.1293912143365465,1.0351297146923724,0.512037037037037,0.036265103754752,0.0148051666113721,6,104.16666666666669,53,175,g1,post
g1post,A/RL/AL,visual_direction,time_resolved_trial_response,glm_clean,balanced_accuracy,14,-0.0646956071682732,1.0351297146923724,0.4808641975308642,0.0336948842076208,0.013755878875139,6,104.16666666666669,53,175,g1,post
g1post,A/RL/AL,visual_direction,time_resolved_trial_response,glm_clean,balanced_accuracy,15,0.0,1.0351297146923724,0.5348765432098765,0.0186078094239814,0.0075966063866177,6,104.16666666666669,53,175,g1,post
g1post,A/RL/AL,visual_direction,time_resolved_trial_response,glm_clean,balanced_accuracy,16,0.0646956071682732,1.0351297146923724,0.513888888888889,0.0284185356541163,0.0116018185982793,6,104.16666666666669,53,175,g1,post
g1post,A/RL/AL,visual_direction,time_resolved_trial_response,glm_clean,balanced_accuracy,17,0.1293912143365465,1.0351297146923724,0.512962962962963,0.0199450548412389,0.0081425345421437,6,104.16666666666669,53,175,g1,post
g1post,A/RL/AL,visual_direction,time_resolved_trial_response,glm_clean,balanced_accuracy,18,0.1940868215048198,1.0351297146923724,0.5033950617283951,0.0180464522793808,0.0073674332919949,6,104.16666666666669,53,175,g1,post
g1post,A/RL/AL,visual_direction,time_resolved_trial_response,glm_clean,balanced_accuracy,19,0.2587824286730931,1.0351297146923724,0.5561728395061728,0.0390150803854757,0.0159278398696806,6,104.16666666666669,53,175,g1,post
g1post,A/RL/AL,visual_direction,time_resolved_trial_response,glm_clean,balanced_accuracy,20,0.3234780358413663,1.0351297146923724,0.5904320987654321,0.0617021549166109,0.0251897992626428,6,104.16666666666669,53,175,g1,post
g1post,A/RL/AL,visual_direction,time_resolved_trial_response,glm_clean,balanced_accuracy,21,0.3881736430096396,1.0351297146923724,0.6697530864197532,0.052856233650883,0.0215784670283315,6,104.16666666666669,53,175,g1,post
g1post,A/RL/AL,visual_direction,time_resolved_trial_response,glm_clean,balanced_accuracy,22,0.4528692501779129,1.0351297146923724,0.7117283950617285,0.1033171809137799,0.0421790624835963,6,104.16666666666669,53,175,g1,post
g1post,A/RL/AL,visual_direction,time_resolved_trial_response,glm_clean,balanced_accuracy,23,0.5175648573461862,1.0351297146923724,0.7444444444444445,0.1206350366656825,0.0492490474888103,6,104.16666666666669,53,175,g1,post
g1post,A/RL/AL,visual_direction,time_resolved_trial_response,glm_clean,balanced_accuracy,24,0.5822604645144595,1.0351297146923724,0.7641975308641976,0.1360306724603787,0.0555342894825993,6,104.16666666666669,53,175,g1,post
g1post,A/RL/AL,visual_direction,time_resolved_trial_response,glm_clean,balanced_accuracy,25,0.6469560716827327,1.0351297146923724,0.7811728395061728,0.1275731946049407,0.0520815386064807,6,104.16666666666669,53,175,g1,post
g1post,A/RL/AL,visual_direction,time_resolved_trial_response,glm_clean,balanced_accuracy,26,0.711651678851006,1.0351297146923724,0.7858024691358024,0.1088767104972684,0.0444487309318387,6,104.16666666666669,53,175,g1,post
g1post,A/RL/AL,visual_direction,time_resolved_trial_response,glm_clean,balanced_accuracy,27,0.7763472860192793,1.0351297146923724,0.7842592592592593,0.1061145045026532,0.043321065056628,6,104.16666666666669,53,175,g1,post
g1post,A/RL/AL,visual_direction,time_resolved_trial_response,glm_clean,balanced_accuracy,28,0.8410428931875525,1.0351297146923724,0.7481481481481481,0.1441830493320128,0.058862483403661,6,104.16666666666669,53,175,g1,post
g1post,A/RL/AL,visual_direction,time_resolved_trial_response,glm_clean,balanced_accuracy,29,0.9057385003558258,1.0351297146923724,0.7462962962962963,0.1506638260411776,0.0615082494160556,6,104.16666666666669,53,175,g1,post
g1post,A/RL/AL,visual_direction,time_resolved_trial_response,glm_clean,balanced_accuracy,30,0.9704341075240992,1.0351297146923724,0.7645061728395062,0.1479508717382308,0.0604006904597709,6,104.16666666666669,53,175,g1,post
g1post,A/RL/AL,visual_direction,time_resolved_trial_response,glm_clean,balanced_accuracy,31,1.0351297146923724,1.0351297146923724,0.7537037037037037,0.1672582094905219,0.0682828780905522,6,104.16666666666669,53,175,g1,post
g1post,A/RL/AL,visual_direction,time_resolved_trial_response,glm_clean,balanced_accuracy,32,1.0998253218606455,1.0351297146923724,0.7870370370370371,0.1442448763808958,0.0588877241906719,6,104.16666666666669,53,175,g1,post
g1post,A/RL/AL,visual_direction,time_resolved_trial_response,glm_clean,balanced_accuracy,33,1.164520929028919,1.0351297146923724,0.7907407407407407,0.1490896012157526,0.06086557482227,6,104.16666666666669,53,175,g1,post
g1post,A/RL/AL,visual_direction,time_resolved_trial_response,glm_clean,balanced_accuracy,34,1.229216536197192,1.0351297146923724,0.7916666666666666,0.1482626872041971,0.0605279885906919,6,104.16666666666669,53,175,g1,post
g1post,A/RL/AL,visual_direction,time_resolved_trial_response,glm_clean,balanced_accuracy,35,1.2939121433654657,1.0351297146923724,0.7959876543209877,0.1469087819529733,0.0599752590864297,6,104.16666666666669,53,175,g1,post
g1post,A/RL/AL,visual_direction,time_resolved_trial_response,glm_clean,balanced_accuracy,36,1.3586077505337386,1.0351297146923724,0.7799382716049382,0.1610894692431869,0.0657645004302621,6,104.16666666666669,53,175,g1,post
g1post,A/RL/AL,visual_direction,time_resolved_trial_response,glm_clean,balanced_accuracy,37,1.423303357702012,1.0351297146923724,0.7780864197530865,0.1600129310046722,0.0653250055347695,6,104.16666666666669,53,175,g1,post
g1post,A/RL/AL,visual_direction,time_resolved_trial_response,glm_clean,balanced_accuracy,38,1.4879989648702852,1.0351297146923724,0.7645061728395062,0.1641263885608871,0.0670043175499899,6,104.16666666666669,53,175,g1,post
g1post,A/RL/AL,visual_direction,time_resolved_trial_response,glm_clean,balanced_accuracy,39,1.5526945720385583,1.0351297146923724,0.7700617283950617,0.1566382807077561,0.0639473103201401,6,104.16666666666669,53,175,g1,post
g1post,A/RL/AL,visual_direction,time_resolved_trial_response,glm_clean,balanced_accuracy,40,1.6173901792068317,1.0351297146923724,0.7462962962962963,0.1691623841417021,0.0690602541366412,6,104.16666666666669,53,175,g1,post
g1post,A/RL/AL,visual_direction,time_resolved_trial_response,glm_clean,balanced_accuracy,41,1.682085786375105,1.0351297146923724,0.7327160493827161,0.1731601963194539,0.070692354123804,6,104.16666666666669,53,175,g1,post
g1post,A/RL/AL,visual_direction,time_resolved_trial_response,glm_clean,balanced_accuracy,42,1.7467813935433782,1.0351297146923724,0.7209876543209877,0.1711682871712819,0.0698791606193034,6,104.16666666666669,53,175,g1,post
g1post,A/RL/AL,visual_direction,time_resolved_trial_response,glm_clean,balanced_accuracy,43,1.8114770007116516,1.0351297146923724,0.7169753086419752,0.1712113569856264,0.0698967437973801,6,104.16666666666669,53,175,g1,post
g1post,A/RL/AL,visual_direction,time_resolved_trial_response,glm_clean,balanced_accuracy,44,1.8761726078799248,1.0351297146923724,0.6975308641975309,0.1800307345604467,0.0734972396152558,6,104.16666666666669,53,175,g1,post
g1post,A/RL/AL,visual_direction,time_resolved_trial_response,glm_clean,balanced_accuracy,45,1.9408682150481984,1.0351297146923724,0.6981481481481482,0.1856217077320007,0.0757797448545721,6,104.16666666666669,53,175,g1,post
g1post,A/RL/AL,visual_direction,time_resolved_trial_response,glm_clean,balanced_accuracy,46,2.0055638222164713,1.0351297146923724,0.6876543209876543,0.1728589054369001,0.070569352636069,6,104.16666666666669,53,175,g1,post
g1post,AM/PM,auditory_direction,time_resolved_trial_response,glm_clean,balanced_accuracy,0,-0.9704341075240992,1.0351297146923724,0.4851851851851852,,,1,65.0,65,65,g1,post
g1post,AM/PM,auditory_direction,time_resolved_trial_response,glm_clean,balanced_accuracy,1,-0.9057385003558258,1.0351297146923724,0.4388888888888888,,,1,65.0,65,65,g1,post
g1post,AM/PM,auditory_direction,time_resolved_trial_response,glm_clean,balanced_accuracy,2,-0.8410428931875525,1.0351297146923724,0.4796296296296296,,,1,65.0,65,65,g1,post
g1post,AM/PM,auditory_direction,time_resolved_trial_response,glm_clean,balanced_accuracy,3,-0.7763472860192793,1.0351297146923724,0.5092592592592592,,,1,65.0,65,65,g1,post
g1post,AM/PM,auditory_direction,time_resolved_trial_response,glm_clean,balanced_accuracy,4,-0.711651678851006,1.0351297146923724,0.55,,,1,65.0,65,65,g1,post
g1post,AM/PM,auditory_direction,time_resolved_trial_response,glm_clean,balanced_accuracy,5,-0.6469560716827327,1.0351297146923724,0.5296296296296297,,,1,65.0,65,65,g1,post
g1post,AM/PM,auditory_direction,time_resolved_trial_response,glm_clean,balanced_accuracy,6,-0.5822604645144595,1.0351297146923724,0.4833333333333334,,,1,65.0,65,65,g1,post
g1post,AM/PM,auditory_direction,time_resolved_trial_response,glm_clean,balanced_accuracy,7,-0.5175648573461862,1.0351297146923724,0.5111111111111112,,,1,65.0,65,65,g1,post
g1post,AM/PM,auditory_direction,time_resolved_trial_response,glm_clean,balanced_accuracy,8,-0.4528692501779129,1.0351297146923724,0.5166666666666667,,,1,65.0,65,65,g1,post
g1post,AM/PM,auditory_direction,time_resolved_trial_response,glm_clean,balanced_accuracy,9,-0.3881736430096396,1.0351297146923724,0.4611111111111111,,,1,65.0,65,65,g1,post
g1post,AM/PM,auditory_direction,time_resolved_trial_response,glm_clean,balanced_accuracy,10,-0.3234780358413663,1.0351297146923724,0.4703703703703704,,,1,65.0,65,65,g1,post
g1post,AM/PM,auditory_direction,time_resolved_trial_response,glm_clean,balanced_accuracy,11,-0.2587824286730931,1.0351297146923724,0.4888888888888889,,,1,65.0,65,65,g1,post
g1post,AM/PM,auditory_direction,time_resolved_trial_response,glm_clean,balanced_accuracy,12,-0.1940868215048198,1.0351297146923724,0.4833333333333334,,,1,65.0,65,65,g1,post
g1post,AM/PM,auditory_direction,time_resolved_trial_response,glm_clean,balanced_accuracy,13,-0.1293912143365465,1.0351297146923724,0.5037037037037038,,,1,65.0,65,65,g1,post
g1post,AM/PM,auditory_direction,time_resolved_trial_response,glm_clean,balanced_accuracy,14,-0.0646956071682732,1.0351297146923724,0.5425925925925925,,,1,65.0,65,65,g1,post
g1post,AM/PM,auditory_direction,time_resolved_trial_response,glm_clean,balanced_accuracy,15,0.0,1.0351297146923724,0.4944444444444444,,,1,65.0,65,65,g1,post
g1post,AM/PM,auditory_direction,time_resolved_trial_response,glm_clean,balanced_accuracy,16,0.0646956071682732,1.0351297146923724,0.4925925925925926,,,1,65.0,65,65,g1,post
g1post,AM/PM,auditory_direction,time_resolved_trial_response,glm_clean,balanced_accuracy,17,0.1293912143365465,1.0351297146923724,0.4851851851851852,,,1,65.0,65,65,g1,post
g1post,AM/PM,auditory_direction,time_resolved_trial_response,glm_clean,balanced_accuracy,18,0.1940868215048198,1.0351297146923724,0.4796296296296296,,,1,65.0,65,65,g1,post
g1post,AM/PM,auditory_direction,time_resolved_trial_response,glm_clean,balanced_accuracy,19,0.2587824286730931,1.0351297146923724,0.5055555555555555,,,1,65.0,65,65,g1,post
g1post,AM/PM,auditory_direction,time_resolved_trial_response,glm_clean,balanced_accuracy,20,0.3234780358413663,1.0351297146923724,0.5666666666666667,,,1,65.0,65,65,g1,post
g1post,AM/PM,auditory_direction,time_resolved_trial_response,glm_clean,balanced_accuracy,21,0.3881736430096396,1.0351297146923724,0.6333333333333333,,,1,65.0,65,65,g1,post
g1post,AM/PM,auditory_direction,time_resolved_trial_response,glm_clean,balanced_accuracy,22,0.4528692501779129,1.0351297146923724,0.6407407407407407,,,1,65.0,65,65,g1,post
g1post,AM/PM,auditory_direction,time_resolved_trial_response,glm_clean,balanced_accuracy,23,0.5175648573461862,1.0351297146923724,0.6648148148148147,,,1,65.0,65,65,g1,post
g1post,AM/PM,auditory_direction,time_resolved_trial_response,glm_clean,balanced_accuracy,24,0.5822604645144595,1.0351297146923724,0.6888888888888889,,,1,65.0,65,65,g1,post
g1post,AM/PM,auditory_direction,time_resolved_trial_response,glm_clean,balanced_accuracy,25,0.6469560716827327,1.0351297146923724,0.6777777777777778,,,1,65.0,65,65,g1,post
g1post,AM/PM,auditory_direction,time_resolved_trial_response,glm_clean,balanced_accuracy,26,0.711651678851006,1.0351297146923724,0.6703703703703704,,,1,65.0,65,65,g1,post
g1post,AM/PM,auditory_direction,time_resolved_trial_response,glm_clean,balanced_accuracy,27,0.7763472860192793,1.0351297146923724,0.6203703703703705,,,1,65.0,65,65,g1,post
g1post,AM/PM,auditory_direction,time_resolved_trial_response,glm_clean,balanced_accuracy,28,0.8410428931875525,1.0351297146923724,0.5981481481481481,,,1,65.0,65,65,g1,post
g1post,AM/PM,auditory_direction,time_resolved_trial_response,glm_clean,balanced_accuracy,29,0.9057385003558258,1.0351297146923724,0.5703703703703704,,,1,65.0,65,65,g1,post
g1post,AM/PM,auditory_direction,time_resolved_trial_response,glm_clean,balanced_accuracy,30,0.9704341075240992,1.0351297146923724,0.5740740740740742,,,1,65.0,65,65,g1,post
g1post,AM/PM,auditory_direction,time_resolved_trial_response,glm_clean,balanced_accuracy,31,1.0351297146923724,1.0351297146923724,0.6092592592592592,,,1,65.0,65,65,g1,post
g1post,AM/PM,auditory_direction,time_resolved_trial_response,glm_clean,balanced_accuracy,32,1.0998253218606455,1.0351297146923724,0.6222222222222223,,,1,65.0,65,65,g1,post
g1post,AM/PM,auditory_direction,time_resolved_trial_response,glm_clean,balanced_accuracy,33,1.164520929028919,1.0351297146923724,0.625925925925926,,,1,65.0,65,65,g1,post
g1post,AM/PM,auditory_direction,time_resolved_trial_response,glm_clean,balanced_accuracy,34,1.229216536197192,1.0351297146923724,0.612962962962963,,,1,65.0,65,65,g1,post
g1post,AM/PM,auditory_direction,time_resolved_trial_response,glm_clean,balanced_accuracy,35,1.2939121433654657,1.0351297146923724,0.6277777777777779,,,1,65.0,65,65,g1,post
g1post,AM/PM,auditory_direction,time_resolved_trial_response,glm_clean,balanced_accuracy,36,1.3586077505337386,1.0351297146923724,0.6203703703703705,,,1,65.0,65,65,g1,post
g1post,AM/PM,auditory_direction,time_resolved_trial_response,glm_clean,balanced_accuracy,37,1.423303357702012,1.0351297146923724,0.5722222222222222,,,1,65.0,65,65,g1,post
g1post,AM/PM,auditory_direction,time_resolved_trial_response,glm_clean,balanced_accuracy,38,1.4879989648702852,1.0351297146923724,0.5851851851851853,,,1,65.0,65,65,g1,post
g1post,AM/PM,auditory_direction,time_resolved_trial_response,glm_clean,balanced_accuracy,39,1.5526945720385583,1.0351297146923724,0.5851851851851853,,,1,65.0,65,65,g1,post
g1post,AM/PM,auditory_direction,time_resolved_trial_response,glm_clean,balanced_accuracy,40,1.6173901792068317,1.0351297146923724,0.5203703703703704,,,1,65.0,65,65,g1,post
g1post,AM/PM,auditory_direction,time_resolved_trial_response,glm_clean,balanced_accuracy,41,1.682085786375105,1.0351297146923724,0.5240740740740741,,,1,65.0,65,65,g1,post
g1post,AM/PM,auditory_direction,time_resolved_trial_response,glm_clean,balanced_accuracy,42,1.7467813935433782,1.0351297146923724,0.5425925925925925,,,1,65.0,65,65,g1,post
g1post,AM/PM,auditory_direction,time_resolved_trial_response,glm_clean,balanced_accuracy,43,1.8114770007116516,1.0351297146923724,0.524074074074074,,,1,65.0,65,65,g1,post
g1post,AM/PM,auditory_direction,time_resolved_trial_response,glm_clean,balanced_accuracy,44,1.8761726078799248,1.0351297146923724,0.4925925925925926,,,1,65.0,65,65,g1,post
g1post,AM/PM,auditory_direction,time_resolved_trial_response,glm_clean,balanced_accuracy,45,1.9408682150481984,1.0351297146923724,0.4944444444444444,,,1,65.0,65,65,g1,post
g1post,AM/PM,auditory_direction,time_resolved_trial_response,glm_clean,balanced_accuracy,46,2.0055638222164713,1.0351297146923724,0.5351851851851852,,,1,65.0,65,65,g1,post
g1post,AM/PM,congruency,time_resolved_trial_response,glm_clean,balanced_accuracy,0,-0.9704341075240992,1.0351297146923724,0.4916666666666666,,,1,65.0,65,65,g1,post
g1post,AM/PM,congruency,time_resolved_trial_response,glm_clean,balanced_accuracy,1,-0.9057385003558258,1.0351297146923724,0.4916666666666667,,,1,65.0,65,65,g1,post
g1post,AM/PM,congruency,time_resolved_trial_response,glm_clean,balanced_accuracy,2,-0.8410428931875525,1.0351297146923724,0.4611111111111111,,,1,65.0,65,65,g1,post
g1post,AM/PM,congruency,time_resolved_trial_response,glm_clean,balanced_accuracy,3,-0.7763472860192793,1.0351297146923724,0.5000000000000001,,,1,65.0,65,65,g1,post
g1post,AM/PM,congruency,time_resolved_trial_response,glm_clean,balanced_accuracy,4,-0.711651678851006,1.0351297146923724,0.4916666666666667,,,1,65.0,65,65,g1,post
g1post,AM/PM,congruency,time_resolved_trial_response,glm_clean,balanced_accuracy,5,-0.6469560716827327,1.0351297146923724,0.4722222222222222,,,1,65.0,65,65,g1,post
g1post,AM/PM,congruency,time_resolved_trial_response,glm_clean,balanced_accuracy,6,-0.5822604645144595,1.0351297146923724,0.4916666666666666,,,1,65.0,65,65,g1,post
g1post,AM/PM,congruency,time_resolved_trial_response,glm_clean,balanced_accuracy,7,-0.5175648573461862,1.0351297146923724,0.4555555555555555,,,1,65.0,65,65,g1,post
g1post,AM/PM,congruency,time_resolved_trial_response,glm_clean,balanced_accuracy,8,-0.4528692501779129,1.0351297146923724,0.5277777777777777,,,1,65.0,65,65,g1,post
g1post,AM/PM,congruency,time_resolved_trial_response,glm_clean,balanced_accuracy,9,-0.3881736430096396,1.0351297146923724,0.5111111111111111,,,1,65.0,65,65,g1,post
g1post,AM/PM,congruency,time_resolved_trial_response,glm_clean,balanced_accuracy,10,-0.3234780358413663,1.0351297146923724,0.4805555555555555,,,1,65.0,65,65,g1,post
g1post,AM/PM,congruency,time_resolved_trial_response,glm_clean,balanced_accuracy,11,-0.2587824286730931,1.0351297146923724,0.4916666666666666,,,1,65.0,65,65,g1,post
g1post,AM/PM,congruency,time_resolved_trial_response,glm_clean,balanced_accuracy,12,-0.1940868215048198,1.0351297146923724,0.5583333333333333,,,1,65.0,65,65,g1,post
g1post,AM/PM,congruency,time_resolved_trial_response,glm_clean,balanced_accuracy,13,-0.1293912143365465,1.0351297146923724,0.4555555555555555,,,1,65.0,65,65,g1,post
g1post,AM/PM,congruency,time_resolved_trial_response,glm_clean,balanced_accuracy,14,-0.0646956071682732,1.0351297146923724,0.4833333333333333,,,1,65.0,65,65,g1,post
g1post,AM/PM,congruency,time_resolved_trial_response,glm_clean,balanced_accuracy,15,0.0,1.0351297146923724,0.5,,,1,65.0,65,65,g1,post
g1post,AM/PM,congruency,time_resolved_trial_response,glm_clean,balanced_accuracy,16,0.0646956071682732,1.0351297146923724,0.4583333333333333,,,1,65.0,65,65,g1,post
g1post,AM/PM,congruency,time_resolved_trial_response,glm_clean,balanced_accuracy,17,0.1293912143365465,1.0351297146923724,0.5055555555555555,,,1,65.0,65,65,g1,post
g1post,AM/PM,congruency,time_resolved_trial_response,glm_clean,balanced_accuracy,18,0.1940868215048198,1.0351297146923724,0.4555555555555555,,,1,65.0,65,65,g1,post
g1post,AM/PM,congruency,time_resolved_trial_response,glm_clean,balanced_accuracy,19,0.2587824286730931,1.0351297146923724,0.513888888888889,,,1,65.0,65,65,g1,post
g1post,AM/PM,congruency,time_resolved_trial_response,glm_clean,balanced_accuracy,20,0.3234780358413663,1.0351297146923724,0.5083333333333334,,,1,65.0,65,65,g1,post
g1post,AM/PM,congruency,time_resolved_trial_response,glm_clean,balanced_accuracy,21,0.3881736430096396,1.0351297146923724,0.5055555555555555,,,1,65.0,65,65,g1,post
g1post,AM/PM,congruency,time_resolved_trial_response,glm_clean,balanced_accuracy,22,0.4528692501779129,1.0351297146923724,0.4666666666666667,,,1,65.0,65,65,g1,post
g1post,AM/PM,congruency,time_resolved_trial_response,glm_clean,balanced_accuracy,23,0.5175648573461862,1.0351297146923724,0.5361111111111111,,,1,65.0,65,65,g1,post
g1post,AM/PM,congruency,time_resolved_trial_response,glm_clean,balanced_accuracy,24,0.5822604645144595,1.0351297146923724,0.5000000000000001,,,1,65.0,65,65,g1,post
g1post,AM/PM,congruency,time_resolved_trial_response,glm_clean,balanced_accuracy,25,0.6469560716827327,1.0351297146923724,0.4777777777777777,,,1,65.0,65,65,g1,post
g1post,AM/PM,congruency,time_resolved_trial_response,glm_clean,balanced_accuracy,26,0.711651678851006,1.0351297146923724,0.5055555555555555,,,1,65.0,65,65,g1,post
g1post,AM/PM,congruency,time_resolved_trial_response,glm_clean,balanced_accuracy,27,0.7763472860192793,1.0351297146923724,0.5111111111111112,,,1,65.0,65,65,g1,post
g1post,AM/PM,congruency,time_resolved_trial_response,glm_clean,balanced_accuracy,28,0.8410428931875525,1.0351297146923724,0.4972222222222222,,,1,65.0,65,65,g1,post
g1post,AM/PM,congruency,time_resolved_trial_response,glm_clean,balanced_accuracy,29,0.9057385003558258,1.0351297146923724,0.4555555555555555,,,1,65.0,65,65,g1,post
g1post,AM/PM,congruency,time_resolved_trial_response,glm_clean,balanced_accuracy,30,0.9704341075240992,1.0351297146923724,0.5055555555555555,,,1,65.0,65,65,g1,post
g1post,AM/PM,congruency,time_resolved_trial_response,glm_clean,balanced_accuracy,31,1.0351297146923724,1.0351297146923724,0.4888888888888889,,,1,65.0,65,65,g1,post
g1post,AM/PM,congruency,time_resolved_trial_response,glm_clean,balanced_accuracy,32,1.0998253218606455,1.0351297146923724,0.5111111111111111,,,1,65.0,65,65,g1,post
g1post,AM/PM,congruency,time_resolved_trial_response,glm_clean,balanced_accuracy,33,1.164520929028919,1.0351297146923724,0.5277777777777779,,,1,65.0,65,65,g1,post
g1post,AM/PM,congruency,time_resolved_trial_response,glm_clean,balanced_accuracy,34,1.229216536197192,1.0351297146923724,0.475,,,1,65.0,65,65,g1,post
g1post,AM/PM,congruency,time_resolved_trial_response,glm_clean,balanced_accuracy,35,1.2939121433654657,1.0351297146923724,0.4916666666666667,,,1,65.0,65,65,g1,post
g1post,AM/PM,congruency,time_resolved_trial_response,glm_clean,balanced_accuracy,36,1.3586077505337386,1.0351297146923724,0.4944444444444444,,,1,65.0,65,65,g1,post
g1post,AM/PM,congruency,time_resolved_trial_response,glm_clean,balanced_accuracy,37,1.423303357702012,1.0351297146923724,0.5805555555555555,,,1,65.0,65,65,g1,post
g1post,AM/PM,congruency,time_resolved_trial_response,glm_clean,balanced_accuracy,38,1.4879989648702852,1.0351297146923724,0.5305555555555556,,,1,65.0,65,65,g1,post
g1post,AM/PM,congruency,time_resolved_trial_response,glm_clean,balanced_accuracy,39,1.5526945720385583,1.0351297146923724,0.4722222222222222,,,1,65.0,65,65,g1,post
g1post,AM/PM,congruency,time_resolved_trial_response,glm_clean,balanced_accuracy,40,1.6173901792068317,1.0351297146923724,0.513888888888889,,,1,65.0,65,65,g1,post
g1post,AM/PM,congruency,time_resolved_trial_response,glm_clean,balanced_accuracy,41,1.682085786375105,1.0351297146923724,0.4888888888888889,,,1,65.0,65,65,g1,post
g1post,AM/PM,congruency,time_resolved_trial_response,glm_clean,balanced_accuracy,42,1.7467813935433782,1.0351297146923724,0.5666666666666667,,,1,65.0,65,65,g1,post
g1post,AM/PM,congruency,time_resolved_trial_response,glm_clean,balanced_accuracy,43,1.8114770007116516,1.0351297146923724,0.5361111111111112,,,1,65.0,65,65,g1,post
g1post,AM/PM,congruency,time_resolved_trial_response,glm_clean,balanced_accuracy,44,1.8761726078799248,1.0351297146923724,0.5083333333333334,,,1,65.0,65,65,g1,post
g1post,AM/PM,congruency,time_resolved_trial_response,glm_clean,balanced_accuracy,45,1.9408682150481984,1.0351297146923724,0.5416666666666667,,,1,65.0,65,65,g1,post
g1post,AM/PM,congruency,time_resolved_trial_response,glm_clean,balanced_accuracy,46,2.0055638222164713,1.0351297146923724,0.5750000000000001,,,1,65.0,65,65,g1,post
g1post,AM/PM,modality,time_resolved_trial_response,glm_clean,balanced_accuracy,0,-0.9704341075240992,1.0351297146923724,0.3425925925925926,,,1,65.0,65,65,g1,post
g1post,AM/PM,modality,time_resolved_trial_response,glm_clean,balanced_accuracy,1,-0.9057385003558258,1.0351297146923724,0.3462962962962962,,,1,65.0,65,65,g1,post
g1post,AM/PM,modality,time_resolved_trial_response,glm_clean,balanced_accuracy,2,-0.8410428931875525,1.0351297146923724,0.3175925925925925,,,1,65.0,65,65,g1,post
g1post,AM/PM,modality,time_resolved_trial_response,glm_clean,balanced_accuracy,3,-0.7763472860192793,1.0351297146923724,0.312962962962963,,,1,65.0,65,65,g1,post
g1post,AM/PM,modality,time_resolved_trial_response,glm_clean,balanced_accuracy,4,-0.711651678851006,1.0351297146923724,0.3259259259259259,,,1,65.0,65,65,g1,post
g1post,AM/PM,modality,time_resolved_trial_response,glm_clean,balanced_accuracy,5,-0.6469560716827327,1.0351297146923724,0.3342592592592592,,,1,65.0,65,65,g1,post
g1post,AM/PM,modality,time_resolved_trial_response,glm_clean,balanced_accuracy,6,-0.5822604645144595,1.0351297146923724,0.3046296296296296,,,1,65.0,65,65,g1,post
g1post,AM/PM,modality,time_resolved_trial_response,glm_clean,balanced_accuracy,7,-0.5175648573461862,1.0351297146923724,0.3277777777777778,,,1,65.0,65,65,g1,post
g1post,AM/PM,modality,time_resolved_trial_response,glm_clean,balanced_accuracy,8,-0.4528692501779129,1.0351297146923724,0.3444444444444444,,,1,65.0,65,65,g1,post
g1post,AM/PM,modality,time_resolved_trial_response,glm_clean,balanced_accuracy,9,-0.3881736430096396,1.0351297146923724,0.3685185185185185,,,1,65.0,65,65,g1,post
g1post,AM/PM,modality,time_resolved_trial_response,glm_clean,balanced_accuracy,10,-0.3234780358413663,1.0351297146923724,0.3287037037037037,,,1,65.0,65,65,g1,post
g1post,AM/PM,modality,time_resolved_trial_response,glm_clean,balanced_accuracy,11,-0.2587824286730931,1.0351297146923724,0.3333333333333333,,,1,65.0,65,65,g1,post
g1post,AM/PM,modality,time_resolved_trial_response,glm_clean,balanced_accuracy,12,-0.1940868215048198,1.0351297146923724,0.3277777777777778,,,1,65.0,65,65,g1,post
g1post,AM/PM,modality,time_resolved_trial_response,glm_clean,balanced_accuracy,13,-0.1293912143365465,1.0351297146923724,0.3787037037037036,,,1,65.0,65,65,g1,post
g1post,AM/PM,modality,time_resolved_trial_response,glm_clean,balanced_accuracy,14,-0.0646956071682732,1.0351297146923724,0.3537037037037037,,,1,65.0,65,65,g1,post
g1post,AM/PM,modality,time_resolved_trial_response,glm_clean,balanced_accuracy,15,0.0,1.0351297146923724,0.3574074074074074,,,1,65.0,65,65,g1,post
g1post,AM/PM,modality,time_resolved_trial_response,glm_clean,balanced_accuracy,16,0.0646956071682732,1.0351297146923724,0.324074074074074,,,1,65.0,65,65,g1,post
g1post,AM/PM,modality,time_resolved_trial_response,glm_clean,balanced_accuracy,17,0.1293912143365465,1.0351297146923724,0.3731481481481481,,,1,65.0,65,65,g1,post
g1post,AM/PM,modality,time_resolved_trial_response,glm_clean,balanced_accuracy,18,0.1940868215048198,1.0351297146923724,0.425,,,1,65.0,65,65,g1,post
g1post,AM/PM,modality,time_resolved_trial_response,glm_clean,balanced_accuracy,19,0.2587824286730931,1.0351297146923724,0.5768518518518518,,,1,65.0,65,65,g1,post
g1post,AM/PM,modality,time_resolved_trial_response,glm_clean,balanced_accuracy,20,0.3234780358413663,1.0351297146923724,0.5425925925925925,,,1,65.0,65,65,g1,post
g1post,AM/PM,modality,time_resolved_trial_response,glm_clean,balanced_accuracy,21,0.3881736430096396,1.0351297146923724,0.5592592592592592,,,1,65.0,65,65,g1,post
g1post,AM/PM,modality,time_resolved_trial_response,glm_clean,balanced_accuracy,22,0.4528692501779129,1.0351297146923724,0.5462962962962963,,,1,65.0,65,65,g1,post
g1post,AM/PM,modality,time_resolved_trial_response,glm_clean,balanced_accuracy,23,0.5175648573461862,1.0351297146923724,0.5592592592592592,,,1,65.0,65,65,g1,post
g1post,AM/PM,modality,time_resolved_trial_response,glm_clean,balanced_accuracy,24,0.5822604645144595,1.0351297146923724,0.5287037037037037,,,1,65.0,65,65,g1,post
g1post,AM/PM,modality,time_resolved_trial_response,glm_clean,balanced_accuracy,25,0.6469560716827327,1.0351297146923724,0.55,,,1,65.0,65,65,g1,post
g1post,AM/PM,modality,time_resolved_trial_response,glm_clean,balanced_accuracy,26,0.711651678851006,1.0351297146923724,0.5444444444444445,,,1,65.0,65,65,g1,post
g1post,AM/PM,modality,time_resolved_trial_response,glm_clean,balanced_accuracy,27,0.7763472860192793,1.0351297146923724,0.5944444444444444,,,1,65.0,65,65,g1,post
g1post,AM/PM,modality,time_resolved_trial_response,glm_clean,balanced_accuracy,28,0.8410428931875525,1.0351297146923724,0.6055555555555555,,,1,65.0,65,65,g1,post
g1post,AM/PM,modality,time_resolved_trial_response,glm_clean,balanced_accuracy,29,0.9057385003558258,1.0351297146923724,0.6157407407407407,,,1,65.0,65,65,g1,post
g1post,AM/PM,modality,time_resolved_trial_response,glm_clean,balanced_accuracy,30,0.9704341075240992,1.0351297146923724,0.6074074074074074,,,1,65.0,65,65,g1,post
g1post,AM/PM,modality,time_resolved_trial_response,glm_clean,balanced_accuracy,31,1.0351297146923724,1.0351297146923724,0.624074074074074,,,1,65.0,65,65,g1,post
g1post,AM/PM,modality,time_resolved_trial_response,glm_clean,balanced_accuracy,32,1.0998253218606455,1.0351297146923724,0.6361111111111111,,,1,65.0,65,65,g1,post
g1post,AM/PM,modality,time_resolved_trial_response,glm_clean,balanced_accuracy,33,1.164520929028919,1.0351297146923724,0.65,,,1,65.0,65,65,g1,post
g1post,AM/PM,modality,time_resolved_trial_response,glm_clean,balanced_accuracy,34,1.229216536197192,1.0351297146923724,0.6129629629629629,,,1,65.0,65,65,g1,post
g1post,AM/PM,modality,time_resolved_trial_response,glm_clean,balanced_accuracy,35,1.2939121433654657,1.0351297146923724,0.6287037037037038,,,1,65.0,65,65,g1,post
g1post,AM/PM,modality,time_resolved_trial_response,glm_clean,balanced_accuracy,36,1.3586077505337386,1.0351297146923724,0.6490740740740741,,,1,65.0,65,65,g1,post
g1post,AM/PM,modality,time_resolved_trial_response,glm_clean,balanced_accuracy,37,1.423303357702012,1.0351297146923724,0.6074074074074074,,,1,65.0,65,65,g1,post
g1post,AM/PM,modality,time_resolved_trial_response,glm_clean,balanced_accuracy,38,1.4879989648702852,1.0351297146923724,0.6333333333333334,,,1,65.0,65,65,g1,post
g1post,AM/PM,modality,time_resolved_trial_response,glm_clean,balanced_accuracy,39,1.5526945720385583,1.0351297146923724,0.562962962962963,,,1,65.0,65,65,g1,post
g1post,AM/PM,modality,time_resolved_trial_response,glm_clean,balanced_accuracy,40,1.6173901792068317,1.0351297146923724,0.586111111111111,,,1,65.0,65,65,g1,post
g1post,AM/PM,modality,time_resolved_trial_response,glm_clean,balanced_accuracy,41,1.682085786375105,1.0351297146923724,0.5564814814814815,,,1,65.0,65,65,g1,post
g1post,AM/PM,modality,time_resolved_trial_response,glm_clean,balanced_accuracy,42,1.7467813935433782,1.0351297146923724,0.5666666666666667,,,1,65.0,65,65,g1,post
g1post,AM/PM,modality,time_resolved_trial_response,glm_clean,balanced_accuracy,43,1.8114770007116516,1.0351297146923724,0.5361111111111111,,,1,65.0,65,65,g1,post
g1post,AM/PM,modality,time_resolved_trial_response,glm_clean,balanced_accuracy,44,1.8761726078799248,1.0351297146923724,0.5259259259259259,,,1,65.0,65,65,g1,post
g1post,AM/PM,modality,time_resolved_trial_response,glm_clean,balanced_accuracy,45,1.9408682150481984,1.0351297146923724,0.4722222222222221,,,1,65.0,65,65,g1,post
g1post,AM/PM,modality,time_resolved_trial_response,glm_clean,balanced_accuracy,46,2.0055638222164713,1.0351297146923724,0.4435185185185185,,,1,65.0,65,65,g1,post
g1post,AM/PM,trial_type,time_resolved_trial_response,glm_clean,balanced_accuracy,0,-0.9704341075240992,1.0351297146923724,0.1208333333333333,,,1,65.0,65,65,g1,post
g1post,AM/PM,trial_type,time_resolved_trial_response,glm_clean,balanced_accuracy,1,-0.9057385003558258,1.0351297146923724,0.1055555555555555,,,1,65.0,65,65,g1,post
g1post,AM/PM,trial_type,time_resolved_trial_response,glm_clean,balanced_accuracy,2,-0.8410428931875525,1.0351297146923724,0.1111111111111111,,,1,65.0,65,65,g1,post
g1post,AM/PM,trial_type,time_resolved_trial_response,glm_clean,balanced_accuracy,3,-0.7763472860192793,1.0351297146923724,0.1194444444444444,,,1,65.0,65,65,g1,post
g1post,AM/PM,trial_type,time_resolved_trial_response,glm_clean,balanced_accuracy,4,-0.711651678851006,1.0351297146923724,0.1097222222222222,,,1,65.0,65,65,g1,post
g1post,AM/PM,trial_type,time_resolved_trial_response,glm_clean,balanced_accuracy,5,-0.6469560716827327,1.0351297146923724,0.1333333333333333,,,1,65.0,65,65,g1,post
g1post,AM/PM,trial_type,time_resolved_trial_response,glm_clean,balanced_accuracy,6,-0.5822604645144595,1.0351297146923724,0.1291666666666666,,,1,65.0,65,65,g1,post
g1post,AM/PM,trial_type,time_resolved_trial_response,glm_clean,balanced_accuracy,7,-0.5175648573461862,1.0351297146923724,0.1180555555555555,,,1,65.0,65,65,g1,post
g1post,AM/PM,trial_type,time_resolved_trial_response,glm_clean,balanced_accuracy,8,-0.4528692501779129,1.0351297146923724,0.1541666666666666,,,1,65.0,65,65,g1,post
g1post,AM/PM,trial_type,time_resolved_trial_response,glm_clean,balanced_accuracy,9,-0.3881736430096396,1.0351297146923724,0.1083333333333333,,,1,65.0,65,65,g1,post
g1post,AM/PM,trial_type,time_resolved_trial_response,glm_clean,balanced_accuracy,10,-0.3234780358413663,1.0351297146923724,0.1152777777777777,,,1,65.0,65,65,g1,post
g1post,AM/PM,trial_type,time_resolved_trial_response,glm_clean,balanced_accuracy,11,-0.2587824286730931,1.0351297146923724,0.1277777777777777,,,1,65.0,65,65,g1,post
g1post,AM/PM,trial_type,time_resolved_trial_response,glm_clean,balanced_accuracy,12,-0.1940868215048198,1.0351297146923724,0.1277777777777777,,,1,65.0,65,65,g1,post
g1post,AM/PM,trial_type,time_resolved_trial_response,glm_clean,balanced_accuracy,13,-0.1293912143365465,1.0351297146923724,0.1597222222222222,,,1,65.0,65,65,g1,post
g1post,AM/PM,trial_type,time_resolved_trial_response,glm_clean,balanced_accuracy,14,-0.0646956071682732,1.0351297146923724,0.1347222222222222,,,1,65.0,65,65,g1,post
g1post,AM/PM,trial_type,time_resolved_trial_response,glm_clean,balanced_accuracy,15,0.0,1.0351297146923724,0.1180555555555555,,,1,65.0,65,65,g1,post
g1post,AM/PM,trial_type,time_resolved_trial_response,glm_clean,balanced_accuracy,16,0.0646956071682732,1.0351297146923724,0.1430555555555555,,,1,65.0,65,65,g1,post
g1post,AM/PM,trial_type,time_resolved_trial_response,glm_clean,balanced_accuracy,17,0.1293912143365465,1.0351297146923724,0.1305555555555555,,,1,65.0,65,65,g1,post
g1post,AM/PM,trial_type,time_resolved_trial_response,glm_clean,balanced_accuracy,18,0.1940868215048198,1.0351297146923724,0.1805555555555555,,,1,65.0,65,65,g1,post
g1post,AM/PM,trial_type,time_resolved_trial_response,glm_clean,balanced_accuracy,19,0.2587824286730931,1.0351297146923724,0.2541666666666667,,,1,65.0,65,65,g1,post
g1post,AM/PM,trial_type,time_resolved_trial_response,glm_clean,balanced_accuracy,20,0.3234780358413663,1.0351297146923724,0.2611111111111111,,,1,65.0,65,65,g1,post
g1post,AM/PM,trial_type,time_resolved_trial_response,glm_clean,balanced_accuracy,21,0.3881736430096396,1.0351297146923724,0.2736111111111111,,,1,65.0,65,65,g1,post
g1post,AM/PM,trial_type,time_resolved_trial_response,glm_clean,balanced_accuracy,22,0.4528692501779129,1.0351297146923724,0.2902777777777777,,,1,65.0,65,65,g1,post
g1post,AM/PM,trial_type,time_resolved_trial_response,glm_clean,balanced_accuracy,23,0.5175648573461862,1.0351297146923724,0.3083333333333333,,,1,65.0,65,65,g1,post
g1post,AM/PM,trial_type,time_resolved_trial_response,glm_clean,balanced_accuracy,24,0.5822604645144595,1.0351297146923724,0.2833333333333334,,,1,65.0,65,65,g1,post
g1post,AM/PM,trial_type,time_resolved_trial_response,glm_clean,balanced_accuracy,25,0.6469560716827327,1.0351297146923724,0.2861111111111111,,,1,65.0,65,65,g1,post
g1post,AM/PM,trial_type,time_resolved_trial_response,glm_clean,balanced_accuracy,26,0.711651678851006,1.0351297146923724,0.2583333333333333,,,1,65.0,65,65,g1,post
g1post,AM/PM,trial_type,time_resolved_trial_response,glm_clean,balanced_accuracy,27,0.7763472860192793,1.0351297146923724,0.3,,,1,65.0,65,65,g1,post
g1post,AM/PM,trial_type,time_resolved_trial_response,glm_clean,balanced_accuracy,28,0.8410428931875525,1.0351297146923724,0.2722222222222222,,,1,65.0,65,65,g1,post
g1post,AM/PM,trial_type,time_resolved_trial_response,glm_clean,balanced_accuracy,29,0.9057385003558258,1.0351297146923724,0.2708333333333333,,,1,65.0,65,65,g1,post
g1post,AM/PM,trial_type,time_resolved_trial_response,glm_clean,balanced_accuracy,30,0.9704341075240992,1.0351297146923724,0.275,,,1,65.0,65,65,g1,post
g1post,AM/PM,trial_type,time_resolved_trial_response,glm_clean,balanced_accuracy,31,1.0351297146923724,1.0351297146923724,0.2930555555555555,,,1,65.0,65,65,g1,post
g1post,AM/PM,trial_type,time_resolved_trial_response,glm_clean,balanced_accuracy,32,1.0998253218606455,1.0351297146923724,0.3152777777777777,,,1,65.0,65,65,g1,post
g1post,AM/PM,trial_type,time_resolved_trial_response,glm_clean,balanced_accuracy,33,1.164520929028919,1.0351297146923724,0.3055555555555555,,,1,65.0,65,65,g1,post
g1post,AM/PM,trial_type,time_resolved_trial_response,glm_clean,balanced_accuracy,34,1.229216536197192,1.0351297146923724,0.323611111111111,,,1,65.0,65,65,g1,post
g1post,AM/PM,trial_type,time_resolved_trial_response,glm_clean,balanced_accuracy,35,1.2939121433654657,1.0351297146923724,0.325,,,1,65.0,65,65,g1,post
g1post,AM/PM,trial_type,time_resolved_trial_response,glm_clean,balanced_accuracy,36,1.3586077505337386,1.0351297146923724,0.3,,,1,65.0,65,65,g1,post
g1post,AM/PM,trial_type,time_resolved_trial_response,glm_clean,balanced_accuracy,37,1.423303357702012,1.0351297146923724,0.2847222222222222,,,1,65.0,65,65,g1,post
g1post,AM/PM,trial_type,time_resolved_trial_response,glm_clean,balanced_accuracy,38,1.4879989648702852,1.0351297146923724,0.275,,,1,65.0,65,65,g1,post
g1post,AM/PM,trial_type,time_resolved_trial_response,glm_clean,balanced_accuracy,39,1.5526945720385583,1.0351297146923724,0.2722222222222222,,,1,65.0,65,65,g1,post
g1post,AM/PM,trial_type,time_resolved_trial_response,glm_clean,balanced_accuracy,40,1.6173901792068317,1.0351297146923724,0.2819444444444444,,,1,65.0,65,65,g1,post
g1post,AM/PM,trial_type,time_resolved_trial_response,glm_clean,balanced_accuracy,41,1.682085786375105,1.0351297146923724,0.2458333333333333,,,1,65.0,65,65,g1,post
g1post,AM/PM,trial_type,time_resolved_trial_response,glm_clean,balanced_accuracy,42,1.7467813935433782,1.0351297146923724,0.2180555555555555,,,1,65.0,65,65,g1,post
g1post,AM/PM,trial_type,time_resolved_trial_response,glm_clean,balanced_accuracy,43,1.8114770007116516,1.0351297146923724,0.2541666666666667,,,1,65.0,65,65,g1,post
g1post,AM/PM,trial_type,time_resolved_trial_response,glm_clean,balanced_accuracy,44,1.8761726078799248,1.0351297146923724,0.2041666666666666,,,1,65.0,65,65,g1,post
g1post,AM/PM,trial_type,time_resolved_trial_response,glm_clean,balanced_accuracy,45,1.9408682150481984,1.0351297146923724,0.2333333333333333,,,1,65.0,65,65,g1,post
g1post,AM/PM,trial_type,time_resolved_trial_response,glm_clean,balanced_accuracy,46,2.0055638222164713,1.0351297146923724,0.1888888888888888,,,1,65.0,65,65,g1,post
g1post,AM/PM,visual_direction,time_resolved_trial_response,glm_clean,balanced_accuracy,0,-0.9704341075240992,1.0351297146923724,0.5314814814814814,,,1,65.0,65,65,g1,post
g1post,AM/PM,visual_direction,time_resolved_trial_response,glm_clean,balanced_accuracy,1,-0.9057385003558258,1.0351297146923724,0.4703703703703703,,,1,65.0,65,65,g1,post
g1post,AM/PM,visual_direction,time_resolved_trial_response,glm_clean,balanced_accuracy,2,-0.8410428931875525,1.0351297146923724,0.4814814814814815,,,1,65.0,65,65,g1,post
g1post,AM/PM,visual_direction,time_resolved_trial_response,glm_clean,balanced_accuracy,3,-0.7763472860192793,1.0351297146923724,0.4444444444444445,,,1,65.0,65,65,g1,post
g1post,AM/PM,visual_direction,time_resolved_trial_response,glm_clean,balanced_accuracy,4,-0.711651678851006,1.0351297146923724,0.4888888888888888,,,1,65.0,65,65,g1,post
g1post,AM/PM,visual_direction,time_resolved_trial_response,glm_clean,balanced_accuracy,5,-0.6469560716827327,1.0351297146923724,0.4925925925925926,,,1,65.0,65,65,g1,post
g1post,AM/PM,visual_direction,time_resolved_trial_response,glm_clean,balanced_accuracy,6,-0.5822604645144595,1.0351297146923724,0.4277777777777778,,,1,65.0,65,65,g1,post
g1post,AM/PM,visual_direction,time_resolved_trial_response,glm_clean,balanced_accuracy,7,-0.5175648573461862,1.0351297146923724,0.474074074074074,,,1,65.0,65,65,g1,post
g1post,AM/PM,visual_direction,time_resolved_trial_response,glm_clean,balanced_accuracy,8,-0.4528692501779129,1.0351297146923724,0.4851851851851852,,,1,65.0,65,65,g1,post
g1post,AM/PM,visual_direction,time_resolved_trial_response,glm_clean,balanced_accuracy,9,-0.3881736430096396,1.0351297146923724,0.4981481481481482,,,1,65.0,65,65,g1,post
g1post,AM/PM,visual_direction,time_resolved_trial_response,glm_clean,balanced_accuracy,10,-0.3234780358413663,1.0351297146923724,0.5203703703703704,,,1,65.0,65,65,g1,post
g1post,AM/PM,visual_direction,time_resolved_trial_response,glm_clean,balanced_accuracy,11,-0.2587824286730931,1.0351297146923724,0.4944444444444443,,,1,65.0,65,65,g1,post
g1post,AM/PM,visual_direction,time_resolved_trial_response,glm_clean,balanced_accuracy,12,-0.1940868215048198,1.0351297146923724,0.5351851851851852,,,1,65.0,65,65,g1,post
g1post,AM/PM,visual_direction,time_resolved_trial_response,glm_clean,balanced_accuracy,13,-0.1293912143365465,1.0351297146923724,0.5018518518518519,,,1,65.0,65,65,g1,post
g1post,AM/PM,visual_direction,time_resolved_trial_response,glm_clean,balanced_accuracy,14,-0.0646956071682732,1.0351297146923724,0.5037037037037037,,,1,65.0,65,65,g1,post
g1post,AM/PM,visual_direction,time_resolved_trial_response,glm_clean,balanced_accuracy,15,0.0,1.0351297146923724,0.5018518518518518,,,1,65.0,65,65,g1,post
g1post,AM/PM,visual_direction,time_resolved_trial_response,glm_clean,balanced_accuracy,16,0.0646956071682732,1.0351297146923724,0.4962962962962963,,,1,65.0,65,65,g1,post
g1post,AM/PM,visual_direction,time_resolved_trial_response,glm_clean,balanced_accuracy,17,0.1293912143365465,1.0351297146923724,0.5074074074074073,,,1,65.0,65,65,g1,post
g1post,AM/PM,visual_direction,time_resolved_trial_response,glm_clean,balanced_accuracy,18,0.1940868215048198,1.0351297146923724,0.5499999999999999,,,1,65.0,65,65,g1,post
g1post,AM/PM,visual_direction,time_resolved_trial_response,glm_clean,balanced_accuracy,19,0.2587824286730931,1.0351297146923724,0.6314814814814815,,,1,65.0,65,65,g1,post
g1post,AM/PM,visual_direction,time_resolved_trial_response,glm_clean,balanced_accuracy,20,0.3234780358413663,1.0351297146923724,0.6814814814814815,,,1,65.0,65,65,g1,post
g1post,AM/PM,visual_direction,time_resolved_trial_response,glm_clean,balanced_accuracy,21,0.3881736430096396,1.0351297146923724,0.6277777777777779,,,1,65.0,65,65,g1,post
g1post,AM/PM,visual_direction,time_resolved_trial_response,glm_clean,balanced_accuracy,22,0.4528692501779129,1.0351297146923724,0.5740740740740741,,,1,65.0,65,65,g1,post
g1post,AM/PM,visual_direction,time_resolved_trial_response,glm_clean,balanced_accuracy,23,0.5175648573461862,1.0351297146923724,0.6166666666666666,,,1,65.0,65,65,g1,post
g1post,AM/PM,visual_direction,time_resolved_trial_response,glm_clean,balanced_accuracy,24,0.5822604645144595,1.0351297146923724,0.5685185185185185,,,1,65.0,65,65,g1,post
g1post,AM/PM,visual_direction,time_resolved_trial_response,glm_clean,balanced_accuracy,25,0.6469560716827327,1.0351297146923724,0.6092592592592594,,,1,65.0,65,65,g1,post
g1post,AM/PM,visual_direction,time_resolved_trial_response,glm_clean,balanced_accuracy,26,0.711651678851006,1.0351297146923724,0.5888888888888889,,,1,65.0,65,65,g1,post
g1post,AM/PM,visual_direction,time_resolved_trial_response,glm_clean,balanced_accuracy,27,0.7763472860192793,1.0351297146923724,0.55,,,1,65.0,65,65,g1,post
g1post,AM/PM,visual_direction,time_resolved_trial_response,glm_clean,balanced_accuracy,28,0.8410428931875525,1.0351297146923724,0.5703703703703703,,,1,65.0,65,65,g1,post
g1post,AM/PM,visual_direction,time_resolved_trial_response,glm_clean,balanced_accuracy,29,0.9057385003558258,1.0351297146923724,0.6074074074074074,,,1,65.0,65,65,g1,post
g1post,AM/PM,visual_direction,time_resolved_trial_response,glm_clean,balanced_accuracy,30,0.9704341075240992,1.0351297146923724,0.6166666666666668,,,1,65.0,65,65,g1,post
g1post,AM/PM,visual_direction,time_resolved_trial_response,glm_clean,balanced_accuracy,31,1.0351297146923724,1.0351297146923724,0.6333333333333333,,,1,65.0,65,65,g1,post
g1post,AM/PM,visual_direction,time_resolved_trial_response,glm_clean,balanced_accuracy,32,1.0998253218606455,1.0351297146923724,0.6148148148148148,,,1,65.0,65,65,g1,post
g1post,AM/PM,visual_direction,time_resolved_trial_response,glm_clean,balanced_accuracy,33,1.164520929028919,1.0351297146923724,0.6166666666666666,,,1,65.0,65,65,g1,post
g1post,AM/PM,visual_direction,time_resolved_trial_response,glm_clean,balanced_accuracy,34,1.229216536197192,1.0351297146923724,0.6407407407407406,,,1,65.0,65,65,g1,post
g1post,AM/PM,visual_direction,time_resolved_trial_response,glm_clean,balanced_accuracy,35,1.2939121433654657,1.0351297146923724,0.6481481481481483,,,1,65.0,65,65,g1,post
g1post,AM/PM,visual_direction,time_resolved_trial_response,glm_clean,balanced_accuracy,36,1.3586077505337386,1.0351297146923724,0.6722222222222222,,,1,65.0,65,65,g1,post
g1post,AM/PM,visual_direction,time_resolved_trial_response,glm_clean,balanced_accuracy,37,1.423303357702012,1.0351297146923724,0.638888888888889,,,1,65.0,65,65,g1,post
g1post,AM/PM,visual_direction,time_resolved_trial_response,glm_clean,balanced_accuracy,38,1.4879989648702852,1.0351297146923724,0.6277777777777777,,,1,65.0,65,65,g1,post
g1post,AM/PM,visual_direction,time_resolved_trial_response,glm_clean,balanced_accuracy,39,1.5526945720385583,1.0351297146923724,0.6296296296296295,,,1,65.0,65,65,g1,post
g1post,AM/PM,visual_direction,time_resolved_trial_response,glm_clean,balanced_accuracy,40,1.6173901792068317,1.0351297146923724,0.6166666666666667,,,1,65.0,65,65,g1,post
g1post,AM/PM,visual_direction,time_resolved_trial_response,glm_clean,balanced_accuracy,41,1.682085786375105,1.0351297146923724,0.6703703703703704,,,1,65.0,65,65,g1,post
g1post,AM/PM,visual_direction,time_resolved_trial_response,glm_clean,balanced_accuracy,42,1.7467813935433782,1.0351297146923724,0.5796296296296296,,,1,65.0,65,65,g1,post
g1post,AM/PM,visual_direction,time_resolved_trial_response,glm_clean,balanced_accuracy,43,1.8114770007116516,1.0351297146923724,0.6037037037037037,,,1,65.0,65,65,g1,post
g1post,AM/PM,visual_direction,time_resolved_trial_response,glm_clean,balanced_accuracy,44,1.8761726078799248,1.0351297146923724,0.5851851851851853,,,1,65.0,65,65,g1,post
g1post,AM/PM,visual_direction,time_resolved_trial_response,glm_clean,balanced_accuracy,45,1.9408682150481984,1.0351297146923724,0.5833333333333334,,,1,65.0,65,65,g1,post
g1post,AM/PM,visual_direction,time_resolved_trial_response,glm_clean,balanced_accuracy,46,2.0055638222164713,1.0351297146923724,0.5907407407407408,,,1,65.0,65,65,g1,post
g1post,LM,auditory_direction,time_resolved_trial_response,glm_clean,balanced_accuracy,0,-0.9704341075240992,1.0351297146923724,0.5138888888888888,0.0432120810725112,0.0305555555555555,2,76.0,75,77,g1,post
g1post,LM,auditory_direction,time_resolved_trial_response,glm_clean,balanced_accuracy,1,-0.9057385003558258,1.0351297146923724,0.5,0.020951312035157,0.0148148148148148,2,76.0,75,77,g1,post
g1post,LM,auditory_direction,time_resolved_trial_response,glm_clean,balanced_accuracy,2,-0.8410428931875525,1.0351297146923724,0.4925925925925926,0.013094570021973,0.0092592592592592,2,76.0,75,77,g1,post
g1post,LM,auditory_direction,time_resolved_trial_response,glm_clean,balanced_accuracy,3,-0.7763472860192793,1.0351297146923724,0.4907407407407407,0.0,0.0,2,76.0,75,77,g1,post
g1post,LM,auditory_direction,time_resolved_trial_response,glm_clean,balanced_accuracy,4,-0.711651678851006,1.0351297146923724,0.474074074074074,0.089043076149417,0.0629629629629629,2,76.0,75,77,g1,post
g1post,LM,auditory_direction,time_resolved_trial_response,glm_clean,balanced_accuracy,5,-0.6469560716827327,1.0351297146923724,0.4981481481481482,0.0052378280087892,0.0037037037037037,2,76.0,75,77,g1,post
g1post,LM,auditory_direction,time_resolved_trial_response,glm_clean,balanced_accuracy,6,-0.5822604645144595,1.0351297146923724,0.4861111111111111,0.0248796830417489,0.0175925925925926,2,76.0,75,77,g1,post
g1post,LM,auditory_direction,time_resolved_trial_response,glm_clean,balanced_accuracy,7,-0.5175648573461862,1.0351297146923724,0.5037037037037038,0.0026189140043945,0.0018518518518517,2,76.0,75,77,g1,post
g1post,LM,auditory_direction,time_resolved_trial_response,glm_clean,balanced_accuracy,8,-0.4528692501779129,1.0351297146923724,0.4787037037037037,0.0432120810725112,0.0305555555555555,2,76.0,75,77,g1,post
g1post,LM,auditory_direction,time_resolved_trial_response,glm_clean,balanced_accuracy,9,-0.3881736430096396,1.0351297146923724,0.4925925925925926,0.0209513120351569,0.0148148148148148,2,76.0,75,77,g1,post
g1post,LM,auditory_direction,time_resolved_trial_response,glm_clean,balanced_accuracy,10,-0.3234780358413663,1.0351297146923724,0.4898148148148148,0.0039283710065919,0.0027777777777777,2,76.0,75,77,g1,post
g1post,LM,auditory_direction,time_resolved_trial_response,glm_clean,balanced_accuracy,11,-0.2587824286730931,1.0351297146923724,0.5425925925925927,0.0130945700219731,0.0092592592592592,2,76.0,75,77,g1,post
g1post,LM,auditory_direction,time_resolved_trial_response,glm_clean,balanced_accuracy,12,-0.1940868215048198,1.0351297146923724,0.5287037037037037,0.0458309950769058,0.0324074074074074,2,76.0,75,77,g1,post
g1post,LM,auditory_direction,time_resolved_trial_response,glm_clean,balanced_accuracy,13,-0.1293912143365465,1.0351297146923724,0.5,0.020951312035157,0.0148148148148148,2,76.0,75,77,g1,post
g1post,LM,auditory_direction,time_resolved_trial_response,glm_clean,balanced_accuracy,14,-0.0646956071682732,1.0351297146923724,0.5157407407407407,0.0144040270241704,0.0101851851851851,2,76.0,75,77,g1,post
g1post,LM,auditory_direction,time_resolved_trial_response,glm_clean,balanced_accuracy,15,0.0,1.0351297146923724,0.5055555555555555,0.0052378280087892,0.0037037037037037,2,76.0,75,77,g1,post
g1post,LM,auditory_direction,time_resolved_trial_response,glm_clean,balanced_accuracy,16,0.0646956071682732,1.0351297146923724,0.5101851851851852,0.017022941028565,0.012037037037037,2,76.0,75,77,g1,post
g1post,LM,auditory_direction,time_resolved_trial_response,glm_clean,balanced_accuracy,17,0.1293912143365465,1.0351297146923724,0.5037037037037038,0.0392837100659192,0.0277777777777777,2,76.0,75,77,g1,post
g1post,LM,auditory_direction,time_resolved_trial_response,glm_clean,balanced_accuracy,18,0.1940868215048198,1.0351297146923724,0.4759259259259258,0.0104756560175784,0.0074074074074073,2,76.0,75,77,g1,post
g1post,LM,auditory_direction,time_resolved_trial_response,glm_clean,balanced_accuracy,19,0.2587824286730931,1.0351297146923724,0.5046296296296297,0.017022941028565,0.012037037037037,2,76.0,75,77,g1,post
g1post,LM,auditory_direction,time_resolved_trial_response,glm_clean,balanced_accuracy,20,0.3234780358413663,1.0351297146923724,0.4935185185185184,0.0144040270241704,0.0101851851851851,2,76.0,75,77,g1,post
g1post,LM,auditory_direction,time_resolved_trial_response,glm_clean,balanced_accuracy,21,0.3881736430096396,1.0351297146923724,0.475,0.0144040270241704,0.0101851851851852,2,76.0,75,77,g1,post
g1post,LM,auditory_direction,time_resolved_trial_response,glm_clean,balanced_accuracy,22,0.4528692501779129,1.0351297146923724,0.4916666666666667,0.0248796830417489,0.0175925925925926,2,76.0,75,77,g1,post
g1post,LM,auditory_direction,time_resolved_trial_response,glm_clean,balanced_accuracy,23,0.5175648573461862,1.0351297146923724,0.4907407407407407,0.0523782800878923,0.0370370370370369,2,76.0,75,77,g1,post
g1post,LM,auditory_direction,time_resolved_trial_response,glm_clean,balanced_accuracy,24,0.5822604645144595,1.0351297146923724,0.487037037037037,0.0209513120351569,0.0148148148148147,2,76.0,75,77,g1,post
g1post,LM,auditory_direction,time_resolved_trial_response,glm_clean,balanced_accuracy,25,0.6469560716827327,1.0351297146923724,0.4824074074074074,0.0091661990153811,0.0064814814814814,2,76.0,75,77,g1,post
g1post,LM,auditory_direction,time_resolved_trial_response,glm_clean,balanced_accuracy,26,0.711651678851006,1.0351297146923724,0.4712962962962963,0.0117851130197758,0.0083333333333333,2,76.0,75,77,g1,post
g1post,LM,auditory_direction,time_resolved_trial_response,glm_clean,balanced_accuracy,27,0.7763472860192793,1.0351297146923724,0.4916666666666667,0.0222607690373542,0.0157407407407407,2,76.0,75,77,g1,post
g1post,LM,auditory_direction,time_resolved_trial_response,glm_clean,balanced_accuracy,28,0.8410428931875525,1.0351297146923724,0.5037037037037037,0.0471404520791031,0.0333333333333333,2,76.0,75,77,g1,post
g1post,LM,auditory_direction,time_resolved_trial_response,glm_clean,balanced_accuracy,29,0.9057385003558258,1.0351297146923724,0.5157407407407408,0.0563066510944842,0.0398148148148147,2,76.0,75,77,g1,post
g1post,LM,auditory_direction,time_resolved_trial_response,glm_clean,balanced_accuracy,30,0.9704341075240992,1.0351297146923724,0.45,0.0,0.0,2,76.0,75,77,g1,post
g1post,LM,auditory_direction,time_resolved_trial_response,glm_clean,balanced_accuracy,31,1.0351297146923724,1.0351297146923724,0.4953703703703703,0.037974253063722,0.0268518518518518,2,76.0,75,77,g1,post
g1post,LM,auditory_direction,time_resolved_trial_response,glm_clean,balanced_accuracy,32,1.0998253218606455,1.0351297146923724,0.4981481481481481,0.0,0.0,2,76.0,75,77,g1,post
g1post,LM,auditory_direction,time_resolved_trial_response,glm_clean,balanced_accuracy,33,1.164520929028919,1.0351297146923724,0.4870370370370371,0.013094570021973,0.0092592592592592,2,76.0,75,77,g1,post
g1post,LM,auditory_direction,time_resolved_trial_response,glm_clean,balanced_accuracy,34,1.229216536197192,1.0351297146923724,0.487037037037037,0.013094570021973,0.0092592592592592,2,76.0,75,77,g1,post
g1post,LM,auditory_direction,time_resolved_trial_response,glm_clean,balanced_accuracy,35,1.2939121433654657,1.0351297146923724,0.4916666666666666,0.0353553390593273,0.0249999999999999,2,76.0,75,77,g1,post
g1post,LM,auditory_direction,time_resolved_trial_response,glm_clean,balanced_accuracy,36,1.3586077505337386,1.0351297146923724,0.4888888888888888,0.0549971940922871,0.0388888888888889,2,76.0,75,77,g1,post
g1post,LM,auditory_direction,time_resolved_trial_response,glm_clean,balanced_accuracy,37,1.423303357702012,1.0351297146923724,0.4685185185185185,0.013094570021973,0.0092592592592592,2,76.0,75,77,g1,post
g1post,LM,auditory_direction,time_resolved_trial_response,glm_clean,balanced_accuracy,38,1.4879989648702852,1.0351297146923724,0.4814814814814815,0.0130945700219731,0.0092592592592592,2,76.0,75,77,g1,post
g1post,LM,auditory_direction,time_resolved_trial_response,glm_clean,balanced_accuracy,39,1.5526945720385583,1.0351297146923724,0.5027777777777778,0.0248796830417488,0.0175925925925925,2,76.0,75,77,g1,post
g1post,LM,auditory_direction,time_resolved_trial_response,glm_clean,balanced_accuracy,40,1.6173901792068317,1.0351297146923724,0.4657407407407407,0.0065472850109865,0.0046296296296296,2,76.0,75,77,g1,post
g1post,LM,auditory_direction,time_resolved_trial_response,glm_clean,balanced_accuracy,41,1.682085786375105,1.0351297146923724,0.4879629629629629,0.0065472850109865,0.0046296296296296,2,76.0,75,77,g1,post
g1post,LM,auditory_direction,time_resolved_trial_response,glm_clean,balanced_accuracy,42,1.7467813935433782,1.0351297146923724,0.4555555555555556,0.0052378280087892,0.0037037037037036,2,76.0,75,77,g1,post
g1post,LM,auditory_direction,time_resolved_trial_response,glm_clean,balanced_accuracy,43,1.8114770007116516,1.0351297146923724,0.4694444444444444,0.0196418550329596,0.0138888888888889,2,76.0,75,77,g1,post
g1post,LM,auditory_direction,time_resolved_trial_response,glm_clean,balanced_accuracy,44,1.8761726078799248,1.0351297146923724,0.4425925925925925,0.0078567420131838,0.0055555555555555,2,76.0,75,77,g1,post
g1post,LM,auditory_direction,time_resolved_trial_response,glm_clean,balanced_accuracy,45,1.9408682150481984,1.0351297146923724,0.4333333333333333,7.850462293418876e-17,5.551115123125783e-17,2,76.0,75,77,g1,post
g1post,LM,auditory_direction,time_resolved_trial_response,glm_clean,balanced_accuracy,46,2.0055638222164713,1.0351297146923724,0.474074074074074,0.0104756560175784,0.0074074074074074,2,76.0,75,77,g1,post
g1post,LM,congruency,time_resolved_trial_response,glm_clean,balanced_accuracy,0,-0.9704341075240992,1.0351297146923724,0.5361111111111112,0.0039283710065919,0.0027777777777777,2,76.0,75,77,g1,post
g1post,LM,congruency,time_resolved_trial_response,glm_clean,balanced_accuracy,1,-0.9057385003558258,1.0351297146923724,0.5472222222222223,0.0235702260395515,0.0166666666666666,2,76.0,75,77,g1,post
g1post,LM,congruency,time_resolved_trial_response,glm_clean,balanced_accuracy,2,-0.8410428931875525,1.0351297146923724,0.5013888888888889,0.0216060405362555,0.0152777777777777,2,76.0,75,77,g1,post
g1post,LM,congruency,time_resolved_trial_response,glm_clean,balanced_accuracy,3,-0.7763472860192793,1.0351297146923724,0.5249999999999999,0.0117851130197757,0.0083333333333333,2,76.0,75,77,g1,post
g1post,LM,congruency,time_resolved_trial_response,glm_clean,balanced_accuracy,4,-0.711651678851006,1.0351297146923724,0.5402777777777779,0.0058925565098879,0.0041666666666666,2,76.0,75,77,g1,post
g1post,LM,congruency,time_resolved_trial_response,glm_clean,balanced_accuracy,5,-0.6469560716827327,1.0351297146923724,0.4805555555555555,0.0353553390593273,0.0249999999999999,2,76.0,75,77,g1,post
g1post,LM,congruency,time_resolved_trial_response,glm_clean,balanced_accuracy,6,-0.5822604645144595,1.0351297146923724,0.5152777777777777,0.0216060405362555,0.0152777777777777,2,76.0,75,77,g1,post
g1post,LM,congruency,time_resolved_trial_response,glm_clean,balanced_accuracy,7,-0.5175648573461862,1.0351297146923724,0.4416666666666667,0.0746390491252466,0.0527777777777777,2,76.0,75,77,g1,post
g1post,LM,congruency,time_resolved_trial_response,glm_clean,balanced_accuracy,8,-0.4528692501779129,1.0351297146923724,0.5138888888888888,0.0039283710065919,0.0027777777777777,2,76.0,75,77,g1,post
g1post,LM,congruency,time_resolved_trial_response,glm_clean,balanced_accuracy,9,-0.3881736430096396,1.0351297146923724,0.4736111111111111,0.0608897506021748,0.0430555555555555,2,76.0,75,77,g1,post
g1post,LM,congruency,time_resolved_trial_response,glm_clean,balanced_accuracy,10,-0.3234780358413663,1.0351297146923724,0.4722222222222222,0.0039283710065919,0.0027777777777777,2,76.0,75,77,g1,post
g1post,LM,congruency,time_resolved_trial_response,glm_clean,balanced_accuracy,11,-0.2587824286730931,1.0351297146923724,0.4986111111111111,0.0216060405362557,0.0152777777777778,2,76.0,75,77,g1,post
g1post,LM,congruency,time_resolved_trial_response,glm_clean,balanced_accuracy,12,-0.1940868215048198,1.0351297146923724,0.5013888888888889,0.0216060405362556,0.0152777777777778,2,76.0,75,77,g1,post
g1post,LM,congruency,time_resolved_trial_response,glm_clean,balanced_accuracy,13,-0.1293912143365465,1.0351297146923724,0.5041666666666667,0.0098209275164797,0.0069444444444444,2,76.0,75,77,g1,post
g1post,LM,congruency,time_resolved_trial_response,glm_clean,balanced_accuracy,14,-0.0646956071682732,1.0351297146923724,0.5166666666666667,0.0117851130197757,0.0083333333333333,2,76.0,75,77,g1,post
g1post,LM,congruency,time_resolved_trial_response,glm_clean,balanced_accuracy,15,0.0,1.0351297146923724,0.4875,0.0491046375823991,0.0347222222222222,2,76.0,75,77,g1,post
g1post,LM,congruency,time_resolved_trial_response,glm_clean,balanced_accuracy,16,0.0646956071682732,1.0351297146923724,0.513888888888889,0.0078567420131838,0.0055555555555555,2,76.0,75,77,g1,post
g1post,LM,congruency,time_resolved_trial_response,glm_clean,balanced_accuracy,17,0.1293912143365465,1.0351297146923724,0.525,0.0235702260395516,0.0166666666666667,2,76.0,75,77,g1,post
g1post,LM,congruency,time_resolved_trial_response,glm_clean,balanced_accuracy,18,0.1940868215048198,1.0351297146923724,0.513888888888889,0.0235702260395516,0.0166666666666667,2,76.0,75,77,g1,post
g1post,LM,congruency,time_resolved_trial_response,glm_clean,balanced_accuracy,19,0.2587824286730931,1.0351297146923724,0.4763888888888889,0.0176776695296637,0.0125,2,76.0,75,77,g1,post
g1post,LM,congruency,time_resolved_trial_response,glm_clean,balanced_accuracy,20,0.3234780358413663,1.0351297146923724,0.4583333333333332,0.0353553390593273,0.0249999999999999,2,76.0,75,77,g1,post
g1post,LM,congruency,time_resolved_trial_response,glm_clean,balanced_accuracy,21,0.3881736430096396,1.0351297146923724,0.4819444444444444,0.0058925565098879,0.0041666666666667,2,76.0,75,77,g1,post
g1post,LM,congruency,time_resolved_trial_response,glm_clean,balanced_accuracy,22,0.4528692501779129,1.0351297146923724,0.5097222222222222,0.0098209275164798,0.0069444444444444,2,76.0,75,77,g1,post
g1post,LM,congruency,time_resolved_trial_response,glm_clean,balanced_accuracy,23,0.5175648573461862,1.0351297146923724,0.5027777777777778,0.058925565098879,0.0416666666666667,2,76.0,75,77,g1,post
g1post,LM,congruency,time_resolved_trial_response,glm_clean,balanced_accuracy,24,0.5822604645144595,1.0351297146923724,0.4986111111111111,0.0923167186549103,0.0652777777777777,2,76.0,75,77,g1,post
g1post,LM,congruency,time_resolved_trial_response,glm_clean,balanced_accuracy,25,0.6469560716827327,1.0351297146923724,0.5069444444444444,0.0491046375823992,0.0347222222222222,2,76.0,75,77,g1,post
g1post,LM,congruency,time_resolved_trial_response,glm_clean,balanced_accuracy,26,0.711651678851006,1.0351297146923724,0.4902777777777777,0.0098209275164798,0.0069444444444444,2,76.0,75,77,g1,post
g1post,LM,congruency,time_resolved_trial_response,glm_clean,balanced_accuracy,27,0.7763472860192793,1.0351297146923724,0.448611111111111,0.0373195245626233,0.0263888888888888,2,76.0,75,77,g1,post
g1post,LM,congruency,time_resolved_trial_response,glm_clean,balanced_accuracy,28,0.8410428931875525,1.0351297146923724,0.5083333333333333,0.0274985970461435,0.0194444444444444,2,76.0,75,77,g1,post
g1post,LM,congruency,time_resolved_trial_response,glm_clean,balanced_accuracy,29,0.9057385003558258,1.0351297146923724,0.4666666666666666,0.0078567420131838,0.0055555555555555,2,76.0,75,77,g1,post
g1post,LM,congruency,time_resolved_trial_response,glm_clean,balanced_accuracy,30,0.9704341075240992,1.0351297146923724,0.4611111111111111,0.0078567420131838,0.0055555555555555,2,76.0,75,77,g1,post
g1post,LM,congruency,time_resolved_trial_response,glm_clean,balanced_accuracy,31,1.0351297146923724,1.0351297146923724,0.4791666666666667,0.0726748636219507,0.0513888888888889,2,76.0,75,77,g1,post
g1post,LM,congruency,time_resolved_trial_response,glm_clean,balanced_accuracy,32,1.0998253218606455,1.0351297146923724,0.4888888888888889,0.0392837100659193,0.0277777777777778,2,76.0,75,77,g1,post
g1post,LM,congruency,time_resolved_trial_response,glm_clean,balanced_accuracy,33,1.164520929028919,1.0351297146923724,0.4958333333333333,0.0294627825494395,0.0208333333333333,2,76.0,75,77,g1,post
g1post,LM,congruency,time_resolved_trial_response,glm_clean,balanced_accuracy,34,1.229216536197192,1.0351297146923724,0.4819444444444444,0.0451762665758071,0.0319444444444444,2,76.0,75,77,g1,post
g1post,LM,congruency,time_resolved_trial_response,glm_clean,balanced_accuracy,35,1.2939121433654657,1.0351297146923724,0.4791666666666667,0.0255344115428476,0.0180555555555556,2,76.0,75,77,g1,post
g1post,LM,congruency,time_resolved_trial_response,glm_clean,balanced_accuracy,36,1.3586077505337386,1.0351297146923724,0.4972222222222222,0.0196418550329597,0.0138888888888889,2,76.0,75,77,g1,post
g1post,LM,congruency,time_resolved_trial_response,glm_clean,balanced_accuracy,37,1.423303357702012,1.0351297146923724,0.4777777777777777,0.0235702260395515,0.0166666666666666,2,76.0,75,77,g1,post
g1post,LM,congruency,time_resolved_trial_response,glm_clean,balanced_accuracy,38,1.4879989648702852,1.0351297146923724,0.4527777777777778,0.0353553390593273,0.025,2,76.0,75,77,g1,post
g1post,LM,congruency,time_resolved_trial_response,glm_clean,balanced_accuracy,39,1.5526945720385583,1.0351297146923724,0.5277777777777778,0.0353553390593274,0.025,2,76.0,75,77,g1,post
g1post,LM,congruency,time_resolved_trial_response,glm_clean,balanced_accuracy,40,1.6173901792068317,1.0351297146923724,0.4791666666666666,0.0373195245626233,0.0263888888888888,2,76.0,75,77,g1,post
g1post,LM,congruency,time_resolved_trial_response,glm_clean,balanced_accuracy,41,1.682085786375105,1.0351297146923724,0.5458333333333334,0.0137492985230717,0.0097222222222221,2,76.0,75,77,g1,post
g1post,LM,congruency,time_resolved_trial_response,glm_clean,balanced_accuracy,42,1.7467813935433782,1.0351297146923724,0.4861111111111111,0.0235702260395515,0.0166666666666666,2,76.0,75,77,g1,post
g1post,LM,congruency,time_resolved_trial_response,glm_clean,balanced_accuracy,43,1.8114770007116516,1.0351297146923724,0.4597222222222222,0.0176776695296636,0.0124999999999999,2,76.0,75,77,g1,post
g1post,LM,congruency,time_resolved_trial_response,glm_clean,balanced_accuracy,44,1.8761726078799248,1.0351297146923724,0.4930555555555555,0.0255344115428475,0.0180555555555555,2,76.0,75,77,g1,post
g1post,LM,congruency,time_resolved_trial_response,glm_clean,balanced_accuracy,45,1.9408682150481984,1.0351297146923724,0.4722222222222222,0.0235702260395515,0.0166666666666666,2,76.0,75,77,g1,post
g1post,LM,congruency,time_resolved_trial_response,glm_clean,balanced_accuracy,46,2.0055638222164713,1.0351297146923724,0.4916666666666667,0.054997194092287,0.0388888888888888,2,76.0,75,77,g1,post
g1post,LM,modality,time_resolved_trial_response,glm_clean,balanced_accuracy,0,-0.9704341075240992,1.0351297146923724,0.3305555555555556,0.0013094570021972,0.0009259259259258,2,76.0,75,77,g1,post
g1post,LM,modality,time_resolved_trial_response,glm_clean,balanced_accuracy,1,-0.9057385003558258,1.0351297146923724,0.3259259259259259,0.0052378280087891,0.0037037037037036,2,76.0,75,77,g1,post
g1post,LM,modality,time_resolved_trial_response,glm_clean,balanced_accuracy,2,-0.8410428931875525,1.0351297146923724,0.3212962962962963,0.0013094570021973,0.0009259259259259,2,76.0,75,77,g1,post
g1post,LM,modality,time_resolved_trial_response,glm_clean,balanced_accuracy,3,-0.7763472860192793,1.0351297146923724,0.3388888888888889,0.0183323980307623,0.0129629629629629,2,76.0,75,77,g1,post
g1post,LM,modality,time_resolved_trial_response,glm_clean,balanced_accuracy,4,-0.711651678851006,1.0351297146923724,0.3458333333333333,0.0255344115428475,0.0180555555555555,2,76.0,75,77,g1,post
g1post,LM,modality,time_resolved_trial_response,glm_clean,balanced_accuracy,5,-0.6469560716827327,1.0351297146923724,0.3,0.0052378280087891,0.0037037037037036,2,76.0,75,77,g1,post
g1post,LM,modality,time_resolved_trial_response,glm_clean,balanced_accuracy,6,-0.5822604645144595,1.0351297146923724,0.3296296296296296,0.0222607690373542,0.0157407407407407,2,76.0,75,77,g1,post
g1post,LM,modality,time_resolved_trial_response,glm_clean,balanced_accuracy,7,-0.5175648573461862,1.0351297146923724,0.3342592592592592,0.0091661990153811,0.0064814814814814,2,76.0,75,77,g1,post
g1post,LM,modality,time_resolved_trial_response,glm_clean,balanced_accuracy,8,-0.4528692501779129,1.0351297146923724,0.350462962962963,0.0006547285010986,0.0004629629629629,2,76.0,75,77,g1,post
g1post,LM,modality,time_resolved_trial_response,glm_clean,balanced_accuracy,9,-0.3881736430096396,1.0351297146923724,0.3319444444444444,0.0006547285010986,0.0004629629629629,2,76.0,75,77,g1,post
g1post,LM,modality,time_resolved_trial_response,glm_clean,balanced_accuracy,10,-0.3234780358413663,1.0351297146923724,0.3342592592592592,0.0235702260395515,0.0166666666666666,2,76.0,75,77,g1,post
g1post,LM,modality,time_resolved_trial_response,glm_clean,balanced_accuracy,11,-0.2587824286730931,1.0351297146923724,0.3222222222222222,0.0196418550329596,0.0138888888888888,2,76.0,75,77,g1,post
g1post,LM,modality,time_resolved_trial_response,glm_clean,balanced_accuracy,12,-0.1940868215048198,1.0351297146923724,0.3393518518518518,0.0006547285010987,0.0004629629629629,2,76.0,75,77,g1,post
g1post,LM,modality,time_resolved_trial_response,glm_clean,balanced_accuracy,13,-0.1293912143365465,1.0351297146923724,0.3425925925925926,0.017022941028565,0.012037037037037,2,76.0,75,77,g1,post
g1post,LM,modality,time_resolved_trial_response,glm_clean,balanced_accuracy,14,-0.0646956071682732,1.0351297146923724,0.3263888888888888,0.0281533255472421,0.0199074074074074,2,76.0,75,77,g1,post
g1post,LM,modality,time_resolved_trial_response,glm_clean,balanced_accuracy,15,0.0,1.0351297146923724,0.3287037037037037,0.0052378280087891,0.0037037037037036,2,76.0,75,77,g1,post
g1post,LM,modality,time_resolved_trial_response,glm_clean,balanced_accuracy,16,0.0646956071682732,1.0351297146923724,0.3203703703703704,0.0,0.0,2,76.0,75,77,g1,post
g1post,LM,modality,time_resolved_trial_response,glm_clean,balanced_accuracy,17,0.1293912143365465,1.0351297146923724,0.3263888888888888,0.0176776695296637,0.0125,2,76.0,75,77,g1,post
g1post,LM,modality,time_resolved_trial_response,glm_clean,balanced_accuracy,18,0.1940868215048198,1.0351297146923724,0.4115740740740741,0.0124398415208744,0.0087962962962963,2,76.0,75,77,g1,post
g1post,LM,modality,time_resolved_trial_response,glm_clean,balanced_accuracy,19,0.2587824286730931,1.0351297146923724,0.6546296296296296,0.0065472850109865,0.0046296296296296,2,76.0,75,77,g1,post
g1post,LM,modality,time_resolved_trial_response,glm_clean,balanced_accuracy,20,0.3234780358413663,1.0351297146923724,0.6537037037037037,0.0091661990153812,0.0064814814814815,2,76.0,75,77,g1,post
g1post,LM,modality,time_resolved_trial_response,glm_clean,balanced_accuracy,21,0.3881736430096396,1.0351297146923724,0.6680555555555554,0.0032736425054933,0.0023148148148148,2,76.0,75,77,g1,post
g1post,LM,modality,time_resolved_trial_response,glm_clean,balanced_accuracy,22,0.4528692501779129,1.0351297146923724,0.6976851851851851,0.0111303845186771,0.0078703703703703,2,76.0,75,77,g1,post
g1post,LM,modality,time_resolved_trial_response,glm_clean,balanced_accuracy,23,0.5175648573461862,1.0351297146923724,0.6981481481481482,0.0078567420131838,0.0055555555555555,2,76.0,75,77,g1,post
g1post,LM,modality,time_resolved_trial_response,glm_clean,balanced_accuracy,24,0.5822604645144595,1.0351297146923724,0.7074074074074075,0.013094570021973,0.0092592592592592,2,76.0,75,77,g1,post
g1post,LM,modality,time_resolved_trial_response,glm_clean,balanced_accuracy,25,0.6469560716827327,1.0351297146923724,0.7273148148148147,0.0504140945845964,0.0356481481481481,2,76.0,75,77,g1,post
g1post,LM,modality,time_resolved_trial_response,glm_clean,balanced_accuracy,26,0.711651678851006,1.0351297146923724,0.7268518518518519,0.0288080540483408,0.0203703703703703,2,76.0,75,77,g1,post
g1post,LM,modality,time_resolved_trial_response,glm_clean,balanced_accuracy,27,0.7763472860192793,1.0351297146923724,0.7060185185185186,0.0006547285010986,0.0004629629629629,2,76.0,75,77,g1,post
g1post,LM,modality,time_resolved_trial_response,glm_clean,balanced_accuracy,28,0.8410428931875525,1.0351297146923724,0.7203703703703703,0.0196418550329597,0.0138888888888889,2,76.0,75,77,g1,post
g1post,LM,modality,time_resolved_trial_response,glm_clean,balanced_accuracy,29,0.9057385003558258,1.0351297146923724,0.7101851851851853,0.0183323980307623,0.0129629629629629,2,76.0,75,77,g1,post
g1post,LM,modality,time_resolved_trial_response,glm_clean,balanced_accuracy,30,0.9704341075240992,1.0351297146923724,0.7240740740740741,0.0274985970461434,0.0194444444444443,2,76.0,75,77,g1,post
g1post,LM,modality,time_resolved_trial_response,glm_clean,balanced_accuracy,31,1.0351297146923724,1.0351297146923724,0.7157407407407408,0.0274985970461434,0.0194444444444443,2,76.0,75,77,g1,post
g1post,LM,modality,time_resolved_trial_response,glm_clean,balanced_accuracy,32,1.0998253218606455,1.0351297146923724,0.7152777777777777,0.001964185503296,0.0013888888888889,2,76.0,75,77,g1,post
g1post,LM,modality,time_resolved_trial_response,glm_clean,balanced_accuracy,33,1.164520929028919,1.0351297146923724,0.7180555555555554,0.0216060405362555,0.0152777777777777,2,76.0,75,77,g1,post
g1post,LM,modality,time_resolved_trial_response,glm_clean,balanced_accuracy,34,1.229216536197192,1.0351297146923724,0.699537037037037,0.0124398415208744,0.0087962962962963,2,76.0,75,77,g1,post
g1post,LM,modality,time_resolved_trial_response,glm_clean,balanced_accuracy,35,1.2939121433654657,1.0351297146923724,0.6870370370370371,0.020951312035157,0.0148148148148148,2,76.0,75,77,g1,post
g1post,LM,modality,time_resolved_trial_response,glm_clean,balanced_accuracy,36,1.3586077505337386,1.0351297146923724,0.6962962962962963,0.017022941028565,0.012037037037037,2,76.0,75,77,g1,post
g1post,LM,modality,time_resolved_trial_response,glm_clean,balanced_accuracy,37,1.423303357702012,1.0351297146923724,0.7027777777777777,0.0039283710065918,0.0027777777777777,2,76.0,75,77,g1,post
g1post,LM,modality,time_resolved_trial_response,glm_clean,balanced_accuracy,38,1.4879989648702852,1.0351297146923724,0.6962962962962963,0.0,0.0,2,76.0,75,77,g1,post
g1post,LM,modality,time_resolved_trial_response,glm_clean,balanced_accuracy,39,1.5526945720385583,1.0351297146923724,0.7157407407407408,0.0340458820571299,0.024074074074074,2,76.0,75,77,g1,post
g1post,LM,modality,time_resolved_trial_response,glm_clean,balanced_accuracy,40,1.6173901792068317,1.0351297146923724,0.7013888888888888,0.0072020135120851,0.0050925925925925,2,76.0,75,77,g1,post
g1post,LM,modality,time_resolved_trial_response,glm_clean,balanced_accuracy,41,1.682085786375105,1.0351297146923724,0.675,0.0248796830417488,0.0175925925925925,2,76.0,75,77,g1,post
g1post,LM,modality,time_resolved_trial_response,glm_clean,balanced_accuracy,42,1.7467813935433782,1.0351297146923724,0.6745370370370372,0.0045830995076905,0.0032407407407407,2,76.0,75,77,g1,post
g1post,LM,modality,time_resolved_trial_response,glm_clean,balanced_accuracy,43,1.8114770007116516,1.0351297146923724,0.6708333333333333,0.0032736425054933,0.0023148148148148,2,76.0,75,77,g1,post
g1post,LM,modality,time_resolved_trial_response,glm_clean,balanced_accuracy,44,1.8761726078799248,1.0351297146923724,0.6870370370370371,0.0196418550329597,0.0138888888888889,2,76.0,75,77,g1,post
g1post,LM,modality,time_resolved_trial_response,glm_clean,balanced_accuracy,45,1.9408682150481984,1.0351297146923724,0.6824074074074074,0.0405931670681165,0.0287037037037036,2,76.0,75,77,g1,post
g1post,LM,modality,time_resolved_trial_response,glm_clean,balanced_accuracy,46,2.0055638222164713,1.0351297146923724,0.6597222222222221,0.018987126531861,0.0134259259259259,2,76.0,75,77,g1,post
g1post,LM,trial_type,time_resolved_trial_response,glm_clean,balanced_accuracy,0,-0.9704341075240992,1.0351297146923724,0.1229166666666666,0.0009820927516479,0.0006944444444444,2,76.0,75,77,g1,post
g1post,LM,trial_type,time_resolved_trial_response,glm_clean,balanced_accuracy,1,-0.9057385003558258,1.0351297146923724,0.1243055555555555,0.0049104637582399,0.0034722222222222,2,76.0,75,77,g1,post
g1post,LM,trial_type,time_resolved_trial_response,glm_clean,balanced_accuracy,2,-0.8410428931875525,1.0351297146923724,0.1416666666666666,0.0137492985230717,0.0097222222222222,2,76.0,75,77,g1,post
g1post,LM,trial_type,time_resolved_trial_response,glm_clean,balanced_accuracy,3,-0.7763472860192793,1.0351297146923724,0.1076388888888889,0.0029462782549439,0.0020833333333333,2,76.0,75,77,g1,post
g1post,LM,trial_type,time_resolved_trial_response,glm_clean,balanced_accuracy,4,-0.711651678851006,1.0351297146923724,0.1326388888888889,0.0029462782549439,0.0020833333333333,2,76.0,75,77,g1,post
g1post,LM,trial_type,time_resolved_trial_response,glm_clean,balanced_accuracy,5,-0.6469560716827327,1.0351297146923724,0.11875,0.0245523187911995,0.0173611111111111,2,76.0,75,77,g1,post
g1post,LM,trial_type,time_resolved_trial_response,glm_clean,balanced_accuracy,6,-0.5822604645144595,1.0351297146923724,0.1277777777777777,0.0098209275164798,0.0069444444444444,2,76.0,75,77,g1,post
g1post,LM,trial_type,time_resolved_trial_response,glm_clean,balanced_accuracy,7,-0.5175648573461862,1.0351297146923724,0.1159722222222222,0.0009820927516479,0.0006944444444444,2,76.0,75,77,g1,post
g1post,LM,trial_type,time_resolved_trial_response,glm_clean,balanced_accuracy,8,-0.4528692501779129,1.0351297146923724,0.1194444444444444,0.0039283710065919,0.0027777777777777,2,76.0,75,77,g1,post
g1post,LM,trial_type,time_resolved_trial_response,glm_clean,balanced_accuracy,9,-0.3881736430096396,1.0351297146923724,0.1055555555555555,0.0098209275164798,0.0069444444444444,2,76.0,75,77,g1,post
g1post,LM,trial_type,time_resolved_trial_response,glm_clean,balanced_accuracy,10,-0.3234780358413663,1.0351297146923724,0.1159722222222222,0.0009820927516479,0.0006944444444444,2,76.0,75,77,g1,post
g1post,LM,trial_type,time_resolved_trial_response,glm_clean,balanced_accuracy,11,-0.2587824286730931,1.0351297146923724,0.1354166666666666,0.0068746492615358,0.0048611111111111,2,76.0,75,77,g1,post
g1post,LM,trial_type,time_resolved_trial_response,glm_clean,balanced_accuracy,12,-0.1940868215048198,1.0351297146923724,0.13125,0.0068746492615358,0.0048611111111111,2,76.0,75,77,g1,post
g1post,LM,trial_type,time_resolved_trial_response,glm_clean,balanced_accuracy,13,-0.1293912143365465,1.0351297146923724,0.1291666666666666,0.0058925565098878,0.0041666666666666,2,76.0,75,77,g1,post
g1post,LM,trial_type,time_resolved_trial_response,glm_clean,balanced_accuracy,14,-0.0646956071682732,1.0351297146923724,0.11875,0.000982092751648,0.0006944444444444,2,76.0,75,77,g1,post
g1post,LM,trial_type,time_resolved_trial_response,glm_clean,balanced_accuracy,15,0.0,1.0351297146923724,0.1222222222222222,0.0039283710065919,0.0027777777777777,2,76.0,75,77,g1,post
g1post,LM,trial_type,time_resolved_trial_response,glm_clean,balanced_accuracy,16,0.0646956071682732,1.0351297146923724,0.1201388888888888,0.0186597622813116,0.0131944444444444,2,76.0,75,77,g1,post
g1post,LM,trial_type,time_resolved_trial_response,glm_clean,balanced_accuracy,17,0.1293912143365465,1.0351297146923724,0.13125,0.0147313912747197,0.0104166666666666,2,76.0,75,77,g1,post
g1post,LM,trial_type,time_resolved_trial_response,glm_clean,balanced_accuracy,18,0.1940868215048198,1.0351297146923724,0.1486111111111111,0.0019641855032959,0.0013888888888888,2,76.0,75,77,g1,post
g1post,LM,trial_type,time_resolved_trial_response,glm_clean,balanced_accuracy,19,0.2587824286730931,1.0351297146923724,0.24375,0.0166955767780157,0.0118055555555555,2,76.0,75,77,g1,post
g1post,LM,trial_type,time_resolved_trial_response,glm_clean,balanced_accuracy,20,0.3234780358413663,1.0351297146923724,0.2499999999999999,0.0196418550329596,0.0138888888888888,2,76.0,75,77,g1,post
g1post,LM,trial_type,time_resolved_trial_response,glm_clean,balanced_accuracy,21,0.3881736430096396,1.0351297146923724,0.3104166666666667,0.0186597622813116,0.0131944444444443,2,76.0,75,77,g1,post
g1post,LM,trial_type,time_resolved_trial_response,glm_clean,balanced_accuracy,22,0.4528692501779129,1.0351297146923724,0.3347222222222222,0.0392837100659192,0.0277777777777777,2,76.0,75,77,g1,post
g1post,LM,trial_type,time_resolved_trial_response,glm_clean,balanced_accuracy,23,0.5175648573461862,1.0351297146923724,0.3513888888888888,0.0058925565098879,0.0041666666666666,2,76.0,75,77,g1,post
g1post,LM,trial_type,time_resolved_trial_response,glm_clean,balanced_accuracy,24,0.5822604645144595,1.0351297146923724,0.4055555555555555,0.0255344115428474,0.0180555555555555,2,76.0,75,77,g1,post
g1post,LM,trial_type,time_resolved_trial_response,glm_clean,balanced_accuracy,25,0.6469560716827327,1.0351297146923724,0.3756944444444444,0.0304448753010875,0.0215277777777778,2,76.0,75,77,g1,post
g1post,LM,trial_type,time_resolved_trial_response,glm_clean,balanced_accuracy,26,0.711651678851006,1.0351297146923724,0.3868055555555556,0.0127672057714237,0.0090277777777777,2,76.0,75,77,g1,post
g1post,LM,trial_type,time_resolved_trial_response,glm_clean,balanced_accuracy,27,0.7763472860192793,1.0351297146923724,0.3631944444444444,0.0343732463076793,0.0243055555555555,2,76.0,75,77,g1,post
g1post,LM,trial_type,time_resolved_trial_response,glm_clean,balanced_accuracy,28,0.8410428931875525,1.0351297146923724,0.3840277777777777,0.0068746492615358,0.0048611111111111,2,76.0,75,77,g1,post
g1post,LM,trial_type,time_resolved_trial_response,glm_clean,balanced_accuracy,29,0.9057385003558258,1.0351297146923724,0.3791666666666666,0.0196418550329597,0.0138888888888889,2,76.0,75,77,g1,post
g1post,LM,trial_type,time_resolved_trial_response,glm_clean,balanced_accuracy,30,0.9704341075240992,1.0351297146923724,0.4152777777777777,0.0117851130197757,0.0083333333333333,2,76.0,75,77,g1,post
g1post,LM,trial_type,time_resolved_trial_response,glm_clean,balanced_accuracy,31,1.0351297146923724,1.0351297146923724,0.4013888888888889,0.0019641855032959,0.0013888888888888,2,76.0,75,77,g1,post
g1post,LM,trial_type,time_resolved_trial_response,glm_clean,balanced_accuracy,32,1.0998253218606455,1.0351297146923724,0.3909722222222222,0.0068746492615358,0.004861111111111,2,76.0,75,77,g1,post
g1post,LM,trial_type,time_resolved_trial_response,glm_clean,balanced_accuracy,33,1.164520929028919,1.0351297146923724,0.3777777777777777,0.0648181216087667,0.0458333333333332,2,76.0,75,77,g1,post
g1post,LM,trial_type,time_resolved_trial_response,glm_clean,balanced_accuracy,34,1.229216536197192,1.0351297146923724,0.3840277777777777,0.0029462782549439,0.0020833333333333,2,76.0,75,77,g1,post
g1post,LM,trial_type,time_resolved_trial_response,glm_clean,balanced_accuracy,35,1.2939121433654657,1.0351297146923724,0.3958333333333333,0.0098209275164798,0.0069444444444444,2,76.0,75,77,g1,post
g1post,LM,trial_type,time_resolved_trial_response,glm_clean,balanced_accuracy,36,1.3586077505337386,1.0351297146923724,0.3527777777777777,0.0019641855032959,0.0013888888888888,2,76.0,75,77,g1,post
g1post,LM,trial_type,time_resolved_trial_response,glm_clean,balanced_accuracy,37,1.423303357702012,1.0351297146923724,0.3597222222222222,0.0117851130197758,0.0083333333333333,2,76.0,75,77,g1,post
g1post,LM,trial_type,time_resolved_trial_response,glm_clean,balanced_accuracy,38,1.4879989648702852,1.0351297146923724,0.34375,0.0127672057714237,0.0090277777777777,2,76.0,75,77,g1,post
g1post,LM,trial_type,time_resolved_trial_response,glm_clean,balanced_accuracy,39,1.5526945720385583,1.0351297146923724,0.3951388888888889,0.0108030202681278,0.0076388888888889,2,76.0,75,77,g1,post
g1post,LM,trial_type,time_resolved_trial_response,glm_clean,balanced_accuracy,40,1.6173901792068317,1.0351297146923724,0.3402777777777778,0.0117851130197758,0.0083333333333333,2,76.0,75,77,g1,post
g1post,LM,trial_type,time_resolved_trial_response,glm_clean,balanced_accuracy,41,1.682085786375105,1.0351297146923724,0.3381944444444444,0.0108030202681277,0.0076388888888888,2,76.0,75,77,g1,post
g1post,LM,trial_type,time_resolved_trial_response,glm_clean,balanced_accuracy,42,1.7467813935433782,1.0351297146923724,0.3340277777777777,0.0245523187911995,0.0173611111111111,2,76.0,75,77,g1,post
g1post,LM,trial_type,time_resolved_trial_response,glm_clean,balanced_accuracy,43,1.8114770007116516,1.0351297146923724,0.3270833333333333,0.0147313912747197,0.0104166666666666,2,76.0,75,77,g1,post
g1post,LM,trial_type,time_resolved_trial_response,glm_clean,balanced_accuracy,44,1.8761726078799248,1.0351297146923724,0.3416666666666667,0.0078567420131838,0.0055555555555555,2,76.0,75,77,g1,post
g1post,LM,trial_type,time_resolved_trial_response,glm_clean,balanced_accuracy,45,1.9408682150481984,1.0351297146923724,0.3423611111111111,0.0127672057714237,0.0090277777777777,2,76.0,75,77,g1,post
g1post,LM,trial_type,time_resolved_trial_response,glm_clean,balanced_accuracy,46,2.0055638222164713,1.0351297146923724,0.3541666666666666,0.0019641855032959,0.0013888888888888,2,76.0,75,77,g1,post
g1post,LM,visual_direction,time_resolved_trial_response,glm_clean,balanced_accuracy,0,-0.9704341075240992,1.0351297146923724,0.4925925925925926,0.0340458820571301,0.0240740740740741,2,76.0,75,77,g1,post
g1post,LM,visual_direction,time_resolved_trial_response,glm_clean,balanced_accuracy,1,-0.9057385003558258,1.0351297146923724,0.5,0.0130945700219731,0.0092592592592592,2,76.0,75,77,g1,post
g1post,LM,visual_direction,time_resolved_trial_response,glm_clean,balanced_accuracy,2,-0.8410428931875525,1.0351297146923724,0.5157407407407407,0.0117851130197757,0.0083333333333333,2,76.0,75,77,g1,post
g1post,LM,visual_direction,time_resolved_trial_response,glm_clean,balanced_accuracy,3,-0.7763472860192793,1.0351297146923724,0.5,0.0052378280087891,0.0037037037037036,2,76.0,75,77,g1,post
g1post,LM,visual_direction,time_resolved_trial_response,glm_clean,balanced_accuracy,4,-0.711651678851006,1.0351297146923724,0.5138888888888888,0.0170229410285649,0.0120370370370369,2,76.0,75,77,g1,post
g1post,LM,visual_direction,time_resolved_trial_response,glm_clean,balanced_accuracy,5,-0.6469560716827327,1.0351297146923724,0.5027777777777778,0.0091661990153812,0.0064814814814815,2,76.0,75,77,g1,post
g1post,LM,visual_direction,time_resolved_trial_response,glm_clean,balanced_accuracy,6,-0.5822604645144595,1.0351297146923724,0.5074074074074073,0.0340458820571301,0.0240740740740741,2,76.0,75,77,g1,post
g1post,LM,visual_direction,time_resolved_trial_response,glm_clean,balanced_accuracy,7,-0.5175648573461862,1.0351297146923724,0.4879629629629629,0.0144040270241704,0.0101851851851851,2,76.0,75,77,g1,post
g1post,LM,visual_direction,time_resolved_trial_response,glm_clean,balanced_accuracy,8,-0.4528692501779129,1.0351297146923724,0.4777777777777777,0.0,0.0,2,76.0,75,77,g1,post
g1post,LM,visual_direction,time_resolved_trial_response,glm_clean,balanced_accuracy,9,-0.3881736430096396,1.0351297146923724,0.5203703703703704,0.03404588205713,0.024074074074074,2,76.0,75,77,g1,post
g1post,LM,visual_direction,time_resolved_trial_response,glm_clean,balanced_accuracy,10,-0.3234780358413663,1.0351297146923724,0.4657407407407408,0.0432120810725112,0.0305555555555555,2,76.0,75,77,g1,post
g1post,LM,visual_direction,time_resolved_trial_response,glm_clean,balanced_accuracy,11,-0.2587824286730931,1.0351297146923724,0.5,0.0340458820571299,0.024074074074074,2,76.0,75,77,g1,post
g1post,LM,visual_direction,time_resolved_trial_response,glm_clean,balanced_accuracy,12,-0.1940868215048198,1.0351297146923724,0.5083333333333333,0.0013094570021972,0.0009259259259258,2,76.0,75,77,g1,post
g1post,LM,visual_direction,time_resolved_trial_response,glm_clean,balanced_accuracy,13,-0.1293912143365465,1.0351297146923724,0.5129629629629631,0.0052378280087892,0.0037037037037037,2,76.0,75,77,g1,post
g1post,LM,visual_direction,time_resolved_trial_response,glm_clean,balanced_accuracy,14,-0.0646956071682732,1.0351297146923724,0.5314814814814814,0.0078567420131839,0.0055555555555556,2,76.0,75,77,g1,post
g1post,LM,visual_direction,time_resolved_trial_response,glm_clean,balanced_accuracy,15,0.0,1.0351297146923724,0.4907407407407407,0.0078567420131837,0.0055555555555554,2,76.0,75,77,g1,post
g1post,LM,visual_direction,time_resolved_trial_response,glm_clean,balanced_accuracy,16,0.0646956071682732,1.0351297146923724,0.5064814814814815,0.0065472850109865,0.0046296296296296,2,76.0,75,77,g1,post
g1post,LM,visual_direction,time_resolved_trial_response,glm_clean,balanced_accuracy,17,0.1293912143365465,1.0351297146923724,0.5111111111111111,0.0549971940922871,0.0388888888888889,2,76.0,75,77,g1,post
g1post,LM,visual_direction,time_resolved_trial_response,glm_clean,balanced_accuracy,18,0.1940868215048198,1.0351297146923724,0.5055555555555555,0.0576161080966816,0.0407407407407407,2,76.0,75,77,g1,post
g1post,LM,visual_direction,time_resolved_trial_response,glm_clean,balanced_accuracy,19,0.2587824286730931,1.0351297146923724,0.5453703703703704,0.0746390491252465,0.0527777777777777,2,76.0,75,77,g1,post
g1post,LM,visual_direction,time_resolved_trial_response,glm_clean,balanced_accuracy,20,0.3234780358413663,1.0351297146923724,0.6277777777777778,0.0523782800878924,0.037037037037037,2,76.0,75,77,g1,post
g1post,LM,visual_direction,time_resolved_trial_response,glm_clean,balanced_accuracy,21,0.3881736430096396,1.0351297146923724,0.7361111111111112,0.0720201351208519,0.0509259259259258,2,76.0,75,77,g1,post
g1post,LM,visual_direction,time_resolved_trial_response,glm_clean,balanced_accuracy,22,0.4528692501779129,1.0351297146923724,0.8324074074074075,0.0301175110505382,0.0212962962962963,2,76.0,75,77,g1,post
g1post,LM,visual_direction,time_resolved_trial_response,glm_clean,balanced_accuracy,23,0.5175648573461862,1.0351297146923724,0.8824074074074073,0.0013094570021974,0.000925925925926,2,76.0,75,77,g1,post
g1post,LM,visual_direction,time_resolved_trial_response,glm_clean,balanced_accuracy,24,0.5822604645144595,1.0351297146923724,0.9166666666666669,0.0419026240703139,0.0296296296296296,2,76.0,75,77,g1,post
g1post,LM,visual_direction,time_resolved_trial_response,glm_clean,balanced_accuracy,25,0.6469560716827327,1.0351297146923724,0.9324074074074076,0.0615444791032735,0.0435185185185185,2,76.0,75,77,g1,post
g1post,LM,visual_direction,time_resolved_trial_response,glm_clean,balanced_accuracy,26,0.711651678851006,1.0351297146923724,0.9222222222222224,0.0654728501098654,0.0462962962962962,2,76.0,75,77,g1,post
g1post,LM,visual_direction,time_resolved_trial_response,glm_clean,balanced_accuracy,27,0.7763472860192793,1.0351297146923724,0.912962962962963,0.0890430761494172,0.062962962962963,2,76.0,75,77,g1,post
g1post,LM,visual_direction,time_resolved_trial_response,glm_clean,balanced_accuracy,28,0.8410428931875525,1.0351297146923724,0.9083333333333332,0.0694012211164574,0.049074074074074,2,76.0,75,77,g1,post
g1post,LM,visual_direction,time_resolved_trial_response,glm_clean,balanced_accuracy,29,0.9057385003558258,1.0351297146923724,0.9222222222222224,0.0340458820571301,0.0240740740740741,2,76.0,75,77,g1,post
g1post,LM,visual_direction,time_resolved_trial_response,glm_clean,balanced_accuracy,30,0.9704341075240992,1.0351297146923724,0.9166666666666666,0.0183323980307623,0.0129629629629629,2,76.0,75,77,g1,post
g1post,LM,visual_direction,time_resolved_trial_response,glm_clean,balanced_accuracy,31,1.0351297146923724,1.0351297146923724,0.9268518518518518,0.0144040270241704,0.0101851851851851,2,76.0,75,77,g1,post
g1post,LM,visual_direction,time_resolved_trial_response,glm_clean,balanced_accuracy,32,1.0998253218606455,1.0351297146923724,0.9277777777777778,0.0157134840263677,0.0111111111111111,2,76.0,75,77,g1,post
g1post,LM,visual_direction,time_resolved_trial_response,glm_clean,balanced_accuracy,33,1.164520929028919,1.0351297146923724,0.9314814814814816,0.0261891400439461,0.0185185185185184,2,76.0,75,77,g1,post
g1post,LM,visual_direction,time_resolved_trial_response,glm_clean,balanced_accuracy,34,1.229216536197192,1.0351297146923724,0.925925925925926,0.0157134840263676,0.011111111111111,2,76.0,75,77,g1,post
g1post,LM,visual_direction,time_resolved_trial_response,glm_clean,balanced_accuracy,35,1.2939121433654657,1.0351297146923724,0.9157407407407406,0.0301175110505382,0.0212962962962963,2,76.0,75,77,g1,post
g1post,LM,visual_direction,time_resolved_trial_response,glm_clean,balanced_accuracy,36,1.3586077505337386,1.0351297146923724,0.9111111111111112,0.0261891400439461,0.0185185185185184,2,76.0,75,77,g1,post
g1post,LM,visual_direction,time_resolved_trial_response,glm_clean,balanced_accuracy,37,1.423303357702012,1.0351297146923724,0.9046296296296296,0.0327364250549326,0.023148148148148,2,76.0,75,77,g1,post
g1post,LM,visual_direction,time_resolved_trial_response,glm_clean,balanced_accuracy,38,1.4879989648702852,1.0351297146923724,0.8944444444444446,0.013094570021973,0.0092592592592592,2,76.0,75,77,g1,post
g1post,LM,visual_direction,time_resolved_trial_response,glm_clean,balanced_accuracy,39,1.5526945720385583,1.0351297146923724,0.8787037037037038,0.0274985970461434,0.0194444444444443,2,76.0,75,77,g1,post
g1post,LM,visual_direction,time_resolved_trial_response,glm_clean,balanced_accuracy,40,1.6173901792068317,1.0351297146923724,0.8712962962962962,0.0353553390593272,0.0249999999999999,2,76.0,75,77,g1,post
g1post,LM,visual_direction,time_resolved_trial_response,glm_clean,balanced_accuracy,41,1.682085786375105,1.0351297146923724,0.8620370370370369,0.0248796830417488,0.0175925925925925,2,76.0,75,77,g1,post
g1post,LM,visual_direction,time_resolved_trial_response,glm_clean,balanced_accuracy,42,1.7467813935433782,1.0351297146923724,0.8611111111111112,0.0052378280087893,0.0037037037037037,2,76.0,75,77,g1,post
g1post,LM,visual_direction,time_resolved_trial_response,glm_clean,balanced_accuracy,43,1.8114770007116516,1.0351297146923724,0.8620370370370369,0.030117511050538,0.0212962962962962,2,76.0,75,77,g1,post
g1post,LM,visual_direction,time_resolved_trial_response,glm_clean,balanced_accuracy,44,1.8761726078799248,1.0351297146923724,0.8731481481481482,0.0222607690373542,0.0157407407407407,2,76.0,75,77,g1,post
g1post,LM,visual_direction,time_resolved_trial_response,glm_clean,balanced_accuracy,45,1.9408682150481984,1.0351297146923724,0.862037037037037,0.0274985970461435,0.0194444444444444,2,76.0,75,77,g1,post
g1post,LM,visual_direction,time_resolved_trial_response,glm_clean,balanced_accuracy,46,2.0055638222164713,1.0351297146923724,0.8657407407407407,0.0170229410285648,0.0120370370370368,2,76.0,75,77,g1,post
g1post,V1,auditory_direction,time_resolved_trial_response,glm_clean,balanced_accuracy,0,-0.9704341075240992,1.0351297146923724,0.5151234567901234,0.020833676266039,0.0085053127196879,6,246.16666666666663,59,392,g1,post
g1post,V1,auditory_direction,time_resolved_trial_response,glm_clean,balanced_accuracy,1,-0.9057385003558258,1.0351297146923724,0.4969135802469136,0.0403799965870638,0.0164850645756054,6,246.16666666666663,59,392,g1,post
g1post,V1,auditory_direction,time_resolved_trial_response,glm_clean,balanced_accuracy,2,-0.8410428931875525,1.0351297146923724,0.4972222222222222,0.0289209224107119,0.0118069171328111,6,246.16666666666663,59,392,g1,post
g1post,V1,auditory_direction,time_resolved_trial_response,glm_clean,balanced_accuracy,3,-0.7763472860192793,1.0351297146923724,0.5132716049382716,0.0248290911577193,0.0101364340189103,6,246.16666666666663,59,392,g1,post
g1post,V1,auditory_direction,time_resolved_trial_response,glm_clean,balanced_accuracy,4,-0.711651678851006,1.0351297146923724,0.5040123456790123,0.0175454208387742,0.0071628880628986,6,246.16666666666663,59,392,g1,post
g1post,V1,auditory_direction,time_resolved_trial_response,glm_clean,balanced_accuracy,5,-0.6469560716827327,1.0351297146923724,0.495679012345679,0.0342801071034934,0.0139947951219193,6,246.16666666666663,59,392,g1,post
g1post,V1,auditory_direction,time_resolved_trial_response,glm_clean,balanced_accuracy,6,-0.5822604645144595,1.0351297146923724,0.5030864197530863,0.0138909463496643,0.0056709551001757,6,246.16666666666663,59,392,g1,post
g1post,V1,auditory_direction,time_resolved_trial_response,glm_clean,balanced_accuracy,7,-0.5175648573461862,1.0351297146923724,0.5070987654320988,0.0471610593980695,0.0192534218757265,6,246.16666666666663,59,392,g1,post
g1post,V1,auditory_direction,time_resolved_trial_response,glm_clean,balanced_accuracy,8,-0.4528692501779129,1.0351297146923724,0.5089506172839506,0.0337101472608669,0.013762109990534,6,246.16666666666663,59,392,g1,post
g1post,V1,auditory_direction,time_resolved_trial_response,glm_clean,balanced_accuracy,9,-0.3881736430096396,1.0351297146923724,0.5055555555555555,0.03107581772356,0.01268664946041,6,246.16666666666663,59,392,g1,post
g1post,V1,auditory_direction,time_resolved_trial_response,glm_clean,balanced_accuracy,10,-0.3234780358413663,1.0351297146923724,0.5086419753086421,0.0255170581387927,0.0104172953628291,6,246.16666666666663,59,392,g1,post
g1post,V1,auditory_direction,time_resolved_trial_response,glm_clean,balanced_accuracy,11,-0.2587824286730931,1.0351297146923724,0.5046296296296297,0.0202775663780626,0.0082782818086115,6,246.16666666666663,59,392,g1,post
g1post,V1,auditory_direction,time_resolved_trial_response,glm_clean,balanced_accuracy,12,-0.1940868215048198,1.0351297146923724,0.4919753086419753,0.0282955852796714,0.0115516243181003,6,246.16666666666663,59,392,g1,post
g1post,V1,auditory_direction,time_resolved_trial_response,glm_clean,balanced_accuracy,13,-0.1293912143365465,1.0351297146923724,0.4907407407407407,0.0231592565938718,0.0094547269128621,6,246.16666666666663,59,392,g1,post
g1post,V1,auditory_direction,time_resolved_trial_response,glm_clean,balanced_accuracy,14,-0.0646956071682732,1.0351297146923724,0.4873456790123456,0.0156003177250657,0.0063688030419511,6,246.16666666666663,59,392,g1,post
g1post,V1,auditory_direction,time_resolved_trial_response,glm_clean,balanced_accuracy,15,0.0,1.0351297146923724,0.4882716049382716,0.0277077306111411,0.0113116336546316,6,246.16666666666663,59,392,g1,post
g1post,V1,auditory_direction,time_resolved_trial_response,glm_clean,balanced_accuracy,16,0.0646956071682732,1.0351297146923724,0.4975308641975309,0.0397983026339926,0.0162475890136909,6,246.16666666666663,59,392,g1,post
g1post,V1,auditory_direction,time_resolved_trial_response,glm_clean,balanced_accuracy,17,0.1293912143365465,1.0351297146923724,0.5024691358024691,0.021168429875904,0.0086419753086419,6,246.16666666666663,59,392,g1,post
g1post,V1,auditory_direction,time_resolved_trial_response,glm_clean,balanced_accuracy,18,0.1940868215048198,1.0351297146923724,0.5209876543209876,0.0350712906452884,0.0143177944503002,6,246.16666666666663,59,392,g1,post
g1post,V1,auditory_direction,time_resolved_trial_response,glm_clean,balanced_accuracy,19,0.2587824286730931,1.0351297146923724,0.512962962962963,0.033985391842828,0.013874478120579,6,246.16666666666663,59,392,g1,post
g1post,V1,auditory_direction,time_resolved_trial_response,glm_clean,balanced_accuracy,20,0.3234780358413663,1.0351297146923724,0.5373456790123458,0.0473931788061105,0.0193481842272428,6,246.16666666666663,59,392,g1,post
g1post,V1,auditory_direction,time_resolved_trial_response,glm_clean,balanced_accuracy,21,0.3881736430096396,1.0351297146923724,0.5361111111111111,0.0428854665045325,0.0175079183862206,6,246.16666666666663,59,392,g1,post
g1post,V1,auditory_direction,time_resolved_trial_response,glm_clean,balanced_accuracy,22,0.4528692501779129,1.0351297146923724,0.5419753086419753,0.035787566076616,0.014610212670641,6,246.16666666666663,59,392,g1,post
g1post,V1,auditory_direction,time_resolved_trial_response,glm_clean,balanced_accuracy,23,0.5175648573461862,1.0351297146923724,0.5524691358024691,0.0511415189560691,0.0208784376855404,6,246.16666666666663,59,392,g1,post
g1post,V1,auditory_direction,time_resolved_trial_response,glm_clean,balanced_accuracy,24,0.5822604645144595,1.0351297146923724,0.5635802469135803,0.0345987516657278,0.0141248812197171,6,246.16666666666663,59,392,g1,post
g1post,V1,auditory_direction,time_resolved_trial_response,glm_clean,balanced_accuracy,25,0.6469560716827327,1.0351297146923724,0.5478395061728395,0.0497375370120004,0.0203052644570323,6,246.16666666666663,59,392,g1,post
g1post,V1,auditory_direction,time_resolved_trial_response,glm_clean,balanced_accuracy,26,0.711651678851006,1.0351297146923724,0.5580246913580247,0.0349733715412723,0.0142778191434819,6,246.16666666666663,59,392,g1,post
g1post,V1,auditory_direction,time_resolved_trial_response,glm_clean,balanced_accuracy,27,0.7763472860192793,1.0351297146923724,0.5216049382716049,0.0395909584021033,0.0161629410854845,6,246.16666666666663,59,392,g1,post
g1post,V1,auditory_direction,time_resolved_trial_response,glm_clean,balanced_accuracy,28,0.8410428931875525,1.0351297146923724,0.5453703703703704,0.0307373938383293,0.0125484884878124,6,246.16666666666663,59,392,g1,post
g1post,V1,auditory_direction,time_resolved_trial_response,glm_clean,balanced_accuracy,29,0.9057385003558258,1.0351297146923724,0.5518518518518519,0.0253913133348186,0.0103659602615719,6,246.16666666666663,59,392,g1,post
g1post,V1,auditory_direction,time_resolved_trial_response,glm_clean,balanced_accuracy,30,0.9704341075240992,1.0351297146923724,0.5438271604938272,0.0317670418423962,0.0129688405252522,6,246.16666666666663,59,392,g1,post
g1post,V1,auditory_direction,time_resolved_trial_response,glm_clean,balanced_accuracy,31,1.0351297146923724,1.0351297146923724,0.5441358024691357,0.0404605968740647,0.0165179695049844,6,246.16666666666663,59,392,g1,post
g1post,V1,auditory_direction,time_resolved_trial_response,glm_clean,balanced_accuracy,32,1.0998253218606455,1.0351297146923724,0.5354938271604938,0.0382830528477709,0.0156289908788402,6,246.16666666666663,59,392,g1,post
g1post,V1,auditory_direction,time_resolved_trial_response,glm_clean,balanced_accuracy,33,1.164520929028919,1.0351297146923724,0.5416666666666666,0.0406522608229077,0.0165962159844431,6,246.16666666666663,59,392,g1,post
g1post,V1,auditory_direction,time_resolved_trial_response,glm_clean,balanced_accuracy,34,1.229216536197192,1.0351297146923724,0.5493827160493828,0.022911132265999,0.0093534305801855,6,246.16666666666663,59,392,g1,post
g1post,V1,auditory_direction,time_resolved_trial_response,glm_clean,balanced_accuracy,35,1.2939121433654657,1.0351297146923724,0.5302469135802469,0.0281497725327268,0.0114920965134323,6,246.16666666666663,59,392,g1,post
g1post,V1,auditory_direction,time_resolved_trial_response,glm_clean,balanced_accuracy,36,1.3586077505337386,1.0351297146923724,0.5314814814814816,0.0274174155901062,0.0111931130435981,6,246.16666666666663,59,392,g1,post
g1post,V1,auditory_direction,time_resolved_trial_response,glm_clean,balanced_accuracy,37,1.423303357702012,1.0351297146923724,0.537962962962963,0.0337169286222835,0.0137648784697393,6,246.16666666666663,59,392,g1,post
g1post,V1,auditory_direction,time_resolved_trial_response,glm_clean,balanced_accuracy,38,1.4879989648702852,1.0351297146923724,0.5512345679012346,0.0390853356891695,0.0159565214773096,6,246.16666666666663,59,392,g1,post
g1post,V1,auditory_direction,time_resolved_trial_response,glm_clean,balanced_accuracy,39,1.5526945720385583,1.0351297146923724,0.5373456790123456,0.0223887791152124,0.0091401807993585,6,246.16666666666663,59,392,g1,post
g1post,V1,auditory_direction,time_resolved_trial_response,glm_clean,balanced_accuracy,40,1.6173901792068317,1.0351297146923724,0.5237654320987654,0.0362777100308796,0.0148103131020503,6,246.16666666666663,59,392,g1,post
g1post,V1,auditory_direction,time_resolved_trial_response,glm_clean,balanced_accuracy,41,1.682085786375105,1.0351297146923724,0.5435185185185185,0.0283218325726699,0.0115623397305962,6,246.16666666666663,59,392,g1,post
g1post,V1,auditory_direction,time_resolved_trial_response,glm_clean,balanced_accuracy,42,1.7467813935433782,1.0351297146923724,0.5182098765432098,0.0303933216499035,0.0124080216050914,6,246.16666666666663,59,392,g1,post
g1post,V1,auditory_direction,time_resolved_trial_response,glm_clean,balanced_accuracy,43,1.8114770007116516,1.0351297146923724,0.5172839506172839,0.0285129062940189,0.0116403452506895,6,246.16666666666663,59,392,g1,post
g1post,V1,auditory_direction,time_resolved_trial_response,glm_clean,balanced_accuracy,44,1.8761726078799248,1.0351297146923724,0.5101851851851852,0.030242504087756,0.0123464505931728,6,246.16666666666663,59,392,g1,post
g1post,V1,auditory_direction,time_resolved_trial_response,glm_clean,balanced_accuracy,45,1.9408682150481984,1.0351297146923724,0.524074074074074,0.0347043163707332,0.0141679778300689,6,246.16666666666663,59,392,g1,post
g1post,V1,auditory_direction,time_resolved_trial_response,glm_clean,balanced_accuracy,46,2.0055638222164713,1.0351297146923724,0.5283950617283951,0.0388212227299428,0.015848697813216,6,246.16666666666663,59,392,g1,post
g1post,V1,congruency,time_resolved_trial_response,glm_clean,balanced_accuracy,0,-0.9704341075240992,1.0351297146923724,0.525925925925926,0.0188943347269403,0.0077135798517253,6,246.16666666666663,59,392,g1,post
g1post,V1,congruency,time_resolved_trial_response,glm_clean,balanced_accuracy,1,-0.9057385003558258,1.0351297146923724,0.5060185185185185,0.0283505757266571,0.011574074074074,6,246.16666666666663,59,392,g1,post
g1post,V1,congruency,time_resolved_trial_response,glm_clean,balanced_accuracy,2,-0.8410428931875525,1.0351297146923724,0.5046296296296297,0.0317040065752234,0.01294310648519,6,246.16666666666663,59,392,g1,post
g1post,V1,congruency,time_resolved_trial_response,glm_clean,balanced_accuracy,3,-0.7763472860192793,1.0351297146923724,0.5074074074074074,0.0297969810938042,0.0121645665925296,6,246.16666666666663,59,392,g1,post
g1post,V1,congruency,time_resolved_trial_response,glm_clean,balanced_accuracy,4,-0.711651678851006,1.0351297146923724,0.4773148148148148,0.0383863026410811,0.0156711424304498,6,246.16666666666663,59,392,g1,post
g1post,V1,congruency,time_resolved_trial_response,glm_clean,balanced_accuracy,5,-0.6469560716827327,1.0351297146923724,0.5115740740740741,0.0150530611573115,0.0061453864837204,6,246.16666666666663,59,392,g1,post
g1post,V1,congruency,time_resolved_trial_response,glm_clean,balanced_accuracy,6,-0.5822604645144595,1.0351297146923724,0.4925925925925926,0.0447443584507446,0.0182668078454188,6,246.16666666666663,59,392,g1,post
g1post,V1,congruency,time_resolved_trial_response,glm_clean,balanced_accuracy,7,-0.5175648573461862,1.0351297146923724,0.4972222222222222,0.0450651106459405,0.01839775438077,6,246.16666666666663,59,392,g1,post
g1post,V1,congruency,time_resolved_trial_response,glm_clean,balanced_accuracy,8,-0.4528692501779129,1.0351297146923724,0.4953703703703703,0.043342828969107,0.0176946358305055,6,246.16666666666663,59,392,g1,post
g1post,V1,congruency,time_resolved_trial_response,glm_clean,balanced_accuracy,9,-0.3881736430096396,1.0351297146923724,0.525,0.0195631298462878,0.0079866143158695,6,246.16666666666663,59,392,g1,post
g1post,V1,congruency,time_resolved_trial_response,glm_clean,balanced_accuracy,10,-0.3234780358413663,1.0351297146923724,0.5060185185185185,0.0307025085770171,0.0125342466395193,6,246.16666666666663,59,392,g1,post
g1post,V1,congruency,time_resolved_trial_response,glm_clean,balanced_accuracy,11,-0.2587824286730931,1.0351297146923724,0.5138888888888888,0.0238953479640073,0.0097552349563451,6,246.16666666666663,59,392,g1,post
g1post,V1,congruency,time_resolved_trial_response,glm_clean,balanced_accuracy,12,-0.1940868215048198,1.0351297146923724,0.5199074074074074,0.0158520032876117,0.006471553242595,6,246.16666666666663,59,392,g1,post
g1post,V1,congruency,time_resolved_trial_response,glm_clean,balanced_accuracy,13,-0.1293912143365465,1.0351297146923724,0.5027777777777778,0.0183417489102435,0.0074879876367243,6,246.16666666666663,59,392,g1,post
g1post,V1,congruency,time_resolved_trial_response,glm_clean,balanced_accuracy,14,-0.0646956071682732,1.0351297146923724,0.4791666666666667,0.0323345742411745,0.0132005346568363,6,246.16666666666663,59,392,g1,post
g1post,V1,congruency,time_resolved_trial_response,glm_clean,balanced_accuracy,15,0.0,1.0351297146923724,0.4967592592592592,0.025301677753053,0.0103293666885514,6,246.16666666666663,59,392,g1,post
g1post,V1,congruency,time_resolved_trial_response,glm_clean,balanced_accuracy,16,0.0646956071682732,1.0351297146923724,0.4782407407407407,0.0375736587969677,0.0153393819703345,6,246.16666666666663,59,392,g1,post
g1post,V1,congruency,time_resolved_trial_response,glm_clean,balanced_accuracy,17,0.1293912143365465,1.0351297146923724,0.474537037037037,0.036405495221251,0.014862481187566,6,246.16666666666663,59,392,g1,post
g1post,V1,congruency,time_resolved_trial_response,glm_clean,balanced_accuracy,18,0.1940868215048198,1.0351297146923724,0.5203703703703705,0.0350778088668195,0.0143204555030971,6,246.16666666666663,59,392,g1,post
g1post,V1,congruency,time_resolved_trial_response,glm_clean,balanced_accuracy,19,0.2587824286730931,1.0351297146923724,0.499537037037037,0.0192783914941268,0.0078703703703703,6,246.16666666666663,59,392,g1,post
g1post,V1,congruency,time_resolved_trial_response,glm_clean,balanced_accuracy,20,0.3234780358413663,1.0351297146923724,0.5060185185185185,0.0343105222075732,0.0140072120361641,6,246.16666666666663,59,392,g1,post
g1post,V1,congruency,time_resolved_trial_response,glm_clean,balanced_accuracy,21,0.3881736430096396,1.0351297146923724,0.4976851851851852,0.032698428751216,0.0133490776385383,6,246.16666666666663,59,392,g1,post
g1post,V1,congruency,time_resolved_trial_response,glm_clean,balanced_accuracy,22,0.4528692501779129,1.0351297146923724,0.4847222222222222,0.0388789669882582,0.0158722718079573,6,246.16666666666663,59,392,g1,post
g1post,V1,congruency,time_resolved_trial_response,glm_clean,balanced_accuracy,23,0.5175648573461862,1.0351297146923724,0.5092592592592593,0.0357747870845725,0.0146049956689854,6,246.16666666666663,59,392,g1,post
g1post,V1,congruency,time_resolved_trial_response,glm_clean,balanced_accuracy,24,0.5822604645144595,1.0351297146923724,0.4930555555555556,0.0236845263858802,0.0096691674074818,6,246.16666666666663,59,392,g1,post
g1post,V1,congruency,time_resolved_trial_response,glm_clean,balanced_accuracy,25,0.6469560716827327,1.0351297146923724,0.5009259259259259,0.0134562237959889,0.0054934803608116,6,246.16666666666663,59,392,g1,post
g1post,V1,congruency,time_resolved_trial_response,glm_clean,balanced_accuracy,26,0.711651678851006,1.0351297146923724,0.4888888888888889,0.0255796987404918,0.0104428682813864,6,246.16666666666663,59,392,g1,post
g1post,V1,congruency,time_resolved_trial_response,glm_clean,balanced_accuracy,27,0.7763472860192793,1.0351297146923724,0.5032407407407408,0.0202923590395731,0.0082843208873846,6,246.16666666666663,59,392,g1,post
g1post,V1,congruency,time_resolved_trial_response,glm_clean,balanced_accuracy,28,0.8410428931875525,1.0351297146923724,0.4814814814814815,0.0408122268454235,0.0166615218396675,6,246.16666666666663,59,392,g1,post
g1post,V1,congruency,time_resolved_trial_response,glm_clean,balanced_accuracy,29,0.9057385003558258,1.0351297146923724,0.4958333333333333,0.0322868126578784,0.0131810360721058,6,246.16666666666663,59,392,g1,post
g1post,V1,congruency,time_resolved_trial_response,glm_clean,balanced_accuracy,30,0.9704341075240992,1.0351297146923724,0.4912037037037036,0.0225952487813193,0.0092244716875792,6,246.16666666666663,59,392,g1,post
g1post,V1,congruency,time_resolved_trial_response,glm_clean,balanced_accuracy,31,1.0351297146923724,1.0351297146923724,0.5078703703703703,0.0330271430957925,0.0134832747077627,6,246.16666666666663,59,392,g1,post
g1post,V1,congruency,time_resolved_trial_response,glm_clean,balanced_accuracy,32,1.0998253218606455,1.0351297146923724,0.5060185185185185,0.022042094035391,0.0089986472081921,6,246.16666666666663,59,392,g1,post
g1post,V1,congruency,time_resolved_trial_response,glm_clean,balanced_accuracy,33,1.164520929028919,1.0351297146923724,0.5064814814814814,0.0426609757007106,0.0174162703993355,6,246.16666666666663,59,392,g1,post
g1post,V1,congruency,time_resolved_trial_response,glm_clean,balanced_accuracy,34,1.229216536197192,1.0351297146923724,0.4699074074074074,0.0419220568166284,0.0171146080281175,6,246.16666666666663,59,392,g1,post
g1post,V1,congruency,time_resolved_trial_response,glm_clean,balanced_accuracy,35,1.2939121433654657,1.0351297146923724,0.5115740740740741,0.0269554196814993,0.011004504003708,6,246.16666666666663,59,392,g1,post
g1post,V1,congruency,time_resolved_trial_response,glm_clean,balanced_accuracy,36,1.3586077505337386,1.0351297146923724,0.5009259259259259,0.0328514551731865,0.0134115504137036,6,246.16666666666663,59,392,g1,post
g1post,V1,congruency,time_resolved_trial_response,glm_clean,balanced_accuracy,37,1.423303357702012,1.0351297146923724,0.4657407407407407,0.0336405594899721,0.0137337009020289,6,246.16666666666663,59,392,g1,post
g1post,V1,congruency,time_resolved_trial_response,glm_clean,balanced_accuracy,38,1.4879989648702852,1.0351297146923724,0.4694444444444445,0.0478874709766888,0.019549978160871,6,246.16666666666663,59,392,g1,post
g1post,V1,congruency,time_resolved_trial_response,glm_clean,balanced_accuracy,39,1.5526945720385583,1.0351297146923724,0.4773148148148148,0.0348460754058963,0.014225850713832,6,246.16666666666663,59,392,g1,post
g1post,V1,congruency,time_resolved_trial_response,glm_clean,balanced_accuracy,40,1.6173901792068317,1.0351297146923724,0.475462962962963,0.0205943078155904,0.0084075909590013,6,246.16666666666663,59,392,g1,post
g1post,V1,congruency,time_resolved_trial_response,glm_clean,balanced_accuracy,41,1.682085786375105,1.0351297146923724,0.4902777777777778,0.0292261298612502,0.0119315175527302,6,246.16666666666663,59,392,g1,post
g1post,V1,congruency,time_resolved_trial_response,glm_clean,balanced_accuracy,42,1.7467813935433782,1.0351297146923724,0.4875,0.0254435953278988,0.010387304295869,6,246.16666666666663,59,392,g1,post
g1post,V1,congruency,time_resolved_trial_response,glm_clean,balanced_accuracy,43,1.8114770007116516,1.0351297146923724,0.5023148148148148,0.0416265238725495,0.0169939572089215,6,246.16666666666663,59,392,g1,post
g1post,V1,congruency,time_resolved_trial_response,glm_clean,balanced_accuracy,44,1.8761726078799248,1.0351297146923724,0.5148148148148147,0.0279255329572508,0.0114005510900899,6,246.16666666666663,59,392,g1,post
g1post,V1,congruency,time_resolved_trial_response,glm_clean,balanced_accuracy,45,1.9408682150481984,1.0351297146923724,0.5018518518518519,0.0149759752734486,0.0061139163034145,6,246.16666666666663,59,392,g1,post
g1post,V1,congruency,time_resolved_trial_response,glm_clean,balanced_accuracy,46,2.0055638222164713,1.0351297146923724,0.4921296296296296,0.0335831686728188,0.0137102711990378,6,246.16666666666663,59,392,g1,post
g1post,V1,modality,time_resolved_trial_response,glm_clean,balanced_accuracy,0,-0.9704341075240992,1.0351297146923724,0.3393518518518518,0.0261153792151304,0.0106615589193925,6,246.16666666666663,59,392,g1,post
g1post,V1,modality,time_resolved_trial_response,glm_clean,balanced_accuracy,1,-0.9057385003558258,1.0351297146923724,0.3304012345679012,0.0234931086608309,0.009591021448466,6,246.16666666666663,59,392,g1,post
g1post,V1,modality,time_resolved_trial_response,glm_clean,balanced_accuracy,2,-0.8410428931875525,1.0351297146923724,0.3415123456790123,0.0256961822346385,0.010490422468739,6,246.16666666666663,59,392,g1,post
g1post,V1,modality,time_resolved_trial_response,glm_clean,balanced_accuracy,3,-0.7763472860192793,1.0351297146923724,0.3365740740740741,0.0195872183345427,0.0079964484000195,6,246.16666666666663,59,392,g1,post
g1post,V1,modality,time_resolved_trial_response,glm_clean,balanced_accuracy,4,-0.711651678851006,1.0351297146923724,0.3359567901234568,0.0156852689956511,0.0064034842529404,6,246.16666666666663,59,392,g1,post
g1post,V1,modality,time_resolved_trial_response,glm_clean,balanced_accuracy,5,-0.6469560716827327,1.0351297146923724,0.3243827160493827,0.0274278368971039,0.0111973675243643,6,246.16666666666663,59,392,g1,post
g1post,V1,modality,time_resolved_trial_response,glm_clean,balanced_accuracy,6,-0.5822604645144595,1.0351297146923724,0.3419753086419753,0.0347323030633726,0.0141794033494946,6,246.16666666666663,59,392,g1,post
g1post,V1,modality,time_resolved_trial_response,glm_clean,balanced_accuracy,7,-0.5175648573461862,1.0351297146923724,0.3430555555555555,0.0174187315412116,0.0071111673737486,6,246.16666666666663,59,392,g1,post
g1post,V1,modality,time_resolved_trial_response,glm_clean,balanced_accuracy,8,-0.4528692501779129,1.0351297146923724,0.3311728395061729,0.014995045668636,0.0061217017596482,6,246.16666666666663,59,392,g1,post
g1post,V1,modality,time_resolved_trial_response,glm_clean,balanced_accuracy,9,-0.3881736430096396,1.0351297146923724,0.3459876543209876,0.0201899982935318,0.0082425322878027,6,246.16666666666663,59,392,g1,post
g1post,V1,modality,time_resolved_trial_response,glm_clean,balanced_accuracy,10,-0.3234780358413663,1.0351297146923724,0.3330246913580246,0.010664908977266,0.0043539308579215,6,246.16666666666663,59,392,g1,post
g1post,V1,modality,time_resolved_trial_response,glm_clean,balanced_accuracy,11,-0.2587824286730931,1.0351297146923724,0.3374999999999999,0.0208261304420833,0.0085022321499579,6,246.16666666666663,59,392,g1,post
g1post,V1,modality,time_resolved_trial_response,glm_clean,balanced_accuracy,12,-0.1940868215048198,1.0351297146923724,0.3226851851851851,0.016571228806056,0.0067651758309579,6,246.16666666666663,59,392,g1,post
g1post,V1,modality,time_resolved_trial_response,glm_clean,balanced_accuracy,13,-0.1293912143365465,1.0351297146923724,0.345216049382716,0.0214480636192002,0.0087561353062986,6,246.16666666666663,59,392,g1,post
g1post,V1,modality,time_resolved_trial_response,glm_clean,balanced_accuracy,14,-0.0646956071682732,1.0351297146923724,0.345679012345679,0.0167453560774334,0.0068362629918208,6,246.16666666666663,59,392,g1,post
g1post,V1,modality,time_resolved_trial_response,glm_clean,balanced_accuracy,15,0.0,1.0351297146923724,0.349537037037037,0.0124879914883417,0.0050982011764427,6,246.16666666666663,59,392,g1,post
g1post,V1,modality,time_resolved_trial_response,glm_clean,balanced_accuracy,16,0.0646956071682732,1.0351297146923724,0.3563271604938271,0.0201538719629332,0.008227783775095,6,246.16666666666663,59,392,g1,post
g1post,V1,modality,time_resolved_trial_response,glm_clean,balanced_accuracy,17,0.1293912143365465,1.0351297146923724,0.361574074074074,0.0278994249932142,0.0113898925584044,6,246.16666666666663,59,392,g1,post
g1post,V1,modality,time_resolved_trial_response,glm_clean,balanced_accuracy,18,0.1940868215048198,1.0351297146923724,0.4424382716049382,0.02328048591061,0.0095042185741745,6,246.16666666666663,59,392,g1,post
g1post,V1,modality,time_resolved_trial_response,glm_clean,balanced_accuracy,19,0.2587824286730931,1.0351297146923724,0.6149691358024691,0.0741791307478069,0.0302835033158875,6,246.16666666666663,59,392,g1,post
g1post,V1,modality,time_resolved_trial_response,glm_clean,balanced_accuracy,20,0.3234780358413663,1.0351297146923724,0.6572530864197531,0.1001446427631829,0.0408838792071837,6,246.16666666666663,59,392,g1,post
g1post,V1,modality,time_resolved_trial_response,glm_clean,balanced_accuracy,21,0.3881736430096396,1.0351297146923724,0.699537037037037,0.1094297947204743,0.0446745266204451,6,246.16666666666663,59,392,g1,post
g1post,V1,modality,time_resolved_trial_response,glm_clean,balanced_accuracy,22,0.4528692501779129,1.0351297146923724,0.7294753086419753,0.0829505956941682,0.0338644388851032,6,246.16666666666663,59,392,g1,post
g1post,V1,modality,time_resolved_trial_response,glm_clean,balanced_accuracy,23,0.5175648573461862,1.0351297146923724,0.7308641975308641,0.0844283339624468,0.034467723006881,6,246.16666666666663,59,392,g1,post
g1post,V1,modality,time_resolved_trial_response,glm_clean,balanced_accuracy,24,0.5822604645144595,1.0351297146923724,0.7521604938271605,0.0754516957429669,0.0308030257996657,6,246.16666666666663,59,392,g1,post
g1post,V1,modality,time_resolved_trial_response,glm_clean,balanced_accuracy,25,0.6469560716827327,1.0351297146923724,0.7651234567901235,0.051445719882153,0.0210026271935717,6,246.16666666666663,59,392,g1,post
g1post,V1,modality,time_resolved_trial_response,glm_clean,balanced_accuracy,26,0.711651678851006,1.0351297146923724,0.7626543209876543,0.0514223837010315,0.0209931002375229,6,246.16666666666663,59,392,g1,post
g1post,V1,modality,time_resolved_trial_response,glm_clean,balanced_accuracy,27,0.7763472860192793,1.0351297146923724,0.7830246913580247,0.0581099977074681,0.0237233072229328,6,246.16666666666663,59,392,g1,post
g1post,V1,modality,time_resolved_trial_response,glm_clean,balanced_accuracy,28,0.8410428931875525,1.0351297146923724,0.7790123456790123,0.0522985607875408,0.0213507980352339,6,246.16666666666663,59,392,g1,post
g1post,V1,modality,time_resolved_trial_response,glm_clean,balanced_accuracy,29,0.9057385003558258,1.0351297146923724,0.791358024691358,0.0498442934486171,0.020348847589777,6,246.16666666666663,59,392,g1,post
g1post,V1,modality,time_resolved_trial_response,glm_clean,balanced_accuracy,30,0.9704341075240992,1.0351297146923724,0.7908950617283951,0.047867474898702,0.0195418147962169,6,246.16666666666663,59,392,g1,post
g1post,V1,modality,time_resolved_trial_response,glm_clean,balanced_accuracy,31,1.0351297146923724,1.0351297146923724,0.784104938271605,0.057739234136459,0.0235719436289021,6,246.16666666666663,59,392,g1,post
g1post,V1,modality,time_resolved_trial_response,glm_clean,balanced_accuracy,32,1.0998253218606455,1.0351297146923724,0.7890432098765432,0.0527807558180814,0.0215476533321223,6,246.16666666666663,59,392,g1,post
g1post,V1,modality,time_resolved_trial_response,glm_clean,balanced_accuracy,33,1.164520929028919,1.0351297146923724,0.7831790123456789,0.0602219735618147,0.0245855177549708,6,246.16666666666663,59,392,g1,post
g1post,V1,modality,time_resolved_trial_response,glm_clean,balanced_accuracy,34,1.229216536197192,1.0351297146923724,0.7793209876543209,0.0572628606345121,0.02337746496111,6,246.16666666666663,59,392,g1,post
g1post,V1,modality,time_resolved_trial_response,glm_clean,balanced_accuracy,35,1.2939121433654657,1.0351297146923724,0.7766975308641975,0.0511942984686954,0.0208999848313416,6,246.16666666666663,59,392,g1,post
g1post,V1,modality,time_resolved_trial_response,glm_clean,balanced_accuracy,36,1.3586077505337386,1.0351297146923724,0.762962962962963,0.0482015373511865,0.0196781952213519,6,246.16666666666663,59,392,g1,post
g1post,V1,modality,time_resolved_trial_response,glm_clean,balanced_accuracy,37,1.423303357702012,1.0351297146923724,0.7557098765432099,0.0452944060455756,0.0184913638356823,6,246.16666666666663,59,392,g1,post
g1post,V1,modality,time_resolved_trial_response,glm_clean,balanced_accuracy,38,1.4879989648702852,1.0351297146923724,0.7453703703703703,0.0486899713072259,0.0198775975489095,6,246.16666666666663,59,392,g1,post
g1post,V1,modality,time_resolved_trial_response,glm_clean,balanced_accuracy,39,1.5526945720385583,1.0351297146923724,0.7404320987654321,0.0584072625783999,0.0238446650983057,6,246.16666666666663,59,392,g1,post
g1post,V1,modality,time_resolved_trial_response,glm_clean,balanced_accuracy,40,1.6173901792068317,1.0351297146923724,0.7405864197530865,0.0394119004446892,0.0160898409804763,6,246.16666666666663,59,392,g1,post
g1post,V1,modality,time_resolved_trial_response,glm_clean,balanced_accuracy,41,1.682085786375105,1.0351297146923724,0.7314814814814815,0.0505660686396326,0.0206435110776083,6,246.16666666666663,59,392,g1,post
g1post,V1,modality,time_resolved_trial_response,glm_clean,balanced_accuracy,42,1.7467813935433782,1.0351297146923724,0.7182098765432099,0.0603535157870318,0.0246392196435395,6,246.16666666666663,59,392,g1,post
g1post,V1,modality,time_resolved_trial_response,glm_clean,balanced_accuracy,43,1.8114770007116516,1.0351297146923724,0.7095679012345678,0.0561042859394655,0.0229044788224825,6,246.16666666666663,59,392,g1,post
g1post,V1,modality,time_resolved_trial_response,glm_clean,balanced_accuracy,44,1.8761726078799248,1.0351297146923724,0.7046296296296296,0.0575416590307013,0.0234912839297383,6,246.16666666666663,59,392,g1,post
g1post,V1,modality,time_resolved_trial_response,glm_clean,balanced_accuracy,45,1.9408682150481984,1.0351297146923724,0.6979938271604939,0.0570491108753585,0.0232902019873484,6,246.16666666666663,59,392,g1,post
g1post,V1,modality,time_resolved_trial_response,glm_clean,balanced_accuracy,46,2.0055638222164713,1.0351297146923724,0.6739197530864197,0.056708459130815,0.023151131494995,6,246.16666666666663,59,392,g1,post
g1post,V1,trial_type,time_resolved_trial_response,glm_clean,balanced_accuracy,0,-0.9704341075240992,1.0351297146923724,0.1358796296296296,0.0196500374349113,0.0080220941903534,6,246.16666666666663,59,392,g1,post
g1post,V1,trial_type,time_resolved_trial_response,glm_clean,balanced_accuracy,1,-0.9057385003558258,1.0351297146923724,0.1236111111111111,0.0092962225170452,0.0037951669503554,6,246.16666666666663,59,392,g1,post
g1post,V1,trial_type,time_resolved_trial_response,glm_clean,balanced_accuracy,2,-0.8410428931875525,1.0351297146923724,0.130324074074074,0.0105561646997725,0.0043095361925371,6,246.16666666666663,59,392,g1,post
g1post,V1,trial_type,time_resolved_trial_response,glm_clean,balanced_accuracy,3,-0.7763472860192793,1.0351297146923724,0.1263888888888888,0.0082402205412174,0.0033640559489972,6,246.16666666666663,59,392,g1,post
g1post,V1,trial_type,time_resolved_trial_response,glm_clean,balanced_accuracy,4,-0.711651678851006,1.0351297146923724,0.1210648148148148,0.0078771757070247,0.0032158435160763,6,246.16666666666663,59,392,g1,post
g1post,V1,trial_type,time_resolved_trial_response,glm_clean,balanced_accuracy,5,-0.6469560716827327,1.0351297146923724,0.1215277777777777,0.011678235005321,0.0047676194765575,6,246.16666666666663,59,392,g1,post
g1post,V1,trial_type,time_resolved_trial_response,glm_clean,balanced_accuracy,6,-0.5822604645144595,1.0351297146923724,0.1217592592592592,0.0159248492314768,0.0065012924746451,6,246.16666666666663,59,392,g1,post
g1post,V1,trial_type,time_resolved_trial_response,glm_clean,balanced_accuracy,7,-0.5175648573461862,1.0351297146923724,0.1236111111111111,0.0123290783450956,0.0050333251573803,6,246.16666666666663,59,392,g1,post
g1post,V1,trial_type,time_resolved_trial_response,glm_clean,balanced_accuracy,8,-0.4528692501779129,1.0351297146923724,0.1263888888888888,0.0213906925646427,0.0087327136713534,6,246.16666666666663,59,392,g1,post
g1post,V1,trial_type,time_resolved_trial_response,glm_clean,balanced_accuracy,9,-0.3881736430096396,1.0351297146923724,0.1229166666666666,0.0089903068514901,0.0036702774028664,6,246.16666666666663,59,392,g1,post
g1post,V1,trial_type,time_resolved_trial_response,glm_clean,balanced_accuracy,10,-0.3234780358413663,1.0351297146923724,0.1229166666666666,0.0139650688558326,0.0057012154866038,6,246.16666666666663,59,392,g1,post
g1post,V1,trial_type,time_resolved_trial_response,glm_clean,balanced_accuracy,11,-0.2587824286730931,1.0351297146923724,0.1317129629629629,0.0163963416827087,0.0066937784618272,6,246.16666666666663,59,392,g1,post
g1post,V1,trial_type,time_resolved_trial_response,glm_clean,balanced_accuracy,12,-0.1940868215048198,1.0351297146923724,0.1219907407407407,0.0134203372787309,0.0054788297514903,6,246.16666666666663,59,392,g1,post
g1post,V1,trial_type,time_resolved_trial_response,glm_clean,balanced_accuracy,13,-0.1293912143365465,1.0351297146923724,0.1270833333333333,0.019339997255097,0.0078955208169691,6,246.16666666666663,59,392,g1,post
g1post,V1,trial_type,time_resolved_trial_response,glm_clean,balanced_accuracy,14,-0.0646956071682732,1.0351297146923724,0.1324074074074074,0.0103065163772921,0.0042076176916673,6,246.16666666666663,59,392,g1,post
g1post,V1,trial_type,time_resolved_trial_response,glm_clean,balanced_accuracy,15,0.0,1.0351297146923724,0.1284722222222222,0.0167992412380095,0.0068582615165074,6,246.16666666666663,59,392,g1,post
g1post,V1,trial_type,time_resolved_trial_response,glm_clean,balanced_accuracy,16,0.0646956071682732,1.0351297146923724,0.1354166666666666,0.0164276847778527,0.0067065742268375,6,246.16666666666663,59,392,g1,post
g1post,V1,trial_type,time_resolved_trial_response,glm_clean,balanced_accuracy,17,0.1293912143365465,1.0351297146923724,0.1293981481481481,0.0156499286736301,0.0063890566268909,6,246.16666666666663,59,392,g1,post
g1post,V1,trial_type,time_resolved_trial_response,glm_clean,balanced_accuracy,18,0.1940868215048198,1.0351297146923724,0.1766203703703703,0.0161831880707012,0.0066067588641189,6,246.16666666666663,59,392,g1,post
g1post,V1,trial_type,time_resolved_trial_response,glm_clean,balanced_accuracy,19,0.2587824286730931,1.0351297146923724,0.2824074074074074,0.0522389650071723,0.0213264681597796,6,246.16666666666663,59,392,g1,post
g1post,V1,trial_type,time_resolved_trial_response,glm_clean,balanced_accuracy,20,0.3234780358413663,1.0351297146923724,0.3541666666666667,0.1058293233419374,0.0432046403352933,6,246.16666666666663,59,392,g1,post
g1post,V1,trial_type,time_resolved_trial_response,glm_clean,balanced_accuracy,21,0.3881736430096396,1.0351297146923724,0.3874999999999999,0.1203262027229663,0.0491229665596592,6,246.16666666666663,59,392,g1,post
g1post,V1,trial_type,time_resolved_trial_response,glm_clean,balanced_accuracy,22,0.4528692501779129,1.0351297146923724,0.4402777777777777,0.1079694744240584,0.0440783533559036,6,246.16666666666663,59,392,g1,post
g1post,V1,trial_type,time_resolved_trial_response,glm_clean,balanced_accuracy,23,0.5175648573461862,1.0351297146923724,0.4576388888888889,0.1109469273076651,0.0452938934055727,6,246.16666666666663,59,392,g1,post
g1post,V1,trial_type,time_resolved_trial_response,glm_clean,balanced_accuracy,24,0.5822604645144595,1.0351297146923724,0.4664351851851852,0.0867067956716072,0.0353979011045331,6,246.16666666666663,59,392,g1,post
g1post,V1,trial_type,time_resolved_trial_response,glm_clean,balanced_accuracy,25,0.6469560716827327,1.0351297146923724,0.4729166666666666,0.0707584026332553,0.0288869969109801,6,246.16666666666663,59,392,g1,post
g1post,V1,trial_type,time_resolved_trial_response,glm_clean,balanced_accuracy,26,0.711651678851006,1.0351297146923724,0.4798611111111111,0.0913409617657724,0.0372897914902016,6,246.16666666666663,59,392,g1,post
g1post,V1,trial_type,time_resolved_trial_response,glm_clean,balanced_accuracy,27,0.7763472860192793,1.0351297146923724,0.4787037037037038,0.0910614137269944,0.037175666481268,6,246.16666666666663,59,392,g1,post
g1post,V1,trial_type,time_resolved_trial_response,glm_clean,balanced_accuracy,28,0.8410428931875525,1.0351297146923724,0.4731481481481481,0.085588317440551,0.0349412842787833,6,246.16666666666663,59,392,g1,post
g1post,V1,trial_type,time_resolved_trial_response,glm_clean,balanced_accuracy,29,0.9057385003558258,1.0351297146923724,0.4837962962962963,0.0846500907269584,0.0345582548268917,6,246.16666666666663,59,392,g1,post
g1post,V1,trial_type,time_resolved_trial_response,glm_clean,balanced_accuracy,30,0.9704341075240992,1.0351297146923724,0.4814814814814814,0.0569997473101033,0.0232700493962218,6,246.16666666666663,59,392,g1,post
g1post,V1,trial_type,time_resolved_trial_response,glm_clean,balanced_accuracy,31,1.0351297146923724,1.0351297146923724,0.4817129629629629,0.0798987431464262,0.0326185252997398,6,246.16666666666663,59,392,g1,post
g1post,V1,trial_type,time_resolved_trial_response,glm_clean,balanced_accuracy,32,1.0998253218606455,1.0351297146923724,0.4756944444444444,0.0632013122031301,0.0258018276620007,6,246.16666666666663,59,392,g1,post
g1post,V1,trial_type,time_resolved_trial_response,glm_clean,balanced_accuracy,33,1.164520929028919,1.0351297146923724,0.4905092592592592,0.088119135242493,0.0359744863199017,6,246.16666666666663,59,392,g1,post
g1post,V1,trial_type,time_resolved_trial_response,glm_clean,balanced_accuracy,34,1.229216536197192,1.0351297146923724,0.475,0.0726960949585479,0.0296780564902258,6,246.16666666666663,59,392,g1,post
g1post,V1,trial_type,time_resolved_trial_response,glm_clean,balanced_accuracy,35,1.2939121433654657,1.0351297146923724,0.468287037037037,0.0553357921884139,0.0225907425623835,6,246.16666666666663,59,392,g1,post
g1post,V1,trial_type,time_resolved_trial_response,glm_clean,balanced_accuracy,36,1.3586077505337386,1.0351297146923724,0.44375,0.057391537531651,0.0234299970843891,6,246.16666666666663,59,392,g1,post
g1post,V1,trial_type,time_resolved_trial_response,glm_clean,balanced_accuracy,37,1.423303357702012,1.0351297146923724,0.4372685185185185,0.0561524645927085,0.0229241476753058,6,246.16666666666663,59,392,g1,post
g1post,V1,trial_type,time_resolved_trial_response,glm_clean,balanced_accuracy,38,1.4879989648702852,1.0351297146923724,0.4298611111111111,0.0564562405652858,0.0230481636967945,6,246.16666666666663,59,392,g1,post
g1post,V1,trial_type,time_resolved_trial_response,glm_clean,balanced_accuracy,39,1.5526945720385583,1.0351297146923724,0.4280092592592592,0.0698897757995893,0.028532381491085,6,246.16666666666663,59,392,g1,post
g1post,V1,trial_type,time_resolved_trial_response,glm_clean,balanced_accuracy,40,1.6173901792068317,1.0351297146923724,0.4122685185185185,0.0505175121410566,0.0206236879700738,6,246.16666666666663,59,392,g1,post
g1post,V1,trial_type,time_resolved_trial_response,glm_clean,balanced_accuracy,41,1.682085786375105,1.0351297146923724,0.4069444444444444,0.0444791531138846,0.0181585382200238,6,246.16666666666663,59,392,g1,post
g1post,V1,trial_type,time_resolved_trial_response,glm_clean,balanced_accuracy,42,1.7467813935433782,1.0351297146923724,0.3960648148148148,0.0707074953390327,0.0288662140951416,6,246.16666666666663,59,392,g1,post
g1post,V1,trial_type,time_resolved_trial_response,glm_clean,balanced_accuracy,43,1.8114770007116516,1.0351297146923724,0.3918981481481481,0.0464264374537849,0.0189535137228351,6,246.16666666666663,59,392,g1,post
g1post,V1,trial_type,time_resolved_trial_response,glm_clean,balanced_accuracy,44,1.8761726078799248,1.0351297146923724,0.3803240740740741,0.0445694134263479,0.0181953868382836,6,246.16666666666663,59,392,g1,post
g1post,V1,trial_type,time_resolved_trial_response,glm_clean,balanced_accuracy,45,1.9408682150481984,1.0351297146923724,0.3560185185185185,0.0516447583977197,0.0210838843272883,6,246.16666666666663,59,392,g1,post
g1post,V1,trial_type,time_resolved_trial_response,glm_clean,balanced_accuracy,46,2.0055638222164713,1.0351297146923724,0.3590277777777778,0.0618437771952666,0.0252476163157956,6,246.16666666666663,59,392,g1,post
g1post,V1,visual_direction,time_resolved_trial_response,glm_clean,balanced_accuracy,0,-0.9704341075240992,1.0351297146923724,0.5256172839506172,0.041049614777029,0.0167584350569222,6,246.16666666666663,59,392,g1,post
g1post,V1,visual_direction,time_resolved_trial_response,glm_clean,balanced_accuracy,1,-0.9057385003558258,1.0351297146923724,0.5179012345679013,0.0226703781355813,0.0092551431180204,6,246.16666666666663,59,392,g1,post
g1post,V1,visual_direction,time_resolved_trial_response,glm_clean,balanced_accuracy,2,-0.8410428931875525,1.0351297146923724,0.5067901234567901,0.0162147228846465,0.0066196328980022,6,246.16666666666663,59,392,g1,post
g1post,V1,visual_direction,time_resolved_trial_response,glm_clean,balanced_accuracy,3,-0.7763472860192793,1.0351297146923724,0.4978395061728395,0.02278354840081,0.0093013446853313,6,246.16666666666663,59,392,g1,post
g1post,V1,visual_direction,time_resolved_trial_response,glm_clean,balanced_accuracy,4,-0.711651678851006,1.0351297146923724,0.5003086419753086,0.0190809648346589,0.0077897712741505,6,246.16666666666663,59,392,g1,post
g1post,V1,visual_direction,time_resolved_trial_response,glm_clean,balanced_accuracy,5,-0.6469560716827327,1.0351297146923724,0.5021604938271605,0.0423813872407875,0.0173021288885385,6,246.16666666666663,59,392,g1,post
g1post,V1,visual_direction,time_resolved_trial_response,glm_clean,balanced_accuracy,6,-0.5822604645144595,1.0351297146923724,0.4932098765432098,0.021168429875904,0.0086419753086419,6,246.16666666666663,59,392,g1,post
g1post,V1,visual_direction,time_resolved_trial_response,glm_clean,balanced_accuracy,7,-0.5175648573461862,1.0351297146923724,0.5095679012345679,0.0322969900253956,0.0131851909649961,6,246.16666666666663,59,392,g1,post
g1post,V1,visual_direction,time_resolved_trial_response,glm_clean,balanced_accuracy,8,-0.4528692501779129,1.0351297146923724,0.4904320987654321,0.0190449856106275,0.0077750828174475,6,246.16666666666663,59,392,g1,post
g1post,V1,visual_direction,time_resolved_trial_response,glm_clean,balanced_accuracy,9,-0.3881736430096396,1.0351297146923724,0.4867283950617284,0.0268975770747478,0.0109808898583857,6,246.16666666666663,59,392,g1,post
g1post,V1,visual_direction,time_resolved_trial_response,glm_clean,balanced_accuracy,10,-0.3234780358413663,1.0351297146923724,0.5104938271604939,0.0183199227669624,0.0074790771510424,6,246.16666666666663,59,392,g1,post
g1post,V1,visual_direction,time_resolved_trial_response,glm_clean,balanced_accuracy,11,-0.2587824286730931,1.0351297146923724,0.5058641975308642,0.0155121381149741,0.0063328038668775,6,246.16666666666663,59,392,g1,post
g1post,V1,visual_direction,time_resolved_trial_response,glm_clean,balanced_accuracy,12,-0.1940868215048198,1.0351297146923724,0.5055555555555555,0.0101430103241697,0.0041408666249996,6,246.16666666666663,59,392,g1,post
g1post,V1,visual_direction,time_resolved_trial_response,glm_clean,balanced_accuracy,13,-0.1293912143365465,1.0351297146923724,0.4966049382716049,0.0186446323018636,0.0076116392635631,6,246.16666666666663,59,392,g1,post
g1post,V1,visual_direction,time_resolved_trial_response,glm_clean,balanced_accuracy,14,-0.0646956071682732,1.0351297146923724,0.5132716049382716,0.0132205449017374,0.005397264855135,6,246.16666666666663,59,392,g1,post
g1post,V1,visual_direction,time_resolved_trial_response,glm_clean,balanced_accuracy,15,0.0,1.0351297146923724,0.5169753086419754,0.0238426675055757,0.0097337282492495,6,246.16666666666663,59,392,g1,post
g1post,V1,visual_direction,time_resolved_trial_response,glm_clean,balanced_accuracy,16,0.0646956071682732,1.0351297146923724,0.5064814814814814,0.0264432513477093,0.0107954121570085,6,246.16666666666663,59,392,g1,post
g1post,V1,visual_direction,time_resolved_trial_response,glm_clean,balanced_accuracy,17,0.1293912143365465,1.0351297146923724,0.4845679012345679,0.0193043157668048,0.0078809539103726,6,246.16666666666663,59,392,g1,post
g1post,V1,visual_direction,time_resolved_trial_response,glm_clean,balanced_accuracy,18,0.1940868215048198,1.0351297146923724,0.5191358024691358,0.0299900913372721,0.0122434035192964,6,246.16666666666663,59,392,g1,post
g1post,V1,visual_direction,time_resolved_trial_response,glm_clean,balanced_accuracy,19,0.2587824286730931,1.0351297146923724,0.6537037037037038,0.11628096148013,0.0474715037377574,6,246.16666666666663,59,392,g1,post
g1post,V1,visual_direction,time_resolved_trial_response,glm_clean,balanced_accuracy,20,0.3234780358413663,1.0351297146923724,0.7583333333333333,0.1491344483218711,0.0608838835766752,6,246.16666666666663,59,392,g1,post
g1post,V1,visual_direction,time_resolved_trial_response,glm_clean,balanced_accuracy,21,0.3881736430096396,1.0351297146923724,0.8191358024691358,0.1712323871437589,0.0699053293234859,6,246.16666666666663,59,392,g1,post
g1post,V1,visual_direction,time_resolved_trial_response,glm_clean,balanced_accuracy,22,0.4528692501779129,1.0351297146923724,0.8975308641975309,0.1406318617184844,0.0574127171313216,6,246.16666666666663,59,392,g1,post
g1post,V1,visual_direction,time_resolved_trial_response,glm_clean,balanced_accuracy,23,0.5175648573461862,1.0351297146923724,0.9250000000000002,0.1060886473539637,0.0433105089198793,6,246.16666666666663,59,392,g1,post
g1post,V1,visual_direction,time_resolved_trial_response,glm_clean,balanced_accuracy,24,0.5822604645144595,1.0351297146923724,0.9419753086419752,0.0924418526069082,0.0377392282940826,6,246.16666666666663,59,392,g1,post
g1post,V1,visual_direction,time_resolved_trial_response,glm_clean,balanced_accuracy,25,0.6469560716827327,1.0351297146923724,0.94320987654321,0.0961014172422874,0.0392332393003182,6,246.16666666666663,59,392,g1,post
g1post,V1,visual_direction,time_resolved_trial_response,glm_clean,balanced_accuracy,26,0.711651678851006,1.0351297146923724,0.9330246913580248,0.1026361497766228,0.0419010326860992,6,246.16666666666663,59,392,g1,post
g1post,V1,visual_direction,time_resolved_trial_response,glm_clean,balanced_accuracy,27,0.7763472860192793,1.0351297146923724,0.9166666666666664,0.0991597068484829,0.0404817808037909,6,246.16666666666663,59,392,g1,post
g1post,V1,visual_direction,time_resolved_trial_response,glm_clean,balanced_accuracy,28,0.8410428931875525,1.0351297146923724,0.9151234567901234,0.1177254523101432,0.048061214649701,6,246.16666666666663,59,392,g1,post
g1post,V1,visual_direction,time_resolved_trial_response,glm_clean,balanced_accuracy,29,0.9057385003558258,1.0351297146923724,0.9348765432098766,0.0687774553400633,0.0280782785650355,6,246.16666666666663,59,392,g1,post
g1post,V1,visual_direction,time_resolved_trial_response,glm_clean,balanced_accuracy,30,0.9704341075240992,1.0351297146923724,0.9438271604938272,0.0609444041174638,0.0248804487942934,6,246.16666666666663,59,392,g1,post
g1post,V1,visual_direction,time_resolved_trial_response,glm_clean,balanced_accuracy,31,1.0351297146923724,1.0351297146923724,0.9382716049382716,0.0487380764028441,0.0198972363719582,6,246.16666666666663,59,392,g1,post
g1post,V1,visual_direction,time_resolved_trial_response,glm_clean,balanced_accuracy,32,1.0998253218606455,1.0351297146923724,0.9401234567901234,0.0555267414989447,0.022668697291973,6,246.16666666666663,59,392,g1,post
g1post,V1,visual_direction,time_resolved_trial_response,glm_clean,balanced_accuracy,33,1.164520929028919,1.0351297146923724,0.9373456790123456,0.0596562704080136,0.0243545704095215,6,246.16666666666663,59,392,g1,post
g1post,V1,visual_direction,time_resolved_trial_response,glm_clean,balanced_accuracy,34,1.229216536197192,1.0351297146923724,0.9311728395061728,0.0734269573199867,0.0299764297998476,6,246.16666666666663,59,392,g1,post
g1post,V1,visual_direction,time_resolved_trial_response,glm_clean,balanced_accuracy,35,1.2939121433654657,1.0351297146923724,0.9320987654320988,0.0640822802138222,0.0261614813463191,6,246.16666666666663,59,392,g1,post
g1post,V1,visual_direction,time_resolved_trial_response,glm_clean,balanced_accuracy,36,1.3586077505337386,1.0351297146923724,0.9268518518518518,0.0602549453257904,0.0245989784212474,6,246.16666666666663,59,392,g1,post
g1post,V1,visual_direction,time_resolved_trial_response,glm_clean,balanced_accuracy,37,1.423303357702012,1.0351297146923724,0.9145061728395062,0.0583661479327568,0.0238278801145089,6,246.16666666666663,59,392,g1,post
g1post,V1,visual_direction,time_resolved_trial_response,glm_clean,balanced_accuracy,38,1.4879989648702852,1.0351297146923724,0.9027777777777778,0.070979333919257,0.0289771917308003,6,246.16666666666663,59,392,g1,post
g1post,V1,visual_direction,time_resolved_trial_response,glm_clean,balanced_accuracy,39,1.5526945720385583,1.0351297146923724,0.8929012345679012,0.0712654254153096,0.02909398809498,6,246.16666666666663,59,392,g1,post
g1post,V1,visual_direction,time_resolved_trial_response,glm_clean,balanced_accuracy,40,1.6173901792068317,1.0351297146923724,0.8820987654320988,0.0752195384632273,0.0307082479870933,6,246.16666666666663,59,392,g1,post
g1post,V1,visual_direction,time_resolved_trial_response,glm_clean,balanced_accuracy,41,1.682085786375105,1.0351297146923724,0.8555555555555556,0.096346140945922,0.039333147333963,6,246.16666666666663,59,392,g1,post
g1post,V1,visual_direction,time_resolved_trial_response,glm_clean,balanced_accuracy,42,1.7467813935433782,1.0351297146923724,0.8456790123456791,0.1011027446454911,0.0412750226627262,6,246.16666666666663,59,392,g1,post
g1post,V1,visual_direction,time_resolved_trial_response,glm_clean,balanced_accuracy,43,1.8114770007116516,1.0351297146923724,0.8447530864197531,0.0935609853462789,0.0381961123217329,6,246.16666666666663,59,392,g1,post
g1post,V1,visual_direction,time_resolved_trial_response,glm_clean,balanced_accuracy,44,1.8761726078799248,1.0351297146923724,0.8342592592592593,0.1138354285848539,0.0464731191139878,6,246.16666666666663,59,392,g1,post
g1post,V1,visual_direction,time_resolved_trial_response,glm_clean,balanced_accuracy,45,1.9408682150481984,1.0351297146923724,0.8169753086419753,0.1095158109528076,0.0447096426002473,6,246.16666666666663,59,392,g1,post
g1post,V1,visual_direction,time_resolved_trial_response,glm_clean,balanced_accuracy,46,2.0055638222164713,1.0351297146923724,0.8185185185185185,0.1016934795648581,0.0415161891836751,6,246.16666666666663,59,392,g1,post
g2post,A/RL/AL,auditory_direction,time_resolved_trial_response,glm_clean,balanced_accuracy,0,-0.9704341075240992,1.0351297146923724,0.5166666666666666,0.0099150483976599,0.0049575241988299,4,102.25,69,135,g2,post
g2post,A/RL/AL,auditory_direction,time_resolved_trial_response,glm_clean,balanced_accuracy,1,-0.9057385003558258,1.0351297146923724,0.5171296296296296,0.0204194134654605,0.0102097067327302,4,102.25,69,135,g2,post
g2post,A/RL/AL,auditory_direction,time_resolved_trial_response,glm_clean,balanced_accuracy,2,-0.8410428931875525,1.0351297146923724,0.4949074074074074,0.016658091072239,0.0083290455361195,4,102.25,69,135,g2,post
g2post,A/RL/AL,auditory_direction,time_resolved_trial_response,glm_clean,balanced_accuracy,3,-0.7763472860192793,1.0351297146923724,0.5069444444444444,0.0109426530254542,0.0054713265127271,4,102.25,69,135,g2,post
g2post,A/RL/AL,auditory_direction,time_resolved_trial_response,glm_clean,balanced_accuracy,4,-0.711651678851006,1.0351297146923724,0.5027777777777778,0.0417523125261379,0.0208761562630689,4,102.25,69,135,g2,post
g2post,A/RL/AL,auditory_direction,time_resolved_trial_response,glm_clean,balanced_accuracy,5,-0.6469560716827327,1.0351297146923724,0.4888888888888888,0.033572529977499,0.0167862649887495,4,102.25,69,135,g2,post
g2post,A/RL/AL,auditory_direction,time_resolved_trial_response,glm_clean,balanced_accuracy,6,-0.5822604645144595,1.0351297146923724,0.5106481481481482,0.0222415039804893,0.0111207519902446,4,102.25,69,135,g2,post
g2post,A/RL/AL,auditory_direction,time_resolved_trial_response,glm_clean,balanced_accuracy,7,-0.5175648573461862,1.0351297146923724,0.4893518518518518,0.0164509357669584,0.0082254678834792,4,102.25,69,135,g2,post
g2post,A/RL/AL,auditory_direction,time_resolved_trial_response,glm_clean,balanced_accuracy,8,-0.4528692501779129,1.0351297146923724,0.5032407407407407,0.0392072506661854,0.0196036253330927,4,102.25,69,135,g2,post
g2post,A/RL/AL,auditory_direction,time_resolved_trial_response,glm_clean,balanced_accuracy,9,-0.3881736430096396,1.0351297146923724,0.5152777777777777,0.0066555119298912,0.0033277559649456,4,102.25,69,135,g2,post
g2post,A/RL/AL,auditory_direction,time_resolved_trial_response,glm_clean,balanced_accuracy,10,-0.3234780358413663,1.0351297146923724,0.4939814814814814,0.0174621545182909,0.0087310772591454,4,102.25,69,135,g2,post
g2post,A/RL/AL,auditory_direction,time_resolved_trial_response,glm_clean,balanced_accuracy,11,-0.2587824286730931,1.0351297146923724,0.4958333333333333,0.0266381448979299,0.0133190724489649,4,102.25,69,135,g2,post
g2post,A/RL/AL,auditory_direction,time_resolved_trial_response,glm_clean,balanced_accuracy,12,-0.1940868215048198,1.0351297146923724,0.5087962962962963,0.0208075972724484,0.0104037986362242,4,102.25,69,135,g2,post
g2post,A/RL/AL,auditory_direction,time_resolved_trial_response,glm_clean,balanced_accuracy,13,-0.1293912143365465,1.0351297146923724,0.5055555555555555,0.0185185185185185,0.0092592592592592,4,102.25,69,135,g2,post
g2post,A/RL/AL,auditory_direction,time_resolved_trial_response,glm_clean,balanced_accuracy,14,-0.0646956071682732,1.0351297146923724,0.512962962962963,0.0131815780889275,0.0065907890444637,4,102.25,69,135,g2,post
g2post,A/RL/AL,auditory_direction,time_resolved_trial_response,glm_clean,balanced_accuracy,15,0.0,1.0351297146923724,0.4921296296296296,0.0265521805111149,0.0132760902555574,4,102.25,69,135,g2,post
g2post,A/RL/AL,auditory_direction,time_resolved_trial_response,glm_clean,balanced_accuracy,16,0.0646956071682732,1.0351297146923724,0.5032407407407408,0.0229995228673596,0.0114997614336798,4,102.25,69,135,g2,post
g2post,A/RL/AL,auditory_direction,time_resolved_trial_response,glm_clean,balanced_accuracy,17,0.1293912143365465,1.0351297146923724,0.5013888888888889,0.0189683031639623,0.0094841515819811,4,102.25,69,135,g2,post
g2post,A/RL/AL,auditory_direction,time_resolved_trial_response,glm_clean,balanced_accuracy,18,0.1940868215048198,1.0351297146923724,0.5615740740740741,0.048370214394848,0.024185107197424,4,102.25,69,135,g2,post
g2post,A/RL/AL,auditory_direction,time_resolved_trial_response,glm_clean,balanced_accuracy,19,0.2587824286730931,1.0351297146923724,0.561574074074074,0.094151992131413,0.0470759960657065,4,102.25,69,135,g2,post
g2post,A/RL/AL,auditory_direction,time_resolved_trial_response,glm_clean,balanced_accuracy,20,0.3234780358413663,1.0351297146923724,0.5671296296296297,0.1090904219654917,0.0545452109827458,4,102.25,69,135,g2,post
g2post,A/RL/AL,auditory_direction,time_resolved_trial_response,glm_clean,balanced_accuracy,21,0.3881736430096396,1.0351297146923724,0.5740740740740741,0.1079594159042924,0.0539797079521462,4,102.25,69,135,g2,post
g2post,A/RL/AL,auditory_direction,time_resolved_trial_response,glm_clean,balanced_accuracy,22,0.4528692501779129,1.0351297146923724,0.5745370370370371,0.1033102655786776,0.0516551327893388,4,102.25,69,135,g2,post
g2post,A/RL/AL,auditory_direction,time_resolved_trial_response,glm_clean,balanced_accuracy,23,0.5175648573461862,1.0351297146923724,0.5796296296296297,0.1210285896987267,0.0605142948493633,4,102.25,69,135,g2,post
g2post,A/RL/AL,auditory_direction,time_resolved_trial_response,glm_clean,balanced_accuracy,24,0.5822604645144595,1.0351297146923724,0.5583333333333333,0.1126691179188055,0.0563345589594027,4,102.25,69,135,g2,post
g2post,A/RL/AL,auditory_direction,time_resolved_trial_response,glm_clean,balanced_accuracy,25,0.6469560716827327,1.0351297146923724,0.5694444444444444,0.104499810209352,0.052249905104676,4,102.25,69,135,g2,post
g2post,A/RL/AL,auditory_direction,time_resolved_trial_response,glm_clean,balanced_accuracy,26,0.711651678851006,1.0351297146923724,0.5699074074074074,0.089060726393991,0.0445303631969955,4,102.25,69,135,g2,post
g2post,A/RL/AL,auditory_direction,time_resolved_trial_response,glm_clean,balanced_accuracy,27,0.7763472860192793,1.0351297146923724,0.562962962962963,0.0800805492979246,0.0400402746489623,4,102.25,69,135,g2,post
g2post,A/RL/AL,auditory_direction,time_resolved_trial_response,glm_clean,balanced_accuracy,28,0.8410428931875525,1.0351297146923724,0.5337962962962963,0.0790659781324043,0.0395329890662021,4,102.25,69,135,g2,post
g2post,A/RL/AL,auditory_direction,time_resolved_trial_response,glm_clean,balanced_accuracy,29,0.9057385003558258,1.0351297146923724,0.5546296296296296,0.0735397394506102,0.0367698697253051,4,102.25,69,135,g2,post
g2post,A/RL/AL,auditory_direction,time_resolved_trial_response,glm_clean,balanced_accuracy,30,0.9704341075240992,1.0351297146923724,0.537037037037037,0.0652980224276933,0.0326490112138466,4,102.25,69,135,g2,post
g2post,A/RL/AL,auditory_direction,time_resolved_trial_response,glm_clean,balanced_accuracy,31,1.0351297146923724,1.0351297146923724,0.5680555555555555,0.0463672296100393,0.0231836148050196,4,102.25,69,135,g2,post
g2post,A/RL/AL,auditory_direction,time_resolved_trial_response,glm_clean,balanced_accuracy,32,1.0998253218606455,1.0351297146923724,0.549537037037037,0.0469064728209352,0.0234532364104676,4,102.25,69,135,g2,post
g2post,A/RL/AL,auditory_direction,time_resolved_trial_response,glm_clean,balanced_accuracy,33,1.164520929028919,1.0351297146923724,0.5601851851851852,0.0444058474380807,0.0222029237190403,4,102.25,69,135,g2,post
g2post,A/RL/AL,auditory_direction,time_resolved_trial_response,glm_clean,balanced_accuracy,34,1.229216536197192,1.0351297146923724,0.5805555555555556,0.0423773412205799,0.0211886706102899,4,102.25,69,135,g2,post
g2post,A/RL/AL,auditory_direction,time_resolved_trial_response,glm_clean,balanced_accuracy,35,1.2939121433654657,1.0351297146923724,0.5652777777777778,0.0580386442378326,0.0290193221189163,4,102.25,69,135,g2,post
g2post,A/RL/AL,auditory_direction,time_resolved_trial_response,glm_clean,balanced_accuracy,36,1.3586077505337386,1.0351297146923724,0.5689814814814815,0.0308904209585412,0.0154452104792706,4,102.25,69,135,g2,post
g2post,A/RL/AL,auditory_direction,time_resolved_trial_response,glm_clean,balanced_accuracy,37,1.423303357702012,1.0351297146923724,0.5583333333333333,0.0554422713314368,0.0277211356657184,4,102.25,69,135,g2,post
g2post,A/RL/AL,auditory_direction,time_resolved_trial_response,glm_clean,balanced_accuracy,38,1.4879989648702852,1.0351297146923724,0.5259259259259259,0.0495752419882992,0.0247876209941496,4,102.25,69,135,g2,post
g2post,A/RL/AL,auditory_direction,time_resolved_trial_response,glm_clean,balanced_accuracy,39,1.5526945720385583,1.0351297146923724,0.5356481481481482,0.0332775596494565,0.0166387798247282,4,102.25,69,135,g2,post
g2post,A/RL/AL,auditory_direction,time_resolved_trial_response,glm_clean,balanced_accuracy,40,1.6173901792068317,1.0351297146923724,0.5333333333333333,0.0249828473393186,0.0124914236696593,4,102.25,69,135,g2,post
g2post,A/RL/AL,auditory_direction,time_resolved_trial_response,glm_clean,balanced_accuracy,41,1.682085786375105,1.0351297146923724,0.5476851851851852,0.0324426616004887,0.0162213308002443,4,102.25,69,135,g2,post
g2post,A/RL/AL,auditory_direction,time_resolved_trial_response,glm_clean,balanced_accuracy,42,1.7467813935433782,1.0351297146923724,0.5555555555555556,0.0447775582304249,0.0223887791152124,4,102.25,69,135,g2,post
g2post,A/RL/AL,auditory_direction,time_resolved_trial_response,glm_clean,balanced_accuracy,43,1.8114770007116516,1.0351297146923724,0.5421296296296296,0.0201942442011797,0.0100971221005898,4,102.25,69,135,g2,post
g2post,A/RL/AL,auditory_direction,time_resolved_trial_response,glm_clean,balanced_accuracy,44,1.8761726078799248,1.0351297146923724,0.5402777777777779,0.0308533931706343,0.0154266965853171,4,102.25,69,135,g2,post
g2post,A/RL/AL,auditory_direction,time_resolved_trial_response,glm_clean,balanced_accuracy,45,1.9408682150481984,1.0351297146923724,0.5361111111111111,0.0410899734336855,0.0205449867168427,4,102.25,69,135,g2,post
g2post,A/RL/AL,auditory_direction,time_resolved_trial_response,glm_clean,balanced_accuracy,46,2.0055638222164713,1.0351297146923724,0.5291666666666667,0.0371718226445745,0.0185859113222872,4,102.25,69,135,g2,post
g2post,A/RL/AL,congruency,time_resolved_trial_response,glm_clean,balanced_accuracy,0,-0.9704341075240992,1.0351297146923724,0.5048611111111111,0.0170292353312495,0.0085146176656247,4,102.25,69,135,g2,post
g2post,A/RL/AL,congruency,time_resolved_trial_response,glm_clean,balanced_accuracy,1,-0.9057385003558258,1.0351297146923724,0.5,0.0245326690731329,0.0122663345365664,4,102.25,69,135,g2,post
g2post,A/RL/AL,congruency,time_resolved_trial_response,glm_clean,balanced_accuracy,2,-0.8410428931875525,1.0351297146923724,0.4972222222222222,0.0235702260395515,0.0117851130197757,4,102.25,69,135,g2,post
g2post,A/RL/AL,congruency,time_resolved_trial_response,glm_clean,balanced_accuracy,3,-0.7763472860192793,1.0351297146923724,0.5048611111111112,0.0204596109203558,0.0102298054601779,4,102.25,69,135,g2,post
g2post,A/RL/AL,congruency,time_resolved_trial_response,glm_clean,balanced_accuracy,4,-0.711651678851006,1.0351297146923724,0.5034722222222222,0.042755826498718,0.021377913249359,4,102.25,69,135,g2,post
g2post,A/RL/AL,congruency,time_resolved_trial_response,glm_clean,balanced_accuracy,5,-0.6469560716827327,1.0351297146923724,0.5125000000000001,0.0097552349563451,0.0048776174781725,4,102.25,69,135,g2,post
g2post,A/RL/AL,congruency,time_resolved_trial_response,glm_clean,balanced_accuracy,6,-0.5822604645144595,1.0351297146923724,0.479861111111111,0.0094539712299361,0.004726985614968,4,102.25,69,135,g2,post
g2post,A/RL/AL,congruency,time_resolved_trial_response,glm_clean,balanced_accuracy,7,-0.5175648573461862,1.0351297146923724,0.4930555555555555,0.0470585398502705,0.0235292699251352,4,102.25,69,135,g2,post
g2post,A/RL/AL,congruency,time_resolved_trial_response,glm_clean,balanced_accuracy,8,-0.4528692501779129,1.0351297146923724,0.4777777777777777,0.0406353856620216,0.0203176928310108,4,102.25,69,135,g2,post
g2post,A/RL/AL,congruency,time_resolved_trial_response,glm_clean,balanced_accuracy,9,-0.3881736430096396,1.0351297146923724,0.4895833333333333,0.0270625513808805,0.0135312756904402,4,102.25,69,135,g2,post
g2post,A/RL/AL,congruency,time_resolved_trial_response,glm_clean,balanced_accuracy,10,-0.3234780358413663,1.0351297146923724,0.4868055555555555,0.0363153058685895,0.0181576529342947,4,102.25,69,135,g2,post
g2post,A/RL/AL,congruency,time_resolved_trial_response,glm_clean,balanced_accuracy,11,-0.2587824286730931,1.0351297146923724,0.5048611111111111,0.0214417336609434,0.0107208668304717,4,102.25,69,135,g2,post
g2post,A/RL/AL,congruency,time_resolved_trial_response,glm_clean,balanced_accuracy,12,-0.1940868215048198,1.0351297146923724,0.4965277777777778,0.0091778831488884,0.0045889415744442,4,102.25,69,135,g2,post
g2post,A/RL/AL,congruency,time_resolved_trial_response,glm_clean,balanced_accuracy,13,-0.1293912143365465,1.0351297146923724,0.5097222222222223,0.0102690152837124,0.0051345076418562,4,102.25,69,135,g2,post
g2post,A/RL/AL,congruency,time_resolved_trial_response,glm_clean,balanced_accuracy,14,-0.0646956071682732,1.0351297146923724,0.5083333333333333,0.0334104047271643,0.0167052023635821,4,102.25,69,135,g2,post
g2post,A/RL/AL,congruency,time_resolved_trial_response,glm_clean,balanced_accuracy,15,0.0,1.0351297146923724,0.4951388888888888,0.0360308938085356,0.0180154469042678,4,102.25,69,135,g2,post
g2post,A/RL/AL,congruency,time_resolved_trial_response,glm_clean,balanced_accuracy,16,0.0646956071682732,1.0351297146923724,0.4916666666666667,0.0280541803843391,0.0140270901921695,4,102.25,69,135,g2,post
g2post,A/RL/AL,congruency,time_resolved_trial_response,glm_clean,balanced_accuracy,17,0.1293912143365465,1.0351297146923724,0.4777777777777777,0.0193781940152373,0.0096890970076186,4,102.25,69,135,g2,post
g2post,A/RL/AL,congruency,time_resolved_trial_response,glm_clean,balanced_accuracy,18,0.1940868215048198,1.0351297146923724,0.5020833333333333,0.0363860615243121,0.018193030762156,4,102.25,69,135,g2,post
g2post,A/RL/AL,congruency,time_resolved_trial_response,glm_clean,balanced_accuracy,19,0.2587824286730931,1.0351297146923724,0.5,0.0188398055086813,0.0094199027543406,4,102.25,69,135,g2,post
g2post,A/RL/AL,congruency,time_resolved_trial_response,glm_clean,balanced_accuracy,20,0.3234780358413663,1.0351297146923724,0.4645833333333333,0.0181974481546606,0.0090987240773303,4,102.25,69,135,g2,post
g2post,A/RL/AL,congruency,time_resolved_trial_response,glm_clean,balanced_accuracy,21,0.3881736430096396,1.0351297146923724,0.4833333333333333,0.0096225044864937,0.0048112522432468,4,102.25,69,135,g2,post
g2post,A/RL/AL,congruency,time_resolved_trial_response,glm_clean,balanced_accuracy,22,0.4528692501779129,1.0351297146923724,0.4826388888888889,0.0581069239338437,0.0290534619669218,4,102.25,69,135,g2,post
g2post,A/RL/AL,congruency,time_resolved_trial_response,glm_clean,balanced_accuracy,23,0.5175648573461862,1.0351297146923724,0.4979166666666667,0.0138657214183998,0.0069328607091999,4,102.25,69,135,g2,post
g2post,A/RL/AL,congruency,time_resolved_trial_response,glm_clean,balanced_accuracy,24,0.5822604645144595,1.0351297146923724,0.4993055555555555,0.0332077108156097,0.0166038554078048,4,102.25,69,135,g2,post
g2post,A/RL/AL,congruency,time_resolved_trial_response,glm_clean,balanced_accuracy,25,0.6469560716827327,1.0351297146923724,0.4993055555555555,0.0309631900133443,0.0154815950066721,4,102.25,69,135,g2,post
g2post,A/RL/AL,congruency,time_resolved_trial_response,glm_clean,balanced_accuracy,26,0.711651678851006,1.0351297146923724,0.5076388888888889,0.0246764036504378,0.0123382018252189,4,102.25,69,135,g2,post
g2post,A/RL/AL,congruency,time_resolved_trial_response,glm_clean,balanced_accuracy,27,0.7763472860192793,1.0351297146923724,0.4715277777777777,0.0302913663017696,0.0151456831508848,4,102.25,69,135,g2,post
g2post,A/RL/AL,congruency,time_resolved_trial_response,glm_clean,balanced_accuracy,28,0.8410428931875525,1.0351297146923724,0.5166666666666667,0.0321551025077505,0.0160775512538752,4,102.25,69,135,g2,post
g2post,A/RL/AL,congruency,time_resolved_trial_response,glm_clean,balanced_accuracy,29,0.9057385003558258,1.0351297146923724,0.5194444444444444,0.0427332620711641,0.021366631035582,4,102.25,69,135,g2,post
g2post,A/RL/AL,congruency,time_resolved_trial_response,glm_clean,balanced_accuracy,30,0.9704341075240992,1.0351297146923724,0.4923611111111111,0.0224954270615858,0.0112477135307929,4,102.25,69,135,g2,post
g2post,A/RL/AL,congruency,time_resolved_trial_response,glm_clean,balanced_accuracy,31,1.0351297146923724,1.0351297146923724,0.4881944444444445,0.0249871366083585,0.0124935683041792,4,102.25,69,135,g2,post
g2post,A/RL/AL,congruency,time_resolved_trial_response,glm_clean,balanced_accuracy,32,1.0998253218606455,1.0351297146923724,0.5118055555555555,0.0354552259232329,0.0177276129616164,4,102.25,69,135,g2,post
g2post,A/RL/AL,congruency,time_resolved_trial_response,glm_clean,balanced_accuracy,33,1.164520929028919,1.0351297146923724,0.5069444444444444,0.0380531899778416,0.0190265949889208,4,102.25,69,135,g2,post
g2post,A/RL/AL,congruency,time_resolved_trial_response,glm_clean,balanced_accuracy,34,1.229216536197192,1.0351297146923724,0.479861111111111,0.0396340643070824,0.0198170321535412,4,102.25,69,135,g2,post
g2post,A/RL/AL,congruency,time_resolved_trial_response,glm_clean,balanced_accuracy,35,1.2939121433654657,1.0351297146923724,0.5125000000000001,0.0338311590860095,0.0169155795430047,4,102.25,69,135,g2,post
g2post,A/RL/AL,congruency,time_resolved_trial_response,glm_clean,balanced_accuracy,36,1.3586077505337386,1.0351297146923724,0.507638888888889,0.0352369258946074,0.0176184629473037,4,102.25,69,135,g2,post
g2post,A/RL/AL,congruency,time_resolved_trial_response,glm_clean,balanced_accuracy,37,1.423303357702012,1.0351297146923724,0.5013888888888889,0.0385901221929161,0.019295061096458,4,102.25,69,135,g2,post
g2post,A/RL/AL,congruency,time_resolved_trial_response,glm_clean,balanced_accuracy,38,1.4879989648702852,1.0351297146923724,0.4798611111111112,0.0551081521756445,0.0275540760878222,4,102.25,69,135,g2,post
g2post,A/RL/AL,congruency,time_resolved_trial_response,glm_clean,balanced_accuracy,39,1.5526945720385583,1.0351297146923724,0.5055555555555555,0.0387563880304747,0.0193781940152373,4,102.25,69,135,g2,post
g2post,A/RL/AL,congruency,time_resolved_trial_response,glm_clean,balanced_accuracy,40,1.6173901792068317,1.0351297146923724,0.5083333333333333,0.0199020233890783,0.0099510116945391,4,102.25,69,135,g2,post
g2post,A/RL/AL,congruency,time_resolved_trial_response,glm_clean,balanced_accuracy,41,1.682085786375105,1.0351297146923724,0.4763888888888888,0.0366764857784043,0.0183382428892021,4,102.25,69,135,g2,post
g2post,A/RL/AL,congruency,time_resolved_trial_response,glm_clean,balanced_accuracy,42,1.7467813935433782,1.0351297146923724,0.4611111111111111,0.0369211148840312,0.0184605574420156,4,102.25,69,135,g2,post
g2post,A/RL/AL,congruency,time_resolved_trial_response,glm_clean,balanced_accuracy,43,1.8114770007116516,1.0351297146923724,0.4944444444444444,0.022566773346211,0.0112833866731055,4,102.25,69,135,g2,post
g2post,A/RL/AL,congruency,time_resolved_trial_response,glm_clean,balanced_accuracy,44,1.8761726078799248,1.0351297146923724,0.4875,0.0354642925966769,0.0177321462983384,4,102.25,69,135,g2,post
g2post,A/RL/AL,congruency,time_resolved_trial_response,glm_clean,balanced_accuracy,45,1.9408682150481984,1.0351297146923724,0.5111111111111112,0.0182855719056773,0.0091427859528386,4,102.25,69,135,g2,post
g2post,A/RL/AL,congruency,time_resolved_trial_response,glm_clean,balanced_accuracy,46,2.0055638222164713,1.0351297146923724,0.5145833333333333,0.0442922742197276,0.0221461371098638,4,102.25,69,135,g2,post
g2post,A/RL/AL,modality,time_resolved_trial_response,glm_clean,balanced_accuracy,0,-0.9704341075240992,1.0351297146923724,0.3298611111111111,0.0244319903739977,0.0122159951869988,4,102.25,69,135,g2,post
g2post,A/RL/AL,modality,time_resolved_trial_response,glm_clean,balanced_accuracy,1,-0.9057385003558258,1.0351297146923724,0.3546296296296296,0.0037800767635542,0.0018900383817771,4,102.25,69,135,g2,post
g2post,A/RL/AL,modality,time_resolved_trial_response,glm_clean,balanced_accuracy,2,-0.8410428931875525,1.0351297146923724,0.3300925925925926,0.0059768261515546,0.0029884130757773,4,102.25,69,135,g2,post
g2post,A/RL/AL,modality,time_resolved_trial_response,glm_clean,balanced_accuracy,3,-0.7763472860192793,1.0351297146923724,0.3203703703703704,0.0118335120448647,0.0059167560224323,4,102.25,69,135,g2,post
g2post,A/RL/AL,modality,time_resolved_trial_response,glm_clean,balanced_accuracy,4,-0.711651678851006,1.0351297146923724,0.343287037037037,0.0188303225436124,0.0094151612718062,4,102.25,69,135,g2,post
g2post,A/RL/AL,modality,time_resolved_trial_response,glm_clean,balanced_accuracy,5,-0.6469560716827327,1.0351297146923724,0.3356481481481481,0.0177703816919565,0.0088851908459782,4,102.25,69,135,g2,post
g2post,A/RL/AL,modality,time_resolved_trial_response,glm_clean,balanced_accuracy,6,-0.5822604645144595,1.0351297146923724,0.3326388888888889,0.0102655360305941,0.005132768015297,4,102.25,69,135,g2,post
g2post,A/RL/AL,modality,time_resolved_trial_response,glm_clean,balanced_accuracy,7,-0.5175648573461862,1.0351297146923724,0.3344907407407407,0.0057762244667323,0.0028881122333661,4,102.25,69,135,g2,post
g2post,A/RL/AL,modality,time_resolved_trial_response,glm_clean,balanced_accuracy,8,-0.4528692501779129,1.0351297146923724,0.3444444444444444,0.018503079984348,0.009251539992174,4,102.25,69,135,g2,post
g2post,A/RL/AL,modality,time_resolved_trial_response,glm_clean,balanced_accuracy,9,-0.3881736430096396,1.0351297146923724,0.3472222222222222,0.0151769022878324,0.0075884511439162,4,102.25,69,135,g2,post
g2post,A/RL/AL,modality,time_resolved_trial_response,glm_clean,balanced_accuracy,10,-0.3234780358413663,1.0351297146923724,0.3430555555555555,0.0168117825078966,0.0084058912539483,4,102.25,69,135,g2,post
g2post,A/RL/AL,modality,time_resolved_trial_response,glm_clean,balanced_accuracy,11,-0.2587824286730931,1.0351297146923724,0.3335648148148148,0.0117456419648691,0.0058728209824345,4,102.25,69,135,g2,post
g2post,A/RL/AL,modality,time_resolved_trial_response,glm_clean,balanced_accuracy,12,-0.1940868215048198,1.0351297146923724,0.3377314814814814,0.0122925167105109,0.0061462583552554,4,102.25,69,135,g2,post
g2post,A/RL/AL,modality,time_resolved_trial_response,glm_clean,balanced_accuracy,13,-0.1293912143365465,1.0351297146923724,0.34375,0.021024500154992,0.010512250077496,4,102.25,69,135,g2,post
g2post,A/RL/AL,modality,time_resolved_trial_response,glm_clean,balanced_accuracy,14,-0.0646956071682732,1.0351297146923724,0.3418981481481482,0.0079065978132404,0.0039532989066202,4,102.25,69,135,g2,post
g2post,A/RL/AL,modality,time_resolved_trial_response,glm_clean,balanced_accuracy,15,0.0,1.0351297146923724,0.3541666666666667,0.0206421266755629,0.0103210633377814,4,102.25,69,135,g2,post
g2post,A/RL/AL,modality,time_resolved_trial_response,glm_clean,balanced_accuracy,16,0.0646956071682732,1.0351297146923724,0.35625,0.0349355586129845,0.0174677793064922,4,102.25,69,135,g2,post
g2post,A/RL/AL,modality,time_resolved_trial_response,glm_clean,balanced_accuracy,17,0.1293912143365465,1.0351297146923724,0.3631944444444444,0.0284323594279983,0.0142161797139991,4,102.25,69,135,g2,post
g2post,A/RL/AL,modality,time_resolved_trial_response,glm_clean,balanced_accuracy,18,0.1940868215048198,1.0351297146923724,0.4995370370370371,0.0680350813243383,0.0340175406621691,4,102.25,69,135,g2,post
g2post,A/RL/AL,modality,time_resolved_trial_response,glm_clean,balanced_accuracy,19,0.2587824286730931,1.0351297146923724,0.6671296296296296,0.1269937027915039,0.0634968513957519,4,102.25,69,135,g2,post
g2post,A/RL/AL,modality,time_resolved_trial_response,glm_clean,balanced_accuracy,20,0.3234780358413663,1.0351297146923724,0.6752314814814814,0.1148033023897728,0.0574016511948864,4,102.25,69,135,g2,post
g2post,A/RL/AL,modality,time_resolved_trial_response,glm_clean,balanced_accuracy,21,0.3881736430096396,1.0351297146923724,0.7050925925925926,0.0834104581377477,0.0417052290688738,4,102.25,69,135,g2,post
g2post,A/RL/AL,modality,time_resolved_trial_response,glm_clean,balanced_accuracy,22,0.4528692501779129,1.0351297146923724,0.7215277777777778,0.07330766713214,0.03665383356607,4,102.25,69,135,g2,post
g2post,A/RL/AL,modality,time_resolved_trial_response,glm_clean,balanced_accuracy,23,0.5175648573461862,1.0351297146923724,0.7347222222222223,0.0765425876119668,0.0382712938059834,4,102.25,69,135,g2,post
g2post,A/RL/AL,modality,time_resolved_trial_response,glm_clean,balanced_accuracy,24,0.5822604645144595,1.0351297146923724,0.7620370370370371,0.0809783851214728,0.0404891925607364,4,102.25,69,135,g2,post
g2post,A/RL/AL,modality,time_resolved_trial_response,glm_clean,balanced_accuracy,25,0.6469560716827327,1.0351297146923724,0.768287037037037,0.0864650729932995,0.0432325364966497,4,102.25,69,135,g2,post
g2post,A/RL/AL,modality,time_resolved_trial_response,glm_clean,balanced_accuracy,26,0.711651678851006,1.0351297146923724,0.7703703703703704,0.0872239914894865,0.0436119957447432,4,102.25,69,135,g2,post
g2post,A/RL/AL,modality,time_resolved_trial_response,glm_clean,balanced_accuracy,27,0.7763472860192793,1.0351297146923724,0.7710648148148148,0.0716556400423978,0.0358278200211989,4,102.25,69,135,g2,post
g2post,A/RL/AL,modality,time_resolved_trial_response,glm_clean,balanced_accuracy,28,0.8410428931875525,1.0351297146923724,0.7761574074074075,0.0839836593018015,0.0419918296509007,4,102.25,69,135,g2,post
g2post,A/RL/AL,modality,time_resolved_trial_response,glm_clean,balanced_accuracy,29,0.9057385003558258,1.0351297146923724,0.7944444444444445,0.0729662529809094,0.0364831264904547,4,102.25,69,135,g2,post
g2post,A/RL/AL,modality,time_resolved_trial_response,glm_clean,balanced_accuracy,30,0.9704341075240992,1.0351297146923724,0.7840277777777778,0.0889672205013236,0.0444836102506618,4,102.25,69,135,g2,post
g2post,A/RL/AL,modality,time_resolved_trial_response,glm_clean,balanced_accuracy,31,1.0351297146923724,1.0351297146923724,0.7844907407407408,0.0856247882725113,0.0428123941362556,4,102.25,69,135,g2,post
g2post,A/RL/AL,modality,time_resolved_trial_response,glm_clean,balanced_accuracy,32,1.0998253218606455,1.0351297146923724,0.7796296296296297,0.0782064904214025,0.0391032452107012,4,102.25,69,135,g2,post
g2post,A/RL/AL,modality,time_resolved_trial_response,glm_clean,balanced_accuracy,33,1.164520929028919,1.0351297146923724,0.7900462962962963,0.0822264450867538,0.0411132225433769,4,102.25,69,135,g2,post
g2post,A/RL/AL,modality,time_resolved_trial_response,glm_clean,balanced_accuracy,34,1.229216536197192,1.0351297146923724,0.7833333333333333,0.0755675069221117,0.0377837534610558,4,102.25,69,135,g2,post
g2post,A/RL/AL,modality,time_resolved_trial_response,glm_clean,balanced_accuracy,35,1.2939121433654657,1.0351297146923724,0.7868055555555555,0.0759047508864435,0.0379523754432217,4,102.25,69,135,g2,post
g2post,A/RL/AL,modality,time_resolved_trial_response,glm_clean,balanced_accuracy,36,1.3586077505337386,1.0351297146923724,0.7740740740740741,0.0733490755020161,0.036674537751008,4,102.25,69,135,g2,post
g2post,A/RL/AL,modality,time_resolved_trial_response,glm_clean,balanced_accuracy,37,1.423303357702012,1.0351297146923724,0.7592592592592592,0.0773762415847016,0.0386881207923508,4,102.25,69,135,g2,post
g2post,A/RL/AL,modality,time_resolved_trial_response,glm_clean,balanced_accuracy,38,1.4879989648702852,1.0351297146923724,0.7504629629629629,0.0727996071933006,0.0363998035966503,4,102.25,69,135,g2,post
g2post,A/RL/AL,modality,time_resolved_trial_response,glm_clean,balanced_accuracy,39,1.5526945720385583,1.0351297146923724,0.7418981481481481,0.071910434149377,0.0359552170746885,4,102.25,69,135,g2,post
g2post,A/RL/AL,modality,time_resolved_trial_response,glm_clean,balanced_accuracy,40,1.6173901792068317,1.0351297146923724,0.7266203703703704,0.0901954356990525,0.0450977178495262,4,102.25,69,135,g2,post
g2post,A/RL/AL,modality,time_resolved_trial_response,glm_clean,balanced_accuracy,41,1.682085786375105,1.0351297146923724,0.7263888888888889,0.0797246776983805,0.0398623388491902,4,102.25,69,135,g2,post
g2post,A/RL/AL,modality,time_resolved_trial_response,glm_clean,balanced_accuracy,42,1.7467813935433782,1.0351297146923724,0.7092592592592593,0.0969558372920491,0.0484779186460245,4,102.25,69,135,g2,post
g2post,A/RL/AL,modality,time_resolved_trial_response,glm_clean,balanced_accuracy,43,1.8114770007116516,1.0351297146923724,0.6993055555555556,0.0853941847023468,0.0426970923511734,4,102.25,69,135,g2,post
g2post,A/RL/AL,modality,time_resolved_trial_response,glm_clean,balanced_accuracy,44,1.8761726078799248,1.0351297146923724,0.6715277777777778,0.0988571381728115,0.0494285690864057,4,102.25,69,135,g2,post
g2post,A/RL/AL,modality,time_resolved_trial_response,glm_clean,balanced_accuracy,45,1.9408682150481984,1.0351297146923724,0.642824074074074,0.085808158839686,0.042904079419843,4,102.25,69,135,g2,post
g2post,A/RL/AL,modality,time_resolved_trial_response,glm_clean,balanced_accuracy,46,2.0055638222164713,1.0351297146923724,0.6178240740740741,0.0852333968508168,0.0426166984254084,4,102.25,69,135,g2,post
g2post,A/RL/AL,trial_type,time_resolved_trial_response,glm_clean,balanced_accuracy,0,-0.9704341075240992,1.0351297146923724,0.1229166666666666,0.0160575418481709,0.0080287709240854,4,102.25,69,135,g2,post
g2post,A/RL/AL,trial_type,time_resolved_trial_response,glm_clean,balanced_accuracy,1,-0.9057385003558258,1.0351297146923724,0.1340277777777777,0.0154452104792706,0.0077226052396353,4,102.25,69,135,g2,post
g2post,A/RL/AL,trial_type,time_resolved_trial_response,glm_clean,balanced_accuracy,2,-0.8410428931875525,1.0351297146923724,0.1270833333333333,0.0101746578591832,0.0050873289295916,4,102.25,69,135,g2,post
g2post,A/RL/AL,trial_type,time_resolved_trial_response,glm_clean,balanced_accuracy,3,-0.7763472860192793,1.0351297146923724,0.1225694444444444,0.0179080513308716,0.0089540256654358,4,102.25,69,135,g2,post
g2post,A/RL/AL,trial_type,time_resolved_trial_response,glm_clean,balanced_accuracy,4,-0.711651678851006,1.0351297146923724,0.1326388888888889,0.0129049628377466,0.0064524814188733,4,102.25,69,135,g2,post
g2post,A/RL/AL,trial_type,time_resolved_trial_response,glm_clean,balanced_accuracy,5,-0.6469560716827327,1.0351297146923724,0.1197916666666666,0.0142262273729717,0.0071131136864858,4,102.25,69,135,g2,post
g2post,A/RL/AL,trial_type,time_resolved_trial_response,glm_clean,balanced_accuracy,6,-0.5822604645144595,1.0351297146923724,0.1239583333333333,0.0103547542807152,0.0051773771403576,4,102.25,69,135,g2,post
g2post,A/RL/AL,trial_type,time_resolved_trial_response,glm_clean,balanced_accuracy,7,-0.5175648573461862,1.0351297146923724,0.1170138888888888,0.013578712385243,0.0067893561926215,4,102.25,69,135,g2,post
g2post,A/RL/AL,trial_type,time_resolved_trial_response,glm_clean,balanced_accuracy,8,-0.4528692501779129,1.0351297146923724,0.1288194444444444,0.0148455266155777,0.0074227633077888,4,102.25,69,135,g2,post
g2post,A/RL/AL,trial_type,time_resolved_trial_response,glm_clean,balanced_accuracy,9,-0.3881736430096396,1.0351297146923724,0.1239583333333333,0.0038247017689486,0.0019123508844743,4,102.25,69,135,g2,post
g2post,A/RL/AL,trial_type,time_resolved_trial_response,glm_clean,balanced_accuracy,10,-0.3234780358413663,1.0351297146923724,0.1340277777777777,0.0137258954447903,0.0068629477223951,4,102.25,69,135,g2,post
g2post,A/RL/AL,trial_type,time_resolved_trial_response,glm_clean,balanced_accuracy,11,-0.2587824286730931,1.0351297146923724,0.1288194444444444,0.0157696493798621,0.007884824689931,4,102.25,69,135,g2,post
g2post,A/RL/AL,trial_type,time_resolved_trial_response,glm_clean,balanced_accuracy,12,-0.1940868215048198,1.0351297146923724,0.1208333333333333,0.017750268067297,0.0088751340336485,4,102.25,69,135,g2,post
g2post,A/RL/AL,trial_type,time_resolved_trial_response,glm_clean,balanced_accuracy,13,-0.1293912143365465,1.0351297146923724,0.1239583333333333,0.0091691214446011,0.0045845607223005,4,102.25,69,135,g2,post
g2post,A/RL/AL,trial_type,time_resolved_trial_response,glm_clean,balanced_accuracy,14,-0.0646956071682732,1.0351297146923724,0.1315972222222222,0.0127986443951658,0.0063993221975829,4,102.25,69,135,g2,post
g2post,A/RL/AL,trial_type,time_resolved_trial_response,glm_clean,balanced_accuracy,15,0.0,1.0351297146923724,0.1381944444444444,0.0048776174781725,0.0024388087390862,4,102.25,69,135,g2,post
g2post,A/RL/AL,trial_type,time_resolved_trial_response,glm_clean,balanced_accuracy,16,0.0646956071682732,1.0351297146923724,0.1385416666666666,0.0106002343906067,0.0053001171953033,4,102.25,69,135,g2,post
g2post,A/RL/AL,trial_type,time_resolved_trial_response,glm_clean,balanced_accuracy,17,0.1293912143365465,1.0351297146923724,0.1298611111111111,0.0099186505951984,0.0049593252975992,4,102.25,69,135,g2,post
g2post,A/RL/AL,trial_type,time_resolved_trial_response,glm_clean,balanced_accuracy,18,0.1940868215048198,1.0351297146923724,0.2045138888888888,0.0305634459509241,0.015281722975462,4,102.25,69,135,g2,post
g2post,A/RL/AL,trial_type,time_resolved_trial_response,glm_clean,balanced_accuracy,19,0.2587824286730931,1.0351297146923724,0.3017361111111111,0.0813528156058281,0.040676407802914,4,102.25,69,135,g2,post
g2post,A/RL/AL,trial_type,time_resolved_trial_response,glm_clean,balanced_accuracy,20,0.3234780358413663,1.0351297146923724,0.3506944444444445,0.0695231035998564,0.0347615517999282,4,102.25,69,135,g2,post
g2post,A/RL/AL,trial_type,time_resolved_trial_response,glm_clean,balanced_accuracy,21,0.3881736430096396,1.0351297146923724,0.4065972222222222,0.0620961748256971,0.0310480874128485,4,102.25,69,135,g2,post
g2post,A/RL/AL,trial_type,time_resolved_trial_response,glm_clean,balanced_accuracy,22,0.4528692501779129,1.0351297146923724,0.4190972222222222,0.0619302736656015,0.0309651368328007,4,102.25,69,135,g2,post
g2post,A/RL/AL,trial_type,time_resolved_trial_response,glm_clean,balanced_accuracy,23,0.5175648573461862,1.0351297146923724,0.4621527777777778,0.0921520189619599,0.0460760094809799,4,102.25,69,135,g2,post
g2post,A/RL/AL,trial_type,time_resolved_trial_response,glm_clean,balanced_accuracy,24,0.5822604645144595,1.0351297146923724,0.4760416666666666,0.0929855665488991,0.0464927832744495,4,102.25,69,135,g2,post
g2post,A/RL/AL,trial_type,time_resolved_trial_response,glm_clean,balanced_accuracy,25,0.6469560716827327,1.0351297146923724,0.4777777777777778,0.1139058252989594,0.0569529126494797,4,102.25,69,135,g2,post
g2post,A/RL/AL,trial_type,time_resolved_trial_response,glm_clean,balanced_accuracy,26,0.711651678851006,1.0351297146923724,0.4659722222222222,0.0772926337665362,0.0386463168832681,4,102.25,69,135,g2,post
g2post,A/RL/AL,trial_type,time_resolved_trial_response,glm_clean,balanced_accuracy,27,0.7763472860192793,1.0351297146923724,0.4645833333333333,0.0888635669951113,0.0444317834975556,4,102.25,69,135,g2,post
g2post,A/RL/AL,trial_type,time_resolved_trial_response,glm_clean,balanced_accuracy,28,0.8410428931875525,1.0351297146923724,0.4604166666666667,0.089562695009968,0.044781347504984,4,102.25,69,135,g2,post
g2post,A/RL/AL,trial_type,time_resolved_trial_response,glm_clean,balanced_accuracy,29,0.9057385003558258,1.0351297146923724,0.4729166666666666,0.0889069715403543,0.0444534857701771,4,102.25,69,135,g2,post
g2post,A/RL/AL,trial_type,time_resolved_trial_response,glm_clean,balanced_accuracy,30,0.9704341075240992,1.0351297146923724,0.4694444444444444,0.1016960087186336,0.0508480043593168,4,102.25,69,135,g2,post
g2post,A/RL/AL,trial_type,time_resolved_trial_response,glm_clean,balanced_accuracy,31,1.0351297146923724,1.0351297146923724,0.4878472222222222,0.0969531660620994,0.0484765830310497,4,102.25,69,135,g2,post
g2post,A/RL/AL,trial_type,time_resolved_trial_response,glm_clean,balanced_accuracy,32,1.0998253218606455,1.0351297146923724,0.4656249999999999,0.0907032353518448,0.0453516176759224,4,102.25,69,135,g2,post
g2post,A/RL/AL,trial_type,time_resolved_trial_response,glm_clean,balanced_accuracy,33,1.164520929028919,1.0351297146923724,0.4715277777777777,0.1153502672575083,0.0576751336287541,4,102.25,69,135,g2,post
g2post,A/RL/AL,trial_type,time_resolved_trial_response,glm_clean,balanced_accuracy,34,1.229216536197192,1.0351297146923724,0.471875,0.0978838269069964,0.0489419134534982,4,102.25,69,135,g2,post
g2post,A/RL/AL,trial_type,time_resolved_trial_response,glm_clean,balanced_accuracy,35,1.2939121433654657,1.0351297146923724,0.4784722222222222,0.1043393630174975,0.0521696815087487,4,102.25,69,135,g2,post
g2post,A/RL/AL,trial_type,time_resolved_trial_response,glm_clean,balanced_accuracy,36,1.3586077505337386,1.0351297146923724,0.4697916666666666,0.0908802899921291,0.0454401449960645,4,102.25,69,135,g2,post
g2post,A/RL/AL,trial_type,time_resolved_trial_response,glm_clean,balanced_accuracy,37,1.423303357702012,1.0351297146923724,0.4423611111111111,0.0950721244515794,0.0475360622257897,4,102.25,69,135,g2,post
g2post,A/RL/AL,trial_type,time_resolved_trial_response,glm_clean,balanced_accuracy,38,1.4879989648702852,1.0351297146923724,0.4253472222222222,0.1063891004252804,0.0531945502126402,4,102.25,69,135,g2,post
g2post,A/RL/AL,trial_type,time_resolved_trial_response,glm_clean,balanced_accuracy,39,1.5526945720385583,1.0351297146923724,0.4125,0.1149062509268212,0.0574531254634106,4,102.25,69,135,g2,post
g2post,A/RL/AL,trial_type,time_resolved_trial_response,glm_clean,balanced_accuracy,40,1.6173901792068317,1.0351297146923724,0.4069444444444444,0.0949875452091271,0.0474937726045635,4,102.25,69,135,g2,post
g2post,A/RL/AL,trial_type,time_resolved_trial_response,glm_clean,balanced_accuracy,41,1.682085786375105,1.0351297146923724,0.4027777777777778,0.102294911756125,0.0511474558780625,4,102.25,69,135,g2,post
g2post,A/RL/AL,trial_type,time_resolved_trial_response,glm_clean,balanced_accuracy,42,1.7467813935433782,1.0351297146923724,0.3885416666666667,0.1076090161653859,0.0538045080826929,4,102.25,69,135,g2,post
g2post,A/RL/AL,trial_type,time_resolved_trial_response,glm_clean,balanced_accuracy,43,1.8114770007116516,1.0351297146923724,0.3722222222222222,0.0968577825533512,0.0484288912766756,4,102.25,69,135,g2,post
g2post,A/RL/AL,trial_type,time_resolved_trial_response,glm_clean,balanced_accuracy,44,1.8761726078799248,1.0351297146923724,0.3513888888888889,0.0956822480536102,0.0478411240268051,4,102.25,69,135,g2,post
g2post,A/RL/AL,trial_type,time_resolved_trial_response,glm_clean,balanced_accuracy,45,1.9408682150481984,1.0351297146923724,0.3371527777777777,0.0806861569021468,0.0403430784510734,4,102.25,69,135,g2,post
g2post,A/RL/AL,trial_type,time_resolved_trial_response,glm_clean,balanced_accuracy,46,2.0055638222164713,1.0351297146923724,0.3111111111111111,0.0890406690268033,0.0445203345134016,4,102.25,69,135,g2,post
g2post,A/RL/AL,visual_direction,time_resolved_trial_response,glm_clean,balanced_accuracy,0,-0.9704341075240992,1.0351297146923724,0.5013888888888889,0.0209171837961202,0.0104585918980601,4,102.25,69,135,g2,post
g2post,A/RL/AL,visual_direction,time_resolved_trial_response,glm_clean,balanced_accuracy,1,-0.9057385003558258,1.0351297146923724,0.5101851851851852,0.0146206410892926,0.0073103205446463,4,102.25,69,135,g2,post
g2post,A/RL/AL,visual_direction,time_resolved_trial_response,glm_clean,balanced_accuracy,2,-0.8410428931875525,1.0351297146923724,0.5087962962962963,0.0204194134654606,0.0102097067327303,4,102.25,69,135,g2,post
g2post,A/RL/AL,visual_direction,time_resolved_trial_response,glm_clean,balanced_accuracy,3,-0.7763472860192793,1.0351297146923724,0.4981481481481481,0.0161440701612617,0.0080720350806308,4,102.25,69,135,g2,post
g2post,A/RL/AL,visual_direction,time_resolved_trial_response,glm_clean,balanced_accuracy,4,-0.711651678851006,1.0351297146923724,0.5078703703703704,0.0368630171062858,0.0184315085531429,4,102.25,69,135,g2,post
g2post,A/RL/AL,visual_direction,time_resolved_trial_response,glm_clean,balanced_accuracy,5,-0.6469560716827327,1.0351297146923724,0.4763888888888888,0.025045682998356,0.012522841499178,4,102.25,69,135,g2,post
g2post,A/RL/AL,visual_direction,time_resolved_trial_response,glm_clean,balanced_accuracy,6,-0.5822604645144595,1.0351297146923724,0.5101851851851852,0.0248221842751643,0.0124110921375821,4,102.25,69,135,g2,post
g2post,A/RL/AL,visual_direction,time_resolved_trial_response,glm_clean,balanced_accuracy,7,-0.5175648573461862,1.0351297146923724,0.499537037037037,0.0193265088943867,0.0096632544471933,4,102.25,69,135,g2,post
g2post,A/RL/AL,visual_direction,time_resolved_trial_response,glm_clean,balanced_accuracy,8,-0.4528692501779129,1.0351297146923724,0.5074074074074074,0.0065907890444637,0.0032953945222318,4,102.25,69,135,g2,post
g2post,A/RL/AL,visual_direction,time_resolved_trial_response,glm_clean,balanced_accuracy,9,-0.3881736430096396,1.0351297146923724,0.475462962962963,0.034325927790832,0.017162963895416,4,102.25,69,135,g2,post
g2post,A/RL/AL,visual_direction,time_resolved_trial_response,glm_clean,balanced_accuracy,10,-0.3234780358413663,1.0351297146923724,0.5152777777777778,0.0144535425604544,0.0072267712802272,4,102.25,69,135,g2,post
g2post,A/RL/AL,visual_direction,time_resolved_trial_response,glm_clean,balanced_accuracy,11,-0.2587824286730931,1.0351297146923724,0.5125000000000001,0.0194444444444444,0.0097222222222222,4,102.25,69,135,g2,post
g2post,A/RL/AL,visual_direction,time_resolved_trial_response,glm_clean,balanced_accuracy,12,-0.1940868215048198,1.0351297146923724,0.4939814814814814,0.0428834673218866,0.0214417336609433,4,102.25,69,135,g2,post
g2post,A/RL/AL,visual_direction,time_resolved_trial_response,glm_clean,balanced_accuracy,13,-0.1293912143365465,1.0351297146923724,0.4888888888888889,0.0047814609212437,0.0023907304606218,4,102.25,69,135,g2,post
g2post,A/RL/AL,visual_direction,time_resolved_trial_response,glm_clean,balanced_accuracy,14,-0.0646956071682732,1.0351297146923724,0.4902777777777778,0.018041700920587,0.0090208504602935,4,102.25,69,135,g2,post
g2post,A/RL/AL,visual_direction,time_resolved_trial_response,glm_clean,balanced_accuracy,15,0.0,1.0351297146923724,0.5143518518518518,0.0159571184626055,0.0079785592313027,4,102.25,69,135,g2,post
g2post,A/RL/AL,visual_direction,time_resolved_trial_response,glm_clean,balanced_accuracy,16,0.0646956071682732,1.0351297146923724,0.5064814814814815,0.0301838596997472,0.0150919298498736,4,102.25,69,135,g2,post
g2post,A/RL/AL,visual_direction,time_resolved_trial_response,glm_clean,balanced_accuracy,17,0.1293912143365465,1.0351297146923724,0.5023148148148148,0.0305181214765015,0.0152590607382507,4,102.25,69,135,g2,post
g2post,A/RL/AL,visual_direction,time_resolved_trial_response,glm_clean,balanced_accuracy,18,0.1940868215048198,1.0351297146923724,0.5287037037037037,0.0509287316847735,0.0254643658423867,4,102.25,69,135,g2,post
g2post,A/RL/AL,visual_direction,time_resolved_trial_response,glm_clean,balanced_accuracy,19,0.2587824286730931,1.0351297146923724,0.6680555555555556,0.1083122275525845,0.0541561137762922,4,102.25,69,135,g2,post
g2post,A/RL/AL,visual_direction,time_resolved_trial_response,glm_clean,balanced_accuracy,20,0.3234780358413663,1.0351297146923724,0.7768518518518518,0.1201707746882045,0.0600853873441022,4,102.25,69,135,g2,post
g2post,A/RL/AL,visual_direction,time_resolved_trial_response,glm_clean,balanced_accuracy,21,0.3881736430096396,1.0351297146923724,0.8634259259259258,0.0774888076936722,0.0387444038468361,4,102.25,69,135,g2,post
g2post,A/RL/AL,visual_direction,time_resolved_trial_response,glm_clean,balanced_accuracy,22,0.4528692501779129,1.0351297146923724,0.8981481481481483,0.0583455797452695,0.0291727898726347,4,102.25,69,135,g2,post
g2post,A/RL/AL,visual_direction,time_resolved_trial_response,glm_clean,balanced_accuracy,23,0.5175648573461862,1.0351297146923724,0.9407407407407408,0.0425523159002816,0.0212761579501408,4,102.25,69,135,g2,post
g2post,A/RL/AL,visual_direction,time_resolved_trial_response,glm_clean,balanced_accuracy,24,0.5822604645144595,1.0351297146923724,0.9481481481481482,0.0514757079984922,0.0257378539992461,4,102.25,69,135,g2,post
g2post,A/RL/AL,visual_direction,time_resolved_trial_response,glm_clean,balanced_accuracy,25,0.6469560716827327,1.0351297146923724,0.9490740740740742,0.0545484854570749,0.0272742427285374,4,102.25,69,135,g2,post
g2post,A/RL/AL,visual_direction,time_resolved_trial_response,glm_clean,balanced_accuracy,26,0.711651678851006,1.0351297146923724,0.925925925925926,0.0613258479359002,0.0306629239679501,4,102.25,69,135,g2,post
g2post,A/RL/AL,visual_direction,time_resolved_trial_response,glm_clean,balanced_accuracy,27,0.7763472860192793,1.0351297146923724,0.9125,0.0749542613160692,0.0374771306580346,4,102.25,69,135,g2,post
g2post,A/RL/AL,visual_direction,time_resolved_trial_response,glm_clean,balanced_accuracy,28,0.8410428931875525,1.0351297146923724,0.911574074074074,0.0791959912477965,0.0395979956238982,4,102.25,69,135,g2,post
g2post,A/RL/AL,visual_direction,time_resolved_trial_response,glm_clean,balanced_accuracy,29,0.9057385003558258,1.0351297146923724,0.9166666666666666,0.0779832676412531,0.0389916338206265,4,102.25,69,135,g2,post
g2post,A/RL/AL,visual_direction,time_resolved_trial_response,glm_clean,balanced_accuracy,30,0.9704341075240992,1.0351297146923724,0.9342592592592592,0.0585314097380707,0.0292657048690353,4,102.25,69,135,g2,post
g2post,A/RL/AL,visual_direction,time_resolved_trial_response,glm_clean,balanced_accuracy,31,1.0351297146923724,1.0351297146923724,0.9208333333333334,0.0757733335650547,0.0378866667825273,4,102.25,69,135,g2,post
g2post,A/RL/AL,visual_direction,time_resolved_trial_response,glm_clean,balanced_accuracy,32,1.0998253218606455,1.0351297146923724,0.9185185185185184,0.0724986794891015,0.0362493397445507,4,102.25,69,135,g2,post
g2post,A/RL/AL,visual_direction,time_resolved_trial_response,glm_clean,balanced_accuracy,33,1.164520929028919,1.0351297146923724,0.9222222222222224,0.074182020112089,0.0370910100560445,4,102.25,69,135,g2,post
g2post,A/RL/AL,visual_direction,time_resolved_trial_response,glm_clean,balanced_accuracy,34,1.229216536197192,1.0351297146923724,0.912962962962963,0.0842813022313196,0.0421406511156598,4,102.25,69,135,g2,post
g2post,A/RL/AL,visual_direction,time_resolved_trial_response,glm_clean,balanced_accuracy,35,1.2939121433654657,1.0351297146923724,0.8986111111111111,0.0914044134811929,0.0457022067405964,4,102.25,69,135,g2,post
g2post,A/RL/AL,visual_direction,time_resolved_trial_response,glm_clean,balanced_accuracy,36,1.3586077505337386,1.0351297146923724,0.8935185185185185,0.0920415702984726,0.0460207851492363,4,102.25,69,135,g2,post
g2post,A/RL/AL,visual_direction,time_resolved_trial_response,glm_clean,balanced_accuracy,37,1.423303357702012,1.0351297146923724,0.8648148148148147,0.0957606183247992,0.0478803091623996,4,102.25,69,135,g2,post
g2post,A/RL/AL,visual_direction,time_resolved_trial_response,glm_clean,balanced_accuracy,38,1.4879989648702852,1.0351297146923724,0.8689814814814816,0.0945397122993618,0.0472698561496809,4,102.25,69,135,g2,post
g2post,A/RL/AL,visual_direction,time_resolved_trial_response,glm_clean,balanced_accuracy,39,1.5526945720385583,1.0351297146923724,0.8564814814814815,0.0851382049731188,0.0425691024865594,4,102.25,69,135,g2,post
g2post,A/RL/AL,visual_direction,time_resolved_trial_response,glm_clean,balanced_accuracy,40,1.6173901792068317,1.0351297146923724,0.8361111111111111,0.1123643316492274,0.0561821658246137,4,102.25,69,135,g2,post
g2post,A/RL/AL,visual_direction,time_resolved_trial_response,glm_clean,balanced_accuracy,41,1.682085786375105,1.0351297146923724,0.8097222222222222,0.1122409123498253,0.0561204561749126,4,102.25,69,135,g2,post
g2post,A/RL/AL,visual_direction,time_resolved_trial_response,glm_clean,balanced_accuracy,42,1.7467813935433782,1.0351297146923724,0.8004629629629629,0.1227669771611998,0.0613834885805999,4,102.25,69,135,g2,post
g2post,A/RL/AL,visual_direction,time_resolved_trial_response,glm_clean,balanced_accuracy,43,1.8114770007116516,1.0351297146923724,0.7902777777777777,0.1190802179548925,0.0595401089774462,4,102.25,69,135,g2,post
g2post,A/RL/AL,visual_direction,time_resolved_trial_response,glm_clean,balanced_accuracy,44,1.8761726078799248,1.0351297146923724,0.7861111111111111,0.1136087591695137,0.0568043795847568,4,102.25,69,135,g2,post
g2post,A/RL/AL,visual_direction,time_resolved_trial_response,glm_clean,balanced_accuracy,45,1.9408682150481984,1.0351297146923724,0.7601851851851852,0.1266906698793421,0.063345334939671,4,102.25,69,135,g2,post
g2post,A/RL/AL,visual_direction,time_resolved_trial_response,glm_clean,balanced_accuracy,46,2.0055638222164713,1.0351297146923724,0.7625,0.1114231728896198,0.0557115864448099,4,102.25,69,135,g2,post
g2post,AM/PM,auditory_direction,time_resolved_trial_response,glm_clean,balanced_accuracy,0,-0.9704341075240992,1.0351297146923724,0.4611111111111111,0.0497593660834977,0.0351851851851851,2,188.0,181,195,g2,post
g2post,AM/PM,auditory_direction,time_resolved_trial_response,glm_clean,balanced_accuracy,1,-0.9057385003558258,1.0351297146923724,0.4981481481481482,0.013094570021973,0.0092592592592592,2,188.0,181,195,g2,post
g2post,AM/PM,auditory_direction,time_resolved_trial_response,glm_clean,balanced_accuracy,2,-0.8410428931875525,1.0351297146923724,0.5064814814814815,0.0117851130197758,0.0083333333333333,2,188.0,181,195,g2,post
g2post,AM/PM,auditory_direction,time_resolved_trial_response,glm_clean,balanced_accuracy,3,-0.7763472860192793,1.0351297146923724,0.4898148148148148,0.0117851130197757,0.0083333333333333,2,188.0,181,195,g2,post
g2post,AM/PM,auditory_direction,time_resolved_trial_response,glm_clean,balanced_accuracy,4,-0.711651678851006,1.0351297146923724,0.5240740740740741,0.0314269680527355,0.0222222222222222,2,188.0,181,195,g2,post
g2post,AM/PM,auditory_direction,time_resolved_trial_response,glm_clean,balanced_accuracy,5,-0.6469560716827327,1.0351297146923724,0.4898148148148148,0.0065472850109865,0.0046296296296296,2,188.0,181,195,g2,post
g2post,AM/PM,auditory_direction,time_resolved_trial_response,glm_clean,balanced_accuracy,6,-0.5822604645144595,1.0351297146923724,0.499074074074074,0.037974253063722,0.0268518518518518,2,188.0,181,195,g2,post
g2post,AM/PM,auditory_direction,time_resolved_trial_response,glm_clean,balanced_accuracy,7,-0.5175648573461862,1.0351297146923724,0.5046296296296297,0.0117851130197758,0.0083333333333333,2,188.0,181,195,g2,post
g2post,AM/PM,auditory_direction,time_resolved_trial_response,glm_clean,balanced_accuracy,8,-0.4528692501779129,1.0351297146923724,0.4944444444444444,0.0314269680527354,0.0222222222222222,2,188.0,181,195,g2,post
g2post,AM/PM,auditory_direction,time_resolved_trial_response,glm_clean,balanced_accuracy,9,-0.3881736430096396,1.0351297146923724,0.4944444444444444,0.0157134840263676,0.011111111111111,2,188.0,181,195,g2,post
g2post,AM/PM,auditory_direction,time_resolved_trial_response,glm_clean,balanced_accuracy,10,-0.3234780358413663,1.0351297146923724,0.5296296296296297,1.1102230246251563e-16,7.850462293418876e-17,2,188.0,181,195,g2,post
g2post,AM/PM,auditory_direction,time_resolved_trial_response,glm_clean,balanced_accuracy,11,-0.2587824286730931,1.0351297146923724,0.5120370370370371,0.0222607690373543,0.0157407407407408,2,188.0,181,195,g2,post
g2post,AM/PM,auditory_direction,time_resolved_trial_response,glm_clean,balanced_accuracy,12,-0.1940868215048198,1.0351297146923724,0.4787037037037037,0.0379742530637219,0.0268518518518518,2,188.0,181,195,g2,post
g2post,AM/PM,auditory_direction,time_resolved_trial_response,glm_clean,balanced_accuracy,13,-0.1293912143365465,1.0351297146923724,0.5277777777777778,0.0523782800878924,0.037037037037037,2,188.0,181,195,g2,post
g2post,AM/PM,auditory_direction,time_resolved_trial_response,glm_clean,balanced_accuracy,14,-0.0646956071682732,1.0351297146923724,0.5194444444444445,0.0353553390593274,0.025,2,188.0,181,195,g2,post
g2post,AM/PM,auditory_direction,time_resolved_trial_response,glm_clean,balanced_accuracy,15,0.0,1.0351297146923724,0.4805555555555555,0.0248796830417489,0.0175925925925926,2,188.0,181,195,g2,post
g2post,AM/PM,auditory_direction,time_resolved_trial_response,glm_clean,balanced_accuracy,16,0.0646956071682732,1.0351297146923724,0.5018518518518518,0.0314269680527354,0.0222222222222222,2,188.0,181,195,g2,post
g2post,AM/PM,auditory_direction,time_resolved_trial_response,glm_clean,balanced_accuracy,17,0.1293912143365465,1.0351297146923724,0.4675925925925925,0.0170229410285649,0.012037037037037,2,188.0,181,195,g2,post
g2post,AM/PM,auditory_direction,time_resolved_trial_response,glm_clean,balanced_accuracy,18,0.1940868215048198,1.0351297146923724,0.5277777777777777,0.0288080540483407,0.0203703703703703,2,188.0,181,195,g2,post
g2post,AM/PM,auditory_direction,time_resolved_trial_response,glm_clean,balanced_accuracy,19,0.2587824286730931,1.0351297146923724,0.5157407407407407,0.0039283710065919,0.0027777777777777,2,188.0,181,195,g2,post
g2post,AM/PM,auditory_direction,time_resolved_trial_response,glm_clean,balanced_accuracy,20,0.3234780358413663,1.0351297146923724,0.5814814814814814,0.0157134840263678,0.0111111111111111,2,188.0,181,195,g2,post
g2post,AM/PM,auditory_direction,time_resolved_trial_response,glm_clean,balanced_accuracy,21,0.3881736430096396,1.0351297146923724,0.6444444444444446,0.0078567420131839,0.0055555555555556,2,188.0,181,195,g2,post
g2post,AM/PM,auditory_direction,time_resolved_trial_response,glm_clean,balanced_accuracy,22,0.4528692501779129,1.0351297146923724,0.6203703703703705,0.0261891400439462,0.0185185185185185,2,188.0,181,195,g2,post
g2post,AM/PM,auditory_direction,time_resolved_trial_response,glm_clean,balanced_accuracy,23,0.5175648573461862,1.0351297146923724,0.6351851851851852,0.0340458820571301,0.0240740740740741,2,188.0,181,195,g2,post
g2post,AM/PM,auditory_direction,time_resolved_trial_response,glm_clean,balanced_accuracy,24,0.5822604645144595,1.0351297146923724,0.6175925925925926,0.0536877370900897,0.0379629629629629,2,188.0,181,195,g2,post
g2post,AM/PM,auditory_direction,time_resolved_trial_response,glm_clean,balanced_accuracy,25,0.6469560716827327,1.0351297146923724,0.6157407407407407,0.0301175110505381,0.0212962962962962,2,188.0,181,195,g2,post
g2post,AM/PM,auditory_direction,time_resolved_trial_response,glm_clean,balanced_accuracy,26,0.711651678851006,1.0351297146923724,0.5861111111111111,0.0746390491252467,0.0527777777777778,2,188.0,181,195,g2,post
g2post,AM/PM,auditory_direction,time_resolved_trial_response,glm_clean,balanced_accuracy,27,0.7763472860192793,1.0351297146923724,0.6240740740740741,0.0314269680527354,0.0222222222222222,2,188.0,181,195,g2,post
g2post,AM/PM,auditory_direction,time_resolved_trial_response,glm_clean,balanced_accuracy,28,0.8410428931875525,1.0351297146923724,0.6296296296296298,0.0104756560175783,0.0074074074074073,2,188.0,181,195,g2,post
g2post,AM/PM,auditory_direction,time_resolved_trial_response,glm_clean,balanced_accuracy,29,0.9057385003558258,1.0351297146923724,0.6240740740740742,0.0183323980307622,0.0129629629629629,2,188.0,181,195,g2,post
g2post,AM/PM,auditory_direction,time_resolved_trial_response,glm_clean,balanced_accuracy,30,0.9704341075240992,1.0351297146923724,0.586111111111111,0.0301175110505382,0.0212962962962963,2,188.0,181,195,g2,post
g2post,AM/PM,auditory_direction,time_resolved_trial_response,glm_clean,balanced_accuracy,31,1.0351297146923724,1.0351297146923724,0.5842592592592593,0.0327364250549327,0.0231481481481481,2,188.0,181,195,g2,post
g2post,AM/PM,auditory_direction,time_resolved_trial_response,glm_clean,balanced_accuracy,32,1.0998253218606455,1.0351297146923724,0.5694444444444444,0.0013094570021973,0.0009259259259259,2,188.0,181,195,g2,post
g2post,AM/PM,auditory_direction,time_resolved_trial_response,glm_clean,balanced_accuracy,33,1.164520929028919,1.0351297146923724,0.5666666666666667,0.013094570021973,0.0092592592592591,2,188.0,181,195,g2,post
g2post,AM/PM,auditory_direction,time_resolved_trial_response,glm_clean,balanced_accuracy,34,1.229216536197192,1.0351297146923724,0.576851851851852,0.037974253063722,0.0268518518518519,2,188.0,181,195,g2,post
g2post,AM/PM,auditory_direction,time_resolved_trial_response,glm_clean,balanced_accuracy,35,1.2939121433654657,1.0351297146923724,0.5833333333333333,0.0235702260395515,0.0166666666666666,2,188.0,181,195,g2,post
g2post,AM/PM,auditory_direction,time_resolved_trial_response,glm_clean,balanced_accuracy,36,1.3586077505337386,1.0351297146923724,0.6092592592592592,0.0445215380747085,0.0314814814814814,2,188.0,181,195,g2,post
g2post,AM/PM,auditory_direction,time_resolved_trial_response,glm_clean,balanced_accuracy,37,1.423303357702012,1.0351297146923724,0.575,0.0170229410285649,0.0120370370370369,2,188.0,181,195,g2,post
g2post,AM/PM,auditory_direction,time_resolved_trial_response,glm_clean,balanced_accuracy,38,1.4879989648702852,1.0351297146923724,0.5527777777777778,0.0013094570021972,0.0009259259259258,2,188.0,181,195,g2,post
g2post,AM/PM,auditory_direction,time_resolved_trial_response,glm_clean,balanced_accuracy,39,1.5526945720385583,1.0351297146923724,0.5546296296296297,0.0274985970461435,0.0194444444444444,2,188.0,181,195,g2,post
g2post,AM/PM,auditory_direction,time_resolved_trial_response,glm_clean,balanced_accuracy,40,1.6173901792068317,1.0351297146923724,0.5407407407407407,0.0104756560175784,0.0074074074074073,2,188.0,181,195,g2,post
g2post,AM/PM,auditory_direction,time_resolved_trial_response,glm_clean,balanced_accuracy,41,1.682085786375105,1.0351297146923724,0.5481481481481482,0.0523782800878924,0.037037037037037,2,188.0,181,195,g2,post
g2post,AM/PM,auditory_direction,time_resolved_trial_response,glm_clean,balanced_accuracy,42,1.7467813935433782,1.0351297146923724,0.5564814814814816,0.0144040270241703,0.0101851851851851,2,188.0,181,195,g2,post
g2post,AM/PM,auditory_direction,time_resolved_trial_response,glm_clean,balanced_accuracy,43,1.8114770007116516,1.0351297146923724,0.549074074074074,0.0013094570021974,0.0009259259259259,2,188.0,181,195,g2,post
g2post,AM/PM,auditory_direction,time_resolved_trial_response,glm_clean,balanced_accuracy,44,1.8761726078799248,1.0351297146923724,0.5675925925925926,0.037974253063722,0.0268518518518518,2,188.0,181,195,g2,post
g2post,AM/PM,auditory_direction,time_resolved_trial_response,glm_clean,balanced_accuracy,45,1.9408682150481984,1.0351297146923724,0.5666666666666667,0.0340458820571301,0.0240740740740741,2,188.0,181,195,g2,post
g2post,AM/PM,auditory_direction,time_resolved_trial_response,glm_clean,balanced_accuracy,46,2.0055638222164713,1.0351297146923724,0.5777777777777777,0.0078567420131838,0.0055555555555555,2,188.0,181,195,g2,post
g2post,AM/PM,congruency,time_resolved_trial_response,glm_clean,balanced_accuracy,0,-0.9704341075240992,1.0351297146923724,0.4680555555555555,0.0058925565098878,0.0041666666666666,2,188.0,181,195,g2,post
g2post,AM/PM,congruency,time_resolved_trial_response,glm_clean,balanced_accuracy,1,-0.9057385003558258,1.0351297146923724,0.4680555555555555,0.0098209275164797,0.0069444444444444,2,188.0,181,195,g2,post
g2post,AM/PM,congruency,time_resolved_trial_response,glm_clean,balanced_accuracy,2,-0.8410428931875525,1.0351297146923724,0.4458333333333333,0.0176776695296637,0.0125,2,188.0,181,195,g2,post
g2post,AM/PM,congruency,time_resolved_trial_response,glm_clean,balanced_accuracy,3,-0.7763472860192793,1.0351297146923724,0.5152777777777778,0.0098209275164799,0.0069444444444445,2,188.0,181,195,g2,post
g2post,AM/PM,congruency,time_resolved_trial_response,glm_clean,balanced_accuracy,4,-0.711651678851006,1.0351297146923724,0.5041666666666667,0.0255344115428476,0.0180555555555556,2,188.0,181,195,g2,post
g2post,AM/PM,congruency,time_resolved_trial_response,glm_clean,balanced_accuracy,5,-0.6469560716827327,1.0351297146923724,0.5430555555555555,0.0373195245626233,0.0263888888888889,2,188.0,181,195,g2,post
g2post,AM/PM,congruency,time_resolved_trial_response,glm_clean,balanced_accuracy,6,-0.5822604645144595,1.0351297146923724,0.5055555555555555,0.0589255650988789,0.0416666666666666,2,188.0,181,195,g2,post
g2post,AM/PM,congruency,time_resolved_trial_response,glm_clean,balanced_accuracy,7,-0.5175648573461862,1.0351297146923724,0.4513888888888889,0.0019641855032959,0.0013888888888888,2,188.0,181,195,g2,post
g2post,AM/PM,congruency,time_resolved_trial_response,glm_clean,balanced_accuracy,8,-0.4528692501779129,1.0351297146923724,0.4888888888888888,0.0392837100659192,0.0277777777777777,2,188.0,181,195,g2,post
g2post,AM/PM,congruency,time_resolved_trial_response,glm_clean,balanced_accuracy,9,-0.3881736430096396,1.0351297146923724,0.4777777777777777,0.0117851130197757,0.0083333333333333,2,188.0,181,195,g2,post
g2post,AM/PM,congruency,time_resolved_trial_response,glm_clean,balanced_accuracy,10,-0.3234780358413663,1.0351297146923724,0.5041666666666667,0.0216060405362555,0.0152777777777777,2,188.0,181,195,g2,post
g2post,AM/PM,congruency,time_resolved_trial_response,glm_clean,balanced_accuracy,11,-0.2587824286730931,1.0351297146923724,0.4777777777777777,0.0314269680527354,0.0222222222222222,2,188.0,181,195,g2,post
g2post,AM/PM,congruency,time_resolved_trial_response,glm_clean,balanced_accuracy,12,-0.1940868215048198,1.0351297146923724,0.4819444444444444,0.0569613795955829,0.0402777777777777,2,188.0,181,195,g2,post
g2post,AM/PM,congruency,time_resolved_trial_response,glm_clean,balanced_accuracy,13,-0.1293912143365465,1.0351297146923724,0.4805555555555556,0.054997194092287,0.0388888888888888,2,188.0,181,195,g2,post
g2post,AM/PM,congruency,time_resolved_trial_response,glm_clean,balanced_accuracy,14,-0.0646956071682732,1.0351297146923724,0.4819444444444444,0.0137492985230717,0.0097222222222222,2,188.0,181,195,g2,post
g2post,AM/PM,congruency,time_resolved_trial_response,glm_clean,balanced_accuracy,15,0.0,1.0351297146923724,0.4916666666666667,0.0549971940922871,0.0388888888888889,2,188.0,181,195,g2,post
g2post,AM/PM,congruency,time_resolved_trial_response,glm_clean,balanced_accuracy,16,0.0646956071682732,1.0351297146923724,0.5041666666666667,0.0098209275164799,0.0069444444444445,2,188.0,181,195,g2,post
g2post,AM/PM,congruency,time_resolved_trial_response,glm_clean,balanced_accuracy,17,0.1293912143365465,1.0351297146923724,0.4763888888888888,0.0137492985230717,0.0097222222222221,2,188.0,181,195,g2,post
g2post,AM/PM,congruency,time_resolved_trial_response,glm_clean,balanced_accuracy,18,0.1940868215048198,1.0351297146923724,0.4902777777777777,0.0294627825494394,0.0208333333333333,2,188.0,181,195,g2,post
g2post,AM/PM,congruency,time_resolved_trial_response,glm_clean,balanced_accuracy,19,0.2587824286730931,1.0351297146923724,0.5041666666666667,0.0844599766417265,0.0597222222222222,2,188.0,181,195,g2,post
g2post,AM/PM,congruency,time_resolved_trial_response,glm_clean,balanced_accuracy,20,0.3234780358413663,1.0351297146923724,0.4972222222222222,0.0549971940922871,0.0388888888888889,2,188.0,181,195,g2,post
g2post,AM/PM,congruency,time_resolved_trial_response,glm_clean,balanced_accuracy,21,0.3881736430096396,1.0351297146923724,0.4777777777777778,0.0314269680527354,0.0222222222222222,2,188.0,181,195,g2,post
g2post,AM/PM,congruency,time_resolved_trial_response,glm_clean,balanced_accuracy,22,0.4528692501779129,1.0351297146923724,0.4708333333333333,0.053033008588991,0.0374999999999999,2,188.0,181,195,g2,post
g2post,AM/PM,congruency,time_resolved_trial_response,glm_clean,balanced_accuracy,23,0.5175648573461862,1.0351297146923724,0.5083333333333334,0.0392837100659193,0.0277777777777777,2,188.0,181,195,g2,post
g2post,AM/PM,congruency,time_resolved_trial_response,glm_clean,balanced_accuracy,24,0.5822604645144595,1.0351297146923724,0.5347222222222222,0.053033008588991,0.0374999999999999,2,188.0,181,195,g2,post
g2post,AM/PM,congruency,time_resolved_trial_response,glm_clean,balanced_accuracy,25,0.6469560716827327,1.0351297146923724,0.4944444444444444,0.0039283710065919,0.0027777777777777,2,188.0,181,195,g2,post
g2post,AM/PM,congruency,time_resolved_trial_response,glm_clean,balanced_accuracy,26,0.711651678851006,1.0351297146923724,0.5083333333333333,0.0078567420131838,0.0055555555555555,2,188.0,181,195,g2,post
g2post,AM/PM,congruency,time_resolved_trial_response,glm_clean,balanced_accuracy,27,0.7763472860192793,1.0351297146923724,0.4888888888888889,0.0235702260395515,0.0166666666666666,2,188.0,181,195,g2,post
g2post,AM/PM,congruency,time_resolved_trial_response,glm_clean,balanced_accuracy,28,0.8410428931875525,1.0351297146923724,0.4527777777777778,0.0196418550329596,0.0138888888888888,2,188.0,181,195,g2,post
g2post,AM/PM,congruency,time_resolved_trial_response,glm_clean,balanced_accuracy,29,0.9057385003558258,1.0351297146923724,0.4805555555555555,0.0039283710065919,0.0027777777777777,2,188.0,181,195,g2,post
g2post,AM/PM,congruency,time_resolved_trial_response,glm_clean,balanced_accuracy,30,0.9704341075240992,1.0351297146923724,0.498611111111111,0.0412478955692152,0.0291666666666666,2,188.0,181,195,g2,post
g2post,AM/PM,congruency,time_resolved_trial_response,glm_clean,balanced_accuracy,31,1.0351297146923724,1.0351297146923724,0.4916666666666666,0.0196418550329596,0.0138888888888888,2,188.0,181,195,g2,post
g2post,AM/PM,congruency,time_resolved_trial_response,glm_clean,balanced_accuracy,32,1.0998253218606455,1.0351297146923724,0.5111111111111111,0.0078567420131838,0.0055555555555555,2,188.0,181,195,g2,post
g2post,AM/PM,congruency,time_resolved_trial_response,glm_clean,balanced_accuracy,33,1.164520929028919,1.0351297146923724,0.5180555555555556,0.0373195245626233,0.0263888888888889,2,188.0,181,195,g2,post
g2post,AM/PM,congruency,time_resolved_trial_response,glm_clean,balanced_accuracy,34,1.229216536197192,1.0351297146923724,0.4875,0.0255344115428475,0.0180555555555555,2,188.0,181,195,g2,post
g2post,AM/PM,congruency,time_resolved_trial_response,glm_clean,balanced_accuracy,35,1.2939121433654657,1.0351297146923724,0.4722222222222222,0.0274985970461435,0.0194444444444444,2,188.0,181,195,g2,post
g2post,AM/PM,congruency,time_resolved_trial_response,glm_clean,balanced_accuracy,36,1.3586077505337386,1.0351297146923724,0.4638888888888889,0.0117851130197757,0.0083333333333333,2,188.0,181,195,g2,post
g2post,AM/PM,congruency,time_resolved_trial_response,glm_clean,balanced_accuracy,37,1.423303357702012,1.0351297146923724,0.4888888888888889,0.0117851130197758,0.0083333333333333,2,188.0,181,195,g2,post
g2post,AM/PM,congruency,time_resolved_trial_response,glm_clean,balanced_accuracy,38,1.4879989648702852,1.0351297146923724,0.475,0.0235702260395515,0.0166666666666666,2,188.0,181,195,g2,post
g2post,AM/PM,congruency,time_resolved_trial_response,glm_clean,balanced_accuracy,39,1.5526945720385583,1.0351297146923724,0.4777777777777777,0.0196418550329595,0.0138888888888888,2,188.0,181,195,g2,post
g2post,AM/PM,congruency,time_resolved_trial_response,glm_clean,balanced_accuracy,40,1.6173901792068317,1.0351297146923724,0.4944444444444444,0.0471404520791031,0.0333333333333333,2,188.0,181,195,g2,post
g2post,AM/PM,congruency,time_resolved_trial_response,glm_clean,balanced_accuracy,41,1.682085786375105,1.0351297146923724,0.4652777777777778,0.0294627825494395,0.0208333333333333,2,188.0,181,195,g2,post
g2post,AM/PM,congruency,time_resolved_trial_response,glm_clean,balanced_accuracy,42,1.7467813935433782,1.0351297146923724,0.5,0.0039283710065919,0.0027777777777777,2,188.0,181,195,g2,post
g2post,AM/PM,congruency,time_resolved_trial_response,glm_clean,balanced_accuracy,43,1.8114770007116516,1.0351297146923724,0.5041666666666667,0.0019641855032959,0.0013888888888888,2,188.0,181,195,g2,post
g2post,AM/PM,congruency,time_resolved_trial_response,glm_clean,balanced_accuracy,44,1.8761726078799248,1.0351297146923724,0.4652777777777778,0.0216060405362555,0.0152777777777777,2,188.0,181,195,g2,post
g2post,AM/PM,congruency,time_resolved_trial_response,glm_clean,balanced_accuracy,45,1.9408682150481984,1.0351297146923724,0.4944444444444444,0.0157134840263677,0.0111111111111111,2,188.0,181,195,g2,post
g2post,AM/PM,congruency,time_resolved_trial_response,glm_clean,balanced_accuracy,46,2.0055638222164713,1.0351297146923724,0.4722222222222222,0.0314269680527354,0.0222222222222222,2,188.0,181,195,g2,post
g2post,AM/PM,modality,time_resolved_trial_response,glm_clean,balanced_accuracy,0,-0.9704341075240992,1.0351297146923724,0.3148148148148148,0.0419026240703139,0.0296296296296296,2,188.0,181,195,g2,post
g2post,AM/PM,modality,time_resolved_trial_response,glm_clean,balanced_accuracy,1,-0.9057385003558258,1.0351297146923724,0.3398148148148148,0.0052378280087892,0.0037037037037036,2,188.0,181,195,g2,post
g2post,AM/PM,modality,time_resolved_trial_response,glm_clean,balanced_accuracy,2,-0.8410428931875525,1.0351297146923724,0.337962962962963,0.0052378280087892,0.0037037037037036,2,188.0,181,195,g2,post
g2post,AM/PM,modality,time_resolved_trial_response,glm_clean,balanced_accuracy,3,-0.7763472860192793,1.0351297146923724,0.3402777777777778,0.0058925565098878,0.0041666666666666,2,188.0,181,195,g2,post
g2post,AM/PM,modality,time_resolved_trial_response,glm_clean,balanced_accuracy,4,-0.711651678851006,1.0351297146923724,0.3435185185185185,0.0065472850109865,0.0046296296296296,2,188.0,181,195,g2,post
g2post,AM/PM,modality,time_resolved_trial_response,glm_clean,balanced_accuracy,5,-0.6469560716827327,1.0351297146923724,0.3458333333333333,0.0085114705142825,0.0060185185185185,2,188.0,181,195,g2,post
g2post,AM/PM,modality,time_resolved_trial_response,glm_clean,balanced_accuracy,6,-0.5822604645144595,1.0351297146923724,0.337037037037037,0.0222607690373543,0.0157407407407407,2,188.0,181,195,g2,post
g2post,AM/PM,modality,time_resolved_trial_response,glm_clean,balanced_accuracy,7,-0.5175648573461862,1.0351297146923724,0.3351851851851851,0.0117851130197758,0.0083333333333333,2,188.0,181,195,g2,post
g2post,AM/PM,modality,time_resolved_trial_response,glm_clean,balanced_accuracy,8,-0.4528692501779129,1.0351297146923724,0.325,0.0091661990153811,0.0064814814814814,2,188.0,181,195,g2,post
g2post,AM/PM,modality,time_resolved_trial_response,glm_clean,balanced_accuracy,9,-0.3881736430096396,1.0351297146923724,0.3375,0.0268438685450448,0.0189814814814814,2,188.0,181,195,g2,post
g2post,AM/PM,modality,time_resolved_trial_response,glm_clean,balanced_accuracy,10,-0.3234780358413663,1.0351297146923724,0.3444444444444444,0.0222607690373543,0.0157407407407407,2,188.0,181,195,g2,post
g2post,AM/PM,modality,time_resolved_trial_response,glm_clean,balanced_accuracy,11,-0.2587824286730931,1.0351297146923724,0.324537037037037,0.0111303845186771,0.0078703703703703,2,188.0,181,195,g2,post
g2post,AM/PM,modality,time_resolved_trial_response,glm_clean,balanced_accuracy,12,-0.1940868215048198,1.0351297146923724,0.3189814814814815,0.0006547285010986,0.0004629629629629,2,188.0,181,195,g2,post
g2post,AM/PM,modality,time_resolved_trial_response,glm_clean,balanced_accuracy,13,-0.1293912143365465,1.0351297146923724,0.3361111111111111,0.0091661990153811,0.0064814814814814,2,188.0,181,195,g2,post
g2post,AM/PM,modality,time_resolved_trial_response,glm_clean,balanced_accuracy,14,-0.0646956071682732,1.0351297146923724,0.3541666666666667,0.0085114705142825,0.0060185185185185,2,188.0,181,195,g2,post
g2post,AM/PM,modality,time_resolved_trial_response,glm_clean,balanced_accuracy,15,0.0,1.0351297146923724,0.3314814814814815,0.0117851130197758,0.0083333333333333,2,188.0,181,195,g2,post
g2post,AM/PM,modality,time_resolved_trial_response,glm_clean,balanced_accuracy,16,0.0646956071682732,1.0351297146923724,0.3606481481481481,0.0333911535560314,0.0236111111111111,2,188.0,181,195,g2,post
g2post,AM/PM,modality,time_resolved_trial_response,glm_clean,balanced_accuracy,17,0.1293912143365465,1.0351297146923724,0.3828703703703704,0.0216060405362556,0.0152777777777778,2,188.0,181,195,g2,post
g2post,AM/PM,modality,time_resolved_trial_response,glm_clean,balanced_accuracy,18,0.1940868215048198,1.0351297146923724,0.4717592592592593,0.0058925565098878,0.0041666666666666,2,188.0,181,195,g2,post
g2post,AM/PM,modality,time_resolved_trial_response,glm_clean,balanced_accuracy,19,0.2587824286730931,1.0351297146923724,0.5652777777777778,0.0412478955692151,0.0291666666666665,2,188.0,181,195,g2,post
g2post,AM/PM,modality,time_resolved_trial_response,glm_clean,balanced_accuracy,20,0.3234780358413663,1.0351297146923724,0.5810185185185186,0.0006547285010986,0.0004629629629629,2,188.0,181,195,g2,post
g2post,AM/PM,modality,time_resolved_trial_response,glm_clean,balanced_accuracy,21,0.3881736430096396,1.0351297146923724,0.6226851851851851,0.032081696553834,0.0226851851851851,2,188.0,181,195,g2,post
g2post,AM/PM,modality,time_resolved_trial_response,glm_clean,balanced_accuracy,22,0.4528692501779129,1.0351297146923724,0.6828703703703705,0.0621992076043722,0.0439814814814814,2,188.0,181,195,g2,post
g2post,AM/PM,modality,time_resolved_trial_response,glm_clean,balanced_accuracy,23,0.5175648573461862,1.0351297146923724,0.725925925925926,0.0759485061274439,0.0537037037037037,2,188.0,181,195,g2,post
g2post,AM/PM,modality,time_resolved_trial_response,glm_clean,balanced_accuracy,24,0.5822604645144595,1.0351297146923724,0.7402777777777778,0.0857694336439236,0.060648148148148,2,188.0,181,195,g2,post
g2post,AM/PM,modality,time_resolved_trial_response,glm_clean,balanced_accuracy,25,0.6469560716827327,1.0351297146923724,0.7277777777777777,0.085114705142825,0.0601851851851851,2,188.0,181,195,g2,post
g2post,AM/PM,modality,time_resolved_trial_response,glm_clean,balanced_accuracy,26,0.711651678851006,1.0351297146923724,0.7458333333333333,0.0870788906461213,0.0615740740740742,2,188.0,181,195,g2,post
g2post,AM/PM,modality,time_resolved_trial_response,glm_clean,balanced_accuracy,27,0.7763472860192793,1.0351297146923724,0.7810185185185184,0.0713654066197535,0.050462962962963,2,188.0,181,195,g2,post
g2post,AM/PM,modality,time_resolved_trial_response,glm_clean,balanced_accuracy,28,0.8410428931875525,1.0351297146923724,0.7939814814814814,0.0595802935999776,0.0421296296296296,2,188.0,181,195,g2,post
g2post,AM/PM,modality,time_resolved_trial_response,glm_clean,balanced_accuracy,29,0.9057385003558258,1.0351297146923724,0.8023148148148147,0.045176266575807,0.0319444444444443,2,188.0,181,195,g2,post
g2post,AM/PM,modality,time_resolved_trial_response,glm_clean,balanced_accuracy,30,0.9704341075240992,1.0351297146923724,0.7870370370370372,0.0405931670681166,0.0287037037037037,2,188.0,181,195,g2,post
g2post,AM/PM,modality,time_resolved_trial_response,glm_clean,balanced_accuracy,31,1.0351297146923724,1.0351297146923724,0.7884259259259259,0.087078890646121,0.061574074074074,2,188.0,181,195,g2,post
g2post,AM/PM,modality,time_resolved_trial_response,glm_clean,balanced_accuracy,32,1.0998253218606455,1.0351297146923724,0.8097222222222222,0.0582708365977803,0.0412037037037037,2,188.0,181,195,g2,post
g2post,AM/PM,modality,time_resolved_trial_response,glm_clean,balanced_accuracy,33,1.164520929028919,1.0351297146923724,0.7907407407407407,0.0877336191472195,0.0620370370370368,2,188.0,181,195,g2,post
g2post,AM/PM,modality,time_resolved_trial_response,glm_clean,balanced_accuracy,34,1.229216536197192,1.0351297146923724,0.8208333333333333,0.0477951805802018,0.0337962962962963,2,188.0,181,195,g2,post
g2post,AM/PM,modality,time_resolved_trial_response,glm_clean,balanced_accuracy,35,1.2939121433654657,1.0351297146923724,0.7884259259259259,0.0451762665758072,0.0319444444444444,2,188.0,181,195,g2,post
g2post,AM/PM,modality,time_resolved_trial_response,glm_clean,balanced_accuracy,36,1.3586077505337386,1.0351297146923724,0.7828703703703703,0.049104637582399,0.0347222222222221,2,188.0,181,195,g2,post
g2post,AM/PM,modality,time_resolved_trial_response,glm_clean,balanced_accuracy,37,1.423303357702012,1.0351297146923724,0.7986111111111112,0.039938438567018,0.0282407407407407,2,188.0,181,195,g2,post
g2post,AM/PM,modality,time_resolved_trial_response,glm_clean,balanced_accuracy,38,1.4879989648702852,1.0351297146923724,0.7865740740740742,0.0438668095736099,0.0310185185185185,2,188.0,181,195,g2,post
g2post,AM/PM,modality,time_resolved_trial_response,glm_clean,balanced_accuracy,39,1.5526945720385583,1.0351297146923724,0.7722222222222221,0.0405931670681166,0.0287037037037037,2,188.0,181,195,g2,post
g2post,AM/PM,modality,time_resolved_trial_response,glm_clean,balanced_accuracy,40,1.6173901792068317,1.0351297146923724,0.7611111111111111,0.0615444791032734,0.0435185185185184,2,188.0,181,195,g2,post
g2post,AM/PM,modality,time_resolved_trial_response,glm_clean,balanced_accuracy,41,1.682085786375105,1.0351297146923724,0.7523148148148149,0.0595802935999776,0.0421296296296296,2,188.0,181,195,g2,post
g2post,AM/PM,modality,time_resolved_trial_response,glm_clean,balanced_accuracy,42,1.7467813935433782,1.0351297146923724,0.7467592592592592,0.0792221486329373,0.0560185185185185,2,188.0,181,195,g2,post
g2post,AM/PM,modality,time_resolved_trial_response,glm_clean,balanced_accuracy,43,1.8114770007116516,1.0351297146923724,0.7583333333333333,0.0641633931076682,0.0453703703703704,2,188.0,181,195,g2,post
g2post,AM/PM,modality,time_resolved_trial_response,glm_clean,balanced_accuracy,44,1.8761726078799248,1.0351297146923724,0.7476851851851851,0.0451762665758072,0.0319444444444444,2,188.0,181,195,g2,post
g2post,AM/PM,modality,time_resolved_trial_response,glm_clean,balanced_accuracy,45,1.9408682150481984,1.0351297146923724,0.7125,0.0923167186549103,0.0652777777777777,2,188.0,181,195,g2,post
g2post,AM/PM,modality,time_resolved_trial_response,glm_clean,balanced_accuracy,46,2.0055638222164713,1.0351297146923724,0.7027777777777777,0.0130945700219731,0.0092592592592593,2,188.0,181,195,g2,post
g2post,AM/PM,trial_type,time_resolved_trial_response,glm_clean,balanced_accuracy,0,-0.9704341075240992,1.0351297146923724,0.1256944444444444,0.0088388347648318,0.00625,2,188.0,181,195,g2,post
g2post,AM/PM,trial_type,time_resolved_trial_response,glm_clean,balanced_accuracy,1,-0.9057385003558258,1.0351297146923724,0.1291666666666666,0.0157134840263677,0.0111111111111111,2,188.0,181,195,g2,post
g2post,AM/PM,trial_type,time_resolved_trial_response,glm_clean,balanced_accuracy,2,-0.8410428931875525,1.0351297146923724,0.1166666666666666,0.0039283710065919,0.0027777777777777,2,188.0,181,195,g2,post
g2post,AM/PM,trial_type,time_resolved_trial_response,glm_clean,balanced_accuracy,3,-0.7763472860192793,1.0351297146923724,0.1180555555555555,0.0137492985230717,0.0097222222222222,2,188.0,181,195,g2,post
g2post,AM/PM,trial_type,time_resolved_trial_response,glm_clean,balanced_accuracy,4,-0.711651678851006,1.0351297146923724,0.11875,0.0088388347648318,0.00625,2,188.0,181,195,g2,post
g2post,AM/PM,trial_type,time_resolved_trial_response,glm_clean,balanced_accuracy,5,-0.6469560716827327,1.0351297146923724,0.1180555555555555,0.0255344115428475,0.0180555555555555,2,188.0,181,195,g2,post
g2post,AM/PM,trial_type,time_resolved_trial_response,glm_clean,balanced_accuracy,6,-0.5822604645144595,1.0351297146923724,0.1388888888888889,0.0039283710065919,0.0027777777777777,2,188.0,181,195,g2,post
g2post,AM/PM,trial_type,time_resolved_trial_response,glm_clean,balanced_accuracy,7,-0.5175648573461862,1.0351297146923724,0.1249999999999999,0.0058925565098878,0.0041666666666666,2,188.0,181,195,g2,post
g2post,AM/PM,trial_type,time_resolved_trial_response,glm_clean,balanced_accuracy,8,-0.4528692501779129,1.0351297146923724,0.1270833333333333,0.0088388347648318,0.00625,2,188.0,181,195,g2,post
g2post,AM/PM,trial_type,time_resolved_trial_response,glm_clean,balanced_accuracy,9,-0.3881736430096396,1.0351297146923724,0.1305555555555555,0.0078567420131838,0.0055555555555555,2,188.0,181,195,g2,post
g2post,AM/PM,trial_type,time_resolved_trial_response,glm_clean,balanced_accuracy,10,-0.3234780358413663,1.0351297146923724,0.1222222222222222,0.0078567420131838,0.0055555555555555,2,188.0,181,195,g2,post
g2post,AM/PM,trial_type,time_resolved_trial_response,glm_clean,balanced_accuracy,11,-0.2587824286730931,1.0351297146923724,0.1166666666666666,0.0098209275164798,0.0069444444444444,2,188.0,181,195,g2,post
g2post,AM/PM,trial_type,time_resolved_trial_response,glm_clean,balanced_accuracy,12,-0.1940868215048198,1.0351297146923724,0.1020833333333333,0.0049104637582398,0.0034722222222222,2,188.0,181,195,g2,post
g2post,AM/PM,trial_type,time_resolved_trial_response,glm_clean,balanced_accuracy,13,-0.1293912143365465,1.0351297146923724,0.1166666666666666,0.0196418550329596,0.0138888888888888,2,188.0,181,195,g2,post
g2post,AM/PM,trial_type,time_resolved_trial_response,glm_clean,balanced_accuracy,14,-0.0646956071682732,1.0351297146923724,0.1368055555555555,0.0166955767780156,0.0118055555555555,2,188.0,181,195,g2,post
g2post,AM/PM,trial_type,time_resolved_trial_response,glm_clean,balanced_accuracy,15,0.0,1.0351297146923724,0.1368055555555555,0.0049104637582399,0.0034722222222222,2,188.0,181,195,g2,post
g2post,AM/PM,trial_type,time_resolved_trial_response,glm_clean,balanced_accuracy,16,0.0646956071682732,1.0351297146923724,0.1451388888888888,0.0265165042944955,0.0187499999999999,2,188.0,181,195,g2,post
g2post,AM/PM,trial_type,time_resolved_trial_response,glm_clean,balanced_accuracy,17,0.1293912143365465,1.0351297146923724,0.14375,0.0186597622813116,0.0131944444444444,2,188.0,181,195,g2,post
g2post,AM/PM,trial_type,time_resolved_trial_response,glm_clean,balanced_accuracy,18,0.1940868215048198,1.0351297146923724,0.1784722222222222,0.0265165042944955,0.0187499999999999,2,188.0,181,195,g2,post
g2post,AM/PM,trial_type,time_resolved_trial_response,glm_clean,balanced_accuracy,19,0.2587824286730931,1.0351297146923724,0.30625,0.0206239477846076,0.0145833333333333,2,188.0,181,195,g2,post
g2post,AM/PM,trial_type,time_resolved_trial_response,glm_clean,balanced_accuracy,20,0.3234780358413663,1.0351297146923724,0.3902777777777777,0.0196418550329596,0.0138888888888888,2,188.0,181,195,g2,post
g2post,AM/PM,trial_type,time_resolved_trial_response,glm_clean,balanced_accuracy,21,0.3881736430096396,1.0351297146923724,0.4354166666666667,0.0265165042944955,0.01875,2,188.0,181,195,g2,post
g2post,AM/PM,trial_type,time_resolved_trial_response,glm_clean,balanced_accuracy,22,0.4528692501779129,1.0351297146923724,0.4645833333333333,0.0520509158373431,0.0368055555555555,2,188.0,181,195,g2,post
g2post,AM/PM,trial_type,time_resolved_trial_response,glm_clean,balanced_accuracy,23,0.5175648573461862,1.0351297146923724,0.5090277777777777,0.0854420693933745,0.0604166666666666,2,188.0,181,195,g2,post
g2post,AM/PM,trial_type,time_resolved_trial_response,glm_clean,balanced_accuracy,24,0.5822604645144595,1.0351297146923724,0.5166666666666667,0.109994388184574,0.0777777777777777,2,188.0,181,195,g2,post
g2post,AM/PM,trial_type,time_resolved_trial_response,glm_clean,balanced_accuracy,25,0.6469560716827327,1.0351297146923724,0.4805555555555555,0.0864241621450224,0.061111111111111,2,188.0,181,195,g2,post
g2post,AM/PM,trial_type,time_resolved_trial_response,glm_clean,balanced_accuracy,26,0.711651678851006,1.0351297146923724,0.4993055555555555,0.0952629969098542,0.0673611111111111,2,188.0,181,195,g2,post
g2post,AM/PM,trial_type,time_resolved_trial_response,glm_clean,balanced_accuracy,27,0.7763472860192793,1.0351297146923724,0.5222222222222221,0.0903525331516143,0.0638888888888888,2,188.0,181,195,g2,post
g2post,AM/PM,trial_type,time_resolved_trial_response,glm_clean,balanced_accuracy,28,0.8410428931875525,1.0351297146923724,0.5034722222222223,0.057943472347231,0.0409722222222222,2,188.0,181,195,g2,post
g2post,AM/PM,trial_type,time_resolved_trial_response,glm_clean,balanced_accuracy,29,0.9057385003558258,1.0351297146923724,0.4930555555555556,0.1178511301977579,0.0833333333333333,2,188.0,181,195,g2,post
g2post,AM/PM,trial_type,time_resolved_trial_response,glm_clean,balanced_accuracy,30,0.9704341075240992,1.0351297146923724,0.5083333333333333,0.0687464926153587,0.048611111111111,2,188.0,181,195,g2,post
g2post,AM/PM,trial_type,time_resolved_trial_response,glm_clean,balanced_accuracy,31,1.0351297146923724,1.0351297146923724,0.4944444444444444,0.0942809041582063,0.0666666666666667,2,188.0,181,195,g2,post
g2post,AM/PM,trial_type,time_resolved_trial_response,glm_clean,balanced_accuracy,32,1.0998253218606455,1.0351297146923724,0.5138888888888888,0.0824957911384305,0.0583333333333333,2,188.0,181,195,g2,post
g2post,AM/PM,trial_type,time_resolved_trial_response,glm_clean,balanced_accuracy,33,1.164520929028919,1.0351297146923724,0.5083333333333333,0.0707106781186547,0.05,2,188.0,181,195,g2,post
g2post,AM/PM,trial_type,time_resolved_trial_response,glm_clean,balanced_accuracy,34,1.229216536197192,1.0351297146923724,0.5263888888888889,0.0667823071120628,0.0472222222222222,2,188.0,181,195,g2,post
g2post,AM/PM,trial_type,time_resolved_trial_response,glm_clean,balanced_accuracy,35,1.2939121433654657,1.0351297146923724,0.4875,0.0667823071120628,0.0472222222222222,2,188.0,181,195,g2,post
g2post,AM/PM,trial_type,time_resolved_trial_response,glm_clean,balanced_accuracy,36,1.3586077505337386,1.0351297146923724,0.4833333333333332,0.0726748636219506,0.0513888888888888,2,188.0,181,195,g2,post
g2post,AM/PM,trial_type,time_resolved_trial_response,glm_clean,balanced_accuracy,37,1.423303357702012,1.0351297146923724,0.4805555555555555,0.0923167186549103,0.0652777777777777,2,188.0,181,195,g2,post
g2post,AM/PM,trial_type,time_resolved_trial_response,glm_clean,balanced_accuracy,38,1.4879989648702852,1.0351297146923724,0.4944444444444444,0.0569613795955829,0.0402777777777777,2,188.0,181,195,g2,post
g2post,AM/PM,trial_type,time_resolved_trial_response,glm_clean,balanced_accuracy,39,1.5526945720385583,1.0351297146923724,0.4513888888888888,0.0451762665758071,0.0319444444444444,2,188.0,181,195,g2,post
g2post,AM/PM,trial_type,time_resolved_trial_response,glm_clean,balanced_accuracy,40,1.6173901792068317,1.0351297146923724,0.4673611111111111,0.0952629969098542,0.0673611111111111,2,188.0,181,195,g2,post
g2post,AM/PM,trial_type,time_resolved_trial_response,glm_clean,balanced_accuracy,41,1.682085786375105,1.0351297146923724,0.4465277777777777,0.105083924426334,0.0743055555555555,2,188.0,181,195,g2,post
g2post,AM/PM,trial_type,time_resolved_trial_response,glm_clean,balanced_accuracy,42,1.7467813935433782,1.0351297146923724,0.4729166666666667,0.1011555534197422,0.0715277777777778,2,188.0,181,195,g2,post
g2post,AM/PM,trial_type,time_resolved_trial_response,glm_clean,balanced_accuracy,43,1.8114770007116516,1.0351297146923724,0.4527777777777777,0.1080302026812779,0.0763888888888888,2,188.0,181,195,g2,post
g2post,AM/PM,trial_type,time_resolved_trial_response,glm_clean,balanced_accuracy,44,1.8761726078799248,1.0351297146923724,0.4590277777777778,0.1031197389230381,0.0729166666666666,2,188.0,181,195,g2,post
g2post,AM/PM,trial_type,time_resolved_trial_response,glm_clean,balanced_accuracy,45,1.9408682150481984,1.0351297146923724,0.4249999999999999,0.1217795012043498,0.0861111111111111,2,188.0,181,195,g2,post
g2post,AM/PM,trial_type,time_resolved_trial_response,glm_clean,balanced_accuracy,46,2.0055638222164713,1.0351297146923724,0.4034722222222222,0.1031197389230382,0.0729166666666666,2,188.0,181,195,g2,post
g2post,AM/PM,visual_direction,time_resolved_trial_response,glm_clean,balanced_accuracy,0,-0.9704341075240992,1.0351297146923724,0.5101851851851851,0.0301175110505381,0.0212962962962962,2,188.0,181,195,g2,post
g2post,AM/PM,visual_direction,time_resolved_trial_response,glm_clean,balanced_accuracy,1,-0.9057385003558258,1.0351297146923724,0.5027777777777778,0.0536877370900897,0.0379629629629629,2,188.0,181,195,g2,post
g2post,AM/PM,visual_direction,time_resolved_trial_response,glm_clean,balanced_accuracy,2,-0.8410428931875525,1.0351297146923724,0.4648148148148148,0.0497593660834978,0.0351851851851852,2,188.0,181,195,g2,post
g2post,AM/PM,visual_direction,time_resolved_trial_response,glm_clean,balanced_accuracy,3,-0.7763472860192793,1.0351297146923724,0.4953703703703703,0.0144040270241703,0.0101851851851851,2,188.0,181,195,g2,post
g2post,AM/PM,visual_direction,time_resolved_trial_response,glm_clean,balanced_accuracy,4,-0.711651678851006,1.0351297146923724,0.4712962962962963,0.0536877370900897,0.037962962962963,2,188.0,181,195,g2,post
g2post,AM/PM,visual_direction,time_resolved_trial_response,glm_clean,balanced_accuracy,5,-0.6469560716827327,1.0351297146923724,0.5074074074074074,0.0183323980307623,0.0129629629629629,2,188.0,181,195,g2,post
g2post,AM/PM,visual_direction,time_resolved_trial_response,glm_clean,balanced_accuracy,6,-0.5822604645144595,1.0351297146923724,0.4740740740740741,0.0026189140043946,0.0018518518518518,2,188.0,181,195,g2,post
g2post,AM/PM,visual_direction,time_resolved_trial_response,glm_clean,balanced_accuracy,7,-0.5175648573461862,1.0351297146923724,0.5018518518518519,0.0104756560175784,0.0074074074074074,2,188.0,181,195,g2,post
g2post,AM/PM,visual_direction,time_resolved_trial_response,glm_clean,balanced_accuracy,8,-0.4528692501779129,1.0351297146923724,0.5,0.0366647960615246,0.0259259259259259,2,188.0,181,195,g2,post
g2post,AM/PM,visual_direction,time_resolved_trial_response,glm_clean,balanced_accuracy,9,-0.3881736430096396,1.0351297146923724,0.4842592592592592,0.0432120810725113,0.0305555555555556,2,188.0,181,195,g2,post
g2post,AM/PM,visual_direction,time_resolved_trial_response,glm_clean,balanced_accuracy,10,-0.3234780358413663,1.0351297146923724,0.4851851851851851,0.0104756560175784,0.0074074074074074,2,188.0,181,195,g2,post
g2post,AM/PM,visual_direction,time_resolved_trial_response,glm_clean,balanced_accuracy,11,-0.2587824286730931,1.0351297146923724,0.4814814814814814,0.0392837100659194,0.0277777777777778,2,188.0,181,195,g2,post
g2post,AM/PM,visual_direction,time_resolved_trial_response,glm_clean,balanced_accuracy,12,-0.1940868215048198,1.0351297146923724,0.4583333333333333,0.0170229410285649,0.012037037037037,2,188.0,181,195,g2,post
g2post,AM/PM,visual_direction,time_resolved_trial_response,glm_clean,balanced_accuracy,13,-0.1293912143365465,1.0351297146923724,0.4555555555555555,0.0,0.0,2,188.0,181,195,g2,post
g2post,AM/PM,visual_direction,time_resolved_trial_response,glm_clean,balanced_accuracy,14,-0.0646956071682732,1.0351297146923724,0.4833333333333333,0.0209513120351569,0.0148148148148148,2,188.0,181,195,g2,post
g2post,AM/PM,visual_direction,time_resolved_trial_response,glm_clean,balanced_accuracy,15,0.0,1.0351297146923724,0.4898148148148148,0.0222607690373543,0.0157407407407407,2,188.0,181,195,g2,post
g2post,AM/PM,visual_direction,time_resolved_trial_response,glm_clean,balanced_accuracy,16,0.0646956071682732,1.0351297146923724,0.4796296296296296,0.0026189140043946,0.0018518518518518,2,188.0,181,195,g2,post
g2post,AM/PM,visual_direction,time_resolved_trial_response,glm_clean,balanced_accuracy,17,0.1293912143365465,1.0351297146923724,0.4685185185185185,0.0104756560175785,0.0074074074074074,2,188.0,181,195,g2,post
g2post,AM/PM,visual_direction,time_resolved_trial_response,glm_clean,balanced_accuracy,18,0.1940868215048198,1.0351297146923724,0.475925925925926,0.0445215380747085,0.0314814814814814,2,188.0,181,195,g2,post
g2post,AM/PM,visual_direction,time_resolved_trial_response,glm_clean,balanced_accuracy,19,0.2587824286730931,1.0351297146923724,0.8194444444444445,0.0746390491252467,0.0527777777777778,2,188.0,181,195,g2,post
g2post,AM/PM,visual_direction,time_resolved_trial_response,glm_clean,balanced_accuracy,20,0.3234780358413663,1.0351297146923724,0.9101851851851852,0.072020135120852,0.0509259259259259,2,188.0,181,195,g2,post
g2post,AM/PM,visual_direction,time_resolved_trial_response,glm_clean,balanced_accuracy,21,0.3881736430096396,1.0351297146923724,0.9472222222222222,0.0536877370900896,0.0379629629629628,2,188.0,181,195,g2,post
g2post,AM/PM,visual_direction,time_resolved_trial_response,glm_clean,balanced_accuracy,22,0.4528692501779129,1.0351297146923724,0.9648148148148148,0.0392837100659193,0.0277777777777777,2,188.0,181,195,g2,post
g2post,AM/PM,visual_direction,time_resolved_trial_response,glm_clean,balanced_accuracy,23,0.5175648573461862,1.0351297146923724,0.976851851851852,0.0196418550329596,0.0138888888888888,2,188.0,181,195,g2,post
g2post,AM/PM,visual_direction,time_resolved_trial_response,glm_clean,balanced_accuracy,24,0.5822604645144595,1.0351297146923724,0.9805555555555556,0.0248796830417488,0.0175925925925925,2,188.0,181,195,g2,post
g2post,AM/PM,visual_direction,time_resolved_trial_response,glm_clean,balanced_accuracy,25,0.6469560716827327,1.0351297146923724,0.9796296296296296,0.0183323980307624,0.012962962962963,2,188.0,181,195,g2,post
g2post,AM/PM,visual_direction,time_resolved_trial_response,glm_clean,balanced_accuracy,26,0.711651678851006,1.0351297146923724,0.962962962962963,0.0235702260395515,0.0166666666666666,2,188.0,181,195,g2,post
g2post,AM/PM,visual_direction,time_resolved_trial_response,glm_clean,balanced_accuracy,27,0.7763472860192793,1.0351297146923724,0.9416666666666668,0.0458309950769059,0.0324074074074074,2,188.0,181,195,g2,post
g2post,AM/PM,visual_direction,time_resolved_trial_response,glm_clean,balanced_accuracy,28,0.8410428931875525,1.0351297146923724,0.912962962962963,0.0707106781186548,0.05,2,188.0,181,195,g2,post
g2post,AM/PM,visual_direction,time_resolved_trial_response,glm_clean,balanced_accuracy,29,0.9057385003558258,1.0351297146923724,0.914814814814815,0.0785674201318386,0.0555555555555555,2,188.0,181,195,g2,post
g2post,AM/PM,visual_direction,time_resolved_trial_response,glm_clean,balanced_accuracy,30,0.9704341075240992,1.0351297146923724,0.9148148148148147,0.0890430761494169,0.0629629629629628,2,188.0,181,195,g2,post
g2post,AM/PM,visual_direction,time_resolved_trial_response,glm_clean,balanced_accuracy,31,1.0351297146923724,1.0351297146923724,0.9444444444444444,0.0471404520791031,0.0333333333333333,2,188.0,181,195,g2,post
g2post,AM/PM,visual_direction,time_resolved_trial_response,glm_clean,balanced_accuracy,32,1.0998253218606455,1.0351297146923724,0.9537037037037036,0.0497593660834978,0.0351851851851852,2,188.0,181,195,g2,post
g2post,AM/PM,visual_direction,time_resolved_trial_response,glm_clean,balanced_accuracy,33,1.164520929028919,1.0351297146923724,0.9527777777777776,0.0536877370900897,0.0379629629629629,2,188.0,181,195,g2,post
g2post,AM/PM,visual_direction,time_resolved_trial_response,glm_clean,balanced_accuracy,34,1.229216536197192,1.0351297146923724,0.962037037037037,0.0248796830417489,0.0175925925925926,2,188.0,181,195,g2,post
g2post,AM/PM,visual_direction,time_resolved_trial_response,glm_clean,balanced_accuracy,35,1.2939121433654657,1.0351297146923724,0.9555555555555556,0.0366647960615247,0.0259259259259259,2,188.0,181,195,g2,post
g2post,AM/PM,visual_direction,time_resolved_trial_response,glm_clean,balanced_accuracy,36,1.3586077505337386,1.0351297146923724,0.9379629629629628,0.0484499090813002,0.0342592592592591,2,188.0,181,195,g2,post
g2post,AM/PM,visual_direction,time_resolved_trial_response,glm_clean,balanced_accuracy,37,1.423303357702012,1.0351297146923724,0.9444444444444444,0.0549971940922869,0.0388888888888888,2,188.0,181,195,g2,post
g2post,AM/PM,visual_direction,time_resolved_trial_response,glm_clean,balanced_accuracy,38,1.4879989648702852,1.0351297146923724,0.9296296296296296,0.0602350221010761,0.0425925925925925,2,188.0,181,195,g2,post
g2post,AM/PM,visual_direction,time_resolved_trial_response,glm_clean,balanced_accuracy,39,1.5526945720385583,1.0351297146923724,0.926851851851852,0.0667823071120627,0.0472222222222221,2,188.0,181,195,g2,post
g2post,AM/PM,visual_direction,time_resolved_trial_response,glm_clean,balanced_accuracy,40,1.6173901792068317,1.0351297146923724,0.9240740740740742,0.0628539361054708,0.0444444444444444,2,188.0,181,195,g2,post
g2post,AM/PM,visual_direction,time_resolved_trial_response,glm_clean,balanced_accuracy,41,1.682085786375105,1.0351297146923724,0.9092592592592592,0.0785674201318386,0.0555555555555556,2,188.0,181,195,g2,post
g2post,AM/PM,visual_direction,time_resolved_trial_response,glm_clean,balanced_accuracy,42,1.7467813935433782,1.0351297146923724,0.9064814814814814,0.0720201351208521,0.0509259259259259,2,188.0,181,195,g2,post
g2post,AM/PM,visual_direction,time_resolved_trial_response,glm_clean,balanced_accuracy,43,1.8114770007116516,1.0351297146923724,0.8972222222222224,0.0824957911384306,0.0583333333333334,2,188.0,181,195,g2,post
g2post,AM/PM,visual_direction,time_resolved_trial_response,glm_clean,balanced_accuracy,44,1.8761726078799248,1.0351297146923724,0.8814814814814814,0.0654728501098654,0.0462962962962962,2,188.0,181,195,g2,post
g2post,AM/PM,visual_direction,time_resolved_trial_response,glm_clean,balanced_accuracy,45,1.9408682150481984,1.0351297146923724,0.8675925925925926,0.106066017177982,0.0749999999999999,2,188.0,181,195,g2,post
g2post,AM/PM,visual_direction,time_resolved_trial_response,glm_clean,balanced_accuracy,46,2.0055638222164713,1.0351297146923724,0.8472222222222223,0.1113038451867713,0.0787037037037036,2,188.0,181,195,g2,post
g2post,LM,auditory_direction,time_resolved_trial_response,glm_clean,balanced_accuracy,0,-0.9704341075240992,1.0351297146923724,0.5,,,1,60.0,60,60,g2,post
g2post,LM,auditory_direction,time_resolved_trial_response,glm_clean,balanced_accuracy,1,-0.9057385003558258,1.0351297146923724,0.4833333333333333,,,1,60.0,60,60,g2,post
g2post,LM,auditory_direction,time_resolved_trial_response,glm_clean,balanced_accuracy,2,-0.8410428931875525,1.0351297146923724,0.5203703703703704,,,1,60.0,60,60,g2,post
g2post,LM,auditory_direction,time_resolved_trial_response,glm_clean,balanced_accuracy,3,-0.7763472860192793,1.0351297146923724,0.5407407407407406,,,1,60.0,60,60,g2,post
g2post,LM,auditory_direction,time_resolved_trial_response,glm_clean,balanced_accuracy,4,-0.711651678851006,1.0351297146923724,0.5037037037037037,,,1,60.0,60,60,g2,post
g2post,LM,auditory_direction,time_resolved_trial_response,glm_clean,balanced_accuracy,5,-0.6469560716827327,1.0351297146923724,0.5166666666666666,,,1,60.0,60,60,g2,post
g2post,LM,auditory_direction,time_resolved_trial_response,glm_clean,balanced_accuracy,6,-0.5822604645144595,1.0351297146923724,0.5,,,1,60.0,60,60,g2,post
g2post,LM,auditory_direction,time_resolved_trial_response,glm_clean,balanced_accuracy,7,-0.5175648573461862,1.0351297146923724,0.5222222222222221,,,1,60.0,60,60,g2,post
g2post,LM,auditory_direction,time_resolved_trial_response,glm_clean,balanced_accuracy,8,-0.4528692501779129,1.0351297146923724,0.524074074074074,,,1,60.0,60,60,g2,post
g2post,LM,auditory_direction,time_resolved_trial_response,glm_clean,balanced_accuracy,9,-0.3881736430096396,1.0351297146923724,0.5611111111111112,,,1,60.0,60,60,g2,post
g2post,LM,auditory_direction,time_resolved_trial_response,glm_clean,balanced_accuracy,10,-0.3234780358413663,1.0351297146923724,0.4722222222222222,,,1,60.0,60,60,g2,post
g2post,LM,auditory_direction,time_resolved_trial_response,glm_clean,balanced_accuracy,11,-0.2587824286730931,1.0351297146923724,0.5018518518518518,,,1,60.0,60,60,g2,post
g2post,LM,auditory_direction,time_resolved_trial_response,glm_clean,balanced_accuracy,12,-0.1940868215048198,1.0351297146923724,0.5277777777777779,,,1,60.0,60,60,g2,post
g2post,LM,auditory_direction,time_resolved_trial_response,glm_clean,balanced_accuracy,13,-0.1293912143365465,1.0351297146923724,0.5166666666666666,,,1,60.0,60,60,g2,post
g2post,LM,auditory_direction,time_resolved_trial_response,glm_clean,balanced_accuracy,14,-0.0646956071682732,1.0351297146923724,0.4777777777777777,,,1,60.0,60,60,g2,post
g2post,LM,auditory_direction,time_resolved_trial_response,glm_clean,balanced_accuracy,15,0.0,1.0351297146923724,0.45,,,1,60.0,60,60,g2,post
g2post,LM,auditory_direction,time_resolved_trial_response,glm_clean,balanced_accuracy,16,0.0646956071682732,1.0351297146923724,0.5314814814814814,,,1,60.0,60,60,g2,post
g2post,LM,auditory_direction,time_resolved_trial_response,glm_clean,balanced_accuracy,17,0.1293912143365465,1.0351297146923724,0.4685185185185185,,,1,60.0,60,60,g2,post
g2post,LM,auditory_direction,time_resolved_trial_response,glm_clean,balanced_accuracy,18,0.1940868215048198,1.0351297146923724,0.5111111111111111,,,1,60.0,60,60,g2,post
g2post,LM,auditory_direction,time_resolved_trial_response,glm_clean,balanced_accuracy,19,0.2587824286730931,1.0351297146923724,0.4666666666666666,,,1,60.0,60,60,g2,post
g2post,LM,auditory_direction,time_resolved_trial_response,glm_clean,balanced_accuracy,20,0.3234780358413663,1.0351297146923724,0.4981481481481482,,,1,60.0,60,60,g2,post
g2post,LM,auditory_direction,time_resolved_trial_response,glm_clean,balanced_accuracy,21,0.3881736430096396,1.0351297146923724,0.5055555555555555,,,1,60.0,60,60,g2,post
g2post,LM,auditory_direction,time_resolved_trial_response,glm_clean,balanced_accuracy,22,0.4528692501779129,1.0351297146923724,0.437037037037037,,,1,60.0,60,60,g2,post
g2post,LM,auditory_direction,time_resolved_trial_response,glm_clean,balanced_accuracy,23,0.5175648573461862,1.0351297146923724,0.4925925925925926,,,1,60.0,60,60,g2,post
g2post,LM,auditory_direction,time_resolved_trial_response,glm_clean,balanced_accuracy,24,0.5822604645144595,1.0351297146923724,0.4907407407407407,,,1,60.0,60,60,g2,post
g2post,LM,auditory_direction,time_resolved_trial_response,glm_clean,balanced_accuracy,25,0.6469560716827327,1.0351297146923724,0.5425925925925926,,,1,60.0,60,60,g2,post
g2post,LM,auditory_direction,time_resolved_trial_response,glm_clean,balanced_accuracy,26,0.711651678851006,1.0351297146923724,0.5222222222222224,,,1,60.0,60,60,g2,post
g2post,LM,auditory_direction,time_resolved_trial_response,glm_clean,balanced_accuracy,27,0.7763472860192793,1.0351297146923724,0.4851851851851851,,,1,60.0,60,60,g2,post
g2post,LM,auditory_direction,time_resolved_trial_response,glm_clean,balanced_accuracy,28,0.8410428931875525,1.0351297146923724,0.4833333333333333,,,1,60.0,60,60,g2,post
g2post,LM,auditory_direction,time_resolved_trial_response,glm_clean,balanced_accuracy,29,0.9057385003558258,1.0351297146923724,0.475925925925926,,,1,60.0,60,60,g2,post
g2post,LM,auditory_direction,time_resolved_trial_response,glm_clean,balanced_accuracy,30,0.9704341075240992,1.0351297146923724,0.5185185185185184,,,1,60.0,60,60,g2,post
g2post,LM,auditory_direction,time_resolved_trial_response,glm_clean,balanced_accuracy,31,1.0351297146923724,1.0351297146923724,0.4777777777777777,,,1,60.0,60,60,g2,post
g2post,LM,auditory_direction,time_resolved_trial_response,glm_clean,balanced_accuracy,32,1.0998253218606455,1.0351297146923724,0.5148148148148148,,,1,60.0,60,60,g2,post
g2post,LM,auditory_direction,time_resolved_trial_response,glm_clean,balanced_accuracy,33,1.164520929028919,1.0351297146923724,0.4777777777777778,,,1,60.0,60,60,g2,post
g2post,LM,auditory_direction,time_resolved_trial_response,glm_clean,balanced_accuracy,34,1.229216536197192,1.0351297146923724,0.5518518518518518,,,1,60.0,60,60,g2,post
g2post,LM,auditory_direction,time_resolved_trial_response,glm_clean,balanced_accuracy,35,1.2939121433654657,1.0351297146923724,0.5166666666666666,,,1,60.0,60,60,g2,post
g2post,LM,auditory_direction,time_resolved_trial_response,glm_clean,balanced_accuracy,36,1.3586077505337386,1.0351297146923724,0.512962962962963,,,1,60.0,60,60,g2,post
g2post,LM,auditory_direction,time_resolved_trial_response,glm_clean,balanced_accuracy,37,1.423303357702012,1.0351297146923724,0.4833333333333334,,,1,60.0,60,60,g2,post
g2post,LM,auditory_direction,time_resolved_trial_response,glm_clean,balanced_accuracy,38,1.4879989648702852,1.0351297146923724,0.5166666666666666,,,1,60.0,60,60,g2,post
g2post,LM,auditory_direction,time_resolved_trial_response,glm_clean,balanced_accuracy,39,1.5526945720385583,1.0351297146923724,0.5074074074074074,,,1,60.0,60,60,g2,post
g2post,LM,auditory_direction,time_resolved_trial_response,glm_clean,balanced_accuracy,40,1.6173901792068317,1.0351297146923724,0.5,,,1,60.0,60,60,g2,post
g2post,LM,auditory_direction,time_resolved_trial_response,glm_clean,balanced_accuracy,41,1.682085786375105,1.0351297146923724,0.5148148148148147,,,1,60.0,60,60,g2,post
g2post,LM,auditory_direction,time_resolved_trial_response,glm_clean,balanced_accuracy,42,1.7467813935433782,1.0351297146923724,0.4981481481481481,,,1,60.0,60,60,g2,post
g2post,LM,auditory_direction,time_resolved_trial_response,glm_clean,balanced_accuracy,43,1.8114770007116516,1.0351297146923724,0.5074074074074074,,,1,60.0,60,60,g2,post
g2post,LM,auditory_direction,time_resolved_trial_response,glm_clean,balanced_accuracy,44,1.8761726078799248,1.0351297146923724,0.5111111111111111,,,1,60.0,60,60,g2,post
g2post,LM,auditory_direction,time_resolved_trial_response,glm_clean,balanced_accuracy,45,1.9408682150481984,1.0351297146923724,0.5351851851851851,,,1,60.0,60,60,g2,post
g2post,LM,auditory_direction,time_resolved_trial_response,glm_clean,balanced_accuracy,46,2.0055638222164713,1.0351297146923724,0.562962962962963,,,1,60.0,60,60,g2,post
g2post,LM,congruency,time_resolved_trial_response,glm_clean,balanced_accuracy,0,-0.9704341075240992,1.0351297146923724,0.4972222222222222,,,1,60.0,60,60,g2,post
g2post,LM,congruency,time_resolved_trial_response,glm_clean,balanced_accuracy,1,-0.9057385003558258,1.0351297146923724,0.5055555555555555,,,1,60.0,60,60,g2,post
g2post,LM,congruency,time_resolved_trial_response,glm_clean,balanced_accuracy,2,-0.8410428931875525,1.0351297146923724,0.5,,,1,60.0,60,60,g2,post
g2post,LM,congruency,time_resolved_trial_response,glm_clean,balanced_accuracy,3,-0.7763472860192793,1.0351297146923724,0.5222222222222221,,,1,60.0,60,60,g2,post
g2post,LM,congruency,time_resolved_trial_response,glm_clean,balanced_accuracy,4,-0.711651678851006,1.0351297146923724,0.4916666666666667,,,1,60.0,60,60,g2,post
g2post,LM,congruency,time_resolved_trial_response,glm_clean,balanced_accuracy,5,-0.6469560716827327,1.0351297146923724,0.4916666666666666,,,1,60.0,60,60,g2,post
g2post,LM,congruency,time_resolved_trial_response,glm_clean,balanced_accuracy,6,-0.5822604645144595,1.0351297146923724,0.4777777777777777,,,1,60.0,60,60,g2,post
g2post,LM,congruency,time_resolved_trial_response,glm_clean,balanced_accuracy,7,-0.5175648573461862,1.0351297146923724,0.486111111111111,,,1,60.0,60,60,g2,post
g2post,LM,congruency,time_resolved_trial_response,glm_clean,balanced_accuracy,8,-0.4528692501779129,1.0351297146923724,0.5,,,1,60.0,60,60,g2,post
g2post,LM,congruency,time_resolved_trial_response,glm_clean,balanced_accuracy,9,-0.3881736430096396,1.0351297146923724,0.5305555555555556,,,1,60.0,60,60,g2,post
g2post,LM,congruency,time_resolved_trial_response,glm_clean,balanced_accuracy,10,-0.3234780358413663,1.0351297146923724,0.5,,,1,60.0,60,60,g2,post
g2post,LM,congruency,time_resolved_trial_response,glm_clean,balanced_accuracy,11,-0.2587824286730931,1.0351297146923724,0.5,,,1,60.0,60,60,g2,post
g2post,LM,congruency,time_resolved_trial_response,glm_clean,balanced_accuracy,12,-0.1940868215048198,1.0351297146923724,0.475,,,1,60.0,60,60,g2,post
g2post,LM,congruency,time_resolved_trial_response,glm_clean,balanced_accuracy,13,-0.1293912143365465,1.0351297146923724,0.513888888888889,,,1,60.0,60,60,g2,post
g2post,LM,congruency,time_resolved_trial_response,glm_clean,balanced_accuracy,14,-0.0646956071682732,1.0351297146923724,0.4916666666666667,,,1,60.0,60,60,g2,post
g2post,LM,congruency,time_resolved_trial_response,glm_clean,balanced_accuracy,15,0.0,1.0351297146923724,0.5083333333333333,,,1,60.0,60,60,g2,post
g2post,LM,congruency,time_resolved_trial_response,glm_clean,balanced_accuracy,16,0.0646956071682732,1.0351297146923724,0.5027777777777777,,,1,60.0,60,60,g2,post
g2post,LM,congruency,time_resolved_trial_response,glm_clean,balanced_accuracy,17,0.1293912143365465,1.0351297146923724,0.4527777777777778,,,1,60.0,60,60,g2,post
g2post,LM,congruency,time_resolved_trial_response,glm_clean,balanced_accuracy,18,0.1940868215048198,1.0351297146923724,0.4694444444444444,,,1,60.0,60,60,g2,post
g2post,LM,congruency,time_resolved_trial_response,glm_clean,balanced_accuracy,19,0.2587824286730931,1.0351297146923724,0.4833333333333334,,,1,60.0,60,60,g2,post
g2post,LM,congruency,time_resolved_trial_response,glm_clean,balanced_accuracy,20,0.3234780358413663,1.0351297146923724,0.4694444444444444,,,1,60.0,60,60,g2,post
g2post,LM,congruency,time_resolved_trial_response,glm_clean,balanced_accuracy,21,0.3881736430096396,1.0351297146923724,0.4666666666666666,,,1,60.0,60,60,g2,post
g2post,LM,congruency,time_resolved_trial_response,glm_clean,balanced_accuracy,22,0.4528692501779129,1.0351297146923724,0.4916666666666667,,,1,60.0,60,60,g2,post
g2post,LM,congruency,time_resolved_trial_response,glm_clean,balanced_accuracy,23,0.5175648573461862,1.0351297146923724,0.4888888888888889,,,1,60.0,60,60,g2,post
g2post,LM,congruency,time_resolved_trial_response,glm_clean,balanced_accuracy,24,0.5822604645144595,1.0351297146923724,0.5305555555555556,,,1,60.0,60,60,g2,post
g2post,LM,congruency,time_resolved_trial_response,glm_clean,balanced_accuracy,25,0.6469560716827327,1.0351297146923724,0.4833333333333333,,,1,60.0,60,60,g2,post
g2post,LM,congruency,time_resolved_trial_response,glm_clean,balanced_accuracy,26,0.711651678851006,1.0351297146923724,0.5000000000000001,,,1,60.0,60,60,g2,post
g2post,LM,congruency,time_resolved_trial_response,glm_clean,balanced_accuracy,27,0.7763472860192793,1.0351297146923724,0.4916666666666666,,,1,60.0,60,60,g2,post
g2post,LM,congruency,time_resolved_trial_response,glm_clean,balanced_accuracy,28,0.8410428931875525,1.0351297146923724,0.525,,,1,60.0,60,60,g2,post
g2post,LM,congruency,time_resolved_trial_response,glm_clean,balanced_accuracy,29,0.9057385003558258,1.0351297146923724,0.4388888888888888,,,1,60.0,60,60,g2,post
g2post,LM,congruency,time_resolved_trial_response,glm_clean,balanced_accuracy,30,0.9704341075240992,1.0351297146923724,0.4555555555555555,,,1,60.0,60,60,g2,post
g2post,LM,congruency,time_resolved_trial_response,glm_clean,balanced_accuracy,31,1.0351297146923724,1.0351297146923724,0.4833333333333334,,,1,60.0,60,60,g2,post
g2post,LM,congruency,time_resolved_trial_response,glm_clean,balanced_accuracy,32,1.0998253218606455,1.0351297146923724,0.4722222222222222,,,1,60.0,60,60,g2,post
g2post,LM,congruency,time_resolved_trial_response,glm_clean,balanced_accuracy,33,1.164520929028919,1.0351297146923724,0.4805555555555555,,,1,60.0,60,60,g2,post
g2post,LM,congruency,time_resolved_trial_response,glm_clean,balanced_accuracy,34,1.229216536197192,1.0351297146923724,0.4305555555555555,,,1,60.0,60,60,g2,post
g2post,LM,congruency,time_resolved_trial_response,glm_clean,balanced_accuracy,35,1.2939121433654657,1.0351297146923724,0.513888888888889,,,1,60.0,60,60,g2,post
g2post,LM,congruency,time_resolved_trial_response,glm_clean,balanced_accuracy,36,1.3586077505337386,1.0351297146923724,0.5166666666666666,,,1,60.0,60,60,g2,post
g2post,LM,congruency,time_resolved_trial_response,glm_clean,balanced_accuracy,37,1.423303357702012,1.0351297146923724,0.475,,,1,60.0,60,60,g2,post
g2post,LM,congruency,time_resolved_trial_response,glm_clean,balanced_accuracy,38,1.4879989648702852,1.0351297146923724,0.4777777777777777,,,1,60.0,60,60,g2,post
g2post,LM,congruency,time_resolved_trial_response,glm_clean,balanced_accuracy,39,1.5526945720385583,1.0351297146923724,0.4472222222222222,,,1,60.0,60,60,g2,post
g2post,LM,congruency,time_resolved_trial_response,glm_clean,balanced_accuracy,40,1.6173901792068317,1.0351297146923724,0.4972222222222223,,,1,60.0,60,60,g2,post
g2post,LM,congruency,time_resolved_trial_response,glm_clean,balanced_accuracy,41,1.682085786375105,1.0351297146923724,0.4833333333333333,,,1,60.0,60,60,g2,post
g2post,LM,congruency,time_resolved_trial_response,glm_clean,balanced_accuracy,42,1.7467813935433782,1.0351297146923724,0.5083333333333334,,,1,60.0,60,60,g2,post
g2post,LM,congruency,time_resolved_trial_response,glm_clean,balanced_accuracy,43,1.8114770007116516,1.0351297146923724,0.513888888888889,,,1,60.0,60,60,g2,post
g2post,LM,congruency,time_resolved_trial_response,glm_clean,balanced_accuracy,44,1.8761726078799248,1.0351297146923724,0.486111111111111,,,1,60.0,60,60,g2,post
g2post,LM,congruency,time_resolved_trial_response,glm_clean,balanced_accuracy,45,1.9408682150481984,1.0351297146923724,0.4555555555555555,,,1,60.0,60,60,g2,post
g2post,LM,congruency,time_resolved_trial_response,glm_clean,balanced_accuracy,46,2.0055638222164713,1.0351297146923724,0.4472222222222223,,,1,60.0,60,60,g2,post
g2post,LM,modality,time_resolved_trial_response,glm_clean,balanced_accuracy,0,-0.9704341075240992,1.0351297146923724,0.3296296296296296,,,1,60.0,60,60,g2,post
g2post,LM,modality,time_resolved_trial_response,glm_clean,balanced_accuracy,1,-0.9057385003558258,1.0351297146923724,0.3435185185185185,,,1,60.0,60,60,g2,post
g2post,LM,modality,time_resolved_trial_response,glm_clean,balanced_accuracy,2,-0.8410428931875525,1.0351297146923724,0.3194444444444444,,,1,60.0,60,60,g2,post
g2post,LM,modality,time_resolved_trial_response,glm_clean,balanced_accuracy,3,-0.7763472860192793,1.0351297146923724,0.3287037037037037,,,1,60.0,60,60,g2,post
g2post,LM,modality,time_resolved_trial_response,glm_clean,balanced_accuracy,4,-0.711651678851006,1.0351297146923724,0.312037037037037,,,1,60.0,60,60,g2,post
g2post,LM,modality,time_resolved_trial_response,glm_clean,balanced_accuracy,5,-0.6469560716827327,1.0351297146923724,0.3527777777777777,,,1,60.0,60,60,g2,post
g2post,LM,modality,time_resolved_trial_response,glm_clean,balanced_accuracy,6,-0.5822604645144595,1.0351297146923724,0.3425925925925925,,,1,60.0,60,60,g2,post
g2post,LM,modality,time_resolved_trial_response,glm_clean,balanced_accuracy,7,-0.5175648573461862,1.0351297146923724,0.3287037037037036,,,1,60.0,60,60,g2,post
g2post,LM,modality,time_resolved_trial_response,glm_clean,balanced_accuracy,8,-0.4528692501779129,1.0351297146923724,0.3314814814814815,,,1,60.0,60,60,g2,post
g2post,LM,modality,time_resolved_trial_response,glm_clean,balanced_accuracy,9,-0.3881736430096396,1.0351297146923724,0.3175925925925926,,,1,60.0,60,60,g2,post
g2post,LM,modality,time_resolved_trial_response,glm_clean,balanced_accuracy,10,-0.3234780358413663,1.0351297146923724,0.3287037037037037,,,1,60.0,60,60,g2,post
g2post,LM,modality,time_resolved_trial_response,glm_clean,balanced_accuracy,11,-0.2587824286730931,1.0351297146923724,0.3490740740740741,,,1,60.0,60,60,g2,post
g2post,LM,modality,time_resolved_trial_response,glm_clean,balanced_accuracy,12,-0.1940868215048198,1.0351297146923724,0.3425925925925925,,,1,60.0,60,60,g2,post
g2post,LM,modality,time_resolved_trial_response,glm_clean,balanced_accuracy,13,-0.1293912143365465,1.0351297146923724,0.312962962962963,,,1,60.0,60,60,g2,post
g2post,LM,modality,time_resolved_trial_response,glm_clean,balanced_accuracy,14,-0.0646956071682732,1.0351297146923724,0.3268518518518518,,,1,60.0,60,60,g2,post
g2post,LM,modality,time_resolved_trial_response,glm_clean,balanced_accuracy,15,0.0,1.0351297146923724,0.3314814814814815,,,1,60.0,60,60,g2,post
g2post,LM,modality,time_resolved_trial_response,glm_clean,balanced_accuracy,16,0.0646956071682732,1.0351297146923724,0.3277777777777778,,,1,60.0,60,60,g2,post
g2post,LM,modality,time_resolved_trial_response,glm_clean,balanced_accuracy,17,0.1293912143365465,1.0351297146923724,0.3462962962962962,,,1,60.0,60,60,g2,post
g2post,LM,modality,time_resolved_trial_response,glm_clean,balanced_accuracy,18,0.1940868215048198,1.0351297146923724,0.5120370370370371,,,1,60.0,60,60,g2,post
g2post,LM,modality,time_resolved_trial_response,glm_clean,balanced_accuracy,19,0.2587824286730931,1.0351297146923724,0.8,,,1,60.0,60,60,g2,post
g2post,LM,modality,time_resolved_trial_response,glm_clean,balanced_accuracy,20,0.3234780358413663,1.0351297146923724,0.7749999999999999,,,1,60.0,60,60,g2,post
g2post,LM,modality,time_resolved_trial_response,glm_clean,balanced_accuracy,21,0.3881736430096396,1.0351297146923724,0.7703703703703704,,,1,60.0,60,60,g2,post
g2post,LM,modality,time_resolved_trial_response,glm_clean,balanced_accuracy,22,0.4528692501779129,1.0351297146923724,0.7435185185185185,,,1,60.0,60,60,g2,post
g2post,LM,modality,time_resolved_trial_response,glm_clean,balanced_accuracy,23,0.5175648573461862,1.0351297146923724,0.7268518518518519,,,1,60.0,60,60,g2,post
g2post,LM,modality,time_resolved_trial_response,glm_clean,balanced_accuracy,24,0.5822604645144595,1.0351297146923724,0.749074074074074,,,1,60.0,60,60,g2,post
g2post,LM,modality,time_resolved_trial_response,glm_clean,balanced_accuracy,25,0.6469560716827327,1.0351297146923724,0.7296296296296296,,,1,60.0,60,60,g2,post
g2post,LM,modality,time_resolved_trial_response,glm_clean,balanced_accuracy,26,0.711651678851006,1.0351297146923724,0.7240740740740741,,,1,60.0,60,60,g2,post
g2post,LM,modality,time_resolved_trial_response,glm_clean,balanced_accuracy,27,0.7763472860192793,1.0351297146923724,0.712962962962963,,,1,60.0,60,60,g2,post
g2post,LM,modality,time_resolved_trial_response,glm_clean,balanced_accuracy,28,0.8410428931875525,1.0351297146923724,0.7148148148148148,,,1,60.0,60,60,g2,post
g2post,LM,modality,time_resolved_trial_response,glm_clean,balanced_accuracy,29,0.9057385003558258,1.0351297146923724,0.6981481481481482,,,1,60.0,60,60,g2,post
g2post,LM,modality,time_resolved_trial_response,glm_clean,balanced_accuracy,30,0.9704341075240992,1.0351297146923724,0.6962962962962963,,,1,60.0,60,60,g2,post
g2post,LM,modality,time_resolved_trial_response,glm_clean,balanced_accuracy,31,1.0351297146923724,1.0351297146923724,0.7361111111111112,,,1,60.0,60,60,g2,post
g2post,LM,modality,time_resolved_trial_response,glm_clean,balanced_accuracy,32,1.0998253218606455,1.0351297146923724,0.7453703703703703,,,1,60.0,60,60,g2,post
g2post,LM,modality,time_resolved_trial_response,glm_clean,balanced_accuracy,33,1.164520929028919,1.0351297146923724,0.7092592592592591,,,1,60.0,60,60,g2,post
g2post,LM,modality,time_resolved_trial_response,glm_clean,balanced_accuracy,34,1.229216536197192,1.0351297146923724,0.7203703703703704,,,1,60.0,60,60,g2,post
g2post,LM,modality,time_resolved_trial_response,glm_clean,balanced_accuracy,35,1.2939121433654657,1.0351297146923724,0.7111111111111111,,,1,60.0,60,60,g2,post
g2post,LM,modality,time_resolved_trial_response,glm_clean,balanced_accuracy,36,1.3586077505337386,1.0351297146923724,0.7027777777777777,,,1,60.0,60,60,g2,post
g2post,LM,modality,time_resolved_trial_response,glm_clean,balanced_accuracy,37,1.423303357702012,1.0351297146923724,0.7018518518518518,,,1,60.0,60,60,g2,post
g2post,LM,modality,time_resolved_trial_response,glm_clean,balanced_accuracy,38,1.4879989648702852,1.0351297146923724,0.6944444444444445,,,1,60.0,60,60,g2,post
g2post,LM,modality,time_resolved_trial_response,glm_clean,balanced_accuracy,39,1.5526945720385583,1.0351297146923724,0.6962962962962963,,,1,60.0,60,60,g2,post
g2post,LM,modality,time_resolved_trial_response,glm_clean,balanced_accuracy,40,1.6173901792068317,1.0351297146923724,0.6555555555555556,,,1,60.0,60,60,g2,post
g2post,LM,modality,time_resolved_trial_response,glm_clean,balanced_accuracy,41,1.682085786375105,1.0351297146923724,0.662962962962963,,,1,60.0,60,60,g2,post
g2post,LM,modality,time_resolved_trial_response,glm_clean,balanced_accuracy,42,1.7467813935433782,1.0351297146923724,0.6472222222222224,,,1,60.0,60,60,g2,post
g2post,LM,modality,time_resolved_trial_response,glm_clean,balanced_accuracy,43,1.8114770007116516,1.0351297146923724,0.6203703703703703,,,1,60.0,60,60,g2,post
g2post,LM,modality,time_resolved_trial_response,glm_clean,balanced_accuracy,44,1.8761726078799248,1.0351297146923724,0.6129629629629629,,,1,60.0,60,60,g2,post
g2post,LM,modality,time_resolved_trial_response,glm_clean,balanced_accuracy,45,1.9408682150481984,1.0351297146923724,0.5731481481481481,,,1,60.0,60,60,g2,post
g2post,LM,modality,time_resolved_trial_response,glm_clean,balanced_accuracy,46,2.0055638222164713,1.0351297146923724,0.5527777777777778,,,1,60.0,60,60,g2,post
g2post,LM,trial_type,time_resolved_trial_response,glm_clean,balanced_accuracy,0,-0.9704341075240992,1.0351297146923724,0.1430555555555555,,,1,60.0,60,60,g2,post
g2post,LM,trial_type,time_resolved_trial_response,glm_clean,balanced_accuracy,1,-0.9057385003558258,1.0351297146923724,0.1388888888888889,,,1,60.0,60,60,g2,post
g2post,LM,trial_type,time_resolved_trial_response,glm_clean,balanced_accuracy,2,-0.8410428931875525,1.0351297146923724,0.1236111111111111,,,1,60.0,60,60,g2,post
g2post,LM,trial_type,time_resolved_trial_response,glm_clean,balanced_accuracy,3,-0.7763472860192793,1.0351297146923724,0.1361111111111111,,,1,60.0,60,60,g2,post
g2post,LM,trial_type,time_resolved_trial_response,glm_clean,balanced_accuracy,4,-0.711651678851006,1.0351297146923724,0.1027777777777777,,,1,60.0,60,60,g2,post
g2post,LM,trial_type,time_resolved_trial_response,glm_clean,balanced_accuracy,5,-0.6469560716827327,1.0351297146923724,0.1361111111111111,,,1,60.0,60,60,g2,post
g2post,LM,trial_type,time_resolved_trial_response,glm_clean,balanced_accuracy,6,-0.5822604645144595,1.0351297146923724,0.0986111111111111,,,1,60.0,60,60,g2,post
g2post,LM,trial_type,time_resolved_trial_response,glm_clean,balanced_accuracy,7,-0.5175648573461862,1.0351297146923724,0.1249999999999999,,,1,60.0,60,60,g2,post
g2post,LM,trial_type,time_resolved_trial_response,glm_clean,balanced_accuracy,8,-0.4528692501779129,1.0351297146923724,0.1263888888888888,,,1,60.0,60,60,g2,post
g2post,LM,trial_type,time_resolved_trial_response,glm_clean,balanced_accuracy,9,-0.3881736430096396,1.0351297146923724,0.1263888888888888,,,1,60.0,60,60,g2,post
g2post,LM,trial_type,time_resolved_trial_response,glm_clean,balanced_accuracy,10,-0.3234780358413663,1.0351297146923724,0.1319444444444444,,,1,60.0,60,60,g2,post
g2post,LM,trial_type,time_resolved_trial_response,glm_clean,balanced_accuracy,11,-0.2587824286730931,1.0351297146923724,0.1222222222222222,,,1,60.0,60,60,g2,post
g2post,LM,trial_type,time_resolved_trial_response,glm_clean,balanced_accuracy,12,-0.1940868215048198,1.0351297146923724,0.1319444444444444,,,1,60.0,60,60,g2,post
g2post,LM,trial_type,time_resolved_trial_response,glm_clean,balanced_accuracy,13,-0.1293912143365465,1.0351297146923724,0.1416666666666666,,,1,60.0,60,60,g2,post
g2post,LM,trial_type,time_resolved_trial_response,glm_clean,balanced_accuracy,14,-0.0646956071682732,1.0351297146923724,0.125,,,1,60.0,60,60,g2,post
g2post,LM,trial_type,time_resolved_trial_response,glm_clean,balanced_accuracy,15,0.0,1.0351297146923724,0.1263888888888888,,,1,60.0,60,60,g2,post
g2post,LM,trial_type,time_resolved_trial_response,glm_clean,balanced_accuracy,16,0.0646956071682732,1.0351297146923724,0.1333333333333333,,,1,60.0,60,60,g2,post
g2post,LM,trial_type,time_resolved_trial_response,glm_clean,balanced_accuracy,17,0.1293912143365465,1.0351297146923724,0.1319444444444444,,,1,60.0,60,60,g2,post
g2post,LM,trial_type,time_resolved_trial_response,glm_clean,balanced_accuracy,18,0.1940868215048198,1.0351297146923724,0.1791666666666666,,,1,60.0,60,60,g2,post
g2post,LM,trial_type,time_resolved_trial_response,glm_clean,balanced_accuracy,19,0.2587824286730931,1.0351297146923724,0.3180555555555555,,,1,60.0,60,60,g2,post
g2post,LM,trial_type,time_resolved_trial_response,glm_clean,balanced_accuracy,20,0.3234780358413663,1.0351297146923724,0.3458333333333333,,,1,60.0,60,60,g2,post
g2post,LM,trial_type,time_resolved_trial_response,glm_clean,balanced_accuracy,21,0.3881736430096396,1.0351297146923724,0.3583333333333333,,,1,60.0,60,60,g2,post
g2post,LM,trial_type,time_resolved_trial_response,glm_clean,balanced_accuracy,22,0.4528692501779129,1.0351297146923724,0.3583333333333333,,,1,60.0,60,60,g2,post
g2post,LM,trial_type,time_resolved_trial_response,glm_clean,balanced_accuracy,23,0.5175648573461862,1.0351297146923724,0.3944444444444444,,,1,60.0,60,60,g2,post
g2post,LM,trial_type,time_resolved_trial_response,glm_clean,balanced_accuracy,24,0.5822604645144595,1.0351297146923724,0.4097222222222222,,,1,60.0,60,60,g2,post
g2post,LM,trial_type,time_resolved_trial_response,glm_clean,balanced_accuracy,25,0.6469560716827327,1.0351297146923724,0.4680555555555555,,,1,60.0,60,60,g2,post
g2post,LM,trial_type,time_resolved_trial_response,glm_clean,balanced_accuracy,26,0.711651678851006,1.0351297146923724,0.4138888888888888,,,1,60.0,60,60,g2,post
g2post,LM,trial_type,time_resolved_trial_response,glm_clean,balanced_accuracy,27,0.7763472860192793,1.0351297146923724,0.4166666666666666,,,1,60.0,60,60,g2,post
g2post,LM,trial_type,time_resolved_trial_response,glm_clean,balanced_accuracy,28,0.8410428931875525,1.0351297146923724,0.386111111111111,,,1,60.0,60,60,g2,post
g2post,LM,trial_type,time_resolved_trial_response,glm_clean,balanced_accuracy,29,0.9057385003558258,1.0351297146923724,0.4055555555555556,,,1,60.0,60,60,g2,post
g2post,LM,trial_type,time_resolved_trial_response,glm_clean,balanced_accuracy,30,0.9704341075240992,1.0351297146923724,0.4263888888888889,,,1,60.0,60,60,g2,post
g2post,LM,trial_type,time_resolved_trial_response,glm_clean,balanced_accuracy,31,1.0351297146923724,1.0351297146923724,0.3986111111111111,,,1,60.0,60,60,g2,post
g2post,LM,trial_type,time_resolved_trial_response,glm_clean,balanced_accuracy,32,1.0998253218606455,1.0351297146923724,0.4208333333333333,,,1,60.0,60,60,g2,post
g2post,LM,trial_type,time_resolved_trial_response,glm_clean,balanced_accuracy,33,1.164520929028919,1.0351297146923724,0.4305555555555555,,,1,60.0,60,60,g2,post
g2post,LM,trial_type,time_resolved_trial_response,glm_clean,balanced_accuracy,34,1.229216536197192,1.0351297146923724,0.4125,,,1,60.0,60,60,g2,post
g2post,LM,trial_type,time_resolved_trial_response,glm_clean,balanced_accuracy,35,1.2939121433654657,1.0351297146923724,0.4041666666666667,,,1,60.0,60,60,g2,post
g2post,LM,trial_type,time_resolved_trial_response,glm_clean,balanced_accuracy,36,1.3586077505337386,1.0351297146923724,0.3888888888888888,,,1,60.0,60,60,g2,post
g2post,LM,trial_type,time_resolved_trial_response,glm_clean,balanced_accuracy,37,1.423303357702012,1.0351297146923724,0.373611111111111,,,1,60.0,60,60,g2,post
g2post,LM,trial_type,time_resolved_trial_response,glm_clean,balanced_accuracy,38,1.4879989648702852,1.0351297146923724,0.3638888888888889,,,1,60.0,60,60,g2,post
g2post,LM,trial_type,time_resolved_trial_response,glm_clean,balanced_accuracy,39,1.5526945720385583,1.0351297146923724,0.3583333333333333,,,1,60.0,60,60,g2,post
g2post,LM,trial_type,time_resolved_trial_response,glm_clean,balanced_accuracy,40,1.6173901792068317,1.0351297146923724,0.3430555555555555,,,1,60.0,60,60,g2,post
g2post,LM,trial_type,time_resolved_trial_response,glm_clean,balanced_accuracy,41,1.682085786375105,1.0351297146923724,0.3333333333333333,,,1,60.0,60,60,g2,post
g2post,LM,trial_type,time_resolved_trial_response,glm_clean,balanced_accuracy,42,1.7467813935433782,1.0351297146923724,0.2944444444444444,,,1,60.0,60,60,g2,post
g2post,LM,trial_type,time_resolved_trial_response,glm_clean,balanced_accuracy,43,1.8114770007116516,1.0351297146923724,0.2930555555555556,,,1,60.0,60,60,g2,post
g2post,LM,trial_type,time_resolved_trial_response,glm_clean,balanced_accuracy,44,1.8761726078799248,1.0351297146923724,0.3166666666666666,,,1,60.0,60,60,g2,post
g2post,LM,trial_type,time_resolved_trial_response,glm_clean,balanced_accuracy,45,1.9408682150481984,1.0351297146923724,0.2888888888888889,,,1,60.0,60,60,g2,post
g2post,LM,trial_type,time_resolved_trial_response,glm_clean,balanced_accuracy,46,2.0055638222164713,1.0351297146923724,0.2888888888888888,,,1,60.0,60,60,g2,post
g2post,LM,visual_direction,time_resolved_trial_response,glm_clean,balanced_accuracy,0,-0.9704341075240992,1.0351297146923724,0.5092592592592593,,,1,60.0,60,60,g2,post
g2post,LM,visual_direction,time_resolved_trial_response,glm_clean,balanced_accuracy,1,-0.9057385003558258,1.0351297146923724,0.5074074074074073,,,1,60.0,60,60,g2,post
g2post,LM,visual_direction,time_resolved_trial_response,glm_clean,balanced_accuracy,2,-0.8410428931875525,1.0351297146923724,0.4925925925925926,,,1,60.0,60,60,g2,post
g2post,LM,visual_direction,time_resolved_trial_response,glm_clean,balanced_accuracy,3,-0.7763472860192793,1.0351297146923724,0.5074074074074074,,,1,60.0,60,60,g2,post
g2post,LM,visual_direction,time_resolved_trial_response,glm_clean,balanced_accuracy,4,-0.711651678851006,1.0351297146923724,0.5111111111111113,,,1,60.0,60,60,g2,post
g2post,LM,visual_direction,time_resolved_trial_response,glm_clean,balanced_accuracy,5,-0.6469560716827327,1.0351297146923724,0.524074074074074,,,1,60.0,60,60,g2,post
g2post,LM,visual_direction,time_resolved_trial_response,glm_clean,balanced_accuracy,6,-0.5822604645144595,1.0351297146923724,0.4851851851851852,,,1,60.0,60,60,g2,post
g2post,LM,visual_direction,time_resolved_trial_response,glm_clean,balanced_accuracy,7,-0.5175648573461862,1.0351297146923724,0.5203703703703704,,,1,60.0,60,60,g2,post
g2post,LM,visual_direction,time_resolved_trial_response,glm_clean,balanced_accuracy,8,-0.4528692501779129,1.0351297146923724,0.5166666666666666,,,1,60.0,60,60,g2,post
g2post,LM,visual_direction,time_resolved_trial_response,glm_clean,balanced_accuracy,9,-0.3881736430096396,1.0351297146923724,0.474074074074074,,,1,60.0,60,60,g2,post
g2post,LM,visual_direction,time_resolved_trial_response,glm_clean,balanced_accuracy,10,-0.3234780358413663,1.0351297146923724,0.5333333333333333,,,1,60.0,60,60,g2,post
g2post,LM,visual_direction,time_resolved_trial_response,glm_clean,balanced_accuracy,11,-0.2587824286730931,1.0351297146923724,0.4592592592592592,,,1,60.0,60,60,g2,post
g2post,LM,visual_direction,time_resolved_trial_response,glm_clean,balanced_accuracy,12,-0.1940868215048198,1.0351297146923724,0.4537037037037037,,,1,60.0,60,60,g2,post
g2post,LM,visual_direction,time_resolved_trial_response,glm_clean,balanced_accuracy,13,-0.1293912143365465,1.0351297146923724,0.4814814814814815,,,1,60.0,60,60,g2,post
g2post,LM,visual_direction,time_resolved_trial_response,glm_clean,balanced_accuracy,14,-0.0646956071682732,1.0351297146923724,0.4981481481481481,,,1,60.0,60,60,g2,post
g2post,LM,visual_direction,time_resolved_trial_response,glm_clean,balanced_accuracy,15,0.0,1.0351297146923724,0.4462962962962963,,,1,60.0,60,60,g2,post
g2post,LM,visual_direction,time_resolved_trial_response,glm_clean,balanced_accuracy,16,0.0646956071682732,1.0351297146923724,0.5240740740740741,,,1,60.0,60,60,g2,post
g2post,LM,visual_direction,time_resolved_trial_response,glm_clean,balanced_accuracy,17,0.1293912143365465,1.0351297146923724,0.5444444444444445,,,1,60.0,60,60,g2,post
g2post,LM,visual_direction,time_resolved_trial_response,glm_clean,balanced_accuracy,18,0.1940868215048198,1.0351297146923724,0.4981481481481482,,,1,60.0,60,60,g2,post
g2post,LM,visual_direction,time_resolved_trial_response,glm_clean,balanced_accuracy,19,0.2587824286730931,1.0351297146923724,0.5907407407407408,,,1,60.0,60,60,g2,post
g2post,LM,visual_direction,time_resolved_trial_response,glm_clean,balanced_accuracy,20,0.3234780358413663,1.0351297146923724,0.6907407407407408,,,1,60.0,60,60,g2,post
g2post,LM,visual_direction,time_resolved_trial_response,glm_clean,balanced_accuracy,21,0.3881736430096396,1.0351297146923724,0.7592592592592592,,,1,60.0,60,60,g2,post
g2post,LM,visual_direction,time_resolved_trial_response,glm_clean,balanced_accuracy,22,0.4528692501779129,1.0351297146923724,0.8462962962962962,,,1,60.0,60,60,g2,post
g2post,LM,visual_direction,time_resolved_trial_response,glm_clean,balanced_accuracy,23,0.5175648573461862,1.0351297146923724,0.9166666666666666,,,1,60.0,60,60,g2,post
g2post,LM,visual_direction,time_resolved_trial_response,glm_clean,balanced_accuracy,24,0.5822604645144595,1.0351297146923724,0.9703703703703702,,,1,60.0,60,60,g2,post
g2post,LM,visual_direction,time_resolved_trial_response,glm_clean,balanced_accuracy,25,0.6469560716827327,1.0351297146923724,0.9907407407407408,,,1,60.0,60,60,g2,post
g2post,LM,visual_direction,time_resolved_trial_response,glm_clean,balanced_accuracy,26,0.711651678851006,1.0351297146923724,0.9814814814814816,,,1,60.0,60,60,g2,post
g2post,LM,visual_direction,time_resolved_trial_response,glm_clean,balanced_accuracy,27,0.7763472860192793,1.0351297146923724,0.9666666666666666,,,1,60.0,60,60,g2,post
g2post,LM,visual_direction,time_resolved_trial_response,glm_clean,balanced_accuracy,28,0.8410428931875525,1.0351297146923724,0.9814814814814812,,,1,60.0,60,60,g2,post
g2post,LM,visual_direction,time_resolved_trial_response,glm_clean,balanced_accuracy,29,0.9057385003558258,1.0351297146923724,0.9759259259259258,,,1,60.0,60,60,g2,post
g2post,LM,visual_direction,time_resolved_trial_response,glm_clean,balanced_accuracy,30,0.9704341075240992,1.0351297146923724,0.9814814814814812,,,1,60.0,60,60,g2,post
g2post,LM,visual_direction,time_resolved_trial_response,glm_clean,balanced_accuracy,31,1.0351297146923724,1.0351297146923724,0.977777777777778,,,1,60.0,60,60,g2,post
g2post,LM,visual_direction,time_resolved_trial_response,glm_clean,balanced_accuracy,32,1.0998253218606455,1.0351297146923724,0.972222222222222,,,1,60.0,60,60,g2,post
g2post,LM,visual_direction,time_resolved_trial_response,glm_clean,balanced_accuracy,33,1.164520929028919,1.0351297146923724,0.961111111111111,,,1,60.0,60,60,g2,post
g2post,LM,visual_direction,time_resolved_trial_response,glm_clean,balanced_accuracy,34,1.229216536197192,1.0351297146923724,0.9388888888888888,,,1,60.0,60,60,g2,post
g2post,LM,visual_direction,time_resolved_trial_response,glm_clean,balanced_accuracy,35,1.2939121433654657,1.0351297146923724,0.9166666666666669,,,1,60.0,60,60,g2,post
g2post,LM,visual_direction,time_resolved_trial_response,glm_clean,balanced_accuracy,36,1.3586077505337386,1.0351297146923724,0.925925925925926,,,1,60.0,60,60,g2,post
g2post,LM,visual_direction,time_resolved_trial_response,glm_clean,balanced_accuracy,37,1.423303357702012,1.0351297146923724,0.9055555555555556,,,1,60.0,60,60,g2,post
g2post,LM,visual_direction,time_resolved_trial_response,glm_clean,balanced_accuracy,38,1.4879989648702852,1.0351297146923724,0.9222222222222222,,,1,60.0,60,60,g2,post
g2post,LM,visual_direction,time_resolved_trial_response,glm_clean,balanced_accuracy,39,1.5526945720385583,1.0351297146923724,0.8796296296296298,,,1,60.0,60,60,g2,post
g2post,LM,visual_direction,time_resolved_trial_response,glm_clean,balanced_accuracy,40,1.6173901792068317,1.0351297146923724,0.8666666666666666,,,1,60.0,60,60,g2,post
g2post,LM,visual_direction,time_resolved_trial_response,glm_clean,balanced_accuracy,41,1.682085786375105,1.0351297146923724,0.8574074074074074,,,1,60.0,60,60,g2,post
g2post,LM,visual_direction,time_resolved_trial_response,glm_clean,balanced_accuracy,42,1.7467813935433782,1.0351297146923724,0.8592592592592592,,,1,60.0,60,60,g2,post
g2post,LM,visual_direction,time_resolved_trial_response,glm_clean,balanced_accuracy,43,1.8114770007116516,1.0351297146923724,0.8407407407407408,,,1,60.0,60,60,g2,post
g2post,LM,visual_direction,time_resolved_trial_response,glm_clean,balanced_accuracy,44,1.8761726078799248,1.0351297146923724,0.8333333333333333,,,1,60.0,60,60,g2,post
g2post,LM,visual_direction,time_resolved_trial_response,glm_clean,balanced_accuracy,45,1.9408682150481984,1.0351297146923724,0.85,,,1,60.0,60,60,g2,post
g2post,LM,visual_direction,time_resolved_trial_response,glm_clean,balanced_accuracy,46,2.0055638222164713,1.0351297146923724,0.8314814814814815,,,1,60.0,60,60,g2,post
g2post,V1,auditory_direction,time_resolved_trial_response,glm_clean,balanced_accuracy,0,-0.9704341075240992,1.0351297146923724,0.5169753086419753,0.0198560203841584,0.0081061863772482,6,307.8333333333333,77,520,g2,post
g2post,V1,auditory_direction,time_resolved_trial_response,glm_clean,balanced_accuracy,1,-0.9057385003558258,1.0351297146923724,0.4861111111111111,0.0180970558200852,0.0073880921009789,6,307.8333333333333,77,520,g2,post
g2post,V1,auditory_direction,time_resolved_trial_response,glm_clean,balanced_accuracy,2,-0.8410428931875525,1.0351297146923724,0.4904320987654321,0.0407477547273194,0.0166352012076689,6,307.8333333333333,77,520,g2,post
g2post,V1,auditory_direction,time_resolved_trial_response,glm_clean,balanced_accuracy,3,-0.7763472860192793,1.0351297146923724,0.4938271604938272,0.0211360043834822,0.0086287376567933,6,307.8333333333333,77,520,g2,post
g2post,V1,auditory_direction,time_resolved_trial_response,glm_clean,balanced_accuracy,4,-0.711651678851006,1.0351297146923724,0.4879629629629629,0.0261563831330102,0.0106782986987692,6,307.8333333333333,77,520,g2,post
g2post,V1,auditory_direction,time_resolved_trial_response,glm_clean,balanced_accuracy,5,-0.6469560716827327,1.0351297146923724,0.5003086419753087,0.0412163595489377,0.0168265083249977,6,307.8333333333333,77,520,g2,post
g2post,V1,auditory_direction,time_resolved_trial_response,glm_clean,balanced_accuracy,6,-0.5822604645144595,1.0351297146923724,0.5061728395061728,0.0364145214907472,0.0148661661466571,6,307.8333333333333,77,520,g2,post
g2post,V1,auditory_direction,time_resolved_trial_response,glm_clean,balanced_accuracy,7,-0.5175648573461862,1.0351297146923724,0.5,0.0318389293338332,0.0129981884707371,6,307.8333333333333,77,520,g2,post
g2post,V1,auditory_direction,time_resolved_trial_response,glm_clean,balanced_accuracy,8,-0.4528692501779129,1.0351297146923724,0.5015432098765432,0.0231715930655259,0.0094597632563252,6,307.8333333333333,77,520,g2,post
g2post,V1,auditory_direction,time_resolved_trial_response,glm_clean,balanced_accuracy,9,-0.3881736430096396,1.0351297146923724,0.5012345679012346,0.0208419049581903,0.0085086720691915,6,307.8333333333333,77,520,g2,post
g2post,V1,auditory_direction,time_resolved_trial_response,glm_clean,balanced_accuracy,10,-0.3234780358413663,1.0351297146923724,0.4648148148148148,0.0330854984209293,0.0135070981694892,6,307.8333333333333,77,520,g2,post
g2post,V1,auditory_direction,time_resolved_trial_response,glm_clean,balanced_accuracy,11,-0.2587824286730931,1.0351297146923724,0.5040123456790123,0.0238138835906484,0.0097219772651876,6,307.8333333333333,77,520,g2,post
g2post,V1,auditory_direction,time_resolved_trial_response,glm_clean,balanced_accuracy,12,-0.1940868215048198,1.0351297146923724,0.5083333333333333,0.0152145154862545,0.0062112999374994,6,307.8333333333333,77,520,g2,post
g2post,V1,auditory_direction,time_resolved_trial_response,glm_clean,balanced_accuracy,13,-0.1293912143365465,1.0351297146923724,0.5027777777777778,0.0270839268690898,0.0110569668433542,6,307.8333333333333,77,520,g2,post
g2post,V1,auditory_direction,time_resolved_trial_response,glm_clean,balanced_accuracy,14,-0.0646956071682732,1.0351297146923724,0.4851851851851851,0.0411927784100718,0.0168168813653685,6,307.8333333333333,77,520,g2,post
g2post,V1,auditory_direction,time_resolved_trial_response,glm_clean,balanced_accuracy,15,0.0,1.0351297146923724,0.487037037037037,0.0313395493352684,0.0127943174400312,6,307.8333333333333,77,520,g2,post
g2post,V1,auditory_direction,time_resolved_trial_response,glm_clean,balanced_accuracy,16,0.0646956071682732,1.0351297146923724,0.4978395061728395,0.0159481613367454,0.0065108096017682,6,307.8333333333333,77,520,g2,post
g2post,V1,auditory_direction,time_resolved_trial_response,glm_clean,balanced_accuracy,17,0.1293912143365465,1.0351297146923724,0.509567901234568,0.048607730629078,0.019844022932649,6,307.8333333333333,77,520,g2,post
g2post,V1,auditory_direction,time_resolved_trial_response,glm_clean,balanced_accuracy,18,0.1940868215048198,1.0351297146923724,0.5475308641975308,0.1110225984896772,0.0453247860362666,6,307.8333333333333,77,520,g2,post
g2post,V1,auditory_direction,time_resolved_trial_response,glm_clean,balanced_accuracy,19,0.2587824286730931,1.0351297146923724,0.504320987654321,0.0224270396599814,0.0091558006013526,6,307.8333333333333,77,520,g2,post
g2post,V1,auditory_direction,time_resolved_trial_response,glm_clean,balanced_accuracy,20,0.3234780358413663,1.0351297146923724,0.5296296296296296,0.032372997605055,0.0132162209294544,6,307.8333333333333,77,520,g2,post
g2post,V1,auditory_direction,time_resolved_trial_response,glm_clean,balanced_accuracy,21,0.3881736430096396,1.0351297146923724,0.5256172839506172,0.0324241579285476,0.0132371070440598,6,307.8333333333333,77,520,g2,post
g2post,V1,auditory_direction,time_resolved_trial_response,glm_clean,balanced_accuracy,22,0.4528692501779129,1.0351297146923724,0.5385802469135803,0.0230528904206044,0.0094113031044625,6,307.8333333333333,77,520,g2,post
g2post,V1,auditory_direction,time_resolved_trial_response,glm_clean,balanced_accuracy,23,0.5175648573461862,1.0351297146923724,0.5185185185185185,0.0207539640386991,0.0084727703391474,6,307.8333333333333,77,520,g2,post
g2post,V1,auditory_direction,time_resolved_trial_response,glm_clean,balanced_accuracy,24,0.5822604645144595,1.0351297146923724,0.5351851851851852,0.033985391842828,0.013874478120579,6,307.8333333333333,77,520,g2,post
g2post,V1,auditory_direction,time_resolved_trial_response,glm_clean,balanced_accuracy,25,0.6469560716827327,1.0351297146923724,0.5314814814814816,0.0491770408250361,0.0200764428468926,6,307.8333333333333,77,520,g2,post
g2post,V1,auditory_direction,time_resolved_trial_response,glm_clean,balanced_accuracy,26,0.711651678851006,1.0351297146923724,0.5287037037037037,0.0282490880195609,0.0115326418911489,6,307.8333333333333,77,520,g2,post
g2post,V1,auditory_direction,time_resolved_trial_response,glm_clean,balanced_accuracy,27,0.7763472860192793,1.0351297146923724,0.5373456790123456,0.0269485275426498,0.0110016902998051,6,307.8333333333333,77,520,g2,post
g2post,V1,auditory_direction,time_resolved_trial_response,glm_clean,balanced_accuracy,28,0.8410428931875525,1.0351297146923724,0.5231481481481481,0.0231814575159794,0.0094637904013592,6,307.8333333333333,77,520,g2,post
g2post,V1,auditory_direction,time_resolved_trial_response,glm_clean,balanced_accuracy,29,0.9057385003558258,1.0351297146923724,0.520679012345679,0.022449964688051,0.0091651597048709,6,307.8333333333333,77,520,g2,post
g2post,V1,auditory_direction,time_resolved_trial_response,glm_clean,balanced_accuracy,30,0.9704341075240992,1.0351297146923724,0.5216049382716049,0.0255975679000169,0.0104501633352145,6,307.8333333333333,77,520,g2,post
g2post,V1,auditory_direction,time_resolved_trial_response,glm_clean,balanced_accuracy,31,1.0351297146923724,1.0351297146923724,0.5209876543209876,0.0379456449508526,0.0154912446817342,6,307.8333333333333,77,520,g2,post
g2post,V1,auditory_direction,time_resolved_trial_response,glm_clean,balanced_accuracy,32,1.0998253218606455,1.0351297146923724,0.525925925925926,0.027467401804058,0.0112135198299907,6,307.8333333333333,77,520,g2,post
g2post,V1,auditory_direction,time_resolved_trial_response,glm_clean,balanced_accuracy,33,1.164520929028919,1.0351297146923724,0.5132716049382716,0.0515788669448814,0.0210569842543109,6,307.8333333333333,77,520,g2,post
g2post,V1,auditory_direction,time_resolved_trial_response,glm_clean,balanced_accuracy,34,1.229216536197192,1.0351297146923724,0.5089506172839506,0.0224499646880511,0.0091651597048709,6,307.8333333333333,77,520,g2,post
g2post,V1,auditory_direction,time_resolved_trial_response,glm_clean,balanced_accuracy,35,1.2939121433654657,1.0351297146923724,0.5216049382716049,0.0278804686188548,0.0113821536509788,6,307.8333333333333,77,520,g2,post
g2post,V1,auditory_direction,time_resolved_trial_response,glm_clean,balanced_accuracy,36,1.3586077505337386,1.0351297146923724,0.512037037037037,0.0188398055086812,0.0076913183915908,6,307.8333333333333,77,520,g2,post
g2post,V1,auditory_direction,time_resolved_trial_response,glm_clean,balanced_accuracy,37,1.423303357702012,1.0351297146923724,0.5037037037037037,0.0267847181211326,0.0109348153835088,6,307.8333333333333,77,520,g2,post
g2post,V1,auditory_direction,time_resolved_trial_response,glm_clean,balanced_accuracy,38,1.4879989648702852,1.0351297146923724,0.5083333333333333,0.02416648928557,0.0098659279373472,6,307.8333333333333,77,520,g2,post
g2post,V1,auditory_direction,time_resolved_trial_response,glm_clean,balanced_accuracy,39,1.5526945720385583,1.0351297146923724,0.5179012345679013,0.0260490901627712,0.0106344965270903,6,307.8333333333333,77,520,g2,post
g2post,V1,auditory_direction,time_resolved_trial_response,glm_clean,balanced_accuracy,40,1.6173901792068317,1.0351297146923724,0.5182098765432098,0.0258574934592022,0.0105562775003998,6,307.8333333333333,77,520,g2,post
g2post,V1,auditory_direction,time_resolved_trial_response,glm_clean,balanced_accuracy,41,1.682085786375105,1.0351297146923724,0.513888888888889,0.0320482746294014,0.0130836533297695,6,307.8333333333333,77,520,g2,post
g2post,V1,auditory_direction,time_resolved_trial_response,glm_clean,balanced_accuracy,42,1.7467813935433782,1.0351297146923724,0.524074074074074,0.0409757531435239,0.0167282811713128,6,307.8333333333333,77,520,g2,post
g2post,V1,auditory_direction,time_resolved_trial_response,glm_clean,balanced_accuracy,43,1.8114770007116516,1.0351297146923724,0.5077160493827161,0.0116190484221752,0.0047434566551698,6,307.8333333333333,77,520,g2,post
g2post,V1,auditory_direction,time_resolved_trial_response,glm_clean,balanced_accuracy,44,1.8761726078799248,1.0351297146923724,0.5141975308641975,0.034855505509015,0.0142297005373091,6,307.8333333333333,77,520,g2,post
g2post,V1,auditory_direction,time_resolved_trial_response,glm_clean,balanced_accuracy,45,1.9408682150481984,1.0351297146923724,0.5077160493827161,0.0291492697479786,0.0119001395428822,6,307.8333333333333,77,520,g2,post
g2post,V1,auditory_direction,time_resolved_trial_response,glm_clean,balanced_accuracy,46,2.0055638222164713,1.0351297146923724,0.5123456790123457,0.0321959592133269,0.0131439453086849,6,307.8333333333333,77,520,g2,post
g2post,V1,congruency,time_resolved_trial_response,glm_clean,balanced_accuracy,0,-0.9704341075240992,1.0351297146923724,0.5064814814814814,0.024637286473426,0.0100581300844446,6,307.8333333333333,77,520,g2,post
g2post,V1,congruency,time_resolved_trial_response,glm_clean,balanced_accuracy,1,-0.9057385003558258,1.0351297146923724,0.512962962962963,0.0457673486861684,0.0186844418601917,6,307.8333333333333,77,520,g2,post
g2post,V1,congruency,time_resolved_trial_response,glm_clean,balanced_accuracy,2,-0.8410428931875525,1.0351297146923724,0.5166666666666667,0.038809442659051,0.0158438886194129,6,307.8333333333333,77,520,g2,post
g2post,V1,congruency,time_resolved_trial_response,glm_clean,balanced_accuracy,3,-0.7763472860192793,1.0351297146923724,0.487962962962963,0.0372539941792088,0.0152088794366127,6,307.8333333333333,77,520,g2,post
g2post,V1,congruency,time_resolved_trial_response,glm_clean,balanced_accuracy,4,-0.711651678851006,1.0351297146923724,0.5203703703703704,0.0367115325955537,0.0149874204224431,6,307.8333333333333,77,520,g2,post
g2post,V1,congruency,time_resolved_trial_response,glm_clean,balanced_accuracy,5,-0.6469560716827327,1.0351297146923724,0.5101851851851852,0.0221990620051718,0.0090627291135127,6,307.8333333333333,77,520,g2,post
g2post,V1,congruency,time_resolved_trial_response,glm_clean,balanced_accuracy,6,-0.5822604645144595,1.0351297146923724,0.5055555555555555,0.0185092569432863,0.007556372504853,6,307.8333333333333,77,520,g2,post
g2post,V1,congruency,time_resolved_trial_response,glm_clean,balanced_accuracy,7,-0.5175648573461862,1.0351297146923724,0.4981481481481482,0.0206877630278058,0.0084457438896232,6,307.8333333333333,77,520,g2,post
g2post,V1,congruency,time_resolved_trial_response,glm_clean,balanced_accuracy,8,-0.4528692501779129,1.0351297146923724,0.4921296296296297,0.0464617414184817,0.0189679265060692,6,307.8333333333333,77,520,g2,post
g2post,V1,congruency,time_resolved_trial_response,glm_clean,balanced_accuracy,9,-0.3881736430096396,1.0351297146923724,0.4884259259259259,0.022042094035391,0.0089986472081921,6,307.8333333333333,77,520,g2,post
g2post,V1,congruency,time_resolved_trial_response,glm_clean,balanced_accuracy,10,-0.3234780358413663,1.0351297146923724,0.5101851851851852,0.0298487269754945,0.0121856917602682,6,307.8333333333333,77,520,g2,post
g2post,V1,congruency,time_resolved_trial_response,glm_clean,balanced_accuracy,11,-0.2587824286730931,1.0351297146923724,0.5148148148148148,0.0260381170420338,0.0106300167693082,6,307.8333333333333,77,520,g2,post
g2post,V1,congruency,time_resolved_trial_response,glm_clean,balanced_accuracy,12,-0.1940868215048198,1.0351297146923724,0.5203703703703704,0.0240027433274365,0.0097990789298688,6,307.8333333333333,77,520,g2,post
g2post,V1,congruency,time_resolved_trial_response,glm_clean,balanced_accuracy,13,-0.1293912143365465,1.0351297146923724,0.5027777777777779,0.029027445505807,0.0118504050042786,6,307.8333333333333,77,520,g2,post
g2post,V1,congruency,time_resolved_trial_response,glm_clean,balanced_accuracy,14,-0.0646956071682732,1.0351297146923724,0.486574074074074,0.0445975372550784,0.0182068683432842,6,307.8333333333333,77,520,g2,post
g2post,V1,congruency,time_resolved_trial_response,glm_clean,balanced_accuracy,15,0.0,1.0351297146923724,0.474537037037037,0.0320790240812938,0.0130962067409373,6,307.8333333333333,77,520,g2,post
g2post,V1,congruency,time_resolved_trial_response,glm_clean,balanced_accuracy,16,0.0646956071682732,1.0351297146923724,0.4921296296296296,0.0506871506675839,0.0206929426085254,6,307.8333333333333,77,520,g2,post
g2post,V1,congruency,time_resolved_trial_response,glm_clean,balanced_accuracy,17,0.1293912143365465,1.0351297146923724,0.4962962962962963,0.0224066421663025,0.0091474733594285,6,307.8333333333333,77,520,g2,post
g2post,V1,congruency,time_resolved_trial_response,glm_clean,balanced_accuracy,18,0.1940868215048198,1.0351297146923724,0.499537037037037,0.0295760510946595,0.0120743722980666,6,307.8333333333333,77,520,g2,post
g2post,V1,congruency,time_resolved_trial_response,glm_clean,balanced_accuracy,19,0.2587824286730931,1.0351297146923724,0.4888888888888889,0.0399072999912622,0.0162920869984613,6,307.8333333333333,77,520,g2,post
g2post,V1,congruency,time_resolved_trial_response,glm_clean,balanced_accuracy,20,0.3234780358413663,1.0351297146923724,0.4986111111111111,0.0237495938886656,0.0096957311042587,6,307.8333333333333,77,520,g2,post
g2post,V1,congruency,time_resolved_trial_response,glm_clean,balanced_accuracy,21,0.3881736430096396,1.0351297146923724,0.4814814814814815,0.0383158843808253,0.0156423942960829,6,307.8333333333333,77,520,g2,post
g2post,V1,congruency,time_resolved_trial_response,glm_clean,balanced_accuracy,22,0.4528692501779129,1.0351297146923724,0.4898148148148147,0.0524306322049967,0.0214047159656294,6,307.8333333333333,77,520,g2,post
g2post,V1,congruency,time_resolved_trial_response,glm_clean,balanced_accuracy,23,0.5175648573461862,1.0351297146923724,0.5050925925925926,0.0354606662054821,0.0144767563570977,6,307.8333333333333,77,520,g2,post
g2post,V1,congruency,time_resolved_trial_response,glm_clean,balanced_accuracy,24,0.5822604645144595,1.0351297146923724,0.5041666666666667,0.0404355148872563,0.0165077298267485,6,307.8333333333333,77,520,g2,post
g2post,V1,congruency,time_resolved_trial_response,glm_clean,balanced_accuracy,25,0.6469560716827327,1.0351297146923724,0.5111111111111111,0.0307819892826557,0.0125666945017211,6,307.8333333333333,77,520,g2,post
g2post,V1,congruency,time_resolved_trial_response,glm_clean,balanced_accuracy,26,0.711651678851006,1.0351297146923724,0.4962962962962963,0.0369628887403693,0.0150900361388617,6,307.8333333333333,77,520,g2,post
g2post,V1,congruency,time_resolved_trial_response,glm_clean,balanced_accuracy,27,0.7763472860192793,1.0351297146923724,0.5115740740740741,0.0253625968085373,0.0103542367888096,6,307.8333333333333,77,520,g2,post
g2post,V1,congruency,time_resolved_trial_response,glm_clean,balanced_accuracy,28,0.8410428931875525,1.0351297146923724,0.486574074074074,0.0162367388118057,0.0066286208626279,6,307.8333333333333,77,520,g2,post
g2post,V1,congruency,time_resolved_trial_response,glm_clean,balanced_accuracy,29,0.9057385003558258,1.0351297146923724,0.4967592592592592,0.0176922130693755,0.0072228157400949,6,307.8333333333333,77,520,g2,post
g2post,V1,congruency,time_resolved_trial_response,glm_clean,balanced_accuracy,30,0.9704341075240992,1.0351297146923724,0.499074074074074,0.0203113623454759,0.0082920789545326,6,307.8333333333333,77,520,g2,post
g2post,V1,congruency,time_resolved_trial_response,glm_clean,balanced_accuracy,31,1.0351297146923724,1.0351297146923724,0.5208333333333334,0.0151891367938803,0.0062009391297234,6,307.8333333333333,77,520,g2,post
g2post,V1,congruency,time_resolved_trial_response,glm_clean,balanced_accuracy,32,1.0998253218606455,1.0351297146923724,0.4962962962962963,0.0304121212568535,0.0124156965124901,6,307.8333333333333,77,520,g2,post
g2post,V1,congruency,time_resolved_trial_response,glm_clean,balanced_accuracy,33,1.164520929028919,1.0351297146923724,0.5027777777777778,0.0334257976810918,0.0136460247606967,6,307.8333333333333,77,520,g2,post
g2post,V1,congruency,time_resolved_trial_response,glm_clean,balanced_accuracy,34,1.229216536197192,1.0351297146923724,0.5078703703703703,0.017604771612807,0.0071871179149352,6,307.8333333333333,77,520,g2,post
g2post,V1,congruency,time_resolved_trial_response,glm_clean,balanced_accuracy,35,1.2939121433654657,1.0351297146923724,0.4888888888888889,0.024969116726938,0.010193599218165,6,307.8333333333333,77,520,g2,post
g2post,V1,congruency,time_resolved_trial_response,glm_clean,balanced_accuracy,36,1.3586077505337386,1.0351297146923724,0.4949074074074074,0.0237928733667304,0.0097133998771908,6,307.8333333333333,77,520,g2,post
g2post,V1,congruency,time_resolved_trial_response,glm_clean,balanced_accuracy,37,1.423303357702012,1.0351297146923724,0.4912037037037036,0.0397296677818681,0.0162195689526448,6,307.8333333333333,77,520,g2,post
g2post,V1,congruency,time_resolved_trial_response,glm_clean,balanced_accuracy,38,1.4879989648702852,1.0351297146923724,0.5064814814814814,0.0340055672033719,0.0138827146770306,6,307.8333333333333,77,520,g2,post
g2post,V1,congruency,time_resolved_trial_response,glm_clean,balanced_accuracy,39,1.5526945720385583,1.0351297146923724,0.4953703703703704,0.0141275786094523,0.0057675598157027,6,307.8333333333333,77,520,g2,post
g2post,V1,congruency,time_resolved_trial_response,glm_clean,balanced_accuracy,40,1.6173901792068317,1.0351297146923724,0.5162037037037037,0.0168889498049583,0.0068948848856042,6,307.8333333333333,77,520,g2,post
g2post,V1,congruency,time_resolved_trial_response,glm_clean,balanced_accuracy,41,1.682085786375105,1.0351297146923724,0.5175925925925926,0.0450194288190489,0.0183791048530363,6,307.8333333333333,77,520,g2,post
g2post,V1,congruency,time_resolved_trial_response,glm_clean,balanced_accuracy,42,1.7467813935433782,1.0351297146923724,0.4935185185185184,0.0338235557239433,0.013808408801709,6,307.8333333333333,77,520,g2,post
g2post,V1,congruency,time_resolved_trial_response,glm_clean,balanced_accuracy,43,1.8114770007116516,1.0351297146923724,0.5083333333333334,0.0500616903380836,0.0204375994982539,6,307.8333333333333,77,520,g2,post
g2post,V1,congruency,time_resolved_trial_response,glm_clean,balanced_accuracy,44,1.8761726078799248,1.0351297146923724,0.4976851851851852,0.0401930782485573,0.0164087554834538,6,307.8333333333333,77,520,g2,post
g2post,V1,congruency,time_resolved_trial_response,glm_clean,balanced_accuracy,45,1.9408682150481984,1.0351297146923724,0.5162037037037037,0.0279669484527954,0.0114174588953447,6,307.8333333333333,77,520,g2,post
g2post,V1,congruency,time_resolved_trial_response,glm_clean,balanced_accuracy,46,2.0055638222164713,1.0351297146923724,0.5337962962962962,0.0217602442645452,0.0088835825210766,6,307.8333333333333,77,520,g2,post
g2post,V1,modality,time_resolved_trial_response,glm_clean,balanced_accuracy,0,-0.9704341075240992,1.0351297146923724,0.3268518518518518,0.0126143602710565,0.0051497910159541,6,307.8333333333333,77,520,g2,post
g2post,V1,modality,time_resolved_trial_response,glm_clean,balanced_accuracy,1,-0.9057385003558258,1.0351297146923724,0.3325617283950617,0.0129816884152506,0.0052997521028606,6,307.8333333333333,77,520,g2,post
g2post,V1,modality,time_resolved_trial_response,glm_clean,balanced_accuracy,2,-0.8410428931875525,1.0351297146923724,0.3439814814814815,0.0186821474607406,0.0076269547630411,6,307.8333333333333,77,520,g2,post
g2post,V1,modality,time_resolved_trial_response,glm_clean,balanced_accuracy,3,-0.7763472860192793,1.0351297146923724,0.3470679012345679,0.0145156916497114,0.0059260063008952,6,307.8333333333333,77,520,g2,post
g2post,V1,modality,time_resolved_trial_response,glm_clean,balanced_accuracy,4,-0.711651678851006,1.0351297146923724,0.3344135802469135,0.0189343739450114,0.0077299257940544,6,307.8333333333333,77,520,g2,post
g2post,V1,modality,time_resolved_trial_response,glm_clean,balanced_accuracy,5,-0.6469560716827327,1.0351297146923724,0.3263888888888889,0.0233270861713489,0.0095232430509564,6,307.8333333333333,77,520,g2,post
g2post,V1,modality,time_resolved_trial_response,glm_clean,balanced_accuracy,6,-0.5822604645144595,1.0351297146923724,0.3183641975308642,0.0203148795254267,0.0082935148372347,6,307.8333333333333,77,520,g2,post
g2post,V1,modality,time_resolved_trial_response,glm_clean,balanced_accuracy,7,-0.5175648573461862,1.0351297146923724,0.3367283950617283,0.0102717978376948,0.0041934439072293,6,307.8333333333333,77,520,g2,post
g2post,V1,modality,time_resolved_trial_response,glm_clean,balanced_accuracy,8,-0.4528692501779129,1.0351297146923724,0.3345679012345679,0.0213137341382789,0.0087012955253536,6,307.8333333333333,77,520,g2,post
g2post,V1,modality,time_resolved_trial_response,glm_clean,balanced_accuracy,9,-0.3881736430096396,1.0351297146923724,0.3328703703703703,0.0204522764118139,0.0083496068812174,6,307.8333333333333,77,520,g2,post
g2post,V1,modality,time_resolved_trial_response,glm_clean,balanced_accuracy,10,-0.3234780358413663,1.0351297146923724,0.3330246913580246,0.0080009144424788,0.0032663596432896,6,307.8333333333333,77,520,g2,post
g2post,V1,modality,time_resolved_trial_response,glm_clean,balanced_accuracy,11,-0.2587824286730931,1.0351297146923724,0.3354938271604938,0.010664908977266,0.0043539308579215,6,307.8333333333333,77,520,g2,post
g2post,V1,modality,time_resolved_trial_response,glm_clean,balanced_accuracy,12,-0.1940868215048198,1.0351297146923724,0.340895061728395,0.0145156916497114,0.0059260063008952,6,307.8333333333333,77,520,g2,post
g2post,V1,modality,time_resolved_trial_response,glm_clean,balanced_accuracy,13,-0.1293912143365465,1.0351297146923724,0.3307098765432099,0.0133720716403358,0.0054591253871274,6,307.8333333333333,77,520,g2,post
g2post,V1,modality,time_resolved_trial_response,glm_clean,balanced_accuracy,14,-0.0646956071682732,1.0351297146923724,0.3325617283950617,0.0161803182218239,0.0066055872532209,6,307.8333333333333,77,520,g2,post
g2post,V1,modality,time_resolved_trial_response,glm_clean,balanced_accuracy,15,0.0,1.0351297146923724,0.3427469135802469,0.027575912598625,0.0112578191763695,6,307.8333333333333,77,520,g2,post
g2post,V1,modality,time_resolved_trial_response,glm_clean,balanced_accuracy,16,0.0646956071682732,1.0351297146923724,0.3657407407407407,0.0262414660502493,0.0107130336542798,6,307.8333333333333,77,520,g2,post
g2post,V1,modality,time_resolved_trial_response,glm_clean,balanced_accuracy,17,0.1293912143365465,1.0351297146923724,0.3546296296296296,0.0296816672668856,0.0121174899198232,6,307.8333333333333,77,520,g2,post
g2post,V1,modality,time_resolved_trial_response,glm_clean,balanced_accuracy,18,0.1940868215048198,1.0351297146923724,0.5234567901234568,0.0656602706946209,0.0268056932624735,6,307.8333333333333,77,520,g2,post
g2post,V1,modality,time_resolved_trial_response,glm_clean,balanced_accuracy,19,0.2587824286730931,1.0351297146923724,0.7424382716049384,0.0680096637072074,0.0277648289434896,6,307.8333333333333,77,520,g2,post
g2post,V1,modality,time_resolved_trial_response,glm_clean,balanced_accuracy,20,0.3234780358413663,1.0351297146923724,0.7594135802469135,0.050217007358812,0.0205010074064462,6,307.8333333333333,77,520,g2,post
g2post,V1,modality,time_resolved_trial_response,glm_clean,balanced_accuracy,21,0.3881736430096396,1.0351297146923724,0.7915123456790124,0.0309564977891985,0.0126379373011886,6,307.8333333333333,77,520,g2,post
g2post,V1,modality,time_resolved_trial_response,glm_clean,balanced_accuracy,22,0.4528692501779129,1.0351297146923724,0.7999999999999999,0.0331321086789598,0.0135261267276482,6,307.8333333333333,77,520,g2,post
g2post,V1,modality,time_resolved_trial_response,glm_clean,balanced_accuracy,23,0.5175648573461862,1.0351297146923724,0.8125,0.023619279632757,0.009642530532061,6,307.8333333333333,77,520,g2,post
g2post,V1,modality,time_resolved_trial_response,glm_clean,balanced_accuracy,24,0.5822604645144595,1.0351297146923724,0.7950617283950617,0.0256911770806567,0.0104883791231825,6,307.8333333333333,77,520,g2,post
g2post,V1,modality,time_resolved_trial_response,glm_clean,balanced_accuracy,25,0.6469560716827327,1.0351297146923724,0.804320987654321,0.0249049404441701,0.0101673993604367,6,307.8333333333333,77,520,g2,post
g2post,V1,modality,time_resolved_trial_response,glm_clean,balanced_accuracy,26,0.711651678851006,1.0351297146923724,0.8084876543209877,0.0273448777855476,0.0111634996088931,6,307.8333333333333,77,520,g2,post
g2post,V1,modality,time_resolved_trial_response,glm_clean,balanced_accuracy,27,0.7763472860192793,1.0351297146923724,0.8049382716049384,0.0155562904000444,0.0063508289617775,6,307.8333333333333,77,520,g2,post
g2post,V1,modality,time_resolved_trial_response,glm_clean,balanced_accuracy,28,0.8410428931875525,1.0351297146923724,0.802932098765432,0.027426273953494,0.0111967294553075,6,307.8333333333333,77,520,g2,post
g2post,V1,modality,time_resolved_trial_response,glm_clean,balanced_accuracy,29,0.9057385003558258,1.0351297146923724,0.7979938271604938,0.0285894780175337,0.0116716055259123,6,307.8333333333333,77,520,g2,post
g2post,V1,modality,time_resolved_trial_response,glm_clean,balanced_accuracy,30,0.9704341075240992,1.0351297146923724,0.7935185185185185,0.0249828473393185,0.0101992047171964,6,307.8333333333333,77,520,g2,post
g2post,V1,modality,time_resolved_trial_response,glm_clean,balanced_accuracy,31,1.0351297146923724,1.0351297146923724,0.7944444444444444,0.0291218055937904,0.0118889273488859,6,307.8333333333333,77,520,g2,post
g2post,V1,modality,time_resolved_trial_response,glm_clean,balanced_accuracy,32,1.0998253218606455,1.0351297146923724,0.7922839506172838,0.0244182425976811,0.0099687057966352,6,307.8333333333333,77,520,g2,post
g2post,V1,modality,time_resolved_trial_response,glm_clean,balanced_accuracy,33,1.164520929028919,1.0351297146923724,0.7924382716049383,0.0270739009637944,0.011052873784657,6,307.8333333333333,77,520,g2,post
g2post,V1,modality,time_resolved_trial_response,glm_clean,balanced_accuracy,34,1.229216536197192,1.0351297146923724,0.7842592592592593,0.0369257587573763,0.0150748778867799,6,307.8333333333333,77,520,g2,post
g2post,V1,modality,time_resolved_trial_response,glm_clean,balanced_accuracy,35,1.2939121433654657,1.0351297146923724,0.7762345679012346,0.0256511006902421,0.0104720180053077,6,307.8333333333333,77,520,g2,post
g2post,V1,modality,time_resolved_trial_response,glm_clean,balanced_accuracy,36,1.3586077505337386,1.0351297146923724,0.7700617283950617,0.0376507790279074,0.0153708661727758,6,307.8333333333333,77,520,g2,post
g2post,V1,modality,time_resolved_trial_response,glm_clean,balanced_accuracy,37,1.423303357702012,1.0351297146923724,0.7700617283950617,0.0392516880656572,0.0160244345506253,6,307.8333333333333,77,520,g2,post
g2post,V1,modality,time_resolved_trial_response,glm_clean,balanced_accuracy,38,1.4879989648702852,1.0351297146923724,0.7592592592592592,0.030709488799587,0.0125370963034505,6,307.8333333333333,77,520,g2,post
g2post,V1,modality,time_resolved_trial_response,glm_clean,balanced_accuracy,39,1.5526945720385583,1.0351297146923724,0.7501543209876543,0.0475548079822783,0.0194141690621024,6,307.8333333333333,77,520,g2,post
g2post,V1,modality,time_resolved_trial_response,glm_clean,balanced_accuracy,40,1.6173901792068317,1.0351297146923724,0.7351851851851853,0.0444521598241475,0.0181475182556346,6,307.8333333333333,77,520,g2,post
g2post,V1,modality,time_resolved_trial_response,glm_clean,balanced_accuracy,41,1.682085786375105,1.0351297146923724,0.7421296296296296,0.0565247254006479,0.0230761225137538,6,307.8333333333333,77,520,g2,post
g2post,V1,modality,time_resolved_trial_response,glm_clean,balanced_accuracy,42,1.7467813935433782,1.0351297146923724,0.7310185185185185,0.05408786607471,0.0220812788598387,6,307.8333333333333,77,520,g2,post
g2post,V1,modality,time_resolved_trial_response,glm_clean,balanced_accuracy,43,1.8114770007116516,1.0351297146923724,0.724074074074074,0.0564344066120754,0.0230392500227223,6,307.8333333333333,77,520,g2,post
g2post,V1,modality,time_resolved_trial_response,glm_clean,balanced_accuracy,44,1.8761726078799248,1.0351297146923724,0.7231481481481481,0.0542342882749589,0.0221410554727763,6,307.8333333333333,77,520,g2,post
g2post,V1,modality,time_resolved_trial_response,glm_clean,balanced_accuracy,45,1.9408682150481984,1.0351297146923724,0.6893518518518519,0.0489174649930298,0.0199704714572303,6,307.8333333333333,77,520,g2,post
g2post,V1,modality,time_resolved_trial_response,glm_clean,balanced_accuracy,46,2.0055638222164713,1.0351297146923724,0.6333333333333333,0.0712253133899016,0.0290776124291802,6,307.8333333333333,77,520,g2,post
g2post,V1,trial_type,time_resolved_trial_response,glm_clean,balanced_accuracy,0,-0.9704341075240992,1.0351297146923724,0.1180555555555555,0.0129397941098356,0.0052826488242947,6,307.8333333333333,77,520,g2,post
g2post,V1,trial_type,time_resolved_trial_response,glm_clean,balanced_accuracy,1,-0.9057385003558258,1.0351297146923724,0.1259259259259259,0.0180804671449901,0.0073813198027302,6,307.8333333333333,77,520,g2,post
g2post,V1,trial_type,time_resolved_trial_response,glm_clean,balanced_accuracy,2,-0.8410428931875525,1.0351297146923724,0.1222222222222222,0.0109361220472386,0.0044646531300893,6,307.8333333333333,77,520,g2,post
g2post,V1,trial_type,time_resolved_trial_response,glm_clean,balanced_accuracy,3,-0.7763472860192793,1.0351297146923724,0.1280092592592592,0.0167455694035827,0.0068363500818566,6,307.8333333333333,77,520,g2,post
g2post,V1,trial_type,time_resolved_trial_response,glm_clean,balanced_accuracy,4,-0.711651678851006,1.0351297146923724,0.1344907407407407,0.0195910478632104,0.0079980117985513,6,307.8333333333333,77,520,g2,post
g2post,V1,trial_type,time_resolved_trial_response,glm_clean,balanced_accuracy,5,-0.6469560716827327,1.0351297146923724,0.1196759259259259,0.0123733293755315,0.005051390564907,6,307.8333333333333,77,520,g2,post
g2post,V1,trial_type,time_resolved_trial_response,glm_clean,balanced_accuracy,6,-0.5822604645144595,1.0351297146923724,0.1208333333333333,0.0132345880550795,0.0054029979484796,6,307.8333333333333,77,520,g2,post
g2post,V1,trial_type,time_resolved_trial_response,glm_clean,balanced_accuracy,7,-0.5175648573461862,1.0351297146923724,0.1277777777777777,0.015112745009706,0.0061697523144287,6,307.8333333333333,77,520,g2,post
g2post,V1,trial_type,time_resolved_trial_response,glm_clean,balanced_accuracy,8,-0.4528692501779129,1.0351297146923724,0.1298611111111111,0.017518728954965,0.0071519911469642,6,307.8333333333333,77,520,g2,post
g2post,V1,trial_type,time_resolved_trial_response,glm_clean,balanced_accuracy,9,-0.3881736430096396,1.0351297146923724,0.1212962962962962,0.0058706916607953,0.0023966998343601,6,307.8333333333333,77,520,g2,post
g2post,V1,trial_type,time_resolved_trial_response,glm_clean,balanced_accuracy,10,-0.3234780358413663,1.0351297146923724,0.1263888888888888,0.0063343079172174,0.0025859703784757,6,307.8333333333333,77,520,g2,post
g2post,V1,trial_type,time_resolved_trial_response,glm_clean,balanced_accuracy,11,-0.2587824286730931,1.0351297146923724,0.1210648148148148,0.0062986787431543,0.0025714248290738,6,307.8333333333333,77,520,g2,post
g2post,V1,trial_type,time_resolved_trial_response,glm_clean,balanced_accuracy,12,-0.1940868215048198,1.0351297146923724,0.1287037037037036,0.0059360446017868,0.0024233800607967,6,307.8333333333333,77,520,g2,post
g2post,V1,trial_type,time_resolved_trial_response,glm_clean,balanced_accuracy,13,-0.1293912143365465,1.0351297146923724,0.1256944444444444,0.0098503462369428,0.004021387011709,6,307.8333333333333,77,520,g2,post
g2post,V1,trial_type,time_resolved_trial_response,glm_clean,balanced_accuracy,14,-0.0646956071682732,1.0351297146923724,0.1217592592592592,0.0161652984020705,0.0065994554374835,6,307.8333333333333,77,520,g2,post
g2post,V1,trial_type,time_resolved_trial_response,glm_clean,balanced_accuracy,15,0.0,1.0351297146923724,0.1349537037037037,0.0162545498537025,0.0066358921900337,6,307.8333333333333,77,520,g2,post
g2post,V1,trial_type,time_resolved_trial_response,glm_clean,balanced_accuracy,16,0.0646956071682732,1.0351297146923724,0.1326388888888889,0.0129621362170223,0.005291769951359,6,307.8333333333333,77,520,g2,post
g2post,V1,trial_type,time_resolved_trial_response,glm_clean,balanced_accuracy,17,0.1293912143365465,1.0351297146923724,0.1412037037037037,0.01895549259683,0.0077385474475562,6,307.8333333333333,77,520,g2,post
g2post,V1,trial_type,time_resolved_trial_response,glm_clean,balanced_accuracy,18,0.1940868215048198,1.0351297146923724,0.2192129629629629,0.0594302726270606,0.0242623072017988,6,307.8333333333333,77,520,g2,post
g2post,V1,trial_type,time_resolved_trial_response,glm_clean,balanced_accuracy,19,0.2587824286730931,1.0351297146923724,0.39375,0.0853042394702921,0.0348253099330667,6,307.8333333333333,77,520,g2,post
g2post,V1,trial_type,time_resolved_trial_response,glm_clean,balanced_accuracy,20,0.3234780358413663,1.0351297146923724,0.4516203703703703,0.0998201185631375,0.040751392757301,6,307.8333333333333,77,520,g2,post
g2post,V1,trial_type,time_resolved_trial_response,glm_clean,balanced_accuracy,21,0.3881736430096396,1.0351297146923724,0.4715277777777777,0.0890265860554663,0.0363449515629781,6,307.8333333333333,77,520,g2,post
g2post,V1,trial_type,time_resolved_trial_response,glm_clean,balanced_accuracy,22,0.4528692501779129,1.0351297146923724,0.5023148148148148,0.0603977726948772,0.0246572874505086,6,307.8333333333333,77,520,g2,post
g2post,V1,trial_type,time_resolved_trial_response,glm_clean,balanced_accuracy,23,0.5175648573461862,1.0351297146923724,0.4974537037037037,0.0326009432694456,0.0133092793572605,6,307.8333333333333,77,520,g2,post
g2post,V1,trial_type,time_resolved_trial_response,glm_clean,balanced_accuracy,24,0.5822604645144595,1.0351297146923724,0.5037037037037037,0.0480938083675246,0.0196342150479385,6,307.8333333333333,77,520,g2,post
g2post,V1,trial_type,time_resolved_trial_response,glm_clean,balanced_accuracy,25,0.6469560716827327,1.0351297146923724,0.5050925925925926,0.0384365224122062,0.0156916445661591,6,307.8333333333333,77,520,g2,post
g2post,V1,trial_type,time_resolved_trial_response,glm_clean,balanced_accuracy,26,0.711651678851006,1.0351297146923724,0.4958333333333333,0.0394013849477714,0.0160855480468362,6,307.8333333333333,77,520,g2,post
g2post,V1,trial_type,time_resolved_trial_response,glm_clean,balanced_accuracy,27,0.7763472860192793,1.0351297146923724,0.4967592592592593,0.0325920664940704,0.0133056554288888,6,307.8333333333333,77,520,g2,post
g2post,V1,trial_type,time_resolved_trial_response,glm_clean,balanced_accuracy,28,0.8410428931875525,1.0351297146923724,0.4824074074074074,0.0388756591253188,0.0158709213785672,6,307.8333333333333,77,520,g2,post
g2post,V1,trial_type,time_resolved_trial_response,glm_clean,balanced_accuracy,29,0.9057385003558258,1.0351297146923724,0.4833333333333333,0.0387099055814329,0.0158032527776375,6,307.8333333333333,77,520,g2,post
g2post,V1,trial_type,time_resolved_trial_response,glm_clean,balanced_accuracy,30,0.9704341075240992,1.0351297146923724,0.4831018518518518,0.033637692274646,0.0137325303662737,6,307.8333333333333,77,520,g2,post
g2post,V1,trial_type,time_resolved_trial_response,glm_clean,balanced_accuracy,31,1.0351297146923724,1.0351297146923724,0.4752314814814815,0.0453077326497374,0.018496804399049,6,307.8333333333333,77,520,g2,post
g2post,V1,trial_type,time_resolved_trial_response,glm_clean,balanced_accuracy,32,1.0998253218606455,1.0351297146923724,0.4708333333333332,0.030263758222144,0.0123551275572019,6,307.8333333333333,77,520,g2,post
g2post,V1,trial_type,time_resolved_trial_response,glm_clean,balanced_accuracy,33,1.164520929028919,1.0351297146923724,0.4840277777777778,0.0433791602409483,0.0177094680101251,6,307.8333333333333,77,520,g2,post
g2post,V1,trial_type,time_resolved_trial_response,glm_clean,balanced_accuracy,34,1.229216536197192,1.0351297146923724,0.4706018518518518,0.0435094060593552,0.0177626406428298,6,307.8333333333333,77,520,g2,post
g2post,V1,trial_type,time_resolved_trial_response,glm_clean,balanced_accuracy,35,1.2939121433654657,1.0351297146923724,0.4717592592592592,0.0399909969291957,0.0163262561302897,6,307.8333333333333,77,520,g2,post
g2post,V1,trial_type,time_resolved_trial_response,glm_clean,balanced_accuracy,36,1.3586077505337386,1.0351297146923724,0.4606481481481481,0.0342317206635669,0.0139750414405377,6,307.8333333333333,77,520,g2,post
g2post,V1,trial_type,time_resolved_trial_response,glm_clean,balanced_accuracy,37,1.423303357702012,1.0351297146923724,0.4465277777777778,0.0465785378171662,0.0190156084361645,6,307.8333333333333,77,520,g2,post
g2post,V1,trial_type,time_resolved_trial_response,glm_clean,balanced_accuracy,38,1.4879989648702852,1.0351297146923724,0.4523148148148148,0.0499279316005526,0.0203829927223223,6,307.8333333333333,77,520,g2,post
g2post,V1,trial_type,time_resolved_trial_response,glm_clean,balanced_accuracy,39,1.5526945720385583,1.0351297146923724,0.4395833333333334,0.051029146234599,0.0208325617141055,6,307.8333333333333,77,520,g2,post
g2post,V1,trial_type,time_resolved_trial_response,glm_clean,balanced_accuracy,40,1.6173901792068317,1.0351297146923724,0.4203703703703703,0.0431465585464622,0.0176145087659921,6,307.8333333333333,77,520,g2,post
g2post,V1,trial_type,time_resolved_trial_response,glm_clean,balanced_accuracy,41,1.682085786375105,1.0351297146923724,0.4046296296296296,0.0615054616330906,0.0251094995658999,6,307.8333333333333,77,520,g2,post
g2post,V1,trial_type,time_resolved_trial_response,glm_clean,balanced_accuracy,42,1.7467813935433782,1.0351297146923724,0.4064814814814815,0.0567759476402875,0.0231786835636132,6,307.8333333333333,77,520,g2,post
g2post,V1,trial_type,time_resolved_trial_response,glm_clean,balanced_accuracy,43,1.8114770007116516,1.0351297146923724,0.4090277777777777,0.0510820418542563,0.0208541562604036,6,307.8333333333333,77,520,g2,post
g2post,V1,trial_type,time_resolved_trial_response,glm_clean,balanced_accuracy,44,1.8761726078799248,1.0351297146923724,0.3898148148148148,0.0619056098164695,0.0252728593776966,6,307.8333333333333,77,520,g2,post
g2post,V1,trial_type,time_resolved_trial_response,glm_clean,balanced_accuracy,45,1.9408682150481984,1.0351297146923724,0.3655092592592592,0.0612335683846641,0.0249984996120411,6,307.8333333333333,77,520,g2,post
g2post,V1,trial_type,time_resolved_trial_response,glm_clean,balanced_accuracy,46,2.0055638222164713,1.0351297146923724,0.3694444444444444,0.0477906959280146,0.0195104699126902,6,307.8333333333333,77,520,g2,post
g2post,V1,visual_direction,time_resolved_trial_response,glm_clean,balanced_accuracy,0,-0.9704341075240992,1.0351297146923724,0.4966049382716049,0.0113200519289639,0.0046213918479616,6,307.8333333333333,77,520,g2,post
g2post,V1,visual_direction,time_resolved_trial_response,glm_clean,balanced_accuracy,1,-0.9057385003558258,1.0351297146923724,0.4932098765432098,0.02667352449542,0.0108894207759012,6,307.8333333333333,77,520,g2,post
g2post,V1,visual_direction,time_resolved_trial_response,glm_clean,balanced_accuracy,2,-0.8410428931875525,1.0351297146923724,0.5030864197530864,0.0217438216842338,0.0088768780307395,6,307.8333333333333,77,520,g2,post
g2post,V1,visual_direction,time_resolved_trial_response,glm_clean,balanced_accuracy,3,-0.7763472860192793,1.0351297146923724,0.4944444444444444,0.0240027433274364,0.0097990789298688,6,307.8333333333333,77,520,g2,post
g2post,V1,visual_direction,time_resolved_trial_response,glm_clean,balanced_accuracy,4,-0.711651678851006,1.0351297146923724,0.5132716049382716,0.0136292605961849,0.0055641223386789,6,307.8333333333333,77,520,g2,post
g2post,V1,visual_direction,time_resolved_trial_response,glm_clean,balanced_accuracy,5,-0.6469560716827327,1.0351297146923724,0.5040123456790123,0.0318694324149465,0.0130106413014555,6,307.8333333333333,77,520,g2,post
g2post,V1,visual_direction,time_resolved_trial_response,glm_clean,balanced_accuracy,6,-0.5822604645144595,1.0351297146923724,0.4929012345679012,0.0280460298378614,0.0114497437356054,6,307.8333333333333,77,520,g2,post
g2post,V1,visual_direction,time_resolved_trial_response,glm_clean,balanced_accuracy,7,-0.5175648573461862,1.0351297146923724,0.4802469135802469,0.0190539867858968,0.0077787575318634,6,307.8333333333333,77,520,g2,post
g2post,V1,visual_direction,time_resolved_trial_response,glm_clean,balanced_accuracy,8,-0.4528692501779129,1.0351297146923724,0.5033950617283951,0.0141235323316636,0.0057659079297127,6,307.8333333333333,77,520,g2,post
g2post,V1,visual_direction,time_resolved_trial_response,glm_clean,balanced_accuracy,9,-0.3881736430096396,1.0351297146923724,0.4802469135802469,0.0371048761426575,0.0151480022531133,6,307.8333333333333,77,520,g2,post
g2post,V1,visual_direction,time_resolved_trial_response,glm_clean,balanced_accuracy,10,-0.3234780358413663,1.0351297146923724,0.512037037037037,0.0270839268690897,0.0110569668433541,6,307.8333333333333,77,520,g2,post
g2post,V1,visual_direction,time_resolved_trial_response,glm_clean,balanced_accuracy,11,-0.2587824286730931,1.0351297146923724,0.4842592592592592,0.0344215375841501,0.0140525338738669,6,307.8333333333333,77,520,g2,post
g2post,V1,visual_direction,time_resolved_trial_response,glm_clean,balanced_accuracy,12,-0.1940868215048198,1.0351297146923724,0.5006172839506173,0.024362000889382,0.0099457452153693,6,307.8333333333333,77,520,g2,post
g2post,V1,visual_direction,time_resolved_trial_response,glm_clean,balanced_accuracy,13,-0.1293912143365465,1.0351297146923724,0.516358024691358,0.0242985733651414,0.0099198510370297,6,307.8333333333333,77,520,g2,post
g2post,V1,visual_direction,time_resolved_trial_response,glm_clean,balanced_accuracy,14,-0.0646956071682732,1.0351297146923724,0.5117283950617284,0.0302632860702158,0.0123549348019844,6,307.8333333333333,77,520,g2,post
g2post,V1,visual_direction,time_resolved_trial_response,glm_clean,balanced_accuracy,15,0.0,1.0351297146923724,0.5114197530864198,0.0373948762778213,0.0152663943125282,6,307.8333333333333,77,520,g2,post
g2post,V1,visual_direction,time_resolved_trial_response,glm_clean,balanced_accuracy,16,0.0646956071682732,1.0351297146923724,0.4864197530864197,0.0170799245486629,0.0069728499982434,6,307.8333333333333,77,520,g2,post
g2post,V1,visual_direction,time_resolved_trial_response,glm_clean,balanced_accuracy,17,0.1293912143365465,1.0351297146923724,0.5138888888888888,0.0277345342411722,0.01132257619077,6,307.8333333333333,77,520,g2,post
g2post,V1,visual_direction,time_resolved_trial_response,glm_clean,balanced_accuracy,18,0.1940868215048198,1.0351297146923724,0.5506172839506173,0.0759274314816101,0.0309972441016794,6,307.8333333333333,77,520,g2,post
g2post,V1,visual_direction,time_resolved_trial_response,glm_clean,balanced_accuracy,19,0.2587824286730931,1.0351297146923724,0.8123456790123457,0.1927195687786139,0.078677434492802,6,307.8333333333333,77,520,g2,post
g2post,V1,visual_direction,time_resolved_trial_response,glm_clean,balanced_accuracy,20,0.3234780358413663,1.0351297146923724,0.879320987654321,0.1678493701667849,0.068524218426026,6,307.8333333333333,77,520,g2,post
g2post,V1,visual_direction,time_resolved_trial_response,glm_clean,balanced_accuracy,21,0.3881736430096396,1.0351297146923724,0.9280864197530864,0.1095659015640859,0.0447300920066699,6,307.8333333333333,77,520,g2,post
g2post,V1,visual_direction,time_resolved_trial_response,glm_clean,balanced_accuracy,22,0.4528692501779129,1.0351297146923724,0.9679012345679012,0.0520059438761124,0.0212313376813825,6,307.8333333333333,77,520,g2,post
g2post,V1,visual_direction,time_resolved_trial_response,glm_clean,balanced_accuracy,23,0.5175648573461862,1.0351297146923724,0.9873456790123456,0.0195777324681958,0.0079925758112998,6,307.8333333333333,77,520,g2,post
g2post,V1,visual_direction,time_resolved_trial_response,glm_clean,balanced_accuracy,24,0.5822604645144595,1.0351297146923724,0.9972222222222222,0.0030429030972509,0.0012422599874998,6,307.8333333333333,77,520,g2,post
g2post,V1,visual_direction,time_resolved_trial_response,glm_clean,balanced_accuracy,25,0.6469560716827327,1.0351297146923724,0.9959876543209876,0.0055452579460433,0.0022638420766533,6,307.8333333333333,77,520,g2,post
g2post,V1,visual_direction,time_resolved_trial_response,glm_clean,balanced_accuracy,26,0.711651678851006,1.0351297146923724,0.9901234567901236,0.0074688807221008,0.0030491577864761,6,307.8333333333333,77,520,g2,post
g2post,V1,visual_direction,time_resolved_trial_response,glm_clean,balanced_accuracy,27,0.7763472860192793,1.0351297146923724,0.9820987654320988,0.0174768774016655,0.0071349053218764,6,307.8333333333333,77,520,g2,post
g2post,V1,visual_direction,time_resolved_trial_response,glm_clean,balanced_accuracy,28,0.8410428931875525,1.0351297146923724,0.9805555555555556,0.0153044100084402,0.0062479992225037,6,307.8333333333333,77,520,g2,post
g2post,V1,visual_direction,time_resolved_trial_response,glm_clean,balanced_accuracy,29,0.9057385003558258,1.0351297146923724,0.9805555555555556,0.0148032362160824,0.0060433958785484,6,307.8333333333333,77,520,g2,post
g2post,V1,visual_direction,time_resolved_trial_response,glm_clean,balanced_accuracy,30,0.9704341075240992,1.0351297146923724,0.9796296296296296,0.0145814960629848,0.0059528708401191,6,307.8333333333333,77,520,g2,post
g2post,V1,visual_direction,time_resolved_trial_response,glm_clean,balanced_accuracy,31,1.0351297146923724,1.0351297146923724,0.9780864197530864,0.0181978407598786,0.007429237380354,6,307.8333333333333,77,520,g2,post
g2post,V1,visual_direction,time_resolved_trial_response,glm_clean,balanced_accuracy,32,1.0998253218606455,1.0351297146923724,0.976851851851852,0.0169219137800898,0.0069083423720985,6,307.8333333333333,77,520,g2,post
g2post,V1,visual_direction,time_resolved_trial_response,glm_clean,balanced_accuracy,33,1.164520929028919,1.0351297146923724,0.980864197530864,0.0194459141125954,0.0079387611929742,6,307.8333333333333,77,520,g2,post
g2post,V1,visual_direction,time_resolved_trial_response,glm_clean,balanced_accuracy,34,1.229216536197192,1.0351297146923724,0.974074074074074,0.0300434070972936,0.01226516958718,6,307.8333333333333,77,520,g2,post
g2post,V1,visual_direction,time_resolved_trial_response,glm_clean,balanced_accuracy,35,1.2939121433654657,1.0351297146923724,0.9669753086419752,0.0321479916933098,0.0131243626506402,6,307.8333333333333,77,520,g2,post
g2post,V1,visual_direction,time_resolved_trial_response,glm_clean,balanced_accuracy,36,1.3586077505337386,1.0351297146923724,0.9679012345679012,0.0369752571157331,0.0150950855069598,6,307.8333333333333,77,520,g2,post
g2post,V1,visual_direction,time_resolved_trial_response,glm_clean,balanced_accuracy,37,1.423303357702012,1.0351297146923724,0.9521604938271604,0.0315884167850901,0.012895917150973,6,307.8333333333333,77,520,g2,post
g2post,V1,visual_direction,time_resolved_trial_response,glm_clean,balanced_accuracy,38,1.4879989648702852,1.0351297146923724,0.9425925925925924,0.048276183042038,0.0197086691970325,6,307.8333333333333,77,520,g2,post
g2post,V1,visual_direction,time_resolved_trial_response,glm_clean,balanced_accuracy,39,1.5526945720385583,1.0351297146923724,0.9299382716049384,0.0607612506775896,0.0248056767155722,6,307.8333333333333,77,520,g2,post
g2post,V1,visual_direction,time_resolved_trial_response,glm_clean,balanced_accuracy,40,1.6173901792068317,1.0351297146923724,0.9194444444444444,0.063825787410309,0.0260567685977686,6,307.8333333333333,77,520,g2,post
g2post,V1,visual_direction,time_resolved_trial_response,glm_clean,balanced_accuracy,41,1.682085786375105,1.0351297146923724,0.91141975308642,0.0476673525327885,0.0194601151824492,6,307.8333333333333,77,520,g2,post
g2post,V1,visual_direction,time_resolved_trial_response,glm_clean,balanced_accuracy,42,1.7467813935433782,1.0351297146923724,0.8848765432098765,0.0695706671813131,0.0284021059432014,6,307.8333333333333,77,520,g2,post
g2post,V1,visual_direction,time_resolved_trial_response,glm_clean,balanced_accuracy,43,1.8114770007116516,1.0351297146923724,0.8873456790123457,0.0611550534121408,0.0249664460087327,6,307.8333333333333,77,520,g2,post
g2post,V1,visual_direction,time_resolved_trial_response,glm_clean,balanced_accuracy,44,1.8761726078799248,1.0351297146923724,0.8635802469135804,0.0696913306870442,0.0284513666131375,6,307.8333333333333,77,520,g2,post
g2post,V1,visual_direction,time_resolved_trial_response,glm_clean,balanced_accuracy,45,1.9408682150481984,1.0351297146923724,0.8561728395061728,0.070697744027067,0.0288622331387018,6,307.8333333333333,77,520,g2,post
g2post,V1,visual_direction,time_resolved_trial_response,glm_clean,balanced_accuracy,46,2.0055638222164713,1.0351297146923724,0.8518518518518517,0.0687932430407655,0.0280847238668575,6,307.8333333333333,77,520,g2,post
