group_base,area,task,time_index,time_s,stimulus_offset_s,pre,post,delta_post_minus_pre
g1,V1,auditory_direction,0,-0.9704341075240992,1.0351297146923724,0.5059259259259259,0.5151234567901234,0.0091975308641975
g1,V1,auditory_direction,1,-0.9057385003558258,1.0351297146923724,0.5018518518518519,0.4969135802469136,-0.00493827160493826
g1,V1,auditory_direction,2,-0.8410428931875525,1.0351297146923724,0.48,0.4972222222222222,0.017222222222222194
g1,V1,auditory_direction,3,-0.7763472860192793,1.0351297146923724,0.4918518518518519,0.5132716049382716,0.021419753086419746
g1,V1,auditory_direction,4,-0.711651678851006,1.0351297146923724,0.5059259259259259,0.5040123456790123,-0.001913580246913571
g1,V1,auditory_direction,5,-0.6469560716827327,1.0351297146923724,0.5037037037037038,0.495679012345679,-0.00802469135802475
g1,V1,auditory_direction,6,-0.5822604645144595,1.0351297146923724,0.5185185185185185,0.5030864197530863,-0.015432098765432167
g1,V1,auditory_direction,7,-0.5175648573461862,1.0351297146923724,0.5025925925925926,0.5070987654320988,0.004506172839506162
g1,V1,auditory_direction,8,-0.4528692501779129,1.0351297146923724,0.5092592592592593,0.5089506172839506,-0.00030864197530866555
g1,V1,auditory_direction,9,-0.3881736430096396,1.0351297146923724,0.5055555555555555,0.5055555555555555,0.0
g1,V1,auditory_direction,10,-0.3234780358413663,1.0351297146923724,0.4937037037037036,0.5086419753086421,0.014938271604938491
g1,V1,auditory_direction,11,-0.2587824286730931,1.0351297146923724,0.4981481481481481,0.5046296296296297,0.0064814814814815325
g1,V1,auditory_direction,12,-0.1940868215048198,1.0351297146923724,0.4848148148148148,0.4919753086419753,0.007160493827160497
g1,V1,auditory_direction,13,-0.1293912143365465,1.0351297146923724,0.497037037037037,0.4907407407407407,-0.0062962962962963
g1,V1,auditory_direction,14,-0.0646956071682732,1.0351297146923724,0.5014814814814815,0.4873456790123456,-0.014135802469135927
g1,V1,auditory_direction,15,0.0,1.0351297146923724,0.5055555555555555,0.4882716049382716,-0.01728395061728394
g1,V1,auditory_direction,16,0.0646956071682732,1.0351297146923724,0.5103703703703705,0.4975308641975309,-0.012839506172839577
g1,V1,auditory_direction,17,0.1293912143365465,1.0351297146923724,0.4929629629629629,0.5024691358024691,0.009506172839506222
g1,V1,auditory_direction,18,0.1940868215048198,1.0351297146923724,0.5092592592592593,0.5209876543209876,0.011728395061728292
g1,V1,auditory_direction,19,0.2587824286730931,1.0351297146923724,0.4892592592592592,0.512962962962963,0.023703703703703727
g1,V1,auditory_direction,20,0.3234780358413663,1.0351297146923724,0.5274074074074073,0.5373456790123458,0.009938271604938431
g1,V1,auditory_direction,21,0.3881736430096396,1.0351297146923724,0.5270370370370371,0.5361111111111111,0.009074074074074012
g1,V1,auditory_direction,22,0.4528692501779129,1.0351297146923724,0.5485185185185186,0.5419753086419753,-0.006543209876543332
g1,V1,auditory_direction,23,0.5175648573461862,1.0351297146923724,0.5314814814814814,0.5524691358024691,0.020987654320987703
g1,V1,auditory_direction,24,0.5822604645144595,1.0351297146923724,0.5244444444444445,0.5635802469135803,0.03913580246913584
g1,V1,auditory_direction,25,0.6469560716827327,1.0351297146923724,0.5377777777777778,0.5478395061728395,0.010061728395061698
g1,V1,auditory_direction,26,0.711651678851006,1.0351297146923724,0.5448148148148149,0.5580246913580247,0.01320987654320982
g1,V1,auditory_direction,27,0.7763472860192793,1.0351297146923724,0.5511111111111111,0.5216049382716049,-0.029506172839506184
g1,V1,auditory_direction,28,0.8410428931875525,1.0351297146923724,0.5144444444444444,0.5453703703703704,0.030925925925926023
g1,V1,auditory_direction,29,0.9057385003558258,1.0351297146923724,0.5640740740740741,0.5518518518518519,-0.012222222222222134
g1,V1,auditory_direction,30,0.9704341075240992,1.0351297146923724,0.5422222222222223,0.5438271604938272,0.0016049382716049054
g1,V1,auditory_direction,31,1.0351297146923724,1.0351297146923724,0.5451851851851852,0.5441358024691357,-0.001049382716049485
g1,V1,auditory_direction,32,1.0998253218606455,1.0351297146923724,0.532962962962963,0.5354938271604938,0.002530864197530791
g1,V1,auditory_direction,33,1.164520929028919,1.0351297146923724,0.535925925925926,0.5416666666666666,0.005740740740740602
g1,V1,auditory_direction,34,1.229216536197192,1.0351297146923724,0.5418518518518519,0.5493827160493828,0.0075308641975309065
g1,V1,auditory_direction,35,1.2939121433654657,1.0351297146923724,0.5277777777777778,0.5302469135802469,0.0024691358024691024
g1,V1,auditory_direction,36,1.3586077505337386,1.0351297146923724,0.5074074074074073,0.5314814814814816,0.024074074074074248
g1,V1,auditory_direction,37,1.423303357702012,1.0351297146923724,0.5277777777777778,0.537962962962963,0.010185185185185186
g1,V1,auditory_direction,38,1.4879989648702852,1.0351297146923724,0.5325925925925926,0.5512345679012346,0.018641975308641978
g1,V1,auditory_direction,39,1.5526945720385583,1.0351297146923724,0.5222222222222223,0.5373456790123456,0.01512345679012339
g1,V1,auditory_direction,40,1.6173901792068317,1.0351297146923724,0.5199999999999999,0.5237654320987654,0.0037654320987654533
g1,V1,auditory_direction,41,1.682085786375105,1.0351297146923724,0.5318518518518519,0.5435185185185185,0.011666666666666603
g1,V1,auditory_direction,42,1.7467813935433782,1.0351297146923724,0.5333333333333334,0.5182098765432098,-0.015123456790123613
g1,V1,auditory_direction,43,1.8114770007116516,1.0351297146923724,0.5196296296296297,0.5172839506172839,-0.002345679012345725
g1,V1,auditory_direction,44,1.8761726078799248,1.0351297146923724,0.5129629629629628,0.5101851851851852,-0.002777777777777657
g1,V1,auditory_direction,45,1.9408682150481984,1.0351297146923724,0.5288888888888889,0.524074074074074,-0.004814814814814827
g1,V1,auditory_direction,46,2.0055638222164713,1.0351297146923724,0.5062962962962962,0.5283950617283951,0.022098765432098877
g1,V1,congruency,0,-0.9704341075240992,1.0351297146923724,0.4811111111111111,0.525925925925926,0.04481481481481492
g1,V1,congruency,1,-0.9057385003558258,1.0351297146923724,0.4855555555555556,0.5060185185185185,0.02046296296296296
g1,V1,congruency,2,-0.8410428931875525,1.0351297146923724,0.5216666666666667,0.5046296296296297,-0.017037037037037073
g1,V1,congruency,3,-0.7763472860192793,1.0351297146923724,0.5044444444444445,0.5074074074074074,0.002962962962962945
g1,V1,congruency,4,-0.711651678851006,1.0351297146923724,0.5011111111111111,0.4773148148148148,-0.02379629629629626
g1,V1,congruency,5,-0.6469560716827327,1.0351297146923724,0.5083333333333333,0.5115740740740741,0.0032407407407407662
g1,V1,congruency,6,-0.5822604645144595,1.0351297146923724,0.5166666666666666,0.4925925925925926,-0.024074074074074026
g1,V1,congruency,7,-0.5175648573461862,1.0351297146923724,0.5122222222222222,0.4972222222222222,-0.015000000000000069
g1,V1,congruency,8,-0.4528692501779129,1.0351297146923724,0.5127777777777778,0.4953703703703703,-0.017407407407407482
g1,V1,congruency,9,-0.3881736430096396,1.0351297146923724,0.5055555555555555,0.525,0.019444444444444486
g1,V1,congruency,10,-0.3234780358413663,1.0351297146923724,0.4755555555555555,0.5060185185185185,0.030462962962963025
g1,V1,congruency,11,-0.2587824286730931,1.0351297146923724,0.4894444444444444,0.5138888888888888,0.024444444444444435
g1,V1,congruency,12,-0.1940868215048198,1.0351297146923724,0.495,0.5199074074074074,0.024907407407407378
g1,V1,congruency,13,-0.1293912143365465,1.0351297146923724,0.5061111111111111,0.5027777777777778,-0.0033333333333332993
g1,V1,congruency,14,-0.0646956071682732,1.0351297146923724,0.51,0.4791666666666667,-0.030833333333333324
g1,V1,congruency,15,0.0,1.0351297146923724,0.5177777777777778,0.4967592592592592,-0.021018518518518603
g1,V1,congruency,16,0.0646956071682732,1.0351297146923724,0.4833333333333334,0.4782407407407407,-0.005092592592592704
g1,V1,congruency,17,0.1293912143365465,1.0351297146923724,0.4994444444444444,0.474537037037037,-0.024907407407407434
g1,V1,congruency,18,0.1940868215048198,1.0351297146923724,0.5305555555555557,0.5203703703703705,-0.010185185185185186
g1,V1,congruency,19,0.2587824286730931,1.0351297146923724,0.5105555555555557,0.499537037037037,-0.01101851851851865
g1,V1,congruency,20,0.3234780358413663,1.0351297146923724,0.5166666666666667,0.5060185185185185,-0.010648148148148184
g1,V1,congruency,21,0.3881736430096396,1.0351297146923724,0.5011111111111111,0.4976851851851852,-0.003425925925925888
g1,V1,congruency,22,0.4528692501779129,1.0351297146923724,0.478888888888889,0.4847222222222222,0.005833333333333246
g1,V1,congruency,23,0.5175648573461862,1.0351297146923724,0.4955555555555556,0.5092592592592593,0.013703703703703718
g1,V1,congruency,24,0.5822604645144595,1.0351297146923724,0.4705555555555555,0.4930555555555556,0.022500000000000075
g1,V1,congruency,25,0.6469560716827327,1.0351297146923724,0.5105555555555555,0.5009259259259259,-0.009629629629629655
g1,V1,congruency,26,0.711651678851006,1.0351297146923724,0.51,0.4888888888888889,-0.021111111111111136
g1,V1,congruency,27,0.7763472860192793,1.0351297146923724,0.518888888888889,0.5032407407407408,-0.01564814814814819
g1,V1,congruency,28,0.8410428931875525,1.0351297146923724,0.52,0.4814814814814815,-0.03851851851851851
g1,V1,congruency,29,0.9057385003558258,1.0351297146923724,0.5011111111111111,0.4958333333333333,-0.00527777777777777
g1,V1,congruency,30,0.9704341075240992,1.0351297146923724,0.5,0.4912037037037036,-0.008796296296296413
g1,V1,congruency,31,1.0351297146923724,1.0351297146923724,0.51,0.5078703703703703,-0.0021296296296297035
g1,V1,congruency,32,1.0998253218606455,1.0351297146923724,0.4977777777777777,0.5060185185185185,0.008240740740740826
g1,V1,congruency,33,1.164520929028919,1.0351297146923724,0.4950000000000001,0.5064814814814814,0.011481481481481315
g1,V1,congruency,34,1.229216536197192,1.0351297146923724,0.4961111111111111,0.4699074074074074,-0.02620370370370373
g1,V1,congruency,35,1.2939121433654657,1.0351297146923724,0.4922222222222222,0.5115740740740741,0.019351851851851842
g1,V1,congruency,36,1.3586077505337386,1.0351297146923724,0.5122222222222221,0.5009259259259259,-0.011296296296296249
g1,V1,congruency,37,1.423303357702012,1.0351297146923724,0.4866666666666667,0.4657407407407407,-0.020925925925926014
g1,V1,congruency,38,1.4879989648702852,1.0351297146923724,0.5005555555555555,0.4694444444444445,-0.031111111111111034
g1,V1,congruency,39,1.5526945720385583,1.0351297146923724,0.5127777777777778,0.4773148148148148,-0.035462962962962974
g1,V1,congruency,40,1.6173901792068317,1.0351297146923724,0.5094444444444444,0.475462962962963,-0.03398148148148139
g1,V1,congruency,41,1.682085786375105,1.0351297146923724,0.4988888888888889,0.4902777777777778,-0.00861111111111107
g1,V1,congruency,42,1.7467813935433782,1.0351297146923724,0.5088888888888888,0.4875,-0.021388888888888846
g1,V1,congruency,43,1.8114770007116516,1.0351297146923724,0.486111111111111,0.5023148148148148,0.016203703703703776
g1,V1,congruency,44,1.8761726078799248,1.0351297146923724,0.4816666666666666,0.5148148148148147,0.03314814814814815
g1,V1,congruency,45,1.9408682150481984,1.0351297146923724,0.4855555555555556,0.5018518518518519,0.01629629629629631
g1,V1,congruency,46,2.0055638222164713,1.0351297146923724,0.4783333333333333,0.4921296296296296,0.013796296296296306
g1,V1,modality,0,-0.9704341075240992,1.0351297146923724,0.3403703703703704,0.3393518518518518,-0.0010185185185185852
g1,V1,modality,1,-0.9057385003558258,1.0351297146923724,0.3324074074074074,0.3304012345679012,-0.0020061728395061595
g1,V1,modality,2,-0.8410428931875525,1.0351297146923724,0.3390740740740741,0.3415123456790123,0.0024382716049382025
g1,V1,modality,3,-0.7763472860192793,1.0351297146923724,0.3412962962962963,0.3365740740740741,-0.004722222222222239
g1,V1,modality,4,-0.711651678851006,1.0351297146923724,0.3299999999999999,0.3359567901234568,0.005956790123456901
g1,V1,modality,5,-0.6469560716827327,1.0351297146923724,0.3307407407407407,0.3243827160493827,-0.006358024691358044
g1,V1,modality,6,-0.5822604645144595,1.0351297146923724,0.3264814814814815,0.3419753086419753,0.0154938271604938
g1,V1,modality,7,-0.5175648573461862,1.0351297146923724,0.3335185185185185,0.3430555555555555,0.00953703703703701
g1,V1,modality,8,-0.4528692501779129,1.0351297146923724,0.3399999999999999,0.3311728395061729,-0.008827160493827035
g1,V1,modality,9,-0.3881736430096396,1.0351297146923724,0.3462962962962962,0.3459876543209876,-0.00030864197530861004
g1,V1,modality,10,-0.3234780358413663,1.0351297146923724,0.3357407407407407,0.3330246913580246,-0.002716049382716079
g1,V1,modality,11,-0.2587824286730931,1.0351297146923724,0.3222222222222222,0.3374999999999999,0.015277777777777724
g1,V1,modality,12,-0.1940868215048198,1.0351297146923724,0.3427777777777777,0.3226851851851851,-0.020092592592592606
g1,V1,modality,13,-0.1293912143365465,1.0351297146923724,0.3403703703703703,0.345216049382716,0.004845679012345672
g1,V1,modality,14,-0.0646956071682732,1.0351297146923724,0.3337037037037037,0.345679012345679,0.011975308641975269
g1,V1,modality,15,0.0,1.0351297146923724,0.3362962962962963,0.349537037037037,0.013240740740740664
g1,V1,modality,16,0.0646956071682732,1.0351297146923724,0.3390740740740741,0.3563271604938271,0.01725308641975304
g1,V1,modality,17,0.1293912143365465,1.0351297146923724,0.3253703703703704,0.361574074074074,0.03620370370370357
g1,V1,modality,18,0.1940868215048198,1.0351297146923724,0.3757407407407407,0.4424382716049382,0.0666975308641975
g1,V1,modality,19,0.2587824286730931,1.0351297146923724,0.4664814814814814,0.6149691358024691,0.14848765432098776
g1,V1,modality,20,0.3234780358413663,1.0351297146923724,0.4937037037037036,0.6572530864197531,0.16354938271604952
g1,V1,modality,21,0.3881736430096396,1.0351297146923724,0.5409259259259259,0.699537037037037,0.15861111111111104
g1,V1,modality,22,0.4528692501779129,1.0351297146923724,0.5316666666666666,0.7294753086419753,0.19780864197530867
g1,V1,modality,23,0.5175648573461862,1.0351297146923724,0.5557407407407406,0.7308641975308641,0.17512345679012342
g1,V1,modality,24,0.5822604645144595,1.0351297146923724,0.5588888888888889,0.7521604938271605,0.19327160493827167
g1,V1,modality,25,0.6469560716827327,1.0351297146923724,0.562037037037037,0.7651234567901235,0.2030864197530865
g1,V1,modality,26,0.711651678851006,1.0351297146923724,0.5720370370370371,0.7626543209876543,0.19061728395061717
g1,V1,modality,27,0.7763472860192793,1.0351297146923724,0.5888888888888889,0.7830246913580247,0.19413580246913575
g1,V1,modality,28,0.8410428931875525,1.0351297146923724,0.5955555555555556,0.7790123456790123,0.18345679012345673
g1,V1,modality,29,0.9057385003558258,1.0351297146923724,0.5846296296296296,0.791358024691358,0.20672839506172835
g1,V1,modality,30,0.9704341075240992,1.0351297146923724,0.5946296296296296,0.7908950617283951,0.19626543209876546
g1,V1,modality,31,1.0351297146923724,1.0351297146923724,0.5987037037037037,0.784104938271605,0.18540123456790125
g1,V1,modality,32,1.0998253218606455,1.0351297146923724,0.5898148148148148,0.7890432098765432,0.1992283950617284
g1,V1,modality,33,1.164520929028919,1.0351297146923724,0.5801851851851852,0.7831790123456789,0.20299382716049363
g1,V1,modality,34,1.229216536197192,1.0351297146923724,0.5942592592592593,0.7793209876543209,0.18506172839506163
g1,V1,modality,35,1.2939121433654657,1.0351297146923724,0.6031481481481482,0.7766975308641975,0.17354938271604925
g1,V1,modality,36,1.3586077505337386,1.0351297146923724,0.5972222222222222,0.762962962962963,0.16574074074074074
g1,V1,modality,37,1.423303357702012,1.0351297146923724,0.587037037037037,0.7557098765432099,0.16867283950617284
g1,V1,modality,38,1.4879989648702852,1.0351297146923724,0.5848148148148148,0.7453703703703703,0.16055555555555556
g1,V1,modality,39,1.5526945720385583,1.0351297146923724,0.5853703703703703,0.7404320987654321,0.15506172839506183
g1,V1,modality,40,1.6173901792068317,1.0351297146923724,0.5774074074074074,0.7405864197530865,0.1631790123456791
g1,V1,modality,41,1.682085786375105,1.0351297146923724,0.5801851851851852,0.7314814814814815,0.15129629629629626
g1,V1,modality,42,1.7467813935433782,1.0351297146923724,0.5688888888888889,0.7182098765432099,0.149320987654321
g1,V1,modality,43,1.8114770007116516,1.0351297146923724,0.5742592592592592,0.7095679012345678,0.13530864197530856
g1,V1,modality,44,1.8761726078799248,1.0351297146923724,0.5700000000000001,0.7046296296296296,0.13462962962962954
g1,V1,modality,45,1.9408682150481984,1.0351297146923724,0.5727777777777778,0.6979938271604939,0.12521604938271602
g1,V1,modality,46,2.0055638222164713,1.0351297146923724,0.5514814814814815,0.6739197530864197,0.12243827160493825
g1,V1,trial_type,0,-0.9704341075240992,1.0351297146923724,0.1266666666666666,0.1358796296296296,0.009212962962963006
g1,V1,trial_type,1,-0.9057385003558258,1.0351297146923724,0.1283333333333333,0.1236111111111111,-0.004722222222222197
g1,V1,trial_type,2,-0.8410428931875525,1.0351297146923724,0.1186111111111111,0.130324074074074,0.011712962962962911
g1,V1,trial_type,3,-0.7763472860192793,1.0351297146923724,0.1244444444444444,0.1263888888888888,0.0019444444444444015
g1,V1,trial_type,4,-0.711651678851006,1.0351297146923724,0.1244444444444444,0.1210648148148148,-0.0033796296296295936
g1,V1,trial_type,5,-0.6469560716827327,1.0351297146923724,0.1366666666666666,0.1215277777777777,-0.015138888888888896
g1,V1,trial_type,6,-0.5822604645144595,1.0351297146923724,0.1344444444444444,0.1217592592592592,-0.012685185185185188
g1,V1,trial_type,7,-0.5175648573461862,1.0351297146923724,0.1311111111111111,0.1236111111111111,-0.007499999999999993
g1,V1,trial_type,8,-0.4528692501779129,1.0351297146923724,0.1375,0.1263888888888888,-0.01111111111111121
g1,V1,trial_type,9,-0.3881736430096396,1.0351297146923724,0.1352777777777777,0.1229166666666666,-0.012361111111111087
g1,V1,trial_type,10,-0.3234780358413663,1.0351297146923724,0.1308333333333333,0.1229166666666666,-0.007916666666666697
g1,V1,trial_type,11,-0.2587824286730931,1.0351297146923724,0.1177777777777777,0.1317129629629629,0.01393518518518519
g1,V1,trial_type,12,-0.1940868215048198,1.0351297146923724,0.1283333333333333,0.1219907407407407,-0.006342592592592594
g1,V1,trial_type,13,-0.1293912143365465,1.0351297146923724,0.1375,0.1270833333333333,-0.010416666666666713
g1,V1,trial_type,14,-0.0646956071682732,1.0351297146923724,0.1344444444444444,0.1324074074074074,-0.002037037037037004
g1,V1,trial_type,15,0.0,1.0351297146923724,0.1302777777777777,0.1284722222222222,-0.001805555555555477
g1,V1,trial_type,16,0.0646956071682732,1.0351297146923724,0.1219444444444444,0.1354166666666666,0.013472222222222205
g1,V1,trial_type,17,0.1293912143365465,1.0351297146923724,0.1258333333333333,0.1293981481481481,0.0035648148148147984
g1,V1,trial_type,18,0.1940868215048198,1.0351297146923724,0.1438888888888889,0.1766203703703703,0.03273148148148139
g1,V1,trial_type,19,0.2587824286730931,1.0351297146923724,0.2019444444444444,0.2824074074074074,0.08046296296296299
g1,V1,trial_type,20,0.3234780358413663,1.0351297146923724,0.2236111111111111,0.3541666666666667,0.1305555555555556
g1,V1,trial_type,21,0.3881736430096396,1.0351297146923724,0.2808333333333334,0.3874999999999999,0.10666666666666652
g1,V1,trial_type,22,0.4528692501779129,1.0351297146923724,0.2916666666666667,0.4402777777777777,0.14861111111111103
g1,V1,trial_type,23,0.5175648573461862,1.0351297146923724,0.3188888888888889,0.4576388888888889,0.13874999999999998
g1,V1,trial_type,24,0.5822604645144595,1.0351297146923724,0.3222222222222222,0.4664351851851852,0.144212962962963
g1,V1,trial_type,25,0.6469560716827327,1.0351297146923724,0.32,0.4729166666666666,0.1529166666666666
g1,V1,trial_type,26,0.711651678851006,1.0351297146923724,0.3358333333333333,0.4798611111111111,0.1440277777777778
g1,V1,trial_type,27,0.7763472860192793,1.0351297146923724,0.3202777777777778,0.4787037037037038,0.15842592592592603
g1,V1,trial_type,28,0.8410428931875525,1.0351297146923724,0.3188888888888889,0.4731481481481481,0.1542592592592592
g1,V1,trial_type,29,0.9057385003558258,1.0351297146923724,0.3344444444444444,0.4837962962962963,0.1493518518518519
g1,V1,trial_type,30,0.9704341075240992,1.0351297146923724,0.3319444444444444,0.4814814814814814,0.14953703703703702
g1,V1,trial_type,31,1.0351297146923724,1.0351297146923724,0.3402777777777778,0.4817129629629629,0.1414351851851851
g1,V1,trial_type,32,1.0998253218606455,1.0351297146923724,0.3233333333333333,0.4756944444444444,0.1523611111111111
g1,V1,trial_type,33,1.164520929028919,1.0351297146923724,0.3366666666666666,0.4905092592592592,0.1538425925925926
g1,V1,trial_type,34,1.229216536197192,1.0351297146923724,0.3355555555555555,0.475,0.13944444444444448
g1,V1,trial_type,35,1.2939121433654657,1.0351297146923724,0.3375,0.468287037037037,0.13078703703703698
g1,V1,trial_type,36,1.3586077505337386,1.0351297146923724,0.3224999999999999,0.44375,0.12125000000000008
g1,V1,trial_type,37,1.423303357702012,1.0351297146923724,0.3197222222222222,0.4372685185185185,0.11754629629629632
g1,V1,trial_type,38,1.4879989648702852,1.0351297146923724,0.3255555555555555,0.4298611111111111,0.1043055555555556
g1,V1,trial_type,39,1.5526945720385583,1.0351297146923724,0.3041666666666667,0.4280092592592592,0.1238425925925925
g1,V1,trial_type,40,1.6173901792068317,1.0351297146923724,0.3083333333333333,0.4122685185185185,0.10393518518518519
g1,V1,trial_type,41,1.682085786375105,1.0351297146923724,0.3016666666666666,0.4069444444444444,0.1052777777777778
g1,V1,trial_type,42,1.7467813935433782,1.0351297146923724,0.2955555555555555,0.3960648148148148,0.1005092592592593
g1,V1,trial_type,43,1.8114770007116516,1.0351297146923724,0.2716666666666666,0.3918981481481481,0.1202314814814815
g1,V1,trial_type,44,1.8761726078799248,1.0351297146923724,0.2661111111111111,0.3803240740740741,0.11421296296296302
g1,V1,trial_type,45,1.9408682150481984,1.0351297146923724,0.2733333333333333,0.3560185185185185,0.0826851851851852
g1,V1,trial_type,46,2.0055638222164713,1.0351297146923724,0.2627777777777778,0.3590277777777778,0.09625
g1,V1,visual_direction,0,-0.9704341075240992,1.0351297146923724,0.484074074074074,0.5256172839506172,0.04154320987654325
g1,V1,visual_direction,1,-0.9057385003558258,1.0351297146923724,0.4992592592592593,0.5179012345679013,0.018641975308641978
g1,V1,visual_direction,2,-0.8410428931875525,1.0351297146923724,0.5014814814814814,0.5067901234567901,0.00530864197530867
g1,V1,visual_direction,3,-0.7763472860192793,1.0351297146923724,0.4907407407407407,0.4978395061728395,0.007098765432098808
g1,V1,visual_direction,4,-0.711651678851006,1.0351297146923724,0.4911111111111111,0.5003086419753086,0.009197530864197445
g1,V1,visual_direction,5,-0.6469560716827327,1.0351297146923724,0.4985185185185184,0.5021604938271605,0.0036419753086421314
g1,V1,visual_direction,6,-0.5822604645144595,1.0351297146923724,0.5111111111111111,0.4932098765432098,-0.01790123456790127
g1,V1,visual_direction,7,-0.5175648573461862,1.0351297146923724,0.508888888888889,0.5095679012345679,0.0006790123456789088
g1,V1,visual_direction,8,-0.4528692501779129,1.0351297146923724,0.518888888888889,0.4904320987654321,-0.028456790123456865
g1,V1,visual_direction,9,-0.3881736430096396,1.0351297146923724,0.5044444444444445,0.4867283950617284,-0.017716049382716093
g1,V1,visual_direction,10,-0.3234780358413663,1.0351297146923724,0.4859259259259259,0.5104938271604939,0.02456790123456798
g1,V1,visual_direction,11,-0.2587824286730931,1.0351297146923724,0.5007407407407407,0.5058641975308642,0.005123456790123493
g1,V1,visual_direction,12,-0.1940868215048198,1.0351297146923724,0.5092592592592593,0.5055555555555555,-0.0037037037037037646
g1,V1,visual_direction,13,-0.1293912143365465,1.0351297146923724,0.4859259259259259,0.4966049382716049,0.010679012345679029
g1,V1,visual_direction,14,-0.0646956071682732,1.0351297146923724,0.5096296296296297,0.5132716049382716,0.003641975308641965
g1,V1,visual_direction,15,0.0,1.0351297146923724,0.4962962962962963,0.5169753086419754,0.020679012345679093
g1,V1,visual_direction,16,0.0646956071682732,1.0351297146923724,0.4633333333333332,0.5064814814814814,0.04314814814814821
g1,V1,visual_direction,17,0.1293912143365465,1.0351297146923724,0.51,0.4845679012345679,-0.02543209876543212
g1,V1,visual_direction,18,0.1940868215048198,1.0351297146923724,0.538888888888889,0.5191358024691358,-0.019753086419753152
g1,V1,visual_direction,19,0.2587824286730931,1.0351297146923724,0.5918518518518519,0.6537037037037038,0.061851851851851936
g1,V1,visual_direction,20,0.3234780358413663,1.0351297146923724,0.638888888888889,0.7583333333333333,0.11944444444444435
g1,V1,visual_direction,21,0.3881736430096396,1.0351297146923724,0.7062962962962963,0.8191358024691358,0.11283950617283944
g1,V1,visual_direction,22,0.4528692501779129,1.0351297146923724,0.7566666666666666,0.8975308641975309,0.14086419753086432
g1,V1,visual_direction,23,0.5175648573461862,1.0351297146923724,0.7892592592592592,0.9250000000000002,0.13574074074074094
g1,V1,visual_direction,24,0.5822604645144595,1.0351297146923724,0.7992592592592592,0.9419753086419752,0.14271604938271598
g1,V1,visual_direction,25,0.6469560716827327,1.0351297146923724,0.7944444444444444,0.94320987654321,0.14876543209876558
g1,V1,visual_direction,26,0.711651678851006,1.0351297146923724,0.7955555555555556,0.9330246913580248,0.13746913580246922
g1,V1,visual_direction,27,0.7763472860192793,1.0351297146923724,0.7766666666666666,0.9166666666666664,0.1399999999999998
g1,V1,visual_direction,28,0.8410428931875525,1.0351297146923724,0.788888888888889,0.9151234567901234,0.12623456790123444
g1,V1,visual_direction,29,0.9057385003558258,1.0351297146923724,0.7985185185185185,0.9348765432098766,0.13635802469135805
g1,V1,visual_direction,30,0.9704341075240992,1.0351297146923724,0.7762962962962964,0.9438271604938272,0.16753086419753083
g1,V1,visual_direction,31,1.0351297146923724,1.0351297146923724,0.7874074074074074,0.9382716049382716,0.1508641975308641
g1,V1,visual_direction,32,1.0998253218606455,1.0351297146923724,0.7959259259259259,0.9401234567901234,0.1441975308641975
g1,V1,visual_direction,33,1.164520929028919,1.0351297146923724,0.787037037037037,0.9373456790123456,0.15030864197530858
g1,V1,visual_direction,34,1.229216536197192,1.0351297146923724,0.8114814814814816,0.9311728395061728,0.11969135802469122
g1,V1,visual_direction,35,1.2939121433654657,1.0351297146923724,0.8022222222222222,0.9320987654320988,0.12987654320987663
g1,V1,visual_direction,36,1.3586077505337386,1.0351297146923724,0.7825925925925926,0.9268518518518518,0.1442592592592592
g1,V1,visual_direction,37,1.423303357702012,1.0351297146923724,0.765925925925926,0.9145061728395062,0.14858024691358018
g1,V1,visual_direction,38,1.4879989648702852,1.0351297146923724,0.7737037037037037,0.9027777777777778,0.12907407407407412
g1,V1,visual_direction,39,1.5526945720385583,1.0351297146923724,0.752962962962963,0.8929012345679012,0.1399382716049382
g1,V1,visual_direction,40,1.6173901792068317,1.0351297146923724,0.7559259259259259,0.8820987654320988,0.12617283950617286
g1,V1,visual_direction,41,1.682085786375105,1.0351297146923724,0.7337037037037037,0.8555555555555556,0.12185185185185188
g1,V1,visual_direction,42,1.7467813935433782,1.0351297146923724,0.7392592592592593,0.8456790123456791,0.10641975308641982
g1,V1,visual_direction,43,1.8114770007116516,1.0351297146923724,0.712962962962963,0.8447530864197531,0.1317901234567901
g1,V1,visual_direction,44,1.8761726078799248,1.0351297146923724,0.7137037037037037,0.8342592592592593,0.12055555555555553
g1,V1,visual_direction,45,1.9408682150481984,1.0351297146923724,0.7066666666666667,0.8169753086419753,0.11030864197530865
g1,V1,visual_direction,46,2.0055638222164713,1.0351297146923724,0.7003703703703704,0.8185185185185185,0.11814814814814811
g1,AM/PM,auditory_direction,0,-0.9704341075240992,1.0351297146923724,0.5,0.4851851851851852,-0.01481481481481478
g1,AM/PM,auditory_direction,1,-0.9057385003558258,1.0351297146923724,0.4703703703703704,0.4388888888888888,-0.03148148148148161
g1,AM/PM,auditory_direction,2,-0.8410428931875525,1.0351297146923724,0.4407407407407406,0.4796296296296296,0.03888888888888897
g1,AM/PM,auditory_direction,3,-0.7763472860192793,1.0351297146923724,0.5037037037037038,0.5092592592592592,0.005555555555555425
g1,AM/PM,auditory_direction,4,-0.711651678851006,1.0351297146923724,0.4962962962962963,0.55,0.05370370370370375
g1,AM/PM,auditory_direction,5,-0.6469560716827327,1.0351297146923724,0.5185185185185185,0.5296296296296297,0.011111111111111183
g1,AM/PM,auditory_direction,6,-0.5822604645144595,1.0351297146923724,0.4944444444444444,0.4833333333333334,-0.011111111111111016
g1,AM/PM,auditory_direction,7,-0.5175648573461862,1.0351297146923724,0.5092592592592593,0.5111111111111112,0.0018518518518518823
g1,AM/PM,auditory_direction,8,-0.4528692501779129,1.0351297146923724,0.5037037037037037,0.5166666666666667,0.012962962962963065
g1,AM/PM,auditory_direction,9,-0.3881736430096396,1.0351297146923724,0.5111111111111111,0.4611111111111111,-0.04999999999999999
g1,AM/PM,auditory_direction,10,-0.3234780358413663,1.0351297146923724,0.4481481481481481,0.4703703703703704,0.02222222222222231
g1,AM/PM,auditory_direction,11,-0.2587824286730931,1.0351297146923724,0.5074074074074074,0.4888888888888889,-0.018518518518518545
g1,AM/PM,auditory_direction,12,-0.1940868215048198,1.0351297146923724,0.4944444444444444,0.4833333333333334,-0.011111111111111016
g1,AM/PM,auditory_direction,13,-0.1293912143365465,1.0351297146923724,0.4796296296296296,0.5037037037037038,0.024074074074074192
g1,AM/PM,auditory_direction,14,-0.0646956071682732,1.0351297146923724,0.5074074074074073,0.5425925925925925,0.03518518518518521
g1,AM/PM,auditory_direction,15,0.0,1.0351297146923724,0.4962962962962963,0.4944444444444444,-0.0018518518518518823
g1,AM/PM,auditory_direction,16,0.0646956071682732,1.0351297146923724,0.5611111111111111,0.4925925925925926,-0.06851851851851853
g1,AM/PM,auditory_direction,17,0.1293912143365465,1.0351297146923724,0.538888888888889,0.4851851851851852,-0.05370370370370375
g1,AM/PM,auditory_direction,18,0.1940868215048198,1.0351297146923724,0.5314814814814814,0.4796296296296296,-0.05185185185185187
g1,AM/PM,auditory_direction,19,0.2587824286730931,1.0351297146923724,0.587037037037037,0.5055555555555555,-0.08148148148148149
g1,AM/PM,auditory_direction,20,0.3234780358413663,1.0351297146923724,0.6370370370370371,0.5666666666666667,-0.07037037037037042
g1,AM/PM,auditory_direction,21,0.3881736430096396,1.0351297146923724,0.6370370370370371,0.6333333333333333,-0.0037037037037037646
g1,AM/PM,auditory_direction,22,0.4528692501779129,1.0351297146923724,0.6222222222222222,0.6407407407407407,0.01851851851851849
g1,AM/PM,auditory_direction,23,0.5175648573461862,1.0351297146923724,0.6703703703703703,0.6648148148148147,-0.005555555555555536
g1,AM/PM,auditory_direction,24,0.5822604645144595,1.0351297146923724,0.6703703703703704,0.6888888888888889,0.01851851851851849
g1,AM/PM,auditory_direction,25,0.6469560716827327,1.0351297146923724,0.6592592592592593,0.6777777777777778,0.01851851851851849
g1,AM/PM,auditory_direction,26,0.711651678851006,1.0351297146923724,0.6666666666666667,0.6703703703703704,0.0037037037037036535
g1,AM/PM,auditory_direction,27,0.7763472860192793,1.0351297146923724,0.6203703703703703,0.6203703703703705,1.1102230246251565e-16
g1,AM/PM,auditory_direction,28,0.8410428931875525,1.0351297146923724,0.6148148148148149,0.5981481481481481,-0.01666666666666683
g1,AM/PM,auditory_direction,29,0.9057385003558258,1.0351297146923724,0.6111111111111113,0.5703703703703704,-0.040740740740740855
g1,AM/PM,auditory_direction,30,0.9704341075240992,1.0351297146923724,0.55,0.5740740740740742,0.024074074074074137
g1,AM/PM,auditory_direction,31,1.0351297146923724,1.0351297146923724,0.6074074074074074,0.6092592592592592,0.0018518518518517713
g1,AM/PM,auditory_direction,32,1.0998253218606455,1.0351297146923724,0.6055555555555555,0.6222222222222223,0.01666666666666683
g1,AM/PM,auditory_direction,33,1.164520929028919,1.0351297146923724,0.6222222222222223,0.625925925925926,0.0037037037037036535
g1,AM/PM,auditory_direction,34,1.229216536197192,1.0351297146923724,0.6074074074074074,0.612962962962963,0.005555555555555647
g1,AM/PM,auditory_direction,35,1.2939121433654657,1.0351297146923724,0.5962962962962963,0.6277777777777779,0.031481481481481555
g1,AM/PM,auditory_direction,36,1.3586077505337386,1.0351297146923724,0.5907407407407407,0.6203703703703705,0.029629629629629783
g1,AM/PM,auditory_direction,37,1.423303357702012,1.0351297146923724,0.5666666666666667,0.5722222222222222,0.005555555555555536
g1,AM/PM,auditory_direction,38,1.4879989648702852,1.0351297146923724,0.5407407407407407,0.5851851851851853,0.04444444444444451
g1,AM/PM,auditory_direction,39,1.5526945720385583,1.0351297146923724,0.5444444444444445,0.5851851851851853,0.040740740740740744
g1,AM/PM,auditory_direction,40,1.6173901792068317,1.0351297146923724,0.5333333333333334,0.5203703703703704,-0.012962962962963065
g1,AM/PM,auditory_direction,41,1.682085786375105,1.0351297146923724,0.5666666666666667,0.5240740740740741,-0.042592592592592515
g1,AM/PM,auditory_direction,42,1.7467813935433782,1.0351297146923724,0.5814814814814815,0.5425925925925925,-0.03888888888888897
g1,AM/PM,auditory_direction,43,1.8114770007116516,1.0351297146923724,0.55,0.524074074074074,-0.02592592592592602
g1,AM/PM,auditory_direction,44,1.8761726078799248,1.0351297146923724,0.512962962962963,0.4925925925925926,-0.020370370370370372
g1,AM/PM,auditory_direction,45,1.9408682150481984,1.0351297146923724,0.5111111111111113,0.4944444444444444,-0.016666666666666885
g1,AM/PM,auditory_direction,46,2.0055638222164713,1.0351297146923724,0.5222222222222223,0.5351851851851852,0.012962962962962954
g1,AM/PM,congruency,0,-0.9704341075240992,1.0351297146923724,0.5361111111111112,0.4916666666666666,-0.04444444444444462
g1,AM/PM,congruency,1,-0.9057385003558258,1.0351297146923724,0.4666666666666667,0.4916666666666667,0.025000000000000022
g1,AM/PM,congruency,2,-0.8410428931875525,1.0351297146923724,0.5472222222222222,0.4611111111111111,-0.08611111111111108
g1,AM/PM,congruency,3,-0.7763472860192793,1.0351297146923724,0.5138888888888888,0.5000000000000001,-0.013888888888888729
g1,AM/PM,congruency,4,-0.711651678851006,1.0351297146923724,0.5361111111111111,0.4916666666666667,-0.0444444444444444
g1,AM/PM,congruency,5,-0.6469560716827327,1.0351297146923724,0.5111111111111111,0.4722222222222222,-0.03888888888888886
g1,AM/PM,congruency,6,-0.5822604645144595,1.0351297146923724,0.475,0.4916666666666666,0.016666666666666607
g1,AM/PM,congruency,7,-0.5175648573461862,1.0351297146923724,0.5166666666666667,0.4555555555555555,-0.06111111111111123
g1,AM/PM,congruency,8,-0.4528692501779129,1.0351297146923724,0.5361111111111112,0.5277777777777777,-0.008333333333333526
g1,AM/PM,congruency,9,-0.3881736430096396,1.0351297146923724,0.4916666666666666,0.5111111111111111,0.019444444444444486
g1,AM/PM,congruency,10,-0.3234780358413663,1.0351297146923724,0.45,0.4805555555555555,0.030555555555555503
g1,AM/PM,congruency,11,-0.2587824286730931,1.0351297146923724,0.5111111111111112,0.4916666666666666,-0.019444444444444597
g1,AM/PM,congruency,12,-0.1940868215048198,1.0351297146923724,0.5388888888888889,0.5583333333333333,0.019444444444444486
g1,AM/PM,congruency,13,-0.1293912143365465,1.0351297146923724,0.4916666666666667,0.4555555555555555,-0.036111111111111205
g1,AM/PM,congruency,14,-0.0646956071682732,1.0351297146923724,0.4944444444444443,0.4833333333333333,-0.011111111111111016
g1,AM/PM,congruency,15,0.0,1.0351297146923724,0.5,0.5,0.0
g1,AM/PM,congruency,16,0.0646956071682732,1.0351297146923724,0.5277777777777778,0.4583333333333333,-0.06944444444444448
g1,AM/PM,congruency,17,0.1293912143365465,1.0351297146923724,0.5194444444444445,0.5055555555555555,-0.01388888888888895
g1,AM/PM,congruency,18,0.1940868215048198,1.0351297146923724,0.525,0.4555555555555555,-0.06944444444444453
g1,AM/PM,congruency,19,0.2587824286730931,1.0351297146923724,0.5027777777777779,0.513888888888889,0.011111111111111072
g1,AM/PM,congruency,20,0.3234780358413663,1.0351297146923724,0.5166666666666666,0.5083333333333334,-0.008333333333333193
g1,AM/PM,congruency,21,0.3881736430096396,1.0351297146923724,0.4583333333333333,0.5055555555555555,0.04722222222222222
g1,AM/PM,congruency,22,0.4528692501779129,1.0351297146923724,0.4805555555555555,0.4666666666666667,-0.01388888888888884
g1,AM/PM,congruency,23,0.5175648573461862,1.0351297146923724,0.4527777777777778,0.5361111111111111,0.08333333333333331
g1,AM/PM,congruency,24,0.5822604645144595,1.0351297146923724,0.4722222222222222,0.5000000000000001,0.0277777777777779
g1,AM/PM,congruency,25,0.6469560716827327,1.0351297146923724,0.4972222222222222,0.4777777777777777,-0.019444444444444486
g1,AM/PM,congruency,26,0.711651678851006,1.0351297146923724,0.4861111111111111,0.5055555555555555,0.01944444444444443
g1,AM/PM,congruency,27,0.7763472860192793,1.0351297146923724,0.4527777777777778,0.5111111111111112,0.058333333333333404
g1,AM/PM,congruency,28,0.8410428931875525,1.0351297146923724,0.4722222222222222,0.4972222222222222,0.024999999999999967
g1,AM/PM,congruency,29,0.9057385003558258,1.0351297146923724,0.4805555555555555,0.4555555555555555,-0.025000000000000022
g1,AM/PM,congruency,30,0.9704341075240992,1.0351297146923724,0.4555555555555555,0.5055555555555555,0.050000000000000044
g1,AM/PM,congruency,31,1.0351297146923724,1.0351297146923724,0.5222222222222221,0.4888888888888889,-0.03333333333333327
g1,AM/PM,congruency,32,1.0998253218606455,1.0351297146923724,0.5194444444444444,0.5111111111111111,-0.008333333333333304
g1,AM/PM,congruency,33,1.164520929028919,1.0351297146923724,0.4638888888888889,0.5277777777777779,0.063888888888889
g1,AM/PM,congruency,34,1.229216536197192,1.0351297146923724,0.5111111111111111,0.475,-0.036111111111111094
g1,AM/PM,congruency,35,1.2939121433654657,1.0351297146923724,0.5166666666666667,0.4916666666666667,-0.025000000000000022
g1,AM/PM,congruency,36,1.3586077505337386,1.0351297146923724,0.4305555555555555,0.4944444444444444,0.06388888888888888
g1,AM/PM,congruency,37,1.423303357702012,1.0351297146923724,0.4944444444444444,0.5805555555555555,0.08611111111111108
g1,AM/PM,congruency,38,1.4879989648702852,1.0351297146923724,0.475,0.5305555555555556,0.05555555555555558
g1,AM/PM,congruency,39,1.5526945720385583,1.0351297146923724,0.5027777777777778,0.4722222222222222,-0.030555555555555558
g1,AM/PM,congruency,40,1.6173901792068317,1.0351297146923724,0.4722222222222222,0.513888888888889,0.04166666666666674
g1,AM/PM,congruency,41,1.682085786375105,1.0351297146923724,0.538888888888889,0.4888888888888889,-0.0500000000000001
g1,AM/PM,congruency,42,1.7467813935433782,1.0351297146923724,0.4916666666666666,0.5666666666666667,0.07500000000000007
g1,AM/PM,congruency,43,1.8114770007116516,1.0351297146923724,0.4472222222222223,0.5361111111111112,0.0888888888888889
g1,AM/PM,congruency,44,1.8761726078799248,1.0351297146923724,0.5305555555555557,0.5083333333333334,-0.022222222222222254
g1,AM/PM,congruency,45,1.9408682150481984,1.0351297146923724,0.5111111111111111,0.5416666666666667,0.03055555555555567
g1,AM/PM,congruency,46,2.0055638222164713,1.0351297146923724,0.5277777777777778,0.5750000000000001,0.047222222222222276
g1,AM/PM,modality,0,-0.9704341075240992,1.0351297146923724,0.3249999999999999,0.3425925925925926,0.017592592592592715
g1,AM/PM,modality,1,-0.9057385003558258,1.0351297146923724,0.3287037037037037,0.3462962962962962,0.017592592592592493
g1,AM/PM,modality,2,-0.8410428931875525,1.0351297146923724,0.3296296296296296,0.3175925925925925,-0.012037037037037124
g1,AM/PM,modality,3,-0.7763472860192793,1.0351297146923724,0.3222222222222222,0.312962962962963,-0.00925925925925919
g1,AM/PM,modality,4,-0.711651678851006,1.0351297146923724,0.312037037037037,0.3259259259259259,0.013888888888888895
g1,AM/PM,modality,5,-0.6469560716827327,1.0351297146923724,0.3268518518518518,0.3342592592592592,0.007407407407407418
g1,AM/PM,modality,6,-0.5822604645144595,1.0351297146923724,0.325,0.3046296296296296,-0.020370370370370428
g1,AM/PM,modality,7,-0.5175648573461862,1.0351297146923724,0.3379629629629629,0.3277777777777778,-0.01018518518518513
g1,AM/PM,modality,8,-0.4528692501779129,1.0351297146923724,0.3268518518518518,0.3444444444444444,0.017592592592592604
g1,AM/PM,modality,9,-0.3881736430096396,1.0351297146923724,0.3231481481481481,0.3685185185185185,0.04537037037037045
g1,AM/PM,modality,10,-0.3234780358413663,1.0351297146923724,0.4037037037037037,0.3287037037037037,-0.07499999999999996
g1,AM/PM,modality,11,-0.2587824286730931,1.0351297146923724,0.3175925925925925,0.3333333333333333,0.015740740740740833
g1,AM/PM,modality,12,-0.1940868215048198,1.0351297146923724,0.3222222222222223,0.3277777777777778,0.00555555555555548
g1,AM/PM,modality,13,-0.1293912143365465,1.0351297146923724,0.3074074074074074,0.3787037037037036,0.07129629629629619
g1,AM/PM,modality,14,-0.0646956071682732,1.0351297146923724,0.312037037037037,0.3537037037037037,0.041666666666666685
g1,AM/PM,modality,15,0.0,1.0351297146923724,0.3268518518518518,0.3574074074074074,0.030555555555555614
g1,AM/PM,modality,16,0.0646956071682732,1.0351297146923724,0.3546296296296296,0.324074074074074,-0.030555555555555558
g1,AM/PM,modality,17,0.1293912143365465,1.0351297146923724,0.3351851851851851,0.3731481481481481,0.03796296296296303
g1,AM/PM,modality,18,0.1940868215048198,1.0351297146923724,0.362037037037037,0.425,0.062962962962963
g1,AM/PM,modality,19,0.2587824286730931,1.0351297146923724,0.4916666666666666,0.5768518518518518,0.08518518518518525
g1,AM/PM,modality,20,0.3234780358413663,1.0351297146923724,0.5657407407407408,0.5425925925925925,-0.02314814814814825
g1,AM/PM,modality,21,0.3881736430096396,1.0351297146923724,0.5518518518518519,0.5592592592592592,0.007407407407407307
g1,AM/PM,modality,22,0.4528692501779129,1.0351297146923724,0.5472222222222223,0.5462962962962963,-0.0009259259259259967
g1,AM/PM,modality,23,0.5175648573461862,1.0351297146923724,0.5888888888888889,0.5592592592592592,-0.029629629629629672
g1,AM/PM,modality,24,0.5822604645144595,1.0351297146923724,0.624074074074074,0.5287037037037037,-0.09537037037037033
g1,AM/PM,modality,25,0.6469560716827327,1.0351297146923724,0.6212962962962962,0.55,-0.07129629629629619
g1,AM/PM,modality,26,0.711651678851006,1.0351297146923724,0.6453703703703704,0.5444444444444445,-0.10092592592592586
g1,AM/PM,modality,27,0.7763472860192793,1.0351297146923724,0.6,0.5944444444444444,-0.005555555555555536
g1,AM/PM,modality,28,0.8410428931875525,1.0351297146923724,0.6027777777777779,0.6055555555555555,0.002777777777777657
g1,AM/PM,modality,29,0.9057385003558258,1.0351297146923724,0.6666666666666667,0.6157407407407407,-0.05092592592592604
g1,AM/PM,modality,30,0.9704341075240992,1.0351297146923724,0.6407407407407407,0.6074074074074074,-0.033333333333333326
g1,AM/PM,modality,31,1.0351297146923724,1.0351297146923724,0.6462962962962963,0.624074074074074,-0.022222222222222254
g1,AM/PM,modality,32,1.0998253218606455,1.0351297146923724,0.6824074074074074,0.6361111111111111,-0.04629629629629628
g1,AM/PM,modality,33,1.164520929028919,1.0351297146923724,0.6935185185185186,0.65,-0.04351851851851862
g1,AM/PM,modality,34,1.229216536197192,1.0351297146923724,0.6629629629629631,0.6129629629629629,-0.050000000000000155
g1,AM/PM,modality,35,1.2939121433654657,1.0351297146923724,0.6824074074074074,0.6287037037037038,-0.05370370370370359
g1,AM/PM,modality,36,1.3586077505337386,1.0351297146923724,0.6472222222222223,0.6490740740740741,0.0018518518518518823
g1,AM/PM,modality,37,1.423303357702012,1.0351297146923724,0.6398148148148147,0.6074074074074074,-0.03240740740740733
g1,AM/PM,modality,38,1.4879989648702852,1.0351297146923724,0.5962962962962963,0.6333333333333334,0.03703703703703709
g1,AM/PM,modality,39,1.5526945720385583,1.0351297146923724,0.6083333333333333,0.562962962962963,-0.04537037037037028
g1,AM/PM,modality,40,1.6173901792068317,1.0351297146923724,0.5472222222222223,0.586111111111111,0.03888888888888875
g1,AM/PM,modality,41,1.682085786375105,1.0351297146923724,0.537037037037037,0.5564814814814815,0.019444444444444486
g1,AM/PM,modality,42,1.7467813935433782,1.0351297146923724,0.5685185185185185,0.5666666666666667,-0.0018518518518518823
g1,AM/PM,modality,43,1.8114770007116516,1.0351297146923724,0.5444444444444445,0.5361111111111111,-0.008333333333333415
g1,AM/PM,modality,44,1.8761726078799248,1.0351297146923724,0.5166666666666667,0.5259259259259259,0.00925925925925919
g1,AM/PM,modality,45,1.9408682150481984,1.0351297146923724,0.4796296296296296,0.4722222222222221,-0.007407407407407474
g1,AM/PM,modality,46,2.0055638222164713,1.0351297146923724,0.487037037037037,0.4435185185185185,-0.04351851851851851
g1,AM/PM,trial_type,0,-0.9704341075240992,1.0351297146923724,0.1291666666666666,0.1208333333333333,-0.00833333333333329
g1,AM/PM,trial_type,1,-0.9057385003558258,1.0351297146923724,0.1333333333333333,0.1055555555555555,-0.027777777777777804
g1,AM/PM,trial_type,2,-0.8410428931875525,1.0351297146923724,0.1291666666666666,0.1111111111111111,-0.01805555555555549
g1,AM/PM,trial_type,3,-0.7763472860192793,1.0351297146923724,0.1333333333333333,0.1194444444444444,-0.013888888888888909
g1,AM/PM,trial_type,4,-0.711651678851006,1.0351297146923724,0.1125,0.1097222222222222,-0.0027777777777778095
g1,AM/PM,trial_type,5,-0.6469560716827327,1.0351297146923724,0.1125,0.1333333333333333,0.0208333333333333
g1,AM/PM,trial_type,6,-0.5822604645144595,1.0351297146923724,0.1152777777777777,0.1291666666666666,0.013888888888888895
g1,AM/PM,trial_type,7,-0.5175648573461862,1.0351297146923724,0.1194444444444444,0.1180555555555555,-0.0013888888888888978
g1,AM/PM,trial_type,8,-0.4528692501779129,1.0351297146923724,0.1277777777777777,0.1541666666666666,0.02638888888888888
g1,AM/PM,trial_type,9,-0.3881736430096396,1.0351297146923724,0.1138888888888888,0.1083333333333333,-0.005555555555555508
g1,AM/PM,trial_type,10,-0.3234780358413663,1.0351297146923724,0.1375,0.1152777777777777,-0.02222222222222231
g1,AM/PM,trial_type,11,-0.2587824286730931,1.0351297146923724,0.1041666666666666,0.1277777777777777,0.02361111111111111
g1,AM/PM,trial_type,12,-0.1940868215048198,1.0351297146923724,0.125,0.1277777777777777,0.0027777777777777124
g1,AM/PM,trial_type,13,-0.1293912143365465,1.0351297146923724,0.1069444444444444,0.1597222222222222,0.05277777777777781
g1,AM/PM,trial_type,14,-0.0646956071682732,1.0351297146923724,0.0944444444444444,0.1347222222222222,0.04027777777777779
g1,AM/PM,trial_type,15,0.0,1.0351297146923724,0.1194444444444444,0.1180555555555555,-0.0013888888888888978
g1,AM/PM,trial_type,16,0.0646956071682732,1.0351297146923724,0.1125,0.1430555555555555,0.03055555555555549
g1,AM/PM,trial_type,17,0.1293912143365465,1.0351297146923724,0.1180555555555555,0.1305555555555555,0.012500000000000011
g1,AM/PM,trial_type,18,0.1940868215048198,1.0351297146923724,0.1819444444444444,0.1805555555555555,-0.0013888888888889117
g1,AM/PM,trial_type,19,0.2587824286730931,1.0351297146923724,0.275,0.2541666666666667,-0.020833333333333315
g1,AM/PM,trial_type,20,0.3234780358413663,1.0351297146923724,0.3013888888888889,0.2611111111111111,-0.040277777777777746
g1,AM/PM,trial_type,21,0.3881736430096396,1.0351297146923724,0.3402777777777778,0.2736111111111111,-0.06666666666666671
g1,AM/PM,trial_type,22,0.4528692501779129,1.0351297146923724,0.3527777777777777,0.2902777777777777,-0.0625
g1,AM/PM,trial_type,23,0.5175648573461862,1.0351297146923724,0.3541666666666666,0.3083333333333333,-0.04583333333333328
g1,AM/PM,trial_type,24,0.5822604645144595,1.0351297146923724,0.3694444444444444,0.2833333333333334,-0.08611111111111103
g1,AM/PM,trial_type,25,0.6469560716827327,1.0351297146923724,0.3416666666666667,0.2861111111111111,-0.05555555555555558
g1,AM/PM,trial_type,26,0.711651678851006,1.0351297146923724,0.3319444444444444,0.2583333333333333,-0.07361111111111107
g1,AM/PM,trial_type,27,0.7763472860192793,1.0351297146923724,0.3416666666666667,0.3,-0.041666666666666685
g1,AM/PM,trial_type,28,0.8410428931875525,1.0351297146923724,0.2916666666666667,0.2722222222222222,-0.019444444444444486
g1,AM/PM,trial_type,29,0.9057385003558258,1.0351297146923724,0.2861111111111111,0.2708333333333333,-0.015277777777777779
g1,AM/PM,trial_type,30,0.9704341075240992,1.0351297146923724,0.3333333333333333,0.275,-0.05833333333333329
g1,AM/PM,trial_type,31,1.0351297146923724,1.0351297146923724,0.3236111111111112,0.2930555555555555,-0.03055555555555567
g1,AM/PM,trial_type,32,1.0998253218606455,1.0351297146923724,0.3166666666666666,0.3152777777777777,-0.001388888888888884
g1,AM/PM,trial_type,33,1.164520929028919,1.0351297146923724,0.3388888888888889,0.3055555555555555,-0.03333333333333338
g1,AM/PM,trial_type,34,1.229216536197192,1.0351297146923724,0.3375,0.323611111111111,-0.013888888888889006
g1,AM/PM,trial_type,35,1.2939121433654657,1.0351297146923724,0.3097222222222222,0.325,0.015277777777777835
g1,AM/PM,trial_type,36,1.3586077505337386,1.0351297146923724,0.3138888888888889,0.3,-0.013888888888888895
g1,AM/PM,trial_type,37,1.423303357702012,1.0351297146923724,0.2736111111111111,0.2847222222222222,0.011111111111111127
g1,AM/PM,trial_type,38,1.4879989648702852,1.0351297146923724,0.2638888888888889,0.275,0.011111111111111127
g1,AM/PM,trial_type,39,1.5526945720385583,1.0351297146923724,0.2458333333333333,0.2722222222222222,0.026388888888888906
g1,AM/PM,trial_type,40,1.6173901792068317,1.0351297146923724,0.2041666666666666,0.2819444444444444,0.07777777777777778
g1,AM/PM,trial_type,41,1.682085786375105,1.0351297146923724,0.2222222222222221,0.2458333333333333,0.023611111111111194
g1,AM/PM,trial_type,42,1.7467813935433782,1.0351297146923724,0.2486111111111111,0.2180555555555555,-0.030555555555555586
g1,AM/PM,trial_type,43,1.8114770007116516,1.0351297146923724,0.2305555555555555,0.2541666666666667,0.023611111111111194
g1,AM/PM,trial_type,44,1.8761726078799248,1.0351297146923724,0.1888888888888888,0.2041666666666666,0.015277777777777807
g1,AM/PM,trial_type,45,1.9408682150481984,1.0351297146923724,0.2055555555555555,0.2333333333333333,0.027777777777777818
g1,AM/PM,trial_type,46,2.0055638222164713,1.0351297146923724,0.1986111111111111,0.1888888888888888,-0.009722222222222299
g1,AM/PM,visual_direction,0,-0.9704341075240992,1.0351297146923724,0.5018518518518518,0.5314814814814814,0.029629629629629672
g1,AM/PM,visual_direction,1,-0.9057385003558258,1.0351297146923724,0.5407407407407407,0.4703703703703703,-0.07037037037037042
g1,AM/PM,visual_direction,2,-0.8410428931875525,1.0351297146923724,0.4944444444444444,0.4814814814814815,-0.012962962962962898
g1,AM/PM,visual_direction,3,-0.7763472860192793,1.0351297146923724,0.4796296296296296,0.4444444444444445,-0.0351851851851851
g1,AM/PM,visual_direction,4,-0.711651678851006,1.0351297146923724,0.4925925925925926,0.4888888888888888,-0.0037037037037037646
g1,AM/PM,visual_direction,5,-0.6469560716827327,1.0351297146923724,0.4851851851851852,0.4925925925925926,0.007407407407407363
g1,AM/PM,visual_direction,6,-0.5822604645144595,1.0351297146923724,0.4925925925925926,0.4277777777777778,-0.06481481481481477
g1,AM/PM,visual_direction,7,-0.5175648573461862,1.0351297146923724,0.4925925925925926,0.474074074074074,-0.0185185185185186
g1,AM/PM,visual_direction,8,-0.4528692501779129,1.0351297146923724,0.5074074074074073,0.4851851851851852,-0.022222222222222088
g1,AM/PM,visual_direction,9,-0.3881736430096396,1.0351297146923724,0.5259259259259259,0.4981481481481482,-0.027777777777777735
g1,AM/PM,visual_direction,10,-0.3234780358413663,1.0351297146923724,0.4944444444444444,0.5203703703703704,0.025925925925925963
g1,AM/PM,visual_direction,11,-0.2587824286730931,1.0351297146923724,0.4518518518518519,0.4944444444444443,0.042592592592592404
g1,AM/PM,visual_direction,12,-0.1940868215048198,1.0351297146923724,0.4796296296296297,0.5351851851851852,0.055555555555555525
g1,AM/PM,visual_direction,13,-0.1293912143365465,1.0351297146923724,0.5,0.5018518518518519,0.0018518518518518823
g1,AM/PM,visual_direction,14,-0.0646956071682732,1.0351297146923724,0.4833333333333333,0.5037037037037037,0.020370370370370372
g1,AM/PM,visual_direction,15,0.0,1.0351297146923724,0.4703703703703703,0.5018518518518518,0.031481481481481444
g1,AM/PM,visual_direction,16,0.0646956071682732,1.0351297146923724,0.4777777777777777,0.4962962962962963,0.0185185185185186
g1,AM/PM,visual_direction,17,0.1293912143365465,1.0351297146923724,0.4962962962962962,0.5074074074074073,0.011111111111111127
g1,AM/PM,visual_direction,18,0.1940868215048198,1.0351297146923724,0.5055555555555555,0.5499999999999999,0.0444444444444444
g1,AM/PM,visual_direction,19,0.2587824286730931,1.0351297146923724,0.6574074074074074,0.6314814814814815,-0.025925925925925908
g1,AM/PM,visual_direction,20,0.3234780358413663,1.0351297146923724,0.7592592592592592,0.6814814814814815,-0.07777777777777772
g1,AM/PM,visual_direction,21,0.3881736430096396,1.0351297146923724,0.8222222222222222,0.6277777777777779,-0.1944444444444443
g1,AM/PM,visual_direction,22,0.4528692501779129,1.0351297146923724,0.8166666666666667,0.5740740740740741,-0.24259259259259258
g1,AM/PM,visual_direction,23,0.5175648573461862,1.0351297146923724,0.7574074074074074,0.6166666666666666,-0.14074074074074083
g1,AM/PM,visual_direction,24,0.5822604645144595,1.0351297146923724,0.7074074074074075,0.5685185185185185,-0.13888888888888895
g1,AM/PM,visual_direction,25,0.6469560716827327,1.0351297146923724,0.675925925925926,0.6092592592592594,-0.06666666666666665
g1,AM/PM,visual_direction,26,0.711651678851006,1.0351297146923724,0.6425925925925926,0.5888888888888889,-0.0537037037037037
g1,AM/PM,visual_direction,27,0.7763472860192793,1.0351297146923724,0.6555555555555556,0.55,-0.10555555555555551
g1,AM/PM,visual_direction,28,0.8410428931875525,1.0351297146923724,0.6166666666666667,0.5703703703703703,-0.04629629629629639
g1,AM/PM,visual_direction,29,0.9057385003558258,1.0351297146923724,0.5518518518518519,0.6074074074074074,0.05555555555555547
g1,AM/PM,visual_direction,30,0.9704341075240992,1.0351297146923724,0.5888888888888889,0.6166666666666668,0.0277777777777779
g1,AM/PM,visual_direction,31,1.0351297146923724,1.0351297146923724,0.6314814814814815,0.6333333333333333,0.0018518518518517713
g1,AM/PM,visual_direction,32,1.0998253218606455,1.0351297146923724,0.6092592592592592,0.6148148148148148,0.005555555555555647
g1,AM/PM,visual_direction,33,1.164520929028919,1.0351297146923724,0.6222222222222222,0.6166666666666666,-0.005555555555555647
g1,AM/PM,visual_direction,34,1.229216536197192,1.0351297146923724,0.6537037037037037,0.6407407407407406,-0.012962962962963065
g1,AM/PM,visual_direction,35,1.2939121433654657,1.0351297146923724,0.6222222222222222,0.6481481481481483,0.02592592592592602
g1,AM/PM,visual_direction,36,1.3586077505337386,1.0351297146923724,0.6611111111111111,0.6722222222222222,0.011111111111111072
g1,AM/PM,visual_direction,37,1.423303357702012,1.0351297146923724,0.5925925925925926,0.638888888888889,0.04629629629629639
g1,AM/PM,visual_direction,38,1.4879989648702852,1.0351297146923724,0.5740740740740742,0.6277777777777777,0.053703703703703476
g1,AM/PM,visual_direction,39,1.5526945720385583,1.0351297146923724,0.548148148148148,0.6296296296296295,0.08148148148148149
g1,AM/PM,visual_direction,40,1.6173901792068317,1.0351297146923724,0.5740740740740741,0.6166666666666667,0.042592592592592626
g1,AM/PM,visual_direction,41,1.682085786375105,1.0351297146923724,0.5518518518518518,0.6703703703703704,0.11851851851851858
g1,AM/PM,visual_direction,42,1.7467813935433782,1.0351297146923724,0.5,0.5796296296296296,0.0796296296296296
g1,AM/PM,visual_direction,43,1.8114770007116516,1.0351297146923724,0.5777777777777777,0.6037037037037037,0.02592592592592602
g1,AM/PM,visual_direction,44,1.8761726078799248,1.0351297146923724,0.5240740740740741,0.5851851851851853,0.061111111111111116
g1,AM/PM,visual_direction,45,1.9408682150481984,1.0351297146923724,0.512962962962963,0.5833333333333334,0.07037037037037042
g1,AM/PM,visual_direction,46,2.0055638222164713,1.0351297146923724,0.5055555555555555,0.5907407407407408,0.08518518518518525
g1,A/RL/AL,auditory_direction,0,-0.9704341075240992,1.0351297146923724,0.503968253968254,0.5095679012345679,0.005599647266313901
g1,A/RL/AL,auditory_direction,1,-0.9057385003558258,1.0351297146923724,0.4978835978835979,0.5138888888888888,0.016005291005290967
g1,A/RL/AL,auditory_direction,2,-0.8410428931875525,1.0351297146923724,0.5103174603174603,0.5212962962962963,0.010978835978835977
g1,A/RL/AL,auditory_direction,3,-0.7763472860192793,1.0351297146923724,0.4976190476190476,0.5037037037037037,0.006084656084656026
g1,A/RL/AL,auditory_direction,4,-0.711651678851006,1.0351297146923724,0.4976190476190476,0.4839506172839505,-0.013668430335097126
g1,A/RL/AL,auditory_direction,5,-0.6469560716827327,1.0351297146923724,0.4994708994708995,0.5092592592592593,0.00978835978835979
g1,A/RL/AL,auditory_direction,6,-0.5822604645144595,1.0351297146923724,0.4928571428571429,0.5012345679012346,0.008377425044091669
g1,A/RL/AL,auditory_direction,7,-0.5175648573461862,1.0351297146923724,0.514021164021164,0.5061728395061729,-0.007848324514991178
g1,A/RL/AL,auditory_direction,8,-0.4528692501779129,1.0351297146923724,0.4962962962962963,0.5185185185185185,0.0222222222222222
g1,A/RL/AL,auditory_direction,9,-0.3881736430096396,1.0351297146923724,0.4920634920634921,0.4771604938271604,-0.014902998236331677
g1,A/RL/AL,auditory_direction,10,-0.3234780358413663,1.0351297146923724,0.5074074074074074,0.5037037037037037,-0.0037037037037037646
g1,A/RL/AL,auditory_direction,11,-0.2587824286730931,1.0351297146923724,0.5113756613756614,0.4959876543209876,-0.015388007054673747
g1,A/RL/AL,auditory_direction,12,-0.1940868215048198,1.0351297146923724,0.511904761904762,0.5083333333333333,-0.0035714285714286698
g1,A/RL/AL,auditory_direction,13,-0.1293912143365465,1.0351297146923724,0.503968253968254,0.5175925925925926,0.01362433862433865
g1,A/RL/AL,auditory_direction,14,-0.0646956071682732,1.0351297146923724,0.5007936507936508,0.512962962962963,0.012169312169312163
g1,A/RL/AL,auditory_direction,15,0.0,1.0351297146923724,0.4917989417989418,0.4993827160493826,0.007583774250440822
g1,A/RL/AL,auditory_direction,16,0.0646956071682732,1.0351297146923724,0.5042328042328043,0.4996913580246914,-0.004541446208112865
g1,A/RL/AL,auditory_direction,17,0.1293912143365465,1.0351297146923724,0.511904761904762,0.5095679012345679,-0.0023368606701941186
g1,A/RL/AL,auditory_direction,18,0.1940868215048198,1.0351297146923724,0.5198412698412699,0.5262345679012346,0.006393298059964692
g1,A/RL/AL,auditory_direction,19,0.2587824286730931,1.0351297146923724,0.5928571428571427,0.5669753086419753,-0.025881834215167432
g1,A/RL/AL,auditory_direction,20,0.3234780358413663,1.0351297146923724,0.6105820105820107,0.6043209876543211,-0.006261022927689597
g1,A/RL/AL,auditory_direction,21,0.3881736430096396,1.0351297146923724,0.6039682539682539,0.6012345679012346,-0.002733686067019292
g1,A/RL/AL,auditory_direction,22,0.4528692501779129,1.0351297146923724,0.6047619047619047,0.6,-0.004761904761904745
g1,A/RL/AL,auditory_direction,23,0.5175648573461862,1.0351297146923724,0.6171957671957672,0.6351851851851852,0.017989417989418
g1,A/RL/AL,auditory_direction,24,0.5822604645144595,1.0351297146923724,0.6256613756613757,0.6228395061728396,-0.002821869488536133
g1,A/RL/AL,auditory_direction,25,0.6469560716827327,1.0351297146923724,0.6261904761904763,0.6395061728395061,0.013315696649029762
g1,A/RL/AL,auditory_direction,26,0.711651678851006,1.0351297146923724,0.6211640211640211,0.6166666666666667,-0.004497354497354444
g1,A/RL/AL,auditory_direction,27,0.7763472860192793,1.0351297146923724,0.6082010582010582,0.6240740740740741,0.015873015873015928
g1,A/RL/AL,auditory_direction,28,0.8410428931875525,1.0351297146923724,0.6,0.5873456790123457,-0.012654320987654288
g1,A/RL/AL,auditory_direction,29,0.9057385003558258,1.0351297146923724,0.5857142857142856,0.5787037037037037,-0.007010582010581912
g1,A/RL/AL,auditory_direction,30,0.9704341075240992,1.0351297146923724,0.5894179894179894,0.562962962962963,-0.026455026455026398
g1,A/RL/AL,auditory_direction,31,1.0351297146923724,1.0351297146923724,0.5857142857142856,0.5728395061728394,-0.012874779541446224
g1,A/RL/AL,auditory_direction,32,1.0998253218606455,1.0351297146923724,0.5846560846560847,0.5932098765432099,0.00855379188712524
g1,A/RL/AL,auditory_direction,33,1.164520929028919,1.0351297146923724,0.5944444444444444,0.6027777777777777,0.008333333333333304
g1,A/RL/AL,auditory_direction,34,1.229216536197192,1.0351297146923724,0.584126984126984,0.6033950617283951,0.019268077601411027
g1,A/RL/AL,auditory_direction,35,1.2939121433654657,1.0351297146923724,0.6,0.5895061728395062,-0.01049382716049374
g1,A/RL/AL,auditory_direction,36,1.3586077505337386,1.0351297146923724,0.5857142857142856,0.5919753086419753,0.006261022927689708
g1,A/RL/AL,auditory_direction,37,1.423303357702012,1.0351297146923724,0.5785714285714285,0.5842592592592593,0.005687830687830742
g1,A/RL/AL,auditory_direction,38,1.4879989648702852,1.0351297146923724,0.5706349206349206,0.5712962962962963,0.000661375661375696
g1,A/RL/AL,auditory_direction,39,1.5526945720385583,1.0351297146923724,0.5658730158730159,0.5725308641975309,0.006657848324514992
g1,A/RL/AL,auditory_direction,40,1.6173901792068317,1.0351297146923724,0.5796296296296296,0.5651234567901234,-0.01450617283950617
g1,A/RL/AL,auditory_direction,41,1.682085786375105,1.0351297146923724,0.5761904761904761,0.5626543209876543,-0.013536155202821809
g1,A/RL/AL,auditory_direction,42,1.7467813935433782,1.0351297146923724,0.5687830687830688,0.5555555555555556,-0.013227513227513255
g1,A/RL/AL,auditory_direction,43,1.8114770007116516,1.0351297146923724,0.5603174603174603,0.5379629629629629,-0.02235449735449746
g1,A/RL/AL,auditory_direction,44,1.8761726078799248,1.0351297146923724,0.5753968253968254,0.5546296296296296,-0.020767195767195767
g1,A/RL/AL,auditory_direction,45,1.9408682150481984,1.0351297146923724,0.5417989417989418,0.5561728395061728,0.014373897707230965
g1,A/RL/AL,auditory_direction,46,2.0055638222164713,1.0351297146923724,0.5507936507936508,0.553395061728395,0.002601410934744197
g1,A/RL/AL,congruency,0,-0.9704341075240992,1.0351297146923724,0.490079365079365,0.5148148148148147,0.02473544973544972
g1,A/RL/AL,congruency,1,-0.9057385003558258,1.0351297146923724,0.4936507936507937,0.4944444444444444,0.0007936507936507353
g1,A/RL/AL,congruency,2,-0.8410428931875525,1.0351297146923724,0.5023809523809524,0.5152777777777778,0.012896825396825462
g1,A/RL/AL,congruency,3,-0.7763472860192793,1.0351297146923724,0.4928571428571429,0.5050925925925925,0.012235449735449655
g1,A/RL/AL,congruency,4,-0.711651678851006,1.0351297146923724,0.4746031746031746,0.4833333333333333,0.0087301587301587
g1,A/RL/AL,congruency,5,-0.6469560716827327,1.0351297146923724,0.494047619047619,0.4921296296296296,-0.0019179894179894297
g1,A/RL/AL,congruency,6,-0.5822604645144595,1.0351297146923724,0.5031746031746032,0.4796296296296296,-0.02354497354497359
g1,A/RL/AL,congruency,7,-0.5175648573461862,1.0351297146923724,0.5146825396825397,0.5138888888888888,-0.0007936507936509019
g1,A/RL/AL,congruency,8,-0.4528692501779129,1.0351297146923724,0.5095238095238095,0.4939814814814815,-0.015542328042327969
g1,A/RL/AL,congruency,9,-0.3881736430096396,1.0351297146923724,0.478968253968254,0.4972222222222222,0.01825396825396819
g1,A/RL/AL,congruency,10,-0.3234780358413663,1.0351297146923724,0.5015873015873016,0.525,0.02341269841269844
g1,A/RL/AL,congruency,11,-0.2587824286730931,1.0351297146923724,0.5107142857142858,0.5273148148148148,0.016600529100529005
g1,A/RL/AL,congruency,12,-0.1940868215048198,1.0351297146923724,0.5015873015873016,0.5157407407407407,0.01415343915343914
g1,A/RL/AL,congruency,13,-0.1293912143365465,1.0351297146923724,0.501984126984127,0.4893518518518518,-0.012632275132275161
g1,A/RL/AL,congruency,14,-0.0646956071682732,1.0351297146923724,0.5063492063492063,0.5263888888888889,0.02003968253968258
g1,A/RL/AL,congruency,15,0.0,1.0351297146923724,0.4956349206349206,0.5041666666666667,0.008531746031746057
g1,A/RL/AL,congruency,16,0.0646956071682732,1.0351297146923724,0.4781746031746032,0.5092592592592593,0.031084656084656104
g1,A/RL/AL,congruency,17,0.1293912143365465,1.0351297146923724,0.5063492063492064,0.5171296296296296,0.010780423280423168
g1,A/RL/AL,congruency,18,0.1940868215048198,1.0351297146923724,0.5170634920634921,0.4828703703703703,-0.03419312169312183
g1,A/RL/AL,congruency,19,0.2587824286730931,1.0351297146923724,0.4988095238095238,0.4939814814814814,-0.004828042328042403
g1,A/RL/AL,congruency,20,0.3234780358413663,1.0351297146923724,0.4892857142857142,0.4875,-0.0017857142857142239
g1,A/RL/AL,congruency,21,0.3881736430096396,1.0351297146923724,0.484920634920635,0.4810185185185185,-0.0039021164021164623
g1,A/RL/AL,congruency,22,0.4528692501779129,1.0351297146923724,0.5087301587301587,0.4796296296296296,-0.029100529100529127
g1,A/RL/AL,congruency,23,0.5175648573461862,1.0351297146923724,0.5067460317460317,0.5060185185185184,-0.0007275132275132989
g1,A/RL/AL,congruency,24,0.5822604645144595,1.0351297146923724,0.4948412698412698,0.5087962962962963,0.013955026455026498
g1,A/RL/AL,congruency,25,0.6469560716827327,1.0351297146923724,0.5075396825396825,0.4805555555555555,-0.026984126984127
g1,A/RL/AL,congruency,26,0.711651678851006,1.0351297146923724,0.5027777777777779,0.4805555555555555,-0.022222222222222365
g1,A/RL/AL,congruency,27,0.7763472860192793,1.0351297146923724,0.494047619047619,0.4851851851851852,-0.008862433862433794
g1,A/RL/AL,congruency,28,0.8410428931875525,1.0351297146923724,0.5015873015873016,0.4837962962962963,-0.017791005291005302
g1,A/RL/AL,congruency,29,0.9057385003558258,1.0351297146923724,0.4952380952380952,0.4777777777777778,-0.0174603174603174
g1,A/RL/AL,congruency,30,0.9704341075240992,1.0351297146923724,0.4912698412698413,0.4953703703703703,0.0041005291005289934
g1,A/RL/AL,congruency,31,1.0351297146923724,1.0351297146923724,0.4805555555555555,0.4694444444444444,-0.011111111111111127
g1,A/RL/AL,congruency,32,1.0998253218606455,1.0351297146923724,0.4757936507936508,0.4847222222222222,0.008928571428571397
g1,A/RL/AL,congruency,33,1.164520929028919,1.0351297146923724,0.4896825396825397,0.5055555555555555,0.015873015873015817
g1,A/RL/AL,congruency,34,1.229216536197192,1.0351297146923724,0.490079365079365,0.5120370370370371,0.021957671957672065
g1,A/RL/AL,congruency,35,1.2939121433654657,1.0351297146923724,0.501984126984127,0.4949074074074074,-0.00707671957671957
g1,A/RL/AL,congruency,36,1.3586077505337386,1.0351297146923724,0.503968253968254,0.5125000000000001,0.008531746031746112
g1,A/RL/AL,congruency,37,1.423303357702012,1.0351297146923724,0.4976190476190476,0.4875,-0.010119047619047639
g1,A/RL/AL,congruency,38,1.4879989648702852,1.0351297146923724,0.4956349206349206,0.4921296296296296,-0.0035052910052910113
g1,A/RL/AL,congruency,39,1.5526945720385583,1.0351297146923724,0.5007936507936508,0.4824074074074074,-0.018386243386243395
g1,A/RL/AL,congruency,40,1.6173901792068317,1.0351297146923724,0.5158730158730159,0.4898148148148148,-0.026058201058201114
g1,A/RL/AL,congruency,41,1.682085786375105,1.0351297146923724,0.5079365079365079,0.4875,-0.02043650793650792
g1,A/RL/AL,congruency,42,1.7467813935433782,1.0351297146923724,0.4916666666666666,0.487037037037037,-0.004629629629629595
g1,A/RL/AL,congruency,43,1.8114770007116516,1.0351297146923724,0.5103174603174603,0.4953703703703704,-0.014947089947089875
g1,A/RL/AL,congruency,44,1.8761726078799248,1.0351297146923724,0.4972222222222222,0.499537037037037,0.002314814814814825
g1,A/RL/AL,congruency,45,1.9408682150481984,1.0351297146923724,0.5134920634920636,0.5032407407407408,-0.010251322751322789
g1,A/RL/AL,congruency,46,2.0055638222164713,1.0351297146923724,0.490079365079365,0.500462962962963,0.010383597883597995
g1,A/RL/AL,modality,0,-0.9704341075240992,1.0351297146923724,0.3374338624338624,0.3294753086419753,-0.007958553791887146
g1,A/RL/AL,modality,1,-0.9057385003558258,1.0351297146923724,0.3304232804232804,0.3339506172839506,0.003527336860670194
g1,A/RL/AL,modality,2,-0.8410428931875525,1.0351297146923724,0.3394179894179894,0.3396604938271605,0.00024250440917111815
g1,A/RL/AL,modality,3,-0.7763472860192793,1.0351297146923724,0.3355820105820105,0.3404320987654321,0.004850088183421641
g1,A/RL/AL,modality,4,-0.711651678851006,1.0351297146923724,0.3322751322751323,0.3324074074074074,0.0001322751322750948
g1,A/RL/AL,modality,5,-0.6469560716827327,1.0351297146923724,0.3367724867724868,0.3361111111111111,-0.000661375661375696
g1,A/RL/AL,modality,6,-0.5822604645144595,1.0351297146923724,0.3338624338624338,0.3433641975308641,0.009501763668430308
g1,A/RL/AL,modality,7,-0.5175648573461862,1.0351297146923724,0.3272486772486772,0.3354938271604938,0.00824514991181663
g1,A/RL/AL,modality,8,-0.4528692501779129,1.0351297146923724,0.3427248677248677,0.3376543209876543,-0.0050705467372134105
g1,A/RL/AL,modality,9,-0.3881736430096396,1.0351297146923724,0.3255291005291005,0.3385802469135802,0.013051146384479684
g1,A/RL/AL,modality,10,-0.3234780358413663,1.0351297146923724,0.3353174603174603,0.3381172839506173,0.002799823633157006
g1,A/RL/AL,modality,11,-0.2587824286730931,1.0351297146923724,0.3342592592592592,0.3350308641975308,0.0007716049382716084
g1,A/RL/AL,modality,12,-0.1940868215048198,1.0351297146923724,0.342063492063492,0.3523148148148148,0.010251322751322789
g1,A/RL/AL,modality,13,-0.1293912143365465,1.0351297146923724,0.332936507936508,0.3334876543209876,0.0005511463844796172
g1,A/RL/AL,modality,14,-0.0646956071682732,1.0351297146923724,0.3284391534391534,0.3421296296296296,0.013690476190476197
g1,A/RL/AL,modality,15,0.0,1.0351297146923724,0.3445767195767196,0.3347222222222222,-0.009854497354497394
g1,A/RL/AL,modality,16,0.0646956071682732,1.0351297146923724,0.3373015873015873,0.3461419753086419,0.008840388007054556
g1,A/RL/AL,modality,17,0.1293912143365465,1.0351297146923724,0.3362433862433862,0.3546296296296296,0.018386243386243395
g1,A/RL/AL,modality,18,0.1940868215048198,1.0351297146923724,0.3648148148148148,0.4137345679012346,0.04891975308641977
g1,A/RL/AL,modality,19,0.2587824286730931,1.0351297146923724,0.4915343915343915,0.5876543209876544,0.09611992945326286
g1,A/RL/AL,modality,20,0.3234780358413663,1.0351297146923724,0.5134920634920634,0.6242283950617283,0.11073633156966489
g1,A/RL/AL,modality,21,0.3881736430096396,1.0351297146923724,0.5297619047619048,0.6319444444444444,0.10218253968253965
g1,A/RL/AL,modality,22,0.4528692501779129,1.0351297146923724,0.5644179894179894,0.6669753086419754,0.10255731922398603
g1,A/RL/AL,modality,23,0.5175648573461862,1.0351297146923724,0.5933862433862434,0.6794753086419753,0.0860890652557319
g1,A/RL/AL,modality,24,0.5822604645144595,1.0351297146923724,0.5830687830687831,0.6933641975308641,0.11029541446208102
g1,A/RL/AL,modality,25,0.6469560716827327,1.0351297146923724,0.5928571428571429,0.7270061728395062,0.13414902998236333
g1,A/RL/AL,modality,26,0.711651678851006,1.0351297146923724,0.6031746031746031,0.7282407407407407,0.1250661375661376
g1,A/RL/AL,modality,27,0.7763472860192793,1.0351297146923724,0.6044973544973544,0.7441358024691359,0.1396384479717815
g1,A/RL/AL,modality,28,0.8410428931875525,1.0351297146923724,0.6121693121693121,0.7575617283950616,0.1453924162257495
g1,A/RL/AL,modality,29,0.9057385003558258,1.0351297146923724,0.620899470899471,0.7484567901234568,0.12755731922398583
g1,A/RL/AL,modality,30,0.9704341075240992,1.0351297146923724,0.6146825396825397,0.7549382716049382,0.14025573192239849
g1,A/RL/AL,modality,31,1.0351297146923724,1.0351297146923724,0.6321428571428571,0.7702160493827162,0.13807319223985903
g1,A/RL/AL,modality,32,1.0998253218606455,1.0351297146923724,0.6207671957671957,0.7648148148148147,0.14404761904761898
g1,A/RL/AL,modality,33,1.164520929028919,1.0351297146923724,0.6312169312169312,0.7609567901234567,0.1297398589065255
g1,A/RL/AL,modality,34,1.229216536197192,1.0351297146923724,0.6407407407407407,0.7617283950617284,0.12098765432098768
g1,A/RL/AL,modality,35,1.2939121433654657,1.0351297146923724,0.6337301587301587,0.7461419753086419,0.1124118165784832
g1,A/RL/AL,modality,36,1.3586077505337386,1.0351297146923724,0.6252645502645503,0.7495370370370371,0.12427248677248681
g1,A/RL/AL,modality,37,1.423303357702012,1.0351297146923724,0.6108465608465609,0.736574074074074,0.1257275132275132
g1,A/RL/AL,modality,38,1.4879989648702852,1.0351297146923724,0.6078042328042328,0.7106481481481483,0.10284391534391546
g1,A/RL/AL,modality,39,1.5526945720385583,1.0351297146923724,0.6011904761904762,0.7092592592592593,0.10806878306878309
g1,A/RL/AL,modality,40,1.6173901792068317,1.0351297146923724,0.5943121693121692,0.6908950617283951,0.09658289241622586
g1,A/RL/AL,modality,41,1.682085786375105,1.0351297146923724,0.5835978835978836,0.6807098765432098,0.09711199294532624
g1,A/RL/AL,modality,42,1.7467813935433782,1.0351297146923724,0.5671957671957671,0.6638888888888889,0.09669312169312172
g1,A/RL/AL,modality,43,1.8114770007116516,1.0351297146923724,0.5656084656084656,0.6641975308641975,0.09858906525573197
g1,A/RL/AL,modality,44,1.8761726078799248,1.0351297146923724,0.5555555555555556,0.6574074074074073,0.10185185185185175
g1,A/RL/AL,modality,45,1.9408682150481984,1.0351297146923724,0.5502645502645502,0.6282407407407408,0.07797619047619053
g1,A/RL/AL,modality,46,2.0055638222164713,1.0351297146923724,0.5215608465608466,0.6104938271604938,0.08893298059964727
g1,A/RL/AL,trial_type,0,-0.9704341075240992,1.0351297146923724,0.1303571428571428,0.1256944444444444,-0.004662698412698424
g1,A/RL/AL,trial_type,1,-0.9057385003558258,1.0351297146923724,0.1255952380952381,0.1247685185185185,-0.0008267195767195923
g1,A/RL/AL,trial_type,2,-0.8410428931875525,1.0351297146923724,0.1194444444444444,0.1310185185185185,0.011574074074074112
g1,A/RL/AL,trial_type,3,-0.7763472860192793,1.0351297146923724,0.1236111111111111,0.1159722222222222,-0.007638888888888903
g1,A/RL/AL,trial_type,4,-0.711651678851006,1.0351297146923724,0.1222222222222222,0.1196759259259259,-0.0025462962962963104
g1,A/RL/AL,trial_type,5,-0.6469560716827327,1.0351297146923724,0.125,0.1254629629629629,0.0004629629629628873
g1,A/RL/AL,trial_type,6,-0.5822604645144595,1.0351297146923724,0.1277777777777777,0.117824074074074,-0.009953703703703715
g1,A/RL/AL,trial_type,7,-0.5175648573461862,1.0351297146923724,0.1271825396825396,0.1219907407407407,-0.005191798941798886
g1,A/RL/AL,trial_type,8,-0.4528692501779129,1.0351297146923724,0.1253968253968254,0.1226851851851851,-0.00271164021164029
g1,A/RL/AL,trial_type,9,-0.3881736430096396,1.0351297146923724,0.1144841269841269,0.1185185185185185,0.004034391534391599
g1,A/RL/AL,trial_type,10,-0.3234780358413663,1.0351297146923724,0.1186507936507936,0.1314814814814814,0.01283068783068779
g1,A/RL/AL,trial_type,11,-0.2587824286730931,1.0351297146923724,0.1228174603174603,0.1238425925925925,0.0010251322751322067
g1,A/RL/AL,trial_type,12,-0.1940868215048198,1.0351297146923724,0.1281746031746031,0.1300925925925926,0.0019179894179894852
g1,A/RL/AL,trial_type,13,-0.1293912143365465,1.0351297146923724,0.1287698412698412,0.1164351851851851,-0.012334656084656101
g1,A/RL/AL,trial_type,14,-0.0646956071682732,1.0351297146923724,0.127579365079365,0.1236111111111111,-0.003968253968253885
g1,A/RL/AL,trial_type,15,0.0,1.0351297146923724,0.1220238095238095,0.1247685185185185,0.002744708994708994
g1,A/RL/AL,trial_type,16,0.0646956071682732,1.0351297146923724,0.1188492063492063,0.1305555555555555,0.011706349206349206
g1,A/RL/AL,trial_type,17,0.1293912143365465,1.0351297146923724,0.1279761904761904,0.1280092592592592,3.3068783068801455e-05
g1,A/RL/AL,trial_type,18,0.1940868215048198,1.0351297146923724,0.1547619047619047,0.1625,0.007738095238095294
g1,A/RL/AL,trial_type,19,0.2587824286730931,1.0351297146923724,0.2285714285714286,0.2509259259259259,0.022354497354497294
g1,A/RL/AL,trial_type,20,0.3234780358413663,1.0351297146923724,0.2799603174603174,0.2749999999999999,-0.004960317460317498
g1,A/RL/AL,trial_type,21,0.3881736430096396,1.0351297146923724,0.2944444444444444,0.3129629629629629,0.01851851851851849
g1,A/RL/AL,trial_type,22,0.4528692501779129,1.0351297146923724,0.3341269841269841,0.3516203703703704,0.01749338624338631
g1,A/RL/AL,trial_type,23,0.5175648573461862,1.0351297146923724,0.3553571428571428,0.368287037037037,0.012929894179894208
g1,A/RL/AL,trial_type,24,0.5822604645144595,1.0351297146923724,0.3507936507936508,0.3972222222222222,0.046428571428571375
g1,A/RL/AL,trial_type,25,0.6469560716827327,1.0351297146923724,0.3521825396825396,0.40625,0.0540674603174604
g1,A/RL/AL,trial_type,26,0.711651678851006,1.0351297146923724,0.3615079365079365,0.4074074074074074,0.045899470899470884
g1,A/RL/AL,trial_type,27,0.7763472860192793,1.0351297146923724,0.3513888888888888,0.4187499999999999,0.0673611111111111
g1,A/RL/AL,trial_type,28,0.8410428931875525,1.0351297146923724,0.3515873015873015,0.3956018518518518,0.04401455026455031
g1,A/RL/AL,trial_type,29,0.9057385003558258,1.0351297146923724,0.346031746031746,0.3879629629629629,0.041931216931216875
g1,A/RL/AL,trial_type,30,0.9704341075240992,1.0351297146923724,0.3327380952380952,0.3849537037037037,0.052215608465608465
g1,A/RL/AL,trial_type,31,1.0351297146923724,1.0351297146923724,0.3484126984126984,0.3918981481481481,0.04348544973544971
g1,A/RL/AL,trial_type,32,1.0998253218606455,1.0351297146923724,0.3345238095238095,0.4168981481481482,0.08237433862433868
g1,A/RL/AL,trial_type,33,1.164520929028919,1.0351297146923724,0.354563492063492,0.4291666666666667,0.07460317460317467
g1,A/RL/AL,trial_type,34,1.229216536197192,1.0351297146923724,0.35,0.4099537037037037,0.05995370370370373
g1,A/RL/AL,trial_type,35,1.2939121433654657,1.0351297146923724,0.3543650793650794,0.4141203703703703,0.05975529100529092
g1,A/RL/AL,trial_type,36,1.3586077505337386,1.0351297146923724,0.3329365079365079,0.4131944444444444,0.0802579365079365
g1,A/RL/AL,trial_type,37,1.423303357702012,1.0351297146923724,0.3359126984126984,0.3935185185185185,0.057605820105820105
g1,A/RL/AL,trial_type,38,1.4879989648702852,1.0351297146923724,0.3375,0.3814814814814815,0.043981481481481455
g1,A/RL/AL,trial_type,39,1.5526945720385583,1.0351297146923724,0.3347222222222222,0.3733796296296296,0.03865740740740742
g1,A/RL/AL,trial_type,40,1.6173901792068317,1.0351297146923724,0.3281746031746032,0.3592592592592592,0.031084656084656048
g1,A/RL/AL,trial_type,41,1.682085786375105,1.0351297146923724,0.3115079365079364,0.3363425925925926,0.02483465608465618
g1,A/RL/AL,trial_type,42,1.7467813935433782,1.0351297146923724,0.3121031746031746,0.331712962962963,0.019609788359788383
g1,A/RL/AL,trial_type,43,1.8114770007116516,1.0351297146923724,0.3017857142857142,0.3300925925925926,0.02830687830687839
g1,A/RL/AL,trial_type,44,1.8761726078799248,1.0351297146923724,0.3019841269841269,0.3166666666666666,0.014682539682539686
g1,A/RL/AL,trial_type,45,1.9408682150481984,1.0351297146923724,0.2839285714285714,0.3067129629629629,0.02278439153439149
g1,A/RL/AL,trial_type,46,2.0055638222164713,1.0351297146923724,0.2734126984126984,0.2990740740740741,0.025661375661375718
g1,A/RL/AL,visual_direction,0,-0.9704341075240992,1.0351297146923724,0.4828042328042328,0.4904320987654321,0.007627865961199298
g1,A/RL/AL,visual_direction,1,-0.9057385003558258,1.0351297146923724,0.502910052910053,0.5132716049382716,0.010361552028218646
g1,A/RL/AL,visual_direction,2,-0.8410428931875525,1.0351297146923724,0.5042328042328043,0.5175925925925925,0.013359788359788238
g1,A/RL/AL,visual_direction,3,-0.7763472860192793,1.0351297146923724,0.502910052910053,0.5083333333333333,0.00542328042328033
g1,A/RL/AL,visual_direction,4,-0.711651678851006,1.0351297146923724,0.4994708994708994,0.4981481481481482,-0.0013227513227512255
g1,A/RL/AL,visual_direction,5,-0.6469560716827327,1.0351297146923724,0.501058201058201,0.5012345679012346,0.00017636684303357075
g1,A/RL/AL,visual_direction,6,-0.5822604645144595,1.0351297146923724,0.5124338624338625,0.4972222222222222,-0.015211640211640287
g1,A/RL/AL,visual_direction,7,-0.5175648573461862,1.0351297146923724,0.5203703703703704,0.5046296296296297,-0.015740740740740722
g1,A/RL/AL,visual_direction,8,-0.4528692501779129,1.0351297146923724,0.5171957671957672,0.5012345679012346,-0.015961199294532658
g1,A/RL/AL,visual_direction,9,-0.3881736430096396,1.0351297146923724,0.48994708994709,0.5024691358024691,0.012522045855379083
g1,A/RL/AL,visual_direction,10,-0.3234780358413663,1.0351297146923724,0.5052910052910053,0.5009259259259259,-0.004365079365079461
g1,A/RL/AL,visual_direction,11,-0.2587824286730931,1.0351297146923724,0.494973544973545,0.4938271604938272,-0.0011463844797178213
g1,A/RL/AL,visual_direction,12,-0.1940868215048198,1.0351297146923724,0.4904761904761905,0.516358024691358,0.025881834215167543
g1,A/RL/AL,visual_direction,13,-0.1293912143365465,1.0351297146923724,0.4923280423280424,0.512037037037037,0.019708994708994565
g1,A/RL/AL,visual_direction,14,-0.0646956071682732,1.0351297146923724,0.5161375661375661,0.4808641975308642,-0.03527336860670194
g1,A/RL/AL,visual_direction,15,0.0,1.0351297146923724,0.5044973544973544,0.5348765432098765,0.0303791887125221
g1,A/RL/AL,visual_direction,16,0.0646956071682732,1.0351297146923724,0.5023809523809524,0.513888888888889,0.011507936507936578
g1,A/RL/AL,visual_direction,17,0.1293912143365465,1.0351297146923724,0.4970899470899471,0.512962962962963,0.015873015873015872
g1,A/RL/AL,visual_direction,18,0.1940868215048198,1.0351297146923724,0.5126984126984127,0.5033950617283951,-0.009303350970017554
g1,A/RL/AL,visual_direction,19,0.2587824286730931,1.0351297146923724,0.5626984126984127,0.5561728395061728,-0.006525573192239897
g1,A/RL/AL,visual_direction,20,0.3234780358413663,1.0351297146923724,0.6603174603174603,0.5904320987654321,-0.06988536155202818
g1,A/RL/AL,visual_direction,21,0.3881736430096396,1.0351297146923724,0.6981481481481481,0.6697530864197532,-0.0283950617283949
g1,A/RL/AL,visual_direction,22,0.4528692501779129,1.0351297146923724,0.7357142857142858,0.7117283950617285,-0.023985890652557296
g1,A/RL/AL,visual_direction,23,0.5175648573461862,1.0351297146923724,0.7452380952380953,0.7444444444444445,-0.0007936507936507908
g1,A/RL/AL,visual_direction,24,0.5822604645144595,1.0351297146923724,0.7346560846560847,0.7641975308641976,0.029541446208112943
g1,A/RL/AL,visual_direction,25,0.6469560716827327,1.0351297146923724,0.7417989417989419,0.7811728395061728,0.039373897707230876
g1,A/RL/AL,visual_direction,26,0.711651678851006,1.0351297146923724,0.7410052910052911,0.7858024691358024,0.04479717813051132
g1,A/RL/AL,visual_direction,27,0.7763472860192793,1.0351297146923724,0.7288359788359788,0.7842592592592593,0.055423280423280485
g1,A/RL/AL,visual_direction,28,0.8410428931875525,1.0351297146923724,0.7251322751322752,0.7481481481481481,0.023015873015872934
g1,A/RL/AL,visual_direction,29,0.9057385003558258,1.0351297146923724,0.7158730158730159,0.7462962962962963,0.030423280423280463
g1,A/RL/AL,visual_direction,30,0.9704341075240992,1.0351297146923724,0.710846560846561,0.7645061728395062,0.05365961199294522
g1,A/RL/AL,visual_direction,31,1.0351297146923724,1.0351297146923724,0.7100529100529102,0.7537037037037037,0.043650793650793496
g1,A/RL/AL,visual_direction,32,1.0998253218606455,1.0351297146923724,0.7261904761904762,0.7870370370370371,0.060846560846560926
g1,A/RL/AL,visual_direction,33,1.164520929028919,1.0351297146923724,0.7198412698412698,0.7907407407407407,0.0708994708994709
g1,A/RL/AL,visual_direction,34,1.229216536197192,1.0351297146923724,0.728042328042328,0.7916666666666666,0.06362433862433858
g1,A/RL/AL,visual_direction,35,1.2939121433654657,1.0351297146923724,0.72010582010582,0.7959876543209877,0.0758818342151677
g1,A/RL/AL,visual_direction,36,1.3586077505337386,1.0351297146923724,0.7111111111111111,0.7799382716049382,0.06882716049382709
g1,A/RL/AL,visual_direction,37,1.423303357702012,1.0351297146923724,0.7063492063492064,0.7780864197530865,0.07173721340388006
g1,A/RL/AL,visual_direction,38,1.4879989648702852,1.0351297146923724,0.7079365079365079,0.7645061728395062,0.05656966490299831
g1,A/RL/AL,visual_direction,39,1.5526945720385583,1.0351297146923724,0.7148148148148149,0.7700617283950617,0.055246913580246804
g1,A/RL/AL,visual_direction,40,1.6173901792068317,1.0351297146923724,0.7042328042328043,0.7462962962962963,0.042063492063492025
g1,A/RL/AL,visual_direction,41,1.682085786375105,1.0351297146923724,0.7066137566137566,0.7327160493827161,0.02610229276895948
g1,A/RL/AL,visual_direction,42,1.7467813935433782,1.0351297146923724,0.6957671957671957,0.7209876543209877,0.025220458553791958
g1,A/RL/AL,visual_direction,43,1.8114770007116516,1.0351297146923724,0.683068783068783,0.7169753086419752,0.03390652557319218
g1,A/RL/AL,visual_direction,44,1.8761726078799248,1.0351297146923724,0.6788359788359788,0.6975308641975309,0.01869488536155206
g1,A/RL/AL,visual_direction,45,1.9408682150481984,1.0351297146923724,0.6798941798941799,0.6981481481481482,0.0182539682539683
g1,A/RL/AL,visual_direction,46,2.0055638222164713,1.0351297146923724,0.6732804232804233,0.6876543209876543,0.014373897707231076
g1,LM,auditory_direction,0,-0.9704341075240992,1.0351297146923724,0.4712962962962963,0.5138888888888888,0.042592592592592515
g1,LM,auditory_direction,1,-0.9057385003558258,1.0351297146923724,0.5101851851851851,0.5,-0.010185185185185075
g1,LM,auditory_direction,2,-0.8410428931875525,1.0351297146923724,0.4833333333333334,0.4925925925925926,0.00925925925925919
g1,LM,auditory_direction,3,-0.7763472860192793,1.0351297146923724,0.5138888888888888,0.4907407407407407,-0.02314814814814814
g1,LM,auditory_direction,4,-0.711651678851006,1.0351297146923724,0.5222222222222223,0.474074074074074,-0.04814814814814827
g1,LM,auditory_direction,5,-0.6469560716827327,1.0351297146923724,0.5,0.4981481481481482,-0.0018518518518518268
g1,LM,auditory_direction,6,-0.5822604645144595,1.0351297146923724,0.5083333333333333,0.4861111111111111,-0.0222222222222222
g1,LM,auditory_direction,7,-0.5175648573461862,1.0351297146923724,0.5083333333333333,0.5037037037037038,-0.004629629629629539
g1,LM,auditory_direction,8,-0.4528692501779129,1.0351297146923724,0.5111111111111111,0.4787037037037037,-0.032407407407407385
g1,LM,auditory_direction,9,-0.3881736430096396,1.0351297146923724,0.5120370370370371,0.4925925925925926,-0.019444444444444486
g1,LM,auditory_direction,10,-0.3234780358413663,1.0351297146923724,0.5185185185185185,0.4898148148148148,-0.028703703703703676
g1,LM,auditory_direction,11,-0.2587824286730931,1.0351297146923724,0.5157407407407407,0.5425925925925927,0.026851851851852016
g1,LM,auditory_direction,12,-0.1940868215048198,1.0351297146923724,0.5194444444444445,0.5287037037037037,0.00925925925925919
g1,LM,auditory_direction,13,-0.1293912143365465,1.0351297146923724,0.5351851851851852,0.5,-0.03518518518518521
g1,LM,auditory_direction,14,-0.0646956071682732,1.0351297146923724,0.4972222222222222,0.5157407407407407,0.018518518518518545
g1,LM,auditory_direction,15,0.0,1.0351297146923724,0.4842592592592593,0.5055555555555555,0.021296296296296258
g1,LM,auditory_direction,16,0.0646956071682732,1.0351297146923724,0.5055555555555555,0.5101851851851852,0.00462962962962965
g1,LM,auditory_direction,17,0.1293912143365465,1.0351297146923724,0.5444444444444445,0.5037037037037038,-0.040740740740740744
g1,LM,auditory_direction,18,0.1940868215048198,1.0351297146923724,0.4842592592592593,0.4759259259259258,-0.00833333333333347
g1,LM,auditory_direction,19,0.2587824286730931,1.0351297146923724,0.499074074074074,0.5046296296296297,0.005555555555555647
g1,LM,auditory_direction,20,0.3234780358413663,1.0351297146923724,0.5,0.4935185185185184,-0.006481481481481588
g1,LM,auditory_direction,21,0.3881736430096396,1.0351297146923724,0.4907407407407407,0.475,-0.015740740740740722
g1,LM,auditory_direction,22,0.4528692501779129,1.0351297146923724,0.5037037037037038,0.4916666666666667,-0.012037037037037068
g1,LM,auditory_direction,23,0.5175648573461862,1.0351297146923724,0.5018518518518519,0.4907407407407407,-0.011111111111111183
g1,LM,auditory_direction,24,0.5822604645144595,1.0351297146923724,0.5342592592592592,0.487037037037037,-0.04722222222222222
g1,LM,auditory_direction,25,0.6469560716827327,1.0351297146923724,0.487037037037037,0.4824074074074074,-0.004629629629629595
g1,LM,auditory_direction,26,0.711651678851006,1.0351297146923724,0.4925925925925926,0.4712962962962963,-0.021296296296296258
g1,LM,auditory_direction,27,0.7763472860192793,1.0351297146923724,0.5092592592592592,0.4916666666666667,-0.017592592592592493
g1,LM,auditory_direction,28,0.8410428931875525,1.0351297146923724,0.4935185185185185,0.5037037037037037,0.01018518518518513
g1,LM,auditory_direction,29,0.9057385003558258,1.0351297146923724,0.4962962962962963,0.5157407407407408,0.019444444444444542
g1,LM,auditory_direction,30,0.9704341075240992,1.0351297146923724,0.5157407407407408,0.45,-0.06574074074074082
g1,LM,auditory_direction,31,1.0351297146923724,1.0351297146923724,0.5120370370370371,0.4953703703703703,-0.016666666666666774
g1,LM,auditory_direction,32,1.0998253218606455,1.0351297146923724,0.5138888888888888,0.4981481481481481,-0.015740740740740722
g1,LM,auditory_direction,33,1.164520929028919,1.0351297146923724,0.5351851851851852,0.4870370370370371,-0.04814814814814811
g1,LM,auditory_direction,34,1.229216536197192,1.0351297146923724,0.512962962962963,0.487037037037037,-0.025925925925925963
g1,LM,auditory_direction,35,1.2939121433654657,1.0351297146923724,0.5287037037037037,0.4916666666666666,-0.03703703703703709
g1,LM,auditory_direction,36,1.3586077505337386,1.0351297146923724,0.5296296296296297,0.4888888888888888,-0.040740740740740855
g1,LM,auditory_direction,37,1.423303357702012,1.0351297146923724,0.4925925925925926,0.4685185185185185,-0.02407407407407408
g1,LM,auditory_direction,38,1.4879989648702852,1.0351297146923724,0.4861111111111111,0.4814814814814815,-0.004629629629629595
g1,LM,auditory_direction,39,1.5526945720385583,1.0351297146923724,0.4972222222222223,0.5027777777777778,0.00555555555555548
g1,LM,auditory_direction,40,1.6173901792068317,1.0351297146923724,0.512962962962963,0.4657407407407407,-0.047222222222222276
g1,LM,auditory_direction,41,1.682085786375105,1.0351297146923724,0.513888888888889,0.4879629629629629,-0.025925925925926074
g1,LM,auditory_direction,42,1.7467813935433782,1.0351297146923724,0.5,0.4555555555555556,-0.0444444444444444
g1,LM,auditory_direction,43,1.8114770007116516,1.0351297146923724,0.5444444444444444,0.4694444444444444,-0.07500000000000001
g1,LM,auditory_direction,44,1.8761726078799248,1.0351297146923724,0.4861111111111111,0.4425925925925925,-0.04351851851851862
g1,LM,auditory_direction,45,1.9408682150481984,1.0351297146923724,0.5194444444444444,0.4333333333333333,-0.08611111111111108
g1,LM,auditory_direction,46,2.0055638222164713,1.0351297146923724,0.5120370370370371,0.474074074074074,-0.03796296296296309
g1,LM,congruency,0,-0.9704341075240992,1.0351297146923724,0.5277777777777778,0.5361111111111112,0.008333333333333415
g1,LM,congruency,1,-0.9057385003558258,1.0351297146923724,0.526388888888889,0.5472222222222223,0.02083333333333326
g1,LM,congruency,2,-0.8410428931875525,1.0351297146923724,0.475,0.5013888888888889,0.026388888888888906
g1,LM,congruency,3,-0.7763472860192793,1.0351297146923724,0.4902777777777778,0.5249999999999999,0.0347222222222221
g1,LM,congruency,4,-0.711651678851006,1.0351297146923724,0.5138888888888888,0.5402777777777779,0.026388888888889017
g1,LM,congruency,5,-0.6469560716827327,1.0351297146923724,0.4944444444444444,0.4805555555555555,-0.013888888888888895
g1,LM,congruency,6,-0.5822604645144595,1.0351297146923724,0.5041666666666667,0.5152777777777777,0.011111111111111072
g1,LM,congruency,7,-0.5175648573461862,1.0351297146923724,0.5152777777777777,0.4416666666666667,-0.07361111111111102
g1,LM,congruency,8,-0.4528692501779129,1.0351297146923724,0.5041666666666667,0.5138888888888888,0.009722222222222188
g1,LM,congruency,9,-0.3881736430096396,1.0351297146923724,0.5472222222222223,0.4736111111111111,-0.07361111111111118
g1,LM,congruency,10,-0.3234780358413663,1.0351297146923724,0.4944444444444444,0.4722222222222222,-0.0222222222222222
g1,LM,congruency,11,-0.2587824286730931,1.0351297146923724,0.4833333333333333,0.4986111111111111,0.015277777777777835
g1,LM,congruency,12,-0.1940868215048198,1.0351297146923724,0.4819444444444444,0.5013888888888889,0.019444444444444486
g1,LM,congruency,13,-0.1293912143365465,1.0351297146923724,0.4722222222222222,0.5041666666666667,0.03194444444444444
g1,LM,congruency,14,-0.0646956071682732,1.0351297146923724,0.4861111111111111,0.5166666666666667,0.030555555555555614
g1,LM,congruency,15,0.0,1.0351297146923724,0.4861111111111111,0.4875,0.001388888888888884
g1,LM,congruency,16,0.0646956071682732,1.0351297146923724,0.4736111111111111,0.513888888888889,0.04027777777777786
g1,LM,congruency,17,0.1293912143365465,1.0351297146923724,0.5055555555555555,0.525,0.019444444444444486
g1,LM,congruency,18,0.1940868215048198,1.0351297146923724,0.5069444444444444,0.513888888888889,0.006944444444444531
g1,LM,congruency,19,0.2587824286730931,1.0351297146923724,0.4791666666666667,0.4763888888888889,-0.002777777777777768
g1,LM,congruency,20,0.3234780358413663,1.0351297146923724,0.4847222222222222,0.4583333333333332,-0.026388888888889017
g1,LM,congruency,21,0.3881736430096396,1.0351297146923724,0.4736111111111111,0.4819444444444444,0.008333333333333304
g1,LM,congruency,22,0.4528692501779129,1.0351297146923724,0.4791666666666666,0.5097222222222222,0.030555555555555614
g1,LM,congruency,23,0.5175648573461862,1.0351297146923724,0.5013888888888889,0.5027777777777778,0.001388888888888884
g1,LM,congruency,24,0.5822604645144595,1.0351297146923724,0.5027777777777778,0.4986111111111111,-0.004166666666666652
g1,LM,congruency,25,0.6469560716827327,1.0351297146923724,0.538888888888889,0.5069444444444444,-0.03194444444444455
g1,LM,congruency,26,0.711651678851006,1.0351297146923724,0.4972222222222221,0.4902777777777777,-0.00694444444444442
g1,LM,congruency,27,0.7763472860192793,1.0351297146923724,0.4736111111111112,0.448611111111111,-0.02500000000000019
g1,LM,congruency,28,0.8410428931875525,1.0351297146923724,0.4847222222222221,0.5083333333333333,0.023611111111111194
g1,LM,congruency,29,0.9057385003558258,1.0351297146923724,0.5013888888888889,0.4666666666666666,-0.034722222222222265
g1,LM,congruency,30,0.9704341075240992,1.0351297146923724,0.4777777777777777,0.4611111111111111,-0.016666666666666607
g1,LM,congruency,31,1.0351297146923724,1.0351297146923724,0.4777777777777778,0.4791666666666667,0.001388888888888884
g1,LM,congruency,32,1.0998253218606455,1.0351297146923724,0.4972222222222223,0.4888888888888889,-0.008333333333333415
g1,LM,congruency,33,1.164520929028919,1.0351297146923724,0.5208333333333334,0.4958333333333333,-0.025000000000000078
g1,LM,congruency,34,1.229216536197192,1.0351297146923724,0.4819444444444444,0.4819444444444444,0.0
g1,LM,congruency,35,1.2939121433654657,1.0351297146923724,0.4847222222222221,0.4791666666666667,-0.005555555555555425
g1,LM,congruency,36,1.3586077505337386,1.0351297146923724,0.5277777777777779,0.4972222222222222,-0.030555555555555725
g1,LM,congruency,37,1.423303357702012,1.0351297146923724,0.4597222222222222,0.4777777777777777,0.01805555555555549
g1,LM,congruency,38,1.4879989648702852,1.0351297146923724,0.4666666666666667,0.4527777777777778,-0.013888888888888895
g1,LM,congruency,39,1.5526945720385583,1.0351297146923724,0.4805555555555555,0.5277777777777778,0.047222222222222276
g1,LM,congruency,40,1.6173901792068317,1.0351297146923724,0.4583333333333333,0.4791666666666666,0.02083333333333326
g1,LM,congruency,41,1.682085786375105,1.0351297146923724,0.45,0.5458333333333334,0.09583333333333338
g1,LM,congruency,42,1.7467813935433782,1.0351297146923724,0.4777777777777777,0.4861111111111111,0.008333333333333415
g1,LM,congruency,43,1.8114770007116516,1.0351297146923724,0.4763888888888888,0.4597222222222222,-0.016666666666666607
g1,LM,congruency,44,1.8761726078799248,1.0351297146923724,0.4819444444444444,0.4930555555555555,0.011111111111111127
g1,LM,congruency,45,1.9408682150481984,1.0351297146923724,0.4722222222222222,0.4722222222222222,0.0
g1,LM,congruency,46,2.0055638222164713,1.0351297146923724,0.4638888888888889,0.4916666666666667,0.02777777777777779
g1,LM,modality,0,-0.9704341075240992,1.0351297146923724,0.337037037037037,0.3305555555555556,-0.0064814814814814214
g1,LM,modality,1,-0.9057385003558258,1.0351297146923724,0.3259259259259259,0.3259259259259259,0.0
g1,LM,modality,2,-0.8410428931875525,1.0351297146923724,0.3333333333333333,0.3212962962962963,-0.012037037037037013
g1,LM,modality,3,-0.7763472860192793,1.0351297146923724,0.3287037037037037,0.3388888888888889,0.010185185185185186
g1,LM,modality,4,-0.711651678851006,1.0351297146923724,0.3254629629629629,0.3458333333333333,0.020370370370370428
g1,LM,modality,5,-0.6469560716827327,1.0351297146923724,0.3300925925925926,0.3,-0.030092592592592615
g1,LM,modality,6,-0.5822604645144595,1.0351297146923724,0.3310185185185185,0.3296296296296296,-0.001388888888888884
g1,LM,modality,7,-0.5175648573461862,1.0351297146923724,0.3277777777777778,0.3342592592592592,0.0064814814814814214
g1,LM,modality,8,-0.4528692501779129,1.0351297146923724,0.3398148148148148,0.350462962962963,0.010648148148148184
g1,LM,modality,9,-0.3881736430096396,1.0351297146923724,0.3509259259259259,0.3319444444444444,-0.018981481481481544
g1,LM,modality,10,-0.3234780358413663,1.0351297146923724,0.3375,0.3342592592592592,-0.0032407407407408217
g1,LM,modality,11,-0.2587824286730931,1.0351297146923724,0.3328703703703703,0.3222222222222222,-0.010648148148148129
g1,LM,modality,12,-0.1940868215048198,1.0351297146923724,0.3259259259259259,0.3393518518518518,0.013425925925925897
g1,LM,modality,13,-0.1293912143365465,1.0351297146923724,0.3398148148148148,0.3425925925925926,0.0027777777777778234
g1,LM,modality,14,-0.0646956071682732,1.0351297146923724,0.350462962962963,0.3263888888888888,-0.024074074074074192
g1,LM,modality,15,0.0,1.0351297146923724,0.3296296296296296,0.3287037037037037,-0.0009259259259258856
g1,LM,modality,16,0.0646956071682732,1.0351297146923724,0.3282407407407407,0.3203703703703704,-0.007870370370370305
g1,LM,modality,17,0.1293912143365465,1.0351297146923724,0.3199074074074074,0.3263888888888888,0.006481481481481366
g1,LM,modality,18,0.1940868215048198,1.0351297146923724,0.3819444444444444,0.4115740740740741,0.029629629629629672
g1,LM,modality,19,0.2587824286730931,1.0351297146923724,0.4967592592592592,0.6546296296296296,0.15787037037037038
g1,LM,modality,20,0.3234780358413663,1.0351297146923724,0.4712962962962963,0.6537037037037037,0.18240740740740735
g1,LM,modality,21,0.3881736430096396,1.0351297146923724,0.4921296296296296,0.6680555555555554,0.17592592592592582
g1,LM,modality,22,0.4528692501779129,1.0351297146923724,0.4944444444444444,0.6976851851851851,0.20324074074074067
g1,LM,modality,23,0.5175648573461862,1.0351297146923724,0.4972222222222222,0.6981481481481482,0.200925925925926
g1,LM,modality,24,0.5822604645144595,1.0351297146923724,0.513425925925926,0.7074074074074075,0.19398148148148153
g1,LM,modality,25,0.6469560716827327,1.0351297146923724,0.5125,0.7273148148148147,0.2148148148148148
g1,LM,modality,26,0.711651678851006,1.0351297146923724,0.5143518518518518,0.7268518518518519,0.21250000000000002
g1,LM,modality,27,0.7763472860192793,1.0351297146923724,0.5111111111111111,0.7060185185185186,0.19490740740740753
g1,LM,modality,28,0.8410428931875525,1.0351297146923724,0.5180555555555556,0.7203703703703703,0.20231481481481473
g1,LM,modality,29,0.9057385003558258,1.0351297146923724,0.5115740740740741,0.7101851851851853,0.19861111111111118
g1,LM,modality,30,0.9704341075240992,1.0351297146923724,0.5300925925925926,0.7240740740740741,0.19398148148148153
g1,LM,modality,31,1.0351297146923724,1.0351297146923724,0.5185185185185186,0.7157407407407408,0.1972222222222222
g1,LM,modality,32,1.0998253218606455,1.0351297146923724,0.5388888888888889,0.7152777777777777,0.17638888888888882
g1,LM,modality,33,1.164520929028919,1.0351297146923724,0.5388888888888889,0.7180555555555554,0.17916666666666659
g1,LM,modality,34,1.229216536197192,1.0351297146923724,0.525462962962963,0.699537037037037,0.17407407407407394
g1,LM,modality,35,1.2939121433654657,1.0351297146923724,0.5083333333333333,0.6870370370370371,0.1787037037037038
g1,LM,modality,36,1.3586077505337386,1.0351297146923724,0.5217592592592593,0.6962962962962963,0.17453703703703705
g1,LM,modality,37,1.423303357702012,1.0351297146923724,0.5055555555555555,0.7027777777777777,0.1972222222222222
g1,LM,modality,38,1.4879989648702852,1.0351297146923724,0.5199074074074074,0.6962962962962963,0.17638888888888893
g1,LM,modality,39,1.5526945720385583,1.0351297146923724,0.5208333333333333,0.7157407407407408,0.19490740740740753
g1,LM,modality,40,1.6173901792068317,1.0351297146923724,0.5337962962962963,0.7013888888888888,0.16759259259259252
g1,LM,modality,41,1.682085786375105,1.0351297146923724,0.5162037037037037,0.675,0.15879629629629632
g1,LM,modality,42,1.7467813935433782,1.0351297146923724,0.5277777777777778,0.6745370370370372,0.14675925925925937
g1,LM,modality,43,1.8114770007116516,1.0351297146923724,0.5064814814814815,0.6708333333333333,0.16435185185185175
g1,LM,modality,44,1.8761726078799248,1.0351297146923724,0.5069444444444444,0.6870370370370371,0.1800925925925927
g1,LM,modality,45,1.9408682150481984,1.0351297146923724,0.5046296296296297,0.6824074074074074,0.1777777777777777
g1,LM,modality,46,2.0055638222164713,1.0351297146923724,0.4888888888888889,0.6597222222222221,0.17083333333333323
g1,LM,trial_type,0,-0.9704341075240992,1.0351297146923724,0.1277777777777777,0.1229166666666666,-0.004861111111111108
g1,LM,trial_type,1,-0.9057385003558258,1.0351297146923724,0.1222222222222222,0.1243055555555555,0.002083333333333298
g1,LM,trial_type,2,-0.8410428931875525,1.0351297146923724,0.1354166666666666,0.1416666666666666,0.0062500000000000056
g1,LM,trial_type,3,-0.7763472860192793,1.0351297146923724,0.1201388888888889,0.1076388888888889,-0.012500000000000011
g1,LM,trial_type,4,-0.711651678851006,1.0351297146923724,0.1277777777777777,0.1326388888888889,0.004861111111111177
g1,LM,trial_type,5,-0.6469560716827327,1.0351297146923724,0.1340277777777777,0.11875,-0.015277777777777696
g1,LM,trial_type,6,-0.5822604645144595,1.0351297146923724,0.1166666666666666,0.1277777777777777,0.011111111111111113
g1,LM,trial_type,7,-0.5175648573461862,1.0351297146923724,0.1430555555555555,0.1159722222222222,-0.027083333333333293
g1,LM,trial_type,8,-0.4528692501779129,1.0351297146923724,0.1069444444444444,0.1194444444444444,0.012499999999999997
g1,LM,trial_type,9,-0.3881736430096396,1.0351297146923724,0.1222222222222222,0.1055555555555555,-0.016666666666666705
g1,LM,trial_type,10,-0.3234780358413663,1.0351297146923724,0.1430555555555555,0.1159722222222222,-0.027083333333333293
g1,LM,trial_type,11,-0.2587824286730931,1.0351297146923724,0.1402777777777777,0.1354166666666666,-0.004861111111111094
g1,LM,trial_type,12,-0.1940868215048198,1.0351297146923724,0.1229166666666666,0.13125,0.008333333333333401
g1,LM,trial_type,13,-0.1293912143365465,1.0351297146923724,0.1388888888888889,0.1291666666666666,-0.009722222222222299
g1,LM,trial_type,14,-0.0646956071682732,1.0351297146923724,0.1361111111111111,0.11875,-0.017361111111111105
g1,LM,trial_type,15,0.0,1.0351297146923724,0.1312499999999999,0.1222222222222222,-0.00902777777777769
g1,LM,trial_type,16,0.0646956071682732,1.0351297146923724,0.1201388888888888,0.1201388888888888,0.0
g1,LM,trial_type,17,0.1293912143365465,1.0351297146923724,0.1326388888888888,0.13125,-0.0013888888888888007
g1,LM,trial_type,18,0.1940868215048198,1.0351297146923724,0.1583333333333333,0.1486111111111111,-0.009722222222222188
g1,LM,trial_type,19,0.2587824286730931,1.0351297146923724,0.1986111111111111,0.24375,0.045138888888888895
g1,LM,trial_type,20,0.3234780358413663,1.0351297146923724,0.1819444444444444,0.2499999999999999,0.06805555555555548
g1,LM,trial_type,21,0.3881736430096396,1.0351297146923724,0.2277777777777778,0.3104166666666667,0.08263888888888887
g1,LM,trial_type,22,0.4528692501779129,1.0351297146923724,0.2194444444444444,0.3347222222222222,0.11527777777777781
g1,LM,trial_type,23,0.5175648573461862,1.0351297146923724,0.2298611111111111,0.3513888888888888,0.1215277777777777
g1,LM,trial_type,24,0.5822604645144595,1.0351297146923724,0.2645833333333333,0.4055555555555555,0.14097222222222222
g1,LM,trial_type,25,0.6469560716827327,1.0351297146923724,0.2743055555555555,0.3756944444444444,0.10138888888888886
g1,LM,trial_type,26,0.711651678851006,1.0351297146923724,0.2381944444444444,0.3868055555555556,0.14861111111111122
g1,LM,trial_type,27,0.7763472860192793,1.0351297146923724,0.2465277777777778,0.3631944444444444,0.11666666666666659
g1,LM,trial_type,28,0.8410428931875525,1.0351297146923724,0.2493055555555555,0.3840277777777777,0.1347222222222222
g1,LM,trial_type,29,0.9057385003558258,1.0351297146923724,0.2513888888888889,0.3791666666666666,0.1277777777777777
g1,LM,trial_type,30,0.9704341075240992,1.0351297146923724,0.2756944444444444,0.4152777777777777,0.13958333333333328
g1,LM,trial_type,31,1.0351297146923724,1.0351297146923724,0.2638888888888889,0.4013888888888889,0.1375
g1,LM,trial_type,32,1.0998253218606455,1.0351297146923724,0.261111111111111,0.3909722222222222,0.1298611111111112
g1,LM,trial_type,33,1.164520929028919,1.0351297146923724,0.2736111111111111,0.3777777777777777,0.10416666666666663
g1,LM,trial_type,34,1.229216536197192,1.0351297146923724,0.2493055555555555,0.3840277777777777,0.1347222222222222
g1,LM,trial_type,35,1.2939121433654657,1.0351297146923724,0.261111111111111,0.3958333333333333,0.1347222222222223
g1,LM,trial_type,36,1.3586077505337386,1.0351297146923724,0.2583333333333333,0.3527777777777777,0.09444444444444439
g1,LM,trial_type,37,1.423303357702012,1.0351297146923724,0.2534722222222222,0.3597222222222222,0.10625000000000001
g1,LM,trial_type,38,1.4879989648702852,1.0351297146923724,0.2597222222222222,0.34375,0.08402777777777781
g1,LM,trial_type,39,1.5526945720385583,1.0351297146923724,0.2465277777777778,0.3951388888888889,0.14861111111111108
g1,LM,trial_type,40,1.6173901792068317,1.0351297146923724,0.26875,0.3402777777777778,0.0715277777777778
g1,LM,trial_type,41,1.682085786375105,1.0351297146923724,0.2486111111111111,0.3381944444444444,0.08958333333333332
g1,LM,trial_type,42,1.7467813935433782,1.0351297146923724,0.2631944444444444,0.3340277777777777,0.0708333333333333
g1,LM,trial_type,43,1.8114770007116516,1.0351297146923724,0.2472222222222222,0.3270833333333333,0.07986111111111108
g1,LM,trial_type,44,1.8761726078799248,1.0351297146923724,0.2347222222222222,0.3416666666666667,0.10694444444444448
g1,LM,trial_type,45,1.9408682150481984,1.0351297146923724,0.2361111111111111,0.3423611111111111,0.10625000000000001
g1,LM,trial_type,46,2.0055638222164713,1.0351297146923724,0.2326388888888889,0.3541666666666666,0.12152777777777768
g1,LM,visual_direction,0,-0.9704341075240992,1.0351297146923724,0.4925925925925926,0.4925925925925926,0.0
g1,LM,visual_direction,1,-0.9057385003558258,1.0351297146923724,0.5046296296296297,0.5,-0.00462962962962965
g1,LM,visual_direction,2,-0.8410428931875525,1.0351297146923724,0.499074074074074,0.5157407407407407,0.01666666666666672
g1,LM,visual_direction,3,-0.7763472860192793,1.0351297146923724,0.4824074074074073,0.5,0.017592592592592715
g1,LM,visual_direction,4,-0.711651678851006,1.0351297146923724,0.5027777777777778,0.5138888888888888,0.011111111111111072
g1,LM,visual_direction,5,-0.6469560716827327,1.0351297146923724,0.4888888888888889,0.5027777777777778,0.013888888888888895
g1,LM,visual_direction,6,-0.5822604645144595,1.0351297146923724,0.4583333333333333,0.5074074074074073,0.04907407407407399
g1,LM,visual_direction,7,-0.5175648573461862,1.0351297146923724,0.5240740740740741,0.4879629629629629,-0.03611111111111126
g1,LM,visual_direction,8,-0.4528692501779129,1.0351297146923724,0.5083333333333333,0.4777777777777777,-0.030555555555555614
g1,LM,visual_direction,9,-0.3881736430096396,1.0351297146923724,0.4944444444444444,0.5203703703703704,0.025925925925925963
g1,LM,visual_direction,10,-0.3234780358413663,1.0351297146923724,0.4768518518518518,0.4657407407407408,-0.011111111111111016
g1,LM,visual_direction,11,-0.2587824286730931,1.0351297146923724,0.4824074074074074,0.5,0.017592592592592604
g1,LM,visual_direction,12,-0.1940868215048198,1.0351297146923724,0.4805555555555555,0.5083333333333333,0.02777777777777779
g1,LM,visual_direction,13,-0.1293912143365465,1.0351297146923724,0.4944444444444444,0.5129629629629631,0.018518518518518656
g1,LM,visual_direction,14,-0.0646956071682732,1.0351297146923724,0.4629629629629629,0.5314814814814814,0.06851851851851853
g1,LM,visual_direction,15,0.0,1.0351297146923724,0.4981481481481481,0.4907407407407407,-0.007407407407407418
g1,LM,visual_direction,16,0.0646956071682732,1.0351297146923724,0.4972222222222222,0.5064814814814815,0.009259259259259356
g1,LM,visual_direction,17,0.1293912143365465,1.0351297146923724,0.5055555555555555,0.5111111111111111,0.005555555555555536
g1,LM,visual_direction,18,0.1940868215048198,1.0351297146923724,0.4944444444444444,0.5055555555555555,0.011111111111111127
g1,LM,visual_direction,19,0.2587824286730931,1.0351297146923724,0.5620370370370371,0.5453703703703704,-0.01666666666666672
g1,LM,visual_direction,20,0.3234780358413663,1.0351297146923724,0.5990740740740741,0.6277777777777778,0.028703703703703676
g1,LM,visual_direction,21,0.3881736430096396,1.0351297146923724,0.6453703703703704,0.7361111111111112,0.09074074074074079
g1,LM,visual_direction,22,0.4528692501779129,1.0351297146923724,0.6564814814814814,0.8324074074074075,0.17592592592592604
g1,LM,visual_direction,23,0.5175648573461862,1.0351297146923724,0.6898148148148147,0.8824074074074073,0.19259259259259265
g1,LM,visual_direction,24,0.5822604645144595,1.0351297146923724,0.7212962962962963,0.9166666666666669,0.19537037037037053
g1,LM,visual_direction,25,0.6469560716827327,1.0351297146923724,0.7212962962962963,0.9324074074074076,0.21111111111111125
g1,LM,visual_direction,26,0.711651678851006,1.0351297146923724,0.7268518518518519,0.9222222222222224,0.19537037037037053
g1,LM,visual_direction,27,0.7763472860192793,1.0351297146923724,0.7324074074074074,0.912962962962963,0.18055555555555558
g1,LM,visual_direction,28,0.8410428931875525,1.0351297146923724,0.7055555555555556,0.9083333333333332,0.2027777777777776
g1,LM,visual_direction,29,0.9057385003558258,1.0351297146923724,0.7222222222222223,0.9222222222222224,0.20000000000000007
g1,LM,visual_direction,30,0.9704341075240992,1.0351297146923724,0.7240740740740741,0.9166666666666666,0.19259259259259254
g1,LM,visual_direction,31,1.0351297146923724,1.0351297146923724,0.7277777777777777,0.9268518518518518,0.19907407407407407
g1,LM,visual_direction,32,1.0998253218606455,1.0351297146923724,0.7648148148148148,0.9277777777777778,0.16296296296296298
g1,LM,visual_direction,33,1.164520929028919,1.0351297146923724,0.7435185185185185,0.9314814814814816,0.1879629629629631
g1,LM,visual_direction,34,1.229216536197192,1.0351297146923724,0.7231481481481481,0.925925925925926,0.20277777777777795
g1,LM,visual_direction,35,1.2939121433654657,1.0351297146923724,0.7083333333333333,0.9157407407407406,0.20740740740740737
g1,LM,visual_direction,36,1.3586077505337386,1.0351297146923724,0.7546296296296295,0.9111111111111112,0.15648148148148167
g1,LM,visual_direction,37,1.423303357702012,1.0351297146923724,0.7361111111111112,0.9046296296296296,0.1685185185185184
g1,LM,visual_direction,38,1.4879989648702852,1.0351297146923724,0.7388888888888889,0.8944444444444446,0.15555555555555567
g1,LM,visual_direction,39,1.5526945720385583,1.0351297146923724,0.7537037037037035,0.8787037037037038,0.12500000000000022
g1,LM,visual_direction,40,1.6173901792068317,1.0351297146923724,0.7268518518518519,0.8712962962962962,0.14444444444444438
g1,LM,visual_direction,41,1.682085786375105,1.0351297146923724,0.7379629629629629,0.8620370370370369,0.124074074074074
g1,LM,visual_direction,42,1.7467813935433782,1.0351297146923724,0.7351851851851852,0.8611111111111112,0.125925925925926
g1,LM,visual_direction,43,1.8114770007116516,1.0351297146923724,0.7250000000000001,0.8620370370370369,0.13703703703703685
g1,LM,visual_direction,44,1.8761726078799248,1.0351297146923724,0.7268518518518519,0.8731481481481482,0.14629629629629637
g1,LM,visual_direction,45,1.9408682150481984,1.0351297146923724,0.7064814814814815,0.862037037037037,0.15555555555555556
g1,LM,visual_direction,46,2.0055638222164713,1.0351297146923724,0.6981481481481482,0.8657407407407407,0.16759259259259252
g2,V1,auditory_direction,0,-0.9704341075240992,1.0351297146923724,0.4965608465608466,0.5169753086419753,0.02041446208112868
g2,V1,auditory_direction,1,-0.9057385003558258,1.0351297146923724,0.5248677248677248,0.4861111111111111,-0.03875661375661371
g2,V1,auditory_direction,2,-0.8410428931875525,1.0351297146923724,0.4923280423280423,0.4904320987654321,-0.0018959435626101917
g2,V1,auditory_direction,3,-0.7763472860192793,1.0351297146923724,0.5169312169312169,0.4938271604938272,-0.02310405643738972
g2,V1,auditory_direction,4,-0.711651678851006,1.0351297146923724,0.5042328042328043,0.4879629629629629,-0.01626984126984138
g2,V1,auditory_direction,5,-0.6469560716827327,1.0351297146923724,0.4910052910052909,0.5003086419753087,0.009303350970017776
g2,V1,auditory_direction,6,-0.5822604645144595,1.0351297146923724,0.4968253968253968,0.5061728395061728,0.009347442680775975
g2,V1,auditory_direction,7,-0.5175648573461862,1.0351297146923724,0.4997354497354497,0.5,0.0002645502645503006
g2,V1,auditory_direction,8,-0.4528692501779129,1.0351297146923724,0.5044973544973546,0.5015432098765432,-0.0029541446208113387
g2,V1,auditory_direction,9,-0.3881736430096396,1.0351297146923724,0.4965608465608465,0.5012345679012346,0.004673721340388071
g2,V1,auditory_direction,10,-0.3234780358413663,1.0351297146923724,0.4880952380952381,0.4648148148148148,-0.02328042328042329
g2,V1,auditory_direction,11,-0.2587824286730931,1.0351297146923724,0.5047619047619047,0.5040123456790123,-0.0007495590828924259
g2,V1,auditory_direction,12,-0.1940868215048198,1.0351297146923724,0.4986772486772486,0.5083333333333333,0.009656084656084696
g2,V1,auditory_direction,13,-0.1293912143365465,1.0351297146923724,0.4955026455026455,0.5027777777777778,0.007275132275132268
g2,V1,auditory_direction,14,-0.0646956071682732,1.0351297146923724,0.4949735449735449,0.4851851851851851,-0.00978835978835979
g2,V1,auditory_direction,15,0.0,1.0351297146923724,0.5060846560846561,0.487037037037037,-0.019047619047619146
g2,V1,auditory_direction,16,0.0646956071682732,1.0351297146923724,0.4904761904761905,0.4978395061728395,0.007363315696648998
g2,V1,auditory_direction,17,0.1293912143365465,1.0351297146923724,0.4978835978835979,0.509567901234568,0.011684303350970093
g2,V1,auditory_direction,18,0.1940868215048198,1.0351297146923724,0.5248677248677249,0.5475308641975308,0.022663139329805904
g2,V1,auditory_direction,19,0.2587824286730931,1.0351297146923724,0.517989417989418,0.504320987654321,-0.013668430335097015
g2,V1,auditory_direction,20,0.3234780358413663,1.0351297146923724,0.533068783068783,0.5296296296296296,-0.003439153439153464
g2,V1,auditory_direction,21,0.3881736430096396,1.0351297146923724,0.5523809523809524,0.5256172839506172,-0.026763668430335175
g2,V1,auditory_direction,22,0.4528692501779129,1.0351297146923724,0.5322751322751322,0.5385802469135803,0.006305114638448073
g2,V1,auditory_direction,23,0.5175648573461862,1.0351297146923724,0.5415343915343915,0.5185185185185185,-0.023015873015873045
g2,V1,auditory_direction,24,0.5822604645144595,1.0351297146923724,0.5359788359788359,0.5351851851851852,-0.0007936507936506798
g2,V1,auditory_direction,25,0.6469560716827327,1.0351297146923724,0.5534391534391535,0.5314814814814816,-0.021957671957671954
g2,V1,auditory_direction,26,0.711651678851006,1.0351297146923724,0.5455026455026455,0.5287037037037037,-0.016798941798941813
g2,V1,auditory_direction,27,0.7763472860192793,1.0351297146923724,0.5605820105820106,0.5373456790123456,-0.02323633156966498
g2,V1,auditory_direction,28,0.8410428931875525,1.0351297146923724,0.5584656084656084,0.5231481481481481,-0.0353174603174603
g2,V1,auditory_direction,29,0.9057385003558258,1.0351297146923724,0.5304232804232805,0.520679012345679,-0.009744268077601426
g2,V1,auditory_direction,30,0.9704341075240992,1.0351297146923724,0.541005291005291,0.5216049382716049,-0.01940035273368612
g2,V1,auditory_direction,31,1.0351297146923724,1.0351297146923724,0.5412698412698413,0.5209876543209876,-0.020282186948853753
g2,V1,auditory_direction,32,1.0998253218606455,1.0351297146923724,0.5476190476190477,0.525925925925926,-0.021693121693121653
g2,V1,auditory_direction,33,1.164520929028919,1.0351297146923724,0.5452380952380952,0.5132716049382716,-0.03196649029982357
g2,V1,auditory_direction,34,1.229216536197192,1.0351297146923724,0.5444444444444445,0.5089506172839506,-0.035493827160493874
g2,V1,auditory_direction,35,1.2939121433654657,1.0351297146923724,0.5208994708994709,0.5216049382716049,0.000705467372134061
g2,V1,auditory_direction,36,1.3586077505337386,1.0351297146923724,0.5285714285714286,0.512037037037037,-0.016534391534391624
g2,V1,auditory_direction,37,1.423303357702012,1.0351297146923724,0.5227513227513227,0.5037037037037037,-0.01904761904761909
g2,V1,auditory_direction,38,1.4879989648702852,1.0351297146923724,0.5275132275132275,0.5083333333333333,-0.019179894179894186
g2,V1,auditory_direction,39,1.5526945720385583,1.0351297146923724,0.5320105820105819,0.5179012345679013,-0.014109347442680664
g2,V1,auditory_direction,40,1.6173901792068317,1.0351297146923724,0.5169312169312169,0.5182098765432098,0.0012786596119929161
g2,V1,auditory_direction,41,1.682085786375105,1.0351297146923724,0.5370370370370371,0.513888888888889,-0.02314814814814814
g2,V1,auditory_direction,42,1.7467813935433782,1.0351297146923724,0.5201058201058201,0.524074074074074,0.003968253968253954
g2,V1,auditory_direction,43,1.8114770007116516,1.0351297146923724,0.5333333333333334,0.5077160493827161,-0.025617283950617353
g2,V1,auditory_direction,44,1.8761726078799248,1.0351297146923724,0.5087301587301587,0.5141975308641975,0.005467372134038806
g2,V1,auditory_direction,45,1.9408682150481984,1.0351297146923724,0.5211640211640212,0.5077160493827161,-0.01344797178130508
g2,V1,auditory_direction,46,2.0055638222164713,1.0351297146923724,0.5164021164021164,0.5123456790123457,-0.004056437389770684
g2,V1,congruency,0,-0.9704341075240992,1.0351297146923724,0.4980158730158729,0.5064814814814814,0.00846560846560851
g2,V1,congruency,1,-0.9057385003558258,1.0351297146923724,0.4924603174603174,0.512962962962963,0.020502645502645578
g2,V1,congruency,2,-0.8410428931875525,1.0351297146923724,0.5011904761904762,0.5166666666666667,0.015476190476190532
g2,V1,congruency,3,-0.7763472860192793,1.0351297146923724,0.5055555555555556,0.487962962962963,-0.01759259259259266
g2,V1,congruency,4,-0.711651678851006,1.0351297146923724,0.4928571428571429,0.5203703703703704,0.02751322751322749
g2,V1,congruency,5,-0.6469560716827327,1.0351297146923724,0.5051587301587301,0.5101851851851852,0.005026455026455046
g2,V1,congruency,6,-0.5822604645144595,1.0351297146923724,0.4813492063492063,0.5055555555555555,0.02420634920634923
g2,V1,congruency,7,-0.5175648573461862,1.0351297146923724,0.5079365079365079,0.4981481481481482,-0.009788359788359735
g2,V1,congruency,8,-0.4528692501779129,1.0351297146923724,0.5123015873015874,0.4921296296296297,-0.020171957671957674
g2,V1,congruency,9,-0.3881736430096396,1.0351297146923724,0.4936507936507937,0.4884259259259259,-0.005224867724867799
g2,V1,congruency,10,-0.3234780358413663,1.0351297146923724,0.4996031746031746,0.5101851851851852,0.010582010582010581
g2,V1,congruency,11,-0.2587824286730931,1.0351297146923724,0.4924603174603174,0.5148148148148148,0.02235449735449746
g2,V1,congruency,12,-0.1940868215048198,1.0351297146923724,0.4972222222222222,0.5203703703703704,0.023148148148148195
g2,V1,congruency,13,-0.1293912143365465,1.0351297146923724,0.5103174603174604,0.5027777777777779,-0.007539682539682513
g2,V1,congruency,14,-0.0646956071682732,1.0351297146923724,0.5218253968253969,0.486574074074074,-0.03525132275132287
g2,V1,congruency,15,0.0,1.0351297146923724,0.4920634920634921,0.474537037037037,-0.017526455026455112
g2,V1,congruency,16,0.0646956071682732,1.0351297146923724,0.4932539682539683,0.4921296296296296,-0.0011243386243386944
g2,V1,congruency,17,0.1293912143365465,1.0351297146923724,0.5253968253968254,0.4962962962962963,-0.029100529100529127
g2,V1,congruency,18,0.1940868215048198,1.0351297146923724,0.5,0.499537037037037,-0.0004629629629629983
g2,V1,congruency,19,0.2587824286730931,1.0351297146923724,0.4869047619047619,0.4888888888888889,0.001984126984126977
g2,V1,congruency,20,0.3234780358413663,1.0351297146923724,0.5011904761904762,0.4986111111111111,-0.00257936507936507
g2,V1,congruency,21,0.3881736430096396,1.0351297146923724,0.5186507936507937,0.4814814814814815,-0.037169312169312185
g2,V1,congruency,22,0.4528692501779129,1.0351297146923724,0.5055555555555555,0.4898148148148147,-0.015740740740740833
g2,V1,congruency,23,0.5175648573461862,1.0351297146923724,0.5281746031746032,0.5050925925925926,-0.023082010582010537
g2,V1,congruency,24,0.5822604645144595,1.0351297146923724,0.5166666666666667,0.5041666666666667,-0.012500000000000067
g2,V1,congruency,25,0.6469560716827327,1.0351297146923724,0.511904761904762,0.5111111111111111,-0.0007936507936509019
g2,V1,congruency,26,0.711651678851006,1.0351297146923724,0.5047619047619047,0.4962962962962963,-0.008465608465608454
g2,V1,congruency,27,0.7763472860192793,1.0351297146923724,0.5134920634920636,0.5115740740740741,-0.0019179894179894852
g2,V1,congruency,28,0.8410428931875525,1.0351297146923724,0.5341269841269841,0.486574074074074,-0.047552910052910125
g2,V1,congruency,29,0.9057385003558258,1.0351297146923724,0.5055555555555555,0.4967592592592592,-0.008796296296296358
g2,V1,congruency,30,0.9704341075240992,1.0351297146923724,0.4996031746031746,0.499074074074074,-0.0005291005291006012
g2,V1,congruency,31,1.0351297146923724,1.0351297146923724,0.5111111111111112,0.5208333333333334,0.009722222222222188
g2,V1,congruency,32,1.0998253218606455,1.0351297146923724,0.5182539682539683,0.4962962962962963,-0.02195767195767201
g2,V1,congruency,33,1.164520929028919,1.0351297146923724,0.5222222222222223,0.5027777777777778,-0.019444444444444486
g2,V1,congruency,34,1.229216536197192,1.0351297146923724,0.5063492063492063,0.5078703703703703,0.0015211640211639788
g2,V1,congruency,35,1.2939121433654657,1.0351297146923724,0.503968253968254,0.4888888888888889,-0.015079365079365081
g2,V1,congruency,36,1.3586077505337386,1.0351297146923724,0.4984126984126984,0.4949074074074074,-0.0035052910052910113
g2,V1,congruency,37,1.423303357702012,1.0351297146923724,0.5214285714285715,0.4912037037037036,-0.030224867724867877
g2,V1,congruency,38,1.4879989648702852,1.0351297146923724,0.5150793650793651,0.5064814814814814,-0.008597883597883715
g2,V1,congruency,39,1.5526945720385583,1.0351297146923724,0.5123015873015874,0.4953703703703704,-0.016931216931216964
g2,V1,congruency,40,1.6173901792068317,1.0351297146923724,0.5015873015873016,0.5162037037037037,0.014616402116402138
g2,V1,congruency,41,1.682085786375105,1.0351297146923724,0.4996031746031746,0.5175925925925926,0.017989417989418
g2,V1,congruency,42,1.7467813935433782,1.0351297146923724,0.5055555555555555,0.4935185185185184,-0.012037037037037124
g2,V1,congruency,43,1.8114770007116516,1.0351297146923724,0.5162698412698413,0.5083333333333334,-0.007936507936507908
g2,V1,congruency,44,1.8761726078799248,1.0351297146923724,0.5158730158730159,0.4976851851851852,-0.018187830687830753
g2,V1,congruency,45,1.9408682150481984,1.0351297146923724,0.5,0.5162037037037037,0.01620370370370372
g2,V1,congruency,46,2.0055638222164713,1.0351297146923724,0.513888888888889,0.5337962962962962,0.019907407407407263
g2,V1,modality,0,-0.9704341075240992,1.0351297146923724,0.3399470899470899,0.3268518518518518,-0.013095238095238104
g2,V1,modality,1,-0.9057385003558258,1.0351297146923724,0.3335978835978836,0.3325617283950617,-0.001036155202821909
g2,V1,modality,2,-0.8410428931875525,1.0351297146923724,0.3339947089947089,0.3439814814814815,0.0099867724867726
g2,V1,modality,3,-0.7763472860192793,1.0351297146923724,0.3503968253968254,0.3470679012345679,-0.003328924162257496
g2,V1,modality,4,-0.711651678851006,1.0351297146923724,0.3341269841269841,0.3344135802469135,0.00028659611992937206
g2,V1,modality,5,-0.6469560716827327,1.0351297146923724,0.3324074074074074,0.3263888888888889,-0.006018518518518479
g2,V1,modality,6,-0.5822604645144595,1.0351297146923724,0.3234126984126984,0.3183641975308642,-0.0050485008818341726
g2,V1,modality,7,-0.5175648573461862,1.0351297146923724,0.3349206349206349,0.3367283950617283,0.0018077601410934063
g2,V1,modality,8,-0.4528692501779129,1.0351297146923724,0.3298941798941799,0.3345679012345679,0.004673721340388015
g2,V1,modality,9,-0.3881736430096396,1.0351297146923724,0.3199735449735449,0.3328703703703703,0.012896825396825407
g2,V1,modality,10,-0.3234780358413663,1.0351297146923724,0.3293650793650793,0.3330246913580246,0.0036596119929452886
g2,V1,modality,11,-0.2587824286730931,1.0351297146923724,0.3318783068783069,0.3354938271604938,0.0036155202821869237
g2,V1,modality,12,-0.1940868215048198,1.0351297146923724,0.3325396825396826,0.340895061728395,0.00835537918871243
g2,V1,modality,13,-0.1293912143365465,1.0351297146923724,0.3298941798941799,0.3307098765432099,0.0008156966490299733
g2,V1,modality,14,-0.0646956071682732,1.0351297146923724,0.3386243386243386,0.3325617283950617,-0.006062610229276899
g2,V1,modality,15,0.0,1.0351297146923724,0.3472222222222222,0.3427469135802469,-0.004475308641975317
g2,V1,modality,16,0.0646956071682732,1.0351297146923724,0.3361111111111111,0.3657407407407407,0.029629629629629617
g2,V1,modality,17,0.1293912143365465,1.0351297146923724,0.3567460317460317,0.3546296296296296,-0.0021164021164021274
g2,V1,modality,18,0.1940868215048198,1.0351297146923724,0.4675925925925925,0.5234567901234568,0.0558641975308643
g2,V1,modality,19,0.2587824286730931,1.0351297146923724,0.7099206349206348,0.7424382716049384,0.03251763668430352
g2,V1,modality,20,0.3234780358413663,1.0351297146923724,0.766137566137566,0.7594135802469135,-0.006723985890652484
g2,V1,modality,21,0.3881736430096396,1.0351297146923724,0.7883597883597885,0.7915123456790124,0.0031525573192239253
g2,V1,modality,22,0.4528692501779129,1.0351297146923724,0.8034391534391535,0.7999999999999999,-0.003439153439153575
g2,V1,modality,23,0.5175648573461862,1.0351297146923724,0.7928571428571428,0.8125,0.019642857142857184
g2,V1,modality,24,0.5822604645144595,1.0351297146923724,0.7862433862433863,0.7950617283950617,0.008818342151675429
g2,V1,modality,25,0.6469560716827327,1.0351297146923724,0.7861111111111111,0.804320987654321,0.018209876543209935
g2,V1,modality,26,0.711651678851006,1.0351297146923724,0.7785714285714286,0.8084876543209877,0.0299162257495591
g2,V1,modality,27,0.7763472860192793,1.0351297146923724,0.7829365079365079,0.8049382716049384,0.02200176366843043
g2,V1,modality,28,0.8410428931875525,1.0351297146923724,0.7838624338624339,0.802932098765432,0.019069664902998107
g2,V1,modality,29,0.9057385003558258,1.0351297146923724,0.7671957671957672,0.7979938271604938,0.03079805996472662
g2,V1,modality,30,0.9704341075240992,1.0351297146923724,0.7625661375661376,0.7935185185185185,0.030952380952380953
g2,V1,modality,31,1.0351297146923724,1.0351297146923724,0.7656084656084656,0.7944444444444444,0.02883597883597877
g2,V1,modality,32,1.0998253218606455,1.0351297146923724,0.7571428571428571,0.7922839506172838,0.03514109347442673
g2,V1,modality,33,1.164520929028919,1.0351297146923724,0.7595238095238095,0.7924382716049383,0.032914462081128804
g2,V1,modality,34,1.229216536197192,1.0351297146923724,0.7551587301587303,0.7842592592592593,0.02910052910052907
g2,V1,modality,35,1.2939121433654657,1.0351297146923724,0.7474867724867725,0.7762345679012346,0.02874779541446204
g2,V1,modality,36,1.3586077505337386,1.0351297146923724,0.7386243386243386,0.7700617283950617,0.03143738977072308
g2,V1,modality,37,1.423303357702012,1.0351297146923724,0.7318783068783068,0.7700617283950617,0.03818342151675491
g2,V1,modality,38,1.4879989648702852,1.0351297146923724,0.7162698412698413,0.7592592592592592,0.04298941798941791
g2,V1,modality,39,1.5526945720385583,1.0351297146923724,0.7175925925925926,0.7501543209876543,0.03256172839506177
g2,V1,modality,40,1.6173901792068317,1.0351297146923724,0.7144179894179894,0.7351851851851853,0.02076719576719588
g2,V1,modality,41,1.682085786375105,1.0351297146923724,0.6921957671957671,0.7421296296296296,0.04993386243386244
g2,V1,modality,42,1.7467813935433782,1.0351297146923724,0.6875661375661376,0.7310185185185185,0.04345238095238091
g2,V1,modality,43,1.8114770007116516,1.0351297146923724,0.6932539682539682,0.724074074074074,0.030820105820105748
g2,V1,modality,44,1.8761726078799248,1.0351297146923724,0.6760582010582011,0.7231481481481481,0.04708994708994696
g2,V1,modality,45,1.9408682150481984,1.0351297146923724,0.6682539682539683,0.6893518518518519,0.02109788359788356
g2,V1,modality,46,2.0055638222164713,1.0351297146923724,0.635978835978836,0.6333333333333333,-0.002645502645502673
g2,V1,trial_type,0,-0.9704341075240992,1.0351297146923724,0.1244047619047619,0.1180555555555555,-0.00634920634920641
g2,V1,trial_type,1,-0.9057385003558258,1.0351297146923724,0.1222222222222222,0.1259259259259259,0.003703703703703709
g2,V1,trial_type,2,-0.8410428931875525,1.0351297146923724,0.1303571428571428,0.1222222222222222,-0.008134920634920606
g2,V1,trial_type,3,-0.7763472860192793,1.0351297146923724,0.135515873015873,0.1280092592592592,-0.007506613756613795
g2,V1,trial_type,4,-0.711651678851006,1.0351297146923724,0.1313492063492063,0.1344907407407407,0.0031415343915343896
g2,V1,trial_type,5,-0.6469560716827327,1.0351297146923724,0.1271825396825397,0.1196759259259259,-0.007506613756613809
g2,V1,trial_type,6,-0.5822604645144595,1.0351297146923724,0.129563492063492,0.1208333333333333,-0.008730158730158685
g2,V1,trial_type,7,-0.5175648573461862,1.0351297146923724,0.117063492063492,0.1277777777777777,0.010714285714285718
g2,V1,trial_type,8,-0.4528692501779129,1.0351297146923724,0.121031746031746,0.1298611111111111,0.00882936507936509
g2,V1,trial_type,9,-0.3881736430096396,1.0351297146923724,0.1277777777777778,0.1212962962962962,-0.006481481481481602
g2,V1,trial_type,10,-0.3234780358413663,1.0351297146923724,0.1317460317460317,0.1263888888888888,-0.005357142857142894
g2,V1,trial_type,11,-0.2587824286730931,1.0351297146923724,0.1255952380952381,0.1210648148148148,-0.0045304232804232875
g2,V1,trial_type,12,-0.1940868215048198,1.0351297146923724,0.1200396825396825,0.1287037037037036,0.008664021164021096
g2,V1,trial_type,13,-0.1293912143365465,1.0351297146923724,0.115079365079365,0.1256944444444444,0.010615079365079383
g2,V1,trial_type,14,-0.0646956071682732,1.0351297146923724,0.1299603174603174,0.1217592592592592,-0.008201058201058181
g2,V1,trial_type,15,0.0,1.0351297146923724,0.1321428571428571,0.1349537037037037,0.002810846560846597
g2,V1,trial_type,16,0.0646956071682732,1.0351297146923724,0.1277777777777777,0.1326388888888889,0.004861111111111177
g2,V1,trial_type,17,0.1293912143365465,1.0351297146923724,0.1357142857142857,0.1412037037037037,0.005489417989417988
g2,V1,trial_type,18,0.1940868215048198,1.0351297146923724,0.2186507936507936,0.2192129629629629,0.0005621693121692917
g2,V1,trial_type,19,0.2587824286730931,1.0351297146923724,0.3908730158730158,0.39375,0.0028769841269841723
g2,V1,trial_type,20,0.3234780358413663,1.0351297146923724,0.4623015873015872,0.4516203703703703,-0.01068121693121693
g2,V1,trial_type,21,0.3881736430096396,1.0351297146923724,0.4912698412698413,0.4715277777777777,-0.01974206349206359
g2,V1,trial_type,22,0.4528692501779129,1.0351297146923724,0.4934523809523809,0.5023148148148148,0.00886243386243385
g2,V1,trial_type,23,0.5175648573461862,1.0351297146923724,0.503968253968254,0.4974537037037037,-0.006514550264550278
g2,V1,trial_type,24,0.5822604645144595,1.0351297146923724,0.5011904761904762,0.5037037037037037,0.0025132275132274673
g2,V1,trial_type,25,0.6469560716827327,1.0351297146923724,0.5194444444444445,0.5050925925925926,-0.014351851851851838
g2,V1,trial_type,26,0.711651678851006,1.0351297146923724,0.4902777777777777,0.4958333333333333,0.005555555555555591
g2,V1,trial_type,27,0.7763472860192793,1.0351297146923724,0.4898809523809523,0.4967592592592593,0.006878306878306983
g2,V1,trial_type,28,0.8410428931875525,1.0351297146923724,0.4867063492063492,0.4824074074074074,-0.004298941798941802
g2,V1,trial_type,29,0.9057385003558258,1.0351297146923724,0.4561507936507936,0.4833333333333333,0.027182539682539697
g2,V1,trial_type,30,0.9704341075240992,1.0351297146923724,0.4763888888888888,0.4831018518518518,0.006712962962962976
g2,V1,trial_type,31,1.0351297146923724,1.0351297146923724,0.4706349206349206,0.4752314814814815,0.004596560846560904
g2,V1,trial_type,32,1.0998253218606455,1.0351297146923724,0.4722222222222222,0.4708333333333332,-0.001388888888888995
g2,V1,trial_type,33,1.164520929028919,1.0351297146923724,0.4557539682539682,0.4840277777777778,0.02827380952380959
g2,V1,trial_type,34,1.229216536197192,1.0351297146923724,0.4626984126984127,0.4706018518518518,0.007903439153439107
g2,V1,trial_type,35,1.2939121433654657,1.0351297146923724,0.4434523809523809,0.4717592592592592,0.028306878306878336
g2,V1,trial_type,36,1.3586077505337386,1.0351297146923724,0.4420634920634921,0.4606481481481481,0.01858465608465598
g2,V1,trial_type,37,1.423303357702012,1.0351297146923724,0.4390873015873016,0.4465277777777778,0.0074404761904762196
g2,V1,trial_type,38,1.4879989648702852,1.0351297146923724,0.4238095238095238,0.4523148148148148,0.028505291005290978
g2,V1,trial_type,39,1.5526945720385583,1.0351297146923724,0.410515873015873,0.4395833333333334,0.02906746031746038
g2,V1,trial_type,40,1.6173901792068317,1.0351297146923724,0.4003968253968254,0.4203703703703703,0.019973544973544866
g2,V1,trial_type,41,1.682085786375105,1.0351297146923724,0.3950396825396825,0.4046296296296296,0.009589947089947093
g2,V1,trial_type,42,1.7467813935433782,1.0351297146923724,0.3781746031746031,0.4064814814814815,0.02830687830687839
g2,V1,trial_type,43,1.8114770007116516,1.0351297146923724,0.3886904761904762,0.4090277777777777,0.020337301587301515
g2,V1,trial_type,44,1.8761726078799248,1.0351297146923724,0.3748015873015872,0.3898148148148148,0.01501322751322759
g2,V1,trial_type,45,1.9408682150481984,1.0351297146923724,0.353968253968254,0.3655092592592592,0.011541005291005213
g2,V1,trial_type,46,2.0055638222164713,1.0351297146923724,0.3412698412698413,0.3694444444444444,0.02817460317460313
g2,V1,visual_direction,0,-0.9704341075240992,1.0351297146923724,0.4957671957671957,0.4966049382716049,0.0008377425044092113
g2,V1,visual_direction,1,-0.9057385003558258,1.0351297146923724,0.5063492063492063,0.4932098765432098,-0.013139329805996525
g2,V1,visual_direction,2,-0.8410428931875525,1.0351297146923724,0.5124338624338625,0.5030864197530864,-0.00934744268077603
g2,V1,visual_direction,3,-0.7763472860192793,1.0351297146923724,0.5216931216931217,0.4944444444444444,-0.027248677248677244
g2,V1,visual_direction,4,-0.711651678851006,1.0351297146923724,0.5097883597883598,0.5132716049382716,0.003483245149911829
g2,V1,visual_direction,5,-0.6469560716827327,1.0351297146923724,0.5037037037037038,0.5040123456790123,0.00030864197530855453
g2,V1,visual_direction,6,-0.5822604645144595,1.0351297146923724,0.5031746031746032,0.4929012345679012,-0.010273368606701971
g2,V1,visual_direction,7,-0.5175648573461862,1.0351297146923724,0.4891534391534392,0.4802469135802469,-0.00890652557319227
g2,V1,visual_direction,8,-0.4528692501779129,1.0351297146923724,0.5164021164021164,0.5033950617283951,-0.013007054673721319
g2,V1,visual_direction,9,-0.3881736430096396,1.0351297146923724,0.4925925925925926,0.4802469135802469,-0.012345679012345678
g2,V1,visual_direction,10,-0.3234780358413663,1.0351297146923724,0.5185185185185185,0.512037037037037,-0.0064814814814815325
g2,V1,visual_direction,11,-0.2587824286730931,1.0351297146923724,0.5187830687830688,0.4842592592592592,-0.03452380952380957
g2,V1,visual_direction,12,-0.1940868215048198,1.0351297146923724,0.5076719576719576,0.5006172839506173,-0.007054673721340277
g2,V1,visual_direction,13,-0.1293912143365465,1.0351297146923724,0.5074074074074074,0.516358024691358,0.008950617283950635
g2,V1,visual_direction,14,-0.0646956071682732,1.0351297146923724,0.4978835978835979,0.5117283950617284,0.01384479717813053
g2,V1,visual_direction,15,0.0,1.0351297146923724,0.5116402116402117,0.5114197530864198,-0.00022045855379182466
g2,V1,visual_direction,16,0.0646956071682732,1.0351297146923724,0.5097883597883598,0.4864197530864197,-0.023368606701940076
g2,V1,visual_direction,17,0.1293912143365465,1.0351297146923724,0.5063492063492064,0.5138888888888888,0.007539682539682402
g2,V1,visual_direction,18,0.1940868215048198,1.0351297146923724,0.6026455026455027,0.5506172839506173,-0.052028218694885386
g2,V1,visual_direction,19,0.2587824286730931,1.0351297146923724,0.8214285714285714,0.8123456790123457,-0.00908289241622573
g2,V1,visual_direction,20,0.3234780358413663,1.0351297146923724,0.8785714285714287,0.879320987654321,0.0007495590828923149
g2,V1,visual_direction,21,0.3881736430096396,1.0351297146923724,0.9031746031746032,0.9280864197530864,0.02491181657848318
g2,V1,visual_direction,22,0.4528692501779129,1.0351297146923724,0.9283068783068782,0.9679012345679012,0.039594356261023034
g2,V1,visual_direction,23,0.5175648573461862,1.0351297146923724,0.9671957671957672,0.9873456790123456,0.020149911816578436
g2,V1,visual_direction,24,0.5822604645144595,1.0351297146923724,0.9862433862433864,0.9972222222222222,0.010978835978835866
g2,V1,visual_direction,25,0.6469560716827327,1.0351297146923724,0.9875661375661376,0.9959876543209876,0.008421516754849923
g2,V1,visual_direction,26,0.711651678851006,1.0351297146923724,0.9706349206349206,0.9901234567901236,0.019488536155202962
g2,V1,visual_direction,27,0.7763472860192793,1.0351297146923724,0.9534391534391534,0.9820987654320988,0.028659611992945422
g2,V1,visual_direction,28,0.8410428931875525,1.0351297146923724,0.9510582010582008,0.9805555555555556,0.0294973544973548
g2,V1,visual_direction,29,0.9057385003558258,1.0351297146923724,0.9537037037037036,0.9805555555555556,0.026851851851852016
g2,V1,visual_direction,30,0.9704341075240992,1.0351297146923724,0.9552910052910052,0.9796296296296296,0.024338624338624437
g2,V1,visual_direction,31,1.0351297146923724,1.0351297146923724,0.9544973544973544,0.9780864197530864,0.02358906525573201
g2,V1,visual_direction,32,1.0998253218606455,1.0351297146923724,0.9566137566137566,0.976851851851852,0.020238095238095388
g2,V1,visual_direction,33,1.164520929028919,1.0351297146923724,0.9489417989417988,0.980864197530864,0.031922398589065204
g2,V1,visual_direction,34,1.229216536197192,1.0351297146923724,0.9494708994708996,0.974074074074074,0.024603174603174405
g2,V1,visual_direction,35,1.2939121433654657,1.0351297146923724,0.9314814814814816,0.9669753086419752,0.03549382716049365
g2,V1,visual_direction,36,1.3586077505337386,1.0351297146923724,0.925132275132275,0.9679012345679012,0.0427689594356262
g2,V1,visual_direction,37,1.423303357702012,1.0351297146923724,0.9126984126984128,0.9521604938271604,0.039462081128747606
g2,V1,visual_direction,38,1.4879989648702852,1.0351297146923724,0.9013227513227512,0.9425925925925924,0.041269841269841234
g2,V1,visual_direction,39,1.5526945720385583,1.0351297146923724,0.8925925925925925,0.9299382716049384,0.03734567901234587
g2,V1,visual_direction,40,1.6173901792068317,1.0351297146923724,0.8857142857142856,0.9194444444444444,0.03373015873015883
g2,V1,visual_direction,41,1.682085786375105,1.0351297146923724,0.870899470899471,0.91141975308642,0.04052028218694903
g2,V1,visual_direction,42,1.7467813935433782,1.0351297146923724,0.856084656084656,0.8848765432098765,0.028791887125220517
g2,V1,visual_direction,43,1.8114770007116516,1.0351297146923724,0.8462962962962963,0.8873456790123457,0.04104938271604941
g2,V1,visual_direction,44,1.8761726078799248,1.0351297146923724,0.8275132275132275,0.8635802469135804,0.03606701940035284
g2,V1,visual_direction,45,1.9408682150481984,1.0351297146923724,0.823015873015873,0.8561728395061728,0.033156966490299866
g2,V1,visual_direction,46,2.0055638222164713,1.0351297146923724,0.8015873015873015,0.8518518518518517,0.050264550264550234
g2,AM/PM,auditory_direction,0,-0.9704341075240992,1.0351297146923724,0.4938271604938271,0.4611111111111111,-0.032716049382715995
g2,AM/PM,auditory_direction,1,-0.9057385003558258,1.0351297146923724,0.4685185185185185,0.4981481481481482,0.029629629629629672
g2,AM/PM,auditory_direction,2,-0.8410428931875525,1.0351297146923724,0.5061728395061728,0.5064814814814815,0.00030864197530877657
g2,AM/PM,auditory_direction,3,-0.7763472860192793,1.0351297146923724,0.5086419753086421,0.4898148148148148,-0.018827160493827266
g2,AM/PM,auditory_direction,4,-0.711651678851006,1.0351297146923724,0.5141975308641974,0.5240740740740741,0.009876543209876743
g2,AM/PM,auditory_direction,5,-0.6469560716827327,1.0351297146923724,0.4796296296296296,0.4898148148148148,0.010185185185185242
g2,AM/PM,auditory_direction,6,-0.5822604645144595,1.0351297146923724,0.5253086419753087,0.499074074074074,-0.026234567901234684
g2,AM/PM,auditory_direction,7,-0.5175648573461862,1.0351297146923724,0.5123456790123456,0.5046296296296297,-0.007716049382715973
g2,AM/PM,auditory_direction,8,-0.4528692501779129,1.0351297146923724,0.4808641975308642,0.4944444444444444,0.01358024691358023
g2,AM/PM,auditory_direction,9,-0.3881736430096396,1.0351297146923724,0.5012345679012346,0.4944444444444444,-0.0067901234567901425
g2,AM/PM,auditory_direction,10,-0.3234780358413663,1.0351297146923724,0.4901234567901234,0.5296296296296297,0.03950617283950625
g2,AM/PM,auditory_direction,11,-0.2587824286730931,1.0351297146923724,0.4858024691358025,0.5120370370370371,0.026234567901234573
g2,AM/PM,auditory_direction,12,-0.1940868215048198,1.0351297146923724,0.532716049382716,0.4787037037037037,-0.05401234567901231
g2,AM/PM,auditory_direction,13,-0.1293912143365465,1.0351297146923724,0.519753086419753,0.5277777777777778,0.00802469135802475
g2,AM/PM,auditory_direction,14,-0.0646956071682732,1.0351297146923724,0.4709876543209876,0.5194444444444445,0.04845679012345688
g2,AM/PM,auditory_direction,15,0.0,1.0351297146923724,0.5265432098765431,0.4805555555555555,-0.045987654320987614
g2,AM/PM,auditory_direction,16,0.0646956071682732,1.0351297146923724,0.504320987654321,0.5018518518518518,-0.0024691358024692134
g2,AM/PM,auditory_direction,17,0.1293912143365465,1.0351297146923724,0.5407407407407407,0.4675925925925925,-0.07314814814814824
g2,AM/PM,auditory_direction,18,0.1940868215048198,1.0351297146923724,0.528395061728395,0.5277777777777777,-0.0006172839506173311
g2,AM/PM,auditory_direction,19,0.2587824286730931,1.0351297146923724,0.567283950617284,0.5157407407407407,-0.05154320987654326
g2,AM/PM,auditory_direction,20,0.3234780358413663,1.0351297146923724,0.6185185185185185,0.5814814814814814,-0.03703703703703709
g2,AM/PM,auditory_direction,21,0.3881736430096396,1.0351297146923724,0.608641975308642,0.6444444444444446,0.03580246913580265
g2,AM/PM,auditory_direction,22,0.4528692501779129,1.0351297146923724,0.637037037037037,0.6203703703703705,-0.016666666666666496
g2,AM/PM,auditory_direction,23,0.5175648573461862,1.0351297146923724,0.6438271604938272,0.6351851851851852,-0.00864197530864197
g2,AM/PM,auditory_direction,24,0.5822604645144595,1.0351297146923724,0.6222222222222222,0.6175925925925926,-0.00462962962962965
g2,AM/PM,auditory_direction,25,0.6469560716827327,1.0351297146923724,0.6283950617283951,0.6157407407407407,-0.0126543209876544
g2,AM/PM,auditory_direction,26,0.711651678851006,1.0351297146923724,0.6185185185185186,0.5861111111111111,-0.03240740740740744
g2,AM/PM,auditory_direction,27,0.7763472860192793,1.0351297146923724,0.5777777777777777,0.6240740740740741,0.04629629629629639
g2,AM/PM,auditory_direction,28,0.8410428931875525,1.0351297146923724,0.5802469135802469,0.6296296296296298,0.049382716049382824
g2,AM/PM,auditory_direction,29,0.9057385003558258,1.0351297146923724,0.5895061728395062,0.6240740740740742,0.03456790123456799
g2,AM/PM,auditory_direction,30,0.9704341075240992,1.0351297146923724,0.6049382716049383,0.586111111111111,-0.018827160493827266
g2,AM/PM,auditory_direction,31,1.0351297146923724,1.0351297146923724,0.5679012345679012,0.5842592592592593,0.016358024691358053
g2,AM/PM,auditory_direction,32,1.0998253218606455,1.0351297146923724,0.5469135802469136,0.5694444444444444,0.02253086419753081
g2,AM/PM,auditory_direction,33,1.164520929028919,1.0351297146923724,0.5604938271604939,0.5666666666666667,0.006172839506172756
g2,AM/PM,auditory_direction,34,1.229216536197192,1.0351297146923724,0.5722222222222223,0.576851851851852,0.00462962962962965
g2,AM/PM,auditory_direction,35,1.2939121433654657,1.0351297146923724,0.5944444444444444,0.5833333333333333,-0.011111111111111183
g2,AM/PM,auditory_direction,36,1.3586077505337386,1.0351297146923724,0.5697530864197531,0.6092592592592592,0.03950617283950608
g2,AM/PM,auditory_direction,37,1.423303357702012,1.0351297146923724,0.5722222222222223,0.575,0.002777777777777657
g2,AM/PM,auditory_direction,38,1.4879989648702852,1.0351297146923724,0.5771604938271605,0.5527777777777778,-0.02438271604938269
g2,AM/PM,auditory_direction,39,1.5526945720385583,1.0351297146923724,0.5765432098765432,0.5546296296296297,-0.021913580246913478
g2,AM/PM,auditory_direction,40,1.6173901792068317,1.0351297146923724,0.5691358024691359,0.5407407407407407,-0.02839506172839512
g2,AM/PM,auditory_direction,41,1.682085786375105,1.0351297146923724,0.5746913580246914,0.5481481481481482,-0.02654320987654324
g2,AM/PM,auditory_direction,42,1.7467813935433782,1.0351297146923724,0.5419753086419753,0.5564814814814816,0.014506172839506282
g2,AM/PM,auditory_direction,43,1.8114770007116516,1.0351297146923724,0.5722222222222222,0.549074074074074,-0.02314814814814814
g2,AM/PM,auditory_direction,44,1.8761726078799248,1.0351297146923724,0.5703703703703703,0.5675925925925926,-0.002777777777777657
g2,AM/PM,auditory_direction,45,1.9408682150481984,1.0351297146923724,0.5537037037037037,0.5666666666666667,0.012962962962962954
g2,AM/PM,auditory_direction,46,2.0055638222164713,1.0351297146923724,0.5635802469135802,0.5777777777777777,0.014197530864197505
g2,AM/PM,congruency,0,-0.9704341075240992,1.0351297146923724,0.4731481481481481,0.4680555555555555,-0.005092592592592593
g2,AM/PM,congruency,1,-0.9057385003558258,1.0351297146923724,0.5009259259259259,0.4680555555555555,-0.03287037037037038
g2,AM/PM,congruency,2,-0.8410428931875525,1.0351297146923724,0.5083333333333333,0.4458333333333333,-0.0625
g2,AM/PM,congruency,3,-0.7763472860192793,1.0351297146923724,0.4898148148148148,0.5152777777777778,0.02546296296296302
g2,AM/PM,congruency,4,-0.711651678851006,1.0351297146923724,0.514814814814815,0.5041666666666667,-0.010648148148148295
g2,AM/PM,congruency,5,-0.6469560716827327,1.0351297146923724,0.4740740740740741,0.5430555555555555,0.06898148148148142
g2,AM/PM,congruency,6,-0.5822604645144595,1.0351297146923724,0.513888888888889,0.5055555555555555,-0.008333333333333415
g2,AM/PM,congruency,7,-0.5175648573461862,1.0351297146923724,0.5212962962962963,0.4513888888888889,-0.06990740740740736
g2,AM/PM,congruency,8,-0.4528692501779129,1.0351297146923724,0.512962962962963,0.4888888888888888,-0.024074074074074137
g2,AM/PM,congruency,9,-0.3881736430096396,1.0351297146923724,0.5305555555555556,0.4777777777777777,-0.05277777777777787
g2,AM/PM,congruency,10,-0.3234780358413663,1.0351297146923724,0.5157407407407407,0.5041666666666667,-0.01157407407407407
g2,AM/PM,congruency,11,-0.2587824286730931,1.0351297146923724,0.5296296296296297,0.4777777777777777,-0.05185185185185198
g2,AM/PM,congruency,12,-0.1940868215048198,1.0351297146923724,0.5037037037037037,0.4819444444444444,-0.021759259259259256
g2,AM/PM,congruency,13,-0.1293912143365465,1.0351297146923724,0.5462962962962963,0.4805555555555556,-0.06574074074074066
g2,AM/PM,congruency,14,-0.0646956071682732,1.0351297146923724,0.5166666666666666,0.4819444444444444,-0.03472222222222221
g2,AM/PM,congruency,15,0.0,1.0351297146923724,0.4879629629629629,0.4916666666666667,0.00370370370370382
g2,AM/PM,congruency,16,0.0646956071682732,1.0351297146923724,0.5351851851851852,0.5041666666666667,-0.031018518518518556
g2,AM/PM,congruency,17,0.1293912143365465,1.0351297146923724,0.5,0.4763888888888888,-0.023611111111111194
g2,AM/PM,congruency,18,0.1940868215048198,1.0351297146923724,0.4685185185185185,0.4902777777777777,0.0217592592592592
g2,AM/PM,congruency,19,0.2587824286730931,1.0351297146923724,0.499074074074074,0.5041666666666667,0.0050925925925926485
g2,AM/PM,congruency,20,0.3234780358413663,1.0351297146923724,0.5351851851851852,0.4972222222222222,-0.03796296296296303
g2,AM/PM,congruency,21,0.3881736430096396,1.0351297146923724,0.5,0.4777777777777778,-0.0222222222222222
g2,AM/PM,congruency,22,0.4528692501779129,1.0351297146923724,0.5157407407407407,0.4708333333333333,-0.044907407407407396
g2,AM/PM,congruency,23,0.5175648573461862,1.0351297146923724,0.5166666666666667,0.5083333333333334,-0.008333333333333304
g2,AM/PM,congruency,24,0.5822604645144595,1.0351297146923724,0.5277777777777778,0.5347222222222222,0.00694444444444442
g2,AM/PM,congruency,25,0.6469560716827327,1.0351297146923724,0.4907407407407407,0.4944444444444444,0.003703703703703709
g2,AM/PM,congruency,26,0.711651678851006,1.0351297146923724,0.4703703703703704,0.5083333333333333,0.03796296296296292
g2,AM/PM,congruency,27,0.7763472860192793,1.0351297146923724,0.5046296296296297,0.4888888888888889,-0.015740740740740777
g2,AM/PM,congruency,28,0.8410428931875525,1.0351297146923724,0.5240740740740741,0.4527777777777778,-0.07129629629629636
g2,AM/PM,congruency,29,0.9057385003558258,1.0351297146923724,0.5194444444444445,0.4805555555555555,-0.03888888888888897
g2,AM/PM,congruency,30,0.9704341075240992,1.0351297146923724,0.5194444444444445,0.498611111111111,-0.02083333333333348
g2,AM/PM,congruency,31,1.0351297146923724,1.0351297146923724,0.5342592592592593,0.4916666666666666,-0.04259259259259274
g2,AM/PM,congruency,32,1.0998253218606455,1.0351297146923724,0.4851851851851852,0.5111111111111111,0.025925925925925852
g2,AM/PM,congruency,33,1.164520929028919,1.0351297146923724,0.5111111111111112,0.5180555555555556,0.00694444444444442
g2,AM/PM,congruency,34,1.229216536197192,1.0351297146923724,0.5111111111111112,0.4875,-0.023611111111111194
g2,AM/PM,congruency,35,1.2939121433654657,1.0351297146923724,0.4824074074074074,0.4722222222222222,-0.010185185185185186
g2,AM/PM,congruency,36,1.3586077505337386,1.0351297146923724,0.5083333333333334,0.4638888888888889,-0.04444444444444451
g2,AM/PM,congruency,37,1.423303357702012,1.0351297146923724,0.5009259259259259,0.4888888888888889,-0.012037037037037013
g2,AM/PM,congruency,38,1.4879989648702852,1.0351297146923724,0.5120370370370371,0.475,-0.03703703703703709
g2,AM/PM,congruency,39,1.5526945720385583,1.0351297146923724,0.4925925925925926,0.4777777777777777,-0.014814814814814892
g2,AM/PM,congruency,40,1.6173901792068317,1.0351297146923724,0.4935185185185184,0.4944444444444444,0.0009259259259259967
g2,AM/PM,congruency,41,1.682085786375105,1.0351297146923724,0.5027777777777778,0.4652777777777778,-0.03749999999999998
g2,AM/PM,congruency,42,1.7467813935433782,1.0351297146923724,0.5083333333333333,0.5,-0.008333333333333304
g2,AM/PM,congruency,43,1.8114770007116516,1.0351297146923724,0.4861111111111111,0.5041666666666667,0.018055555555555547
g2,AM/PM,congruency,44,1.8761726078799248,1.0351297146923724,0.4907407407407407,0.4652777777777778,-0.02546296296296291
g2,AM/PM,congruency,45,1.9408682150481984,1.0351297146923724,0.4962962962962963,0.4944444444444444,-0.0018518518518518823
g2,AM/PM,congruency,46,2.0055638222164713,1.0351297146923724,0.513888888888889,0.4722222222222222,-0.04166666666666674
g2,AM/PM,modality,0,-0.9704341075240992,1.0351297146923724,0.3265432098765432,0.3148148148148148,-0.011728395061728347
g2,AM/PM,modality,1,-0.9057385003558258,1.0351297146923724,0.329320987654321,0.3398148148148148,0.010493827160493796
g2,AM/PM,modality,2,-0.8410428931875525,1.0351297146923724,0.3385802469135803,0.337962962962963,-0.0006172839506172756
g2,AM/PM,modality,3,-0.7763472860192793,1.0351297146923724,0.3435185185185185,0.3402777777777778,-0.0032407407407407107
g2,AM/PM,modality,4,-0.711651678851006,1.0351297146923724,0.3126543209876543,0.3435185185185185,0.030864197530864224
g2,AM/PM,modality,5,-0.6469560716827327,1.0351297146923724,0.3302469135802469,0.3458333333333333,0.015586419753086445
g2,AM/PM,modality,6,-0.5822604645144595,1.0351297146923724,0.3530864197530864,0.337037037037037,-0.016049382716049387
g2,AM/PM,modality,7,-0.5175648573461862,1.0351297146923724,0.3246913580246913,0.3351851851851851,0.010493827160493796
g2,AM/PM,modality,8,-0.4528692501779129,1.0351297146923724,0.3262345679012346,0.325,-0.0012345679012346067
g2,AM/PM,modality,9,-0.3881736430096396,1.0351297146923724,0.3481481481481481,0.3375,-0.010648148148148073
g2,AM/PM,modality,10,-0.3234780358413663,1.0351297146923724,0.3126543209876543,0.3444444444444444,0.03179012345679011
g2,AM/PM,modality,11,-0.2587824286730931,1.0351297146923724,0.3320987654320987,0.324537037037037,-0.007561728395061695
g2,AM/PM,modality,12,-0.1940868215048198,1.0351297146923724,0.3379629629629629,0.3189814814814815,-0.018981481481481433
g2,AM/PM,modality,13,-0.1293912143365465,1.0351297146923724,0.3351851851851852,0.3361111111111111,0.0009259259259258856
g2,AM/PM,modality,14,-0.0646956071682732,1.0351297146923724,0.3654320987654321,0.3541666666666667,-0.011265432098765404
g2,AM/PM,modality,15,0.0,1.0351297146923724,0.3716049382716049,0.3314814814814815,-0.04012345679012341
g2,AM/PM,modality,16,0.0646956071682732,1.0351297146923724,0.3672839506172839,0.3606481481481481,-0.00663580246913581
g2,AM/PM,modality,17,0.1293912143365465,1.0351297146923724,0.3848765432098766,0.3828703703703704,-0.0020061728395061595
g2,AM/PM,modality,18,0.1940868215048198,1.0351297146923724,0.4506172839506173,0.4717592592592593,0.021141975308642036
g2,AM/PM,modality,19,0.2587824286730931,1.0351297146923724,0.6024691358024692,0.5652777777777778,-0.03719135802469142
g2,AM/PM,modality,20,0.3234780358413663,1.0351297146923724,0.6466049382716049,0.5810185185185186,-0.06558641975308632
g2,AM/PM,modality,21,0.3881736430096396,1.0351297146923724,0.6864197530864198,0.6226851851851851,-0.06373456790123466
g2,AM/PM,modality,22,0.4528692501779129,1.0351297146923724,0.7527777777777778,0.6828703703703705,-0.06990740740740731
g2,AM/PM,modality,23,0.5175648573461862,1.0351297146923724,0.7802469135802469,0.725925925925926,-0.05432098765432092
g2,AM/PM,modality,24,0.5822604645144595,1.0351297146923724,0.7808641975308642,0.7402777777777778,-0.04058641975308641
g2,AM/PM,modality,25,0.6469560716827327,1.0351297146923724,0.8138888888888888,0.7277777777777777,-0.08611111111111103
g2,AM/PM,modality,26,0.711651678851006,1.0351297146923724,0.8095679012345679,0.7458333333333333,-0.06373456790123455
g2,AM/PM,modality,27,0.7763472860192793,1.0351297146923724,0.8222222222222223,0.7810185185185184,-0.04120370370370385
g2,AM/PM,modality,28,0.8410428931875525,1.0351297146923724,0.8333333333333334,0.7939814814814814,-0.03935185185185197
g2,AM/PM,modality,29,0.9057385003558258,1.0351297146923724,0.841358024691358,0.8023148148148147,-0.039043209876543306
g2,AM/PM,modality,30,0.9704341075240992,1.0351297146923724,0.8398148148148148,0.7870370370370372,-0.05277777777777759
g2,AM/PM,modality,31,1.0351297146923724,1.0351297146923724,0.8373456790123456,0.7884259259259259,-0.048919753086419715
g2,AM/PM,modality,32,1.0998253218606455,1.0351297146923724,0.8311728395061729,0.8097222222222222,-0.0214506172839507
g2,AM/PM,modality,33,1.164520929028919,1.0351297146923724,0.820679012345679,0.7907407407407407,-0.029938271604938227
g2,AM/PM,modality,34,1.229216536197192,1.0351297146923724,0.8228395061728394,0.8208333333333333,-0.002006172839506104
g2,AM/PM,modality,35,1.2939121433654657,1.0351297146923724,0.8117283950617283,0.7884259259259259,-0.023302469135802473
g2,AM/PM,modality,36,1.3586077505337386,1.0351297146923724,0.8114197530864198,0.7828703703703703,-0.028549382716049454
g2,AM/PM,modality,37,1.423303357702012,1.0351297146923724,0.8027777777777777,0.7986111111111112,-0.004166666666666541
g2,AM/PM,modality,38,1.4879989648702852,1.0351297146923724,0.7969135802469136,0.7865740740740742,-0.010339506172839408
g2,AM/PM,modality,39,1.5526945720385583,1.0351297146923724,0.7799382716049382,0.7722222222222221,-0.007716049382716084
g2,AM/PM,modality,40,1.6173901792068317,1.0351297146923724,0.7824074074074074,0.7611111111111111,-0.02129629629629637
g2,AM/PM,modality,41,1.682085786375105,1.0351297146923724,0.7765432098765433,0.7523148148148149,-0.02422839506172847
g2,AM/PM,modality,42,1.7467813935433782,1.0351297146923724,0.7601851851851852,0.7467592592592592,-0.013425925925925952
g2,AM/PM,modality,43,1.8114770007116516,1.0351297146923724,0.7496913580246912,0.7583333333333333,0.00864197530864208
g2,AM/PM,modality,44,1.8761726078799248,1.0351297146923724,0.7530864197530863,0.7476851851851851,-0.005401234567901203
g2,AM/PM,modality,45,1.9408682150481984,1.0351297146923724,0.7268518518518517,0.7125,-0.014351851851851727
g2,AM/PM,modality,46,2.0055638222164713,1.0351297146923724,0.7160493827160493,0.7027777777777777,-0.01327160493827162
g2,AM/PM,trial_type,0,-0.9704341075240992,1.0351297146923724,0.1273148148148148,0.1256944444444444,-0.0016203703703704109
g2,AM/PM,trial_type,1,-0.9057385003558258,1.0351297146923724,0.1129629629629629,0.1291666666666666,0.016203703703703692
g2,AM/PM,trial_type,2,-0.8410428931875525,1.0351297146923724,0.1157407407407407,0.1166666666666666,0.0009259259259258995
g2,AM/PM,trial_type,3,-0.7763472860192793,1.0351297146923724,0.1277777777777777,0.1180555555555555,-0.009722222222222215
g2,AM/PM,trial_type,4,-0.711651678851006,1.0351297146923724,0.1268518518518518,0.11875,-0.008101851851851805
g2,AM/PM,trial_type,5,-0.6469560716827327,1.0351297146923724,0.1101851851851851,0.1180555555555555,0.007870370370370403
g2,AM/PM,trial_type,6,-0.5822604645144595,1.0351297146923724,0.1374999999999999,0.1388888888888889,0.001388888888888995
g2,AM/PM,trial_type,7,-0.5175648573461862,1.0351297146923724,0.1222222222222222,0.1249999999999999,0.0027777777777776985
g2,AM/PM,trial_type,8,-0.4528692501779129,1.0351297146923724,0.124537037037037,0.1270833333333333,0.0025462962962962965
g2,AM/PM,trial_type,9,-0.3881736430096396,1.0351297146923724,0.1277777777777777,0.1305555555555555,0.0027777777777777957
g2,AM/PM,trial_type,10,-0.3234780358413663,1.0351297146923724,0.1259259259259259,0.1222222222222222,-0.003703703703703709
g2,AM/PM,trial_type,11,-0.2587824286730931,1.0351297146923724,0.1319444444444444,0.1166666666666666,-0.015277777777777793
g2,AM/PM,trial_type,12,-0.1940868215048198,1.0351297146923724,0.1398148148148148,0.1020833333333333,-0.037731481481481505
g2,AM/PM,trial_type,13,-0.1293912143365465,1.0351297146923724,0.1310185185185185,0.1166666666666666,-0.014351851851851907
g2,AM/PM,trial_type,14,-0.0646956071682732,1.0351297146923724,0.137037037037037,0.1368055555555555,-0.00023148148148149916
g2,AM/PM,trial_type,15,0.0,1.0351297146923724,0.1384259259259259,0.1368055555555555,-0.0016203703703703831
g2,AM/PM,trial_type,16,0.0646956071682732,1.0351297146923724,0.1333333333333333,0.1451388888888888,0.011805555555555486
g2,AM/PM,trial_type,17,0.1293912143365465,1.0351297146923724,0.15,0.14375,-0.0062500000000000056
g2,AM/PM,trial_type,18,0.1940868215048198,1.0351297146923724,0.1851851851851852,0.1784722222222222,-0.006712962962963004
g2,AM/PM,trial_type,19,0.2587824286730931,1.0351297146923724,0.3777777777777777,0.30625,-0.07152777777777769
g2,AM/PM,trial_type,20,0.3234780358413663,1.0351297146923724,0.4606481481481481,0.3902777777777777,-0.07037037037037036
g2,AM/PM,trial_type,21,0.3881736430096396,1.0351297146923724,0.5032407407407408,0.4354166666666667,-0.06782407407407409
g2,AM/PM,trial_type,22,0.4528692501779129,1.0351297146923724,0.538425925925926,0.4645833333333333,-0.07384259259259268
g2,AM/PM,trial_type,23,0.5175648573461862,1.0351297146923724,0.5726851851851852,0.5090277777777777,-0.06365740740740744
g2,AM/PM,trial_type,24,0.5822604645144595,1.0351297146923724,0.5685185185185185,0.5166666666666667,-0.051851851851851816
g2,AM/PM,trial_type,25,0.6469560716827327,1.0351297146923724,0.5754629629629631,0.4805555555555555,-0.09490740740740755
g2,AM/PM,trial_type,26,0.711651678851006,1.0351297146923724,0.562037037037037,0.4993055555555555,-0.0627314814814815
g2,AM/PM,trial_type,27,0.7763472860192793,1.0351297146923724,0.5472222222222223,0.5222222222222221,-0.025000000000000133
g2,AM/PM,trial_type,28,0.8410428931875525,1.0351297146923724,0.5523148148148148,0.5034722222222223,-0.04884259259259249
g2,AM/PM,trial_type,29,0.9057385003558258,1.0351297146923724,0.5361111111111111,0.4930555555555556,-0.043055555555555514
g2,AM/PM,trial_type,30,0.9704341075240992,1.0351297146923724,0.5407407407407407,0.5083333333333333,-0.03240740740740744
g2,AM/PM,trial_type,31,1.0351297146923724,1.0351297146923724,0.5342592592592592,0.4944444444444444,-0.0398148148148148
g2,AM/PM,trial_type,32,1.0998253218606455,1.0351297146923724,0.5203703703703703,0.5138888888888888,-0.0064814814814814214
g2,AM/PM,trial_type,33,1.164520929028919,1.0351297146923724,0.5347222222222222,0.5083333333333333,-0.026388888888888906
g2,AM/PM,trial_type,34,1.229216536197192,1.0351297146923724,0.5564814814814815,0.5263888888888889,-0.03009259259259256
g2,AM/PM,trial_type,35,1.2939121433654657,1.0351297146923724,0.5254629629629629,0.4875,-0.03796296296296292
g2,AM/PM,trial_type,36,1.3586077505337386,1.0351297146923724,0.5277777777777778,0.4833333333333332,-0.044444444444444564
g2,AM/PM,trial_type,37,1.423303357702012,1.0351297146923724,0.5185185185185185,0.4805555555555555,-0.037962962962962976
g2,AM/PM,trial_type,38,1.4879989648702852,1.0351297146923724,0.5055555555555555,0.4944444444444444,-0.011111111111111127
g2,AM/PM,trial_type,39,1.5526945720385583,1.0351297146923724,0.5083333333333333,0.4513888888888888,-0.05694444444444452
g2,AM/PM,trial_type,40,1.6173901792068317,1.0351297146923724,0.4921296296296296,0.4673611111111111,-0.024768518518518468
g2,AM/PM,trial_type,41,1.682085786375105,1.0351297146923724,0.4708333333333334,0.4465277777777777,-0.02430555555555569
g2,AM/PM,trial_type,42,1.7467813935433782,1.0351297146923724,0.4805555555555555,0.4729166666666667,-0.007638888888888806
g2,AM/PM,trial_type,43,1.8114770007116516,1.0351297146923724,0.4699074074074074,0.4527777777777777,-0.01712962962962966
g2,AM/PM,trial_type,44,1.8761726078799248,1.0351297146923724,0.4671296296296297,0.4590277777777778,-0.00810185185185186
g2,AM/PM,trial_type,45,1.9408682150481984,1.0351297146923724,0.4328703703703704,0.4249999999999999,-0.007870370370370527
g2,AM/PM,trial_type,46,2.0055638222164713,1.0351297146923724,0.4171296296296296,0.4034722222222222,-0.013657407407407396
g2,AM/PM,visual_direction,0,-0.9704341075240992,1.0351297146923724,0.508641975308642,0.5101851851851851,0.0015432098765431057
g2,AM/PM,visual_direction,1,-0.9057385003558258,1.0351297146923724,0.4820987654320987,0.5027777777777778,0.020679012345679093
g2,AM/PM,visual_direction,2,-0.8410428931875525,1.0351297146923724,0.4919753086419753,0.4648148148148148,-0.027160493827160515
g2,AM/PM,visual_direction,3,-0.7763472860192793,1.0351297146923724,0.5092592592592593,0.4953703703703703,-0.013888888888889006
g2,AM/PM,visual_direction,4,-0.711651678851006,1.0351297146923724,0.4851851851851852,0.4712962962962963,-0.013888888888888895
g2,AM/PM,visual_direction,5,-0.6469560716827327,1.0351297146923724,0.4790123456790123,0.5074074074074074,0.02839506172839512
g2,AM/PM,visual_direction,6,-0.5822604645144595,1.0351297146923724,0.5006172839506173,0.4740740740740741,-0.02654320987654324
g2,AM/PM,visual_direction,7,-0.5175648573461862,1.0351297146923724,0.4993827160493826,0.5018518518518519,0.002469135802469269
g2,AM/PM,visual_direction,8,-0.4528692501779129,1.0351297146923724,0.4882716049382716,0.5,0.011728395061728403
g2,AM/PM,visual_direction,9,-0.3881736430096396,1.0351297146923724,0.504320987654321,0.4842592592592592,-0.020061728395061762
g2,AM/PM,visual_direction,10,-0.3234780358413663,1.0351297146923724,0.55,0.4851851851851851,-0.06481481481481494
g2,AM/PM,visual_direction,11,-0.2587824286730931,1.0351297146923724,0.5148148148148147,0.4814814814814814,-0.033333333333333326
g2,AM/PM,visual_direction,12,-0.1940868215048198,1.0351297146923724,0.5154320987654321,0.4583333333333333,-0.05709876543209874
g2,AM/PM,visual_direction,13,-0.1293912143365465,1.0351297146923724,0.4938271604938271,0.4555555555555555,-0.038271604938271586
g2,AM/PM,visual_direction,14,-0.0646956071682732,1.0351297146923724,0.5185185185185185,0.4833333333333333,-0.03518518518518521
g2,AM/PM,visual_direction,15,0.0,1.0351297146923724,0.5172839506172839,0.4898148148148148,-0.027469135802469125
g2,AM/PM,visual_direction,16,0.0646956071682732,1.0351297146923724,0.4950617283950617,0.4796296296296296,-0.015432098765432112
g2,AM/PM,visual_direction,17,0.1293912143365465,1.0351297146923724,0.5370370370370371,0.4685185185185185,-0.06851851851851859
g2,AM/PM,visual_direction,18,0.1940868215048198,1.0351297146923724,0.5487654320987655,0.475925925925926,-0.07283950617283952
g2,AM/PM,visual_direction,19,0.2587824286730931,1.0351297146923724,0.9197530864197532,0.8194444444444445,-0.10030864197530864
g2,AM/PM,visual_direction,20,0.3234780358413663,1.0351297146923724,0.9629629629629628,0.9101851851851852,-0.05277777777777759
g2,AM/PM,visual_direction,21,0.3881736430096396,1.0351297146923724,0.9858024691358024,0.9472222222222222,-0.038580246913580196
g2,AM/PM,visual_direction,22,0.4528692501779129,1.0351297146923724,0.9901234567901236,0.9648148148148148,-0.0253086419753088
g2,AM/PM,visual_direction,23,0.5175648573461862,1.0351297146923724,0.9919753086419753,0.976851851851852,-0.01512345679012328
g2,AM/PM,visual_direction,24,0.5822604645144595,1.0351297146923724,0.9919753086419753,0.9805555555555556,-0.011419753086419626
g2,AM/PM,visual_direction,25,0.6469560716827327,1.0351297146923724,0.9919753086419753,0.9796296296296296,-0.012345679012345623
g2,AM/PM,visual_direction,26,0.711651678851006,1.0351297146923724,0.9876543209876544,0.962962962962963,-0.024691358024691357
g2,AM/PM,visual_direction,27,0.7763472860192793,1.0351297146923724,0.9777777777777776,0.9416666666666668,-0.03611111111111087
g2,AM/PM,visual_direction,28,0.8410428931875525,1.0351297146923724,0.9493827160493828,0.912962962962963,-0.03641975308641987
g2,AM/PM,visual_direction,29,0.9057385003558258,1.0351297146923724,0.94320987654321,0.914814814814815,-0.02839506172839501
g2,AM/PM,visual_direction,30,0.9704341075240992,1.0351297146923724,0.95679012345679,0.9148148148148147,-0.041975308641975295
g2,AM/PM,visual_direction,31,1.0351297146923724,1.0351297146923724,0.9623456790123456,0.9444444444444444,-0.01790123456790116
g2,AM/PM,visual_direction,32,1.0998253218606455,1.0351297146923724,0.9703703703703704,0.9537037037037036,-0.01666666666666683
g2,AM/PM,visual_direction,33,1.164520929028919,1.0351297146923724,0.982716049382716,0.9527777777777776,-0.029938271604938338
g2,AM/PM,visual_direction,34,1.229216536197192,1.0351297146923724,0.9864197530864196,0.962037037037037,-0.02438271604938258
g2,AM/PM,visual_direction,35,1.2939121433654657,1.0351297146923724,0.9790123456790122,0.9555555555555556,-0.023456790123456583
g2,AM/PM,visual_direction,36,1.3586077505337386,1.0351297146923724,0.9777777777777776,0.9379629629629628,-0.03981481481481486
g2,AM/PM,visual_direction,37,1.423303357702012,1.0351297146923724,0.9716049382716048,0.9444444444444444,-0.027160493827160348
g2,AM/PM,visual_direction,38,1.4879989648702852,1.0351297146923724,0.9592592592592591,0.9296296296296296,-0.02962962962962956
g2,AM/PM,visual_direction,39,1.5526945720385583,1.0351297146923724,0.9592592592592591,0.926851851851852,-0.03240740740740711
g2,AM/PM,visual_direction,40,1.6173901792068317,1.0351297146923724,0.9487654320987656,0.9240740740740742,-0.024691358024691468
g2,AM/PM,visual_direction,41,1.682085786375105,1.0351297146923724,0.9450617283950616,0.9092592592592592,-0.03580246913580243
g2,AM/PM,visual_direction,42,1.7467813935433782,1.0351297146923724,0.9302469135802468,0.9064814814814814,-0.02376543209876536
g2,AM/PM,visual_direction,43,1.8114770007116516,1.0351297146923724,0.9290123456790124,0.8972222222222224,-0.03179012345679
g2,AM/PM,visual_direction,44,1.8761726078799248,1.0351297146923724,0.9061728395061728,0.8814814814814814,-0.024691358024691357
g2,AM/PM,visual_direction,45,1.9408682150481984,1.0351297146923724,0.8987654320987654,0.8675925925925926,-0.031172839506172778
g2,AM/PM,visual_direction,46,2.0055638222164713,1.0351297146923724,0.8851851851851852,0.8472222222222223,-0.037962962962962865
g2,A/RL/AL,auditory_direction,0,-0.9704341075240992,1.0351297146923724,0.4851851851851851,0.5166666666666666,0.0314814814814815
g2,A/RL/AL,auditory_direction,1,-0.9057385003558258,1.0351297146923724,0.4938271604938271,0.5171296296296296,0.023302469135802528
g2,A/RL/AL,auditory_direction,2,-0.8410428931875525,1.0351297146923724,0.5021604938271605,0.4949074074074074,-0.007253086419753141
g2,A/RL/AL,auditory_direction,3,-0.7763472860192793,1.0351297146923724,0.5104938271604939,0.5069444444444444,-0.003549382716049432
g2,A/RL/AL,auditory_direction,4,-0.711651678851006,1.0351297146923724,0.5169753086419754,0.5027777777777778,-0.014197530864197616
g2,A/RL/AL,auditory_direction,5,-0.6469560716827327,1.0351297146923724,0.5151234567901234,0.4888888888888888,-0.026234567901234573
g2,A/RL/AL,auditory_direction,6,-0.5822604645144595,1.0351297146923724,0.5077160493827161,0.5106481481481482,0.0029320987654321007
g2,A/RL/AL,auditory_direction,7,-0.5175648573461862,1.0351297146923724,0.4861111111111111,0.4893518518518518,0.0032407407407407107
g2,A/RL/AL,auditory_direction,8,-0.4528692501779129,1.0351297146923724,0.5027777777777778,0.5032407407407407,0.0004629629629628873
g2,A/RL/AL,auditory_direction,9,-0.3881736430096396,1.0351297146923724,0.5117283950617284,0.5152777777777777,0.0035493827160493208
g2,A/RL/AL,auditory_direction,10,-0.3234780358413663,1.0351297146923724,0.5077160493827161,0.4939814814814814,-0.013734567901234673
g2,A/RL/AL,auditory_direction,11,-0.2587824286730931,1.0351297146923724,0.4938271604938271,0.4958333333333333,0.002006172839506215
g2,A/RL/AL,auditory_direction,12,-0.1940868215048198,1.0351297146923724,0.5033950617283951,0.5087962962962963,0.005401234567901203
g2,A/RL/AL,auditory_direction,13,-0.1293912143365465,1.0351297146923724,0.4969135802469135,0.5055555555555555,0.008641975308642025
g2,A/RL/AL,auditory_direction,14,-0.0646956071682732,1.0351297146923724,0.5018518518518519,0.512962962962963,0.011111111111111072
g2,A/RL/AL,auditory_direction,15,0.0,1.0351297146923724,0.4962962962962963,0.4921296296296296,-0.004166666666666707
g2,A/RL/AL,auditory_direction,16,0.0646956071682732,1.0351297146923724,0.4981481481481482,0.5032407407407408,0.005092592592592593
g2,A/RL/AL,auditory_direction,17,0.1293912143365465,1.0351297146923724,0.5188271604938272,0.5013888888888889,-0.01743827160493827
g2,A/RL/AL,auditory_direction,18,0.1940868215048198,1.0351297146923724,0.4885802469135802,0.5615740740740741,0.07299382716049391
g2,A/RL/AL,auditory_direction,19,0.2587824286730931,1.0351297146923724,0.5404320987654322,0.561574074074074,0.021141975308641814
g2,A/RL/AL,auditory_direction,20,0.3234780358413663,1.0351297146923724,0.5824074074074074,0.5671296296296297,-0.015277777777777724
g2,A/RL/AL,auditory_direction,21,0.3881736430096396,1.0351297146923724,0.5919753086419753,0.5740740740740741,-0.01790123456790127
g2,A/RL/AL,auditory_direction,22,0.4528692501779129,1.0351297146923724,0.5916666666666667,0.5745370370370371,-0.017129629629629606
g2,A/RL/AL,auditory_direction,23,0.5175648573461862,1.0351297146923724,0.5941358024691358,0.5796296296296297,-0.01450617283950606
g2,A/RL/AL,auditory_direction,24,0.5822604645144595,1.0351297146923724,0.5873456790123457,0.5583333333333333,-0.02901234567901234
g2,A/RL/AL,auditory_direction,25,0.6469560716827327,1.0351297146923724,0.5842592592592593,0.5694444444444444,-0.014814814814814836
g2,A/RL/AL,auditory_direction,26,0.711651678851006,1.0351297146923724,0.5765432098765432,0.5699074074074074,-0.006635802469135754
g2,A/RL/AL,auditory_direction,27,0.7763472860192793,1.0351297146923724,0.5734567901234567,0.562962962962963,-0.01049382716049374
g2,A/RL/AL,auditory_direction,28,0.8410428931875525,1.0351297146923724,0.5484567901234568,0.5337962962962963,-0.014660493827160503
g2,A/RL/AL,auditory_direction,29,0.9057385003558258,1.0351297146923724,0.558641975308642,0.5546296296296296,-0.00401234567901243
g2,A/RL/AL,auditory_direction,30,0.9704341075240992,1.0351297146923724,0.5595679012345679,0.537037037037037,-0.02253086419753092
g2,A/RL/AL,auditory_direction,31,1.0351297146923724,1.0351297146923724,0.5413580246913581,0.5680555555555555,0.02669753086419746
g2,A/RL/AL,auditory_direction,32,1.0998253218606455,1.0351297146923724,0.5608024691358025,0.549537037037037,-0.011265432098765404
g2,A/RL/AL,auditory_direction,33,1.164520929028919,1.0351297146923724,0.5462962962962963,0.5601851851851852,0.01388888888888895
g2,A/RL/AL,auditory_direction,34,1.229216536197192,1.0351297146923724,0.5638888888888889,0.5805555555555556,0.01666666666666672
g2,A/RL/AL,auditory_direction,35,1.2939121433654657,1.0351297146923724,0.5462962962962963,0.5652777777777778,0.018981481481481488
g2,A/RL/AL,auditory_direction,36,1.3586077505337386,1.0351297146923724,0.5435185185185185,0.5689814814814815,0.02546296296296302
g2,A/RL/AL,auditory_direction,37,1.423303357702012,1.0351297146923724,0.5580246913580247,0.5583333333333333,0.00030864197530866555
g2,A/RL/AL,auditory_direction,38,1.4879989648702852,1.0351297146923724,0.5453703703703704,0.5259259259259259,-0.019444444444444486
g2,A/RL/AL,auditory_direction,39,1.5526945720385583,1.0351297146923724,0.5429012345679013,0.5356481481481482,-0.007253086419753085
g2,A/RL/AL,auditory_direction,40,1.6173901792068317,1.0351297146923724,0.537037037037037,0.5333333333333333,-0.0037037037037036535
g2,A/RL/AL,auditory_direction,41,1.682085786375105,1.0351297146923724,0.5425925925925926,0.5476851851851852,0.0050925925925925375
g2,A/RL/AL,auditory_direction,42,1.7467813935433782,1.0351297146923724,0.5222222222222223,0.5555555555555556,0.033333333333333326
g2,A/RL/AL,auditory_direction,43,1.8114770007116516,1.0351297146923724,0.5373456790123456,0.5421296296296296,0.004783950617283983
g2,A/RL/AL,auditory_direction,44,1.8761726078799248,1.0351297146923724,0.5228395061728395,0.5402777777777779,0.017438271604938382
g2,A/RL/AL,auditory_direction,45,1.9408682150481984,1.0351297146923724,0.533641975308642,0.5361111111111111,0.0024691358024691024
g2,A/RL/AL,auditory_direction,46,2.0055638222164713,1.0351297146923724,0.5277777777777778,0.5291666666666667,0.001388888888888884
g2,A/RL/AL,congruency,0,-0.9704341075240992,1.0351297146923724,0.5347222222222222,0.5048611111111111,-0.029861111111111116
g2,A/RL/AL,congruency,1,-0.9057385003558258,1.0351297146923724,0.4981481481481482,0.5,0.0018518518518518268
g2,A/RL/AL,congruency,2,-0.8410428931875525,1.0351297146923724,0.4870370370370371,0.4972222222222222,0.010185185185185075
g2,A/RL/AL,congruency,3,-0.7763472860192793,1.0351297146923724,0.5138888888888888,0.5048611111111112,-0.009027777777777635
g2,A/RL/AL,congruency,4,-0.711651678851006,1.0351297146923724,0.5106481481481482,0.5034722222222222,-0.0071759259259259744
g2,A/RL/AL,congruency,5,-0.6469560716827327,1.0351297146923724,0.4796296296296296,0.5125000000000001,0.032870370370370494
g2,A/RL/AL,congruency,6,-0.5822604645144595,1.0351297146923724,0.5037037037037038,0.479861111111111,-0.02384259259259275
g2,A/RL/AL,congruency,7,-0.5175648573461862,1.0351297146923724,0.5013888888888889,0.4930555555555555,-0.00833333333333336
g2,A/RL/AL,congruency,8,-0.4528692501779129,1.0351297146923724,0.4958333333333333,0.4777777777777777,-0.018055555555555602
g2,A/RL/AL,congruency,9,-0.3881736430096396,1.0351297146923724,0.5083333333333333,0.4895833333333333,-0.01874999999999999
g2,A/RL/AL,congruency,10,-0.3234780358413663,1.0351297146923724,0.486574074074074,0.4868055555555555,0.00023148148148149916
g2,A/RL/AL,congruency,11,-0.2587824286730931,1.0351297146923724,0.5097222222222223,0.5048611111111111,-0.004861111111111205
g2,A/RL/AL,congruency,12,-0.1940868215048198,1.0351297146923724,0.524074074074074,0.4965277777777778,-0.027546296296296235
g2,A/RL/AL,congruency,13,-0.1293912143365465,1.0351297146923724,0.5157407407407407,0.5097222222222223,-0.006018518518518423
g2,A/RL/AL,congruency,14,-0.0646956071682732,1.0351297146923724,0.4912037037037036,0.5083333333333333,0.017129629629629717
g2,A/RL/AL,congruency,15,0.0,1.0351297146923724,0.4962962962962963,0.4951388888888888,-0.0011574074074074958
g2,A/RL/AL,congruency,16,0.0646956071682732,1.0351297146923724,0.5101851851851852,0.4916666666666667,-0.01851851851851849
g2,A/RL/AL,congruency,17,0.1293912143365465,1.0351297146923724,0.4930555555555556,0.4777777777777777,-0.01527777777777789
g2,A/RL/AL,congruency,18,0.1940868215048198,1.0351297146923724,0.5027777777777778,0.5020833333333333,-0.000694444444444442
g2,A/RL/AL,congruency,19,0.2587824286730931,1.0351297146923724,0.4833333333333334,0.5,0.016666666666666607
g2,A/RL/AL,congruency,20,0.3234780358413663,1.0351297146923724,0.5078703703703703,0.4645833333333333,-0.04328703703703701
g2,A/RL/AL,congruency,21,0.3881736430096396,1.0351297146923724,0.4935185185185184,0.4833333333333333,-0.01018518518518513
g2,A/RL/AL,congruency,22,0.4528692501779129,1.0351297146923724,0.5212962962962963,0.4826388888888889,-0.03865740740740736
g2,A/RL/AL,congruency,23,0.5175648573461862,1.0351297146923724,0.4842592592592592,0.4979166666666667,0.013657407407407451
g2,A/RL/AL,congruency,24,0.5822604645144595,1.0351297146923724,0.499074074074074,0.4993055555555555,0.00023148148148149916
g2,A/RL/AL,congruency,25,0.6469560716827327,1.0351297146923724,0.4842592592592592,0.4993055555555555,0.01504629629629628
g2,A/RL/AL,congruency,26,0.711651678851006,1.0351297146923724,0.4949074074074074,0.5076388888888889,0.012731481481481455
g2,A/RL/AL,congruency,27,0.7763472860192793,1.0351297146923724,0.5027777777777778,0.4715277777777777,-0.031250000000000056
g2,A/RL/AL,congruency,28,0.8410428931875525,1.0351297146923724,0.4958333333333333,0.5166666666666667,0.020833333333333426
g2,A/RL/AL,congruency,29,0.9057385003558258,1.0351297146923724,0.5055555555555555,0.5194444444444444,0.01388888888888884
g2,A/RL/AL,congruency,30,0.9704341075240992,1.0351297146923724,0.5212962962962963,0.4923611111111111,-0.028935185185185175
g2,A/RL/AL,congruency,31,1.0351297146923724,1.0351297146923724,0.5064814814814815,0.4881944444444445,-0.018287037037037046
g2,A/RL/AL,congruency,32,1.0998253218606455,1.0351297146923724,0.5083333333333334,0.5118055555555555,0.003472222222222099
g2,A/RL/AL,congruency,33,1.164520929028919,1.0351297146923724,0.5375000000000001,0.5069444444444444,-0.03055555555555567
g2,A/RL/AL,congruency,34,1.229216536197192,1.0351297146923724,0.5111111111111112,0.479861111111111,-0.03125000000000017
g2,A/RL/AL,congruency,35,1.2939121433654657,1.0351297146923724,0.5175925925925926,0.5125000000000001,-0.0050925925925925375
g2,A/RL/AL,congruency,36,1.3586077505337386,1.0351297146923724,0.5212962962962963,0.507638888888889,-0.013657407407407285
g2,A/RL/AL,congruency,37,1.423303357702012,1.0351297146923724,0.5064814814814814,0.5013888888888889,-0.0050925925925925375
g2,A/RL/AL,congruency,38,1.4879989648702852,1.0351297146923724,0.5087962962962963,0.4798611111111112,-0.02893518518518512
g2,A/RL/AL,congruency,39,1.5526945720385583,1.0351297146923724,0.5115740740740741,0.5055555555555555,-0.006018518518518534
g2,A/RL/AL,congruency,40,1.6173901792068317,1.0351297146923724,0.5092592592592593,0.5083333333333333,-0.0009259259259259967
g2,A/RL/AL,congruency,41,1.682085786375105,1.0351297146923724,0.5092592592592593,0.4763888888888888,-0.032870370370370494
g2,A/RL/AL,congruency,42,1.7467813935433782,1.0351297146923724,0.5236111111111111,0.4611111111111111,-0.06250000000000006
g2,A/RL/AL,congruency,43,1.8114770007116516,1.0351297146923724,0.4986111111111111,0.4944444444444444,-0.004166666666666707
g2,A/RL/AL,congruency,44,1.8761726078799248,1.0351297146923724,0.5101851851851852,0.4875,-0.022685185185185197
g2,A/RL/AL,congruency,45,1.9408682150481984,1.0351297146923724,0.5013888888888889,0.5111111111111112,0.009722222222222299
g2,A/RL/AL,congruency,46,2.0055638222164713,1.0351297146923724,0.4699074074074074,0.5145833333333333,0.0446759259259259
g2,A/RL/AL,modality,0,-0.9704341075240992,1.0351297146923724,0.3351851851851852,0.3298611111111111,-0.005324074074074092
g2,A/RL/AL,modality,1,-0.9057385003558258,1.0351297146923724,0.345216049382716,0.3546296296296296,0.009413580246913578
g2,A/RL/AL,modality,2,-0.8410428931875525,1.0351297146923724,0.3462962962962962,0.3300925925925926,-0.01620370370370361
g2,A/RL/AL,modality,3,-0.7763472860192793,1.0351297146923724,0.3239197530864197,0.3203703703703704,-0.0035493827160492653
g2,A/RL/AL,modality,4,-0.711651678851006,1.0351297146923724,0.3279320987654321,0.343287037037037,0.01535493827160489
g2,A/RL/AL,modality,5,-0.6469560716827327,1.0351297146923724,0.3438271604938271,0.3356481481481481,-0.008179012345679026
g2,A/RL/AL,modality,6,-0.5822604645144595,1.0351297146923724,0.3333333333333333,0.3326388888888889,-0.000694444444444442
g2,A/RL/AL,modality,7,-0.5175648573461862,1.0351297146923724,0.3387345679012346,0.3344907407407407,-0.004243827160493874
g2,A/RL/AL,modality,8,-0.4528692501779129,1.0351297146923724,0.3316358024691357,0.3444444444444444,0.012808641975308677
g2,A/RL/AL,modality,9,-0.3881736430096396,1.0351297146923724,0.3339506172839506,0.3472222222222222,0.01327160493827162
g2,A/RL/AL,modality,10,-0.3234780358413663,1.0351297146923724,0.3351851851851852,0.3430555555555555,0.007870370370370305
g2,A/RL/AL,modality,11,-0.2587824286730931,1.0351297146923724,0.3371913580246913,0.3335648148148148,-0.003626543209876487
g2,A/RL/AL,modality,12,-0.1940868215048198,1.0351297146923724,0.3310185185185185,0.3377314814814814,0.006712962962962921
g2,A/RL/AL,modality,13,-0.1293912143365465,1.0351297146923724,0.3396604938271605,0.34375,0.0040895061728394855
g2,A/RL/AL,modality,14,-0.0646956071682732,1.0351297146923724,0.3472222222222222,0.3418981481481482,-0.005324074074074037
g2,A/RL/AL,modality,15,0.0,1.0351297146923724,0.3489197530864198,0.3541666666666667,0.00524691358024687
g2,A/RL/AL,modality,16,0.0646956071682732,1.0351297146923724,0.3558641975308642,0.35625,0.00038580246913583194
g2,A/RL/AL,modality,17,0.1293912143365465,1.0351297146923724,0.361574074074074,0.3631944444444444,0.0016203703703703831
g2,A/RL/AL,modality,18,0.1940868215048198,1.0351297146923724,0.4462962962962962,0.4995370370370371,0.05324074074074092
g2,A/RL/AL,modality,19,0.2587824286730931,1.0351297146923724,0.6131172839506173,0.6671296296296296,0.054012345679012363
g2,A/RL/AL,modality,20,0.3234780358413663,1.0351297146923724,0.6410493827160494,0.6752314814814814,0.03418209876543199
g2,A/RL/AL,modality,21,0.3881736430096396,1.0351297146923724,0.6665123456790124,0.7050925925925926,0.038580246913580196
g2,A/RL/AL,modality,22,0.4528692501779129,1.0351297146923724,0.6932098765432099,0.7215277777777778,0.0283179012345679
g2,A/RL/AL,modality,23,0.5175648573461862,1.0351297146923724,0.716358024691358,0.7347222222222223,0.018364197530864268
g2,A/RL/AL,modality,24,0.5822604645144595,1.0351297146923724,0.7296296296296295,0.7620370370370371,0.03240740740740755
g2,A/RL/AL,modality,25,0.6469560716827327,1.0351297146923724,0.7407407407407408,0.768287037037037,0.027546296296296235
g2,A/RL/AL,modality,26,0.711651678851006,1.0351297146923724,0.7337962962962963,0.7703703703703704,0.03657407407407409
g2,A/RL/AL,modality,27,0.7763472860192793,1.0351297146923724,0.7550925925925926,0.7710648148148148,0.015972222222222165
g2,A/RL/AL,modality,28,0.8410428931875525,1.0351297146923724,0.7567901234567902,0.7761574074074075,0.019367283950617264
g2,A/RL/AL,modality,29,0.9057385003558258,1.0351297146923724,0.7526234567901234,0.7944444444444445,0.04182098765432107
g2,A/RL/AL,modality,30,0.9704341075240992,1.0351297146923724,0.7398148148148148,0.7840277777777778,0.044212962962962954
g2,A/RL/AL,modality,31,1.0351297146923724,1.0351297146923724,0.7501543209876543,0.7844907407407408,0.03433641975308643
g2,A/RL/AL,modality,32,1.0998253218606455,1.0351297146923724,0.733179012345679,0.7796296296296297,0.046450617283950724
g2,A/RL/AL,modality,33,1.164520929028919,1.0351297146923724,0.7316358024691358,0.7900462962962963,0.05841049382716046
g2,A/RL/AL,modality,34,1.229216536197192,1.0351297146923724,0.7320987654320987,0.7833333333333333,0.051234567901234596
g2,A/RL/AL,modality,35,1.2939121433654657,1.0351297146923724,0.7348765432098766,0.7868055555555555,0.05192901234567893
g2,A/RL/AL,modality,36,1.3586077505337386,1.0351297146923724,0.7151234567901233,0.7740740740740741,0.05895061728395079
g2,A/RL/AL,modality,37,1.423303357702012,1.0351297146923724,0.7239197530864198,0.7592592592592592,0.03533950617283943
g2,A/RL/AL,modality,38,1.4879989648702852,1.0351297146923724,0.7024691358024692,0.7504629629629629,0.04799382716049372
g2,A/RL/AL,modality,39,1.5526945720385583,1.0351297146923724,0.6936728395061729,0.7418981481481481,0.04822530864197527
g2,A/RL/AL,modality,40,1.6173901792068317,1.0351297146923724,0.6848765432098766,0.7266203703703704,0.04174382716049385
g2,A/RL/AL,modality,41,1.682085786375105,1.0351297146923724,0.6688271604938271,0.7263888888888889,0.057561728395061795
g2,A/RL/AL,modality,42,1.7467813935433782,1.0351297146923724,0.6618827160493828,0.7092592592592593,0.0473765432098765
g2,A/RL/AL,modality,43,1.8114770007116516,1.0351297146923724,0.6481481481481481,0.6993055555555556,0.051157407407407485
g2,A/RL/AL,modality,44,1.8761726078799248,1.0351297146923724,0.634104938271605,0.6715277777777778,0.03742283950617287
g2,A/RL/AL,modality,45,1.9408682150481984,1.0351297146923724,0.6297839506172839,0.642824074074074,0.013040123456790176
g2,A/RL/AL,modality,46,2.0055638222164713,1.0351297146923724,0.5992283950617284,0.6178240740740741,0.01859567901234571
g2,A/RL/AL,trial_type,0,-0.9704341075240992,1.0351297146923724,0.1150462962962962,0.1229166666666666,0.007870370370370403
g2,A/RL/AL,trial_type,1,-0.9057385003558258,1.0351297146923724,0.1372685185185185,0.1340277777777777,-0.0032407407407408217
g2,A/RL/AL,trial_type,2,-0.8410428931875525,1.0351297146923724,0.1280092592592592,0.1270833333333333,-0.0009259259259259134
g2,A/RL/AL,trial_type,3,-0.7763472860192793,1.0351297146923724,0.13125,0.1225694444444444,-0.008680555555555608
g2,A/RL/AL,trial_type,4,-0.711651678851006,1.0351297146923724,0.1261574074074074,0.1326388888888889,0.006481481481481477
g2,A/RL/AL,trial_type,5,-0.6469560716827327,1.0351297146923724,0.1300925925925926,0.1197916666666666,-0.010300925925925991
g2,A/RL/AL,trial_type,6,-0.5822604645144595,1.0351297146923724,0.1259259259259259,0.1239583333333333,-0.001967592592592618
g2,A/RL/AL,trial_type,7,-0.5175648573461862,1.0351297146923724,0.1344907407407407,0.1170138888888888,-0.017476851851851882
g2,A/RL/AL,trial_type,8,-0.4528692501779129,1.0351297146923724,0.1212962962962962,0.1288194444444444,0.007523148148148209
g2,A/RL/AL,trial_type,9,-0.3881736430096396,1.0351297146923724,0.1293981481481481,0.1239583333333333,-0.0054398148148148
g2,A/RL/AL,trial_type,10,-0.3234780358413663,1.0351297146923724,0.1298611111111111,0.1340277777777777,0.004166666666666596
g2,A/RL/AL,trial_type,11,-0.2587824286730931,1.0351297146923724,0.1317129629629629,0.1288194444444444,-0.0028935185185184897
g2,A/RL/AL,trial_type,12,-0.1940868215048198,1.0351297146923724,0.1231481481481481,0.1208333333333333,-0.0023148148148147973
g2,A/RL/AL,trial_type,13,-0.1293912143365465,1.0351297146923724,0.1206018518518518,0.1239583333333333,0.003356481481481502
g2,A/RL/AL,trial_type,14,-0.0646956071682732,1.0351297146923724,0.1328703703703704,0.1315972222222222,-0.0012731481481481899
g2,A/RL/AL,trial_type,15,0.0,1.0351297146923724,0.1344907407407407,0.1381944444444444,0.003703703703703709
g2,A/RL/AL,trial_type,16,0.0646956071682732,1.0351297146923724,0.130324074074074,0.1385416666666666,0.008217592592592582
g2,A/RL/AL,trial_type,17,0.1293912143365465,1.0351297146923724,0.1381944444444444,0.1298611111111111,-0.008333333333333304
g2,A/RL/AL,trial_type,18,0.1940868215048198,1.0351297146923724,0.1724537037037037,0.2045138888888888,0.03206018518518511
g2,A/RL/AL,trial_type,19,0.2587824286730931,1.0351297146923724,0.2831018518518518,0.3017361111111111,0.018634259259259267
g2,A/RL/AL,trial_type,20,0.3234780358413663,1.0351297146923724,0.361574074074074,0.3506944444444445,-0.010879629629629517
g2,A/RL/AL,trial_type,21,0.3881736430096396,1.0351297146923724,0.4046296296296296,0.4065972222222222,0.001967592592592604
g2,A/RL/AL,trial_type,22,0.4528692501779129,1.0351297146923724,0.4418981481481481,0.4190972222222222,-0.02280092592592592
g2,A/RL/AL,trial_type,23,0.5175648573461862,1.0351297146923724,0.4587962962962963,0.4621527777777778,0.003356481481481488
g2,A/RL/AL,trial_type,24,0.5822604645144595,1.0351297146923724,0.4583333333333333,0.4760416666666666,0.01770833333333327
g2,A/RL/AL,trial_type,25,0.6469560716827327,1.0351297146923724,0.4483796296296296,0.4777777777777778,0.02939814814814823
g2,A/RL/AL,trial_type,26,0.711651678851006,1.0351297146923724,0.455324074074074,0.4659722222222222,0.010648148148148184
g2,A/RL/AL,trial_type,27,0.7763472860192793,1.0351297146923724,0.4527777777777778,0.4645833333333333,0.011805555555555514
g2,A/RL/AL,trial_type,28,0.8410428931875525,1.0351297146923724,0.4347222222222222,0.4604166666666667,0.02569444444444452
g2,A/RL/AL,trial_type,29,0.9057385003558258,1.0351297146923724,0.4405092592592592,0.4729166666666666,0.032407407407407385
g2,A/RL/AL,trial_type,30,0.9704341075240992,1.0351297146923724,0.4391203703703704,0.4694444444444444,0.030324074074074003
g2,A/RL/AL,trial_type,31,1.0351297146923724,1.0351297146923724,0.4391203703703704,0.4878472222222222,0.04872685185185183
g2,A/RL/AL,trial_type,32,1.0998253218606455,1.0351297146923724,0.4497685185185185,0.4656249999999999,0.015856481481481388
g2,A/RL/AL,trial_type,33,1.164520929028919,1.0351297146923724,0.4416666666666667,0.4715277777777777,0.029861111111111005
g2,A/RL/AL,trial_type,34,1.229216536197192,1.0351297146923724,0.4358796296296297,0.471875,0.035995370370370317
g2,A/RL/AL,trial_type,35,1.2939121433654657,1.0351297146923724,0.4180555555555555,0.4784722222222222,0.060416666666666674
g2,A/RL/AL,trial_type,36,1.3586077505337386,1.0351297146923724,0.4134259259259259,0.4697916666666666,0.05636574074074069
g2,A/RL/AL,trial_type,37,1.423303357702012,1.0351297146923724,0.3990740740740741,0.4423611111111111,0.04328703703703701
g2,A/RL/AL,trial_type,38,1.4879989648702852,1.0351297146923724,0.3956018518518518,0.4253472222222222,0.029745370370370394
g2,A/RL/AL,trial_type,39,1.5526945720385583,1.0351297146923724,0.3814814814814815,0.4125,0.0310185185185185
g2,A/RL/AL,trial_type,40,1.6173901792068317,1.0351297146923724,0.3675925925925926,0.4069444444444444,0.039351851851851805
g2,A/RL/AL,trial_type,41,1.682085786375105,1.0351297146923724,0.3423611111111111,0.4027777777777778,0.060416666666666674
g2,A/RL/AL,trial_type,42,1.7467813935433782,1.0351297146923724,0.3462962962962962,0.3885416666666667,0.04224537037037046
g2,A/RL/AL,trial_type,43,1.8114770007116516,1.0351297146923724,0.3203703703703703,0.3722222222222222,0.05185185185185187
g2,A/RL/AL,trial_type,44,1.8761726078799248,1.0351297146923724,0.3203703703703703,0.3513888888888889,0.031018518518518612
g2,A/RL/AL,trial_type,45,1.9408682150481984,1.0351297146923724,0.3016203703703703,0.3371527777777777,0.035532407407407374
g2,A/RL/AL,trial_type,46,2.0055638222164713,1.0351297146923724,0.2953703703703704,0.3111111111111111,0.015740740740740722
g2,A/RL/AL,visual_direction,0,-0.9704341075240992,1.0351297146923724,0.525,0.5013888888888889,-0.023611111111111138
g2,A/RL/AL,visual_direction,1,-0.9057385003558258,1.0351297146923724,0.5135802469135803,0.5101851851851852,-0.003395061728395099
g2,A/RL/AL,visual_direction,2,-0.8410428931875525,1.0351297146923724,0.5064814814814814,0.5087962962962963,0.0023148148148148806
g2,A/RL/AL,visual_direction,3,-0.7763472860192793,1.0351297146923724,0.5197530864197532,0.4981481481481481,-0.021604938271605034
g2,A/RL/AL,visual_direction,4,-0.711651678851006,1.0351297146923724,0.5104938271604939,0.5078703703703704,-0.002623456790123435
g2,A/RL/AL,visual_direction,5,-0.6469560716827327,1.0351297146923724,0.4962962962962963,0.4763888888888888,-0.019907407407407485
g2,A/RL/AL,visual_direction,6,-0.5822604645144595,1.0351297146923724,0.5126543209876543,0.5101851851851852,-0.0024691358024691024
g2,A/RL/AL,visual_direction,7,-0.5175648573461862,1.0351297146923724,0.5203703703703704,0.499537037037037,-0.02083333333333337
g2,A/RL/AL,visual_direction,8,-0.4528692501779129,1.0351297146923724,0.4987654320987654,0.5074074074074074,0.008641975308642025
g2,A/RL/AL,visual_direction,9,-0.3881736430096396,1.0351297146923724,0.5145061728395062,0.475462962962963,-0.039043209876543195
g2,A/RL/AL,visual_direction,10,-0.3234780358413663,1.0351297146923724,0.5126543209876543,0.5152777777777778,0.002623456790123546
g2,A/RL/AL,visual_direction,11,-0.2587824286730931,1.0351297146923724,0.5188271604938272,0.5125000000000001,-0.006327160493827089
g2,A/RL/AL,visual_direction,12,-0.1940868215048198,1.0351297146923724,0.5098765432098765,0.4939814814814814,-0.01589506172839511
g2,A/RL/AL,visual_direction,13,-0.1293912143365465,1.0351297146923724,0.4984567901234567,0.4888888888888889,-0.0095679012345678
g2,A/RL/AL,visual_direction,14,-0.0646956071682732,1.0351297146923724,0.524074074074074,0.4902777777777778,-0.03379629629629621
g2,A/RL/AL,visual_direction,15,0.0,1.0351297146923724,0.5040123456790123,0.5143518518518518,0.010339506172839519
g2,A/RL/AL,visual_direction,16,0.0646956071682732,1.0351297146923724,0.491358024691358,0.5064814814814815,0.015123456790123557
g2,A/RL/AL,visual_direction,17,0.1293912143365465,1.0351297146923724,0.4922839506172839,0.5023148148148148,0.010030864197530853
g2,A/RL/AL,visual_direction,18,0.1940868215048198,1.0351297146923724,0.5108024691358025,0.5287037037037037,0.01790123456790116
g2,A/RL/AL,visual_direction,19,0.2587824286730931,1.0351297146923724,0.6651234567901234,0.6680555555555556,0.0029320987654322117
g2,A/RL/AL,visual_direction,20,0.3234780358413663,1.0351297146923724,0.7885802469135803,0.7768518518518518,-0.011728395061728514
g2,A/RL/AL,visual_direction,21,0.3881736430096396,1.0351297146923724,0.869753086419753,0.8634259259259258,-0.0063271604938272
g2,A/RL/AL,visual_direction,22,0.4528692501779129,1.0351297146923724,0.9117283950617284,0.8981481481481483,-0.013580246913580174
g2,A/RL/AL,visual_direction,23,0.5175648573461862,1.0351297146923724,0.9290123456790124,0.9407407407407408,0.011728395061728403
g2,A/RL/AL,visual_direction,24,0.5822604645144595,1.0351297146923724,0.9351851851851852,0.9481481481481482,0.012962962962962954
g2,A/RL/AL,visual_direction,25,0.6469560716827327,1.0351297146923724,0.9222222222222222,0.9490740740740742,0.026851851851852016
g2,A/RL/AL,visual_direction,26,0.711651678851006,1.0351297146923724,0.9046296296296296,0.925925925925926,0.02129629629629648
g2,A/RL/AL,visual_direction,27,0.7763472860192793,1.0351297146923724,0.8950617283950617,0.9125,0.01743827160493827
g2,A/RL/AL,visual_direction,28,0.8410428931875525,1.0351297146923724,0.8864197530864198,0.911574074074074,0.025154320987654133
g2,A/RL/AL,visual_direction,29,0.9057385003558258,1.0351297146923724,0.8836419753086421,0.9166666666666666,0.03302469135802455
g2,A/RL/AL,visual_direction,30,0.9704341075240992,1.0351297146923724,0.9003086419753087,0.9342592592592592,0.033950617283950546
g2,A/RL/AL,visual_direction,31,1.0351297146923724,1.0351297146923724,0.9098765432098764,0.9208333333333334,0.010956790123456961
g2,A/RL/AL,visual_direction,32,1.0998253218606455,1.0351297146923724,0.9200617283950616,0.9185185185185184,-0.0015432098765432167
g2,A/RL/AL,visual_direction,33,1.164520929028919,1.0351297146923724,0.915432098765432,0.9222222222222224,0.00679012345679042
g2,A/RL/AL,visual_direction,34,1.229216536197192,1.0351297146923724,0.9003086419753087,0.912962962962963,0.012654320987654288
g2,A/RL/AL,visual_direction,35,1.2939121433654657,1.0351297146923724,0.884567901234568,0.8986111111111111,0.014043209876543172
g2,A/RL/AL,visual_direction,36,1.3586077505337386,1.0351297146923724,0.8753086419753088,0.8935185185185185,0.018209876543209713
g2,A/RL/AL,visual_direction,37,1.423303357702012,1.0351297146923724,0.8570987654320987,0.8648148148148147,0.007716049382715973
g2,A/RL/AL,visual_direction,38,1.4879989648702852,1.0351297146923724,0.8546296296296297,0.8689814814814816,0.014351851851851838
g2,A/RL/AL,visual_direction,39,1.5526945720385583,1.0351297146923724,0.8231481481481482,0.8564814814814815,0.033333333333333326
g2,A/RL/AL,visual_direction,40,1.6173901792068317,1.0351297146923724,0.825925925925926,0.8361111111111111,0.010185185185185186
g2,A/RL/AL,visual_direction,41,1.682085786375105,1.0351297146923724,0.8003086419753086,0.8097222222222222,0.009413580246913633
g2,A/RL/AL,visual_direction,42,1.7467813935433782,1.0351297146923724,0.7777777777777778,0.8004629629629629,0.02268518518518514
g2,A/RL/AL,visual_direction,43,1.8114770007116516,1.0351297146923724,0.7845679012345679,0.7902777777777777,0.005709876543209869
g2,A/RL/AL,visual_direction,44,1.8761726078799248,1.0351297146923724,0.7567901234567902,0.7861111111111111,0.029320987654320896
g2,A/RL/AL,visual_direction,45,1.9408682150481984,1.0351297146923724,0.755246913580247,0.7601851851851852,0.004938271604938205
g2,A/RL/AL,visual_direction,46,2.0055638222164713,1.0351297146923724,0.7466049382716049,0.7625,0.015895061728395055
g2,LM,auditory_direction,0,-0.9704341075240992,1.0351297146923724,0.4907407407407407,0.5,0.0092592592592593
g2,LM,auditory_direction,1,-0.9057385003558258,1.0351297146923724,0.5333333333333333,0.4833333333333333,-0.050000000000000044
g2,LM,auditory_direction,2,-0.8410428931875525,1.0351297146923724,0.4574074074074074,0.5203703703703704,0.062962962962963
g2,LM,auditory_direction,3,-0.7763472860192793,1.0351297146923724,0.5388888888888889,0.5407407407407406,0.0018518518518517713
g2,LM,auditory_direction,4,-0.711651678851006,1.0351297146923724,0.5,0.5037037037037037,0.0037037037037036535
g2,LM,auditory_direction,5,-0.6469560716827327,1.0351297146923724,0.5,0.5166666666666666,0.016666666666666607
g2,LM,auditory_direction,6,-0.5822604645144595,1.0351297146923724,0.4777777777777777,0.5,0.02222222222222231
g2,LM,auditory_direction,7,-0.5175648573461862,1.0351297146923724,0.4833333333333334,0.5222222222222221,0.03888888888888875
g2,LM,auditory_direction,8,-0.4528692501779129,1.0351297146923724,0.4703703703703704,0.524074074074074,0.05370370370370364
g2,LM,auditory_direction,9,-0.3881736430096396,1.0351297146923724,0.5185185185185185,0.5611111111111112,0.04259259259259274
g2,LM,auditory_direction,10,-0.3234780358413663,1.0351297146923724,0.5037037037037038,0.4722222222222222,-0.031481481481481555
g2,LM,auditory_direction,11,-0.2587824286730931,1.0351297146923724,0.5092592592592593,0.5018518518518518,-0.007407407407407529
g2,LM,auditory_direction,12,-0.1940868215048198,1.0351297146923724,0.5,0.5277777777777779,0.0277777777777779
g2,LM,auditory_direction,13,-0.1293912143365465,1.0351297146923724,0.5,0.5166666666666666,0.016666666666666607
g2,LM,auditory_direction,14,-0.0646956071682732,1.0351297146923724,0.5166666666666666,0.4777777777777777,-0.03888888888888892
g2,LM,auditory_direction,15,0.0,1.0351297146923724,0.5037037037037038,0.45,-0.05370370370370375
g2,LM,auditory_direction,16,0.0646956071682732,1.0351297146923724,0.4925925925925926,0.5314814814814814,0.03888888888888886
g2,LM,auditory_direction,17,0.1293912143365465,1.0351297146923724,0.5203703703703704,0.4685185185185185,-0.05185185185185187
g2,LM,auditory_direction,18,0.1940868215048198,1.0351297146923724,0.5,0.5111111111111111,0.011111111111111072
g2,LM,auditory_direction,19,0.2587824286730931,1.0351297146923724,0.474074074074074,0.4666666666666666,-0.007407407407407363
g2,LM,auditory_direction,20,0.3234780358413663,1.0351297146923724,0.5277777777777778,0.4981481481481482,-0.029629629629629617
g2,LM,auditory_direction,21,0.3881736430096396,1.0351297146923724,0.5185185185185185,0.5055555555555555,-0.012962962962962954
g2,LM,auditory_direction,22,0.4528692501779129,1.0351297146923724,0.4907407407407406,0.437037037037037,-0.05370370370370359
g2,LM,auditory_direction,23,0.5175648573461862,1.0351297146923724,0.5314814814814814,0.4925925925925926,-0.03888888888888886
g2,LM,auditory_direction,24,0.5822604645144595,1.0351297146923724,0.487037037037037,0.4907407407407407,0.003703703703703709
g2,LM,auditory_direction,25,0.6469560716827327,1.0351297146923724,0.5555555555555556,0.5425925925925926,-0.012962962962962954
g2,LM,auditory_direction,26,0.711651678851006,1.0351297146923724,0.5,0.5222222222222224,0.022222222222222365
g2,LM,auditory_direction,27,0.7763472860192793,1.0351297146923724,0.5203703703703704,0.4851851851851851,-0.035185185185185264
g2,LM,auditory_direction,28,0.8410428931875525,1.0351297146923724,0.5074074074074074,0.4833333333333333,-0.024074074074074137
g2,LM,auditory_direction,29,0.9057385003558258,1.0351297146923724,0.4592592592592592,0.475925925925926,0.016666666666666774
g2,LM,auditory_direction,30,0.9704341075240992,1.0351297146923724,0.487037037037037,0.5185185185185184,0.03148148148148139
g2,LM,auditory_direction,31,1.0351297146923724,1.0351297146923724,0.4888888888888889,0.4777777777777777,-0.011111111111111183
g2,LM,auditory_direction,32,1.0998253218606455,1.0351297146923724,0.512962962962963,0.5148148148148148,0.0018518518518518823
g2,LM,auditory_direction,33,1.164520929028919,1.0351297146923724,0.4537037037037037,0.4777777777777778,0.02407407407407408
g2,LM,auditory_direction,34,1.229216536197192,1.0351297146923724,0.5277777777777778,0.5518518518518518,0.024074074074074026
g2,LM,auditory_direction,35,1.2939121433654657,1.0351297146923724,0.5166666666666667,0.5166666666666666,-1.1102230246251565e-16
g2,LM,auditory_direction,36,1.3586077505337386,1.0351297146923724,0.548148148148148,0.512962962962963,-0.0351851851851851
g2,LM,auditory_direction,37,1.423303357702012,1.0351297146923724,0.524074074074074,0.4833333333333334,-0.04074074074074063
g2,LM,auditory_direction,38,1.4879989648702852,1.0351297146923724,0.5,0.5166666666666666,0.016666666666666607
g2,LM,auditory_direction,39,1.5526945720385583,1.0351297146923724,0.5055555555555555,0.5074074074074074,0.0018518518518518823
g2,LM,auditory_direction,40,1.6173901792068317,1.0351297146923724,0.5314814814814816,0.5,-0.031481481481481555
g2,LM,auditory_direction,41,1.682085786375105,1.0351297146923724,0.5370370370370371,0.5148148148148147,-0.022222222222222365
g2,LM,auditory_direction,42,1.7467813935433782,1.0351297146923724,0.45,0.4981481481481481,0.04814814814814811
g2,LM,auditory_direction,43,1.8114770007116516,1.0351297146923724,0.4962962962962963,0.5074074074074074,0.011111111111111127
g2,LM,auditory_direction,44,1.8761726078799248,1.0351297146923724,0.5,0.5111111111111111,0.011111111111111072
g2,LM,auditory_direction,45,1.9408682150481984,1.0351297146923724,0.5092592592592592,0.5351851851851851,0.025925925925925908
g2,LM,auditory_direction,46,2.0055638222164713,1.0351297146923724,0.4888888888888889,0.562962962962963,0.07407407407407413
g2,LM,congruency,0,-0.9704341075240992,1.0351297146923724,0.5583333333333333,0.4972222222222222,-0.06111111111111117
g2,LM,congruency,1,-0.9057385003558258,1.0351297146923724,0.5166666666666666,0.5055555555555555,-0.011111111111111072
g2,LM,congruency,2,-0.8410428931875525,1.0351297146923724,0.5638888888888889,0.5,-0.06388888888888888
g2,LM,congruency,3,-0.7763472860192793,1.0351297146923724,0.5,0.5222222222222221,0.022222222222222143
g2,LM,congruency,4,-0.711651678851006,1.0351297146923724,0.4944444444444444,0.4916666666666667,-0.0027777777777777124
g2,LM,congruency,5,-0.6469560716827327,1.0351297146923724,0.4722222222222222,0.4916666666666666,0.019444444444444375
g2,LM,congruency,6,-0.5822604645144595,1.0351297146923724,0.4666666666666667,0.4777777777777777,0.011111111111111016
g2,LM,congruency,7,-0.5175648573461862,1.0351297146923724,0.4944444444444444,0.486111111111111,-0.008333333333333415
g2,LM,congruency,8,-0.4528692501779129,1.0351297146923724,0.4638888888888888,0.5,0.036111111111111205
g2,LM,congruency,9,-0.3881736430096396,1.0351297146923724,0.4666666666666666,0.5305555555555556,0.06388888888888894
g2,LM,congruency,10,-0.3234780358413663,1.0351297146923724,0.5194444444444445,0.5,-0.019444444444444486
g2,LM,congruency,11,-0.2587824286730931,1.0351297146923724,0.4722222222222223,0.5,0.02777777777777768
g2,LM,congruency,12,-0.1940868215048198,1.0351297146923724,0.4916666666666667,0.475,-0.01666666666666672
g2,LM,congruency,13,-0.1293912143365465,1.0351297146923724,0.5444444444444445,0.513888888888889,-0.030555555555555558
g2,LM,congruency,14,-0.0646956071682732,1.0351297146923724,0.5,0.4916666666666667,-0.008333333333333304
g2,LM,congruency,15,0.0,1.0351297146923724,0.4944444444444444,0.5083333333333333,0.013888888888888895
g2,LM,congruency,16,0.0646956071682732,1.0351297146923724,0.4694444444444444,0.5027777777777777,0.03333333333333327
g2,LM,congruency,17,0.1293912143365465,1.0351297146923724,0.5166666666666667,0.4527777777777778,-0.06388888888888894
g2,LM,congruency,18,0.1940868215048198,1.0351297146923724,0.513888888888889,0.4694444444444444,-0.044444444444444564
g2,LM,congruency,19,0.2587824286730931,1.0351297146923724,0.4166666666666667,0.4833333333333334,0.06666666666666671
g2,LM,congruency,20,0.3234780358413663,1.0351297146923724,0.5138888888888888,0.4694444444444444,-0.04444444444444445
g2,LM,congruency,21,0.3881736430096396,1.0351297146923724,0.5888888888888889,0.4666666666666666,-0.12222222222222229
g2,LM,congruency,22,0.4528692501779129,1.0351297146923724,0.4583333333333333,0.4916666666666667,0.03333333333333338
g2,LM,congruency,23,0.5175648573461862,1.0351297146923724,0.4666666666666667,0.4888888888888889,0.0222222222222222
g2,LM,congruency,24,0.5822604645144595,1.0351297146923724,0.4583333333333333,0.5305555555555556,0.07222222222222224
g2,LM,congruency,25,0.6469560716827327,1.0351297146923724,0.4916666666666666,0.4833333333333333,-0.008333333333333304
g2,LM,congruency,26,0.711651678851006,1.0351297146923724,0.4805555555555555,0.5000000000000001,0.019444444444444597
g2,LM,congruency,27,0.7763472860192793,1.0351297146923724,0.4888888888888888,0.4916666666666666,0.002777777777777768
g2,LM,congruency,28,0.8410428931875525,1.0351297146923724,0.4805555555555555,0.525,0.04444444444444451
g2,LM,congruency,29,0.9057385003558258,1.0351297146923724,0.5083333333333334,0.4388888888888888,-0.06944444444444464
g2,LM,congruency,30,0.9704341075240992,1.0351297146923724,0.4638888888888889,0.4555555555555555,-0.008333333333333415
g2,LM,congruency,31,1.0351297146923724,1.0351297146923724,0.5166666666666667,0.4833333333333334,-0.033333333333333326
g2,LM,congruency,32,1.0998253218606455,1.0351297146923724,0.4527777777777778,0.4722222222222222,0.01944444444444443
g2,LM,congruency,33,1.164520929028919,1.0351297146923724,0.4388888888888889,0.4805555555555555,0.04166666666666663
g2,LM,congruency,34,1.229216536197192,1.0351297146923724,0.5111111111111111,0.4305555555555555,-0.08055555555555555
g2,LM,congruency,35,1.2939121433654657,1.0351297146923724,0.486111111111111,0.513888888888889,0.027777777777777957
g2,LM,congruency,36,1.3586077505337386,1.0351297146923724,0.525,0.5166666666666666,-0.008333333333333415
g2,LM,congruency,37,1.423303357702012,1.0351297146923724,0.4944444444444444,0.475,-0.01944444444444443
g2,LM,congruency,38,1.4879989648702852,1.0351297146923724,0.475,0.4777777777777777,0.0027777777777777124
g2,LM,congruency,39,1.5526945720385583,1.0351297146923724,0.4638888888888889,0.4472222222222222,-0.01666666666666672
g2,LM,congruency,40,1.6173901792068317,1.0351297146923724,0.4416666666666666,0.4972222222222223,0.05555555555555569
g2,LM,congruency,41,1.682085786375105,1.0351297146923724,0.475,0.4833333333333333,0.008333333333333304
g2,LM,congruency,42,1.7467813935433782,1.0351297146923724,0.4916666666666666,0.5083333333333334,0.01666666666666683
g2,LM,congruency,43,1.8114770007116516,1.0351297146923724,0.5111111111111111,0.513888888888889,0.002777777777777879
g2,LM,congruency,44,1.8761726078799248,1.0351297146923724,0.4611111111111111,0.486111111111111,0.02499999999999991
g2,LM,congruency,45,1.9408682150481984,1.0351297146923724,0.5055555555555556,0.4555555555555555,-0.050000000000000155
g2,LM,congruency,46,2.0055638222164713,1.0351297146923724,0.5055555555555555,0.4472222222222223,-0.05833333333333324
g2,LM,modality,0,-0.9704341075240992,1.0351297146923724,0.3166666666666666,0.3296296296296296,0.01296296296296301
g2,LM,modality,1,-0.9057385003558258,1.0351297146923724,0.3277777777777778,0.3435185185185185,0.015740740740740722
g2,LM,modality,2,-0.8410428931875525,1.0351297146923724,0.3398148148148148,0.3194444444444444,-0.020370370370370372
g2,LM,modality,3,-0.7763472860192793,1.0351297146923724,0.3324074074074074,0.3287037037037037,-0.0037037037037036535
g2,LM,modality,4,-0.711651678851006,1.0351297146923724,0.3361111111111111,0.312037037037037,-0.02407407407407408
g2,LM,modality,5,-0.6469560716827327,1.0351297146923724,0.3425925925925926,0.3527777777777777,0.010185185185185075
g2,LM,modality,6,-0.5822604645144595,1.0351297146923724,0.3231481481481481,0.3425925925925925,0.01944444444444443
g2,LM,modality,7,-0.5175648573461862,1.0351297146923724,0.3222222222222222,0.3287037037037036,0.0064814814814814214
g2,LM,modality,8,-0.4528692501779129,1.0351297146923724,0.325,0.3314814814814815,0.006481481481481477
g2,LM,modality,9,-0.3881736430096396,1.0351297146923724,0.325,0.3175925925925926,-0.007407407407407418
g2,LM,modality,10,-0.3234780358413663,1.0351297146923724,0.3305555555555556,0.3287037037037037,-0.0018518518518518823
g2,LM,modality,11,-0.2587824286730931,1.0351297146923724,0.3333333333333333,0.3490740740740741,0.015740740740740777
g2,LM,modality,12,-0.1940868215048198,1.0351297146923724,0.3222222222222222,0.3425925925925925,0.020370370370370317
g2,LM,modality,13,-0.1293912143365465,1.0351297146923724,0.312962962962963,0.312962962962963,0.0
g2,LM,modality,14,-0.0646956071682732,1.0351297146923724,0.3129629629629629,0.3268518518518518,0.013888888888888895
g2,LM,modality,15,0.0,1.0351297146923724,0.3185185185185185,0.3314814814814815,0.01296296296296301
g2,LM,modality,16,0.0646956071682732,1.0351297146923724,0.3527777777777777,0.3277777777777778,-0.02499999999999991
g2,LM,modality,17,0.1293912143365465,1.0351297146923724,0.325,0.3462962962962962,0.021296296296296202
g2,LM,modality,18,0.1940868215048198,1.0351297146923724,0.4898148148148148,0.5120370370370371,0.022222222222222254
g2,LM,modality,19,0.2587824286730931,1.0351297146923724,0.6953703703703704,0.8,0.10462962962962963
g2,LM,modality,20,0.3234780358413663,1.0351297146923724,0.6666666666666667,0.7749999999999999,0.10833333333333317
g2,LM,modality,21,0.3881736430096396,1.0351297146923724,0.6833333333333333,0.7703703703703704,0.08703703703703702
g2,LM,modality,22,0.4528692501779129,1.0351297146923724,0.662962962962963,0.7435185185185185,0.08055555555555549
g2,LM,modality,23,0.5175648573461862,1.0351297146923724,0.6796296296296297,0.7268518518518519,0.047222222222222165
g2,LM,modality,24,0.5822604645144595,1.0351297146923724,0.7314814814814814,0.749074074074074,0.017592592592592604
g2,LM,modality,25,0.6469560716827327,1.0351297146923724,0.7111111111111111,0.7296296296296296,0.01851851851851849
g2,LM,modality,26,0.711651678851006,1.0351297146923724,0.7101851851851851,0.7240740740740741,0.01388888888888895
g2,LM,modality,27,0.7763472860192793,1.0351297146923724,0.7203703703703703,0.712962962962963,-0.007407407407407307
g2,LM,modality,28,0.8410428931875525,1.0351297146923724,0.7138888888888888,0.7148148148148148,0.0009259259259259967
g2,LM,modality,29,0.9057385003558258,1.0351297146923724,0.7175925925925927,0.6981481481481482,-0.019444444444444486
g2,LM,modality,30,0.9704341075240992,1.0351297146923724,0.7074074074074074,0.6962962962962963,-0.011111111111111072
g2,LM,modality,31,1.0351297146923724,1.0351297146923724,0.7462962962962962,0.7361111111111112,-0.010185185185185075
g2,LM,modality,32,1.0998253218606455,1.0351297146923724,0.7518518518518519,0.7453703703703703,-0.0064814814814815325
g2,LM,modality,33,1.164520929028919,1.0351297146923724,0.7166666666666667,0.7092592592592591,-0.007407407407407529
g2,LM,modality,34,1.229216536197192,1.0351297146923724,0.7138888888888888,0.7203703703703704,0.0064814814814816435
g2,LM,modality,35,1.2939121433654657,1.0351297146923724,0.7231481481481481,0.7111111111111111,-0.012037037037036957
g2,LM,modality,36,1.3586077505337386,1.0351297146923724,0.7425925925925927,0.7027777777777777,-0.03981481481481497
g2,LM,modality,37,1.423303357702012,1.0351297146923724,0.7305555555555556,0.7018518518518518,-0.028703703703703787
g2,LM,modality,38,1.4879989648702852,1.0351297146923724,0.7055555555555555,0.6944444444444445,-0.01111111111111096
g2,LM,modality,39,1.5526945720385583,1.0351297146923724,0.7037037037037037,0.6962962962962963,-0.007407407407407418
g2,LM,modality,40,1.6173901792068317,1.0351297146923724,0.6981481481481481,0.6555555555555556,-0.042592592592592515
g2,LM,modality,41,1.682085786375105,1.0351297146923724,0.7092592592592593,0.662962962962963,-0.04629629629629628
g2,LM,modality,42,1.7467813935433782,1.0351297146923724,0.725925925925926,0.6472222222222224,-0.07870370370370361
g2,LM,modality,43,1.8114770007116516,1.0351297146923724,0.674074074074074,0.6203703703703703,-0.0537037037037037
g2,LM,modality,44,1.8761726078799248,1.0351297146923724,0.6759259259259259,0.6129629629629629,-0.062962962962963
g2,LM,modality,45,1.9408682150481984,1.0351297146923724,0.6805555555555556,0.5731481481481481,-0.1074074074074075
g2,LM,modality,46,2.0055638222164713,1.0351297146923724,0.6629629629629629,0.5527777777777778,-0.11018518518518505
g2,LM,trial_type,0,-0.9704341075240992,1.0351297146923724,0.1458333333333333,0.1430555555555555,-0.0027777777777777957
g2,LM,trial_type,1,-0.9057385003558258,1.0351297146923724,0.1236111111111111,0.1388888888888889,0.015277777777777793
g2,LM,trial_type,2,-0.8410428931875525,1.0351297146923724,0.1263888888888888,0.1236111111111111,-0.0027777777777776985
g2,LM,trial_type,3,-0.7763472860192793,1.0351297146923724,0.1125,0.1361111111111111,0.023611111111111097
g2,LM,trial_type,4,-0.711651678851006,1.0351297146923724,0.1069444444444444,0.1027777777777777,-0.0041666666666666935
g2,LM,trial_type,5,-0.6469560716827327,1.0351297146923724,0.1333333333333333,0.1361111111111111,0.0027777777777777957
g2,LM,trial_type,6,-0.5822604645144595,1.0351297146923724,0.1263888888888888,0.0986111111111111,-0.027777777777777707
g2,LM,trial_type,7,-0.5175648573461862,1.0351297146923724,0.1097222222222222,0.1249999999999999,0.01527777777777771
g2,LM,trial_type,8,-0.4528692501779129,1.0351297146923724,0.125,0.1263888888888888,0.0013888888888888007
g2,LM,trial_type,9,-0.3881736430096396,1.0351297146923724,0.1319444444444444,0.1263888888888888,-0.005555555555555591
g2,LM,trial_type,10,-0.3234780358413663,1.0351297146923724,0.1361111111111111,0.1319444444444444,-0.004166666666666707
g2,LM,trial_type,11,-0.2587824286730931,1.0351297146923724,0.1319444444444444,0.1222222222222222,-0.009722222222222188
g2,LM,trial_type,12,-0.1940868215048198,1.0351297146923724,0.125,0.1319444444444444,0.006944444444444392
g2,LM,trial_type,13,-0.1293912143365465,1.0351297146923724,0.1152777777777777,0.1416666666666666,0.026388888888888906
g2,LM,trial_type,14,-0.0646956071682732,1.0351297146923724,0.1055555555555555,0.125,0.0194444444444445
g2,LM,trial_type,15,0.0,1.0351297146923724,0.123611111111111,0.1263888888888888,0.0027777777777777957
g2,LM,trial_type,16,0.0646956071682732,1.0351297146923724,0.1222222222222222,0.1333333333333333,0.0111111111111111
g2,LM,trial_type,17,0.1293912143365465,1.0351297146923724,0.1236111111111111,0.1319444444444444,0.00833333333333329
g2,LM,trial_type,18,0.1940868215048198,1.0351297146923724,0.2,0.1791666666666666,-0.020833333333333398
g2,LM,trial_type,19,0.2587824286730931,1.0351297146923724,0.2666666666666667,0.3180555555555555,0.05138888888888876
g2,LM,trial_type,20,0.3234780358413663,1.0351297146923724,0.3138888888888889,0.3458333333333333,0.03194444444444444
g2,LM,trial_type,21,0.3881736430096396,1.0351297146923724,0.3569444444444444,0.3583333333333333,0.001388888888888884
g2,LM,trial_type,22,0.4528692501779129,1.0351297146923724,0.3291666666666666,0.3583333333333333,0.029166666666666674
g2,LM,trial_type,23,0.5175648573461862,1.0351297146923724,0.4013888888888888,0.3944444444444444,-0.00694444444444442
g2,LM,trial_type,24,0.5822604645144595,1.0351297146923724,0.4,0.4097222222222222,0.009722222222222188
g2,LM,trial_type,25,0.6469560716827327,1.0351297146923724,0.4375,0.4680555555555555,0.030555555555555503
g2,LM,trial_type,26,0.711651678851006,1.0351297146923724,0.4097222222222222,0.4138888888888888,0.004166666666666596
g2,LM,trial_type,27,0.7763472860192793,1.0351297146923724,0.4208333333333333,0.4166666666666666,-0.004166666666666707
g2,LM,trial_type,28,0.8410428931875525,1.0351297146923724,0.3638888888888889,0.386111111111111,0.022222222222222143
g2,LM,trial_type,29,0.9057385003558258,1.0351297146923724,0.3361111111111111,0.4055555555555556,0.06944444444444453
g2,LM,trial_type,30,0.9704341075240992,1.0351297146923724,0.4055555555555556,0.4263888888888889,0.02083333333333326
g2,LM,trial_type,31,1.0351297146923724,1.0351297146923724,0.4361111111111111,0.3986111111111111,-0.03750000000000003
g2,LM,trial_type,32,1.0998253218606455,1.0351297146923724,0.4027777777777778,0.4208333333333333,0.01805555555555549
g2,LM,trial_type,33,1.164520929028919,1.0351297146923724,0.4180555555555556,0.4305555555555555,0.0124999999999999
g2,LM,trial_type,34,1.229216536197192,1.0351297146923724,0.4055555555555555,0.4125,0.006944444444444475
g2,LM,trial_type,35,1.2939121433654657,1.0351297146923724,0.3999999999999999,0.4041666666666667,0.004166666666666763
g2,LM,trial_type,36,1.3586077505337386,1.0351297146923724,0.4361111111111111,0.3888888888888888,-0.04722222222222233
g2,LM,trial_type,37,1.423303357702012,1.0351297146923724,0.4055555555555555,0.373611111111111,-0.0319444444444445
g2,LM,trial_type,38,1.4879989648702852,1.0351297146923724,0.3513888888888888,0.3638888888888889,0.012500000000000067
g2,LM,trial_type,39,1.5526945720385583,1.0351297146923724,0.3944444444444445,0.3583333333333333,-0.036111111111111205
g2,LM,trial_type,40,1.6173901792068317,1.0351297146923724,0.3847222222222222,0.3430555555555555,-0.041666666666666685
g2,LM,trial_type,41,1.682085786375105,1.0351297146923724,0.3888888888888888,0.3333333333333333,-0.05555555555555547
g2,LM,trial_type,42,1.7467813935433782,1.0351297146923724,0.3583333333333333,0.2944444444444444,-0.06388888888888888
g2,LM,trial_type,43,1.8114770007116516,1.0351297146923724,0.3666666666666666,0.2930555555555556,-0.07361111111111096
g2,LM,trial_type,44,1.8761726078799248,1.0351297146923724,0.3458333333333333,0.3166666666666666,-0.02916666666666673
g2,LM,trial_type,45,1.9408682150481984,1.0351297146923724,0.3430555555555555,0.2888888888888889,-0.054166666666666585
g2,LM,trial_type,46,2.0055638222164713,1.0351297146923724,0.3222222222222222,0.2888888888888888,-0.03333333333333338
g2,LM,visual_direction,0,-0.9704341075240992,1.0351297146923724,0.5203703703703704,0.5092592592592593,-0.011111111111111072
g2,LM,visual_direction,1,-0.9057385003558258,1.0351297146923724,0.4925925925925926,0.5074074074074073,0.014814814814814725
g2,LM,visual_direction,2,-0.8410428931875525,1.0351297146923724,0.5018518518518518,0.4925925925925926,-0.00925925925925919
g2,LM,visual_direction,3,-0.7763472860192793,1.0351297146923724,0.4796296296296297,0.5074074074074074,0.027777777777777735
g2,LM,visual_direction,4,-0.711651678851006,1.0351297146923724,0.4925925925925926,0.5111111111111113,0.018518518518518712
g2,LM,visual_direction,5,-0.6469560716827327,1.0351297146923724,0.4648148148148148,0.524074074074074,0.059259259259259234
g2,LM,visual_direction,6,-0.5822604645144595,1.0351297146923724,0.4888888888888889,0.4851851851851852,-0.0037037037037036535
g2,LM,visual_direction,7,-0.5175648573461862,1.0351297146923724,0.5111111111111111,0.5203703703703704,0.0092592592592593
g2,LM,visual_direction,8,-0.4528692501779129,1.0351297146923724,0.4833333333333334,0.5166666666666666,0.033333333333333215
g2,LM,visual_direction,9,-0.3881736430096396,1.0351297146923724,0.5074074074074074,0.474074074074074,-0.03333333333333344
g2,LM,visual_direction,10,-0.3234780358413663,1.0351297146923724,0.5333333333333334,0.5333333333333333,-1.1102230246251565e-16
g2,LM,visual_direction,11,-0.2587824286730931,1.0351297146923724,0.5037037037037038,0.4592592592592592,-0.044444444444444564
g2,LM,visual_direction,12,-0.1940868215048198,1.0351297146923724,0.5129629629629628,0.4537037037037037,-0.05925925925925912
g2,LM,visual_direction,13,-0.1293912143365465,1.0351297146923724,0.5314814814814814,0.4814814814814815,-0.04999999999999993
g2,LM,visual_direction,14,-0.0646956071682732,1.0351297146923724,0.5351851851851851,0.4981481481481481,-0.03703703703703698
g2,LM,visual_direction,15,0.0,1.0351297146923724,0.5425925925925925,0.4462962962962963,-0.09629629629629621
g2,LM,visual_direction,16,0.0646956071682732,1.0351297146923724,0.4685185185185185,0.5240740740740741,0.055555555555555636
g2,LM,visual_direction,17,0.1293912143365465,1.0351297146923724,0.4666666666666667,0.5444444444444445,0.07777777777777783
g2,LM,visual_direction,18,0.1940868215048198,1.0351297146923724,0.4925925925925926,0.4981481481481482,0.005555555555555591
g2,LM,visual_direction,19,0.2587824286730931,1.0351297146923724,0.611111111111111,0.5907407407407408,-0.02037037037037026
g2,LM,visual_direction,20,0.3234780358413663,1.0351297146923724,0.7333333333333333,0.6907407407407408,-0.042592592592592515
g2,LM,visual_direction,21,0.3881736430096396,1.0351297146923724,0.8351851851851853,0.7592592592592592,-0.07592592592592606
g2,LM,visual_direction,22,0.4528692501779129,1.0351297146923724,0.8851851851851851,0.8462962962962962,-0.03888888888888886
g2,LM,visual_direction,23,0.5175648573461862,1.0351297146923724,0.9537037037037036,0.9166666666666666,-0.03703703703703698
g2,LM,visual_direction,24,0.5822604645144595,1.0351297146923724,0.975925925925926,0.9703703703703702,-0.005555555555555758
g2,LM,visual_direction,25,0.6469560716827327,1.0351297146923724,0.974074074074074,0.9907407407407408,0.01666666666666683
g2,LM,visual_direction,26,0.711651678851006,1.0351297146923724,0.961111111111111,0.9814814814814816,0.020370370370370594
g2,LM,visual_direction,27,0.7763472860192793,1.0351297146923724,0.8851851851851851,0.9666666666666666,0.08148148148148149
g2,LM,visual_direction,28,0.8410428931875525,1.0351297146923724,0.8611111111111113,0.9814814814814812,0.1203703703703699
g2,LM,visual_direction,29,0.9057385003558258,1.0351297146923724,0.8722222222222221,0.9759259259259258,0.10370370370370363
g2,LM,visual_direction,30,0.9704341075240992,1.0351297146923724,0.888888888888889,0.9814814814814812,0.09259259259259223
g2,LM,visual_direction,31,1.0351297146923724,1.0351297146923724,0.9277777777777776,0.977777777777778,0.05000000000000038
g2,LM,visual_direction,32,1.0998253218606455,1.0351297146923724,0.9388888888888888,0.972222222222222,0.033333333333333215
g2,LM,visual_direction,33,1.164520929028919,1.0351297146923724,0.9351851851851852,0.961111111111111,0.025925925925925797
g2,LM,visual_direction,34,1.229216536197192,1.0351297146923724,0.9407407407407408,0.9388888888888888,-0.0018518518518519933
g2,LM,visual_direction,35,1.2939121433654657,1.0351297146923724,0.9148148148148147,0.9166666666666669,0.0018518518518521043
g2,LM,visual_direction,36,1.3586077505337386,1.0351297146923724,0.9351851851851852,0.925925925925926,-0.00925925925925919
g2,LM,visual_direction,37,1.423303357702012,1.0351297146923724,0.9037037037037036,0.9055555555555556,0.0018518518518519933
g2,LM,visual_direction,38,1.4879989648702852,1.0351297146923724,0.8907407407407406,0.9222222222222222,0.031481481481481555
g2,LM,visual_direction,39,1.5526945720385583,1.0351297146923724,0.8870370370370371,0.8796296296296298,-0.007407407407407307
g2,LM,visual_direction,40,1.6173901792068317,1.0351297146923724,0.8722222222222221,0.8666666666666666,-0.005555555555555536
g2,LM,visual_direction,41,1.682085786375105,1.0351297146923724,0.8481481481481483,0.8574074074074074,0.009259259259259078
g2,LM,visual_direction,42,1.7467813935433782,1.0351297146923724,0.8166666666666667,0.8592592592592592,0.042592592592592515
g2,LM,visual_direction,43,1.8114770007116516,1.0351297146923724,0.812962962962963,0.8407407407407408,0.02777777777777779
g2,LM,visual_direction,44,1.8761726078799248,1.0351297146923724,0.8240740740740741,0.8333333333333333,0.00925925925925919
g2,LM,visual_direction,45,1.9408682150481984,1.0351297146923724,0.8111111111111111,0.85,0.03888888888888886
g2,LM,visual_direction,46,2.0055638222164713,1.0351297146923724,0.7962962962962962,0.8314814814814815,0.03518518518518532
