area,task,time_index,time_s,stimulus_offset_s,pre,post,delta_group_difference_post_minus_pre
V1,auditory_direction,0,-0.9704341075240992,1.0351297146923724,-0.009365079365079299,0.0018518518518518823,0.01121693121693118
V1,auditory_direction,1,-0.9057385003558258,1.0351297146923724,0.023015873015872934,-0.010802469135802517,-0.03381834215167545
V1,auditory_direction,2,-0.8410428931875525,1.0351297146923724,0.012328042328042299,-0.006790123456790087,-0.019118165784832386
V1,auditory_direction,3,-0.7763472860192793,1.0351297146923724,0.025079365079365035,-0.01944444444444443,-0.044523809523809466
V1,auditory_direction,4,-0.711651678851006,1.0351297146923724,-0.0016931216931216353,-0.016049382716049443,-0.014356261022927808
V1,auditory_direction,5,-0.6469560716827327,1.0351297146923724,-0.012698412698412875,0.00462962962962965,0.017328042328042526
V1,auditory_direction,6,-0.5822604645144595,1.0351297146923724,-0.02169312169312171,0.0030864197530864335,0.024779541446208142
V1,auditory_direction,7,-0.5175648573461862,1.0351297146923724,-0.0028571428571428914,-0.0070987654320987525,-0.004241622574955861
V1,auditory_direction,8,-0.4528692501779129,1.0351297146923724,-0.004761904761904745,-0.007407407407407418,-0.002645502645502673
V1,auditory_direction,9,-0.3881736430096396,1.0351297146923724,-0.008994708994709055,-0.004320987654320985,0.004673721340388071
V1,auditory_direction,10,-0.3234780358413663,1.0351297146923724,-0.005608465608465507,-0.04382716049382729,-0.03821869488536178
V1,auditory_direction,11,-0.2587824286730931,1.0351297146923724,0.006613756613756627,-0.0006172839506173311,-0.007231040564373958
V1,auditory_direction,12,-0.1940868215048198,1.0351297146923724,0.013862433862433798,0.016358024691357997,0.002495590828924199
V1,auditory_direction,13,-0.1293912143365465,1.0351297146923724,-0.0015343915343914993,0.012037037037037068,0.013571428571428568
V1,auditory_direction,14,-0.0646956071682732,1.0351297146923724,-0.006507936507936629,-0.0021604938271604923,0.004347442680776137
V1,auditory_direction,15,0.0,1.0351297146923724,0.0005291005291006012,-0.0012345679012346067,-0.001763668430335208
V1,auditory_direction,16,0.0646956071682732,1.0351297146923724,-0.019894179894179964,0.00030864197530861004,0.020202821869488574
V1,auditory_direction,17,0.1293912143365465,1.0351297146923724,0.004920634920634992,0.007098765432098864,0.0021781305114638716
V1,auditory_direction,18,0.1940868215048198,1.0351297146923724,0.015608465608465627,0.02654320987654324,0.010934744268077612
V1,auditory_direction,19,0.2587824286730931,1.0351297146923724,0.028730158730158772,-0.00864197530864197,-0.03737213403880074
V1,auditory_direction,20,0.3234780358413663,1.0351297146923724,0.0056613756613757005,-0.007716049382716195,-0.013377425044091895
V1,auditory_direction,21,0.3881736430096396,1.0351297146923724,0.025343915343915335,-0.010493827160493852,-0.03583774250440919
V1,auditory_direction,22,0.4528692501779129,1.0351297146923724,-0.016243386243386393,-0.003395061728394988,0.012848324514991405
V1,auditory_direction,23,0.5175648573461862,1.0351297146923724,0.010052910052910091,-0.03395061728395066,-0.04400352733686075
V1,auditory_direction,24,0.5822604645144595,1.0351297146923724,0.011534391534391397,-0.02839506172839512,-0.03992945326278652
V1,auditory_direction,25,0.6469560716827327,1.0351297146923724,0.01566137566137571,-0.016358024691357942,-0.03201940035273365
V1,auditory_direction,26,0.711651678851006,1.0351297146923724,0.0006878306878306262,-0.029320987654321007,-0.030008818342151633
V1,auditory_direction,27,0.7763472860192793,1.0351297146923724,0.009470899470899519,0.015740740740740722,0.006269841269841203
V1,auditory_direction,28,0.8410428931875525,1.0351297146923724,0.04402116402116407,-0.022222222222222254,-0.06624338624338633
V1,auditory_direction,29,0.9057385003558258,1.0351297146923724,-0.0336507936507936,-0.03117283950617289,0.0024779541446207087
V1,auditory_direction,30,0.9704341075240992,1.0351297146923724,-0.0012169312169312274,-0.022222222222222254,-0.021005291005291027
V1,auditory_direction,31,1.0351297146923724,1.0351297146923724,-0.003915343915343872,-0.02314814814814814,-0.019232804232804268
V1,auditory_direction,32,1.0998253218606455,1.0351297146923724,0.0146560846560847,-0.009567901234567744,-0.024223985890652444
V1,auditory_direction,33,1.164520929028919,1.0351297146923724,0.00931216931216916,-0.02839506172839501,-0.03770723104056417
V1,auditory_direction,34,1.229216536197192,1.0351297146923724,0.002592592592592591,-0.04043209876543219,-0.04302469135802478
V1,auditory_direction,35,1.2939121433654657,1.0351297146923724,-0.006878306878306928,-0.00864197530864197,-0.0017636684303350414
V1,auditory_direction,36,1.3586077505337386,1.0351297146923724,0.021164021164021274,-0.019444444444444597,-0.04060846560846587
V1,auditory_direction,37,1.423303357702012,1.0351297146923724,-0.005026455026455046,-0.03425925925925932,-0.029232804232804277
V1,auditory_direction,38,1.4879989648702852,1.0351297146923724,-0.005079365079365128,-0.04290123456790129,-0.037821869488536164
V1,auditory_direction,39,1.5526945720385583,1.0351297146923724,0.00978835978835968,-0.019444444444444375,-0.029232804232804055
V1,auditory_direction,40,1.6173901792068317,1.0351297146923724,-0.0030687830687829987,-0.005555555555555536,-0.002486772486772537
V1,auditory_direction,41,1.682085786375105,1.0351297146923724,0.005185185185185182,-0.02962962962962956,-0.03481481481481474
V1,auditory_direction,42,1.7467813935433782,1.0351297146923724,-0.013227513227513366,0.005864197530864201,0.019091710758377567
V1,auditory_direction,43,1.8114770007116516,1.0351297146923724,0.013703703703703773,-0.009567901234567855,-0.02327160493827163
V1,auditory_direction,44,1.8761726078799248,1.0351297146923724,-0.004232804232804144,0.004012345679012319,0.008245149911816463
V1,auditory_direction,45,1.9408682150481984,1.0351297146923724,-0.00772486772486769,-0.016358024691357942,-0.008633156966490252
V1,auditory_direction,46,2.0055638222164713,1.0351297146923724,0.010105820105820174,-0.016049382716049387,-0.02615520282186956
V1,congruency,0,-0.9704341075240992,1.0351297146923724,0.01690476190476181,-0.019444444444444597,-0.03634920634920641
V1,congruency,1,-0.9057385003558258,1.0351297146923724,0.0069047619047618025,0.00694444444444442,3.968253968261726e-05
V1,congruency,2,-0.8410428931875525,1.0351297146923724,-0.020476190476190537,0.012037037037037068,0.032513227513227605
V1,congruency,3,-0.7763472860192793,1.0351297146923724,0.0011111111111111738,-0.01944444444444443,-0.020555555555555605
V1,congruency,4,-0.711651678851006,1.0351297146923724,-0.00825396825396818,0.04305555555555557,0.05130952380952375
V1,congruency,5,-0.6469560716827327,1.0351297146923724,-0.0031746031746031633,-0.001388888888888884,0.0017857142857142794
V1,congruency,6,-0.5822604645144595,1.0351297146923724,-0.0353174603174603,0.012962962962962954,0.04828042328042326
V1,congruency,7,-0.5175648573461862,1.0351297146923724,-0.004285714285714337,0.0009259259259259967,0.005211640211640334
V1,congruency,8,-0.4528692501779129,1.0351297146923724,-0.0004761904761904079,-0.0032407407407405997,-0.002764550264550192
V1,congruency,9,-0.3881736430096396,1.0351297146923724,-0.011904761904761862,-0.03657407407407415,-0.024669312169312285
V1,congruency,10,-0.3234780358413663,1.0351297146923724,0.024047619047619095,0.004166666666666652,-0.019880952380952444
V1,congruency,11,-0.2587824286730931,1.0351297146923724,0.003015873015872972,0.0009259259259259967,-0.002089947089946975
V1,congruency,12,-0.1940868215048198,1.0351297146923724,0.002222222222222181,0.0004629629629629983,-0.0017592592592591827
V1,congruency,13,-0.1293912143365465,1.0351297146923724,0.004206349206349325,1.1102230246251565e-16,-0.004206349206349214
V1,congruency,14,-0.0646956071682732,1.0351297146923724,0.01182539682539685,0.007407407407407307,-0.004417989417989543
V1,congruency,15,0.0,1.0351297146923724,-0.02571428571428569,-0.0222222222222222,0.0034920634920634908
V1,congruency,16,0.0646956071682732,1.0351297146923724,0.009920634920634885,0.013888888888888895,0.00396825396825401
V1,congruency,17,0.1293912143365465,1.0351297146923724,0.025952380952381005,0.02175925925925931,-0.004193121693121693
V1,congruency,18,0.1940868215048198,1.0351297146923724,-0.03055555555555567,-0.02083333333333348,0.009722222222222188
V1,congruency,19,0.2587824286730931,1.0351297146923724,-0.023650793650793756,-0.010648148148148129,0.013002645502645627
V1,congruency,20,0.3234780358413663,1.0351297146923724,-0.015476190476190532,-0.007407407407407418,0.008068783068783114
V1,congruency,21,0.3881736430096396,1.0351297146923724,0.017539682539682633,-0.016203703703703665,-0.0337433862433863
V1,congruency,22,0.4528692501779129,1.0351297146923724,0.02666666666666656,0.005092592592592482,-0.02157407407407408
V1,congruency,23,0.5175648573461862,1.0351297146923724,0.0326190476190476,-0.004166666666666652,-0.036785714285714255
V1,congruency,24,0.5822604645144595,1.0351297146923724,0.046111111111111214,0.011111111111111072,-0.03500000000000014
V1,congruency,25,0.6469560716827327,1.0351297146923724,0.0013492063492064332,0.010185185185185186,0.008835978835978753
V1,congruency,26,0.711651678851006,1.0351297146923724,-0.005238095238095264,0.007407407407407418,0.012645502645502682
V1,congruency,27,0.7763472860192793,1.0351297146923724,-0.0053968253968254,0.008333333333333304,0.013730158730158704
V1,congruency,28,0.8410428931875525,1.0351297146923724,0.014126984126984099,0.005092592592592482,-0.009034391534391617
V1,congruency,29,0.9057385003558258,1.0351297146923724,0.004444444444444473,0.0009259259259258856,-0.0035185185185185874
V1,congruency,30,0.9704341075240992,1.0351297146923724,-0.0003968253968253954,0.007870370370370416,0.008267195767195812
V1,congruency,31,1.0351297146923724,1.0351297146923724,0.0011111111111111738,0.012962962962963065,0.011851851851851891
V1,congruency,32,1.0998253218606455,1.0351297146923724,0.020476190476190592,-0.009722222222222243,-0.030198412698412835
V1,congruency,33,1.164520929028919,1.0351297146923724,0.027222222222222148,-0.0037037037037036535,-0.0309259259259258
V1,congruency,34,1.229216536197192,1.0351297146923724,0.010238095238095213,0.03796296296296292,0.027724867724867708
V1,congruency,35,1.2939121433654657,1.0351297146923724,0.011746031746031727,-0.022685185185185197,-0.034431216931216924
V1,congruency,36,1.3586077505337386,1.0351297146923724,-0.013809523809523716,-0.006018518518518479,0.007791005291005237
V1,congruency,37,1.423303357702012,1.0351297146923724,0.03476190476190477,0.02546296296296291,-0.009298941798941862
V1,congruency,38,1.4879989648702852,1.0351297146923724,0.014523809523809605,0.037037037037036924,0.02251322751322732
V1,congruency,39,1.5526945720385583,1.0351297146923724,-0.0004761904761904079,0.018055555555555602,0.01853174603174601
V1,congruency,40,1.6173901792068317,1.0351297146923724,-0.007857142857142785,0.040740740740740744,0.04859788359788353
V1,congruency,41,1.682085786375105,1.0351297146923724,0.0007142857142857229,0.027314814814814792,0.02660052910052907
V1,congruency,42,1.7467813935433782,1.0351297146923724,-0.0033333333333332993,0.006018518518518423,0.009351851851851722
V1,congruency,43,1.8114770007116516,1.0351297146923724,0.03015873015873033,0.006018518518518645,-0.024140211640211684
V1,congruency,44,1.8761726078799248,1.0351297146923724,0.03420634920634935,-0.01712962962962955,-0.0513359788359789
V1,congruency,45,1.9408682150481984,1.0351297146923724,0.014444444444444426,0.014351851851851838,-9.259259259258856e-05
V1,congruency,46,2.0055638222164713,1.0351297146923724,0.035555555555555673,0.04166666666666663,0.006111111111110956
V1,modality,0,-0.9704341075240992,1.0351297146923724,-0.0004232804232804921,-0.012500000000000011,-0.012076719576719519
V1,modality,1,-0.9057385003558258,1.0351297146923724,0.0011904761904762418,0.0021604938271604923,0.0009700176366842506
V1,modality,2,-0.8410428931875525,1.0351297146923724,-0.0050793650793651834,0.0024691358024692134,0.007548500881834397
V1,modality,3,-0.7763472860192793,1.0351297146923724,0.009100529100529053,0.010493827160493796,0.0013932980599647427
V1,modality,4,-0.711651678851006,1.0351297146923724,0.004126984126984201,-0.0015432098765433278,-0.005670194003527529
V1,modality,5,-0.6469560716827327,1.0351297146923724,0.0016666666666666496,0.002006172839506215,0.0003395061728395654
V1,modality,6,-0.5822604645144595,1.0351297146923724,-0.0030687830687831097,-0.023611111111111083,-0.020542328042327973
V1,modality,7,-0.5175648573461862,1.0351297146923724,0.0014021164021164045,-0.0063271604938272,-0.007729276895943604
V1,modality,8,-0.4528692501779129,1.0351297146923724,-0.010105820105820007,0.0033950617283950435,0.01350088183421505
V1,modality,9,-0.3881736430096396,1.0351297146923724,-0.026322751322751303,-0.013117283950617287,0.013205467372134017
V1,modality,10,-0.3234780358413663,1.0351297146923724,-0.006375661375661368,0.0,0.006375661375661368
V1,modality,11,-0.2587824286730931,1.0351297146923724,0.009656084656084696,-0.002006172839506104,-0.0116622574955908
V1,modality,12,-0.1940868215048198,1.0351297146923724,-0.010238095238095102,0.018209876543209935,0.028447971781305037
V1,modality,13,-0.1293912143365465,1.0351297146923724,-0.010476190476190417,-0.014506172839506115,-0.004029982363315698
V1,modality,14,-0.0646956071682732,1.0351297146923724,0.004920634920634881,-0.013117283950617287,-0.018037918871252168
V1,modality,15,0.0,1.0351297146923724,0.010925925925925895,-0.006790123456790087,-0.01771604938271598
V1,modality,16,0.0646956071682732,1.0351297146923724,-0.0029629629629630005,0.009413580246913578,0.012376543209876578
V1,modality,17,0.1293912143365465,1.0351297146923724,0.03137566137566128,-0.00694444444444442,-0.0383201058201057
V1,modality,18,0.1940868215048198,1.0351297146923724,0.0918518518518518,0.0810185185185186,-0.010833333333333195
V1,modality,19,0.2587824286730931,1.0351297146923724,0.24343915343915346,0.1274691358024692,-0.11597001763668424
V1,modality,20,0.3234780358413663,1.0351297146923724,0.2724338624338624,0.10216049382716041,-0.170273368606702
V1,modality,21,0.3881736430096396,1.0351297146923724,0.24743386243386256,0.09197530864197545,-0.1554585537918871
V1,modality,22,0.4528692501779129,1.0351297146923724,0.2717724867724869,0.07052469135802464,-0.20124779541446225
V1,modality,23,0.5175648573461862,1.0351297146923724,0.23711640211640217,0.08163580246913593,-0.15548059964726624
V1,modality,24,0.5822604645144595,1.0351297146923724,0.22735449735449742,0.04290123456790118,-0.18445326278659624
V1,modality,25,0.6469560716827327,1.0351297146923724,0.2240740740740741,0.03919753086419753,-0.18487654320987656
V1,modality,26,0.711651678851006,1.0351297146923724,0.20653439153439146,0.04583333333333339,-0.16070105820105807
V1,modality,27,0.7763472860192793,1.0351297146923724,0.19404761904761902,0.0219135802469137,-0.17213403880070532
V1,modality,28,0.8410428931875525,1.0351297146923724,0.1883068783068783,0.023919753086419693,-0.16438712522045862
V1,modality,29,0.9057385003558258,1.0351297146923724,0.1825661375661376,0.006635802469135865,-0.17593033509700173
V1,modality,30,0.9704341075240992,1.0351297146923724,0.16793650793650794,0.002623456790123435,-0.1653130511463845
V1,modality,31,1.0351297146923724,1.0351297146923724,0.1669047619047619,0.010339506172839408,-0.15656525573192248
V1,modality,32,1.0998253218606455,1.0351297146923724,0.16732804232804233,0.003240740740740655,-0.16408730158730167
V1,modality,33,1.164520929028919,1.0351297146923724,0.17933862433862424,0.009259259259259411,-0.17007936507936483
V1,modality,34,1.229216536197192,1.0351297146923724,0.160899470899471,0.004938271604938427,-0.15596119929453256
V1,modality,35,1.2939121433654657,1.0351297146923724,0.14433862433862432,-0.0004629629629628873,-0.1448015873015872
V1,modality,36,1.3586077505337386,1.0351297146923724,0.14140211640211642,0.0070987654320987525,-0.13430335097001767
V1,modality,37,1.423303357702012,1.0351297146923724,0.14484126984126977,0.014351851851851838,-0.13048941798941793
V1,modality,38,1.4879989648702852,1.0351297146923724,0.1314550264550265,0.01388888888888884,-0.11756613756613765
V1,modality,39,1.5526945720385583,1.0351297146923724,0.13222222222222224,0.009722222222222188,-0.12250000000000005
V1,modality,40,1.6173901792068317,1.0351297146923724,0.13701058201058203,-0.005401234567901203,-0.14241181657848323
V1,modality,41,1.682085786375105,1.0351297146923724,0.1120105820105819,0.010648148148148073,-0.10136243386243382
V1,modality,42,1.7467813935433782,1.0351297146923724,0.11867724867724871,0.012808641975308621,-0.1058686067019401
V1,modality,43,1.8114770007116516,1.0351297146923724,0.11899470899470899,0.01450617283950617,-0.10448853615520282
V1,modality,44,1.8761726078799248,1.0351297146923724,0.10605820105820107,0.01851851851851849,-0.08753968253968258
V1,modality,45,1.9408682150481984,1.0351297146923724,0.09547619047619049,-0.00864197530864197,-0.10411816578483246
V1,modality,46,2.0055638222164713,1.0351297146923724,0.08449735449735452,-0.04058641975308641,-0.12508377425044093
V1,trial_type,0,-0.9704341075240992,1.0351297146923724,-0.0022619047619046873,-0.017824074074074103,-0.015562169312169416
V1,trial_type,1,-0.9057385003558258,1.0351297146923724,-0.006111111111111095,0.0023148148148148112,0.008425925925925906
V1,trial_type,2,-0.8410428931875525,1.0351297146923724,0.011746031746031713,-0.008101851851851805,-0.019847883597883517
V1,trial_type,3,-0.7763472860192793,1.0351297146923724,0.011071428571428607,0.0016203703703704109,-0.009451058201058196
V1,trial_type,4,-0.711651678851006,1.0351297146923724,0.0069047619047619,0.013425925925925883,0.006521164021163983
V1,trial_type,5,-0.6469560716827327,1.0351297146923724,-0.0094841269841269,-0.0018518518518518129,0.007632275132275088
V1,trial_type,6,-0.5822604645144595,1.0351297146923724,-0.0048809523809524025,-0.0009259259259258995,0.003955026455026503
V1,trial_type,7,-0.5175648573461862,1.0351297146923724,-0.0140476190476191,0.00416666666666661,0.01821428571428571
V1,trial_type,8,-0.4528692501779129,1.0351297146923724,-0.016468253968254007,0.003472222222222293,0.0199404761904763
V1,trial_type,9,-0.3881736430096396,1.0351297146923724,-0.007499999999999896,-0.0016203703703704109,0.005879629629629485
V1,trial_type,10,-0.3234780358413663,1.0351297146923724,0.0009126984126983928,0.003472222222222196,0.002559523809523803
V1,trial_type,11,-0.2587824286730931,1.0351297146923724,0.00781746031746039,-0.010648148148148087,-0.018465608465608477
V1,trial_type,12,-0.1940868215048198,1.0351297146923724,-0.008293650793650797,0.006712962962962893,0.01500661375661369
V1,trial_type,13,-0.1293912143365465,1.0351297146923724,-0.022420634920635008,-0.0013888888888889117,0.021031746031746096
V1,trial_type,14,-0.0646956071682732,1.0351297146923724,-0.004484126984127007,-0.010648148148148184,-0.006164021164021177
V1,trial_type,15,0.0,1.0351297146923724,0.0018650793650794029,0.006481481481481477,0.004616402116402074
V1,trial_type,16,0.0646956071682732,1.0351297146923724,0.005833333333333315,-0.0027777777777777124,-0.008611111111111028
V1,trial_type,17,0.1293912143365465,1.0351297146923724,0.009880952380952407,0.011805555555555597,0.00192460317460319
V1,trial_type,18,0.1940868215048198,1.0351297146923724,0.0747619047619047,0.0425925925925926,-0.0321693121693121
V1,trial_type,19,0.2587824286730931,1.0351297146923724,0.18892857142857142,0.1113425925925926,-0.07758597883597881
V1,trial_type,20,0.3234780358413663,1.0351297146923724,0.23869047619047612,0.0974537037037036,-0.14123677248677252
V1,trial_type,21,0.3881736430096396,1.0351297146923724,0.21043650793650792,0.08402777777777781,-0.1264087301587301
V1,trial_type,22,0.4528692501779129,1.0351297146923724,0.20178571428571423,0.06203703703703706,-0.13974867724867718
V1,trial_type,23,0.5175648573461862,1.0351297146923724,0.18507936507936507,0.0398148148148148,-0.14526455026455026
V1,trial_type,24,0.5822604645144595,1.0351297146923724,0.178968253968254,0.03726851851851848,-0.14169973544973552
V1,trial_type,25,0.6469560716827327,1.0351297146923724,0.19944444444444448,0.03217592592592605,-0.16726851851851843
V1,trial_type,26,0.711651678851006,1.0351297146923724,0.15444444444444438,0.015972222222222165,-0.13847222222222222
V1,trial_type,27,0.7763472860192793,1.0351297146923724,0.16960317460317453,0.01805555555555549,-0.15154761904761904
V1,trial_type,28,0.8410428931875525,1.0351297146923724,0.1678174603174603,0.0092592592592593,-0.158558201058201
V1,trial_type,29,0.9057385003558258,1.0351297146923724,0.12170634920634921,-0.0004629629629629983,-0.1221693121693122
V1,trial_type,30,0.9704341075240992,1.0351297146923724,0.14444444444444443,0.0016203703703703831,-0.14282407407407405
V1,trial_type,31,1.0351297146923724,1.0351297146923724,0.13035714285714278,-0.0064814814814814214,-0.1368386243386242
V1,trial_type,32,1.0998253218606455,1.0351297146923724,0.1488888888888889,-0.004861111111111205,-0.1537500000000001
V1,trial_type,33,1.164520929028919,1.0351297146923724,0.11908730158730158,-0.0064814814814814214,-0.125568783068783
V1,trial_type,34,1.229216536197192,1.0351297146923724,0.12714285714285722,-0.004398148148148151,-0.13154100529100538
V1,trial_type,35,1.2939121433654657,1.0351297146923724,0.10595238095238085,0.00347222222222221,-0.10248015873015864
V1,trial_type,36,1.3586077505337386,1.0351297146923724,0.1195634920634922,0.016898148148148107,-0.1026653439153441
V1,trial_type,37,1.423303357702012,1.0351297146923724,0.1193650793650794,0.0092592592592593,-0.1101058201058201
V1,trial_type,38,1.4879989648702852,1.0351297146923724,0.09825396825396832,0.022453703703703698,-0.07580026455026462
V1,trial_type,39,1.5526945720385583,1.0351297146923724,0.1063492063492063,0.011574074074074181,-0.09477513227513212
V1,trial_type,40,1.6173901792068317,1.0351297146923724,0.09206349206349212,0.008101851851851805,-0.08396164021164032
V1,trial_type,41,1.682085786375105,1.0351297146923724,0.09337301587301594,-0.0023148148148147696,-0.09568783068783071
V1,trial_type,42,1.7467813935433782,1.0351297146923724,0.08261904761904759,0.010416666666666685,-0.0722023809523809
V1,trial_type,43,1.8114770007116516,1.0351297146923724,0.11702380952380959,0.017129629629629606,-0.09989417989417998
V1,trial_type,44,1.8761726078799248,1.0351297146923724,0.10869047619047612,0.009490740740740689,-0.09919973544973543
V1,trial_type,45,1.9408682150481984,1.0351297146923724,0.08063492063492067,0.009490740740740689,-0.07114417989417998
V1,trial_type,46,2.0055638222164713,1.0351297146923724,0.0784920634920635,0.01041666666666663,-0.06807539682539687
V1,visual_direction,0,-0.9704341075240992,1.0351297146923724,0.0116931216931217,-0.02901234567901234,-0.04070546737213404
V1,visual_direction,1,-0.9057385003558258,1.0351297146923724,0.007089947089947035,-0.024691358024691468,-0.0317813051146385
V1,visual_direction,2,-0.8410428931875525,1.0351297146923724,0.010952380952381047,-0.0037037037037036535,-0.0146560846560847
V1,visual_direction,3,-0.7763472860192793,1.0351297146923724,0.030952380952380953,-0.003395061728395099,-0.03434744268077605
V1,visual_direction,4,-0.711651678851006,1.0351297146923724,0.01867724867724868,0.012962962962963065,-0.005714285714285616
V1,visual_direction,5,-0.6469560716827327,1.0351297146923724,0.005185185185185348,0.0018518518518517713,-0.003333333333333577
V1,visual_direction,6,-0.5822604645144595,1.0351297146923724,-0.007936507936507908,-0.00030864197530861004,0.007627865961199298
V1,visual_direction,7,-0.5175648573461862,1.0351297146923724,-0.019735449735449773,-0.02932098765432095,-0.009585537918871179
V1,visual_direction,8,-0.4528692501779129,1.0351297146923724,-0.002486772486772537,0.01296296296296301,0.015449735449735547
V1,visual_direction,9,-0.3881736430096396,1.0351297146923724,-0.011851851851851891,-0.006481481481481477,0.005370370370370414
V1,visual_direction,10,-0.3234780358413663,1.0351297146923724,0.03259259259259262,0.0015432098765431057,-0.03104938271604951
V1,visual_direction,11,-0.2587824286730931,1.0351297146923724,0.018042328042328082,-0.02160493827160498,-0.03964726631393306
V1,visual_direction,12,-0.1940868215048198,1.0351297146923724,-0.0015873015873016927,-0.004938271604938205,-0.003350970017636512
V1,visual_direction,13,-0.1293912143365465,1.0351297146923724,0.021481481481481546,0.019753086419753152,-0.0017283950617283939
V1,visual_direction,14,-0.0646956071682732,1.0351297146923724,-0.011746031746031782,-0.0015432098765432167,0.010202821869488565
V1,visual_direction,15,0.0,1.0351297146923724,0.015343915343915382,-0.005555555555555536,-0.020899470899470918
V1,visual_direction,16,0.0646956071682732,1.0351297146923724,0.04645502645502658,-0.020061728395061706,-0.06651675485008829
V1,visual_direction,17,0.1293912143365465,1.0351297146923724,-0.003650793650793571,0.02932098765432095,0.03297178130511452
V1,visual_direction,18,0.1940868215048198,1.0351297146923724,0.06375661375661368,0.031481481481481444,-0.032275132275132234
V1,visual_direction,19,0.2587824286730931,1.0351297146923724,0.22957671957671955,0.15864197530864188,-0.07093474426807767
V1,visual_direction,20,0.3234780358413663,1.0351297146923724,0.23968253968253972,0.12098765432098768,-0.11869488536155204
V1,visual_direction,21,0.3881736430096396,1.0351297146923724,0.19687830687830687,0.10895061728395061,-0.08792768959435626
V1,visual_direction,22,0.4528692501779129,1.0351297146923724,0.1716402116402116,0.0703703703703703,-0.10126984126984129
V1,visual_direction,23,0.5175648573461862,1.0351297146923724,0.17793650793650795,0.062345679012345445,-0.1155908289241625
V1,visual_direction,24,0.5822604645144595,1.0351297146923724,0.18698412698412714,0.055246913580247026,-0.13173721340388012
V1,visual_direction,25,0.6469560716827327,1.0351297146923724,0.19312169312169325,0.05277777777777759,-0.14034391534391566
V1,visual_direction,26,0.711651678851006,1.0351297146923724,0.17507936507936506,0.0570987654320988,-0.11798059964726626
V1,visual_direction,27,0.7763472860192793,1.0351297146923724,0.1767724867724868,0.06543209876543243,-0.11134038800705437
V1,visual_direction,28,0.8410428931875525,1.0351297146923724,0.16216931216931185,0.06543209876543221,-0.09673721340387964
V1,visual_direction,29,0.9057385003558258,1.0351297146923724,0.1551851851851851,0.04567901234567906,-0.10950617283950603
V1,visual_direction,30,0.9704341075240992,1.0351297146923724,0.17899470899470882,0.03580246913580243,-0.1431922398589064
V1,visual_direction,31,1.0351297146923724,1.0351297146923724,0.16708994708994696,0.03981481481481486,-0.1272751322751321
V1,visual_direction,32,1.0998253218606455,1.0351297146923724,0.16068783068783066,0.036728395061728536,-0.12395943562610212
V1,visual_direction,33,1.164520929028919,1.0351297146923724,0.16190476190476177,0.0435185185185184,-0.11838624338624337
V1,visual_direction,34,1.229216536197192,1.0351297146923724,0.137989417989418,0.04290123456790118,-0.09508818342151681
V1,visual_direction,35,1.2939121433654657,1.0351297146923724,0.1292592592592594,0.03487654320987643,-0.09438271604938298
V1,visual_direction,36,1.3586077505337386,1.0351297146923724,0.1425396825396824,0.04104938271604941,-0.101490299823633
V1,visual_direction,37,1.423303357702012,1.0351297146923724,0.14677248677248678,0.0376543209876542,-0.10911816578483258
V1,visual_direction,38,1.4879989648702852,1.0351297146923724,0.12761904761904752,0.039814814814814636,-0.08780423280423288
V1,visual_direction,39,1.5526945720385583,1.0351297146923724,0.13962962962962955,0.0370370370370372,-0.10259259259259235
V1,visual_direction,40,1.6173901792068317,1.0351297146923724,0.12978835978835968,0.037345679012345645,-0.09244268077601403
V1,visual_direction,41,1.682085786375105,1.0351297146923724,0.1371957671957672,0.05586419753086436,-0.08133156966490285
V1,visual_direction,42,1.7467813935433782,1.0351297146923724,0.11682539682539672,0.039197530864197416,-0.0776278659611993
V1,visual_direction,43,1.8114770007116516,1.0351297146923724,0.1333333333333333,0.042592592592592626,-0.09074074074074068
V1,visual_direction,44,1.8761726078799248,1.0351297146923724,0.1138095238095238,0.029320987654321118,-0.08448853615520269
V1,visual_direction,45,1.9408682150481984,1.0351297146923724,0.11634920634920631,0.03919753086419753,-0.07715167548500879
V1,visual_direction,46,2.0055638222164713,1.0351297146923724,0.1012169312169311,0.033333333333333215,-0.06788359788359788
AM/PM,auditory_direction,0,-0.9704341075240992,1.0351297146923724,-0.006172839506172922,-0.024074074074074137,-0.017901234567901214
AM/PM,auditory_direction,1,-0.9057385003558258,1.0351297146923724,-0.0018518518518518823,0.0592592592592594,0.06111111111111128
AM/PM,auditory_direction,2,-0.8410428931875525,1.0351297146923724,0.06543209876543216,0.02685185185185196,-0.038580246913580196
AM/PM,auditory_direction,3,-0.7763472860192793,1.0351297146923724,0.004938271604938316,-0.019444444444444375,-0.02438271604938269
AM/PM,auditory_direction,4,-0.711651678851006,1.0351297146923724,0.017901234567901103,-0.025925925925925908,-0.04382716049382701
AM/PM,auditory_direction,5,-0.6469560716827327,1.0351297146923724,-0.03888888888888892,-0.03981481481481486,-0.0009259259259259411
AM/PM,auditory_direction,6,-0.5822604645144595,1.0351297146923724,0.03086419753086428,0.01574074074074061,-0.015123456790123668
AM/PM,auditory_direction,7,-0.5175648573461862,1.0351297146923724,0.0030864197530863224,-0.0064814814814815325,-0.009567901234567855
AM/PM,auditory_direction,8,-0.4528692501779129,1.0351297146923724,-0.022839506172839474,-0.02222222222222231,0.0006172839506171646
AM/PM,auditory_direction,9,-0.3881736430096396,1.0351297146923724,-0.00987654320987652,0.033333333333333326,0.043209876543209846
AM/PM,auditory_direction,10,-0.3234780358413663,1.0351297146923724,0.04197530864197535,0.05925925925925929,0.01728395061728394
AM/PM,auditory_direction,11,-0.2587824286730931,1.0351297146923724,-0.021604938271604923,0.023148148148148195,0.04475308641975312
AM/PM,auditory_direction,12,-0.1940868215048198,1.0351297146923724,0.038271604938271586,-0.004629629629629706,-0.04290123456790129
AM/PM,auditory_direction,13,-0.1293912143365465,1.0351297146923724,0.04012345679012347,0.024074074074074026,-0.016049382716049443
AM/PM,auditory_direction,14,-0.0646956071682732,1.0351297146923724,-0.036419753086419704,-0.02314814814814803,0.013271604938271675
AM/PM,auditory_direction,15,0.0,1.0351297146923724,0.030246913580246837,-0.013888888888888895,-0.04413580246913573
AM/PM,auditory_direction,16,0.0646956071682732,1.0351297146923724,-0.05679012345679013,0.00925925925925919,0.06604938271604932
AM/PM,auditory_direction,17,0.1293912143365465,1.0351297146923724,0.0018518518518517713,-0.017592592592592715,-0.019444444444444486
AM/PM,auditory_direction,18,0.1940868215048198,1.0351297146923724,-0.0030864197530864335,0.04814814814814811,0.05123456790123454
AM/PM,auditory_direction,19,0.2587824286730931,1.0351297146923724,-0.01975308641975304,0.010185185185185186,0.029938271604938227
AM/PM,auditory_direction,20,0.3234780358413663,1.0351297146923724,-0.0185185185185186,0.014814814814814725,0.033333333333333326
AM/PM,auditory_direction,21,0.3881736430096396,1.0351297146923724,-0.02839506172839512,0.011111111111111294,0.039506172839506415
AM/PM,auditory_direction,22,0.4528692501779129,1.0351297146923724,0.014814814814814725,-0.02037037037037026,-0.035185185185184986
AM/PM,auditory_direction,23,0.5175648573461862,1.0351297146923724,-0.026543209876543128,-0.02962962962962956,-0.0030864197530864335
AM/PM,auditory_direction,24,0.5822604645144595,1.0351297146923724,-0.04814814814814816,-0.0712962962962963,-0.02314814814814814
AM/PM,auditory_direction,25,0.6469560716827327,1.0351297146923724,-0.030864197530864224,-0.06203703703703711,-0.03117283950617289
AM/PM,auditory_direction,26,0.711651678851006,1.0351297146923724,-0.04814814814814816,-0.08425925925925926,-0.036111111111111094
AM/PM,auditory_direction,27,0.7763472860192793,1.0351297146923724,-0.042592592592592626,0.0037037037037036535,0.04629629629629628
AM/PM,auditory_direction,28,0.8410428931875525,1.0351297146923724,-0.03456790123456799,0.031481481481481666,0.06604938271604965
AM/PM,auditory_direction,29,0.9057385003558258,1.0351297146923724,-0.021604938271605034,0.05370370370370381,0.07530864197530884
AM/PM,auditory_direction,30,0.9704341075240992,1.0351297146923724,0.05493827160493825,0.012037037037036846,-0.0429012345679014
AM/PM,auditory_direction,31,1.0351297146923724,1.0351297146923724,-0.03950617283950619,-0.02499999999999991,0.014506172839506282
AM/PM,auditory_direction,32,1.0998253218606455,1.0351297146923724,-0.0586419753086419,-0.05277777777777792,0.005864197530863979
AM/PM,auditory_direction,33,1.164520929028919,1.0351297146923724,-0.06172839506172845,-0.059259259259259345,0.0024691358024691024
AM/PM,auditory_direction,34,1.229216536197192,1.0351297146923724,-0.0351851851851851,-0.036111111111111094,-0.0009259259259259967
AM/PM,auditory_direction,35,1.2939121433654657,1.0351297146923724,-0.0018518518518518823,-0.04444444444444462,-0.04259259259259274
AM/PM,auditory_direction,36,1.3586077505337386,1.0351297146923724,-0.020987654320987592,-0.011111111111111294,0.009876543209876298
AM/PM,auditory_direction,37,1.423303357702012,1.0351297146923724,0.005555555555555647,0.002777777777777768,-0.002777777777777879
AM/PM,auditory_direction,38,1.4879989648702852,1.0351297146923724,0.03641975308641976,-0.03240740740740744,-0.0688271604938272
AM/PM,auditory_direction,39,1.5526945720385583,1.0351297146923724,0.032098765432098664,-0.030555555555555558,-0.06265432098765422
AM/PM,auditory_direction,40,1.6173901792068317,1.0351297146923724,0.03580246913580243,0.020370370370370372,-0.015432098765432056
AM/PM,auditory_direction,41,1.682085786375105,1.0351297146923724,0.00802469135802475,0.024074074074074026,0.016049382716049276
AM/PM,auditory_direction,42,1.7467813935433782,1.0351297146923724,-0.03950617283950619,0.013888888888889062,0.053395061728395254
AM/PM,auditory_direction,43,1.8114770007116516,1.0351297146923724,0.022222222222222143,0.025000000000000022,0.002777777777777879
AM/PM,auditory_direction,44,1.8761726078799248,1.0351297146923724,0.05740740740740735,0.07500000000000007,0.017592592592592715
AM/PM,auditory_direction,45,1.9408682150481984,1.0351297146923724,0.042592592592592404,0.07222222222222224,0.02962962962962984
AM/PM,auditory_direction,46,2.0055638222164713,1.0351297146923724,0.041358024691357964,0.042592592592592515,0.0012345679012345512
AM/PM,congruency,0,-0.9704341075240992,1.0351297146923724,-0.06296296296296311,-0.023611111111111083,0.03935185185185203
AM/PM,congruency,1,-0.9057385003558258,1.0351297146923724,0.03425925925925921,-0.023611111111111194,-0.057870370370370405
AM/PM,congruency,2,-0.8410428931875525,1.0351297146923724,-0.03888888888888886,-0.015277777777777779,0.023611111111111083
AM/PM,congruency,3,-0.7763472860192793,1.0351297146923724,-0.024074074074074026,0.015277777777777724,0.03935185185185175
AM/PM,congruency,4,-0.711651678851006,1.0351297146923724,-0.021296296296296147,0.012499999999999956,0.0337962962962961
AM/PM,congruency,5,-0.6469560716827327,1.0351297146923724,-0.03703703703703698,0.0708333333333333,0.10787037037037028
AM/PM,congruency,6,-0.5822604645144595,1.0351297146923724,0.03888888888888897,0.01388888888888895,-0.025000000000000022
AM/PM,congruency,7,-0.5175648573461862,1.0351297146923724,0.004629629629629539,-0.004166666666666596,-0.008796296296296136
AM/PM,congruency,8,-0.4528692501779129,1.0351297146923724,-0.02314814814814825,-0.03888888888888886,-0.01574074074074061
AM/PM,congruency,9,-0.3881736430096396,1.0351297146923724,0.03888888888888897,-0.03333333333333338,-0.07222222222222235
AM/PM,congruency,10,-0.3234780358413663,1.0351297146923724,0.06574074074074071,0.023611111111111138,-0.04212962962962957
AM/PM,congruency,11,-0.2587824286730931,1.0351297146923724,0.01851851851851849,-0.013888888888888895,-0.032407407407407385
AM/PM,congruency,12,-0.1940868215048198,1.0351297146923724,-0.03518518518518521,-0.07638888888888895,-0.04120370370370374
AM/PM,congruency,13,-0.1293912143365465,1.0351297146923724,0.054629629629629584,0.025000000000000133,-0.02962962962962945
AM/PM,congruency,14,-0.0646956071682732,1.0351297146923724,0.02222222222222231,-0.001388888888888884,-0.023611111111111194
AM/PM,congruency,15,0.0,1.0351297146923724,-0.012037037037037124,-0.008333333333333304,0.00370370370370382
AM/PM,congruency,16,0.0646956071682732,1.0351297146923724,0.007407407407407418,0.04583333333333334,0.03842592592592592
AM/PM,congruency,17,0.1293912143365465,1.0351297146923724,-0.019444444444444486,-0.02916666666666673,-0.009722222222222243
AM/PM,congruency,18,0.1940868215048198,1.0351297146923724,-0.05648148148148152,0.03472222222222221,0.09120370370370373
AM/PM,congruency,19,0.2587824286730931,1.0351297146923724,-0.0037037037037038756,-0.009722222222222299,-0.006018518518518423
AM/PM,congruency,20,0.3234780358413663,1.0351297146923724,0.0185185185185186,-0.011111111111111238,-0.02962962962962984
AM/PM,congruency,21,0.3881736430096396,1.0351297146923724,0.041666666666666685,-0.027777777777777735,-0.06944444444444442
AM/PM,congruency,22,0.4528692501779129,1.0351297146923724,0.03518518518518521,0.004166666666666652,-0.031018518518518556
AM/PM,congruency,23,0.5175648573461862,1.0351297146923724,0.06388888888888894,-0.02777777777777768,-0.09166666666666662
AM/PM,congruency,24,0.5822604645144595,1.0351297146923724,0.05555555555555558,0.0347222222222221,-0.02083333333333348
AM/PM,congruency,25,0.6469560716827327,1.0351297146923724,-0.006481481481481477,0.01666666666666672,0.023148148148148195
AM/PM,congruency,26,0.711651678851006,1.0351297146923724,-0.015740740740740722,0.002777777777777768,0.01851851851851849
AM/PM,congruency,27,0.7763472860192793,1.0351297146923724,0.05185185185185187,-0.02222222222222231,-0.07407407407407418
AM/PM,congruency,28,0.8410428931875525,1.0351297146923724,0.05185185185185193,-0.0444444444444444,-0.09629629629629632
AM/PM,congruency,29,0.9057385003558258,1.0351297146923724,0.03888888888888897,0.025000000000000022,-0.01388888888888895
AM/PM,congruency,30,0.9704341075240992,1.0351297146923724,0.063888888888889,-0.006944444444444531,-0.07083333333333353
AM/PM,congruency,31,1.0351297146923724,1.0351297146923724,0.01203703703703718,0.0027777777777777124,-0.009259259259259467
AM/PM,congruency,32,1.0998253218606455,1.0351297146923724,-0.034259259259259156,0.0,0.034259259259259156
AM/PM,congruency,33,1.164520929028919,1.0351297146923724,0.047222222222222276,-0.009722222222222299,-0.056944444444444575
AM/PM,congruency,34,1.229216536197192,1.0351297146923724,1.1102230246251565e-16,0.012500000000000011,0.0124999999999999
AM/PM,congruency,35,1.2939121433654657,1.0351297146923724,-0.03425925925925932,-0.019444444444444486,0.014814814814814836
AM/PM,congruency,36,1.3586077505337386,1.0351297146923724,0.07777777777777789,-0.030555555555555503,-0.10833333333333339
AM/PM,congruency,37,1.423303357702012,1.0351297146923724,0.006481481481481477,-0.09166666666666662,-0.0981481481481481
AM/PM,congruency,38,1.4879989648702852,1.0351297146923724,0.03703703703703709,-0.05555555555555558,-0.09259259259259267
AM/PM,congruency,39,1.5526945720385583,1.0351297146923724,-0.010185185185185186,0.00555555555555548,0.015740740740740666
AM/PM,congruency,40,1.6173901792068317,1.0351297146923724,0.021296296296296202,-0.019444444444444542,-0.040740740740740744
AM/PM,congruency,41,1.682085786375105,1.0351297146923724,-0.036111111111111205,-0.023611111111111083,0.012500000000000122
AM/PM,congruency,42,1.7467813935433782,1.0351297146923724,0.01666666666666672,-0.06666666666666665,-0.08333333333333337
AM/PM,congruency,43,1.8114770007116516,1.0351297146923724,0.038888888888888806,-0.03194444444444455,-0.07083333333333336
AM/PM,congruency,44,1.8761726078799248,1.0351297146923724,-0.03981481481481497,-0.043055555555555625,-0.003240740740740655
AM/PM,congruency,45,1.9408682150481984,1.0351297146923724,-0.01481481481481478,-0.04722222222222233,-0.03240740740740755
AM/PM,congruency,46,2.0055638222164713,1.0351297146923724,-0.01388888888888884,-0.10277777777777786,-0.08888888888888902
AM/PM,modality,0,-0.9704341075240992,1.0351297146923724,0.0015432098765432722,-0.02777777777777779,-0.029320987654321062
AM/PM,modality,1,-0.9057385003558258,1.0351297146923724,0.0006172839506172756,-0.0064814814814814214,-0.007098765432098697
AM/PM,modality,2,-0.8410428931875525,1.0351297146923724,0.00895061728395069,0.02037037037037054,0.011419753086419848
AM/PM,modality,3,-0.7763472860192793,1.0351297146923724,0.021296296296296313,0.027314814814814792,0.006018518518518479
AM/PM,modality,4,-0.711651678851006,1.0351297146923724,0.0006172839506172756,0.017592592592592604,0.01697530864197533
AM/PM,modality,5,-0.6469560716827327,1.0351297146923724,0.003395061728395099,0.011574074074074125,0.008179012345679026
AM/PM,modality,6,-0.5822604645144595,1.0351297146923724,0.0280864197530864,0.03240740740740744,0.00432098765432104
AM/PM,modality,7,-0.5175648573461862,1.0351297146923724,-0.01327160493827162,0.007407407407407307,0.020679012345678927
AM/PM,modality,8,-0.4528692501779129,1.0351297146923724,-0.0006172839506171646,-0.019444444444444375,-0.01882716049382721
AM/PM,modality,9,-0.3881736430096396,1.0351297146923724,0.025000000000000022,-0.0310185185185185,-0.05601851851851852
AM/PM,modality,10,-0.3234780358413663,1.0351297146923724,-0.0910493827160494,0.015740740740740666,0.10679012345679006
AM/PM,modality,11,-0.2587824286730931,1.0351297146923724,0.014506172839506226,-0.008796296296296302,-0.023302469135802528
AM/PM,modality,12,-0.1940868215048198,1.0351297146923724,0.01574074074074061,-0.008796296296296302,-0.024537037037036913
AM/PM,modality,13,-0.1293912143365465,1.0351297146923724,0.02777777777777779,-0.042592592592592515,-0.0703703703703703
AM/PM,modality,14,-0.0646956071682732,1.0351297146923724,0.05339506172839509,0.0004629629629629983,-0.05293209876543209
AM/PM,modality,15,0.0,1.0351297146923724,0.04475308641975312,-0.025925925925925908,-0.07067901234567903
AM/PM,modality,16,0.0646956071682732,1.0351297146923724,0.012654320987654344,0.03657407407407409,0.02391975308641975
AM/PM,modality,17,0.1293912143365465,1.0351297146923724,0.04969135802469149,0.009722222222222299,-0.03996913580246919
AM/PM,modality,18,0.1940868215048198,1.0351297146923724,0.0885802469135803,0.046759259259259334,-0.04182098765432096
AM/PM,modality,19,0.2587824286730931,1.0351297146923724,0.1108024691358026,-0.01157407407407407,-0.12237654320987668
AM/PM,modality,20,0.3234780358413663,1.0351297146923724,0.08086419753086416,0.038425925925926085,-0.04243827160493807
AM/PM,modality,21,0.3881736430096396,1.0351297146923724,0.13456790123456785,0.06342592592592589,-0.07114197530864197
AM/PM,modality,22,0.4528692501779129,1.0351297146923724,0.2055555555555555,0.13657407407407418,-0.06898148148148131
AM/PM,modality,23,0.5175648573461862,1.0351297146923724,0.191358024691358,0.16666666666666674,-0.024691358024691246
AM/PM,modality,24,0.5822604645144595,1.0351297146923724,0.15679012345679022,0.21157407407407414,0.054783950617283916
AM/PM,modality,25,0.6469560716827327,1.0351297146923724,0.19259259259259254,0.1777777777777777,-0.014814814814814836
AM/PM,modality,26,0.711651678851006,1.0351297146923724,0.16419753086419753,0.20138888888888884,0.03719135802469131
AM/PM,modality,27,0.7763472860192793,1.0351297146923724,0.22222222222222232,0.186574074074074,-0.03564814814814832
AM/PM,modality,28,0.8410428931875525,1.0351297146923724,0.2305555555555555,0.18842592592592589,-0.04212962962962963
AM/PM,modality,29,0.9057385003558258,1.0351297146923724,0.17469135802469127,0.186574074074074,0.011882716049382736
AM/PM,modality,30,0.9704341075240992,1.0351297146923724,0.19907407407407407,0.1796296296296298,-0.019444444444444264
AM/PM,modality,31,1.0351297146923724,1.0351297146923724,0.19104938271604932,0.16435185185185186,-0.02669753086419746
AM/PM,modality,32,1.0998253218606455,1.0351297146923724,0.14876543209876558,0.17361111111111116,0.02484567901234558
AM/PM,modality,33,1.164520929028919,1.0351297146923724,0.12716049382716033,0.14074074074074072,0.013580246913580396
AM/PM,modality,34,1.229216536197192,1.0351297146923724,0.15987654320987632,0.20787037037037037,0.04799382716049405
AM/PM,modality,35,1.2939121433654657,1.0351297146923724,0.12932098765432098,0.1597222222222221,0.030401234567901114
AM/PM,modality,36,1.3586077505337386,1.0351297146923724,0.16419753086419753,0.1337962962962962,-0.030401234567901336
AM/PM,modality,37,1.423303357702012,1.0351297146923724,0.16296296296296298,0.19120370370370376,0.02824074074074079
AM/PM,modality,38,1.4879989648702852,1.0351297146923724,0.2006172839506173,0.1532407407407408,-0.0473765432098765
AM/PM,modality,39,1.5526945720385583,1.0351297146923724,0.17160493827160495,0.20925925925925914,0.0376543209876542
AM/PM,modality,40,1.6173901792068317,1.0351297146923724,0.23518518518518516,0.17500000000000004,-0.06018518518518512
AM/PM,modality,41,1.682085786375105,1.0351297146923724,0.23950617283950637,0.19583333333333341,-0.043672839506172956
AM/PM,modality,42,1.7467813935433782,1.0351297146923724,0.19166666666666665,0.18009259259259258,-0.01157407407407407
AM/PM,modality,43,1.8114770007116516,1.0351297146923724,0.20524691358024671,0.2222222222222222,0.016975308641975495
AM/PM,modality,44,1.8761726078799248,1.0351297146923724,0.2364197530864196,0.2217592592592592,-0.014660493827160392
AM/PM,modality,45,1.9408682150481984,1.0351297146923724,0.24722222222222218,0.24027777777777792,-0.006944444444444253
AM/PM,modality,46,2.0055638222164713,1.0351297146923724,0.22901234567901235,0.25925925925925924,0.030246913580246892
AM/PM,trial_type,0,-0.9704341075240992,1.0351297146923724,-0.001851851851851799,0.00486111111111108,0.006712962962962879
AM/PM,trial_type,1,-0.9057385003558258,1.0351297146923724,-0.0203703703703704,0.023611111111111097,0.043981481481481496
AM/PM,trial_type,2,-0.8410428931875525,1.0351297146923724,-0.013425925925925897,0.005555555555555494,0.01898148148148139
AM/PM,trial_type,3,-0.7763472860192793,1.0351297146923724,-0.005555555555555591,-0.0013888888888888978,0.0041666666666666935
AM/PM,trial_type,4,-0.711651678851006,1.0351297146923724,0.014351851851851796,0.009027777777777801,-0.005324074074073995
AM/PM,trial_type,5,-0.6469560716827327,1.0351297146923724,-0.0023148148148149084,-0.015277777777777807,-0.012962962962962898
AM/PM,trial_type,6,-0.5822604645144595,1.0351297146923724,0.0222222222222222,0.009722222222222299,-0.0124999999999999
AM/PM,trial_type,7,-0.5175648573461862,1.0351297146923724,0.0027777777777778095,0.006944444444444406,0.004166666666666596
AM/PM,trial_type,8,-0.4528692501779129,1.0351297146923724,-0.0032407407407407107,-0.027083333333333293,-0.023842592592592582
AM/PM,trial_type,9,-0.3881736430096396,1.0351297146923724,0.013888888888888909,0.022222222222222213,0.008333333333333304
AM/PM,trial_type,10,-0.3234780358413663,1.0351297146923724,-0.011574074074074098,0.006944444444444503,0.0185185185185186
AM/PM,trial_type,11,-0.2587824286730931,1.0351297146923724,0.02777777777777779,-0.011111111111111113,-0.0388888888888889
AM/PM,trial_type,12,-0.1940868215048198,1.0351297146923724,0.014814814814814808,-0.02569444444444441,-0.04050925925925922
AM/PM,trial_type,13,-0.1293912143365465,1.0351297146923724,0.02407407407407411,-0.04305555555555561,-0.06712962962962972
AM/PM,trial_type,14,-0.0646956071682732,1.0351297146923724,0.04259259259259261,0.002083333333333326,-0.040509259259259287
AM/PM,trial_type,15,0.0,1.0351297146923724,0.018981481481481502,0.018750000000000017,-0.00023148148148148529
AM/PM,trial_type,16,0.0646956071682732,1.0351297146923724,0.0208333333333333,0.002083333333333298,-0.018750000000000003
AM/PM,trial_type,17,0.1293912143365465,1.0351297146923724,0.0319444444444445,0.01319444444444448,-0.018750000000000017
AM/PM,trial_type,18,0.1940868215048198,1.0351297146923724,0.003240740740740794,-0.002083333333333298,-0.005324074074074092
AM/PM,trial_type,19,0.2587824286730931,1.0351297146923724,0.10277777777777769,0.052083333333333315,-0.050694444444444375
AM/PM,trial_type,20,0.3234780358413663,1.0351297146923724,0.1592592592592592,0.1291666666666666,-0.030092592592592615
AM/PM,trial_type,21,0.3881736430096396,1.0351297146923724,0.16296296296296298,0.1618055555555556,-0.0011574074074073848
AM/PM,trial_type,22,0.4528692501779129,1.0351297146923724,0.18564814814814828,0.1743055555555556,-0.011342592592592682
AM/PM,trial_type,23,0.5175648573461862,1.0351297146923724,0.2185185185185186,0.20069444444444445,-0.01782407407407416
AM/PM,trial_type,24,0.5822604645144595,1.0351297146923724,0.19907407407407413,0.23333333333333334,0.03425925925925921
AM/PM,trial_type,25,0.6469560716827327,1.0351297146923724,0.2337962962962964,0.19444444444444442,-0.03935185185185197
AM/PM,trial_type,26,0.711651678851006,1.0351297146923724,0.23009259259259263,0.2409722222222222,0.010879629629629572
AM/PM,trial_type,27,0.7763472860192793,1.0351297146923724,0.2055555555555556,0.22222222222222215,0.016666666666666552
AM/PM,trial_type,28,0.8410428931875525,1.0351297146923724,0.26064814814814813,0.23125000000000012,-0.029398148148148007
AM/PM,trial_type,29,0.9057385003558258,1.0351297146923724,0.25,0.22222222222222227,-0.027777777777777735
AM/PM,trial_type,30,0.9704341075240992,1.0351297146923724,0.20740740740740743,0.23333333333333328,0.025925925925925852
AM/PM,trial_type,31,1.0351297146923724,1.0351297146923724,0.21064814814814803,0.2013888888888889,-0.009259259259259134
AM/PM,trial_type,32,1.0998253218606455,1.0351297146923724,0.20370370370370366,0.19861111111111113,-0.0050925925925925375
AM/PM,trial_type,33,1.164520929028919,1.0351297146923724,0.1958333333333333,0.20277777777777778,0.006944444444444475
AM/PM,trial_type,34,1.229216536197192,1.0351297146923724,0.21898148148148144,0.2027777777777779,-0.016203703703703554
AM/PM,trial_type,35,1.2939121433654657,1.0351297146923724,0.21574074074074073,0.16249999999999998,-0.053240740740740755
AM/PM,trial_type,36,1.3586077505337386,1.0351297146923724,0.2138888888888889,0.18333333333333324,-0.03055555555555567
AM/PM,trial_type,37,1.423303357702012,1.0351297146923724,0.2449074074074074,0.1958333333333333,-0.0490740740740741
AM/PM,trial_type,38,1.4879989648702852,1.0351297146923724,0.24166666666666664,0.2194444444444444,-0.022222222222222254
AM/PM,trial_type,39,1.5526945720385583,1.0351297146923724,0.2625,0.17916666666666659,-0.08333333333333343
AM/PM,trial_type,40,1.6173901792068317,1.0351297146923724,0.287962962962963,0.18541666666666673,-0.10254629629629625
AM/PM,trial_type,41,1.682085786375105,1.0351297146923724,0.24861111111111128,0.2006944444444444,-0.047916666666666885
AM/PM,trial_type,42,1.7467813935433782,1.0351297146923724,0.23194444444444443,0.2548611111111112,0.02291666666666678
AM/PM,trial_type,43,1.8114770007116516,1.0351297146923724,0.23935185185185187,0.19861111111111102,-0.040740740740740855
AM/PM,trial_type,44,1.8761726078799248,1.0351297146923724,0.2782407407407409,0.2548611111111112,-0.023379629629629695
AM/PM,trial_type,45,1.9408682150481984,1.0351297146923724,0.22731481481481491,0.19166666666666657,-0.035648148148148345
AM/PM,trial_type,46,2.0055638222164713,1.0351297146923724,0.21851851851851847,0.21458333333333338,-0.003935185185185097
AM/PM,visual_direction,0,-0.9704341075240992,1.0351297146923724,0.006790123456790198,-0.02129629629629637,-0.028086419753086567
AM/PM,visual_direction,1,-0.9057385003558258,1.0351297146923724,-0.05864197530864207,0.03240740740740744,0.09104938271604951
AM/PM,visual_direction,2,-0.8410428931875525,1.0351297146923724,-0.0024691358024691024,-0.01666666666666672,-0.014197530864197616
AM/PM,visual_direction,3,-0.7763472860192793,1.0351297146923724,0.029629629629629728,0.05092592592592582,0.02129629629629609
AM/PM,visual_direction,4,-0.711651678851006,1.0351297146923724,-0.007407407407407363,-0.017592592592592493,-0.01018518518518513
AM/PM,visual_direction,5,-0.6469560716827327,1.0351297146923724,-0.006172839506172922,0.014814814814814836,0.02098765432098776
AM/PM,visual_direction,6,-0.5822604645144595,1.0351297146923724,0.00802469135802475,0.04629629629629628,0.03827160493827153
AM/PM,visual_direction,7,-0.5175648573461862,1.0351297146923724,0.0067901234567900315,0.0277777777777779,0.02098765432098787
AM/PM,visual_direction,8,-0.4528692501779129,1.0351297146923724,-0.01913580246913571,0.01481481481481478,0.03395061728395049
AM/PM,visual_direction,9,-0.3881736430096396,1.0351297146923724,-0.021604938271604923,-0.01388888888888895,0.007716049382715973
AM/PM,visual_direction,10,-0.3234780358413663,1.0351297146923724,0.055555555555555636,-0.035185185185185264,-0.0907407407407409
AM/PM,visual_direction,11,-0.2587824286730931,1.0351297146923724,0.06296296296296283,-0.012962962962962898,-0.07592592592592573
AM/PM,visual_direction,12,-0.1940868215048198,1.0351297146923724,0.03580246913580237,-0.0768518518518519,-0.11265432098765427
AM/PM,visual_direction,13,-0.1293912143365465,1.0351297146923724,-0.006172839506172922,-0.04629629629629639,-0.04012345679012347
AM/PM,visual_direction,14,-0.0646956071682732,1.0351297146923724,0.03518518518518521,-0.020370370370370372,-0.05555555555555558
AM/PM,visual_direction,15,0.0,1.0351297146923724,0.04691358024691361,-0.012037037037036957,-0.05895061728395057
AM/PM,visual_direction,16,0.0646956071682732,1.0351297146923724,0.017283950617283994,-0.01666666666666672,-0.03395061728395071
AM/PM,visual_direction,17,0.1293912143365465,1.0351297146923724,0.04074074074074091,-0.038888888888888806,-0.07962962962962972
AM/PM,visual_direction,18,0.1940868215048198,1.0351297146923724,0.04320987654320996,-0.07407407407407396,-0.11728395061728392
AM/PM,visual_direction,19,0.2587824286730931,1.0351297146923724,0.26234567901234573,0.187962962962963,-0.07438271604938274
AM/PM,visual_direction,20,0.3234780358413663,1.0351297146923724,0.2037037037037036,0.22870370370370374,0.025000000000000133
AM/PM,visual_direction,21,0.3881736430096396,1.0351297146923724,0.1635802469135802,0.3194444444444443,0.1558641975308641
AM/PM,visual_direction,22,0.4528692501779129,1.0351297146923724,0.17345679012345694,0.3907407407407407,0.21728395061728378
AM/PM,visual_direction,23,0.5175648573461862,1.0351297146923724,0.23456790123456783,0.3601851851851854,0.12561728395061755
AM/PM,visual_direction,24,0.5822604645144595,1.0351297146923724,0.28456790123456777,0.4120370370370371,0.12746913580246932
AM/PM,visual_direction,25,0.6469560716827327,1.0351297146923724,0.3160493827160492,0.37037037037037024,0.05432098765432103
AM/PM,visual_direction,26,0.711651678851006,1.0351297146923724,0.3450617283950618,0.3740740740740741,0.02901234567901234
AM/PM,visual_direction,27,0.7763472860192793,1.0351297146923724,0.3222222222222221,0.3916666666666667,0.06944444444444464
AM/PM,visual_direction,28,0.8410428931875525,1.0351297146923724,0.33271604938271615,0.34259259259259267,0.00987654320987652
AM/PM,visual_direction,29,0.9057385003558258,1.0351297146923724,0.39135802469135805,0.3074074074074076,-0.08395061728395048
AM/PM,visual_direction,30,0.9704341075240992,1.0351297146923724,0.36790123456790114,0.29814814814814794,-0.0697530864197532
AM/PM,visual_direction,31,1.0351297146923724,1.0351297146923724,0.33086419753086405,0.3111111111111111,-0.01975308641975293
AM/PM,visual_direction,32,1.0998253218606455,1.0351297146923724,0.36111111111111127,0.3388888888888888,-0.022222222222222476
AM/PM,visual_direction,33,1.164520929028919,1.0351297146923724,0.3604938271604937,0.336111111111111,-0.02438271604938269
AM/PM,visual_direction,34,1.229216536197192,1.0351297146923724,0.33271604938271593,0.3212962962962964,-0.011419753086419515
AM/PM,visual_direction,35,1.2939121433654657,1.0351297146923724,0.35679012345678995,0.30740740740740735,-0.0493827160493826
AM/PM,visual_direction,36,1.3586077505337386,1.0351297146923724,0.31666666666666654,0.2657407407407406,-0.05092592592592593
AM/PM,visual_direction,37,1.423303357702012,1.0351297146923724,0.3790123456790122,0.30555555555555547,-0.07345679012345674
AM/PM,visual_direction,38,1.4879989648702852,1.0351297146923724,0.38518518518518496,0.3018518518518519,-0.08333333333333304
AM/PM,visual_direction,39,1.5526945720385583,1.0351297146923724,0.4111111111111111,0.2972222222222225,-0.1138888888888886
AM/PM,visual_direction,40,1.6173901792068317,1.0351297146923724,0.37469135802469156,0.30740740740740746,-0.0672839506172841
AM/PM,visual_direction,41,1.682085786375105,1.0351297146923724,0.3932098765432098,0.23888888888888882,-0.154320987654321
AM/PM,visual_direction,42,1.7467813935433782,1.0351297146923724,0.4302469135802468,0.32685185185185184,-0.10339506172839497
AM/PM,visual_direction,43,1.8114770007116516,1.0351297146923724,0.35123456790123464,0.2935185185185186,-0.05771604938271602
AM/PM,visual_direction,44,1.8761726078799248,1.0351297146923724,0.38209876543209864,0.29629629629629617,-0.08580246913580247
AM/PM,visual_direction,45,1.9408682150481984,1.0351297146923724,0.3858024691358024,0.2842592592592592,-0.1015432098765432
AM/PM,visual_direction,46,2.0055638222164713,1.0351297146923724,0.37962962962962965,0.25648148148148153,-0.12314814814814812
A/RL/AL,auditory_direction,0,-0.9704341075240992,1.0351297146923724,-0.018783068783068846,0.0070987654320987525,0.0258818342151676
A/RL/AL,auditory_direction,1,-0.9057385003558258,1.0351297146923724,-0.004056437389770795,0.0032407407407407662,0.007297178130511561
A/RL/AL,auditory_direction,2,-0.8410428931875525,1.0351297146923724,-0.008156966490299733,-0.02638888888888885,-0.018231922398589118
A/RL/AL,auditory_direction,3,-0.7763472860192793,1.0351297146923724,0.012874779541446224,0.0032407407407407662,-0.009634038800705458
A/RL/AL,auditory_direction,4,-0.711651678851006,1.0351297146923724,0.019356261022927757,0.018827160493827266,-0.0005291005291004902
A/RL/AL,auditory_direction,5,-0.6469560716827327,1.0351297146923724,0.01565255731922388,-0.020370370370370483,-0.036022927689594364
A/RL/AL,auditory_direction,6,-0.5822604645144595,1.0351297146923724,0.014858906525573201,0.009413580246913633,-0.005445326278659568
A/RL/AL,auditory_direction,7,-0.5175648573461862,1.0351297146923724,-0.02791005291005294,-0.01682098765432105,0.01108906525573189
A/RL/AL,auditory_direction,8,-0.4528692501779129,1.0351297146923724,0.006481481481481477,-0.015277777777777835,-0.02175925925925931
A/RL/AL,auditory_direction,9,-0.3881736430096396,1.0351297146923724,0.01966490299823631,0.03811728395061731,0.018452380952380998
A/RL/AL,auditory_direction,10,-0.3234780358413663,1.0351297146923724,0.00030864197530866555,-0.009722222222222243,-0.010030864197530909
A/RL/AL,auditory_direction,11,-0.2587824286730931,1.0351297146923724,-0.017548500881834295,-0.00015432098765433278,0.017394179894179962
A/RL/AL,auditory_direction,12,-0.1940868215048198,1.0351297146923724,-0.008509700176366874,0.0004629629629629983,0.008972663139329873
A/RL/AL,auditory_direction,13,-0.1293912143365465,1.0351297146923724,-0.007054673721340443,-0.012037037037037068,-0.004982363315696625
A/RL/AL,auditory_direction,14,-0.0646956071682732,1.0351297146923724,0.0010582010582010914,0.0,-0.0010582010582010914
A/RL/AL,auditory_direction,15,0.0,1.0351297146923724,0.0044973544973545,-0.00725308641975303,-0.01175044091710753
A/RL/AL,auditory_direction,16,0.0646956071682732,1.0351297146923724,-0.0060846560846560815,0.0035493827160493763,0.009634038800705458
A/RL/AL,auditory_direction,17,0.1293912143365465,1.0351297146923724,0.006922398589065182,-0.008179012345678971,-0.015101410934744153
A/RL/AL,auditory_direction,18,0.1940868215048198,1.0351297146923724,-0.031261022927689674,0.03533950617283954,0.06660052910052922
A/RL/AL,auditory_direction,19,0.2587824286730931,1.0351297146923724,-0.05242504409171056,-0.005401234567901314,0.047023809523809246
A/RL/AL,auditory_direction,20,0.3234780358413663,1.0351297146923724,-0.028174603174603297,-0.03719135802469142,-0.009016754850088127
A/RL/AL,auditory_direction,21,0.3881736430096396,1.0351297146923724,-0.011992945326278592,-0.02716049382716057,-0.015167548500881978
A/RL/AL,auditory_direction,22,0.4528692501779129,1.0351297146923724,-0.013095238095238049,-0.02546296296296291,-0.01236772486772486
A/RL/AL,auditory_direction,23,0.5175648573461862,1.0351297146923724,-0.02305996472663141,-0.05555555555555547,-0.03249559082892406
A/RL/AL,auditory_direction,24,0.5822604645144595,1.0351297146923724,-0.03831569664903001,-0.06450617283950622,-0.02619047619047621
A/RL/AL,auditory_direction,25,0.6469560716827327,1.0351297146923724,-0.04193121693121704,-0.07006172839506164,-0.0281305114638446
A/RL/AL,auditory_direction,26,0.711651678851006,1.0351297146923724,-0.04462081128747797,-0.04675925925925928,-0.00213844797178131
A/RL/AL,auditory_direction,27,0.7763472860192793,1.0351297146923724,-0.03474426807760145,-0.061111111111111116,-0.026366843033509668
A/RL/AL,auditory_direction,28,0.8410428931875525,1.0351297146923724,-0.05154320987654315,-0.053549382716049365,-0.002006172839506215
A/RL/AL,auditory_direction,29,0.9057385003558258,1.0351297146923724,-0.027072310405643618,-0.024074074074074137,0.0029982363315694815
A/RL/AL,auditory_direction,30,0.9704341075240992,1.0351297146923724,-0.029850088183421497,-0.02592592592592602,0.003924162257495478
A/RL/AL,auditory_direction,31,1.0351297146923724,1.0351297146923724,-0.04435626102292756,-0.004783950617283872,0.039572310405643685
A/RL/AL,auditory_direction,32,1.0998253218606455,1.0351297146923724,-0.0238536155202822,-0.043672839506172845,-0.019819223985890644
A/RL/AL,auditory_direction,33,1.164520929028919,1.0351297146923724,-0.04814814814814816,-0.042592592592592515,0.005555555555555647
A/RL/AL,auditory_direction,34,1.229216536197192,1.0351297146923724,-0.020238095238095166,-0.022839506172839474,-0.002601410934744308
A/RL/AL,auditory_direction,35,1.2939121433654657,1.0351297146923724,-0.0537037037037037,-0.02422839506172847,0.02947530864197523
A/RL/AL,auditory_direction,36,1.3586077505337386,1.0351297146923724,-0.04219576719576712,-0.022993827160493807,0.019201940035273313
A/RL/AL,auditory_direction,37,1.423303357702012,1.0351297146923724,-0.020546737213403832,-0.025925925925925908,-0.005379188712522076
A/RL/AL,auditory_direction,38,1.4879989648702852,1.0351297146923724,-0.025264550264550212,-0.045370370370370394,-0.020105820105820182
A/RL/AL,auditory_direction,39,1.5526945720385583,1.0351297146923724,-0.02297178130511457,-0.03688271604938265,-0.013910934744268078
A/RL/AL,auditory_direction,40,1.6173901792068317,1.0351297146923724,-0.042592592592592626,-0.03179012345679011,0.010802469135802517
A/RL/AL,auditory_direction,41,1.682085786375105,1.0351297146923724,-0.033597883597883516,-0.014969135802469169,0.018628747795414347
A/RL/AL,auditory_direction,42,1.7467813935433782,1.0351297146923724,-0.04656084656084658,0.0,0.04656084656084658
A/RL/AL,auditory_direction,43,1.8114770007116516,1.0351297146923724,-0.02297178130511468,0.004166666666666763,0.027138447971781443
A/RL/AL,auditory_direction,44,1.8761726078799248,1.0351297146923724,-0.05255731922398588,-0.014351851851851727,0.03820546737213415
A/RL/AL,auditory_direction,45,1.9408682150481984,1.0351297146923724,-0.008156966490299844,-0.020061728395061706,-0.011904761904761862
A/RL/AL,auditory_direction,46,2.0055638222164713,1.0351297146923724,-0.023015873015873045,-0.02422839506172836,-0.0012125220458553132
A/RL/AL,congruency,0,-0.9704341075240992,1.0351297146923724,0.044642857142857206,-0.009953703703703631,-0.05459656084656084
A/RL/AL,congruency,1,-0.9057385003558258,1.0351297146923724,0.0044973544973545,0.005555555555555591,0.0010582010582010914
A/RL/AL,congruency,2,-0.8410428931875525,1.0351297146923724,-0.015343915343915271,-0.018055555555555658,-0.002711640211640387
A/RL/AL,congruency,3,-0.7763472860192793,1.0351297146923724,0.021031746031745957,-0.00023148148148133263,-0.02126322751322729
A/RL/AL,congruency,4,-0.711651678851006,1.0351297146923724,0.0360449735449736,0.02013888888888893,-0.015906084656084674
A/RL/AL,congruency,5,-0.6469560716827327,1.0351297146923724,-0.01441798941798944,0.020370370370370483,0.034788359788359924
A/RL/AL,congruency,6,-0.5822604645144595,1.0351297146923724,0.0005291005291006012,0.00023148148148144365,-0.0002976190476191576
A/RL/AL,congruency,7,-0.5175648573461862,1.0351297146923724,-0.013293650793650857,-0.020833333333333315,-0.007539682539682457
A/RL/AL,congruency,8,-0.4528692501779129,1.0351297146923724,-0.013690476190476197,-0.01620370370370383,-0.002513227513227634
A/RL/AL,congruency,9,-0.3881736430096396,1.0351297146923724,0.029365079365079316,-0.007638888888888862,-0.03700396825396818
A/RL/AL,congruency,10,-0.3234780358413663,1.0351297146923724,-0.01501322751322759,-0.03819444444444453,-0.02318121693121694
A/RL/AL,congruency,11,-0.2587824286730931,1.0351297146923724,-0.0009920634920634885,-0.022453703703703698,-0.02146164021164021
A/RL/AL,congruency,12,-0.1940868215048198,1.0351297146923724,0.022486772486772444,-0.01921296296296293,-0.041699735449735376
A/RL/AL,congruency,13,-0.1293912143365465,1.0351297146923724,0.013756613756613745,0.020370370370370483,0.006613756613756738
A/RL/AL,congruency,14,-0.0646956071682732,1.0351297146923724,-0.01514550264550274,-0.018055555555555602,-0.0029100529100528627
A/RL/AL,congruency,15,0.0,1.0351297146923724,0.000661375661375696,-0.009027777777777857,-0.009689153439153553
A/RL/AL,congruency,16,0.0646956071682732,1.0351297146923724,0.03201058201058199,-0.017592592592592604,-0.049603174603174593
A/RL/AL,congruency,17,0.1293912143365465,1.0351297146923724,-0.013293650793650857,-0.039351851851851916,-0.026058201058201058
A/RL/AL,congruency,18,0.1940868215048198,1.0351297146923724,-0.014285714285714346,0.019212962962963043,0.03349867724867739
A/RL/AL,congruency,19,0.2587824286730931,1.0351297146923724,-0.015476190476190421,0.00601851851851859,0.02149470899470901
A/RL/AL,congruency,20,0.3234780358413663,1.0351297146923724,0.018584656084656093,-0.022916666666666696,-0.04150132275132279
A/RL/AL,congruency,21,0.3881736430096396,1.0351297146923724,0.008597883597883438,0.0023148148148147696,-0.006283068783068668
A/RL/AL,congruency,22,0.4528692501779129,1.0351297146923724,0.012566137566137559,0.0030092592592593226,-0.009556878306878236
A/RL/AL,congruency,23,0.5175648573461862,1.0351297146923724,-0.0224867724867725,-0.008101851851851749,0.01438492063492075
A/RL/AL,congruency,24,0.5822604645144595,1.0351297146923724,0.004232804232804199,-0.0094907407407408,-0.013723544973544999
A/RL/AL,congruency,25,0.6469560716827327,1.0351297146923724,-0.02328042328042329,0.01874999999999999,0.04203042328042328
A/RL/AL,congruency,26,0.711651678851006,1.0351297146923724,-0.007870370370370472,0.027083333333333348,0.03495370370370382
A/RL/AL,congruency,27,0.7763472860192793,1.0351297146923724,0.008730158730158755,-0.013657407407407507,-0.02238756613756626
A/RL/AL,congruency,28,0.8410428931875525,1.0351297146923724,-0.005753968253968289,0.03287037037037044,0.03862433862433873
A/RL/AL,congruency,29,0.9057385003558258,1.0351297146923724,0.010317460317460336,0.041666666666666574,0.03134920634920624
A/RL/AL,congruency,30,0.9704341075240992,1.0351297146923724,0.030026455026454957,-0.0030092592592592116,-0.03303571428571417
A/RL/AL,congruency,31,1.0351297146923724,1.0351297146923724,0.02592592592592602,0.0187500000000001,-0.007175925925925919
A/RL/AL,congruency,32,1.0998253218606455,1.0351297146923724,0.03253968253968259,0.027083333333333293,-0.005456349206349298
A/RL/AL,congruency,33,1.164520929028919,1.0351297146923724,0.04781746031746037,0.001388888888888884,-0.046428571428571486
A/RL/AL,congruency,34,1.229216536197192,1.0351297146923724,0.02103174603174618,-0.03217592592592605,-0.05320767195767223
A/RL/AL,congruency,35,1.2939121433654657,1.0351297146923724,0.015608465608465627,0.01759259259259266,0.0019841269841270326
A/RL/AL,congruency,36,1.3586077505337386,1.0351297146923724,0.017328042328042303,-0.004861111111111094,-0.022189153439153397
A/RL/AL,congruency,37,1.423303357702012,1.0351297146923724,0.008862433862433794,0.013888888888888895,0.005026455026455101
A/RL/AL,congruency,38,1.4879989648702852,1.0351297146923724,0.013161375661375707,-0.012268518518518401,-0.025429894179894108
A/RL/AL,congruency,39,1.5526945720385583,1.0351297146923724,0.010780423280423279,0.02314814814814814,0.01236772486772486
A/RL/AL,congruency,40,1.6173901792068317,1.0351297146923724,-0.006613756613756627,0.01851851851851849,0.025132275132275117
A/RL/AL,congruency,41,1.682085786375105,1.0351297146923724,0.001322751322751392,-0.011111111111111183,-0.012433862433862575
A/RL/AL,congruency,42,1.7467813935433782,1.0351297146923724,0.03194444444444455,-0.025925925925925908,-0.05787037037037046
A/RL/AL,congruency,43,1.8114770007116516,1.0351297146923724,-0.011706349206349165,-0.0009259259259259967,0.010780423280423168
A/RL/AL,congruency,44,1.8761726078799248,1.0351297146923724,0.01296296296296301,-0.012037037037037013,-0.025000000000000022
A/RL/AL,congruency,45,1.9408682150481984,1.0351297146923724,-0.012103174603174671,0.007870370370370416,0.019973544973545088
A/RL/AL,congruency,46,2.0055638222164713,1.0351297146923724,-0.02017195767195762,0.014120370370370283,0.0342923280423279
A/RL/AL,modality,0,-0.9704341075240992,1.0351297146923724,-0.002248677248677222,0.00038580246913583194,0.002634479717813054
A/RL/AL,modality,1,-0.9057385003558258,1.0351297146923724,0.014792768959435598,0.020679012345678982,0.005886243386243384
A/RL/AL,modality,2,-0.8410428931875525,1.0351297146923724,0.006878306878306817,-0.00956790123456791,-0.016446208112874727
A/RL/AL,modality,3,-0.7763472860192793,1.0351297146923724,-0.0116622574955908,-0.020061728395061706,-0.008399470899470907
A/RL/AL,modality,4,-0.711651678851006,1.0351297146923724,-0.004343033509700167,0.010879629629629628,0.015222663139329795
A/RL/AL,modality,5,-0.6469560716827327,1.0351297146923724,0.007054673721340332,-0.0004629629629629983,-0.00751763668430333
A/RL/AL,modality,6,-0.5822604645144595,1.0351297146923724,-0.0005291005291004902,-0.01072530864197524,-0.01019620811287475
A/RL/AL,modality,7,-0.5175648573461862,1.0351297146923724,0.011485890652557396,-0.0010030864197531075,-0.012488977072310503
A/RL/AL,modality,8,-0.4528692501779129,1.0351297146923724,-0.011089065255732,0.006790123456790087,0.017879188712522087
A/RL/AL,modality,9,-0.3881736430096396,1.0351297146923724,0.008421516754850089,0.008641975308642025,0.00022045855379193569
A/RL/AL,modality,10,-0.3234780358413663,1.0351297146923724,-0.0001322751322750948,0.004938271604938205,0.0050705467372132995
A/RL/AL,modality,11,-0.2587824286730931,1.0351297146923724,0.0029320987654321007,-0.0014660493827159948,-0.0043981481481480955
A/RL/AL,modality,12,-0.1940868215048198,1.0351297146923724,-0.011044973544973524,-0.014583333333333393,-0.0035383597883598683
A/RL/AL,modality,13,-0.1293912143365465,1.0351297146923724,0.00672398589065254,0.010262345679012408,0.0035383597883598683
A/RL/AL,modality,14,-0.0646956071682732,1.0351297146923724,0.01878306878306879,-0.00023148148148144365,-0.019014550264550234
A/RL/AL,modality,15,0.0,1.0351297146923724,0.004343033509700223,0.019444444444444486,0.015101410934744264
A/RL/AL,modality,16,0.0646956071682732,1.0351297146923724,0.018562610229276855,0.01010802469135813,-0.008454585537918724
A/RL/AL,modality,17,0.1293912143365465,1.0351297146923724,0.025330687830687815,0.008564814814814803,-0.016765873015873012
A/RL/AL,modality,18,0.1940868215048198,1.0351297146923724,0.08148148148148138,0.08580246913580253,0.004320987654321151
A/RL/AL,modality,19,0.2587824286730931,1.0351297146923724,0.12158289241622577,0.07947530864197527,-0.0421075837742505
A/RL/AL,modality,20,0.3234780358413663,1.0351297146923724,0.12755731922398594,0.05100308641975304,-0.0765542328042329
A/RL/AL,modality,21,0.3881736430096396,1.0351297146923724,0.13675044091710764,0.07314814814814818,-0.06360229276895946
A/RL/AL,modality,22,0.4528692501779129,1.0351297146923724,0.1287918871252205,0.05455246913580236,-0.07423941798941813
A/RL/AL,modality,23,0.5175648573461862,1.0351297146923724,0.12297178130511466,0.055246913580247026,-0.06772486772486763
A/RL/AL,modality,24,0.5822604645144595,1.0351297146923724,0.14656084656084645,0.06867283950617298,-0.07788800705467347
A/RL/AL,modality,25,0.6469560716827327,1.0351297146923724,0.14788359788359795,0.04128086419753085,-0.1066027336860671
A/RL/AL,modality,26,0.711651678851006,1.0351297146923724,0.13062169312169314,0.04212962962962963,-0.08849206349206351
A/RL/AL,modality,27,0.7763472860192793,1.0351297146923724,0.15059523809523823,0.026929012345678904,-0.12366622574955932
A/RL/AL,modality,28,0.8410428931875525,1.0351297146923724,0.14462081128747806,0.018595679012345823,-0.12602513227513223
A/RL/AL,modality,29,0.9057385003558258,1.0351297146923724,0.13172398589065248,0.045987654320987725,-0.08573633156966476
A/RL/AL,modality,30,0.9704341075240992,1.0351297146923724,0.1251322751322751,0.029089506172839563,-0.09604276895943553
A/RL/AL,modality,31,1.0351297146923724,1.0351297146923724,0.11801146384479722,0.014274691358024616,-0.1037367724867726
A/RL/AL,modality,32,1.0998253218606455,1.0351297146923724,0.1124118165784832,0.014814814814814947,-0.09759700176366826
A/RL/AL,modality,33,1.164520929028919,1.0351297146923724,0.10041887125220461,0.029089506172839563,-0.07132936507936505
A/RL/AL,modality,34,1.229216536197192,1.0351297146923724,0.09135802469135801,0.021604938271604923,-0.06975308641975309
A/RL/AL,modality,35,1.2939121433654657,1.0351297146923724,0.10114638447971791,0.04066358024691363,-0.06048280423280428
A/RL/AL,modality,36,1.3586077505337386,1.0351297146923724,0.08985890652557305,0.024537037037037024,-0.06532186948853602
A/RL/AL,modality,37,1.423303357702012,1.0351297146923724,0.1130731922398589,0.02268518518518514,-0.09038800705467376
A/RL/AL,modality,38,1.4879989648702852,1.0351297146923724,0.09466490299823638,0.039814814814814636,-0.05485008818342174
A/RL/AL,modality,39,1.5526945720385583,1.0351297146923724,0.0924823633156967,0.032638888888888884,-0.05984347442680782
A/RL/AL,modality,40,1.6173901792068317,1.0351297146923724,0.09056437389770733,0.03572530864197532,-0.05483906525573201
A/RL/AL,modality,41,1.682085786375105,1.0351297146923724,0.0852292768959435,0.04567901234567906,-0.03955026455026445
A/RL/AL,modality,42,1.7467813935433782,1.0351297146923724,0.09468694885361562,0.045370370370370394,-0.04931657848324522
A/RL/AL,modality,43,1.8114770007116516,1.0351297146923724,0.08253968253968258,0.0351080246913581,-0.04743165784832448
A/RL/AL,modality,44,1.8761726078799248,1.0351297146923724,0.07854938271604939,0.014120370370370505,-0.06442901234567888
A/RL/AL,modality,45,1.9408682150481984,1.0351297146923724,0.07951940035273364,0.014583333333333282,-0.06493606701940036
A/RL/AL,modality,46,2.0055638222164713,1.0351297146923724,0.07766754850088187,0.007330246913580307,-0.07033730158730156
A/RL/AL,trial_type,0,-0.9704341075240992,1.0351297146923724,-0.015310846560846608,-0.002777777777777782,0.012533068783068826
A/RL/AL,trial_type,1,-0.9057385003558258,1.0351297146923724,0.011673280423280419,0.00925925925925919,-0.0024140211640212295
A/RL/AL,trial_type,2,-0.8410428931875525,1.0351297146923724,0.008564814814814817,-0.003935185185185208,-0.012500000000000025
A/RL/AL,trial_type,3,-0.7763472860192793,1.0351297146923724,0.007638888888888903,0.006597222222222199,-0.0010416666666667046
A/RL/AL,trial_type,4,-0.711651678851006,1.0351297146923724,0.003935185185185208,0.012962962962962996,0.009027777777777787
A/RL/AL,trial_type,5,-0.6469560716827327,1.0351297146923724,0.005092592592592593,-0.005671296296296285,-0.010763888888888878
A/RL/AL,trial_type,6,-0.5822604645144595,1.0351297146923724,-0.001851851851851799,0.006134259259259298,0.007986111111111097
A/RL/AL,trial_type,7,-0.5175648573461862,1.0351297146923724,0.007308201058201097,-0.004976851851851899,-0.012285052910052996
A/RL/AL,trial_type,8,-0.4528692501779129,1.0351297146923724,-0.004100529100529202,0.006134259259259298,0.0102347883597885
A/RL/AL,trial_type,9,-0.3881736430096396,1.0351297146923724,0.014914021164021199,0.0054398148148148,-0.009474206349206399
A/RL/AL,trial_type,10,-0.3234780358413663,1.0351297146923724,0.01121031746031749,0.0025462962962962965,-0.008664021164021193
A/RL/AL,trial_type,11,-0.2587824286730931,1.0351297146923724,0.008895502645502595,0.004976851851851899,-0.0039186507936506965
A/RL/AL,trial_type,12,-0.1940868215048198,1.0351297146923724,-0.005026455026455004,-0.009259259259259287,-0.0042328042328042825
A/RL/AL,trial_type,13,-0.1293912143365465,1.0351297146923724,-0.008167989417989407,0.0075231481481481954,0.015691137566137603
A/RL/AL,trial_type,14,-0.0646956071682732,1.0351297146923724,0.005291005291005402,0.007986111111111097,0.002695105820105695
A/RL/AL,trial_type,15,0.0,1.0351297146923724,0.012466931216931182,0.013425925925925897,0.0009589947089947148
A/RL/AL,trial_type,16,0.0646956071682732,1.0351297146923724,0.011474867724867707,0.007986111111111083,-0.0034887566137566245
A/RL/AL,trial_type,17,0.1293912143365465,1.0351297146923724,0.010218253968253987,0.0018518518518518823,-0.008366402116402105
A/RL/AL,trial_type,18,0.1940868215048198,1.0351297146923724,0.01769179894179898,0.042013888888888795,0.024322089947089814
A/RL/AL,trial_type,19,0.2587824286730931,1.0351297146923724,0.054530423280423235,0.05081018518518521,-0.0037202380952380265
A/RL/AL,trial_type,20,0.3234780358413663,1.0351297146923724,0.08161375661375658,0.07569444444444456,-0.005919312169312019
A/RL/AL,trial_type,21,0.3881736430096396,1.0351297146923724,0.11018518518518522,0.09363425925925933,-0.016550925925925886
A/RL/AL,trial_type,22,0.4528692501779129,1.0351297146923724,0.10777116402116399,0.06747685185185176,-0.04029431216931223
A/RL/AL,trial_type,23,0.5175648573461862,1.0351297146923724,0.1034391534391535,0.09386574074074078,-0.00957341269841272
A/RL/AL,trial_type,24,0.5822604645144595,1.0351297146923724,0.10753968253968249,0.07881944444444439,-0.028720238095238104
A/RL/AL,trial_type,25,0.6469560716827327,1.0351297146923724,0.09619708994708998,0.0715277777777778,-0.024669312169312174
A/RL/AL,trial_type,26,0.711651678851006,1.0351297146923724,0.09381613756613749,0.05856481481481479,-0.0352513227513227
A/RL/AL,trial_type,27,0.7763472860192793,1.0351297146923724,0.10138888888888897,0.04583333333333339,-0.05555555555555558
A/RL/AL,trial_type,28,0.8410428931875525,1.0351297146923724,0.08313492063492067,0.06481481481481488,-0.018320105820105792
A/RL/AL,trial_type,29,0.9057385003558258,1.0351297146923724,0.09447751322751319,0.0849537037037037,-0.00952380952380949
A/RL/AL,trial_type,30,0.9704341075240992,1.0351297146923724,0.10638227513227516,0.0844907407407407,-0.021891534391534462
A/RL/AL,trial_type,31,1.0351297146923724,1.0351297146923724,0.09070767195767199,0.0959490740740741,0.005241402116402116
A/RL/AL,trial_type,32,1.0998253218606455,1.0351297146923724,0.11524470899470901,0.048726851851851716,-0.0665178571428573
A/RL/AL,trial_type,33,1.164520929028919,1.0351297146923724,0.08710317460317468,0.042361111111111016,-0.044742063492063666
A/RL/AL,trial_type,34,1.229216536197192,1.0351297146923724,0.0858796296296297,0.06192129629629628,-0.023958333333333415
A/RL/AL,trial_type,35,1.2939121433654657,1.0351297146923724,0.06369047619047613,0.06435185185185188,0.0006613756613757515
A/RL/AL,trial_type,36,1.3586077505337386,1.0351297146923724,0.080489417989418,0.05659722222222219,-0.023892195767195812
A/RL/AL,trial_type,37,1.423303357702012,1.0351297146923724,0.0631613756613757,0.048842592592592604,-0.014318783068783092
A/RL/AL,trial_type,38,1.4879989648702852,1.0351297146923724,0.05810185185185179,0.04386574074074073,-0.01423611111111106
A/RL/AL,trial_type,39,1.5526945720385583,1.0351297146923724,0.04675925925925928,0.03912037037037036,-0.007638888888888917
A/RL/AL,trial_type,40,1.6173901792068317,1.0351297146923724,0.03941798941798941,0.047685185185185164,0.008267195767195756
A/RL/AL,trial_type,41,1.682085786375105,1.0351297146923724,0.030853174603174716,0.06643518518518521,0.03558201058201049
A/RL/AL,trial_type,42,1.7467813935433782,1.0351297146923724,0.03419312169312161,0.05682870370370369,0.022635582010582078
A/RL/AL,trial_type,43,1.8114770007116516,1.0351297146923724,0.018584656084656093,0.04212962962962957,0.02354497354497348
A/RL/AL,trial_type,44,1.8761726078799248,1.0351297146923724,0.018386243386243395,0.03472222222222232,0.016335978835978926
A/RL/AL,trial_type,45,1.9408682150481984,1.0351297146923724,0.017691798941798897,0.03043981481481478,0.012748015873015883
A/RL/AL,trial_type,46,2.0055638222164713,1.0351297146923724,0.02195767195767201,0.012037037037037013,-0.009920634920634996
A/RL/AL,visual_direction,0,-0.9704341075240992,1.0351297146923724,0.04219576719576723,0.010956790123456794,-0.031238977072310437
A/RL/AL,visual_direction,1,-0.9057385003558258,1.0351297146923724,0.010670194003527311,-0.0030864197530864335,-0.013756613756613745
A/RL/AL,visual_direction,2,-0.8410428931875525,1.0351297146923724,0.0022486772486771667,-0.008796296296296191,-0.011044973544973358
A/RL/AL,visual_direction,3,-0.7763472860192793,1.0351297146923724,0.016843033509700178,-0.010185185185185186,-0.027028218694885364
A/RL/AL,visual_direction,4,-0.711651678851006,1.0351297146923724,0.011022927689594453,0.009722222222222243,-0.0013007054673722096
A/RL/AL,visual_direction,5,-0.6469560716827327,1.0351297146923724,-0.0047619047619046895,-0.024845679012345745,-0.020083774250441055
A/RL/AL,visual_direction,6,-0.5822604645144595,1.0351297146923724,0.00022045855379182466,0.01296296296296301,0.012742504409171185
A/RL/AL,visual_direction,7,-0.5175648573461862,1.0351297146923724,0.0,-0.0050925925925926485,-0.0050925925925926485
A/RL/AL,visual_direction,8,-0.4528692501779129,1.0351297146923724,-0.018430335097001815,0.006172839506172867,0.024603174603174682
A/RL/AL,visual_direction,9,-0.3881736430096396,1.0351297146923724,0.02455908289241615,-0.027006172839506126,-0.05156525573192228
A/RL/AL,visual_direction,10,-0.3234780358413663,1.0351297146923724,0.007363315696648942,0.014351851851851949,0.006988536155203007
A/RL/AL,visual_direction,11,-0.2587824286730931,1.0351297146923724,0.023853615520282145,0.018672839506172878,-0.005180776014109267
A/RL/AL,visual_direction,12,-0.1940868215048198,1.0351297146923724,0.01940035273368601,-0.022376543209876643,-0.04177689594356265
A/RL/AL,visual_direction,13,-0.1293912143365465,1.0351297146923724,0.00612874779541428,-0.023148148148148084,-0.029276895943562364
A/RL/AL,visual_direction,14,-0.0646956071682732,1.0351297146923724,0.007936507936507908,0.009413580246913633,0.0014770723104057248
A/RL/AL,visual_direction,15,0.0,1.0351297146923724,-0.0004850088183421253,-0.020524691358024705,-0.02003968253968258
A/RL/AL,visual_direction,16,0.0646956071682732,1.0351297146923724,-0.011022927689594397,-0.007407407407407418,0.003615520282186979
A/RL/AL,visual_direction,17,0.1293912143365465,1.0351297146923724,-0.004805996472663165,-0.010648148148148184,-0.005842151675485019
A/RL/AL,visual_direction,18,0.1940868215048198,1.0351297146923724,-0.0018959435626101362,0.025308641975308577,0.027204585537918713
A/RL/AL,visual_direction,19,0.2587824286730931,1.0351297146923724,0.10242504409171072,0.11188271604938282,0.009457671957672109
A/RL/AL,visual_direction,20,0.3234780358413663,1.0351297146923724,0.12826278659612,0.18641975308641967,0.058156966490299666
A/RL/AL,visual_direction,21,0.3881736430096396,1.0351297146923724,0.17160493827160495,0.19367283950617264,0.0220679012345677
A/RL/AL,visual_direction,22,0.4528692501779129,1.0351297146923724,0.17601410934744266,0.18641975308641978,0.010405643738977122
A/RL/AL,visual_direction,23,0.5175648573461862,1.0351297146923724,0.1837742504409171,0.1962962962962963,0.012522045855379194
A/RL/AL,visual_direction,24,0.5822604645144595,1.0351297146923724,0.20052910052910056,0.18395061728395057,-0.01657848324514999
A/RL/AL,visual_direction,25,0.6469560716827327,1.0351297146923724,0.18042328042328026,0.1679012345679014,-0.01252204585537886
A/RL/AL,visual_direction,26,0.711651678851006,1.0351297146923724,0.16362433862433845,0.1401234567901236,-0.023500881834214837
A/RL/AL,visual_direction,27,0.7763472860192793,1.0351297146923724,0.16622574955908287,0.12824074074074066,-0.037985008818342214
A/RL/AL,visual_direction,28,0.8410428931875525,1.0351297146923724,0.16128747795414466,0.16342592592592586,0.002138447971781199
A/RL/AL,visual_direction,29,0.9057385003558258,1.0351297146923724,0.1677689594356262,0.17037037037037028,0.002601410934744086
A/RL/AL,visual_direction,30,0.9704341075240992,1.0351297146923724,0.18946208112874774,0.16975308641975306,-0.019708994708994676
A/RL/AL,visual_direction,31,1.0351297146923724,1.0351297146923724,0.19982363315696627,0.16712962962962974,-0.032694003527336535
A/RL/AL,visual_direction,32,1.0998253218606455,1.0351297146923724,0.19387125220458545,0.1314814814814813,-0.06238977072310414
A/RL/AL,visual_direction,33,1.164520929028919,1.0351297146923724,0.19559082892416213,0.13148148148148164,-0.06410934744268049
A/RL/AL,visual_direction,34,1.229216536197192,1.0351297146923724,0.17226631393298064,0.12129629629629635,-0.050970017636684295
A/RL/AL,visual_direction,35,1.2939121433654657,1.0351297146923724,0.16446208112874794,0.10262345679012341,-0.061838624338624526
A/RL/AL,visual_direction,36,1.3586077505337386,1.0351297146923724,0.16419753086419764,0.11358024691358026,-0.050617283950617376
A/RL/AL,visual_direction,37,1.423303357702012,1.0351297146923724,0.15074955908289234,0.08672839506172825,-0.06402116402116409
A/RL/AL,visual_direction,38,1.4879989648702852,1.0351297146923724,0.14669312169312188,0.1044753086419754,-0.04221781305114647
A/RL/AL,visual_direction,39,1.5526945720385583,1.0351297146923724,0.10833333333333328,0.0864197530864198,-0.021913580246913478
A/RL/AL,visual_direction,40,1.6173901792068317,1.0351297146923724,0.12169312169312163,0.08981481481481479,-0.03187830687830684
A/RL/AL,visual_direction,41,1.682085786375105,1.0351297146923724,0.09369488536155202,0.07700617283950617,-0.016688712522045845
A/RL/AL,visual_direction,42,1.7467813935433782,1.0351297146923724,0.08201058201058209,0.07947530864197527,-0.0025352733686068163
A/RL/AL,visual_direction,43,1.8114770007116516,1.0351297146923724,0.10149911816578483,0.07330246913580252,-0.028196649029982312
A/RL/AL,visual_direction,44,1.8761726078799248,1.0351297146923724,0.0779541446208114,0.08858024691358024,0.010626102292768835
A/RL/AL,visual_direction,45,1.9408682150481984,1.0351297146923724,0.0753527336860671,0.062037037037037,-0.013315696649030095
A/RL/AL,visual_direction,46,2.0055638222164713,1.0351297146923724,0.07332451499118164,0.07484567901234562,0.0015211640211639788
LM,auditory_direction,0,-0.9704341075240992,1.0351297146923724,0.019444444444444375,-0.01388888888888884,-0.033333333333333215
LM,auditory_direction,1,-0.9057385003558258,1.0351297146923724,0.02314814814814825,-0.01666666666666672,-0.03981481481481497
LM,auditory_direction,2,-0.8410428931875525,1.0351297146923724,-0.02592592592592602,0.02777777777777779,0.05370370370370381
LM,auditory_direction,3,-0.7763472860192793,1.0351297146923724,0.025000000000000022,0.04999999999999993,0.02499999999999991
LM,auditory_direction,4,-0.711651678851006,1.0351297146923724,-0.022222222222222254,0.029629629629629672,0.05185185185185193
LM,auditory_direction,5,-0.6469560716827327,1.0351297146923724,0.0,0.018518518518518434,0.018518518518518434
LM,auditory_direction,6,-0.5822604645144595,1.0351297146923724,-0.030555555555555614,0.013888888888888895,0.04444444444444451
LM,auditory_direction,7,-0.5175648573461862,1.0351297146923724,-0.02499999999999991,0.01851851851851838,0.04351851851851829
LM,auditory_direction,8,-0.4528692501779129,1.0351297146923724,-0.04074074074074069,0.04537037037037034,0.08611111111111103
LM,auditory_direction,9,-0.3881736430096396,1.0351297146923724,0.0064814814814814214,0.06851851851851865,0.062037037037037224
LM,auditory_direction,10,-0.3234780358413663,1.0351297146923724,-0.014814814814814725,-0.017592592592592604,-0.002777777777777879
LM,auditory_direction,11,-0.2587824286730931,1.0351297146923724,-0.0064814814814814214,-0.040740740740740966,-0.034259259259259545
LM,auditory_direction,12,-0.1940868215048198,1.0351297146923724,-0.019444444444444486,-0.0009259259259257746,0.018518518518518712
LM,auditory_direction,13,-0.1293912143365465,1.0351297146923724,-0.03518518518518521,0.016666666666666607,0.051851851851851816
LM,auditory_direction,14,-0.0646956071682732,1.0351297146923724,0.01944444444444443,-0.03796296296296303,-0.05740740740740746
LM,auditory_direction,15,0.0,1.0351297146923724,0.019444444444444486,-0.055555555555555525,-0.07500000000000001
LM,auditory_direction,16,0.0646956071682732,1.0351297146923724,-0.012962962962962954,0.021296296296296258,0.03425925925925921
LM,auditory_direction,17,0.1293912143365465,1.0351297146923724,-0.024074074074074137,-0.035185185185185264,-0.011111111111111127
LM,auditory_direction,18,0.1940868215048198,1.0351297146923724,0.015740740740740722,0.035185185185185264,0.019444444444444542
LM,auditory_direction,19,0.2587824286730931,1.0351297146923724,-0.025000000000000022,-0.03796296296296303,-0.01296296296296301
LM,auditory_direction,20,0.3234780358413663,1.0351297146923724,0.02777777777777779,0.004629629629629761,-0.02314814814814803
LM,auditory_direction,21,0.3881736430096396,1.0351297146923724,0.02777777777777779,0.030555555555555558,0.002777777777777768
LM,auditory_direction,22,0.4528692501779129,1.0351297146923724,-0.012962962962963176,-0.054629629629629695,-0.04166666666666652
LM,auditory_direction,23,0.5175648573461862,1.0351297146923724,0.02962962962962956,0.0018518518518518823,-0.02777777777777768
LM,auditory_direction,24,0.5822604645144595,1.0351297146923724,-0.04722222222222222,0.003703703703703709,0.05092592592592593
LM,auditory_direction,25,0.6469560716827327,1.0351297146923724,0.06851851851851859,0.06018518518518523,-0.00833333333333336
LM,auditory_direction,26,0.711651678851006,1.0351297146923724,0.007407407407407418,0.05092592592592604,0.04351851851851862
LM,auditory_direction,27,0.7763472860192793,1.0351297146923724,0.011111111111111183,-0.006481481481481588,-0.01759259259259277
LM,auditory_direction,28,0.8410428931875525,1.0351297146923724,0.013888888888888895,-0.020370370370370372,-0.03425925925925927
LM,auditory_direction,29,0.9057385003558258,1.0351297146923724,-0.03703703703703709,-0.03981481481481486,-0.002777777777777768
LM,auditory_direction,30,0.9704341075240992,1.0351297146923724,-0.028703703703703842,0.06851851851851837,0.09722222222222221
LM,auditory_direction,31,1.0351297146923724,1.0351297146923724,-0.023148148148148195,-0.017592592592592604,0.005555555555555591
LM,auditory_direction,32,1.0998253218606455,1.0351297146923724,-0.0009259259259258856,0.01666666666666672,0.017592592592592604
LM,auditory_direction,33,1.164520929028919,1.0351297146923724,-0.08148148148148149,-0.0092592592592593,0.07222222222222219
LM,auditory_direction,34,1.229216536197192,1.0351297146923724,0.014814814814814836,0.06481481481481483,0.04999999999999999
LM,auditory_direction,35,1.2939121433654657,1.0351297146923724,-0.012037037037036957,0.025000000000000022,0.03703703703703698
LM,auditory_direction,36,1.3586077505337386,1.0351297146923724,0.01851851851851838,0.024074074074074137,0.005555555555555758
LM,auditory_direction,37,1.423303357702012,1.0351297146923724,0.031481481481481444,0.014814814814814892,-0.016666666666666552
LM,auditory_direction,38,1.4879989648702852,1.0351297146923724,0.013888888888888895,0.0351851851851851,0.021296296296296202
LM,auditory_direction,39,1.5526945720385583,1.0351297146923724,0.008333333333333248,0.00462962962962965,-0.003703703703703598
LM,auditory_direction,40,1.6173901792068317,1.0351297146923724,0.0185185185185186,0.03425925925925932,0.015740740740740722
LM,auditory_direction,41,1.682085786375105,1.0351297146923724,0.02314814814814814,0.02685185185185185,0.003703703703703709
LM,auditory_direction,42,1.7467813935433782,1.0351297146923724,-0.04999999999999999,0.042592592592592515,0.0925925925925925
LM,auditory_direction,43,1.8114770007116516,1.0351297146923724,-0.04814814814814811,0.03796296296296303,0.08611111111111114
LM,auditory_direction,44,1.8761726078799248,1.0351297146923724,0.013888888888888895,0.06851851851851859,0.054629629629629695
LM,auditory_direction,45,1.9408682150481984,1.0351297146923724,-0.010185185185185186,0.1018518518518518,0.11203703703703699
LM,auditory_direction,46,2.0055638222164713,1.0351297146923724,-0.023148148148148195,0.08888888888888902,0.11203703703703721
LM,congruency,0,-0.9704341075240992,1.0351297146923724,0.030555555555555558,-0.03888888888888903,-0.06944444444444459
LM,congruency,1,-0.9057385003558258,1.0351297146923724,-0.00972222222222241,-0.04166666666666674,-0.03194444444444433
LM,congruency,2,-0.8410428931875525,1.0351297146923724,0.0888888888888889,-0.001388888888888884,-0.09027777777777779
LM,congruency,3,-0.7763472860192793,1.0351297146923724,0.009722222222222188,-0.002777777777777768,-0.012499999999999956
LM,congruency,4,-0.711651678851006,1.0351297146923724,-0.01944444444444443,-0.04861111111111116,-0.02916666666666673
LM,congruency,5,-0.6469560716827327,1.0351297146923724,-0.0222222222222222,0.011111111111111072,0.03333333333333327
LM,congruency,6,-0.5822604645144595,1.0351297146923724,-0.03749999999999998,-0.03750000000000003,-5.551115123125783e-17
LM,congruency,7,-0.5175648573461862,1.0351297146923724,-0.020833333333333315,0.04444444444444429,0.0652777777777776
LM,congruency,8,-0.4528692501779129,1.0351297146923724,-0.04027777777777786,-0.01388888888888884,0.026388888888889017
LM,congruency,9,-0.3881736430096396,1.0351297146923724,-0.08055555555555566,0.056944444444444464,0.13750000000000012
LM,congruency,10,-0.3234780358413663,1.0351297146923724,0.025000000000000078,0.02777777777777779,0.0027777777777777124
LM,congruency,11,-0.2587824286730931,1.0351297146923724,-0.01111111111111096,0.001388888888888884,0.012499999999999845
LM,congruency,12,-0.1940868215048198,1.0351297146923724,0.009722222222222299,-0.026388888888888906,-0.036111111111111205
LM,congruency,13,-0.1293912143365465,1.0351297146923724,0.0722222222222223,0.009722222222222299,-0.0625
LM,congruency,14,-0.0646956071682732,1.0351297146923724,0.013888888888888895,-0.025000000000000022,-0.03888888888888892
LM,congruency,15,0.0,1.0351297146923724,0.008333333333333304,0.020833333333333315,0.012500000000000011
LM,congruency,16,0.0646956071682732,1.0351297146923724,-0.004166666666666707,-0.011111111111111294,-0.006944444444444586
LM,congruency,17,0.1293912143365465,1.0351297146923724,0.011111111111111183,-0.07222222222222224,-0.08333333333333343
LM,congruency,18,0.1940868215048198,1.0351297146923724,0.006944444444444531,-0.044444444444444564,-0.051388888888889095
LM,congruency,19,0.2587824286730931,1.0351297146923724,-0.0625,0.006944444444444475,0.06944444444444448
LM,congruency,20,0.3234780358413663,1.0351297146923724,0.02916666666666662,0.011111111111111183,-0.018055555555555436
LM,congruency,21,0.3881736430096396,1.0351297146923724,0.11527777777777781,-0.015277777777777779,-0.1305555555555556
LM,congruency,22,0.4528692501779129,1.0351297146923724,-0.02083333333333326,-0.01805555555555549,0.002777777777777768
LM,congruency,23,0.5175648573461862,1.0351297146923724,-0.03472222222222221,-0.013888888888888895,0.020833333333333315
LM,congruency,24,0.5822604645144595,1.0351297146923724,-0.04444444444444445,0.03194444444444444,0.0763888888888889
LM,congruency,25,0.6469560716827327,1.0351297146923724,-0.04722222222222239,-0.023611111111111138,0.02361111111111125
LM,congruency,26,0.711651678851006,1.0351297146923724,-0.016666666666666607,0.00972222222222241,0.026388888888889017
LM,congruency,27,0.7763472860192793,1.0351297146923724,0.015277777777777612,0.04305555555555557,0.027777777777777957
LM,congruency,28,0.8410428931875525,1.0351297146923724,-0.004166666666666596,0.01666666666666672,0.020833333333333315
LM,congruency,29,0.9057385003558258,1.0351297146923724,0.006944444444444531,-0.027777777777777846,-0.034722222222222376
LM,congruency,30,0.9704341075240992,1.0351297146923724,-0.013888888888888784,-0.005555555555555591,0.008333333333333193
LM,congruency,31,1.0351297146923724,1.0351297146923724,0.03888888888888892,0.004166666666666707,-0.03472222222222221
LM,congruency,32,1.0998253218606455,1.0351297146923724,-0.04444444444444451,-0.016666666666666663,0.027777777777777846
LM,congruency,33,1.164520929028919,1.0351297146923724,-0.08194444444444449,-0.015277777777777779,0.06666666666666671
LM,congruency,34,1.229216536197192,1.0351297146923724,0.029166666666666674,-0.05138888888888887,-0.08055555555555555
LM,congruency,35,1.2939121433654657,1.0351297146923724,0.001388888888888884,0.034722222222222265,0.03333333333333338
LM,congruency,36,1.3586077505337386,1.0351297146923724,-0.002777777777777879,0.01944444444444443,0.02222222222222231
LM,congruency,37,1.423303357702012,1.0351297146923724,0.03472222222222221,-0.0027777777777777124,-0.03749999999999992
LM,congruency,38,1.4879989648702852,1.0351297146923724,0.008333333333333304,0.02499999999999991,0.016666666666666607
LM,congruency,39,1.5526945720385583,1.0351297146923724,-0.016666666666666607,-0.0805555555555556,-0.063888888888889
LM,congruency,40,1.6173901792068317,1.0351297146923724,-0.01666666666666672,0.018055555555555713,0.03472222222222243
LM,congruency,41,1.682085786375105,1.0351297146923724,0.024999999999999967,-0.06250000000000011,-0.08750000000000008
LM,congruency,42,1.7467813935433782,1.0351297146923724,0.013888888888888895,0.02222222222222231,0.008333333333333415
LM,congruency,43,1.8114770007116516,1.0351297146923724,0.034722222222222265,0.05416666666666675,0.019444444444444486
LM,congruency,44,1.8761726078799248,1.0351297146923724,-0.020833333333333315,-0.006944444444444531,0.013888888888888784
LM,congruency,45,1.9408682150481984,1.0351297146923724,0.03333333333333344,-0.01666666666666672,-0.050000000000000155
LM,congruency,46,2.0055638222164713,1.0351297146923724,0.04166666666666663,-0.0444444444444444,-0.08611111111111103
LM,modality,0,-0.9704341075240992,1.0351297146923724,-0.020370370370370428,-0.0009259259259259967,0.01944444444444443
LM,modality,1,-0.9057385003558258,1.0351297146923724,0.0018518518518518823,0.017592592592592604,0.015740740740740722
LM,modality,2,-0.8410428931875525,1.0351297146923724,0.006481481481481477,-0.0018518518518518823,-0.00833333333333336
LM,modality,3,-0.7763472860192793,1.0351297146923724,0.0037037037037036535,-0.010185185185185186,-0.01388888888888884
LM,modality,4,-0.711651678851006,1.0351297146923724,0.010648148148148184,-0.033796296296296324,-0.04444444444444451
LM,modality,5,-0.6469560716827327,1.0351297146923724,0.012500000000000011,0.0527777777777777,0.04027777777777769
LM,modality,6,-0.5822604645144595,1.0351297146923724,-0.007870370370370416,0.012962962962962898,0.020833333333333315
LM,modality,7,-0.5175648573461862,1.0351297146923724,-0.005555555555555591,-0.005555555555555591,0.0
LM,modality,8,-0.4528692501779129,1.0351297146923724,-0.01481481481481478,-0.018981481481481488,-0.004166666666666707
LM,modality,9,-0.3881736430096396,1.0351297146923724,-0.025925925925925908,-0.014351851851851782,0.011574074074074125
LM,modality,10,-0.3234780358413663,1.0351297146923724,-0.00694444444444442,-0.00555555555555548,0.0013888888888889395
LM,modality,11,-0.2587824286730931,1.0351297146923724,0.0004629629629629983,0.026851851851851904,0.026388888888888906
LM,modality,12,-0.1940868215048198,1.0351297146923724,-0.003703703703703709,0.0032407407407407107,0.00694444444444442
LM,modality,13,-0.1293912143365465,1.0351297146923724,-0.026851851851851793,-0.029629629629629617,-0.0027777777777778234
LM,modality,14,-0.0646956071682732,1.0351297146923724,-0.03750000000000009,0.0004629629629629983,0.03796296296296309
LM,modality,15,0.0,1.0351297146923724,-0.011111111111111127,0.002777777777777768,0.013888888888888895
LM,modality,16,0.0646956071682732,1.0351297146923724,0.02453703703703697,0.007407407407407363,-0.017129629629629606
LM,modality,17,0.1293912143365465,1.0351297146923724,0.005092592592592593,0.01990740740740743,0.014814814814814836
LM,modality,18,0.1940868215048198,1.0351297146923724,0.1078703703703704,0.10046296296296298,-0.007407407407407418
LM,modality,19,0.2587824286730931,1.0351297146923724,0.19861111111111124,0.14537037037037048,-0.053240740740740755
LM,modality,20,0.3234780358413663,1.0351297146923724,0.19537037037037042,0.12129629629629624,-0.07407407407407418
LM,modality,21,0.3881736430096396,1.0351297146923724,0.19120370370370376,0.10231481481481497,-0.0888888888888888
LM,modality,22,0.4528692501779129,1.0351297146923724,0.16851851851851857,0.04583333333333339,-0.12268518518518517
LM,modality,23,0.5175648573461862,1.0351297146923724,0.18240740740740752,0.028703703703703676,-0.15370370370370384
LM,modality,24,0.5822604645144595,1.0351297146923724,0.21805555555555545,0.04166666666666652,-0.17638888888888893
LM,modality,25,0.6469560716827327,1.0351297146923724,0.19861111111111118,0.0023148148148148806,-0.1962962962962963
LM,modality,26,0.711651678851006,1.0351297146923724,0.1958333333333333,-0.002777777777777768,-0.19861111111111107
LM,modality,27,0.7763472860192793,1.0351297146923724,0.20925925925925926,0.00694444444444442,-0.20231481481481484
LM,modality,28,0.8410428931875525,1.0351297146923724,0.1958333333333332,-0.005555555555555536,-0.20138888888888873
LM,modality,29,0.9057385003558258,1.0351297146923724,0.2060185185185186,-0.012037037037037068,-0.21805555555555567
LM,modality,30,0.9704341075240992,1.0351297146923724,0.17731481481481481,-0.02777777777777779,-0.2050925925925926
LM,modality,31,1.0351297146923724,1.0351297146923724,0.22777777777777763,0.020370370370370372,-0.20740740740740726
LM,modality,32,1.0998253218606455,1.0351297146923724,0.21296296296296302,0.03009259259259267,-0.18287037037037035
LM,modality,33,1.164520929028919,1.0351297146923724,0.1777777777777778,-0.008796296296296302,-0.18657407407407411
LM,modality,34,1.229216536197192,1.0351297146923724,0.18842592592592577,0.02083333333333348,-0.1675925925925923
LM,modality,35,1.2939121433654657,1.0351297146923724,0.2148148148148148,0.024074074074074026,-0.19074074074074077
LM,modality,36,1.3586077505337386,1.0351297146923724,0.22083333333333344,0.0064814814814814214,-0.21435185185185202
LM,modality,37,1.423303357702012,1.0351297146923724,0.2250000000000001,-0.0009259259259258856,-0.22592592592592597
LM,modality,38,1.4879989648702852,1.0351297146923724,0.18564814814814812,-0.0018518518518517713,-0.1874999999999999
LM,modality,39,1.5526945720385583,1.0351297146923724,0.18287037037037046,-0.019444444444444486,-0.20231481481481495
LM,modality,40,1.6173901792068317,1.0351297146923724,0.16435185185185175,-0.04583333333333328,-0.21018518518518503
LM,modality,41,1.682085786375105,1.0351297146923724,0.19305555555555554,-0.012037037037037068,-0.2050925925925926
LM,modality,42,1.7467813935433782,1.0351297146923724,0.19814814814814818,-0.027314814814814792,-0.22546296296296298
LM,modality,43,1.8114770007116516,1.0351297146923724,0.16759259259259252,-0.05046296296296293,-0.21805555555555545
LM,modality,44,1.8761726078799248,1.0351297146923724,0.1689814814814815,-0.07407407407407418,-0.2430555555555557
LM,modality,45,1.9408682150481984,1.0351297146923724,0.17592592592592593,-0.10925925925925928,-0.2851851851851852
LM,modality,46,2.0055638222164713,1.0351297146923724,0.174074074074074,-0.10694444444444429,-0.2810185185185183
LM,trial_type,0,-0.9704341075240992,1.0351297146923724,0.018055555555555575,0.020138888888888887,0.002083333333333312
LM,trial_type,1,-0.9057385003558258,1.0351297146923724,0.0013888888888888978,0.014583333333333393,0.013194444444444495
LM,trial_type,2,-0.8410428931875525,1.0351297146923724,-0.009027777777777801,-0.018055555555555505,-0.009027777777777704
LM,trial_type,3,-0.7763472860192793,1.0351297146923724,-0.007638888888888903,0.028472222222222204,0.03611111111111111
LM,trial_type,4,-0.711651678851006,1.0351297146923724,-0.020833333333333315,-0.029861111111111185,-0.00902777777777787
LM,trial_type,5,-0.6469560716827327,1.0351297146923724,-0.0006944444444443865,0.017361111111111105,0.01805555555555549
LM,trial_type,6,-0.5822604645144595,1.0351297146923724,0.009722222222222202,-0.02916666666666662,-0.03888888888888882
LM,trial_type,7,-0.5175648573461862,1.0351297146923724,-0.0333333333333333,0.009027777777777704,0.042361111111111
LM,trial_type,8,-0.4528692501779129,1.0351297146923724,0.018055555555555602,0.006944444444444406,-0.011111111111111197
LM,trial_type,9,-0.3881736430096396,1.0351297146923724,0.009722222222222188,0.0208333333333333,0.011111111111111113
LM,trial_type,10,-0.3234780358413663,1.0351297146923724,-0.006944444444444392,0.015972222222222193,0.022916666666666585
LM,trial_type,11,-0.2587824286730931,1.0351297146923724,-0.008333333333333304,-0.013194444444444398,-0.004861111111111094
LM,trial_type,12,-0.1940868215048198,1.0351297146923724,0.0020833333333333953,0.0006944444444443865,-0.0013888888888890089
LM,trial_type,13,-0.1293912143365465,1.0351297146923724,-0.023611111111111194,0.012500000000000011,0.036111111111111205
LM,trial_type,14,-0.0646956071682732,1.0351297146923724,-0.0305555555555556,0.0062500000000000056,0.036805555555555605
LM,trial_type,15,0.0,1.0351297146923724,-0.0076388888888888895,0.004166666666666596,0.011805555555555486
LM,trial_type,16,0.0646956071682732,1.0351297146923724,0.002083333333333409,0.013194444444444509,0.0111111111111111
LM,trial_type,17,0.1293912143365465,1.0351297146923724,-0.009027777777777704,0.0006944444444443865,0.00972222222222209
LM,trial_type,18,0.1940868215048198,1.0351297146923724,0.04166666666666671,0.030555555555555503,-0.01111111111111121
LM,trial_type,19,0.2587824286730931,1.0351297146923724,0.06805555555555562,0.07430555555555549,0.006249999999999867
LM,trial_type,20,0.3234780358413663,1.0351297146923724,0.13194444444444448,0.09583333333333344,-0.03611111111111104
LM,trial_type,21,0.3881736430096396,1.0351297146923724,0.1291666666666666,0.04791666666666661,-0.08124999999999999
LM,trial_type,22,0.4528692501779129,1.0351297146923724,0.10972222222222222,0.023611111111111083,-0.08611111111111114
LM,trial_type,23,0.5175648573461862,1.0351297146923724,0.1715277777777777,0.04305555555555557,-0.12847222222222213
LM,trial_type,24,0.5822604645144595,1.0351297146923724,0.13541666666666674,0.004166666666666707,-0.13125000000000003
LM,trial_type,25,0.6469560716827327,1.0351297146923724,0.16319444444444448,0.09236111111111112,-0.07083333333333336
LM,trial_type,26,0.711651678851006,1.0351297146923724,0.1715277777777778,0.02708333333333318,-0.14444444444444463
LM,trial_type,27,0.7763472860192793,1.0351297146923724,0.1743055555555555,0.0534722222222222,-0.12083333333333329
LM,trial_type,28,0.8410428931875525,1.0351297146923724,0.11458333333333337,0.002083333333333326,-0.11250000000000004
LM,trial_type,29,0.9057385003558258,1.0351297146923724,0.0847222222222222,0.026388888888889017,-0.05833333333333318
LM,trial_type,30,0.9704341075240992,1.0351297146923724,0.1298611111111112,0.011111111111111183,-0.11875000000000002
LM,trial_type,31,1.0351297146923724,1.0351297146923724,0.17222222222222222,-0.0027777777777778234,-0.17500000000000004
LM,trial_type,32,1.0998253218606455,1.0351297146923724,0.14166666666666677,0.02986111111111106,-0.11180555555555571
LM,trial_type,33,1.164520929028919,1.0351297146923724,0.14444444444444454,0.05277777777777781,-0.09166666666666673
LM,trial_type,34,1.229216536197192,1.0351297146923724,0.15625,0.028472222222222288,-0.1277777777777777
LM,trial_type,35,1.2939121433654657,1.0351297146923724,0.1388888888888889,0.00833333333333336,-0.13055555555555554
LM,trial_type,36,1.3586077505337386,1.0351297146923724,0.1777777777777778,0.036111111111111094,-0.14166666666666672
LM,trial_type,37,1.423303357702012,1.0351297146923724,0.1520833333333333,0.013888888888888784,-0.1381944444444445
LM,trial_type,38,1.4879989648702852,1.0351297146923724,0.09166666666666662,0.020138888888888873,-0.07152777777777775
LM,trial_type,39,1.5526945720385583,1.0351297146923724,0.1479166666666667,-0.03680555555555559,-0.1847222222222223
LM,trial_type,40,1.6173901792068317,1.0351297146923724,0.1159722222222222,0.0027777777777777124,-0.11319444444444449
LM,trial_type,41,1.682085786375105,1.0351297146923724,0.1402777777777777,-0.004861111111111094,-0.1451388888888888
LM,trial_type,42,1.7467813935433782,1.0351297146923724,0.09513888888888888,-0.039583333333333304,-0.1347222222222222
LM,trial_type,43,1.8114770007116516,1.0351297146923724,0.11944444444444438,-0.03402777777777766,-0.15347222222222204
LM,trial_type,44,1.8761726078799248,1.0351297146923724,0.11111111111111113,-0.025000000000000078,-0.1361111111111112
LM,trial_type,45,1.9408682150481984,1.0351297146923724,0.1069444444444444,-0.0534722222222222,-0.1604166666666666
LM,trial_type,46,2.0055638222164713,1.0351297146923724,0.08958333333333329,-0.06527777777777777,-0.15486111111111106
LM,visual_direction,0,-0.9704341075240992,1.0351297146923724,0.02777777777777779,0.01666666666666672,-0.011111111111111072
LM,visual_direction,1,-0.9057385003558258,1.0351297146923724,-0.012037037037037068,0.007407407407407307,0.019444444444444375
LM,visual_direction,2,-0.8410428931875525,1.0351297146923724,0.002777777777777768,-0.02314814814814814,-0.025925925925925908
LM,visual_direction,3,-0.7763472860192793,1.0351297146923724,-0.0027777777777776014,0.007407407407407418,0.01018518518518502
LM,visual_direction,4,-0.711651678851006,1.0351297146923724,-0.010185185185185186,-0.002777777777777546,0.00740740740740764
LM,visual_direction,5,-0.6469560716827327,1.0351297146923724,-0.02407407407407408,0.021296296296296258,0.04537037037037034
LM,visual_direction,6,-0.5822604645144595,1.0351297146923724,0.030555555555555558,-0.022222222222222088,-0.052777777777777646
LM,visual_direction,7,-0.5175648573461862,1.0351297146923724,-0.012962962962963065,0.032407407407407496,0.04537037037037056
LM,visual_direction,8,-0.4528692501779129,1.0351297146923724,-0.02499999999999991,0.03888888888888892,0.06388888888888883
LM,visual_direction,9,-0.3881736430096396,1.0351297146923724,0.01296296296296301,-0.04629629629629639,-0.0592592592592594
LM,visual_direction,10,-0.3234780358413663,1.0351297146923724,0.05648148148148163,0.06759259259259254,0.011111111111110905
LM,visual_direction,11,-0.2587824286730931,1.0351297146923724,0.02129629629629637,-0.0407407407407408,-0.06203703703703717
LM,visual_direction,12,-0.1940868215048198,1.0351297146923724,0.03240740740740733,-0.054629629629629584,-0.08703703703703691
LM,visual_direction,13,-0.1293912143365465,1.0351297146923724,0.037037037037037035,-0.031481481481481555,-0.06851851851851859
LM,visual_direction,14,-0.0646956071682732,1.0351297146923724,0.07222222222222219,-0.033333333333333326,-0.10555555555555551
LM,visual_direction,15,0.0,1.0351297146923724,0.0444444444444444,-0.0444444444444444,-0.0888888888888888
LM,visual_direction,16,0.0646956071682732,1.0351297146923724,-0.028703703703703676,0.017592592592592604,0.04629629629629628
LM,visual_direction,17,0.1293912143365465,1.0351297146923724,-0.03888888888888886,0.03333333333333344,0.0722222222222223
LM,visual_direction,18,0.1940868215048198,1.0351297146923724,-0.0018518518518518268,-0.007407407407407363,-0.005555555555555536
LM,visual_direction,19,0.2587824286730931,1.0351297146923724,0.04907407407407394,0.045370370370370394,-0.0037037037037035425
LM,visual_direction,20,0.3234780358413663,1.0351297146923724,0.1342592592592592,0.062962962962963,-0.07129629629629619
LM,visual_direction,21,0.3881736430096396,1.0351297146923724,0.18981481481481488,0.02314814814814803,-0.16666666666666685
LM,visual_direction,22,0.4528692501779129,1.0351297146923724,0.22870370370370363,0.013888888888888729,-0.2148148148148149
LM,visual_direction,23,0.5175648573461862,1.0351297146923724,0.26388888888888895,0.03425925925925932,-0.22962962962962963
LM,visual_direction,24,0.5822604645144595,1.0351297146923724,0.25462962962962965,0.053703703703703365,-0.20092592592592629
LM,visual_direction,25,0.6469560716827327,1.0351297146923724,0.25277777777777766,0.05833333333333324,-0.19444444444444442
LM,visual_direction,26,0.711651678851006,1.0351297146923724,0.23425925925925917,0.059259259259259234,-0.17499999999999993
LM,visual_direction,27,0.7763472860192793,1.0351297146923724,0.15277777777777768,0.05370370370370359,-0.09907407407407409
LM,visual_direction,28,0.8410428931875525,1.0351297146923724,0.15555555555555567,0.07314814814814796,-0.0824074074074077
LM,visual_direction,29,0.9057385003558258,1.0351297146923724,0.1499999999999998,0.053703703703703365,-0.09629629629629644
LM,visual_direction,30,0.9704341075240992,1.0351297146923724,0.16481481481481486,0.06481481481481455,-0.10000000000000031
LM,visual_direction,31,1.0351297146923724,1.0351297146923724,0.19999999999999984,0.05092592592592615,-0.1490740740740737
LM,visual_direction,32,1.0998253218606455,1.0351297146923724,0.17407407407407394,0.044444444444444176,-0.12962962962962976
LM,visual_direction,33,1.164520929028919,1.0351297146923724,0.19166666666666676,0.02962962962962945,-0.1620370370370373
LM,visual_direction,34,1.229216536197192,1.0351297146923724,0.21759259259259267,0.012962962962962732,-0.20462962962962994
LM,visual_direction,35,1.2939121433654657,1.0351297146923724,0.2064814814814815,0.0009259259259262187,-0.20555555555555527
LM,visual_direction,36,1.3586077505337386,1.0351297146923724,0.1805555555555557,0.014814814814814836,-0.16574074074074086
LM,visual_direction,37,1.423303357702012,1.0351297146923724,0.1675925925925924,0.0009259259259259967,-0.1666666666666664
LM,visual_direction,38,1.4879989648702852,1.0351297146923724,0.15185185185185168,0.027777777777777568,-0.12407407407407411
LM,visual_direction,39,1.5526945720385583,1.0351297146923724,0.13333333333333353,0.0009259259259259967,-0.13240740740740753
LM,visual_direction,40,1.6173901792068317,1.0351297146923724,0.14537037037037026,-0.00462962962962965,-0.1499999999999999
LM,visual_direction,41,1.682085786375105,1.0351297146923724,0.11018518518518539,-0.004629629629629539,-0.11481481481481493
LM,visual_direction,42,1.7467813935433782,1.0351297146923724,0.08148148148148149,-0.0018518518518519933,-0.08333333333333348
LM,visual_direction,43,1.8114770007116516,1.0351297146923724,0.08796296296296291,-0.021296296296296147,-0.10925925925925906
LM,visual_direction,44,1.8761726078799248,1.0351297146923724,0.09722222222222221,-0.03981481481481497,-0.13703703703703718
LM,visual_direction,45,1.9408682150481984,1.0351297146923724,0.10462962962962963,-0.012037037037037068,-0.1166666666666667
LM,visual_direction,46,2.0055638222164713,1.0351297146923724,0.09814814814814798,-0.03425925925925921,-0.1324074074074072
