condition,area,task,time_index,time_s,stimulus_offset_s,g1,g2,delta_g2_minus_g1
pre,V1,auditory_direction,0,-0.9704341075240992,1.0351297146923724,0.5059259259259259,0.4965608465608466,-0.009365079365079299
pre,V1,auditory_direction,1,-0.9057385003558258,1.0351297146923724,0.5018518518518519,0.5248677248677248,0.023015873015872934
pre,V1,auditory_direction,2,-0.8410428931875525,1.0351297146923724,0.48,0.4923280423280423,0.012328042328042299
pre,V1,auditory_direction,3,-0.7763472860192793,1.0351297146923724,0.4918518518518519,0.5169312169312169,0.025079365079365035
pre,V1,auditory_direction,4,-0.711651678851006,1.0351297146923724,0.5059259259259259,0.5042328042328043,-0.0016931216931216353
pre,V1,auditory_direction,5,-0.6469560716827327,1.0351297146923724,0.5037037037037038,0.4910052910052909,-0.012698412698412875
pre,V1,auditory_direction,6,-0.5822604645144595,1.0351297146923724,0.5185185185185185,0.4968253968253968,-0.02169312169312171
pre,V1,auditory_direction,7,-0.5175648573461862,1.0351297146923724,0.5025925925925926,0.4997354497354497,-0.0028571428571428914
pre,V1,auditory_direction,8,-0.4528692501779129,1.0351297146923724,0.5092592592592593,0.5044973544973546,-0.004761904761904745
pre,V1,auditory_direction,9,-0.3881736430096396,1.0351297146923724,0.5055555555555555,0.4965608465608465,-0.008994708994709055
pre,V1,auditory_direction,10,-0.3234780358413663,1.0351297146923724,0.4937037037037036,0.4880952380952381,-0.005608465608465507
pre,V1,auditory_direction,11,-0.2587824286730931,1.0351297146923724,0.4981481481481481,0.5047619047619047,0.006613756613756627
pre,V1,auditory_direction,12,-0.1940868215048198,1.0351297146923724,0.4848148148148148,0.4986772486772486,0.013862433862433798
pre,V1,auditory_direction,13,-0.1293912143365465,1.0351297146923724,0.497037037037037,0.4955026455026455,-0.0015343915343914993
pre,V1,auditory_direction,14,-0.0646956071682732,1.0351297146923724,0.5014814814814815,0.4949735449735449,-0.006507936507936629
pre,V1,auditory_direction,15,0.0,1.0351297146923724,0.5055555555555555,0.5060846560846561,0.0005291005291006012
pre,V1,auditory_direction,16,0.0646956071682732,1.0351297146923724,0.5103703703703705,0.4904761904761905,-0.019894179894179964
pre,V1,auditory_direction,17,0.1293912143365465,1.0351297146923724,0.4929629629629629,0.4978835978835979,0.004920634920634992
pre,V1,auditory_direction,18,0.1940868215048198,1.0351297146923724,0.5092592592592593,0.5248677248677249,0.015608465608465627
pre,V1,auditory_direction,19,0.2587824286730931,1.0351297146923724,0.4892592592592592,0.517989417989418,0.028730158730158772
pre,V1,auditory_direction,20,0.3234780358413663,1.0351297146923724,0.5274074074074073,0.533068783068783,0.0056613756613757005
pre,V1,auditory_direction,21,0.3881736430096396,1.0351297146923724,0.5270370370370371,0.5523809523809524,0.025343915343915335
pre,V1,auditory_direction,22,0.4528692501779129,1.0351297146923724,0.5485185185185186,0.5322751322751322,-0.016243386243386393
pre,V1,auditory_direction,23,0.5175648573461862,1.0351297146923724,0.5314814814814814,0.5415343915343915,0.010052910052910091
pre,V1,auditory_direction,24,0.5822604645144595,1.0351297146923724,0.5244444444444445,0.5359788359788359,0.011534391534391397
pre,V1,auditory_direction,25,0.6469560716827327,1.0351297146923724,0.5377777777777778,0.5534391534391535,0.01566137566137571
pre,V1,auditory_direction,26,0.711651678851006,1.0351297146923724,0.5448148148148149,0.5455026455026455,0.0006878306878306262
pre,V1,auditory_direction,27,0.7763472860192793,1.0351297146923724,0.5511111111111111,0.5605820105820106,0.009470899470899519
pre,V1,auditory_direction,28,0.8410428931875525,1.0351297146923724,0.5144444444444444,0.5584656084656084,0.04402116402116407
pre,V1,auditory_direction,29,0.9057385003558258,1.0351297146923724,0.5640740740740741,0.5304232804232805,-0.0336507936507936
pre,V1,auditory_direction,30,0.9704341075240992,1.0351297146923724,0.5422222222222223,0.541005291005291,-0.0012169312169312274
pre,V1,auditory_direction,31,1.0351297146923724,1.0351297146923724,0.5451851851851852,0.5412698412698413,-0.003915343915343872
pre,V1,auditory_direction,32,1.0998253218606455,1.0351297146923724,0.532962962962963,0.5476190476190477,0.0146560846560847
pre,V1,auditory_direction,33,1.164520929028919,1.0351297146923724,0.535925925925926,0.5452380952380952,0.00931216931216916
pre,V1,auditory_direction,34,1.229216536197192,1.0351297146923724,0.5418518518518519,0.5444444444444445,0.002592592592592591
pre,V1,auditory_direction,35,1.2939121433654657,1.0351297146923724,0.5277777777777778,0.5208994708994709,-0.006878306878306928
pre,V1,auditory_direction,36,1.3586077505337386,1.0351297146923724,0.5074074074074073,0.5285714285714286,0.021164021164021274
pre,V1,auditory_direction,37,1.423303357702012,1.0351297146923724,0.5277777777777778,0.5227513227513227,-0.005026455026455046
pre,V1,auditory_direction,38,1.4879989648702852,1.0351297146923724,0.5325925925925926,0.5275132275132275,-0.005079365079365128
pre,V1,auditory_direction,39,1.5526945720385583,1.0351297146923724,0.5222222222222223,0.5320105820105819,0.00978835978835968
pre,V1,auditory_direction,40,1.6173901792068317,1.0351297146923724,0.5199999999999999,0.5169312169312169,-0.0030687830687829987
pre,V1,auditory_direction,41,1.682085786375105,1.0351297146923724,0.5318518518518519,0.5370370370370371,0.005185185185185182
pre,V1,auditory_direction,42,1.7467813935433782,1.0351297146923724,0.5333333333333334,0.5201058201058201,-0.013227513227513366
pre,V1,auditory_direction,43,1.8114770007116516,1.0351297146923724,0.5196296296296297,0.5333333333333334,0.013703703703703773
pre,V1,auditory_direction,44,1.8761726078799248,1.0351297146923724,0.5129629629629628,0.5087301587301587,-0.004232804232804144
pre,V1,auditory_direction,45,1.9408682150481984,1.0351297146923724,0.5288888888888889,0.5211640211640212,-0.00772486772486769
pre,V1,auditory_direction,46,2.0055638222164713,1.0351297146923724,0.5062962962962962,0.5164021164021164,0.010105820105820174
pre,V1,congruency,0,-0.9704341075240992,1.0351297146923724,0.4811111111111111,0.4980158730158729,0.01690476190476181
pre,V1,congruency,1,-0.9057385003558258,1.0351297146923724,0.4855555555555556,0.4924603174603174,0.0069047619047618025
pre,V1,congruency,2,-0.8410428931875525,1.0351297146923724,0.5216666666666667,0.5011904761904762,-0.020476190476190537
pre,V1,congruency,3,-0.7763472860192793,1.0351297146923724,0.5044444444444445,0.5055555555555556,0.0011111111111111738
pre,V1,congruency,4,-0.711651678851006,1.0351297146923724,0.5011111111111111,0.4928571428571429,-0.00825396825396818
pre,V1,congruency,5,-0.6469560716827327,1.0351297146923724,0.5083333333333333,0.5051587301587301,-0.0031746031746031633
pre,V1,congruency,6,-0.5822604645144595,1.0351297146923724,0.5166666666666666,0.4813492063492063,-0.0353174603174603
pre,V1,congruency,7,-0.5175648573461862,1.0351297146923724,0.5122222222222222,0.5079365079365079,-0.004285714285714337
pre,V1,congruency,8,-0.4528692501779129,1.0351297146923724,0.5127777777777778,0.5123015873015874,-0.0004761904761904079
pre,V1,congruency,9,-0.3881736430096396,1.0351297146923724,0.5055555555555555,0.4936507936507937,-0.011904761904761862
pre,V1,congruency,10,-0.3234780358413663,1.0351297146923724,0.4755555555555555,0.4996031746031746,0.024047619047619095
pre,V1,congruency,11,-0.2587824286730931,1.0351297146923724,0.4894444444444444,0.4924603174603174,0.003015873015872972
pre,V1,congruency,12,-0.1940868215048198,1.0351297146923724,0.495,0.4972222222222222,0.002222222222222181
pre,V1,congruency,13,-0.1293912143365465,1.0351297146923724,0.5061111111111111,0.5103174603174604,0.004206349206349325
pre,V1,congruency,14,-0.0646956071682732,1.0351297146923724,0.51,0.5218253968253969,0.01182539682539685
pre,V1,congruency,15,0.0,1.0351297146923724,0.5177777777777778,0.4920634920634921,-0.02571428571428569
pre,V1,congruency,16,0.0646956071682732,1.0351297146923724,0.4833333333333334,0.4932539682539683,0.009920634920634885
pre,V1,congruency,17,0.1293912143365465,1.0351297146923724,0.4994444444444444,0.5253968253968254,0.025952380952381005
pre,V1,congruency,18,0.1940868215048198,1.0351297146923724,0.5305555555555557,0.5,-0.03055555555555567
pre,V1,congruency,19,0.2587824286730931,1.0351297146923724,0.5105555555555557,0.4869047619047619,-0.023650793650793756
pre,V1,congruency,20,0.3234780358413663,1.0351297146923724,0.5166666666666667,0.5011904761904762,-0.015476190476190532
pre,V1,congruency,21,0.3881736430096396,1.0351297146923724,0.5011111111111111,0.5186507936507937,0.017539682539682633
pre,V1,congruency,22,0.4528692501779129,1.0351297146923724,0.478888888888889,0.5055555555555555,0.02666666666666656
pre,V1,congruency,23,0.5175648573461862,1.0351297146923724,0.4955555555555556,0.5281746031746032,0.0326190476190476
pre,V1,congruency,24,0.5822604645144595,1.0351297146923724,0.4705555555555555,0.5166666666666667,0.046111111111111214
pre,V1,congruency,25,0.6469560716827327,1.0351297146923724,0.5105555555555555,0.511904761904762,0.0013492063492064332
pre,V1,congruency,26,0.711651678851006,1.0351297146923724,0.51,0.5047619047619047,-0.005238095238095264
pre,V1,congruency,27,0.7763472860192793,1.0351297146923724,0.518888888888889,0.5134920634920636,-0.0053968253968254
pre,V1,congruency,28,0.8410428931875525,1.0351297146923724,0.52,0.5341269841269841,0.014126984126984099
pre,V1,congruency,29,0.9057385003558258,1.0351297146923724,0.5011111111111111,0.5055555555555555,0.004444444444444473
pre,V1,congruency,30,0.9704341075240992,1.0351297146923724,0.5,0.4996031746031746,-0.0003968253968253954
pre,V1,congruency,31,1.0351297146923724,1.0351297146923724,0.51,0.5111111111111112,0.0011111111111111738
pre,V1,congruency,32,1.0998253218606455,1.0351297146923724,0.4977777777777777,0.5182539682539683,0.020476190476190592
pre,V1,congruency,33,1.164520929028919,1.0351297146923724,0.4950000000000001,0.5222222222222223,0.027222222222222148
pre,V1,congruency,34,1.229216536197192,1.0351297146923724,0.4961111111111111,0.5063492063492063,0.010238095238095213
pre,V1,congruency,35,1.2939121433654657,1.0351297146923724,0.4922222222222222,0.503968253968254,0.011746031746031727
pre,V1,congruency,36,1.3586077505337386,1.0351297146923724,0.5122222222222221,0.4984126984126984,-0.013809523809523716
pre,V1,congruency,37,1.423303357702012,1.0351297146923724,0.4866666666666667,0.5214285714285715,0.03476190476190477
pre,V1,congruency,38,1.4879989648702852,1.0351297146923724,0.5005555555555555,0.5150793650793651,0.014523809523809605
pre,V1,congruency,39,1.5526945720385583,1.0351297146923724,0.5127777777777778,0.5123015873015874,-0.0004761904761904079
pre,V1,congruency,40,1.6173901792068317,1.0351297146923724,0.5094444444444444,0.5015873015873016,-0.007857142857142785
pre,V1,congruency,41,1.682085786375105,1.0351297146923724,0.4988888888888889,0.4996031746031746,0.0007142857142857229
pre,V1,congruency,42,1.7467813935433782,1.0351297146923724,0.5088888888888888,0.5055555555555555,-0.0033333333333332993
pre,V1,congruency,43,1.8114770007116516,1.0351297146923724,0.486111111111111,0.5162698412698413,0.03015873015873033
pre,V1,congruency,44,1.8761726078799248,1.0351297146923724,0.4816666666666666,0.5158730158730159,0.03420634920634935
pre,V1,congruency,45,1.9408682150481984,1.0351297146923724,0.4855555555555556,0.5,0.014444444444444426
pre,V1,congruency,46,2.0055638222164713,1.0351297146923724,0.4783333333333333,0.513888888888889,0.035555555555555673
pre,V1,modality,0,-0.9704341075240992,1.0351297146923724,0.3403703703703704,0.3399470899470899,-0.0004232804232804921
pre,V1,modality,1,-0.9057385003558258,1.0351297146923724,0.3324074074074074,0.3335978835978836,0.0011904761904762418
pre,V1,modality,2,-0.8410428931875525,1.0351297146923724,0.3390740740740741,0.3339947089947089,-0.0050793650793651834
pre,V1,modality,3,-0.7763472860192793,1.0351297146923724,0.3412962962962963,0.3503968253968254,0.009100529100529053
pre,V1,modality,4,-0.711651678851006,1.0351297146923724,0.3299999999999999,0.3341269841269841,0.004126984126984201
pre,V1,modality,5,-0.6469560716827327,1.0351297146923724,0.3307407407407407,0.3324074074074074,0.0016666666666666496
pre,V1,modality,6,-0.5822604645144595,1.0351297146923724,0.3264814814814815,0.3234126984126984,-0.0030687830687831097
pre,V1,modality,7,-0.5175648573461862,1.0351297146923724,0.3335185185185185,0.3349206349206349,0.0014021164021164045
pre,V1,modality,8,-0.4528692501779129,1.0351297146923724,0.3399999999999999,0.3298941798941799,-0.010105820105820007
pre,V1,modality,9,-0.3881736430096396,1.0351297146923724,0.3462962962962962,0.3199735449735449,-0.026322751322751303
pre,V1,modality,10,-0.3234780358413663,1.0351297146923724,0.3357407407407407,0.3293650793650793,-0.006375661375661368
pre,V1,modality,11,-0.2587824286730931,1.0351297146923724,0.3222222222222222,0.3318783068783069,0.009656084656084696
pre,V1,modality,12,-0.1940868215048198,1.0351297146923724,0.3427777777777777,0.3325396825396826,-0.010238095238095102
pre,V1,modality,13,-0.1293912143365465,1.0351297146923724,0.3403703703703703,0.3298941798941799,-0.010476190476190417
pre,V1,modality,14,-0.0646956071682732,1.0351297146923724,0.3337037037037037,0.3386243386243386,0.004920634920634881
pre,V1,modality,15,0.0,1.0351297146923724,0.3362962962962963,0.3472222222222222,0.010925925925925895
pre,V1,modality,16,0.0646956071682732,1.0351297146923724,0.3390740740740741,0.3361111111111111,-0.0029629629629630005
pre,V1,modality,17,0.1293912143365465,1.0351297146923724,0.3253703703703704,0.3567460317460317,0.03137566137566128
pre,V1,modality,18,0.1940868215048198,1.0351297146923724,0.3757407407407407,0.4675925925925925,0.0918518518518518
pre,V1,modality,19,0.2587824286730931,1.0351297146923724,0.4664814814814814,0.7099206349206348,0.24343915343915346
pre,V1,modality,20,0.3234780358413663,1.0351297146923724,0.4937037037037036,0.766137566137566,0.2724338624338624
pre,V1,modality,21,0.3881736430096396,1.0351297146923724,0.5409259259259259,0.7883597883597885,0.24743386243386256
pre,V1,modality,22,0.4528692501779129,1.0351297146923724,0.5316666666666666,0.8034391534391535,0.2717724867724869
pre,V1,modality,23,0.5175648573461862,1.0351297146923724,0.5557407407407406,0.7928571428571428,0.23711640211640217
pre,V1,modality,24,0.5822604645144595,1.0351297146923724,0.5588888888888889,0.7862433862433863,0.22735449735449742
pre,V1,modality,25,0.6469560716827327,1.0351297146923724,0.562037037037037,0.7861111111111111,0.2240740740740741
pre,V1,modality,26,0.711651678851006,1.0351297146923724,0.5720370370370371,0.7785714285714286,0.20653439153439146
pre,V1,modality,27,0.7763472860192793,1.0351297146923724,0.5888888888888889,0.7829365079365079,0.19404761904761902
pre,V1,modality,28,0.8410428931875525,1.0351297146923724,0.5955555555555556,0.7838624338624339,0.1883068783068783
pre,V1,modality,29,0.9057385003558258,1.0351297146923724,0.5846296296296296,0.7671957671957672,0.1825661375661376
pre,V1,modality,30,0.9704341075240992,1.0351297146923724,0.5946296296296296,0.7625661375661376,0.16793650793650794
pre,V1,modality,31,1.0351297146923724,1.0351297146923724,0.5987037037037037,0.7656084656084656,0.1669047619047619
pre,V1,modality,32,1.0998253218606455,1.0351297146923724,0.5898148148148148,0.7571428571428571,0.16732804232804233
pre,V1,modality,33,1.164520929028919,1.0351297146923724,0.5801851851851852,0.7595238095238095,0.17933862433862424
pre,V1,modality,34,1.229216536197192,1.0351297146923724,0.5942592592592593,0.7551587301587303,0.160899470899471
pre,V1,modality,35,1.2939121433654657,1.0351297146923724,0.6031481481481482,0.7474867724867725,0.14433862433862432
pre,V1,modality,36,1.3586077505337386,1.0351297146923724,0.5972222222222222,0.7386243386243386,0.14140211640211642
pre,V1,modality,37,1.423303357702012,1.0351297146923724,0.587037037037037,0.7318783068783068,0.14484126984126977
pre,V1,modality,38,1.4879989648702852,1.0351297146923724,0.5848148148148148,0.7162698412698413,0.1314550264550265
pre,V1,modality,39,1.5526945720385583,1.0351297146923724,0.5853703703703703,0.7175925925925926,0.13222222222222224
pre,V1,modality,40,1.6173901792068317,1.0351297146923724,0.5774074074074074,0.7144179894179894,0.13701058201058203
pre,V1,modality,41,1.682085786375105,1.0351297146923724,0.5801851851851852,0.6921957671957671,0.1120105820105819
pre,V1,modality,42,1.7467813935433782,1.0351297146923724,0.5688888888888889,0.6875661375661376,0.11867724867724871
pre,V1,modality,43,1.8114770007116516,1.0351297146923724,0.5742592592592592,0.6932539682539682,0.11899470899470899
pre,V1,modality,44,1.8761726078799248,1.0351297146923724,0.5700000000000001,0.6760582010582011,0.10605820105820107
pre,V1,modality,45,1.9408682150481984,1.0351297146923724,0.5727777777777778,0.6682539682539683,0.09547619047619049
pre,V1,modality,46,2.0055638222164713,1.0351297146923724,0.5514814814814815,0.635978835978836,0.08449735449735452
pre,V1,trial_type,0,-0.9704341075240992,1.0351297146923724,0.1266666666666666,0.1244047619047619,-0.0022619047619046873
pre,V1,trial_type,1,-0.9057385003558258,1.0351297146923724,0.1283333333333333,0.1222222222222222,-0.006111111111111095
pre,V1,trial_type,2,-0.8410428931875525,1.0351297146923724,0.1186111111111111,0.1303571428571428,0.011746031746031713
pre,V1,trial_type,3,-0.7763472860192793,1.0351297146923724,0.1244444444444444,0.135515873015873,0.011071428571428607
pre,V1,trial_type,4,-0.711651678851006,1.0351297146923724,0.1244444444444444,0.1313492063492063,0.0069047619047619
pre,V1,trial_type,5,-0.6469560716827327,1.0351297146923724,0.1366666666666666,0.1271825396825397,-0.0094841269841269
pre,V1,trial_type,6,-0.5822604645144595,1.0351297146923724,0.1344444444444444,0.129563492063492,-0.0048809523809524025
pre,V1,trial_type,7,-0.5175648573461862,1.0351297146923724,0.1311111111111111,0.117063492063492,-0.0140476190476191
pre,V1,trial_type,8,-0.4528692501779129,1.0351297146923724,0.1375,0.121031746031746,-0.016468253968254007
pre,V1,trial_type,9,-0.3881736430096396,1.0351297146923724,0.1352777777777777,0.1277777777777778,-0.007499999999999896
pre,V1,trial_type,10,-0.3234780358413663,1.0351297146923724,0.1308333333333333,0.1317460317460317,0.0009126984126983928
pre,V1,trial_type,11,-0.2587824286730931,1.0351297146923724,0.1177777777777777,0.1255952380952381,0.00781746031746039
pre,V1,trial_type,12,-0.1940868215048198,1.0351297146923724,0.1283333333333333,0.1200396825396825,-0.008293650793650797
pre,V1,trial_type,13,-0.1293912143365465,1.0351297146923724,0.1375,0.115079365079365,-0.022420634920635008
pre,V1,trial_type,14,-0.0646956071682732,1.0351297146923724,0.1344444444444444,0.1299603174603174,-0.004484126984127007
pre,V1,trial_type,15,0.0,1.0351297146923724,0.1302777777777777,0.1321428571428571,0.0018650793650794029
pre,V1,trial_type,16,0.0646956071682732,1.0351297146923724,0.1219444444444444,0.1277777777777777,0.005833333333333315
pre,V1,trial_type,17,0.1293912143365465,1.0351297146923724,0.1258333333333333,0.1357142857142857,0.009880952380952407
pre,V1,trial_type,18,0.1940868215048198,1.0351297146923724,0.1438888888888889,0.2186507936507936,0.0747619047619047
pre,V1,trial_type,19,0.2587824286730931,1.0351297146923724,0.2019444444444444,0.3908730158730158,0.18892857142857142
pre,V1,trial_type,20,0.3234780358413663,1.0351297146923724,0.2236111111111111,0.4623015873015872,0.23869047619047612
pre,V1,trial_type,21,0.3881736430096396,1.0351297146923724,0.2808333333333334,0.4912698412698413,0.21043650793650792
pre,V1,trial_type,22,0.4528692501779129,1.0351297146923724,0.2916666666666667,0.4934523809523809,0.20178571428571423
pre,V1,trial_type,23,0.5175648573461862,1.0351297146923724,0.3188888888888889,0.503968253968254,0.18507936507936507
pre,V1,trial_type,24,0.5822604645144595,1.0351297146923724,0.3222222222222222,0.5011904761904762,0.178968253968254
pre,V1,trial_type,25,0.6469560716827327,1.0351297146923724,0.32,0.5194444444444445,0.19944444444444448
pre,V1,trial_type,26,0.711651678851006,1.0351297146923724,0.3358333333333333,0.4902777777777777,0.15444444444444438
pre,V1,trial_type,27,0.7763472860192793,1.0351297146923724,0.3202777777777778,0.4898809523809523,0.16960317460317453
pre,V1,trial_type,28,0.8410428931875525,1.0351297146923724,0.3188888888888889,0.4867063492063492,0.1678174603174603
pre,V1,trial_type,29,0.9057385003558258,1.0351297146923724,0.3344444444444444,0.4561507936507936,0.12170634920634921
pre,V1,trial_type,30,0.9704341075240992,1.0351297146923724,0.3319444444444444,0.4763888888888888,0.14444444444444443
pre,V1,trial_type,31,1.0351297146923724,1.0351297146923724,0.3402777777777778,0.4706349206349206,0.13035714285714278
pre,V1,trial_type,32,1.0998253218606455,1.0351297146923724,0.3233333333333333,0.4722222222222222,0.1488888888888889
pre,V1,trial_type,33,1.164520929028919,1.0351297146923724,0.3366666666666666,0.4557539682539682,0.11908730158730158
pre,V1,trial_type,34,1.229216536197192,1.0351297146923724,0.3355555555555555,0.4626984126984127,0.12714285714285722
pre,V1,trial_type,35,1.2939121433654657,1.0351297146923724,0.3375,0.4434523809523809,0.10595238095238085
pre,V1,trial_type,36,1.3586077505337386,1.0351297146923724,0.3224999999999999,0.4420634920634921,0.1195634920634922
pre,V1,trial_type,37,1.423303357702012,1.0351297146923724,0.3197222222222222,0.4390873015873016,0.1193650793650794
pre,V1,trial_type,38,1.4879989648702852,1.0351297146923724,0.3255555555555555,0.4238095238095238,0.09825396825396832
pre,V1,trial_type,39,1.5526945720385583,1.0351297146923724,0.3041666666666667,0.410515873015873,0.1063492063492063
pre,V1,trial_type,40,1.6173901792068317,1.0351297146923724,0.3083333333333333,0.4003968253968254,0.09206349206349212
pre,V1,trial_type,41,1.682085786375105,1.0351297146923724,0.3016666666666666,0.3950396825396825,0.09337301587301594
pre,V1,trial_type,42,1.7467813935433782,1.0351297146923724,0.2955555555555555,0.3781746031746031,0.08261904761904759
pre,V1,trial_type,43,1.8114770007116516,1.0351297146923724,0.2716666666666666,0.3886904761904762,0.11702380952380959
pre,V1,trial_type,44,1.8761726078799248,1.0351297146923724,0.2661111111111111,0.3748015873015872,0.10869047619047612
pre,V1,trial_type,45,1.9408682150481984,1.0351297146923724,0.2733333333333333,0.353968253968254,0.08063492063492067
pre,V1,trial_type,46,2.0055638222164713,1.0351297146923724,0.2627777777777778,0.3412698412698413,0.0784920634920635
pre,V1,visual_direction,0,-0.9704341075240992,1.0351297146923724,0.484074074074074,0.4957671957671957,0.0116931216931217
pre,V1,visual_direction,1,-0.9057385003558258,1.0351297146923724,0.4992592592592593,0.5063492063492063,0.007089947089947035
pre,V1,visual_direction,2,-0.8410428931875525,1.0351297146923724,0.5014814814814814,0.5124338624338625,0.010952380952381047
pre,V1,visual_direction,3,-0.7763472860192793,1.0351297146923724,0.4907407407407407,0.5216931216931217,0.030952380952380953
pre,V1,visual_direction,4,-0.711651678851006,1.0351297146923724,0.4911111111111111,0.5097883597883598,0.01867724867724868
pre,V1,visual_direction,5,-0.6469560716827327,1.0351297146923724,0.4985185185185184,0.5037037037037038,0.005185185185185348
pre,V1,visual_direction,6,-0.5822604645144595,1.0351297146923724,0.5111111111111111,0.5031746031746032,-0.007936507936507908
pre,V1,visual_direction,7,-0.5175648573461862,1.0351297146923724,0.508888888888889,0.4891534391534392,-0.019735449735449773
pre,V1,visual_direction,8,-0.4528692501779129,1.0351297146923724,0.518888888888889,0.5164021164021164,-0.002486772486772537
pre,V1,visual_direction,9,-0.3881736430096396,1.0351297146923724,0.5044444444444445,0.4925925925925926,-0.011851851851851891
pre,V1,visual_direction,10,-0.3234780358413663,1.0351297146923724,0.4859259259259259,0.5185185185185185,0.03259259259259262
pre,V1,visual_direction,11,-0.2587824286730931,1.0351297146923724,0.5007407407407407,0.5187830687830688,0.018042328042328082
pre,V1,visual_direction,12,-0.1940868215048198,1.0351297146923724,0.5092592592592593,0.5076719576719576,-0.0015873015873016927
pre,V1,visual_direction,13,-0.1293912143365465,1.0351297146923724,0.4859259259259259,0.5074074074074074,0.021481481481481546
pre,V1,visual_direction,14,-0.0646956071682732,1.0351297146923724,0.5096296296296297,0.4978835978835979,-0.011746031746031782
pre,V1,visual_direction,15,0.0,1.0351297146923724,0.4962962962962963,0.5116402116402117,0.015343915343915382
pre,V1,visual_direction,16,0.0646956071682732,1.0351297146923724,0.4633333333333332,0.5097883597883598,0.04645502645502658
pre,V1,visual_direction,17,0.1293912143365465,1.0351297146923724,0.51,0.5063492063492064,-0.003650793650793571
pre,V1,visual_direction,18,0.1940868215048198,1.0351297146923724,0.538888888888889,0.6026455026455027,0.06375661375661368
pre,V1,visual_direction,19,0.2587824286730931,1.0351297146923724,0.5918518518518519,0.8214285714285714,0.22957671957671955
pre,V1,visual_direction,20,0.3234780358413663,1.0351297146923724,0.638888888888889,0.8785714285714287,0.23968253968253972
pre,V1,visual_direction,21,0.3881736430096396,1.0351297146923724,0.7062962962962963,0.9031746031746032,0.19687830687830687
pre,V1,visual_direction,22,0.4528692501779129,1.0351297146923724,0.7566666666666666,0.9283068783068782,0.1716402116402116
pre,V1,visual_direction,23,0.5175648573461862,1.0351297146923724,0.7892592592592592,0.9671957671957672,0.17793650793650795
pre,V1,visual_direction,24,0.5822604645144595,1.0351297146923724,0.7992592592592592,0.9862433862433864,0.18698412698412714
pre,V1,visual_direction,25,0.6469560716827327,1.0351297146923724,0.7944444444444444,0.9875661375661376,0.19312169312169325
pre,V1,visual_direction,26,0.711651678851006,1.0351297146923724,0.7955555555555556,0.9706349206349206,0.17507936507936506
pre,V1,visual_direction,27,0.7763472860192793,1.0351297146923724,0.7766666666666666,0.9534391534391534,0.1767724867724868
pre,V1,visual_direction,28,0.8410428931875525,1.0351297146923724,0.788888888888889,0.9510582010582008,0.16216931216931185
pre,V1,visual_direction,29,0.9057385003558258,1.0351297146923724,0.7985185185185185,0.9537037037037036,0.1551851851851851
pre,V1,visual_direction,30,0.9704341075240992,1.0351297146923724,0.7762962962962964,0.9552910052910052,0.17899470899470882
pre,V1,visual_direction,31,1.0351297146923724,1.0351297146923724,0.7874074074074074,0.9544973544973544,0.16708994708994696
pre,V1,visual_direction,32,1.0998253218606455,1.0351297146923724,0.7959259259259259,0.9566137566137566,0.16068783068783066
pre,V1,visual_direction,33,1.164520929028919,1.0351297146923724,0.787037037037037,0.9489417989417988,0.16190476190476177
pre,V1,visual_direction,34,1.229216536197192,1.0351297146923724,0.8114814814814816,0.9494708994708996,0.137989417989418
pre,V1,visual_direction,35,1.2939121433654657,1.0351297146923724,0.8022222222222222,0.9314814814814816,0.1292592592592594
pre,V1,visual_direction,36,1.3586077505337386,1.0351297146923724,0.7825925925925926,0.925132275132275,0.1425396825396824
pre,V1,visual_direction,37,1.423303357702012,1.0351297146923724,0.765925925925926,0.9126984126984128,0.14677248677248678
pre,V1,visual_direction,38,1.4879989648702852,1.0351297146923724,0.7737037037037037,0.9013227513227512,0.12761904761904752
pre,V1,visual_direction,39,1.5526945720385583,1.0351297146923724,0.752962962962963,0.8925925925925925,0.13962962962962955
pre,V1,visual_direction,40,1.6173901792068317,1.0351297146923724,0.7559259259259259,0.8857142857142856,0.12978835978835968
pre,V1,visual_direction,41,1.682085786375105,1.0351297146923724,0.7337037037037037,0.870899470899471,0.1371957671957672
pre,V1,visual_direction,42,1.7467813935433782,1.0351297146923724,0.7392592592592593,0.856084656084656,0.11682539682539672
pre,V1,visual_direction,43,1.8114770007116516,1.0351297146923724,0.712962962962963,0.8462962962962963,0.1333333333333333
pre,V1,visual_direction,44,1.8761726078799248,1.0351297146923724,0.7137037037037037,0.8275132275132275,0.1138095238095238
pre,V1,visual_direction,45,1.9408682150481984,1.0351297146923724,0.7066666666666667,0.823015873015873,0.11634920634920631
pre,V1,visual_direction,46,2.0055638222164713,1.0351297146923724,0.7003703703703704,0.8015873015873015,0.1012169312169311
pre,AM/PM,auditory_direction,0,-0.9704341075240992,1.0351297146923724,0.5,0.4938271604938271,-0.006172839506172922
pre,AM/PM,auditory_direction,1,-0.9057385003558258,1.0351297146923724,0.4703703703703704,0.4685185185185185,-0.0018518518518518823
pre,AM/PM,auditory_direction,2,-0.8410428931875525,1.0351297146923724,0.4407407407407406,0.5061728395061728,0.06543209876543216
pre,AM/PM,auditory_direction,3,-0.7763472860192793,1.0351297146923724,0.5037037037037038,0.5086419753086421,0.004938271604938316
pre,AM/PM,auditory_direction,4,-0.711651678851006,1.0351297146923724,0.4962962962962963,0.5141975308641974,0.017901234567901103
pre,AM/PM,auditory_direction,5,-0.6469560716827327,1.0351297146923724,0.5185185185185185,0.4796296296296296,-0.03888888888888892
pre,AM/PM,auditory_direction,6,-0.5822604645144595,1.0351297146923724,0.4944444444444444,0.5253086419753087,0.03086419753086428
pre,AM/PM,auditory_direction,7,-0.5175648573461862,1.0351297146923724,0.5092592592592593,0.5123456790123456,0.0030864197530863224
pre,AM/PM,auditory_direction,8,-0.4528692501779129,1.0351297146923724,0.5037037037037037,0.4808641975308642,-0.022839506172839474
pre,AM/PM,auditory_direction,9,-0.3881736430096396,1.0351297146923724,0.5111111111111111,0.5012345679012346,-0.00987654320987652
pre,AM/PM,auditory_direction,10,-0.3234780358413663,1.0351297146923724,0.4481481481481481,0.4901234567901234,0.04197530864197535
pre,AM/PM,auditory_direction,11,-0.2587824286730931,1.0351297146923724,0.5074074074074074,0.4858024691358025,-0.021604938271604923
pre,AM/PM,auditory_direction,12,-0.1940868215048198,1.0351297146923724,0.4944444444444444,0.532716049382716,0.038271604938271586
pre,AM/PM,auditory_direction,13,-0.1293912143365465,1.0351297146923724,0.4796296296296296,0.519753086419753,0.04012345679012347
pre,AM/PM,auditory_direction,14,-0.0646956071682732,1.0351297146923724,0.5074074074074073,0.4709876543209876,-0.036419753086419704
pre,AM/PM,auditory_direction,15,0.0,1.0351297146923724,0.4962962962962963,0.5265432098765431,0.030246913580246837
pre,AM/PM,auditory_direction,16,0.0646956071682732,1.0351297146923724,0.5611111111111111,0.504320987654321,-0.05679012345679013
pre,AM/PM,auditory_direction,17,0.1293912143365465,1.0351297146923724,0.538888888888889,0.5407407407407407,0.0018518518518517713
pre,AM/PM,auditory_direction,18,0.1940868215048198,1.0351297146923724,0.5314814814814814,0.528395061728395,-0.0030864197530864335
pre,AM/PM,auditory_direction,19,0.2587824286730931,1.0351297146923724,0.587037037037037,0.567283950617284,-0.01975308641975304
pre,AM/PM,auditory_direction,20,0.3234780358413663,1.0351297146923724,0.6370370370370371,0.6185185185185185,-0.0185185185185186
pre,AM/PM,auditory_direction,21,0.3881736430096396,1.0351297146923724,0.6370370370370371,0.608641975308642,-0.02839506172839512
pre,AM/PM,auditory_direction,22,0.4528692501779129,1.0351297146923724,0.6222222222222222,0.637037037037037,0.014814814814814725
pre,AM/PM,auditory_direction,23,0.5175648573461862,1.0351297146923724,0.6703703703703703,0.6438271604938272,-0.026543209876543128
pre,AM/PM,auditory_direction,24,0.5822604645144595,1.0351297146923724,0.6703703703703704,0.6222222222222222,-0.04814814814814816
pre,AM/PM,auditory_direction,25,0.6469560716827327,1.0351297146923724,0.6592592592592593,0.6283950617283951,-0.030864197530864224
pre,AM/PM,auditory_direction,26,0.711651678851006,1.0351297146923724,0.6666666666666667,0.6185185185185186,-0.04814814814814816
pre,AM/PM,auditory_direction,27,0.7763472860192793,1.0351297146923724,0.6203703703703703,0.5777777777777777,-0.042592592592592626
pre,AM/PM,auditory_direction,28,0.8410428931875525,1.0351297146923724,0.6148148148148149,0.5802469135802469,-0.03456790123456799
pre,AM/PM,auditory_direction,29,0.9057385003558258,1.0351297146923724,0.6111111111111113,0.5895061728395062,-0.021604938271605034
pre,AM/PM,auditory_direction,30,0.9704341075240992,1.0351297146923724,0.55,0.6049382716049383,0.05493827160493825
pre,AM/PM,auditory_direction,31,1.0351297146923724,1.0351297146923724,0.6074074074074074,0.5679012345679012,-0.03950617283950619
pre,AM/PM,auditory_direction,32,1.0998253218606455,1.0351297146923724,0.6055555555555555,0.5469135802469136,-0.0586419753086419
pre,AM/PM,auditory_direction,33,1.164520929028919,1.0351297146923724,0.6222222222222223,0.5604938271604939,-0.06172839506172845
pre,AM/PM,auditory_direction,34,1.229216536197192,1.0351297146923724,0.6074074074074074,0.5722222222222223,-0.0351851851851851
pre,AM/PM,auditory_direction,35,1.2939121433654657,1.0351297146923724,0.5962962962962963,0.5944444444444444,-0.0018518518518518823
pre,AM/PM,auditory_direction,36,1.3586077505337386,1.0351297146923724,0.5907407407407407,0.5697530864197531,-0.020987654320987592
pre,AM/PM,auditory_direction,37,1.423303357702012,1.0351297146923724,0.5666666666666667,0.5722222222222223,0.005555555555555647
pre,AM/PM,auditory_direction,38,1.4879989648702852,1.0351297146923724,0.5407407407407407,0.5771604938271605,0.03641975308641976
pre,AM/PM,auditory_direction,39,1.5526945720385583,1.0351297146923724,0.5444444444444445,0.5765432098765432,0.032098765432098664
pre,AM/PM,auditory_direction,40,1.6173901792068317,1.0351297146923724,0.5333333333333334,0.5691358024691359,0.03580246913580243
pre,AM/PM,auditory_direction,41,1.682085786375105,1.0351297146923724,0.5666666666666667,0.5746913580246914,0.00802469135802475
pre,AM/PM,auditory_direction,42,1.7467813935433782,1.0351297146923724,0.5814814814814815,0.5419753086419753,-0.03950617283950619
pre,AM/PM,auditory_direction,43,1.8114770007116516,1.0351297146923724,0.55,0.5722222222222222,0.022222222222222143
pre,AM/PM,auditory_direction,44,1.8761726078799248,1.0351297146923724,0.512962962962963,0.5703703703703703,0.05740740740740735
pre,AM/PM,auditory_direction,45,1.9408682150481984,1.0351297146923724,0.5111111111111113,0.5537037037037037,0.042592592592592404
pre,AM/PM,auditory_direction,46,2.0055638222164713,1.0351297146923724,0.5222222222222223,0.5635802469135802,0.041358024691357964
pre,AM/PM,congruency,0,-0.9704341075240992,1.0351297146923724,0.5361111111111112,0.4731481481481481,-0.06296296296296311
pre,AM/PM,congruency,1,-0.9057385003558258,1.0351297146923724,0.4666666666666667,0.5009259259259259,0.03425925925925921
pre,AM/PM,congruency,2,-0.8410428931875525,1.0351297146923724,0.5472222222222222,0.5083333333333333,-0.03888888888888886
pre,AM/PM,congruency,3,-0.7763472860192793,1.0351297146923724,0.5138888888888888,0.4898148148148148,-0.024074074074074026
pre,AM/PM,congruency,4,-0.711651678851006,1.0351297146923724,0.5361111111111111,0.514814814814815,-0.021296296296296147
pre,AM/PM,congruency,5,-0.6469560716827327,1.0351297146923724,0.5111111111111111,0.4740740740740741,-0.03703703703703698
pre,AM/PM,congruency,6,-0.5822604645144595,1.0351297146923724,0.475,0.513888888888889,0.03888888888888897
pre,AM/PM,congruency,7,-0.5175648573461862,1.0351297146923724,0.5166666666666667,0.5212962962962963,0.004629629629629539
pre,AM/PM,congruency,8,-0.4528692501779129,1.0351297146923724,0.5361111111111112,0.512962962962963,-0.02314814814814825
pre,AM/PM,congruency,9,-0.3881736430096396,1.0351297146923724,0.4916666666666666,0.5305555555555556,0.03888888888888897
pre,AM/PM,congruency,10,-0.3234780358413663,1.0351297146923724,0.45,0.5157407407407407,0.06574074074074071
pre,AM/PM,congruency,11,-0.2587824286730931,1.0351297146923724,0.5111111111111112,0.5296296296296297,0.01851851851851849
pre,AM/PM,congruency,12,-0.1940868215048198,1.0351297146923724,0.5388888888888889,0.5037037037037037,-0.03518518518518521
pre,AM/PM,congruency,13,-0.1293912143365465,1.0351297146923724,0.4916666666666667,0.5462962962962963,0.054629629629629584
pre,AM/PM,congruency,14,-0.0646956071682732,1.0351297146923724,0.4944444444444443,0.5166666666666666,0.02222222222222231
pre,AM/PM,congruency,15,0.0,1.0351297146923724,0.5,0.4879629629629629,-0.012037037037037124
pre,AM/PM,congruency,16,0.0646956071682732,1.0351297146923724,0.5277777777777778,0.5351851851851852,0.007407407407407418
pre,AM/PM,congruency,17,0.1293912143365465,1.0351297146923724,0.5194444444444445,0.5,-0.019444444444444486
pre,AM/PM,congruency,18,0.1940868215048198,1.0351297146923724,0.525,0.4685185185185185,-0.05648148148148152
pre,AM/PM,congruency,19,0.2587824286730931,1.0351297146923724,0.5027777777777779,0.499074074074074,-0.0037037037037038756
pre,AM/PM,congruency,20,0.3234780358413663,1.0351297146923724,0.5166666666666666,0.5351851851851852,0.0185185185185186
pre,AM/PM,congruency,21,0.3881736430096396,1.0351297146923724,0.4583333333333333,0.5,0.041666666666666685
pre,AM/PM,congruency,22,0.4528692501779129,1.0351297146923724,0.4805555555555555,0.5157407407407407,0.03518518518518521
pre,AM/PM,congruency,23,0.5175648573461862,1.0351297146923724,0.4527777777777778,0.5166666666666667,0.06388888888888894
pre,AM/PM,congruency,24,0.5822604645144595,1.0351297146923724,0.4722222222222222,0.5277777777777778,0.05555555555555558
pre,AM/PM,congruency,25,0.6469560716827327,1.0351297146923724,0.4972222222222222,0.4907407407407407,-0.006481481481481477
pre,AM/PM,congruency,26,0.711651678851006,1.0351297146923724,0.4861111111111111,0.4703703703703704,-0.015740740740740722
pre,AM/PM,congruency,27,0.7763472860192793,1.0351297146923724,0.4527777777777778,0.5046296296296297,0.05185185185185187
pre,AM/PM,congruency,28,0.8410428931875525,1.0351297146923724,0.4722222222222222,0.5240740740740741,0.05185185185185193
pre,AM/PM,congruency,29,0.9057385003558258,1.0351297146923724,0.4805555555555555,0.5194444444444445,0.03888888888888897
pre,AM/PM,congruency,30,0.9704341075240992,1.0351297146923724,0.4555555555555555,0.5194444444444445,0.063888888888889
pre,AM/PM,congruency,31,1.0351297146923724,1.0351297146923724,0.5222222222222221,0.5342592592592593,0.01203703703703718
pre,AM/PM,congruency,32,1.0998253218606455,1.0351297146923724,0.5194444444444444,0.4851851851851852,-0.034259259259259156
pre,AM/PM,congruency,33,1.164520929028919,1.0351297146923724,0.4638888888888889,0.5111111111111112,0.047222222222222276
pre,AM/PM,congruency,34,1.229216536197192,1.0351297146923724,0.5111111111111111,0.5111111111111112,1.1102230246251565e-16
pre,AM/PM,congruency,35,1.2939121433654657,1.0351297146923724,0.5166666666666667,0.4824074074074074,-0.03425925925925932
pre,AM/PM,congruency,36,1.3586077505337386,1.0351297146923724,0.4305555555555555,0.5083333333333334,0.07777777777777789
pre,AM/PM,congruency,37,1.423303357702012,1.0351297146923724,0.4944444444444444,0.5009259259259259,0.006481481481481477
pre,AM/PM,congruency,38,1.4879989648702852,1.0351297146923724,0.475,0.5120370370370371,0.03703703703703709
pre,AM/PM,congruency,39,1.5526945720385583,1.0351297146923724,0.5027777777777778,0.4925925925925926,-0.010185185185185186
pre,AM/PM,congruency,40,1.6173901792068317,1.0351297146923724,0.4722222222222222,0.4935185185185184,0.021296296296296202
pre,AM/PM,congruency,41,1.682085786375105,1.0351297146923724,0.538888888888889,0.5027777777777778,-0.036111111111111205
pre,AM/PM,congruency,42,1.7467813935433782,1.0351297146923724,0.4916666666666666,0.5083333333333333,0.01666666666666672
pre,AM/PM,congruency,43,1.8114770007116516,1.0351297146923724,0.4472222222222223,0.4861111111111111,0.038888888888888806
pre,AM/PM,congruency,44,1.8761726078799248,1.0351297146923724,0.5305555555555557,0.4907407407407407,-0.03981481481481497
pre,AM/PM,congruency,45,1.9408682150481984,1.0351297146923724,0.5111111111111111,0.4962962962962963,-0.01481481481481478
pre,AM/PM,congruency,46,2.0055638222164713,1.0351297146923724,0.5277777777777778,0.513888888888889,-0.01388888888888884
pre,AM/PM,modality,0,-0.9704341075240992,1.0351297146923724,0.3249999999999999,0.3265432098765432,0.0015432098765432722
pre,AM/PM,modality,1,-0.9057385003558258,1.0351297146923724,0.3287037037037037,0.329320987654321,0.0006172839506172756
pre,AM/PM,modality,2,-0.8410428931875525,1.0351297146923724,0.3296296296296296,0.3385802469135803,0.00895061728395069
pre,AM/PM,modality,3,-0.7763472860192793,1.0351297146923724,0.3222222222222222,0.3435185185185185,0.021296296296296313
pre,AM/PM,modality,4,-0.711651678851006,1.0351297146923724,0.312037037037037,0.3126543209876543,0.0006172839506172756
pre,AM/PM,modality,5,-0.6469560716827327,1.0351297146923724,0.3268518518518518,0.3302469135802469,0.003395061728395099
pre,AM/PM,modality,6,-0.5822604645144595,1.0351297146923724,0.325,0.3530864197530864,0.0280864197530864
pre,AM/PM,modality,7,-0.5175648573461862,1.0351297146923724,0.3379629629629629,0.3246913580246913,-0.01327160493827162
pre,AM/PM,modality,8,-0.4528692501779129,1.0351297146923724,0.3268518518518518,0.3262345679012346,-0.0006172839506171646
pre,AM/PM,modality,9,-0.3881736430096396,1.0351297146923724,0.3231481481481481,0.3481481481481481,0.025000000000000022
pre,AM/PM,modality,10,-0.3234780358413663,1.0351297146923724,0.4037037037037037,0.3126543209876543,-0.0910493827160494
pre,AM/PM,modality,11,-0.2587824286730931,1.0351297146923724,0.3175925925925925,0.3320987654320987,0.014506172839506226
pre,AM/PM,modality,12,-0.1940868215048198,1.0351297146923724,0.3222222222222223,0.3379629629629629,0.01574074074074061
pre,AM/PM,modality,13,-0.1293912143365465,1.0351297146923724,0.3074074074074074,0.3351851851851852,0.02777777777777779
pre,AM/PM,modality,14,-0.0646956071682732,1.0351297146923724,0.312037037037037,0.3654320987654321,0.05339506172839509
pre,AM/PM,modality,15,0.0,1.0351297146923724,0.3268518518518518,0.3716049382716049,0.04475308641975312
pre,AM/PM,modality,16,0.0646956071682732,1.0351297146923724,0.3546296296296296,0.3672839506172839,0.012654320987654344
pre,AM/PM,modality,17,0.1293912143365465,1.0351297146923724,0.3351851851851851,0.3848765432098766,0.04969135802469149
pre,AM/PM,modality,18,0.1940868215048198,1.0351297146923724,0.362037037037037,0.4506172839506173,0.0885802469135803
pre,AM/PM,modality,19,0.2587824286730931,1.0351297146923724,0.4916666666666666,0.6024691358024692,0.1108024691358026
pre,AM/PM,modality,20,0.3234780358413663,1.0351297146923724,0.5657407407407408,0.6466049382716049,0.08086419753086416
pre,AM/PM,modality,21,0.3881736430096396,1.0351297146923724,0.5518518518518519,0.6864197530864198,0.13456790123456785
pre,AM/PM,modality,22,0.4528692501779129,1.0351297146923724,0.5472222222222223,0.7527777777777778,0.2055555555555555
pre,AM/PM,modality,23,0.5175648573461862,1.0351297146923724,0.5888888888888889,0.7802469135802469,0.191358024691358
pre,AM/PM,modality,24,0.5822604645144595,1.0351297146923724,0.624074074074074,0.7808641975308642,0.15679012345679022
pre,AM/PM,modality,25,0.6469560716827327,1.0351297146923724,0.6212962962962962,0.8138888888888888,0.19259259259259254
pre,AM/PM,modality,26,0.711651678851006,1.0351297146923724,0.6453703703703704,0.8095679012345679,0.16419753086419753
pre,AM/PM,modality,27,0.7763472860192793,1.0351297146923724,0.6,0.8222222222222223,0.22222222222222232
pre,AM/PM,modality,28,0.8410428931875525,1.0351297146923724,0.6027777777777779,0.8333333333333334,0.2305555555555555
pre,AM/PM,modality,29,0.9057385003558258,1.0351297146923724,0.6666666666666667,0.841358024691358,0.17469135802469127
pre,AM/PM,modality,30,0.9704341075240992,1.0351297146923724,0.6407407407407407,0.8398148148148148,0.19907407407407407
pre,AM/PM,modality,31,1.0351297146923724,1.0351297146923724,0.6462962962962963,0.8373456790123456,0.19104938271604932
pre,AM/PM,modality,32,1.0998253218606455,1.0351297146923724,0.6824074074074074,0.8311728395061729,0.14876543209876558
pre,AM/PM,modality,33,1.164520929028919,1.0351297146923724,0.6935185185185186,0.820679012345679,0.12716049382716033
pre,AM/PM,modality,34,1.229216536197192,1.0351297146923724,0.6629629629629631,0.8228395061728394,0.15987654320987632
pre,AM/PM,modality,35,1.2939121433654657,1.0351297146923724,0.6824074074074074,0.8117283950617283,0.12932098765432098
pre,AM/PM,modality,36,1.3586077505337386,1.0351297146923724,0.6472222222222223,0.8114197530864198,0.16419753086419753
pre,AM/PM,modality,37,1.423303357702012,1.0351297146923724,0.6398148148148147,0.8027777777777777,0.16296296296296298
pre,AM/PM,modality,38,1.4879989648702852,1.0351297146923724,0.5962962962962963,0.7969135802469136,0.2006172839506173
pre,AM/PM,modality,39,1.5526945720385583,1.0351297146923724,0.6083333333333333,0.7799382716049382,0.17160493827160495
pre,AM/PM,modality,40,1.6173901792068317,1.0351297146923724,0.5472222222222223,0.7824074074074074,0.23518518518518516
pre,AM/PM,modality,41,1.682085786375105,1.0351297146923724,0.537037037037037,0.7765432098765433,0.23950617283950637
pre,AM/PM,modality,42,1.7467813935433782,1.0351297146923724,0.5685185185185185,0.7601851851851852,0.19166666666666665
pre,AM/PM,modality,43,1.8114770007116516,1.0351297146923724,0.5444444444444445,0.7496913580246912,0.20524691358024671
pre,AM/PM,modality,44,1.8761726078799248,1.0351297146923724,0.5166666666666667,0.7530864197530863,0.2364197530864196
pre,AM/PM,modality,45,1.9408682150481984,1.0351297146923724,0.4796296296296296,0.7268518518518517,0.24722222222222218
pre,AM/PM,modality,46,2.0055638222164713,1.0351297146923724,0.487037037037037,0.7160493827160493,0.22901234567901235
pre,AM/PM,trial_type,0,-0.9704341075240992,1.0351297146923724,0.1291666666666666,0.1273148148148148,-0.001851851851851799
pre,AM/PM,trial_type,1,-0.9057385003558258,1.0351297146923724,0.1333333333333333,0.1129629629629629,-0.0203703703703704
pre,AM/PM,trial_type,2,-0.8410428931875525,1.0351297146923724,0.1291666666666666,0.1157407407407407,-0.013425925925925897
pre,AM/PM,trial_type,3,-0.7763472860192793,1.0351297146923724,0.1333333333333333,0.1277777777777777,-0.005555555555555591
pre,AM/PM,trial_type,4,-0.711651678851006,1.0351297146923724,0.1125,0.1268518518518518,0.014351851851851796
pre,AM/PM,trial_type,5,-0.6469560716827327,1.0351297146923724,0.1125,0.1101851851851851,-0.0023148148148149084
pre,AM/PM,trial_type,6,-0.5822604645144595,1.0351297146923724,0.1152777777777777,0.1374999999999999,0.0222222222222222
pre,AM/PM,trial_type,7,-0.5175648573461862,1.0351297146923724,0.1194444444444444,0.1222222222222222,0.0027777777777778095
pre,AM/PM,trial_type,8,-0.4528692501779129,1.0351297146923724,0.1277777777777777,0.124537037037037,-0.0032407407407407107
pre,AM/PM,trial_type,9,-0.3881736430096396,1.0351297146923724,0.1138888888888888,0.1277777777777777,0.013888888888888909
pre,AM/PM,trial_type,10,-0.3234780358413663,1.0351297146923724,0.1375,0.1259259259259259,-0.011574074074074098
pre,AM/PM,trial_type,11,-0.2587824286730931,1.0351297146923724,0.1041666666666666,0.1319444444444444,0.02777777777777779
pre,AM/PM,trial_type,12,-0.1940868215048198,1.0351297146923724,0.125,0.1398148148148148,0.014814814814814808
pre,AM/PM,trial_type,13,-0.1293912143365465,1.0351297146923724,0.1069444444444444,0.1310185185185185,0.02407407407407411
pre,AM/PM,trial_type,14,-0.0646956071682732,1.0351297146923724,0.0944444444444444,0.137037037037037,0.04259259259259261
pre,AM/PM,trial_type,15,0.0,1.0351297146923724,0.1194444444444444,0.1384259259259259,0.018981481481481502
pre,AM/PM,trial_type,16,0.0646956071682732,1.0351297146923724,0.1125,0.1333333333333333,0.0208333333333333
pre,AM/PM,trial_type,17,0.1293912143365465,1.0351297146923724,0.1180555555555555,0.15,0.0319444444444445
pre,AM/PM,trial_type,18,0.1940868215048198,1.0351297146923724,0.1819444444444444,0.1851851851851852,0.003240740740740794
pre,AM/PM,trial_type,19,0.2587824286730931,1.0351297146923724,0.275,0.3777777777777777,0.10277777777777769
pre,AM/PM,trial_type,20,0.3234780358413663,1.0351297146923724,0.3013888888888889,0.4606481481481481,0.1592592592592592
pre,AM/PM,trial_type,21,0.3881736430096396,1.0351297146923724,0.3402777777777778,0.5032407407407408,0.16296296296296298
pre,AM/PM,trial_type,22,0.4528692501779129,1.0351297146923724,0.3527777777777777,0.538425925925926,0.18564814814814828
pre,AM/PM,trial_type,23,0.5175648573461862,1.0351297146923724,0.3541666666666666,0.5726851851851852,0.2185185185185186
pre,AM/PM,trial_type,24,0.5822604645144595,1.0351297146923724,0.3694444444444444,0.5685185185185185,0.19907407407407413
pre,AM/PM,trial_type,25,0.6469560716827327,1.0351297146923724,0.3416666666666667,0.5754629629629631,0.2337962962962964
pre,AM/PM,trial_type,26,0.711651678851006,1.0351297146923724,0.3319444444444444,0.562037037037037,0.23009259259259263
pre,AM/PM,trial_type,27,0.7763472860192793,1.0351297146923724,0.3416666666666667,0.5472222222222223,0.2055555555555556
pre,AM/PM,trial_type,28,0.8410428931875525,1.0351297146923724,0.2916666666666667,0.5523148148148148,0.26064814814814813
pre,AM/PM,trial_type,29,0.9057385003558258,1.0351297146923724,0.2861111111111111,0.5361111111111111,0.25
pre,AM/PM,trial_type,30,0.9704341075240992,1.0351297146923724,0.3333333333333333,0.5407407407407407,0.20740740740740743
pre,AM/PM,trial_type,31,1.0351297146923724,1.0351297146923724,0.3236111111111112,0.5342592592592592,0.21064814814814803
pre,AM/PM,trial_type,32,1.0998253218606455,1.0351297146923724,0.3166666666666666,0.5203703703703703,0.20370370370370366
pre,AM/PM,trial_type,33,1.164520929028919,1.0351297146923724,0.3388888888888889,0.5347222222222222,0.1958333333333333
pre,AM/PM,trial_type,34,1.229216536197192,1.0351297146923724,0.3375,0.5564814814814815,0.21898148148148144
pre,AM/PM,trial_type,35,1.2939121433654657,1.0351297146923724,0.3097222222222222,0.5254629629629629,0.21574074074074073
pre,AM/PM,trial_type,36,1.3586077505337386,1.0351297146923724,0.3138888888888889,0.5277777777777778,0.2138888888888889
pre,AM/PM,trial_type,37,1.423303357702012,1.0351297146923724,0.2736111111111111,0.5185185185185185,0.2449074074074074
pre,AM/PM,trial_type,38,1.4879989648702852,1.0351297146923724,0.2638888888888889,0.5055555555555555,0.24166666666666664
pre,AM/PM,trial_type,39,1.5526945720385583,1.0351297146923724,0.2458333333333333,0.5083333333333333,0.2625
pre,AM/PM,trial_type,40,1.6173901792068317,1.0351297146923724,0.2041666666666666,0.4921296296296296,0.287962962962963
pre,AM/PM,trial_type,41,1.682085786375105,1.0351297146923724,0.2222222222222221,0.4708333333333334,0.24861111111111128
pre,AM/PM,trial_type,42,1.7467813935433782,1.0351297146923724,0.2486111111111111,0.4805555555555555,0.23194444444444443
pre,AM/PM,trial_type,43,1.8114770007116516,1.0351297146923724,0.2305555555555555,0.4699074074074074,0.23935185185185187
pre,AM/PM,trial_type,44,1.8761726078799248,1.0351297146923724,0.1888888888888888,0.4671296296296297,0.2782407407407409
pre,AM/PM,trial_type,45,1.9408682150481984,1.0351297146923724,0.2055555555555555,0.4328703703703704,0.22731481481481491
pre,AM/PM,trial_type,46,2.0055638222164713,1.0351297146923724,0.1986111111111111,0.4171296296296296,0.21851851851851847
pre,AM/PM,visual_direction,0,-0.9704341075240992,1.0351297146923724,0.5018518518518518,0.508641975308642,0.006790123456790198
pre,AM/PM,visual_direction,1,-0.9057385003558258,1.0351297146923724,0.5407407407407407,0.4820987654320987,-0.05864197530864207
pre,AM/PM,visual_direction,2,-0.8410428931875525,1.0351297146923724,0.4944444444444444,0.4919753086419753,-0.0024691358024691024
pre,AM/PM,visual_direction,3,-0.7763472860192793,1.0351297146923724,0.4796296296296296,0.5092592592592593,0.029629629629629728
pre,AM/PM,visual_direction,4,-0.711651678851006,1.0351297146923724,0.4925925925925926,0.4851851851851852,-0.007407407407407363
pre,AM/PM,visual_direction,5,-0.6469560716827327,1.0351297146923724,0.4851851851851852,0.4790123456790123,-0.006172839506172922
pre,AM/PM,visual_direction,6,-0.5822604645144595,1.0351297146923724,0.4925925925925926,0.5006172839506173,0.00802469135802475
pre,AM/PM,visual_direction,7,-0.5175648573461862,1.0351297146923724,0.4925925925925926,0.4993827160493826,0.0067901234567900315
pre,AM/PM,visual_direction,8,-0.4528692501779129,1.0351297146923724,0.5074074074074073,0.4882716049382716,-0.01913580246913571
pre,AM/PM,visual_direction,9,-0.3881736430096396,1.0351297146923724,0.5259259259259259,0.504320987654321,-0.021604938271604923
pre,AM/PM,visual_direction,10,-0.3234780358413663,1.0351297146923724,0.4944444444444444,0.55,0.055555555555555636
pre,AM/PM,visual_direction,11,-0.2587824286730931,1.0351297146923724,0.4518518518518519,0.5148148148148147,0.06296296296296283
pre,AM/PM,visual_direction,12,-0.1940868215048198,1.0351297146923724,0.4796296296296297,0.5154320987654321,0.03580246913580237
pre,AM/PM,visual_direction,13,-0.1293912143365465,1.0351297146923724,0.5,0.4938271604938271,-0.006172839506172922
pre,AM/PM,visual_direction,14,-0.0646956071682732,1.0351297146923724,0.4833333333333333,0.5185185185185185,0.03518518518518521
pre,AM/PM,visual_direction,15,0.0,1.0351297146923724,0.4703703703703703,0.5172839506172839,0.04691358024691361
pre,AM/PM,visual_direction,16,0.0646956071682732,1.0351297146923724,0.4777777777777777,0.4950617283950617,0.017283950617283994
pre,AM/PM,visual_direction,17,0.1293912143365465,1.0351297146923724,0.4962962962962962,0.5370370370370371,0.04074074074074091
pre,AM/PM,visual_direction,18,0.1940868215048198,1.0351297146923724,0.5055555555555555,0.5487654320987655,0.04320987654320996
pre,AM/PM,visual_direction,19,0.2587824286730931,1.0351297146923724,0.6574074074074074,0.9197530864197532,0.26234567901234573
pre,AM/PM,visual_direction,20,0.3234780358413663,1.0351297146923724,0.7592592592592592,0.9629629629629628,0.2037037037037036
pre,AM/PM,visual_direction,21,0.3881736430096396,1.0351297146923724,0.8222222222222222,0.9858024691358024,0.1635802469135802
pre,AM/PM,visual_direction,22,0.4528692501779129,1.0351297146923724,0.8166666666666667,0.9901234567901236,0.17345679012345694
pre,AM/PM,visual_direction,23,0.5175648573461862,1.0351297146923724,0.7574074074074074,0.9919753086419753,0.23456790123456783
pre,AM/PM,visual_direction,24,0.5822604645144595,1.0351297146923724,0.7074074074074075,0.9919753086419753,0.28456790123456777
pre,AM/PM,visual_direction,25,0.6469560716827327,1.0351297146923724,0.675925925925926,0.9919753086419753,0.3160493827160492
pre,AM/PM,visual_direction,26,0.711651678851006,1.0351297146923724,0.6425925925925926,0.9876543209876544,0.3450617283950618
pre,AM/PM,visual_direction,27,0.7763472860192793,1.0351297146923724,0.6555555555555556,0.9777777777777776,0.3222222222222221
pre,AM/PM,visual_direction,28,0.8410428931875525,1.0351297146923724,0.6166666666666667,0.9493827160493828,0.33271604938271615
pre,AM/PM,visual_direction,29,0.9057385003558258,1.0351297146923724,0.5518518518518519,0.94320987654321,0.39135802469135805
pre,AM/PM,visual_direction,30,0.9704341075240992,1.0351297146923724,0.5888888888888889,0.95679012345679,0.36790123456790114
pre,AM/PM,visual_direction,31,1.0351297146923724,1.0351297146923724,0.6314814814814815,0.9623456790123456,0.33086419753086405
pre,AM/PM,visual_direction,32,1.0998253218606455,1.0351297146923724,0.6092592592592592,0.9703703703703704,0.36111111111111127
pre,AM/PM,visual_direction,33,1.164520929028919,1.0351297146923724,0.6222222222222222,0.982716049382716,0.3604938271604937
pre,AM/PM,visual_direction,34,1.229216536197192,1.0351297146923724,0.6537037037037037,0.9864197530864196,0.33271604938271593
pre,AM/PM,visual_direction,35,1.2939121433654657,1.0351297146923724,0.6222222222222222,0.9790123456790122,0.35679012345678995
pre,AM/PM,visual_direction,36,1.3586077505337386,1.0351297146923724,0.6611111111111111,0.9777777777777776,0.31666666666666654
pre,AM/PM,visual_direction,37,1.423303357702012,1.0351297146923724,0.5925925925925926,0.9716049382716048,0.3790123456790122
pre,AM/PM,visual_direction,38,1.4879989648702852,1.0351297146923724,0.5740740740740742,0.9592592592592591,0.38518518518518496
pre,AM/PM,visual_direction,39,1.5526945720385583,1.0351297146923724,0.548148148148148,0.9592592592592591,0.4111111111111111
pre,AM/PM,visual_direction,40,1.6173901792068317,1.0351297146923724,0.5740740740740741,0.9487654320987656,0.37469135802469156
pre,AM/PM,visual_direction,41,1.682085786375105,1.0351297146923724,0.5518518518518518,0.9450617283950616,0.3932098765432098
pre,AM/PM,visual_direction,42,1.7467813935433782,1.0351297146923724,0.5,0.9302469135802468,0.4302469135802468
pre,AM/PM,visual_direction,43,1.8114770007116516,1.0351297146923724,0.5777777777777777,0.9290123456790124,0.35123456790123464
pre,AM/PM,visual_direction,44,1.8761726078799248,1.0351297146923724,0.5240740740740741,0.9061728395061728,0.38209876543209864
pre,AM/PM,visual_direction,45,1.9408682150481984,1.0351297146923724,0.512962962962963,0.8987654320987654,0.3858024691358024
pre,AM/PM,visual_direction,46,2.0055638222164713,1.0351297146923724,0.5055555555555555,0.8851851851851852,0.37962962962962965
pre,A/RL/AL,auditory_direction,0,-0.9704341075240992,1.0351297146923724,0.503968253968254,0.4851851851851851,-0.018783068783068846
pre,A/RL/AL,auditory_direction,1,-0.9057385003558258,1.0351297146923724,0.4978835978835979,0.4938271604938271,-0.004056437389770795
pre,A/RL/AL,auditory_direction,2,-0.8410428931875525,1.0351297146923724,0.5103174603174603,0.5021604938271605,-0.008156966490299733
pre,A/RL/AL,auditory_direction,3,-0.7763472860192793,1.0351297146923724,0.4976190476190476,0.5104938271604939,0.012874779541446224
pre,A/RL/AL,auditory_direction,4,-0.711651678851006,1.0351297146923724,0.4976190476190476,0.5169753086419754,0.019356261022927757
pre,A/RL/AL,auditory_direction,5,-0.6469560716827327,1.0351297146923724,0.4994708994708995,0.5151234567901234,0.01565255731922388
pre,A/RL/AL,auditory_direction,6,-0.5822604645144595,1.0351297146923724,0.4928571428571429,0.5077160493827161,0.014858906525573201
pre,A/RL/AL,auditory_direction,7,-0.5175648573461862,1.0351297146923724,0.514021164021164,0.4861111111111111,-0.02791005291005294
pre,A/RL/AL,auditory_direction,8,-0.4528692501779129,1.0351297146923724,0.4962962962962963,0.5027777777777778,0.006481481481481477
pre,A/RL/AL,auditory_direction,9,-0.3881736430096396,1.0351297146923724,0.4920634920634921,0.5117283950617284,0.01966490299823631
pre,A/RL/AL,auditory_direction,10,-0.3234780358413663,1.0351297146923724,0.5074074074074074,0.5077160493827161,0.00030864197530866555
pre,A/RL/AL,auditory_direction,11,-0.2587824286730931,1.0351297146923724,0.5113756613756614,0.4938271604938271,-0.017548500881834295
pre,A/RL/AL,auditory_direction,12,-0.1940868215048198,1.0351297146923724,0.511904761904762,0.5033950617283951,-0.008509700176366874
pre,A/RL/AL,auditory_direction,13,-0.1293912143365465,1.0351297146923724,0.503968253968254,0.4969135802469135,-0.007054673721340443
pre,A/RL/AL,auditory_direction,14,-0.0646956071682732,1.0351297146923724,0.5007936507936508,0.5018518518518519,0.0010582010582010914
pre,A/RL/AL,auditory_direction,15,0.0,1.0351297146923724,0.4917989417989418,0.4962962962962963,0.0044973544973545
pre,A/RL/AL,auditory_direction,16,0.0646956071682732,1.0351297146923724,0.5042328042328043,0.4981481481481482,-0.0060846560846560815
pre,A/RL/AL,auditory_direction,17,0.1293912143365465,1.0351297146923724,0.511904761904762,0.5188271604938272,0.006922398589065182
pre,A/RL/AL,auditory_direction,18,0.1940868215048198,1.0351297146923724,0.5198412698412699,0.4885802469135802,-0.031261022927689674
pre,A/RL/AL,auditory_direction,19,0.2587824286730931,1.0351297146923724,0.5928571428571427,0.5404320987654322,-0.05242504409171056
pre,A/RL/AL,auditory_direction,20,0.3234780358413663,1.0351297146923724,0.6105820105820107,0.5824074074074074,-0.028174603174603297
pre,A/RL/AL,auditory_direction,21,0.3881736430096396,1.0351297146923724,0.6039682539682539,0.5919753086419753,-0.011992945326278592
pre,A/RL/AL,auditory_direction,22,0.4528692501779129,1.0351297146923724,0.6047619047619047,0.5916666666666667,-0.013095238095238049
pre,A/RL/AL,auditory_direction,23,0.5175648573461862,1.0351297146923724,0.6171957671957672,0.5941358024691358,-0.02305996472663141
pre,A/RL/AL,auditory_direction,24,0.5822604645144595,1.0351297146923724,0.6256613756613757,0.5873456790123457,-0.03831569664903001
pre,A/RL/AL,auditory_direction,25,0.6469560716827327,1.0351297146923724,0.6261904761904763,0.5842592592592593,-0.04193121693121704
pre,A/RL/AL,auditory_direction,26,0.711651678851006,1.0351297146923724,0.6211640211640211,0.5765432098765432,-0.04462081128747797
pre,A/RL/AL,auditory_direction,27,0.7763472860192793,1.0351297146923724,0.6082010582010582,0.5734567901234567,-0.03474426807760145
pre,A/RL/AL,auditory_direction,28,0.8410428931875525,1.0351297146923724,0.6,0.5484567901234568,-0.05154320987654315
pre,A/RL/AL,auditory_direction,29,0.9057385003558258,1.0351297146923724,0.5857142857142856,0.558641975308642,-0.027072310405643618
pre,A/RL/AL,auditory_direction,30,0.9704341075240992,1.0351297146923724,0.5894179894179894,0.5595679012345679,-0.029850088183421497
pre,A/RL/AL,auditory_direction,31,1.0351297146923724,1.0351297146923724,0.5857142857142856,0.5413580246913581,-0.04435626102292756
pre,A/RL/AL,auditory_direction,32,1.0998253218606455,1.0351297146923724,0.5846560846560847,0.5608024691358025,-0.0238536155202822
pre,A/RL/AL,auditory_direction,33,1.164520929028919,1.0351297146923724,0.5944444444444444,0.5462962962962963,-0.04814814814814816
pre,A/RL/AL,auditory_direction,34,1.229216536197192,1.0351297146923724,0.584126984126984,0.5638888888888889,-0.020238095238095166
pre,A/RL/AL,auditory_direction,35,1.2939121433654657,1.0351297146923724,0.6,0.5462962962962963,-0.0537037037037037
pre,A/RL/AL,auditory_direction,36,1.3586077505337386,1.0351297146923724,0.5857142857142856,0.5435185185185185,-0.04219576719576712
pre,A/RL/AL,auditory_direction,37,1.423303357702012,1.0351297146923724,0.5785714285714285,0.5580246913580247,-0.020546737213403832
pre,A/RL/AL,auditory_direction,38,1.4879989648702852,1.0351297146923724,0.5706349206349206,0.5453703703703704,-0.025264550264550212
pre,A/RL/AL,auditory_direction,39,1.5526945720385583,1.0351297146923724,0.5658730158730159,0.5429012345679013,-0.02297178130511457
pre,A/RL/AL,auditory_direction,40,1.6173901792068317,1.0351297146923724,0.5796296296296296,0.537037037037037,-0.042592592592592626
pre,A/RL/AL,auditory_direction,41,1.682085786375105,1.0351297146923724,0.5761904761904761,0.5425925925925926,-0.033597883597883516
pre,A/RL/AL,auditory_direction,42,1.7467813935433782,1.0351297146923724,0.5687830687830688,0.5222222222222223,-0.04656084656084658
pre,A/RL/AL,auditory_direction,43,1.8114770007116516,1.0351297146923724,0.5603174603174603,0.5373456790123456,-0.02297178130511468
pre,A/RL/AL,auditory_direction,44,1.8761726078799248,1.0351297146923724,0.5753968253968254,0.5228395061728395,-0.05255731922398588
pre,A/RL/AL,auditory_direction,45,1.9408682150481984,1.0351297146923724,0.5417989417989418,0.533641975308642,-0.008156966490299844
pre,A/RL/AL,auditory_direction,46,2.0055638222164713,1.0351297146923724,0.5507936507936508,0.5277777777777778,-0.023015873015873045
pre,A/RL/AL,congruency,0,-0.9704341075240992,1.0351297146923724,0.490079365079365,0.5347222222222222,0.044642857142857206
pre,A/RL/AL,congruency,1,-0.9057385003558258,1.0351297146923724,0.4936507936507937,0.4981481481481482,0.0044973544973545
pre,A/RL/AL,congruency,2,-0.8410428931875525,1.0351297146923724,0.5023809523809524,0.4870370370370371,-0.015343915343915271
pre,A/RL/AL,congruency,3,-0.7763472860192793,1.0351297146923724,0.4928571428571429,0.5138888888888888,0.021031746031745957
pre,A/RL/AL,congruency,4,-0.711651678851006,1.0351297146923724,0.4746031746031746,0.5106481481481482,0.0360449735449736
pre,A/RL/AL,congruency,5,-0.6469560716827327,1.0351297146923724,0.494047619047619,0.4796296296296296,-0.01441798941798944
pre,A/RL/AL,congruency,6,-0.5822604645144595,1.0351297146923724,0.5031746031746032,0.5037037037037038,0.0005291005291006012
pre,A/RL/AL,congruency,7,-0.5175648573461862,1.0351297146923724,0.5146825396825397,0.5013888888888889,-0.013293650793650857
pre,A/RL/AL,congruency,8,-0.4528692501779129,1.0351297146923724,0.5095238095238095,0.4958333333333333,-0.013690476190476197
pre,A/RL/AL,congruency,9,-0.3881736430096396,1.0351297146923724,0.478968253968254,0.5083333333333333,0.029365079365079316
pre,A/RL/AL,congruency,10,-0.3234780358413663,1.0351297146923724,0.5015873015873016,0.486574074074074,-0.01501322751322759
pre,A/RL/AL,congruency,11,-0.2587824286730931,1.0351297146923724,0.5107142857142858,0.5097222222222223,-0.0009920634920634885
pre,A/RL/AL,congruency,12,-0.1940868215048198,1.0351297146923724,0.5015873015873016,0.524074074074074,0.022486772486772444
pre,A/RL/AL,congruency,13,-0.1293912143365465,1.0351297146923724,0.501984126984127,0.5157407407407407,0.013756613756613745
pre,A/RL/AL,congruency,14,-0.0646956071682732,1.0351297146923724,0.5063492063492063,0.4912037037037036,-0.01514550264550274
pre,A/RL/AL,congruency,15,0.0,1.0351297146923724,0.4956349206349206,0.4962962962962963,0.000661375661375696
pre,A/RL/AL,congruency,16,0.0646956071682732,1.0351297146923724,0.4781746031746032,0.5101851851851852,0.03201058201058199
pre,A/RL/AL,congruency,17,0.1293912143365465,1.0351297146923724,0.5063492063492064,0.4930555555555556,-0.013293650793650857
pre,A/RL/AL,congruency,18,0.1940868215048198,1.0351297146923724,0.5170634920634921,0.5027777777777778,-0.014285714285714346
pre,A/RL/AL,congruency,19,0.2587824286730931,1.0351297146923724,0.4988095238095238,0.4833333333333334,-0.015476190476190421
pre,A/RL/AL,congruency,20,0.3234780358413663,1.0351297146923724,0.4892857142857142,0.5078703703703703,0.018584656084656093
pre,A/RL/AL,congruency,21,0.3881736430096396,1.0351297146923724,0.484920634920635,0.4935185185185184,0.008597883597883438
pre,A/RL/AL,congruency,22,0.4528692501779129,1.0351297146923724,0.5087301587301587,0.5212962962962963,0.012566137566137559
pre,A/RL/AL,congruency,23,0.5175648573461862,1.0351297146923724,0.5067460317460317,0.4842592592592592,-0.0224867724867725
pre,A/RL/AL,congruency,24,0.5822604645144595,1.0351297146923724,0.4948412698412698,0.499074074074074,0.004232804232804199
pre,A/RL/AL,congruency,25,0.6469560716827327,1.0351297146923724,0.5075396825396825,0.4842592592592592,-0.02328042328042329
pre,A/RL/AL,congruency,26,0.711651678851006,1.0351297146923724,0.5027777777777779,0.4949074074074074,-0.007870370370370472
pre,A/RL/AL,congruency,27,0.7763472860192793,1.0351297146923724,0.494047619047619,0.5027777777777778,0.008730158730158755
pre,A/RL/AL,congruency,28,0.8410428931875525,1.0351297146923724,0.5015873015873016,0.4958333333333333,-0.005753968253968289
pre,A/RL/AL,congruency,29,0.9057385003558258,1.0351297146923724,0.4952380952380952,0.5055555555555555,0.010317460317460336
pre,A/RL/AL,congruency,30,0.9704341075240992,1.0351297146923724,0.4912698412698413,0.5212962962962963,0.030026455026454957
pre,A/RL/AL,congruency,31,1.0351297146923724,1.0351297146923724,0.4805555555555555,0.5064814814814815,0.02592592592592602
pre,A/RL/AL,congruency,32,1.0998253218606455,1.0351297146923724,0.4757936507936508,0.5083333333333334,0.03253968253968259
pre,A/RL/AL,congruency,33,1.164520929028919,1.0351297146923724,0.4896825396825397,0.5375000000000001,0.04781746031746037
pre,A/RL/AL,congruency,34,1.229216536197192,1.0351297146923724,0.490079365079365,0.5111111111111112,0.02103174603174618
pre,A/RL/AL,congruency,35,1.2939121433654657,1.0351297146923724,0.501984126984127,0.5175925925925926,0.015608465608465627
pre,A/RL/AL,congruency,36,1.3586077505337386,1.0351297146923724,0.503968253968254,0.5212962962962963,0.017328042328042303
pre,A/RL/AL,congruency,37,1.423303357702012,1.0351297146923724,0.4976190476190476,0.5064814814814814,0.008862433862433794
pre,A/RL/AL,congruency,38,1.4879989648702852,1.0351297146923724,0.4956349206349206,0.5087962962962963,0.013161375661375707
pre,A/RL/AL,congruency,39,1.5526945720385583,1.0351297146923724,0.5007936507936508,0.5115740740740741,0.010780423280423279
pre,A/RL/AL,congruency,40,1.6173901792068317,1.0351297146923724,0.5158730158730159,0.5092592592592593,-0.006613756613756627
pre,A/RL/AL,congruency,41,1.682085786375105,1.0351297146923724,0.5079365079365079,0.5092592592592593,0.001322751322751392
pre,A/RL/AL,congruency,42,1.7467813935433782,1.0351297146923724,0.4916666666666666,0.5236111111111111,0.03194444444444455
pre,A/RL/AL,congruency,43,1.8114770007116516,1.0351297146923724,0.5103174603174603,0.4986111111111111,-0.011706349206349165
pre,A/RL/AL,congruency,44,1.8761726078799248,1.0351297146923724,0.4972222222222222,0.5101851851851852,0.01296296296296301
pre,A/RL/AL,congruency,45,1.9408682150481984,1.0351297146923724,0.5134920634920636,0.5013888888888889,-0.012103174603174671
pre,A/RL/AL,congruency,46,2.0055638222164713,1.0351297146923724,0.490079365079365,0.4699074074074074,-0.02017195767195762
pre,A/RL/AL,modality,0,-0.9704341075240992,1.0351297146923724,0.3374338624338624,0.3351851851851852,-0.002248677248677222
pre,A/RL/AL,modality,1,-0.9057385003558258,1.0351297146923724,0.3304232804232804,0.345216049382716,0.014792768959435598
pre,A/RL/AL,modality,2,-0.8410428931875525,1.0351297146923724,0.3394179894179894,0.3462962962962962,0.006878306878306817
pre,A/RL/AL,modality,3,-0.7763472860192793,1.0351297146923724,0.3355820105820105,0.3239197530864197,-0.0116622574955908
pre,A/RL/AL,modality,4,-0.711651678851006,1.0351297146923724,0.3322751322751323,0.3279320987654321,-0.004343033509700167
pre,A/RL/AL,modality,5,-0.6469560716827327,1.0351297146923724,0.3367724867724868,0.3438271604938271,0.007054673721340332
pre,A/RL/AL,modality,6,-0.5822604645144595,1.0351297146923724,0.3338624338624338,0.3333333333333333,-0.0005291005291004902
pre,A/RL/AL,modality,7,-0.5175648573461862,1.0351297146923724,0.3272486772486772,0.3387345679012346,0.011485890652557396
pre,A/RL/AL,modality,8,-0.4528692501779129,1.0351297146923724,0.3427248677248677,0.3316358024691357,-0.011089065255732
pre,A/RL/AL,modality,9,-0.3881736430096396,1.0351297146923724,0.3255291005291005,0.3339506172839506,0.008421516754850089
pre,A/RL/AL,modality,10,-0.3234780358413663,1.0351297146923724,0.3353174603174603,0.3351851851851852,-0.0001322751322750948
pre,A/RL/AL,modality,11,-0.2587824286730931,1.0351297146923724,0.3342592592592592,0.3371913580246913,0.0029320987654321007
pre,A/RL/AL,modality,12,-0.1940868215048198,1.0351297146923724,0.342063492063492,0.3310185185185185,-0.011044973544973524
pre,A/RL/AL,modality,13,-0.1293912143365465,1.0351297146923724,0.332936507936508,0.3396604938271605,0.00672398589065254
pre,A/RL/AL,modality,14,-0.0646956071682732,1.0351297146923724,0.3284391534391534,0.3472222222222222,0.01878306878306879
pre,A/RL/AL,modality,15,0.0,1.0351297146923724,0.3445767195767196,0.3489197530864198,0.004343033509700223
pre,A/RL/AL,modality,16,0.0646956071682732,1.0351297146923724,0.3373015873015873,0.3558641975308642,0.018562610229276855
pre,A/RL/AL,modality,17,0.1293912143365465,1.0351297146923724,0.3362433862433862,0.361574074074074,0.025330687830687815
pre,A/RL/AL,modality,18,0.1940868215048198,1.0351297146923724,0.3648148148148148,0.4462962962962962,0.08148148148148138
pre,A/RL/AL,modality,19,0.2587824286730931,1.0351297146923724,0.4915343915343915,0.6131172839506173,0.12158289241622577
pre,A/RL/AL,modality,20,0.3234780358413663,1.0351297146923724,0.5134920634920634,0.6410493827160494,0.12755731922398594
pre,A/RL/AL,modality,21,0.3881736430096396,1.0351297146923724,0.5297619047619048,0.6665123456790124,0.13675044091710764
pre,A/RL/AL,modality,22,0.4528692501779129,1.0351297146923724,0.5644179894179894,0.6932098765432099,0.1287918871252205
pre,A/RL/AL,modality,23,0.5175648573461862,1.0351297146923724,0.5933862433862434,0.716358024691358,0.12297178130511466
pre,A/RL/AL,modality,24,0.5822604645144595,1.0351297146923724,0.5830687830687831,0.7296296296296295,0.14656084656084645
pre,A/RL/AL,modality,25,0.6469560716827327,1.0351297146923724,0.5928571428571429,0.7407407407407408,0.14788359788359795
pre,A/RL/AL,modality,26,0.711651678851006,1.0351297146923724,0.6031746031746031,0.7337962962962963,0.13062169312169314
pre,A/RL/AL,modality,27,0.7763472860192793,1.0351297146923724,0.6044973544973544,0.7550925925925926,0.15059523809523823
pre,A/RL/AL,modality,28,0.8410428931875525,1.0351297146923724,0.6121693121693121,0.7567901234567902,0.14462081128747806
pre,A/RL/AL,modality,29,0.9057385003558258,1.0351297146923724,0.620899470899471,0.7526234567901234,0.13172398589065248
pre,A/RL/AL,modality,30,0.9704341075240992,1.0351297146923724,0.6146825396825397,0.7398148148148148,0.1251322751322751
pre,A/RL/AL,modality,31,1.0351297146923724,1.0351297146923724,0.6321428571428571,0.7501543209876543,0.11801146384479722
pre,A/RL/AL,modality,32,1.0998253218606455,1.0351297146923724,0.6207671957671957,0.733179012345679,0.1124118165784832
pre,A/RL/AL,modality,33,1.164520929028919,1.0351297146923724,0.6312169312169312,0.7316358024691358,0.10041887125220461
pre,A/RL/AL,modality,34,1.229216536197192,1.0351297146923724,0.6407407407407407,0.7320987654320987,0.09135802469135801
pre,A/RL/AL,modality,35,1.2939121433654657,1.0351297146923724,0.6337301587301587,0.7348765432098766,0.10114638447971791
pre,A/RL/AL,modality,36,1.3586077505337386,1.0351297146923724,0.6252645502645503,0.7151234567901233,0.08985890652557305
pre,A/RL/AL,modality,37,1.423303357702012,1.0351297146923724,0.6108465608465609,0.7239197530864198,0.1130731922398589
pre,A/RL/AL,modality,38,1.4879989648702852,1.0351297146923724,0.6078042328042328,0.7024691358024692,0.09466490299823638
pre,A/RL/AL,modality,39,1.5526945720385583,1.0351297146923724,0.6011904761904762,0.6936728395061729,0.0924823633156967
pre,A/RL/AL,modality,40,1.6173901792068317,1.0351297146923724,0.5943121693121692,0.6848765432098766,0.09056437389770733
pre,A/RL/AL,modality,41,1.682085786375105,1.0351297146923724,0.5835978835978836,0.6688271604938271,0.0852292768959435
pre,A/RL/AL,modality,42,1.7467813935433782,1.0351297146923724,0.5671957671957671,0.6618827160493828,0.09468694885361562
pre,A/RL/AL,modality,43,1.8114770007116516,1.0351297146923724,0.5656084656084656,0.6481481481481481,0.08253968253968258
pre,A/RL/AL,modality,44,1.8761726078799248,1.0351297146923724,0.5555555555555556,0.634104938271605,0.07854938271604939
pre,A/RL/AL,modality,45,1.9408682150481984,1.0351297146923724,0.5502645502645502,0.6297839506172839,0.07951940035273364
pre,A/RL/AL,modality,46,2.0055638222164713,1.0351297146923724,0.5215608465608466,0.5992283950617284,0.07766754850088187
pre,A/RL/AL,trial_type,0,-0.9704341075240992,1.0351297146923724,0.1303571428571428,0.1150462962962962,-0.015310846560846608
pre,A/RL/AL,trial_type,1,-0.9057385003558258,1.0351297146923724,0.1255952380952381,0.1372685185185185,0.011673280423280419
pre,A/RL/AL,trial_type,2,-0.8410428931875525,1.0351297146923724,0.1194444444444444,0.1280092592592592,0.008564814814814817
pre,A/RL/AL,trial_type,3,-0.7763472860192793,1.0351297146923724,0.1236111111111111,0.13125,0.007638888888888903
pre,A/RL/AL,trial_type,4,-0.711651678851006,1.0351297146923724,0.1222222222222222,0.1261574074074074,0.003935185185185208
pre,A/RL/AL,trial_type,5,-0.6469560716827327,1.0351297146923724,0.125,0.1300925925925926,0.005092592592592593
pre,A/RL/AL,trial_type,6,-0.5822604645144595,1.0351297146923724,0.1277777777777777,0.1259259259259259,-0.001851851851851799
pre,A/RL/AL,trial_type,7,-0.5175648573461862,1.0351297146923724,0.1271825396825396,0.1344907407407407,0.007308201058201097
pre,A/RL/AL,trial_type,8,-0.4528692501779129,1.0351297146923724,0.1253968253968254,0.1212962962962962,-0.004100529100529202
pre,A/RL/AL,trial_type,9,-0.3881736430096396,1.0351297146923724,0.1144841269841269,0.1293981481481481,0.014914021164021199
pre,A/RL/AL,trial_type,10,-0.3234780358413663,1.0351297146923724,0.1186507936507936,0.1298611111111111,0.01121031746031749
pre,A/RL/AL,trial_type,11,-0.2587824286730931,1.0351297146923724,0.1228174603174603,0.1317129629629629,0.008895502645502595
pre,A/RL/AL,trial_type,12,-0.1940868215048198,1.0351297146923724,0.1281746031746031,0.1231481481481481,-0.005026455026455004
pre,A/RL/AL,trial_type,13,-0.1293912143365465,1.0351297146923724,0.1287698412698412,0.1206018518518518,-0.008167989417989407
pre,A/RL/AL,trial_type,14,-0.0646956071682732,1.0351297146923724,0.127579365079365,0.1328703703703704,0.005291005291005402
pre,A/RL/AL,trial_type,15,0.0,1.0351297146923724,0.1220238095238095,0.1344907407407407,0.012466931216931182
pre,A/RL/AL,trial_type,16,0.0646956071682732,1.0351297146923724,0.1188492063492063,0.130324074074074,0.011474867724867707
pre,A/RL/AL,trial_type,17,0.1293912143365465,1.0351297146923724,0.1279761904761904,0.1381944444444444,0.010218253968253987
pre,A/RL/AL,trial_type,18,0.1940868215048198,1.0351297146923724,0.1547619047619047,0.1724537037037037,0.01769179894179898
pre,A/RL/AL,trial_type,19,0.2587824286730931,1.0351297146923724,0.2285714285714286,0.2831018518518518,0.054530423280423235
pre,A/RL/AL,trial_type,20,0.3234780358413663,1.0351297146923724,0.2799603174603174,0.361574074074074,0.08161375661375658
pre,A/RL/AL,trial_type,21,0.3881736430096396,1.0351297146923724,0.2944444444444444,0.4046296296296296,0.11018518518518522
pre,A/RL/AL,trial_type,22,0.4528692501779129,1.0351297146923724,0.3341269841269841,0.4418981481481481,0.10777116402116399
pre,A/RL/AL,trial_type,23,0.5175648573461862,1.0351297146923724,0.3553571428571428,0.4587962962962963,0.1034391534391535
pre,A/RL/AL,trial_type,24,0.5822604645144595,1.0351297146923724,0.3507936507936508,0.4583333333333333,0.10753968253968249
pre,A/RL/AL,trial_type,25,0.6469560716827327,1.0351297146923724,0.3521825396825396,0.4483796296296296,0.09619708994708998
pre,A/RL/AL,trial_type,26,0.711651678851006,1.0351297146923724,0.3615079365079365,0.455324074074074,0.09381613756613749
pre,A/RL/AL,trial_type,27,0.7763472860192793,1.0351297146923724,0.3513888888888888,0.4527777777777778,0.10138888888888897
pre,A/RL/AL,trial_type,28,0.8410428931875525,1.0351297146923724,0.3515873015873015,0.4347222222222222,0.08313492063492067
pre,A/RL/AL,trial_type,29,0.9057385003558258,1.0351297146923724,0.346031746031746,0.4405092592592592,0.09447751322751319
pre,A/RL/AL,trial_type,30,0.9704341075240992,1.0351297146923724,0.3327380952380952,0.4391203703703704,0.10638227513227516
pre,A/RL/AL,trial_type,31,1.0351297146923724,1.0351297146923724,0.3484126984126984,0.4391203703703704,0.09070767195767199
pre,A/RL/AL,trial_type,32,1.0998253218606455,1.0351297146923724,0.3345238095238095,0.4497685185185185,0.11524470899470901
pre,A/RL/AL,trial_type,33,1.164520929028919,1.0351297146923724,0.354563492063492,0.4416666666666667,0.08710317460317468
pre,A/RL/AL,trial_type,34,1.229216536197192,1.0351297146923724,0.35,0.4358796296296297,0.0858796296296297
pre,A/RL/AL,trial_type,35,1.2939121433654657,1.0351297146923724,0.3543650793650794,0.4180555555555555,0.06369047619047613
pre,A/RL/AL,trial_type,36,1.3586077505337386,1.0351297146923724,0.3329365079365079,0.4134259259259259,0.080489417989418
pre,A/RL/AL,trial_type,37,1.423303357702012,1.0351297146923724,0.3359126984126984,0.3990740740740741,0.0631613756613757
pre,A/RL/AL,trial_type,38,1.4879989648702852,1.0351297146923724,0.3375,0.3956018518518518,0.05810185185185179
pre,A/RL/AL,trial_type,39,1.5526945720385583,1.0351297146923724,0.3347222222222222,0.3814814814814815,0.04675925925925928
pre,A/RL/AL,trial_type,40,1.6173901792068317,1.0351297146923724,0.3281746031746032,0.3675925925925926,0.03941798941798941
pre,A/RL/AL,trial_type,41,1.682085786375105,1.0351297146923724,0.3115079365079364,0.3423611111111111,0.030853174603174716
pre,A/RL/AL,trial_type,42,1.7467813935433782,1.0351297146923724,0.3121031746031746,0.3462962962962962,0.03419312169312161
pre,A/RL/AL,trial_type,43,1.8114770007116516,1.0351297146923724,0.3017857142857142,0.3203703703703703,0.018584656084656093
pre,A/RL/AL,trial_type,44,1.8761726078799248,1.0351297146923724,0.3019841269841269,0.3203703703703703,0.018386243386243395
pre,A/RL/AL,trial_type,45,1.9408682150481984,1.0351297146923724,0.2839285714285714,0.3016203703703703,0.017691798941798897
pre,A/RL/AL,trial_type,46,2.0055638222164713,1.0351297146923724,0.2734126984126984,0.2953703703703704,0.02195767195767201
pre,A/RL/AL,visual_direction,0,-0.9704341075240992,1.0351297146923724,0.4828042328042328,0.525,0.04219576719576723
pre,A/RL/AL,visual_direction,1,-0.9057385003558258,1.0351297146923724,0.502910052910053,0.5135802469135803,0.010670194003527311
pre,A/RL/AL,visual_direction,2,-0.8410428931875525,1.0351297146923724,0.5042328042328043,0.5064814814814814,0.0022486772486771667
pre,A/RL/AL,visual_direction,3,-0.7763472860192793,1.0351297146923724,0.502910052910053,0.5197530864197532,0.016843033509700178
pre,A/RL/AL,visual_direction,4,-0.711651678851006,1.0351297146923724,0.4994708994708994,0.5104938271604939,0.011022927689594453
pre,A/RL/AL,visual_direction,5,-0.6469560716827327,1.0351297146923724,0.501058201058201,0.4962962962962963,-0.0047619047619046895
pre,A/RL/AL,visual_direction,6,-0.5822604645144595,1.0351297146923724,0.5124338624338625,0.5126543209876543,0.00022045855379182466
pre,A/RL/AL,visual_direction,7,-0.5175648573461862,1.0351297146923724,0.5203703703703704,0.5203703703703704,0.0
pre,A/RL/AL,visual_direction,8,-0.4528692501779129,1.0351297146923724,0.5171957671957672,0.4987654320987654,-0.018430335097001815
pre,A/RL/AL,visual_direction,9,-0.3881736430096396,1.0351297146923724,0.48994708994709,0.5145061728395062,0.02455908289241615
pre,A/RL/AL,visual_direction,10,-0.3234780358413663,1.0351297146923724,0.5052910052910053,0.5126543209876543,0.007363315696648942
pre,A/RL/AL,visual_direction,11,-0.2587824286730931,1.0351297146923724,0.494973544973545,0.5188271604938272,0.023853615520282145
pre,A/RL/AL,visual_direction,12,-0.1940868215048198,1.0351297146923724,0.4904761904761905,0.5098765432098765,0.01940035273368601
pre,A/RL/AL,visual_direction,13,-0.1293912143365465,1.0351297146923724,0.4923280423280424,0.4984567901234567,0.00612874779541428
pre,A/RL/AL,visual_direction,14,-0.0646956071682732,1.0351297146923724,0.5161375661375661,0.524074074074074,0.007936507936507908
pre,A/RL/AL,visual_direction,15,0.0,1.0351297146923724,0.5044973544973544,0.5040123456790123,-0.0004850088183421253
pre,A/RL/AL,visual_direction,16,0.0646956071682732,1.0351297146923724,0.5023809523809524,0.491358024691358,-0.011022927689594397
pre,A/RL/AL,visual_direction,17,0.1293912143365465,1.0351297146923724,0.4970899470899471,0.4922839506172839,-0.004805996472663165
pre,A/RL/AL,visual_direction,18,0.1940868215048198,1.0351297146923724,0.5126984126984127,0.5108024691358025,-0.0018959435626101362
pre,A/RL/AL,visual_direction,19,0.2587824286730931,1.0351297146923724,0.5626984126984127,0.6651234567901234,0.10242504409171072
pre,A/RL/AL,visual_direction,20,0.3234780358413663,1.0351297146923724,0.6603174603174603,0.7885802469135803,0.12826278659612
pre,A/RL/AL,visual_direction,21,0.3881736430096396,1.0351297146923724,0.6981481481481481,0.869753086419753,0.17160493827160495
pre,A/RL/AL,visual_direction,22,0.4528692501779129,1.0351297146923724,0.7357142857142858,0.9117283950617284,0.17601410934744266
pre,A/RL/AL,visual_direction,23,0.5175648573461862,1.0351297146923724,0.7452380952380953,0.9290123456790124,0.1837742504409171
pre,A/RL/AL,visual_direction,24,0.5822604645144595,1.0351297146923724,0.7346560846560847,0.9351851851851852,0.20052910052910056
pre,A/RL/AL,visual_direction,25,0.6469560716827327,1.0351297146923724,0.7417989417989419,0.9222222222222222,0.18042328042328026
pre,A/RL/AL,visual_direction,26,0.711651678851006,1.0351297146923724,0.7410052910052911,0.9046296296296296,0.16362433862433845
pre,A/RL/AL,visual_direction,27,0.7763472860192793,1.0351297146923724,0.7288359788359788,0.8950617283950617,0.16622574955908287
pre,A/RL/AL,visual_direction,28,0.8410428931875525,1.0351297146923724,0.7251322751322752,0.8864197530864198,0.16128747795414466
pre,A/RL/AL,visual_direction,29,0.9057385003558258,1.0351297146923724,0.7158730158730159,0.8836419753086421,0.1677689594356262
pre,A/RL/AL,visual_direction,30,0.9704341075240992,1.0351297146923724,0.710846560846561,0.9003086419753087,0.18946208112874774
pre,A/RL/AL,visual_direction,31,1.0351297146923724,1.0351297146923724,0.7100529100529102,0.9098765432098764,0.19982363315696627
pre,A/RL/AL,visual_direction,32,1.0998253218606455,1.0351297146923724,0.7261904761904762,0.9200617283950616,0.19387125220458545
pre,A/RL/AL,visual_direction,33,1.164520929028919,1.0351297146923724,0.7198412698412698,0.915432098765432,0.19559082892416213
pre,A/RL/AL,visual_direction,34,1.229216536197192,1.0351297146923724,0.728042328042328,0.9003086419753087,0.17226631393298064
pre,A/RL/AL,visual_direction,35,1.2939121433654657,1.0351297146923724,0.72010582010582,0.884567901234568,0.16446208112874794
pre,A/RL/AL,visual_direction,36,1.3586077505337386,1.0351297146923724,0.7111111111111111,0.8753086419753088,0.16419753086419764
pre,A/RL/AL,visual_direction,37,1.423303357702012,1.0351297146923724,0.7063492063492064,0.8570987654320987,0.15074955908289234
pre,A/RL/AL,visual_direction,38,1.4879989648702852,1.0351297146923724,0.7079365079365079,0.8546296296296297,0.14669312169312188
pre,A/RL/AL,visual_direction,39,1.5526945720385583,1.0351297146923724,0.7148148148148149,0.8231481481481482,0.10833333333333328
pre,A/RL/AL,visual_direction,40,1.6173901792068317,1.0351297146923724,0.7042328042328043,0.825925925925926,0.12169312169312163
pre,A/RL/AL,visual_direction,41,1.682085786375105,1.0351297146923724,0.7066137566137566,0.8003086419753086,0.09369488536155202
pre,A/RL/AL,visual_direction,42,1.7467813935433782,1.0351297146923724,0.6957671957671957,0.7777777777777778,0.08201058201058209
pre,A/RL/AL,visual_direction,43,1.8114770007116516,1.0351297146923724,0.683068783068783,0.7845679012345679,0.10149911816578483
pre,A/RL/AL,visual_direction,44,1.8761726078799248,1.0351297146923724,0.6788359788359788,0.7567901234567902,0.0779541446208114
pre,A/RL/AL,visual_direction,45,1.9408682150481984,1.0351297146923724,0.6798941798941799,0.755246913580247,0.0753527336860671
pre,A/RL/AL,visual_direction,46,2.0055638222164713,1.0351297146923724,0.6732804232804233,0.7466049382716049,0.07332451499118164
pre,LM,auditory_direction,0,-0.9704341075240992,1.0351297146923724,0.4712962962962963,0.4907407407407407,0.019444444444444375
pre,LM,auditory_direction,1,-0.9057385003558258,1.0351297146923724,0.5101851851851851,0.5333333333333333,0.02314814814814825
pre,LM,auditory_direction,2,-0.8410428931875525,1.0351297146923724,0.4833333333333334,0.4574074074074074,-0.02592592592592602
pre,LM,auditory_direction,3,-0.7763472860192793,1.0351297146923724,0.5138888888888888,0.5388888888888889,0.025000000000000022
pre,LM,auditory_direction,4,-0.711651678851006,1.0351297146923724,0.5222222222222223,0.5,-0.022222222222222254
pre,LM,auditory_direction,5,-0.6469560716827327,1.0351297146923724,0.5,0.5,0.0
pre,LM,auditory_direction,6,-0.5822604645144595,1.0351297146923724,0.5083333333333333,0.4777777777777777,-0.030555555555555614
pre,LM,auditory_direction,7,-0.5175648573461862,1.0351297146923724,0.5083333333333333,0.4833333333333334,-0.02499999999999991
pre,LM,auditory_direction,8,-0.4528692501779129,1.0351297146923724,0.5111111111111111,0.4703703703703704,-0.04074074074074069
pre,LM,auditory_direction,9,-0.3881736430096396,1.0351297146923724,0.5120370370370371,0.5185185185185185,0.0064814814814814214
pre,LM,auditory_direction,10,-0.3234780358413663,1.0351297146923724,0.5185185185185185,0.5037037037037038,-0.014814814814814725
pre,LM,auditory_direction,11,-0.2587824286730931,1.0351297146923724,0.5157407407407407,0.5092592592592593,-0.0064814814814814214
pre,LM,auditory_direction,12,-0.1940868215048198,1.0351297146923724,0.5194444444444445,0.5,-0.019444444444444486
pre,LM,auditory_direction,13,-0.1293912143365465,1.0351297146923724,0.5351851851851852,0.5,-0.03518518518518521
pre,LM,auditory_direction,14,-0.0646956071682732,1.0351297146923724,0.4972222222222222,0.5166666666666666,0.01944444444444443
pre,LM,auditory_direction,15,0.0,1.0351297146923724,0.4842592592592593,0.5037037037037038,0.019444444444444486
pre,LM,auditory_direction,16,0.0646956071682732,1.0351297146923724,0.5055555555555555,0.4925925925925926,-0.012962962962962954
pre,LM,auditory_direction,17,0.1293912143365465,1.0351297146923724,0.5444444444444445,0.5203703703703704,-0.024074074074074137
pre,LM,auditory_direction,18,0.1940868215048198,1.0351297146923724,0.4842592592592593,0.5,0.015740740740740722
pre,LM,auditory_direction,19,0.2587824286730931,1.0351297146923724,0.499074074074074,0.474074074074074,-0.025000000000000022
pre,LM,auditory_direction,20,0.3234780358413663,1.0351297146923724,0.5,0.5277777777777778,0.02777777777777779
pre,LM,auditory_direction,21,0.3881736430096396,1.0351297146923724,0.4907407407407407,0.5185185185185185,0.02777777777777779
pre,LM,auditory_direction,22,0.4528692501779129,1.0351297146923724,0.5037037037037038,0.4907407407407406,-0.012962962962963176
pre,LM,auditory_direction,23,0.5175648573461862,1.0351297146923724,0.5018518518518519,0.5314814814814814,0.02962962962962956
pre,LM,auditory_direction,24,0.5822604645144595,1.0351297146923724,0.5342592592592592,0.487037037037037,-0.04722222222222222
pre,LM,auditory_direction,25,0.6469560716827327,1.0351297146923724,0.487037037037037,0.5555555555555556,0.06851851851851859
pre,LM,auditory_direction,26,0.711651678851006,1.0351297146923724,0.4925925925925926,0.5,0.007407407407407418
pre,LM,auditory_direction,27,0.7763472860192793,1.0351297146923724,0.5092592592592592,0.5203703703703704,0.011111111111111183
pre,LM,auditory_direction,28,0.8410428931875525,1.0351297146923724,0.4935185185185185,0.5074074074074074,0.013888888888888895
pre,LM,auditory_direction,29,0.9057385003558258,1.0351297146923724,0.4962962962962963,0.4592592592592592,-0.03703703703703709
pre,LM,auditory_direction,30,0.9704341075240992,1.0351297146923724,0.5157407407407408,0.487037037037037,-0.028703703703703842
pre,LM,auditory_direction,31,1.0351297146923724,1.0351297146923724,0.5120370370370371,0.4888888888888889,-0.023148148148148195
pre,LM,auditory_direction,32,1.0998253218606455,1.0351297146923724,0.5138888888888888,0.512962962962963,-0.0009259259259258856
pre,LM,auditory_direction,33,1.164520929028919,1.0351297146923724,0.5351851851851852,0.4537037037037037,-0.08148148148148149
pre,LM,auditory_direction,34,1.229216536197192,1.0351297146923724,0.512962962962963,0.5277777777777778,0.014814814814814836
pre,LM,auditory_direction,35,1.2939121433654657,1.0351297146923724,0.5287037037037037,0.5166666666666667,-0.012037037037036957
pre,LM,auditory_direction,36,1.3586077505337386,1.0351297146923724,0.5296296296296297,0.548148148148148,0.01851851851851838
pre,LM,auditory_direction,37,1.423303357702012,1.0351297146923724,0.4925925925925926,0.524074074074074,0.031481481481481444
pre,LM,auditory_direction,38,1.4879989648702852,1.0351297146923724,0.4861111111111111,0.5,0.013888888888888895
pre,LM,auditory_direction,39,1.5526945720385583,1.0351297146923724,0.4972222222222223,0.5055555555555555,0.008333333333333248
pre,LM,auditory_direction,40,1.6173901792068317,1.0351297146923724,0.512962962962963,0.5314814814814816,0.0185185185185186
pre,LM,auditory_direction,41,1.682085786375105,1.0351297146923724,0.513888888888889,0.5370370370370371,0.02314814814814814
pre,LM,auditory_direction,42,1.7467813935433782,1.0351297146923724,0.5,0.45,-0.04999999999999999
pre,LM,auditory_direction,43,1.8114770007116516,1.0351297146923724,0.5444444444444444,0.4962962962962963,-0.04814814814814811
pre,LM,auditory_direction,44,1.8761726078799248,1.0351297146923724,0.4861111111111111,0.5,0.013888888888888895
pre,LM,auditory_direction,45,1.9408682150481984,1.0351297146923724,0.5194444444444444,0.5092592592592592,-0.010185185185185186
pre,LM,auditory_direction,46,2.0055638222164713,1.0351297146923724,0.5120370370370371,0.4888888888888889,-0.023148148148148195
pre,LM,congruency,0,-0.9704341075240992,1.0351297146923724,0.5277777777777778,0.5583333333333333,0.030555555555555558
pre,LM,congruency,1,-0.9057385003558258,1.0351297146923724,0.526388888888889,0.5166666666666666,-0.00972222222222241
pre,LM,congruency,2,-0.8410428931875525,1.0351297146923724,0.475,0.5638888888888889,0.0888888888888889
pre,LM,congruency,3,-0.7763472860192793,1.0351297146923724,0.4902777777777778,0.5,0.009722222222222188
pre,LM,congruency,4,-0.711651678851006,1.0351297146923724,0.5138888888888888,0.4944444444444444,-0.01944444444444443
pre,LM,congruency,5,-0.6469560716827327,1.0351297146923724,0.4944444444444444,0.4722222222222222,-0.0222222222222222
pre,LM,congruency,6,-0.5822604645144595,1.0351297146923724,0.5041666666666667,0.4666666666666667,-0.03749999999999998
pre,LM,congruency,7,-0.5175648573461862,1.0351297146923724,0.5152777777777777,0.4944444444444444,-0.020833333333333315
pre,LM,congruency,8,-0.4528692501779129,1.0351297146923724,0.5041666666666667,0.4638888888888888,-0.04027777777777786
pre,LM,congruency,9,-0.3881736430096396,1.0351297146923724,0.5472222222222223,0.4666666666666666,-0.08055555555555566
pre,LM,congruency,10,-0.3234780358413663,1.0351297146923724,0.4944444444444444,0.5194444444444445,0.025000000000000078
pre,LM,congruency,11,-0.2587824286730931,1.0351297146923724,0.4833333333333333,0.4722222222222223,-0.01111111111111096
pre,LM,congruency,12,-0.1940868215048198,1.0351297146923724,0.4819444444444444,0.4916666666666667,0.009722222222222299
pre,LM,congruency,13,-0.1293912143365465,1.0351297146923724,0.4722222222222222,0.5444444444444445,0.0722222222222223
pre,LM,congruency,14,-0.0646956071682732,1.0351297146923724,0.4861111111111111,0.5,0.013888888888888895
pre,LM,congruency,15,0.0,1.0351297146923724,0.4861111111111111,0.4944444444444444,0.008333333333333304
pre,LM,congruency,16,0.0646956071682732,1.0351297146923724,0.4736111111111111,0.4694444444444444,-0.004166666666666707
pre,LM,congruency,17,0.1293912143365465,1.0351297146923724,0.5055555555555555,0.5166666666666667,0.011111111111111183
pre,LM,congruency,18,0.1940868215048198,1.0351297146923724,0.5069444444444444,0.513888888888889,0.006944444444444531
pre,LM,congruency,19,0.2587824286730931,1.0351297146923724,0.4791666666666667,0.4166666666666667,-0.0625
pre,LM,congruency,20,0.3234780358413663,1.0351297146923724,0.4847222222222222,0.5138888888888888,0.02916666666666662
pre,LM,congruency,21,0.3881736430096396,1.0351297146923724,0.4736111111111111,0.5888888888888889,0.11527777777777781
pre,LM,congruency,22,0.4528692501779129,1.0351297146923724,0.4791666666666666,0.4583333333333333,-0.02083333333333326
pre,LM,congruency,23,0.5175648573461862,1.0351297146923724,0.5013888888888889,0.4666666666666667,-0.03472222222222221
pre,LM,congruency,24,0.5822604645144595,1.0351297146923724,0.5027777777777778,0.4583333333333333,-0.04444444444444445
pre,LM,congruency,25,0.6469560716827327,1.0351297146923724,0.538888888888889,0.4916666666666666,-0.04722222222222239
pre,LM,congruency,26,0.711651678851006,1.0351297146923724,0.4972222222222221,0.4805555555555555,-0.016666666666666607
pre,LM,congruency,27,0.7763472860192793,1.0351297146923724,0.4736111111111112,0.4888888888888888,0.015277777777777612
pre,LM,congruency,28,0.8410428931875525,1.0351297146923724,0.4847222222222221,0.4805555555555555,-0.004166666666666596
pre,LM,congruency,29,0.9057385003558258,1.0351297146923724,0.5013888888888889,0.5083333333333334,0.006944444444444531
pre,LM,congruency,30,0.9704341075240992,1.0351297146923724,0.4777777777777777,0.4638888888888889,-0.013888888888888784
pre,LM,congruency,31,1.0351297146923724,1.0351297146923724,0.4777777777777778,0.5166666666666667,0.03888888888888892
pre,LM,congruency,32,1.0998253218606455,1.0351297146923724,0.4972222222222223,0.4527777777777778,-0.04444444444444451
pre,LM,congruency,33,1.164520929028919,1.0351297146923724,0.5208333333333334,0.4388888888888889,-0.08194444444444449
pre,LM,congruency,34,1.229216536197192,1.0351297146923724,0.4819444444444444,0.5111111111111111,0.029166666666666674
pre,LM,congruency,35,1.2939121433654657,1.0351297146923724,0.4847222222222221,0.486111111111111,0.001388888888888884
pre,LM,congruency,36,1.3586077505337386,1.0351297146923724,0.5277777777777779,0.525,-0.002777777777777879
pre,LM,congruency,37,1.423303357702012,1.0351297146923724,0.4597222222222222,0.4944444444444444,0.03472222222222221
pre,LM,congruency,38,1.4879989648702852,1.0351297146923724,0.4666666666666667,0.475,0.008333333333333304
pre,LM,congruency,39,1.5526945720385583,1.0351297146923724,0.4805555555555555,0.4638888888888889,-0.016666666666666607
pre,LM,congruency,40,1.6173901792068317,1.0351297146923724,0.4583333333333333,0.4416666666666666,-0.01666666666666672
pre,LM,congruency,41,1.682085786375105,1.0351297146923724,0.45,0.475,0.024999999999999967
pre,LM,congruency,42,1.7467813935433782,1.0351297146923724,0.4777777777777777,0.4916666666666666,0.013888888888888895
pre,LM,congruency,43,1.8114770007116516,1.0351297146923724,0.4763888888888888,0.5111111111111111,0.034722222222222265
pre,LM,congruency,44,1.8761726078799248,1.0351297146923724,0.4819444444444444,0.4611111111111111,-0.020833333333333315
pre,LM,congruency,45,1.9408682150481984,1.0351297146923724,0.4722222222222222,0.5055555555555556,0.03333333333333344
pre,LM,congruency,46,2.0055638222164713,1.0351297146923724,0.4638888888888889,0.5055555555555555,0.04166666666666663
pre,LM,modality,0,-0.9704341075240992,1.0351297146923724,0.337037037037037,0.3166666666666666,-0.020370370370370428
pre,LM,modality,1,-0.9057385003558258,1.0351297146923724,0.3259259259259259,0.3277777777777778,0.0018518518518518823
pre,LM,modality,2,-0.8410428931875525,1.0351297146923724,0.3333333333333333,0.3398148148148148,0.006481481481481477
pre,LM,modality,3,-0.7763472860192793,1.0351297146923724,0.3287037037037037,0.3324074074074074,0.0037037037037036535
pre,LM,modality,4,-0.711651678851006,1.0351297146923724,0.3254629629629629,0.3361111111111111,0.010648148148148184
pre,LM,modality,5,-0.6469560716827327,1.0351297146923724,0.3300925925925926,0.3425925925925926,0.012500000000000011
pre,LM,modality,6,-0.5822604645144595,1.0351297146923724,0.3310185185185185,0.3231481481481481,-0.007870370370370416
pre,LM,modality,7,-0.5175648573461862,1.0351297146923724,0.3277777777777778,0.3222222222222222,-0.005555555555555591
pre,LM,modality,8,-0.4528692501779129,1.0351297146923724,0.3398148148148148,0.325,-0.01481481481481478
pre,LM,modality,9,-0.3881736430096396,1.0351297146923724,0.3509259259259259,0.325,-0.025925925925925908
pre,LM,modality,10,-0.3234780358413663,1.0351297146923724,0.3375,0.3305555555555556,-0.00694444444444442
pre,LM,modality,11,-0.2587824286730931,1.0351297146923724,0.3328703703703703,0.3333333333333333,0.0004629629629629983
pre,LM,modality,12,-0.1940868215048198,1.0351297146923724,0.3259259259259259,0.3222222222222222,-0.003703703703703709
pre,LM,modality,13,-0.1293912143365465,1.0351297146923724,0.3398148148148148,0.312962962962963,-0.026851851851851793
pre,LM,modality,14,-0.0646956071682732,1.0351297146923724,0.350462962962963,0.3129629629629629,-0.03750000000000009
pre,LM,modality,15,0.0,1.0351297146923724,0.3296296296296296,0.3185185185185185,-0.011111111111111127
pre,LM,modality,16,0.0646956071682732,1.0351297146923724,0.3282407407407407,0.3527777777777777,0.02453703703703697
pre,LM,modality,17,0.1293912143365465,1.0351297146923724,0.3199074074074074,0.325,0.005092592592592593
pre,LM,modality,18,0.1940868215048198,1.0351297146923724,0.3819444444444444,0.4898148148148148,0.1078703703703704
pre,LM,modality,19,0.2587824286730931,1.0351297146923724,0.4967592592592592,0.6953703703703704,0.19861111111111124
pre,LM,modality,20,0.3234780358413663,1.0351297146923724,0.4712962962962963,0.6666666666666667,0.19537037037037042
pre,LM,modality,21,0.3881736430096396,1.0351297146923724,0.4921296296296296,0.6833333333333333,0.19120370370370376
pre,LM,modality,22,0.4528692501779129,1.0351297146923724,0.4944444444444444,0.662962962962963,0.16851851851851857
pre,LM,modality,23,0.5175648573461862,1.0351297146923724,0.4972222222222222,0.6796296296296297,0.18240740740740752
pre,LM,modality,24,0.5822604645144595,1.0351297146923724,0.513425925925926,0.7314814814814814,0.21805555555555545
pre,LM,modality,25,0.6469560716827327,1.0351297146923724,0.5125,0.7111111111111111,0.19861111111111118
pre,LM,modality,26,0.711651678851006,1.0351297146923724,0.5143518518518518,0.7101851851851851,0.1958333333333333
pre,LM,modality,27,0.7763472860192793,1.0351297146923724,0.5111111111111111,0.7203703703703703,0.20925925925925926
pre,LM,modality,28,0.8410428931875525,1.0351297146923724,0.5180555555555556,0.7138888888888888,0.1958333333333332
pre,LM,modality,29,0.9057385003558258,1.0351297146923724,0.5115740740740741,0.7175925925925927,0.2060185185185186
pre,LM,modality,30,0.9704341075240992,1.0351297146923724,0.5300925925925926,0.7074074074074074,0.17731481481481481
pre,LM,modality,31,1.0351297146923724,1.0351297146923724,0.5185185185185186,0.7462962962962962,0.22777777777777763
pre,LM,modality,32,1.0998253218606455,1.0351297146923724,0.5388888888888889,0.7518518518518519,0.21296296296296302
pre,LM,modality,33,1.164520929028919,1.0351297146923724,0.5388888888888889,0.7166666666666667,0.1777777777777778
pre,LM,modality,34,1.229216536197192,1.0351297146923724,0.525462962962963,0.7138888888888888,0.18842592592592577
pre,LM,modality,35,1.2939121433654657,1.0351297146923724,0.5083333333333333,0.7231481481481481,0.2148148148148148
pre,LM,modality,36,1.3586077505337386,1.0351297146923724,0.5217592592592593,0.7425925925925927,0.22083333333333344
pre,LM,modality,37,1.423303357702012,1.0351297146923724,0.5055555555555555,0.7305555555555556,0.2250000000000001
pre,LM,modality,38,1.4879989648702852,1.0351297146923724,0.5199074074074074,0.7055555555555555,0.18564814814814812
pre,LM,modality,39,1.5526945720385583,1.0351297146923724,0.5208333333333333,0.7037037037037037,0.18287037037037046
pre,LM,modality,40,1.6173901792068317,1.0351297146923724,0.5337962962962963,0.6981481481481481,0.16435185185185175
pre,LM,modality,41,1.682085786375105,1.0351297146923724,0.5162037037037037,0.7092592592592593,0.19305555555555554
pre,LM,modality,42,1.7467813935433782,1.0351297146923724,0.5277777777777778,0.725925925925926,0.19814814814814818
pre,LM,modality,43,1.8114770007116516,1.0351297146923724,0.5064814814814815,0.674074074074074,0.16759259259259252
pre,LM,modality,44,1.8761726078799248,1.0351297146923724,0.5069444444444444,0.6759259259259259,0.1689814814814815
pre,LM,modality,45,1.9408682150481984,1.0351297146923724,0.5046296296296297,0.6805555555555556,0.17592592592592593
pre,LM,modality,46,2.0055638222164713,1.0351297146923724,0.4888888888888889,0.6629629629629629,0.174074074074074
pre,LM,trial_type,0,-0.9704341075240992,1.0351297146923724,0.1277777777777777,0.1458333333333333,0.018055555555555575
pre,LM,trial_type,1,-0.9057385003558258,1.0351297146923724,0.1222222222222222,0.1236111111111111,0.0013888888888888978
pre,LM,trial_type,2,-0.8410428931875525,1.0351297146923724,0.1354166666666666,0.1263888888888888,-0.009027777777777801
pre,LM,trial_type,3,-0.7763472860192793,1.0351297146923724,0.1201388888888889,0.1125,-0.007638888888888903
pre,LM,trial_type,4,-0.711651678851006,1.0351297146923724,0.1277777777777777,0.1069444444444444,-0.020833333333333315
pre,LM,trial_type,5,-0.6469560716827327,1.0351297146923724,0.1340277777777777,0.1333333333333333,-0.0006944444444443865
pre,LM,trial_type,6,-0.5822604645144595,1.0351297146923724,0.1166666666666666,0.1263888888888888,0.009722222222222202
pre,LM,trial_type,7,-0.5175648573461862,1.0351297146923724,0.1430555555555555,0.1097222222222222,-0.0333333333333333
pre,LM,trial_type,8,-0.4528692501779129,1.0351297146923724,0.1069444444444444,0.125,0.018055555555555602
pre,LM,trial_type,9,-0.3881736430096396,1.0351297146923724,0.1222222222222222,0.1319444444444444,0.009722222222222188
pre,LM,trial_type,10,-0.3234780358413663,1.0351297146923724,0.1430555555555555,0.1361111111111111,-0.006944444444444392
pre,LM,trial_type,11,-0.2587824286730931,1.0351297146923724,0.1402777777777777,0.1319444444444444,-0.008333333333333304
pre,LM,trial_type,12,-0.1940868215048198,1.0351297146923724,0.1229166666666666,0.125,0.0020833333333333953
pre,LM,trial_type,13,-0.1293912143365465,1.0351297146923724,0.1388888888888889,0.1152777777777777,-0.023611111111111194
pre,LM,trial_type,14,-0.0646956071682732,1.0351297146923724,0.1361111111111111,0.1055555555555555,-0.0305555555555556
pre,LM,trial_type,15,0.0,1.0351297146923724,0.1312499999999999,0.123611111111111,-0.0076388888888888895
pre,LM,trial_type,16,0.0646956071682732,1.0351297146923724,0.1201388888888888,0.1222222222222222,0.002083333333333409
pre,LM,trial_type,17,0.1293912143365465,1.0351297146923724,0.1326388888888888,0.1236111111111111,-0.009027777777777704
pre,LM,trial_type,18,0.1940868215048198,1.0351297146923724,0.1583333333333333,0.2,0.04166666666666671
pre,LM,trial_type,19,0.2587824286730931,1.0351297146923724,0.1986111111111111,0.2666666666666667,0.06805555555555562
pre,LM,trial_type,20,0.3234780358413663,1.0351297146923724,0.1819444444444444,0.3138888888888889,0.13194444444444448
pre,LM,trial_type,21,0.3881736430096396,1.0351297146923724,0.2277777777777778,0.3569444444444444,0.1291666666666666
pre,LM,trial_type,22,0.4528692501779129,1.0351297146923724,0.2194444444444444,0.3291666666666666,0.10972222222222222
pre,LM,trial_type,23,0.5175648573461862,1.0351297146923724,0.2298611111111111,0.4013888888888888,0.1715277777777777
pre,LM,trial_type,24,0.5822604645144595,1.0351297146923724,0.2645833333333333,0.4,0.13541666666666674
pre,LM,trial_type,25,0.6469560716827327,1.0351297146923724,0.2743055555555555,0.4375,0.16319444444444448
pre,LM,trial_type,26,0.711651678851006,1.0351297146923724,0.2381944444444444,0.4097222222222222,0.1715277777777778
pre,LM,trial_type,27,0.7763472860192793,1.0351297146923724,0.2465277777777778,0.4208333333333333,0.1743055555555555
pre,LM,trial_type,28,0.8410428931875525,1.0351297146923724,0.2493055555555555,0.3638888888888889,0.11458333333333337
pre,LM,trial_type,29,0.9057385003558258,1.0351297146923724,0.2513888888888889,0.3361111111111111,0.0847222222222222
pre,LM,trial_type,30,0.9704341075240992,1.0351297146923724,0.2756944444444444,0.4055555555555556,0.1298611111111112
pre,LM,trial_type,31,1.0351297146923724,1.0351297146923724,0.2638888888888889,0.4361111111111111,0.17222222222222222
pre,LM,trial_type,32,1.0998253218606455,1.0351297146923724,0.261111111111111,0.4027777777777778,0.14166666666666677
pre,LM,trial_type,33,1.164520929028919,1.0351297146923724,0.2736111111111111,0.4180555555555556,0.14444444444444454
pre,LM,trial_type,34,1.229216536197192,1.0351297146923724,0.2493055555555555,0.4055555555555555,0.15625
pre,LM,trial_type,35,1.2939121433654657,1.0351297146923724,0.261111111111111,0.3999999999999999,0.1388888888888889
pre,LM,trial_type,36,1.3586077505337386,1.0351297146923724,0.2583333333333333,0.4361111111111111,0.1777777777777778
pre,LM,trial_type,37,1.423303357702012,1.0351297146923724,0.2534722222222222,0.4055555555555555,0.1520833333333333
pre,LM,trial_type,38,1.4879989648702852,1.0351297146923724,0.2597222222222222,0.3513888888888888,0.09166666666666662
pre,LM,trial_type,39,1.5526945720385583,1.0351297146923724,0.2465277777777778,0.3944444444444445,0.1479166666666667
pre,LM,trial_type,40,1.6173901792068317,1.0351297146923724,0.26875,0.3847222222222222,0.1159722222222222
pre,LM,trial_type,41,1.682085786375105,1.0351297146923724,0.2486111111111111,0.3888888888888888,0.1402777777777777
pre,LM,trial_type,42,1.7467813935433782,1.0351297146923724,0.2631944444444444,0.3583333333333333,0.09513888888888888
pre,LM,trial_type,43,1.8114770007116516,1.0351297146923724,0.2472222222222222,0.3666666666666666,0.11944444444444438
pre,LM,trial_type,44,1.8761726078799248,1.0351297146923724,0.2347222222222222,0.3458333333333333,0.11111111111111113
pre,LM,trial_type,45,1.9408682150481984,1.0351297146923724,0.2361111111111111,0.3430555555555555,0.1069444444444444
pre,LM,trial_type,46,2.0055638222164713,1.0351297146923724,0.2326388888888889,0.3222222222222222,0.08958333333333329
pre,LM,visual_direction,0,-0.9704341075240992,1.0351297146923724,0.4925925925925926,0.5203703703703704,0.02777777777777779
pre,LM,visual_direction,1,-0.9057385003558258,1.0351297146923724,0.5046296296296297,0.4925925925925926,-0.012037037037037068
pre,LM,visual_direction,2,-0.8410428931875525,1.0351297146923724,0.499074074074074,0.5018518518518518,0.002777777777777768
pre,LM,visual_direction,3,-0.7763472860192793,1.0351297146923724,0.4824074074074073,0.4796296296296297,-0.0027777777777776014
pre,LM,visual_direction,4,-0.711651678851006,1.0351297146923724,0.5027777777777778,0.4925925925925926,-0.010185185185185186
pre,LM,visual_direction,5,-0.6469560716827327,1.0351297146923724,0.4888888888888889,0.4648148148148148,-0.02407407407407408
pre,LM,visual_direction,6,-0.5822604645144595,1.0351297146923724,0.4583333333333333,0.4888888888888889,0.030555555555555558
pre,LM,visual_direction,7,-0.5175648573461862,1.0351297146923724,0.5240740740740741,0.5111111111111111,-0.012962962962963065
pre,LM,visual_direction,8,-0.4528692501779129,1.0351297146923724,0.5083333333333333,0.4833333333333334,-0.02499999999999991
pre,LM,visual_direction,9,-0.3881736430096396,1.0351297146923724,0.4944444444444444,0.5074074074074074,0.01296296296296301
pre,LM,visual_direction,10,-0.3234780358413663,1.0351297146923724,0.4768518518518518,0.5333333333333334,0.05648148148148163
pre,LM,visual_direction,11,-0.2587824286730931,1.0351297146923724,0.4824074074074074,0.5037037037037038,0.02129629629629637
pre,LM,visual_direction,12,-0.1940868215048198,1.0351297146923724,0.4805555555555555,0.5129629629629628,0.03240740740740733
pre,LM,visual_direction,13,-0.1293912143365465,1.0351297146923724,0.4944444444444444,0.5314814814814814,0.037037037037037035
pre,LM,visual_direction,14,-0.0646956071682732,1.0351297146923724,0.4629629629629629,0.5351851851851851,0.07222222222222219
pre,LM,visual_direction,15,0.0,1.0351297146923724,0.4981481481481481,0.5425925925925925,0.0444444444444444
pre,LM,visual_direction,16,0.0646956071682732,1.0351297146923724,0.4972222222222222,0.4685185185185185,-0.028703703703703676
pre,LM,visual_direction,17,0.1293912143365465,1.0351297146923724,0.5055555555555555,0.4666666666666667,-0.03888888888888886
pre,LM,visual_direction,18,0.1940868215048198,1.0351297146923724,0.4944444444444444,0.4925925925925926,-0.0018518518518518268
pre,LM,visual_direction,19,0.2587824286730931,1.0351297146923724,0.5620370370370371,0.611111111111111,0.04907407407407394
pre,LM,visual_direction,20,0.3234780358413663,1.0351297146923724,0.5990740740740741,0.7333333333333333,0.1342592592592592
pre,LM,visual_direction,21,0.3881736430096396,1.0351297146923724,0.6453703703703704,0.8351851851851853,0.18981481481481488
pre,LM,visual_direction,22,0.4528692501779129,1.0351297146923724,0.6564814814814814,0.8851851851851851,0.22870370370370363
pre,LM,visual_direction,23,0.5175648573461862,1.0351297146923724,0.6898148148148147,0.9537037037037036,0.26388888888888895
pre,LM,visual_direction,24,0.5822604645144595,1.0351297146923724,0.7212962962962963,0.975925925925926,0.25462962962962965
pre,LM,visual_direction,25,0.6469560716827327,1.0351297146923724,0.7212962962962963,0.974074074074074,0.25277777777777766
pre,LM,visual_direction,26,0.711651678851006,1.0351297146923724,0.7268518518518519,0.961111111111111,0.23425925925925917
pre,LM,visual_direction,27,0.7763472860192793,1.0351297146923724,0.7324074074074074,0.8851851851851851,0.15277777777777768
pre,LM,visual_direction,28,0.8410428931875525,1.0351297146923724,0.7055555555555556,0.8611111111111113,0.15555555555555567
pre,LM,visual_direction,29,0.9057385003558258,1.0351297146923724,0.7222222222222223,0.8722222222222221,0.1499999999999998
pre,LM,visual_direction,30,0.9704341075240992,1.0351297146923724,0.7240740740740741,0.888888888888889,0.16481481481481486
pre,LM,visual_direction,31,1.0351297146923724,1.0351297146923724,0.7277777777777777,0.9277777777777776,0.19999999999999984
pre,LM,visual_direction,32,1.0998253218606455,1.0351297146923724,0.7648148148148148,0.9388888888888888,0.17407407407407394
pre,LM,visual_direction,33,1.164520929028919,1.0351297146923724,0.7435185185185185,0.9351851851851852,0.19166666666666676
pre,LM,visual_direction,34,1.229216536197192,1.0351297146923724,0.7231481481481481,0.9407407407407408,0.21759259259259267
pre,LM,visual_direction,35,1.2939121433654657,1.0351297146923724,0.7083333333333333,0.9148148148148147,0.2064814814814815
pre,LM,visual_direction,36,1.3586077505337386,1.0351297146923724,0.7546296296296295,0.9351851851851852,0.1805555555555557
pre,LM,visual_direction,37,1.423303357702012,1.0351297146923724,0.7361111111111112,0.9037037037037036,0.1675925925925924
pre,LM,visual_direction,38,1.4879989648702852,1.0351297146923724,0.7388888888888889,0.8907407407407406,0.15185185185185168
pre,LM,visual_direction,39,1.5526945720385583,1.0351297146923724,0.7537037037037035,0.8870370370370371,0.13333333333333353
pre,LM,visual_direction,40,1.6173901792068317,1.0351297146923724,0.7268518518518519,0.8722222222222221,0.14537037037037026
pre,LM,visual_direction,41,1.682085786375105,1.0351297146923724,0.7379629629629629,0.8481481481481483,0.11018518518518539
pre,LM,visual_direction,42,1.7467813935433782,1.0351297146923724,0.7351851851851852,0.8166666666666667,0.08148148148148149
pre,LM,visual_direction,43,1.8114770007116516,1.0351297146923724,0.7250000000000001,0.812962962962963,0.08796296296296291
pre,LM,visual_direction,44,1.8761726078799248,1.0351297146923724,0.7268518518518519,0.8240740740740741,0.09722222222222221
pre,LM,visual_direction,45,1.9408682150481984,1.0351297146923724,0.7064814814814815,0.8111111111111111,0.10462962962962963
pre,LM,visual_direction,46,2.0055638222164713,1.0351297146923724,0.6981481481481482,0.7962962962962962,0.09814814814814798
post,V1,auditory_direction,0,-0.9704341075240992,1.0351297146923724,0.5151234567901234,0.5169753086419753,0.0018518518518518823
post,V1,auditory_direction,1,-0.9057385003558258,1.0351297146923724,0.4969135802469136,0.4861111111111111,-0.010802469135802517
post,V1,auditory_direction,2,-0.8410428931875525,1.0351297146923724,0.4972222222222222,0.4904320987654321,-0.006790123456790087
post,V1,auditory_direction,3,-0.7763472860192793,1.0351297146923724,0.5132716049382716,0.4938271604938272,-0.01944444444444443
post,V1,auditory_direction,4,-0.711651678851006,1.0351297146923724,0.5040123456790123,0.4879629629629629,-0.016049382716049443
post,V1,auditory_direction,5,-0.6469560716827327,1.0351297146923724,0.495679012345679,0.5003086419753087,0.00462962962962965
post,V1,auditory_direction,6,-0.5822604645144595,1.0351297146923724,0.5030864197530863,0.5061728395061728,0.0030864197530864335
post,V1,auditory_direction,7,-0.5175648573461862,1.0351297146923724,0.5070987654320988,0.5,-0.0070987654320987525
post,V1,auditory_direction,8,-0.4528692501779129,1.0351297146923724,0.5089506172839506,0.5015432098765432,-0.007407407407407418
post,V1,auditory_direction,9,-0.3881736430096396,1.0351297146923724,0.5055555555555555,0.5012345679012346,-0.004320987654320985
post,V1,auditory_direction,10,-0.3234780358413663,1.0351297146923724,0.5086419753086421,0.4648148148148148,-0.04382716049382729
post,V1,auditory_direction,11,-0.2587824286730931,1.0351297146923724,0.5046296296296297,0.5040123456790123,-0.0006172839506173311
post,V1,auditory_direction,12,-0.1940868215048198,1.0351297146923724,0.4919753086419753,0.5083333333333333,0.016358024691357997
post,V1,auditory_direction,13,-0.1293912143365465,1.0351297146923724,0.4907407407407407,0.5027777777777778,0.012037037037037068
post,V1,auditory_direction,14,-0.0646956071682732,1.0351297146923724,0.4873456790123456,0.4851851851851851,-0.0021604938271604923
post,V1,auditory_direction,15,0.0,1.0351297146923724,0.4882716049382716,0.487037037037037,-0.0012345679012346067
post,V1,auditory_direction,16,0.0646956071682732,1.0351297146923724,0.4975308641975309,0.4978395061728395,0.00030864197530861004
post,V1,auditory_direction,17,0.1293912143365465,1.0351297146923724,0.5024691358024691,0.509567901234568,0.007098765432098864
post,V1,auditory_direction,18,0.1940868215048198,1.0351297146923724,0.5209876543209876,0.5475308641975308,0.02654320987654324
post,V1,auditory_direction,19,0.2587824286730931,1.0351297146923724,0.512962962962963,0.504320987654321,-0.00864197530864197
post,V1,auditory_direction,20,0.3234780358413663,1.0351297146923724,0.5373456790123458,0.5296296296296296,-0.007716049382716195
post,V1,auditory_direction,21,0.3881736430096396,1.0351297146923724,0.5361111111111111,0.5256172839506172,-0.010493827160493852
post,V1,auditory_direction,22,0.4528692501779129,1.0351297146923724,0.5419753086419753,0.5385802469135803,-0.003395061728394988
post,V1,auditory_direction,23,0.5175648573461862,1.0351297146923724,0.5524691358024691,0.5185185185185185,-0.03395061728395066
post,V1,auditory_direction,24,0.5822604645144595,1.0351297146923724,0.5635802469135803,0.5351851851851852,-0.02839506172839512
post,V1,auditory_direction,25,0.6469560716827327,1.0351297146923724,0.5478395061728395,0.5314814814814816,-0.016358024691357942
post,V1,auditory_direction,26,0.711651678851006,1.0351297146923724,0.5580246913580247,0.5287037037037037,-0.029320987654321007
post,V1,auditory_direction,27,0.7763472860192793,1.0351297146923724,0.5216049382716049,0.5373456790123456,0.015740740740740722
post,V1,auditory_direction,28,0.8410428931875525,1.0351297146923724,0.5453703703703704,0.5231481481481481,-0.022222222222222254
post,V1,auditory_direction,29,0.9057385003558258,1.0351297146923724,0.5518518518518519,0.520679012345679,-0.03117283950617289
post,V1,auditory_direction,30,0.9704341075240992,1.0351297146923724,0.5438271604938272,0.5216049382716049,-0.022222222222222254
post,V1,auditory_direction,31,1.0351297146923724,1.0351297146923724,0.5441358024691357,0.5209876543209876,-0.02314814814814814
post,V1,auditory_direction,32,1.0998253218606455,1.0351297146923724,0.5354938271604938,0.525925925925926,-0.009567901234567744
post,V1,auditory_direction,33,1.164520929028919,1.0351297146923724,0.5416666666666666,0.5132716049382716,-0.02839506172839501
post,V1,auditory_direction,34,1.229216536197192,1.0351297146923724,0.5493827160493828,0.5089506172839506,-0.04043209876543219
post,V1,auditory_direction,35,1.2939121433654657,1.0351297146923724,0.5302469135802469,0.5216049382716049,-0.00864197530864197
post,V1,auditory_direction,36,1.3586077505337386,1.0351297146923724,0.5314814814814816,0.512037037037037,-0.019444444444444597
post,V1,auditory_direction,37,1.423303357702012,1.0351297146923724,0.537962962962963,0.5037037037037037,-0.03425925925925932
post,V1,auditory_direction,38,1.4879989648702852,1.0351297146923724,0.5512345679012346,0.5083333333333333,-0.04290123456790129
post,V1,auditory_direction,39,1.5526945720385583,1.0351297146923724,0.5373456790123456,0.5179012345679013,-0.019444444444444375
post,V1,auditory_direction,40,1.6173901792068317,1.0351297146923724,0.5237654320987654,0.5182098765432098,-0.005555555555555536
post,V1,auditory_direction,41,1.682085786375105,1.0351297146923724,0.5435185185185185,0.513888888888889,-0.02962962962962956
post,V1,auditory_direction,42,1.7467813935433782,1.0351297146923724,0.5182098765432098,0.524074074074074,0.005864197530864201
post,V1,auditory_direction,43,1.8114770007116516,1.0351297146923724,0.5172839506172839,0.5077160493827161,-0.009567901234567855
post,V1,auditory_direction,44,1.8761726078799248,1.0351297146923724,0.5101851851851852,0.5141975308641975,0.004012345679012319
post,V1,auditory_direction,45,1.9408682150481984,1.0351297146923724,0.524074074074074,0.5077160493827161,-0.016358024691357942
post,V1,auditory_direction,46,2.0055638222164713,1.0351297146923724,0.5283950617283951,0.5123456790123457,-0.016049382716049387
post,V1,congruency,0,-0.9704341075240992,1.0351297146923724,0.525925925925926,0.5064814814814814,-0.019444444444444597
post,V1,congruency,1,-0.9057385003558258,1.0351297146923724,0.5060185185185185,0.512962962962963,0.00694444444444442
post,V1,congruency,2,-0.8410428931875525,1.0351297146923724,0.5046296296296297,0.5166666666666667,0.012037037037037068
post,V1,congruency,3,-0.7763472860192793,1.0351297146923724,0.5074074074074074,0.487962962962963,-0.01944444444444443
post,V1,congruency,4,-0.711651678851006,1.0351297146923724,0.4773148148148148,0.5203703703703704,0.04305555555555557
post,V1,congruency,5,-0.6469560716827327,1.0351297146923724,0.5115740740740741,0.5101851851851852,-0.001388888888888884
post,V1,congruency,6,-0.5822604645144595,1.0351297146923724,0.4925925925925926,0.5055555555555555,0.012962962962962954
post,V1,congruency,7,-0.5175648573461862,1.0351297146923724,0.4972222222222222,0.4981481481481482,0.0009259259259259967
post,V1,congruency,8,-0.4528692501779129,1.0351297146923724,0.4953703703703703,0.4921296296296297,-0.0032407407407405997
post,V1,congruency,9,-0.3881736430096396,1.0351297146923724,0.525,0.4884259259259259,-0.03657407407407415
post,V1,congruency,10,-0.3234780358413663,1.0351297146923724,0.5060185185185185,0.5101851851851852,0.004166666666666652
post,V1,congruency,11,-0.2587824286730931,1.0351297146923724,0.5138888888888888,0.5148148148148148,0.0009259259259259967
post,V1,congruency,12,-0.1940868215048198,1.0351297146923724,0.5199074074074074,0.5203703703703704,0.0004629629629629983
post,V1,congruency,13,-0.1293912143365465,1.0351297146923724,0.5027777777777778,0.5027777777777779,1.1102230246251565e-16
post,V1,congruency,14,-0.0646956071682732,1.0351297146923724,0.4791666666666667,0.486574074074074,0.007407407407407307
post,V1,congruency,15,0.0,1.0351297146923724,0.4967592592592592,0.474537037037037,-0.0222222222222222
post,V1,congruency,16,0.0646956071682732,1.0351297146923724,0.4782407407407407,0.4921296296296296,0.013888888888888895
post,V1,congruency,17,0.1293912143365465,1.0351297146923724,0.474537037037037,0.4962962962962963,0.02175925925925931
post,V1,congruency,18,0.1940868215048198,1.0351297146923724,0.5203703703703705,0.499537037037037,-0.02083333333333348
post,V1,congruency,19,0.2587824286730931,1.0351297146923724,0.499537037037037,0.4888888888888889,-0.010648148148148129
post,V1,congruency,20,0.3234780358413663,1.0351297146923724,0.5060185185185185,0.4986111111111111,-0.007407407407407418
post,V1,congruency,21,0.3881736430096396,1.0351297146923724,0.4976851851851852,0.4814814814814815,-0.016203703703703665
post,V1,congruency,22,0.4528692501779129,1.0351297146923724,0.4847222222222222,0.4898148148148147,0.005092592592592482
post,V1,congruency,23,0.5175648573461862,1.0351297146923724,0.5092592592592593,0.5050925925925926,-0.004166666666666652
post,V1,congruency,24,0.5822604645144595,1.0351297146923724,0.4930555555555556,0.5041666666666667,0.011111111111111072
post,V1,congruency,25,0.6469560716827327,1.0351297146923724,0.5009259259259259,0.5111111111111111,0.010185185185185186
post,V1,congruency,26,0.711651678851006,1.0351297146923724,0.4888888888888889,0.4962962962962963,0.007407407407407418
post,V1,congruency,27,0.7763472860192793,1.0351297146923724,0.5032407407407408,0.5115740740740741,0.008333333333333304
post,V1,congruency,28,0.8410428931875525,1.0351297146923724,0.4814814814814815,0.486574074074074,0.005092592592592482
post,V1,congruency,29,0.9057385003558258,1.0351297146923724,0.4958333333333333,0.4967592592592592,0.0009259259259258856
post,V1,congruency,30,0.9704341075240992,1.0351297146923724,0.4912037037037036,0.499074074074074,0.007870370370370416
post,V1,congruency,31,1.0351297146923724,1.0351297146923724,0.5078703703703703,0.5208333333333334,0.012962962962963065
post,V1,congruency,32,1.0998253218606455,1.0351297146923724,0.5060185185185185,0.4962962962962963,-0.009722222222222243
post,V1,congruency,33,1.164520929028919,1.0351297146923724,0.5064814814814814,0.5027777777777778,-0.0037037037037036535
post,V1,congruency,34,1.229216536197192,1.0351297146923724,0.4699074074074074,0.5078703703703703,0.03796296296296292
post,V1,congruency,35,1.2939121433654657,1.0351297146923724,0.5115740740740741,0.4888888888888889,-0.022685185185185197
post,V1,congruency,36,1.3586077505337386,1.0351297146923724,0.5009259259259259,0.4949074074074074,-0.006018518518518479
post,V1,congruency,37,1.423303357702012,1.0351297146923724,0.4657407407407407,0.4912037037037036,0.02546296296296291
post,V1,congruency,38,1.4879989648702852,1.0351297146923724,0.4694444444444445,0.5064814814814814,0.037037037037036924
post,V1,congruency,39,1.5526945720385583,1.0351297146923724,0.4773148148148148,0.4953703703703704,0.018055555555555602
post,V1,congruency,40,1.6173901792068317,1.0351297146923724,0.475462962962963,0.5162037037037037,0.040740740740740744
post,V1,congruency,41,1.682085786375105,1.0351297146923724,0.4902777777777778,0.5175925925925926,0.027314814814814792
post,V1,congruency,42,1.7467813935433782,1.0351297146923724,0.4875,0.4935185185185184,0.006018518518518423
post,V1,congruency,43,1.8114770007116516,1.0351297146923724,0.5023148148148148,0.5083333333333334,0.006018518518518645
post,V1,congruency,44,1.8761726078799248,1.0351297146923724,0.5148148148148147,0.4976851851851852,-0.01712962962962955
post,V1,congruency,45,1.9408682150481984,1.0351297146923724,0.5018518518518519,0.5162037037037037,0.014351851851851838
post,V1,congruency,46,2.0055638222164713,1.0351297146923724,0.4921296296296296,0.5337962962962962,0.04166666666666663
post,V1,modality,0,-0.9704341075240992,1.0351297146923724,0.3393518518518518,0.3268518518518518,-0.012500000000000011
post,V1,modality,1,-0.9057385003558258,1.0351297146923724,0.3304012345679012,0.3325617283950617,0.0021604938271604923
post,V1,modality,2,-0.8410428931875525,1.0351297146923724,0.3415123456790123,0.3439814814814815,0.0024691358024692134
post,V1,modality,3,-0.7763472860192793,1.0351297146923724,0.3365740740740741,0.3470679012345679,0.010493827160493796
post,V1,modality,4,-0.711651678851006,1.0351297146923724,0.3359567901234568,0.3344135802469135,-0.0015432098765433278
post,V1,modality,5,-0.6469560716827327,1.0351297146923724,0.3243827160493827,0.3263888888888889,0.002006172839506215
post,V1,modality,6,-0.5822604645144595,1.0351297146923724,0.3419753086419753,0.3183641975308642,-0.023611111111111083
post,V1,modality,7,-0.5175648573461862,1.0351297146923724,0.3430555555555555,0.3367283950617283,-0.0063271604938272
post,V1,modality,8,-0.4528692501779129,1.0351297146923724,0.3311728395061729,0.3345679012345679,0.0033950617283950435
post,V1,modality,9,-0.3881736430096396,1.0351297146923724,0.3459876543209876,0.3328703703703703,-0.013117283950617287
post,V1,modality,10,-0.3234780358413663,1.0351297146923724,0.3330246913580246,0.3330246913580246,0.0
post,V1,modality,11,-0.2587824286730931,1.0351297146923724,0.3374999999999999,0.3354938271604938,-0.002006172839506104
post,V1,modality,12,-0.1940868215048198,1.0351297146923724,0.3226851851851851,0.340895061728395,0.018209876543209935
post,V1,modality,13,-0.1293912143365465,1.0351297146923724,0.345216049382716,0.3307098765432099,-0.014506172839506115
post,V1,modality,14,-0.0646956071682732,1.0351297146923724,0.345679012345679,0.3325617283950617,-0.013117283950617287
post,V1,modality,15,0.0,1.0351297146923724,0.349537037037037,0.3427469135802469,-0.006790123456790087
post,V1,modality,16,0.0646956071682732,1.0351297146923724,0.3563271604938271,0.3657407407407407,0.009413580246913578
post,V1,modality,17,0.1293912143365465,1.0351297146923724,0.361574074074074,0.3546296296296296,-0.00694444444444442
post,V1,modality,18,0.1940868215048198,1.0351297146923724,0.4424382716049382,0.5234567901234568,0.0810185185185186
post,V1,modality,19,0.2587824286730931,1.0351297146923724,0.6149691358024691,0.7424382716049384,0.1274691358024692
post,V1,modality,20,0.3234780358413663,1.0351297146923724,0.6572530864197531,0.7594135802469135,0.10216049382716041
post,V1,modality,21,0.3881736430096396,1.0351297146923724,0.699537037037037,0.7915123456790124,0.09197530864197545
post,V1,modality,22,0.4528692501779129,1.0351297146923724,0.7294753086419753,0.7999999999999999,0.07052469135802464
post,V1,modality,23,0.5175648573461862,1.0351297146923724,0.7308641975308641,0.8125,0.08163580246913593
post,V1,modality,24,0.5822604645144595,1.0351297146923724,0.7521604938271605,0.7950617283950617,0.04290123456790118
post,V1,modality,25,0.6469560716827327,1.0351297146923724,0.7651234567901235,0.804320987654321,0.03919753086419753
post,V1,modality,26,0.711651678851006,1.0351297146923724,0.7626543209876543,0.8084876543209877,0.04583333333333339
post,V1,modality,27,0.7763472860192793,1.0351297146923724,0.7830246913580247,0.8049382716049384,0.0219135802469137
post,V1,modality,28,0.8410428931875525,1.0351297146923724,0.7790123456790123,0.802932098765432,0.023919753086419693
post,V1,modality,29,0.9057385003558258,1.0351297146923724,0.791358024691358,0.7979938271604938,0.006635802469135865
post,V1,modality,30,0.9704341075240992,1.0351297146923724,0.7908950617283951,0.7935185185185185,0.002623456790123435
post,V1,modality,31,1.0351297146923724,1.0351297146923724,0.784104938271605,0.7944444444444444,0.010339506172839408
post,V1,modality,32,1.0998253218606455,1.0351297146923724,0.7890432098765432,0.7922839506172838,0.003240740740740655
post,V1,modality,33,1.164520929028919,1.0351297146923724,0.7831790123456789,0.7924382716049383,0.009259259259259411
post,V1,modality,34,1.229216536197192,1.0351297146923724,0.7793209876543209,0.7842592592592593,0.004938271604938427
post,V1,modality,35,1.2939121433654657,1.0351297146923724,0.7766975308641975,0.7762345679012346,-0.0004629629629628873
post,V1,modality,36,1.3586077505337386,1.0351297146923724,0.762962962962963,0.7700617283950617,0.0070987654320987525
post,V1,modality,37,1.423303357702012,1.0351297146923724,0.7557098765432099,0.7700617283950617,0.014351851851851838
post,V1,modality,38,1.4879989648702852,1.0351297146923724,0.7453703703703703,0.7592592592592592,0.01388888888888884
post,V1,modality,39,1.5526945720385583,1.0351297146923724,0.7404320987654321,0.7501543209876543,0.009722222222222188
post,V1,modality,40,1.6173901792068317,1.0351297146923724,0.7405864197530865,0.7351851851851853,-0.005401234567901203
post,V1,modality,41,1.682085786375105,1.0351297146923724,0.7314814814814815,0.7421296296296296,0.010648148148148073
post,V1,modality,42,1.7467813935433782,1.0351297146923724,0.7182098765432099,0.7310185185185185,0.012808641975308621
post,V1,modality,43,1.8114770007116516,1.0351297146923724,0.7095679012345678,0.724074074074074,0.01450617283950617
post,V1,modality,44,1.8761726078799248,1.0351297146923724,0.7046296296296296,0.7231481481481481,0.01851851851851849
post,V1,modality,45,1.9408682150481984,1.0351297146923724,0.6979938271604939,0.6893518518518519,-0.00864197530864197
post,V1,modality,46,2.0055638222164713,1.0351297146923724,0.6739197530864197,0.6333333333333333,-0.04058641975308641
post,V1,trial_type,0,-0.9704341075240992,1.0351297146923724,0.1358796296296296,0.1180555555555555,-0.017824074074074103
post,V1,trial_type,1,-0.9057385003558258,1.0351297146923724,0.1236111111111111,0.1259259259259259,0.0023148148148148112
post,V1,trial_type,2,-0.8410428931875525,1.0351297146923724,0.130324074074074,0.1222222222222222,-0.008101851851851805
post,V1,trial_type,3,-0.7763472860192793,1.0351297146923724,0.1263888888888888,0.1280092592592592,0.0016203703703704109
post,V1,trial_type,4,-0.711651678851006,1.0351297146923724,0.1210648148148148,0.1344907407407407,0.013425925925925883
post,V1,trial_type,5,-0.6469560716827327,1.0351297146923724,0.1215277777777777,0.1196759259259259,-0.0018518518518518129
post,V1,trial_type,6,-0.5822604645144595,1.0351297146923724,0.1217592592592592,0.1208333333333333,-0.0009259259259258995
post,V1,trial_type,7,-0.5175648573461862,1.0351297146923724,0.1236111111111111,0.1277777777777777,0.00416666666666661
post,V1,trial_type,8,-0.4528692501779129,1.0351297146923724,0.1263888888888888,0.1298611111111111,0.003472222222222293
post,V1,trial_type,9,-0.3881736430096396,1.0351297146923724,0.1229166666666666,0.1212962962962962,-0.0016203703703704109
post,V1,trial_type,10,-0.3234780358413663,1.0351297146923724,0.1229166666666666,0.1263888888888888,0.003472222222222196
post,V1,trial_type,11,-0.2587824286730931,1.0351297146923724,0.1317129629629629,0.1210648148148148,-0.010648148148148087
post,V1,trial_type,12,-0.1940868215048198,1.0351297146923724,0.1219907407407407,0.1287037037037036,0.006712962962962893
post,V1,trial_type,13,-0.1293912143365465,1.0351297146923724,0.1270833333333333,0.1256944444444444,-0.0013888888888889117
post,V1,trial_type,14,-0.0646956071682732,1.0351297146923724,0.1324074074074074,0.1217592592592592,-0.010648148148148184
post,V1,trial_type,15,0.0,1.0351297146923724,0.1284722222222222,0.1349537037037037,0.006481481481481477
post,V1,trial_type,16,0.0646956071682732,1.0351297146923724,0.1354166666666666,0.1326388888888889,-0.0027777777777777124
post,V1,trial_type,17,0.1293912143365465,1.0351297146923724,0.1293981481481481,0.1412037037037037,0.011805555555555597
post,V1,trial_type,18,0.1940868215048198,1.0351297146923724,0.1766203703703703,0.2192129629629629,0.0425925925925926
post,V1,trial_type,19,0.2587824286730931,1.0351297146923724,0.2824074074074074,0.39375,0.1113425925925926
post,V1,trial_type,20,0.3234780358413663,1.0351297146923724,0.3541666666666667,0.4516203703703703,0.0974537037037036
post,V1,trial_type,21,0.3881736430096396,1.0351297146923724,0.3874999999999999,0.4715277777777777,0.08402777777777781
post,V1,trial_type,22,0.4528692501779129,1.0351297146923724,0.4402777777777777,0.5023148148148148,0.06203703703703706
post,V1,trial_type,23,0.5175648573461862,1.0351297146923724,0.4576388888888889,0.4974537037037037,0.0398148148148148
post,V1,trial_type,24,0.5822604645144595,1.0351297146923724,0.4664351851851852,0.5037037037037037,0.03726851851851848
post,V1,trial_type,25,0.6469560716827327,1.0351297146923724,0.4729166666666666,0.5050925925925926,0.03217592592592605
post,V1,trial_type,26,0.711651678851006,1.0351297146923724,0.4798611111111111,0.4958333333333333,0.015972222222222165
post,V1,trial_type,27,0.7763472860192793,1.0351297146923724,0.4787037037037038,0.4967592592592593,0.01805555555555549
post,V1,trial_type,28,0.8410428931875525,1.0351297146923724,0.4731481481481481,0.4824074074074074,0.0092592592592593
post,V1,trial_type,29,0.9057385003558258,1.0351297146923724,0.4837962962962963,0.4833333333333333,-0.0004629629629629983
post,V1,trial_type,30,0.9704341075240992,1.0351297146923724,0.4814814814814814,0.4831018518518518,0.0016203703703703831
post,V1,trial_type,31,1.0351297146923724,1.0351297146923724,0.4817129629629629,0.4752314814814815,-0.0064814814814814214
post,V1,trial_type,32,1.0998253218606455,1.0351297146923724,0.4756944444444444,0.4708333333333332,-0.004861111111111205
post,V1,trial_type,33,1.164520929028919,1.0351297146923724,0.4905092592592592,0.4840277777777778,-0.0064814814814814214
post,V1,trial_type,34,1.229216536197192,1.0351297146923724,0.475,0.4706018518518518,-0.004398148148148151
post,V1,trial_type,35,1.2939121433654657,1.0351297146923724,0.468287037037037,0.4717592592592592,0.00347222222222221
post,V1,trial_type,36,1.3586077505337386,1.0351297146923724,0.44375,0.4606481481481481,0.016898148148148107
post,V1,trial_type,37,1.423303357702012,1.0351297146923724,0.4372685185185185,0.4465277777777778,0.0092592592592593
post,V1,trial_type,38,1.4879989648702852,1.0351297146923724,0.4298611111111111,0.4523148148148148,0.022453703703703698
post,V1,trial_type,39,1.5526945720385583,1.0351297146923724,0.4280092592592592,0.4395833333333334,0.011574074074074181
post,V1,trial_type,40,1.6173901792068317,1.0351297146923724,0.4122685185185185,0.4203703703703703,0.008101851851851805
post,V1,trial_type,41,1.682085786375105,1.0351297146923724,0.4069444444444444,0.4046296296296296,-0.0023148148148147696
post,V1,trial_type,42,1.7467813935433782,1.0351297146923724,0.3960648148148148,0.4064814814814815,0.010416666666666685
post,V1,trial_type,43,1.8114770007116516,1.0351297146923724,0.3918981481481481,0.4090277777777777,0.017129629629629606
post,V1,trial_type,44,1.8761726078799248,1.0351297146923724,0.3803240740740741,0.3898148148148148,0.009490740740740689
post,V1,trial_type,45,1.9408682150481984,1.0351297146923724,0.3560185185185185,0.3655092592592592,0.009490740740740689
post,V1,trial_type,46,2.0055638222164713,1.0351297146923724,0.3590277777777778,0.3694444444444444,0.01041666666666663
post,V1,visual_direction,0,-0.9704341075240992,1.0351297146923724,0.5256172839506172,0.4966049382716049,-0.02901234567901234
post,V1,visual_direction,1,-0.9057385003558258,1.0351297146923724,0.5179012345679013,0.4932098765432098,-0.024691358024691468
post,V1,visual_direction,2,-0.8410428931875525,1.0351297146923724,0.5067901234567901,0.5030864197530864,-0.0037037037037036535
post,V1,visual_direction,3,-0.7763472860192793,1.0351297146923724,0.4978395061728395,0.4944444444444444,-0.003395061728395099
post,V1,visual_direction,4,-0.711651678851006,1.0351297146923724,0.5003086419753086,0.5132716049382716,0.012962962962963065
post,V1,visual_direction,5,-0.6469560716827327,1.0351297146923724,0.5021604938271605,0.5040123456790123,0.0018518518518517713
post,V1,visual_direction,6,-0.5822604645144595,1.0351297146923724,0.4932098765432098,0.4929012345679012,-0.00030864197530861004
post,V1,visual_direction,7,-0.5175648573461862,1.0351297146923724,0.5095679012345679,0.4802469135802469,-0.02932098765432095
post,V1,visual_direction,8,-0.4528692501779129,1.0351297146923724,0.4904320987654321,0.5033950617283951,0.01296296296296301
post,V1,visual_direction,9,-0.3881736430096396,1.0351297146923724,0.4867283950617284,0.4802469135802469,-0.006481481481481477
post,V1,visual_direction,10,-0.3234780358413663,1.0351297146923724,0.5104938271604939,0.512037037037037,0.0015432098765431057
post,V1,visual_direction,11,-0.2587824286730931,1.0351297146923724,0.5058641975308642,0.4842592592592592,-0.02160493827160498
post,V1,visual_direction,12,-0.1940868215048198,1.0351297146923724,0.5055555555555555,0.5006172839506173,-0.004938271604938205
post,V1,visual_direction,13,-0.1293912143365465,1.0351297146923724,0.4966049382716049,0.516358024691358,0.019753086419753152
post,V1,visual_direction,14,-0.0646956071682732,1.0351297146923724,0.5132716049382716,0.5117283950617284,-0.0015432098765432167
post,V1,visual_direction,15,0.0,1.0351297146923724,0.5169753086419754,0.5114197530864198,-0.005555555555555536
post,V1,visual_direction,16,0.0646956071682732,1.0351297146923724,0.5064814814814814,0.4864197530864197,-0.020061728395061706
post,V1,visual_direction,17,0.1293912143365465,1.0351297146923724,0.4845679012345679,0.5138888888888888,0.02932098765432095
post,V1,visual_direction,18,0.1940868215048198,1.0351297146923724,0.5191358024691358,0.5506172839506173,0.031481481481481444
post,V1,visual_direction,19,0.2587824286730931,1.0351297146923724,0.6537037037037038,0.8123456790123457,0.15864197530864188
post,V1,visual_direction,20,0.3234780358413663,1.0351297146923724,0.7583333333333333,0.879320987654321,0.12098765432098768
post,V1,visual_direction,21,0.3881736430096396,1.0351297146923724,0.8191358024691358,0.9280864197530864,0.10895061728395061
post,V1,visual_direction,22,0.4528692501779129,1.0351297146923724,0.8975308641975309,0.9679012345679012,0.0703703703703703
post,V1,visual_direction,23,0.5175648573461862,1.0351297146923724,0.9250000000000002,0.9873456790123456,0.062345679012345445
post,V1,visual_direction,24,0.5822604645144595,1.0351297146923724,0.9419753086419752,0.9972222222222222,0.055246913580247026
post,V1,visual_direction,25,0.6469560716827327,1.0351297146923724,0.94320987654321,0.9959876543209876,0.05277777777777759
post,V1,visual_direction,26,0.711651678851006,1.0351297146923724,0.9330246913580248,0.9901234567901236,0.0570987654320988
post,V1,visual_direction,27,0.7763472860192793,1.0351297146923724,0.9166666666666664,0.9820987654320988,0.06543209876543243
post,V1,visual_direction,28,0.8410428931875525,1.0351297146923724,0.9151234567901234,0.9805555555555556,0.06543209876543221
post,V1,visual_direction,29,0.9057385003558258,1.0351297146923724,0.9348765432098766,0.9805555555555556,0.04567901234567906
post,V1,visual_direction,30,0.9704341075240992,1.0351297146923724,0.9438271604938272,0.9796296296296296,0.03580246913580243
post,V1,visual_direction,31,1.0351297146923724,1.0351297146923724,0.9382716049382716,0.9780864197530864,0.03981481481481486
post,V1,visual_direction,32,1.0998253218606455,1.0351297146923724,0.9401234567901234,0.976851851851852,0.036728395061728536
post,V1,visual_direction,33,1.164520929028919,1.0351297146923724,0.9373456790123456,0.980864197530864,0.0435185185185184
post,V1,visual_direction,34,1.229216536197192,1.0351297146923724,0.9311728395061728,0.974074074074074,0.04290123456790118
post,V1,visual_direction,35,1.2939121433654657,1.0351297146923724,0.9320987654320988,0.9669753086419752,0.03487654320987643
post,V1,visual_direction,36,1.3586077505337386,1.0351297146923724,0.9268518518518518,0.9679012345679012,0.04104938271604941
post,V1,visual_direction,37,1.423303357702012,1.0351297146923724,0.9145061728395062,0.9521604938271604,0.0376543209876542
post,V1,visual_direction,38,1.4879989648702852,1.0351297146923724,0.9027777777777778,0.9425925925925924,0.039814814814814636
post,V1,visual_direction,39,1.5526945720385583,1.0351297146923724,0.8929012345679012,0.9299382716049384,0.0370370370370372
post,V1,visual_direction,40,1.6173901792068317,1.0351297146923724,0.8820987654320988,0.9194444444444444,0.037345679012345645
post,V1,visual_direction,41,1.682085786375105,1.0351297146923724,0.8555555555555556,0.91141975308642,0.05586419753086436
post,V1,visual_direction,42,1.7467813935433782,1.0351297146923724,0.8456790123456791,0.8848765432098765,0.039197530864197416
post,V1,visual_direction,43,1.8114770007116516,1.0351297146923724,0.8447530864197531,0.8873456790123457,0.042592592592592626
post,V1,visual_direction,44,1.8761726078799248,1.0351297146923724,0.8342592592592593,0.8635802469135804,0.029320987654321118
post,V1,visual_direction,45,1.9408682150481984,1.0351297146923724,0.8169753086419753,0.8561728395061728,0.03919753086419753
post,V1,visual_direction,46,2.0055638222164713,1.0351297146923724,0.8185185185185185,0.8518518518518517,0.033333333333333215
post,AM/PM,auditory_direction,0,-0.9704341075240992,1.0351297146923724,0.4851851851851852,0.4611111111111111,-0.024074074074074137
post,AM/PM,auditory_direction,1,-0.9057385003558258,1.0351297146923724,0.4388888888888888,0.4981481481481482,0.0592592592592594
post,AM/PM,auditory_direction,2,-0.8410428931875525,1.0351297146923724,0.4796296296296296,0.5064814814814815,0.02685185185185196
post,AM/PM,auditory_direction,3,-0.7763472860192793,1.0351297146923724,0.5092592592592592,0.4898148148148148,-0.019444444444444375
post,AM/PM,auditory_direction,4,-0.711651678851006,1.0351297146923724,0.55,0.5240740740740741,-0.025925925925925908
post,AM/PM,auditory_direction,5,-0.6469560716827327,1.0351297146923724,0.5296296296296297,0.4898148148148148,-0.03981481481481486
post,AM/PM,auditory_direction,6,-0.5822604645144595,1.0351297146923724,0.4833333333333334,0.499074074074074,0.01574074074074061
post,AM/PM,auditory_direction,7,-0.5175648573461862,1.0351297146923724,0.5111111111111112,0.5046296296296297,-0.0064814814814815325
post,AM/PM,auditory_direction,8,-0.4528692501779129,1.0351297146923724,0.5166666666666667,0.4944444444444444,-0.02222222222222231
post,AM/PM,auditory_direction,9,-0.3881736430096396,1.0351297146923724,0.4611111111111111,0.4944444444444444,0.033333333333333326
post,AM/PM,auditory_direction,10,-0.3234780358413663,1.0351297146923724,0.4703703703703704,0.5296296296296297,0.05925925925925929
post,AM/PM,auditory_direction,11,-0.2587824286730931,1.0351297146923724,0.4888888888888889,0.5120370370370371,0.023148148148148195
post,AM/PM,auditory_direction,12,-0.1940868215048198,1.0351297146923724,0.4833333333333334,0.4787037037037037,-0.004629629629629706
post,AM/PM,auditory_direction,13,-0.1293912143365465,1.0351297146923724,0.5037037037037038,0.5277777777777778,0.024074074074074026
post,AM/PM,auditory_direction,14,-0.0646956071682732,1.0351297146923724,0.5425925925925925,0.5194444444444445,-0.02314814814814803
post,AM/PM,auditory_direction,15,0.0,1.0351297146923724,0.4944444444444444,0.4805555555555555,-0.013888888888888895
post,AM/PM,auditory_direction,16,0.0646956071682732,1.0351297146923724,0.4925925925925926,0.5018518518518518,0.00925925925925919
post,AM/PM,auditory_direction,17,0.1293912143365465,1.0351297146923724,0.4851851851851852,0.4675925925925925,-0.017592592592592715
post,AM/PM,auditory_direction,18,0.1940868215048198,1.0351297146923724,0.4796296296296296,0.5277777777777777,0.04814814814814811
post,AM/PM,auditory_direction,19,0.2587824286730931,1.0351297146923724,0.5055555555555555,0.5157407407407407,0.010185185185185186
post,AM/PM,auditory_direction,20,0.3234780358413663,1.0351297146923724,0.5666666666666667,0.5814814814814814,0.014814814814814725
post,AM/PM,auditory_direction,21,0.3881736430096396,1.0351297146923724,0.6333333333333333,0.6444444444444446,0.011111111111111294
post,AM/PM,auditory_direction,22,0.4528692501779129,1.0351297146923724,0.6407407407407407,0.6203703703703705,-0.02037037037037026
post,AM/PM,auditory_direction,23,0.5175648573461862,1.0351297146923724,0.6648148148148147,0.6351851851851852,-0.02962962962962956
post,AM/PM,auditory_direction,24,0.5822604645144595,1.0351297146923724,0.6888888888888889,0.6175925925925926,-0.0712962962962963
post,AM/PM,auditory_direction,25,0.6469560716827327,1.0351297146923724,0.6777777777777778,0.6157407407407407,-0.06203703703703711
post,AM/PM,auditory_direction,26,0.711651678851006,1.0351297146923724,0.6703703703703704,0.5861111111111111,-0.08425925925925926
post,AM/PM,auditory_direction,27,0.7763472860192793,1.0351297146923724,0.6203703703703705,0.6240740740740741,0.0037037037037036535
post,AM/PM,auditory_direction,28,0.8410428931875525,1.0351297146923724,0.5981481481481481,0.6296296296296298,0.031481481481481666
post,AM/PM,auditory_direction,29,0.9057385003558258,1.0351297146923724,0.5703703703703704,0.6240740740740742,0.05370370370370381
post,AM/PM,auditory_direction,30,0.9704341075240992,1.0351297146923724,0.5740740740740742,0.586111111111111,0.012037037037036846
post,AM/PM,auditory_direction,31,1.0351297146923724,1.0351297146923724,0.6092592592592592,0.5842592592592593,-0.02499999999999991
post,AM/PM,auditory_direction,32,1.0998253218606455,1.0351297146923724,0.6222222222222223,0.5694444444444444,-0.05277777777777792
post,AM/PM,auditory_direction,33,1.164520929028919,1.0351297146923724,0.625925925925926,0.5666666666666667,-0.059259259259259345
post,AM/PM,auditory_direction,34,1.229216536197192,1.0351297146923724,0.612962962962963,0.576851851851852,-0.036111111111111094
post,AM/PM,auditory_direction,35,1.2939121433654657,1.0351297146923724,0.6277777777777779,0.5833333333333333,-0.04444444444444462
post,AM/PM,auditory_direction,36,1.3586077505337386,1.0351297146923724,0.6203703703703705,0.6092592592592592,-0.011111111111111294
post,AM/PM,auditory_direction,37,1.423303357702012,1.0351297146923724,0.5722222222222222,0.575,0.002777777777777768
post,AM/PM,auditory_direction,38,1.4879989648702852,1.0351297146923724,0.5851851851851853,0.5527777777777778,-0.03240740740740744
post,AM/PM,auditory_direction,39,1.5526945720385583,1.0351297146923724,0.5851851851851853,0.5546296296296297,-0.030555555555555558
post,AM/PM,auditory_direction,40,1.6173901792068317,1.0351297146923724,0.5203703703703704,0.5407407407407407,0.020370370370370372
post,AM/PM,auditory_direction,41,1.682085786375105,1.0351297146923724,0.5240740740740741,0.5481481481481482,0.024074074074074026
post,AM/PM,auditory_direction,42,1.7467813935433782,1.0351297146923724,0.5425925925925925,0.5564814814814816,0.013888888888889062
post,AM/PM,auditory_direction,43,1.8114770007116516,1.0351297146923724,0.524074074074074,0.549074074074074,0.025000000000000022
post,AM/PM,auditory_direction,44,1.8761726078799248,1.0351297146923724,0.4925925925925926,0.5675925925925926,0.07500000000000007
post,AM/PM,auditory_direction,45,1.9408682150481984,1.0351297146923724,0.4944444444444444,0.5666666666666667,0.07222222222222224
post,AM/PM,auditory_direction,46,2.0055638222164713,1.0351297146923724,0.5351851851851852,0.5777777777777777,0.042592592592592515
post,AM/PM,congruency,0,-0.9704341075240992,1.0351297146923724,0.4916666666666666,0.4680555555555555,-0.023611111111111083
post,AM/PM,congruency,1,-0.9057385003558258,1.0351297146923724,0.4916666666666667,0.4680555555555555,-0.023611111111111194
post,AM/PM,congruency,2,-0.8410428931875525,1.0351297146923724,0.4611111111111111,0.4458333333333333,-0.015277777777777779
post,AM/PM,congruency,3,-0.7763472860192793,1.0351297146923724,0.5000000000000001,0.5152777777777778,0.015277777777777724
post,AM/PM,congruency,4,-0.711651678851006,1.0351297146923724,0.4916666666666667,0.5041666666666667,0.012499999999999956
post,AM/PM,congruency,5,-0.6469560716827327,1.0351297146923724,0.4722222222222222,0.5430555555555555,0.0708333333333333
post,AM/PM,congruency,6,-0.5822604645144595,1.0351297146923724,0.4916666666666666,0.5055555555555555,0.01388888888888895
post,AM/PM,congruency,7,-0.5175648573461862,1.0351297146923724,0.4555555555555555,0.4513888888888889,-0.004166666666666596
post,AM/PM,congruency,8,-0.4528692501779129,1.0351297146923724,0.5277777777777777,0.4888888888888888,-0.03888888888888886
post,AM/PM,congruency,9,-0.3881736430096396,1.0351297146923724,0.5111111111111111,0.4777777777777777,-0.03333333333333338
post,AM/PM,congruency,10,-0.3234780358413663,1.0351297146923724,0.4805555555555555,0.5041666666666667,0.023611111111111138
post,AM/PM,congruency,11,-0.2587824286730931,1.0351297146923724,0.4916666666666666,0.4777777777777777,-0.013888888888888895
post,AM/PM,congruency,12,-0.1940868215048198,1.0351297146923724,0.5583333333333333,0.4819444444444444,-0.07638888888888895
post,AM/PM,congruency,13,-0.1293912143365465,1.0351297146923724,0.4555555555555555,0.4805555555555556,0.025000000000000133
post,AM/PM,congruency,14,-0.0646956071682732,1.0351297146923724,0.4833333333333333,0.4819444444444444,-0.001388888888888884
post,AM/PM,congruency,15,0.0,1.0351297146923724,0.5,0.4916666666666667,-0.008333333333333304
post,AM/PM,congruency,16,0.0646956071682732,1.0351297146923724,0.4583333333333333,0.5041666666666667,0.04583333333333334
post,AM/PM,congruency,17,0.1293912143365465,1.0351297146923724,0.5055555555555555,0.4763888888888888,-0.02916666666666673
post,AM/PM,congruency,18,0.1940868215048198,1.0351297146923724,0.4555555555555555,0.4902777777777777,0.03472222222222221
post,AM/PM,congruency,19,0.2587824286730931,1.0351297146923724,0.513888888888889,0.5041666666666667,-0.009722222222222299
post,AM/PM,congruency,20,0.3234780358413663,1.0351297146923724,0.5083333333333334,0.4972222222222222,-0.011111111111111238
post,AM/PM,congruency,21,0.3881736430096396,1.0351297146923724,0.5055555555555555,0.4777777777777778,-0.027777777777777735
post,AM/PM,congruency,22,0.4528692501779129,1.0351297146923724,0.4666666666666667,0.4708333333333333,0.004166666666666652
post,AM/PM,congruency,23,0.5175648573461862,1.0351297146923724,0.5361111111111111,0.5083333333333334,-0.02777777777777768
post,AM/PM,congruency,24,0.5822604645144595,1.0351297146923724,0.5000000000000001,0.5347222222222222,0.0347222222222221
post,AM/PM,congruency,25,0.6469560716827327,1.0351297146923724,0.4777777777777777,0.4944444444444444,0.01666666666666672
post,AM/PM,congruency,26,0.711651678851006,1.0351297146923724,0.5055555555555555,0.5083333333333333,0.002777777777777768
post,AM/PM,congruency,27,0.7763472860192793,1.0351297146923724,0.5111111111111112,0.4888888888888889,-0.02222222222222231
post,AM/PM,congruency,28,0.8410428931875525,1.0351297146923724,0.4972222222222222,0.4527777777777778,-0.0444444444444444
post,AM/PM,congruency,29,0.9057385003558258,1.0351297146923724,0.4555555555555555,0.4805555555555555,0.025000000000000022
post,AM/PM,congruency,30,0.9704341075240992,1.0351297146923724,0.5055555555555555,0.498611111111111,-0.006944444444444531
post,AM/PM,congruency,31,1.0351297146923724,1.0351297146923724,0.4888888888888889,0.4916666666666666,0.0027777777777777124
post,AM/PM,congruency,32,1.0998253218606455,1.0351297146923724,0.5111111111111111,0.5111111111111111,0.0
post,AM/PM,congruency,33,1.164520929028919,1.0351297146923724,0.5277777777777779,0.5180555555555556,-0.009722222222222299
post,AM/PM,congruency,34,1.229216536197192,1.0351297146923724,0.475,0.4875,0.012500000000000011
post,AM/PM,congruency,35,1.2939121433654657,1.0351297146923724,0.4916666666666667,0.4722222222222222,-0.019444444444444486
post,AM/PM,congruency,36,1.3586077505337386,1.0351297146923724,0.4944444444444444,0.4638888888888889,-0.030555555555555503
post,AM/PM,congruency,37,1.423303357702012,1.0351297146923724,0.5805555555555555,0.4888888888888889,-0.09166666666666662
post,AM/PM,congruency,38,1.4879989648702852,1.0351297146923724,0.5305555555555556,0.475,-0.05555555555555558
post,AM/PM,congruency,39,1.5526945720385583,1.0351297146923724,0.4722222222222222,0.4777777777777777,0.00555555555555548
post,AM/PM,congruency,40,1.6173901792068317,1.0351297146923724,0.513888888888889,0.4944444444444444,-0.019444444444444542
post,AM/PM,congruency,41,1.682085786375105,1.0351297146923724,0.4888888888888889,0.4652777777777778,-0.023611111111111083
post,AM/PM,congruency,42,1.7467813935433782,1.0351297146923724,0.5666666666666667,0.5,-0.06666666666666665
post,AM/PM,congruency,43,1.8114770007116516,1.0351297146923724,0.5361111111111112,0.5041666666666667,-0.03194444444444455
post,AM/PM,congruency,44,1.8761726078799248,1.0351297146923724,0.5083333333333334,0.4652777777777778,-0.043055555555555625
post,AM/PM,congruency,45,1.9408682150481984,1.0351297146923724,0.5416666666666667,0.4944444444444444,-0.04722222222222233
post,AM/PM,congruency,46,2.0055638222164713,1.0351297146923724,0.5750000000000001,0.4722222222222222,-0.10277777777777786
post,AM/PM,modality,0,-0.9704341075240992,1.0351297146923724,0.3425925925925926,0.3148148148148148,-0.02777777777777779
post,AM/PM,modality,1,-0.9057385003558258,1.0351297146923724,0.3462962962962962,0.3398148148148148,-0.0064814814814814214
post,AM/PM,modality,2,-0.8410428931875525,1.0351297146923724,0.3175925925925925,0.337962962962963,0.02037037037037054
post,AM/PM,modality,3,-0.7763472860192793,1.0351297146923724,0.312962962962963,0.3402777777777778,0.027314814814814792
post,AM/PM,modality,4,-0.711651678851006,1.0351297146923724,0.3259259259259259,0.3435185185185185,0.017592592592592604
post,AM/PM,modality,5,-0.6469560716827327,1.0351297146923724,0.3342592592592592,0.3458333333333333,0.011574074074074125
post,AM/PM,modality,6,-0.5822604645144595,1.0351297146923724,0.3046296296296296,0.337037037037037,0.03240740740740744
post,AM/PM,modality,7,-0.5175648573461862,1.0351297146923724,0.3277777777777778,0.3351851851851851,0.007407407407407307
post,AM/PM,modality,8,-0.4528692501779129,1.0351297146923724,0.3444444444444444,0.325,-0.019444444444444375
post,AM/PM,modality,9,-0.3881736430096396,1.0351297146923724,0.3685185185185185,0.3375,-0.0310185185185185
post,AM/PM,modality,10,-0.3234780358413663,1.0351297146923724,0.3287037037037037,0.3444444444444444,0.015740740740740666
post,AM/PM,modality,11,-0.2587824286730931,1.0351297146923724,0.3333333333333333,0.324537037037037,-0.008796296296296302
post,AM/PM,modality,12,-0.1940868215048198,1.0351297146923724,0.3277777777777778,0.3189814814814815,-0.008796296296296302
post,AM/PM,modality,13,-0.1293912143365465,1.0351297146923724,0.3787037037037036,0.3361111111111111,-0.042592592592592515
post,AM/PM,modality,14,-0.0646956071682732,1.0351297146923724,0.3537037037037037,0.3541666666666667,0.0004629629629629983
post,AM/PM,modality,15,0.0,1.0351297146923724,0.3574074074074074,0.3314814814814815,-0.025925925925925908
post,AM/PM,modality,16,0.0646956071682732,1.0351297146923724,0.324074074074074,0.3606481481481481,0.03657407407407409
post,AM/PM,modality,17,0.1293912143365465,1.0351297146923724,0.3731481481481481,0.3828703703703704,0.009722222222222299
post,AM/PM,modality,18,0.1940868215048198,1.0351297146923724,0.425,0.4717592592592593,0.046759259259259334
post,AM/PM,modality,19,0.2587824286730931,1.0351297146923724,0.5768518518518518,0.5652777777777778,-0.01157407407407407
post,AM/PM,modality,20,0.3234780358413663,1.0351297146923724,0.5425925925925925,0.5810185185185186,0.038425925925926085
post,AM/PM,modality,21,0.3881736430096396,1.0351297146923724,0.5592592592592592,0.6226851851851851,0.06342592592592589
post,AM/PM,modality,22,0.4528692501779129,1.0351297146923724,0.5462962962962963,0.6828703703703705,0.13657407407407418
post,AM/PM,modality,23,0.5175648573461862,1.0351297146923724,0.5592592592592592,0.725925925925926,0.16666666666666674
post,AM/PM,modality,24,0.5822604645144595,1.0351297146923724,0.5287037037037037,0.7402777777777778,0.21157407407407414
post,AM/PM,modality,25,0.6469560716827327,1.0351297146923724,0.55,0.7277777777777777,0.1777777777777777
post,AM/PM,modality,26,0.711651678851006,1.0351297146923724,0.5444444444444445,0.7458333333333333,0.20138888888888884
post,AM/PM,modality,27,0.7763472860192793,1.0351297146923724,0.5944444444444444,0.7810185185185184,0.186574074074074
post,AM/PM,modality,28,0.8410428931875525,1.0351297146923724,0.6055555555555555,0.7939814814814814,0.18842592592592589
post,AM/PM,modality,29,0.9057385003558258,1.0351297146923724,0.6157407407407407,0.8023148148148147,0.186574074074074
post,AM/PM,modality,30,0.9704341075240992,1.0351297146923724,0.6074074074074074,0.7870370370370372,0.1796296296296298
post,AM/PM,modality,31,1.0351297146923724,1.0351297146923724,0.624074074074074,0.7884259259259259,0.16435185185185186
post,AM/PM,modality,32,1.0998253218606455,1.0351297146923724,0.6361111111111111,0.8097222222222222,0.17361111111111116
post,AM/PM,modality,33,1.164520929028919,1.0351297146923724,0.65,0.7907407407407407,0.14074074074074072
post,AM/PM,modality,34,1.229216536197192,1.0351297146923724,0.6129629629629629,0.8208333333333333,0.20787037037037037
post,AM/PM,modality,35,1.2939121433654657,1.0351297146923724,0.6287037037037038,0.7884259259259259,0.1597222222222221
post,AM/PM,modality,36,1.3586077505337386,1.0351297146923724,0.6490740740740741,0.7828703703703703,0.1337962962962962
post,AM/PM,modality,37,1.423303357702012,1.0351297146923724,0.6074074074074074,0.7986111111111112,0.19120370370370376
post,AM/PM,modality,38,1.4879989648702852,1.0351297146923724,0.6333333333333334,0.7865740740740742,0.1532407407407408
post,AM/PM,modality,39,1.5526945720385583,1.0351297146923724,0.562962962962963,0.7722222222222221,0.20925925925925914
post,AM/PM,modality,40,1.6173901792068317,1.0351297146923724,0.586111111111111,0.7611111111111111,0.17500000000000004
post,AM/PM,modality,41,1.682085786375105,1.0351297146923724,0.5564814814814815,0.7523148148148149,0.19583333333333341
post,AM/PM,modality,42,1.7467813935433782,1.0351297146923724,0.5666666666666667,0.7467592592592592,0.18009259259259258
post,AM/PM,modality,43,1.8114770007116516,1.0351297146923724,0.5361111111111111,0.7583333333333333,0.2222222222222222
post,AM/PM,modality,44,1.8761726078799248,1.0351297146923724,0.5259259259259259,0.7476851851851851,0.2217592592592592
post,AM/PM,modality,45,1.9408682150481984,1.0351297146923724,0.4722222222222221,0.7125,0.24027777777777792
post,AM/PM,modality,46,2.0055638222164713,1.0351297146923724,0.4435185185185185,0.7027777777777777,0.25925925925925924
post,AM/PM,trial_type,0,-0.9704341075240992,1.0351297146923724,0.1208333333333333,0.1256944444444444,0.00486111111111108
post,AM/PM,trial_type,1,-0.9057385003558258,1.0351297146923724,0.1055555555555555,0.1291666666666666,0.023611111111111097
post,AM/PM,trial_type,2,-0.8410428931875525,1.0351297146923724,0.1111111111111111,0.1166666666666666,0.005555555555555494
post,AM/PM,trial_type,3,-0.7763472860192793,1.0351297146923724,0.1194444444444444,0.1180555555555555,-0.0013888888888888978
post,AM/PM,trial_type,4,-0.711651678851006,1.0351297146923724,0.1097222222222222,0.11875,0.009027777777777801
post,AM/PM,trial_type,5,-0.6469560716827327,1.0351297146923724,0.1333333333333333,0.1180555555555555,-0.015277777777777807
post,AM/PM,trial_type,6,-0.5822604645144595,1.0351297146923724,0.1291666666666666,0.1388888888888889,0.009722222222222299
post,AM/PM,trial_type,7,-0.5175648573461862,1.0351297146923724,0.1180555555555555,0.1249999999999999,0.006944444444444406
post,AM/PM,trial_type,8,-0.4528692501779129,1.0351297146923724,0.1541666666666666,0.1270833333333333,-0.027083333333333293
post,AM/PM,trial_type,9,-0.3881736430096396,1.0351297146923724,0.1083333333333333,0.1305555555555555,0.022222222222222213
post,AM/PM,trial_type,10,-0.3234780358413663,1.0351297146923724,0.1152777777777777,0.1222222222222222,0.006944444444444503
post,AM/PM,trial_type,11,-0.2587824286730931,1.0351297146923724,0.1277777777777777,0.1166666666666666,-0.011111111111111113
post,AM/PM,trial_type,12,-0.1940868215048198,1.0351297146923724,0.1277777777777777,0.1020833333333333,-0.02569444444444441
post,AM/PM,trial_type,13,-0.1293912143365465,1.0351297146923724,0.1597222222222222,0.1166666666666666,-0.04305555555555561
post,AM/PM,trial_type,14,-0.0646956071682732,1.0351297146923724,0.1347222222222222,0.1368055555555555,0.002083333333333326
post,AM/PM,trial_type,15,0.0,1.0351297146923724,0.1180555555555555,0.1368055555555555,0.018750000000000017
post,AM/PM,trial_type,16,0.0646956071682732,1.0351297146923724,0.1430555555555555,0.1451388888888888,0.002083333333333298
post,AM/PM,trial_type,17,0.1293912143365465,1.0351297146923724,0.1305555555555555,0.14375,0.01319444444444448
post,AM/PM,trial_type,18,0.1940868215048198,1.0351297146923724,0.1805555555555555,0.1784722222222222,-0.002083333333333298
post,AM/PM,trial_type,19,0.2587824286730931,1.0351297146923724,0.2541666666666667,0.30625,0.052083333333333315
post,AM/PM,trial_type,20,0.3234780358413663,1.0351297146923724,0.2611111111111111,0.3902777777777777,0.1291666666666666
post,AM/PM,trial_type,21,0.3881736430096396,1.0351297146923724,0.2736111111111111,0.4354166666666667,0.1618055555555556
post,AM/PM,trial_type,22,0.4528692501779129,1.0351297146923724,0.2902777777777777,0.4645833333333333,0.1743055555555556
post,AM/PM,trial_type,23,0.5175648573461862,1.0351297146923724,0.3083333333333333,0.5090277777777777,0.20069444444444445
post,AM/PM,trial_type,24,0.5822604645144595,1.0351297146923724,0.2833333333333334,0.5166666666666667,0.23333333333333334
post,AM/PM,trial_type,25,0.6469560716827327,1.0351297146923724,0.2861111111111111,0.4805555555555555,0.19444444444444442
post,AM/PM,trial_type,26,0.711651678851006,1.0351297146923724,0.2583333333333333,0.4993055555555555,0.2409722222222222
post,AM/PM,trial_type,27,0.7763472860192793,1.0351297146923724,0.3,0.5222222222222221,0.22222222222222215
post,AM/PM,trial_type,28,0.8410428931875525,1.0351297146923724,0.2722222222222222,0.5034722222222223,0.23125000000000012
post,AM/PM,trial_type,29,0.9057385003558258,1.0351297146923724,0.2708333333333333,0.4930555555555556,0.22222222222222227
post,AM/PM,trial_type,30,0.9704341075240992,1.0351297146923724,0.275,0.5083333333333333,0.23333333333333328
post,AM/PM,trial_type,31,1.0351297146923724,1.0351297146923724,0.2930555555555555,0.4944444444444444,0.2013888888888889
post,AM/PM,trial_type,32,1.0998253218606455,1.0351297146923724,0.3152777777777777,0.5138888888888888,0.19861111111111113
post,AM/PM,trial_type,33,1.164520929028919,1.0351297146923724,0.3055555555555555,0.5083333333333333,0.20277777777777778
post,AM/PM,trial_type,34,1.229216536197192,1.0351297146923724,0.323611111111111,0.5263888888888889,0.2027777777777779
post,AM/PM,trial_type,35,1.2939121433654657,1.0351297146923724,0.325,0.4875,0.16249999999999998
post,AM/PM,trial_type,36,1.3586077505337386,1.0351297146923724,0.3,0.4833333333333332,0.18333333333333324
post,AM/PM,trial_type,37,1.423303357702012,1.0351297146923724,0.2847222222222222,0.4805555555555555,0.1958333333333333
post,AM/PM,trial_type,38,1.4879989648702852,1.0351297146923724,0.275,0.4944444444444444,0.2194444444444444
post,AM/PM,trial_type,39,1.5526945720385583,1.0351297146923724,0.2722222222222222,0.4513888888888888,0.17916666666666659
post,AM/PM,trial_type,40,1.6173901792068317,1.0351297146923724,0.2819444444444444,0.4673611111111111,0.18541666666666673
post,AM/PM,trial_type,41,1.682085786375105,1.0351297146923724,0.2458333333333333,0.4465277777777777,0.2006944444444444
post,AM/PM,trial_type,42,1.7467813935433782,1.0351297146923724,0.2180555555555555,0.4729166666666667,0.2548611111111112
post,AM/PM,trial_type,43,1.8114770007116516,1.0351297146923724,0.2541666666666667,0.4527777777777777,0.19861111111111102
post,AM/PM,trial_type,44,1.8761726078799248,1.0351297146923724,0.2041666666666666,0.4590277777777778,0.2548611111111112
post,AM/PM,trial_type,45,1.9408682150481984,1.0351297146923724,0.2333333333333333,0.4249999999999999,0.19166666666666657
post,AM/PM,trial_type,46,2.0055638222164713,1.0351297146923724,0.1888888888888888,0.4034722222222222,0.21458333333333338
post,AM/PM,visual_direction,0,-0.9704341075240992,1.0351297146923724,0.5314814814814814,0.5101851851851851,-0.02129629629629637
post,AM/PM,visual_direction,1,-0.9057385003558258,1.0351297146923724,0.4703703703703703,0.5027777777777778,0.03240740740740744
post,AM/PM,visual_direction,2,-0.8410428931875525,1.0351297146923724,0.4814814814814815,0.4648148148148148,-0.01666666666666672
post,AM/PM,visual_direction,3,-0.7763472860192793,1.0351297146923724,0.4444444444444445,0.4953703703703703,0.05092592592592582
post,AM/PM,visual_direction,4,-0.711651678851006,1.0351297146923724,0.4888888888888888,0.4712962962962963,-0.017592592592592493
post,AM/PM,visual_direction,5,-0.6469560716827327,1.0351297146923724,0.4925925925925926,0.5074074074074074,0.014814814814814836
post,AM/PM,visual_direction,6,-0.5822604645144595,1.0351297146923724,0.4277777777777778,0.4740740740740741,0.04629629629629628
post,AM/PM,visual_direction,7,-0.5175648573461862,1.0351297146923724,0.474074074074074,0.5018518518518519,0.0277777777777779
post,AM/PM,visual_direction,8,-0.4528692501779129,1.0351297146923724,0.4851851851851852,0.5,0.01481481481481478
post,AM/PM,visual_direction,9,-0.3881736430096396,1.0351297146923724,0.4981481481481482,0.4842592592592592,-0.01388888888888895
post,AM/PM,visual_direction,10,-0.3234780358413663,1.0351297146923724,0.5203703703703704,0.4851851851851851,-0.035185185185185264
post,AM/PM,visual_direction,11,-0.2587824286730931,1.0351297146923724,0.4944444444444443,0.4814814814814814,-0.012962962962962898
post,AM/PM,visual_direction,12,-0.1940868215048198,1.0351297146923724,0.5351851851851852,0.4583333333333333,-0.0768518518518519
post,AM/PM,visual_direction,13,-0.1293912143365465,1.0351297146923724,0.5018518518518519,0.4555555555555555,-0.04629629629629639
post,AM/PM,visual_direction,14,-0.0646956071682732,1.0351297146923724,0.5037037037037037,0.4833333333333333,-0.020370370370370372
post,AM/PM,visual_direction,15,0.0,1.0351297146923724,0.5018518518518518,0.4898148148148148,-0.012037037037036957
post,AM/PM,visual_direction,16,0.0646956071682732,1.0351297146923724,0.4962962962962963,0.4796296296296296,-0.01666666666666672
post,AM/PM,visual_direction,17,0.1293912143365465,1.0351297146923724,0.5074074074074073,0.4685185185185185,-0.038888888888888806
post,AM/PM,visual_direction,18,0.1940868215048198,1.0351297146923724,0.5499999999999999,0.475925925925926,-0.07407407407407396
post,AM/PM,visual_direction,19,0.2587824286730931,1.0351297146923724,0.6314814814814815,0.8194444444444445,0.187962962962963
post,AM/PM,visual_direction,20,0.3234780358413663,1.0351297146923724,0.6814814814814815,0.9101851851851852,0.22870370370370374
post,AM/PM,visual_direction,21,0.3881736430096396,1.0351297146923724,0.6277777777777779,0.9472222222222222,0.3194444444444443
post,AM/PM,visual_direction,22,0.4528692501779129,1.0351297146923724,0.5740740740740741,0.9648148148148148,0.3907407407407407
post,AM/PM,visual_direction,23,0.5175648573461862,1.0351297146923724,0.6166666666666666,0.976851851851852,0.3601851851851854
post,AM/PM,visual_direction,24,0.5822604645144595,1.0351297146923724,0.5685185185185185,0.9805555555555556,0.4120370370370371
post,AM/PM,visual_direction,25,0.6469560716827327,1.0351297146923724,0.6092592592592594,0.9796296296296296,0.37037037037037024
post,AM/PM,visual_direction,26,0.711651678851006,1.0351297146923724,0.5888888888888889,0.962962962962963,0.3740740740740741
post,AM/PM,visual_direction,27,0.7763472860192793,1.0351297146923724,0.55,0.9416666666666668,0.3916666666666667
post,AM/PM,visual_direction,28,0.8410428931875525,1.0351297146923724,0.5703703703703703,0.912962962962963,0.34259259259259267
post,AM/PM,visual_direction,29,0.9057385003558258,1.0351297146923724,0.6074074074074074,0.914814814814815,0.3074074074074076
post,AM/PM,visual_direction,30,0.9704341075240992,1.0351297146923724,0.6166666666666668,0.9148148148148147,0.29814814814814794
post,AM/PM,visual_direction,31,1.0351297146923724,1.0351297146923724,0.6333333333333333,0.9444444444444444,0.3111111111111111
post,AM/PM,visual_direction,32,1.0998253218606455,1.0351297146923724,0.6148148148148148,0.9537037037037036,0.3388888888888888
post,AM/PM,visual_direction,33,1.164520929028919,1.0351297146923724,0.6166666666666666,0.9527777777777776,0.336111111111111
post,AM/PM,visual_direction,34,1.229216536197192,1.0351297146923724,0.6407407407407406,0.962037037037037,0.3212962962962964
post,AM/PM,visual_direction,35,1.2939121433654657,1.0351297146923724,0.6481481481481483,0.9555555555555556,0.30740740740740735
post,AM/PM,visual_direction,36,1.3586077505337386,1.0351297146923724,0.6722222222222222,0.9379629629629628,0.2657407407407406
post,AM/PM,visual_direction,37,1.423303357702012,1.0351297146923724,0.638888888888889,0.9444444444444444,0.30555555555555547
post,AM/PM,visual_direction,38,1.4879989648702852,1.0351297146923724,0.6277777777777777,0.9296296296296296,0.3018518518518519
post,AM/PM,visual_direction,39,1.5526945720385583,1.0351297146923724,0.6296296296296295,0.926851851851852,0.2972222222222225
post,AM/PM,visual_direction,40,1.6173901792068317,1.0351297146923724,0.6166666666666667,0.9240740740740742,0.30740740740740746
post,AM/PM,visual_direction,41,1.682085786375105,1.0351297146923724,0.6703703703703704,0.9092592592592592,0.23888888888888882
post,AM/PM,visual_direction,42,1.7467813935433782,1.0351297146923724,0.5796296296296296,0.9064814814814814,0.32685185185185184
post,AM/PM,visual_direction,43,1.8114770007116516,1.0351297146923724,0.6037037037037037,0.8972222222222224,0.2935185185185186
post,AM/PM,visual_direction,44,1.8761726078799248,1.0351297146923724,0.5851851851851853,0.8814814814814814,0.29629629629629617
post,AM/PM,visual_direction,45,1.9408682150481984,1.0351297146923724,0.5833333333333334,0.8675925925925926,0.2842592592592592
post,AM/PM,visual_direction,46,2.0055638222164713,1.0351297146923724,0.5907407407407408,0.8472222222222223,0.25648148148148153
post,A/RL/AL,auditory_direction,0,-0.9704341075240992,1.0351297146923724,0.5095679012345679,0.5166666666666666,0.0070987654320987525
post,A/RL/AL,auditory_direction,1,-0.9057385003558258,1.0351297146923724,0.5138888888888888,0.5171296296296296,0.0032407407407407662
post,A/RL/AL,auditory_direction,2,-0.8410428931875525,1.0351297146923724,0.5212962962962963,0.4949074074074074,-0.02638888888888885
post,A/RL/AL,auditory_direction,3,-0.7763472860192793,1.0351297146923724,0.5037037037037037,0.5069444444444444,0.0032407407407407662
post,A/RL/AL,auditory_direction,4,-0.711651678851006,1.0351297146923724,0.4839506172839505,0.5027777777777778,0.018827160493827266
post,A/RL/AL,auditory_direction,5,-0.6469560716827327,1.0351297146923724,0.5092592592592593,0.4888888888888888,-0.020370370370370483
post,A/RL/AL,auditory_direction,6,-0.5822604645144595,1.0351297146923724,0.5012345679012346,0.5106481481481482,0.009413580246913633
post,A/RL/AL,auditory_direction,7,-0.5175648573461862,1.0351297146923724,0.5061728395061729,0.4893518518518518,-0.01682098765432105
post,A/RL/AL,auditory_direction,8,-0.4528692501779129,1.0351297146923724,0.5185185185185185,0.5032407407407407,-0.015277777777777835
post,A/RL/AL,auditory_direction,9,-0.3881736430096396,1.0351297146923724,0.4771604938271604,0.5152777777777777,0.03811728395061731
post,A/RL/AL,auditory_direction,10,-0.3234780358413663,1.0351297146923724,0.5037037037037037,0.4939814814814814,-0.009722222222222243
post,A/RL/AL,auditory_direction,11,-0.2587824286730931,1.0351297146923724,0.4959876543209876,0.4958333333333333,-0.00015432098765433278
post,A/RL/AL,auditory_direction,12,-0.1940868215048198,1.0351297146923724,0.5083333333333333,0.5087962962962963,0.0004629629629629983
post,A/RL/AL,auditory_direction,13,-0.1293912143365465,1.0351297146923724,0.5175925925925926,0.5055555555555555,-0.012037037037037068
post,A/RL/AL,auditory_direction,14,-0.0646956071682732,1.0351297146923724,0.512962962962963,0.512962962962963,0.0
post,A/RL/AL,auditory_direction,15,0.0,1.0351297146923724,0.4993827160493826,0.4921296296296296,-0.00725308641975303
post,A/RL/AL,auditory_direction,16,0.0646956071682732,1.0351297146923724,0.4996913580246914,0.5032407407407408,0.0035493827160493763
post,A/RL/AL,auditory_direction,17,0.1293912143365465,1.0351297146923724,0.5095679012345679,0.5013888888888889,-0.008179012345678971
post,A/RL/AL,auditory_direction,18,0.1940868215048198,1.0351297146923724,0.5262345679012346,0.5615740740740741,0.03533950617283954
post,A/RL/AL,auditory_direction,19,0.2587824286730931,1.0351297146923724,0.5669753086419753,0.561574074074074,-0.005401234567901314
post,A/RL/AL,auditory_direction,20,0.3234780358413663,1.0351297146923724,0.6043209876543211,0.5671296296296297,-0.03719135802469142
post,A/RL/AL,auditory_direction,21,0.3881736430096396,1.0351297146923724,0.6012345679012346,0.5740740740740741,-0.02716049382716057
post,A/RL/AL,auditory_direction,22,0.4528692501779129,1.0351297146923724,0.6,0.5745370370370371,-0.02546296296296291
post,A/RL/AL,auditory_direction,23,0.5175648573461862,1.0351297146923724,0.6351851851851852,0.5796296296296297,-0.05555555555555547
post,A/RL/AL,auditory_direction,24,0.5822604645144595,1.0351297146923724,0.6228395061728396,0.5583333333333333,-0.06450617283950622
post,A/RL/AL,auditory_direction,25,0.6469560716827327,1.0351297146923724,0.6395061728395061,0.5694444444444444,-0.07006172839506164
post,A/RL/AL,auditory_direction,26,0.711651678851006,1.0351297146923724,0.6166666666666667,0.5699074074074074,-0.04675925925925928
post,A/RL/AL,auditory_direction,27,0.7763472860192793,1.0351297146923724,0.6240740740740741,0.562962962962963,-0.061111111111111116
post,A/RL/AL,auditory_direction,28,0.8410428931875525,1.0351297146923724,0.5873456790123457,0.5337962962962963,-0.053549382716049365
post,A/RL/AL,auditory_direction,29,0.9057385003558258,1.0351297146923724,0.5787037037037037,0.5546296296296296,-0.024074074074074137
post,A/RL/AL,auditory_direction,30,0.9704341075240992,1.0351297146923724,0.562962962962963,0.537037037037037,-0.02592592592592602
post,A/RL/AL,auditory_direction,31,1.0351297146923724,1.0351297146923724,0.5728395061728394,0.5680555555555555,-0.004783950617283872
post,A/RL/AL,auditory_direction,32,1.0998253218606455,1.0351297146923724,0.5932098765432099,0.549537037037037,-0.043672839506172845
post,A/RL/AL,auditory_direction,33,1.164520929028919,1.0351297146923724,0.6027777777777777,0.5601851851851852,-0.042592592592592515
post,A/RL/AL,auditory_direction,34,1.229216536197192,1.0351297146923724,0.6033950617283951,0.5805555555555556,-0.022839506172839474
post,A/RL/AL,auditory_direction,35,1.2939121433654657,1.0351297146923724,0.5895061728395062,0.5652777777777778,-0.02422839506172847
post,A/RL/AL,auditory_direction,36,1.3586077505337386,1.0351297146923724,0.5919753086419753,0.5689814814814815,-0.022993827160493807
post,A/RL/AL,auditory_direction,37,1.423303357702012,1.0351297146923724,0.5842592592592593,0.5583333333333333,-0.025925925925925908
post,A/RL/AL,auditory_direction,38,1.4879989648702852,1.0351297146923724,0.5712962962962963,0.5259259259259259,-0.045370370370370394
post,A/RL/AL,auditory_direction,39,1.5526945720385583,1.0351297146923724,0.5725308641975309,0.5356481481481482,-0.03688271604938265
post,A/RL/AL,auditory_direction,40,1.6173901792068317,1.0351297146923724,0.5651234567901234,0.5333333333333333,-0.03179012345679011
post,A/RL/AL,auditory_direction,41,1.682085786375105,1.0351297146923724,0.5626543209876543,0.5476851851851852,-0.014969135802469169
post,A/RL/AL,auditory_direction,42,1.7467813935433782,1.0351297146923724,0.5555555555555556,0.5555555555555556,0.0
post,A/RL/AL,auditory_direction,43,1.8114770007116516,1.0351297146923724,0.5379629629629629,0.5421296296296296,0.004166666666666763
post,A/RL/AL,auditory_direction,44,1.8761726078799248,1.0351297146923724,0.5546296296296296,0.5402777777777779,-0.014351851851851727
post,A/RL/AL,auditory_direction,45,1.9408682150481984,1.0351297146923724,0.5561728395061728,0.5361111111111111,-0.020061728395061706
post,A/RL/AL,auditory_direction,46,2.0055638222164713,1.0351297146923724,0.553395061728395,0.5291666666666667,-0.02422839506172836
post,A/RL/AL,congruency,0,-0.9704341075240992,1.0351297146923724,0.5148148148148147,0.5048611111111111,-0.009953703703703631
post,A/RL/AL,congruency,1,-0.9057385003558258,1.0351297146923724,0.4944444444444444,0.5,0.005555555555555591
post,A/RL/AL,congruency,2,-0.8410428931875525,1.0351297146923724,0.5152777777777778,0.4972222222222222,-0.018055555555555658
post,A/RL/AL,congruency,3,-0.7763472860192793,1.0351297146923724,0.5050925925925925,0.5048611111111112,-0.00023148148148133263
post,A/RL/AL,congruency,4,-0.711651678851006,1.0351297146923724,0.4833333333333333,0.5034722222222222,0.02013888888888893
post,A/RL/AL,congruency,5,-0.6469560716827327,1.0351297146923724,0.4921296296296296,0.5125000000000001,0.020370370370370483
post,A/RL/AL,congruency,6,-0.5822604645144595,1.0351297146923724,0.4796296296296296,0.479861111111111,0.00023148148148144365
post,A/RL/AL,congruency,7,-0.5175648573461862,1.0351297146923724,0.5138888888888888,0.4930555555555555,-0.020833333333333315
post,A/RL/AL,congruency,8,-0.4528692501779129,1.0351297146923724,0.4939814814814815,0.4777777777777777,-0.01620370370370383
post,A/RL/AL,congruency,9,-0.3881736430096396,1.0351297146923724,0.4972222222222222,0.4895833333333333,-0.007638888888888862
post,A/RL/AL,congruency,10,-0.3234780358413663,1.0351297146923724,0.525,0.4868055555555555,-0.03819444444444453
post,A/RL/AL,congruency,11,-0.2587824286730931,1.0351297146923724,0.5273148148148148,0.5048611111111111,-0.022453703703703698
post,A/RL/AL,congruency,12,-0.1940868215048198,1.0351297146923724,0.5157407407407407,0.4965277777777778,-0.01921296296296293
post,A/RL/AL,congruency,13,-0.1293912143365465,1.0351297146923724,0.4893518518518518,0.5097222222222223,0.020370370370370483
post,A/RL/AL,congruency,14,-0.0646956071682732,1.0351297146923724,0.5263888888888889,0.5083333333333333,-0.018055555555555602
post,A/RL/AL,congruency,15,0.0,1.0351297146923724,0.5041666666666667,0.4951388888888888,-0.009027777777777857
post,A/RL/AL,congruency,16,0.0646956071682732,1.0351297146923724,0.5092592592592593,0.4916666666666667,-0.017592592592592604
post,A/RL/AL,congruency,17,0.1293912143365465,1.0351297146923724,0.5171296296296296,0.4777777777777777,-0.039351851851851916
post,A/RL/AL,congruency,18,0.1940868215048198,1.0351297146923724,0.4828703703703703,0.5020833333333333,0.019212962962963043
post,A/RL/AL,congruency,19,0.2587824286730931,1.0351297146923724,0.4939814814814814,0.5,0.00601851851851859
post,A/RL/AL,congruency,20,0.3234780358413663,1.0351297146923724,0.4875,0.4645833333333333,-0.022916666666666696
post,A/RL/AL,congruency,21,0.3881736430096396,1.0351297146923724,0.4810185185185185,0.4833333333333333,0.0023148148148147696
post,A/RL/AL,congruency,22,0.4528692501779129,1.0351297146923724,0.4796296296296296,0.4826388888888889,0.0030092592592593226
post,A/RL/AL,congruency,23,0.5175648573461862,1.0351297146923724,0.5060185185185184,0.4979166666666667,-0.008101851851851749
post,A/RL/AL,congruency,24,0.5822604645144595,1.0351297146923724,0.5087962962962963,0.4993055555555555,-0.0094907407407408
post,A/RL/AL,congruency,25,0.6469560716827327,1.0351297146923724,0.4805555555555555,0.4993055555555555,0.01874999999999999
post,A/RL/AL,congruency,26,0.711651678851006,1.0351297146923724,0.4805555555555555,0.5076388888888889,0.027083333333333348
post,A/RL/AL,congruency,27,0.7763472860192793,1.0351297146923724,0.4851851851851852,0.4715277777777777,-0.013657407407407507
post,A/RL/AL,congruency,28,0.8410428931875525,1.0351297146923724,0.4837962962962963,0.5166666666666667,0.03287037037037044
post,A/RL/AL,congruency,29,0.9057385003558258,1.0351297146923724,0.4777777777777778,0.5194444444444444,0.041666666666666574
post,A/RL/AL,congruency,30,0.9704341075240992,1.0351297146923724,0.4953703703703703,0.4923611111111111,-0.0030092592592592116
post,A/RL/AL,congruency,31,1.0351297146923724,1.0351297146923724,0.4694444444444444,0.4881944444444445,0.0187500000000001
post,A/RL/AL,congruency,32,1.0998253218606455,1.0351297146923724,0.4847222222222222,0.5118055555555555,0.027083333333333293
post,A/RL/AL,congruency,33,1.164520929028919,1.0351297146923724,0.5055555555555555,0.5069444444444444,0.001388888888888884
post,A/RL/AL,congruency,34,1.229216536197192,1.0351297146923724,0.5120370370370371,0.479861111111111,-0.03217592592592605
post,A/RL/AL,congruency,35,1.2939121433654657,1.0351297146923724,0.4949074074074074,0.5125000000000001,0.01759259259259266
post,A/RL/AL,congruency,36,1.3586077505337386,1.0351297146923724,0.5125000000000001,0.507638888888889,-0.004861111111111094
post,A/RL/AL,congruency,37,1.423303357702012,1.0351297146923724,0.4875,0.5013888888888889,0.013888888888888895
post,A/RL/AL,congruency,38,1.4879989648702852,1.0351297146923724,0.4921296296296296,0.4798611111111112,-0.012268518518518401
post,A/RL/AL,congruency,39,1.5526945720385583,1.0351297146923724,0.4824074074074074,0.5055555555555555,0.02314814814814814
post,A/RL/AL,congruency,40,1.6173901792068317,1.0351297146923724,0.4898148148148148,0.5083333333333333,0.01851851851851849
post,A/RL/AL,congruency,41,1.682085786375105,1.0351297146923724,0.4875,0.4763888888888888,-0.011111111111111183
post,A/RL/AL,congruency,42,1.7467813935433782,1.0351297146923724,0.487037037037037,0.4611111111111111,-0.025925925925925908
post,A/RL/AL,congruency,43,1.8114770007116516,1.0351297146923724,0.4953703703703704,0.4944444444444444,-0.0009259259259259967
post,A/RL/AL,congruency,44,1.8761726078799248,1.0351297146923724,0.499537037037037,0.4875,-0.012037037037037013
post,A/RL/AL,congruency,45,1.9408682150481984,1.0351297146923724,0.5032407407407408,0.5111111111111112,0.007870370370370416
post,A/RL/AL,congruency,46,2.0055638222164713,1.0351297146923724,0.500462962962963,0.5145833333333333,0.014120370370370283
post,A/RL/AL,modality,0,-0.9704341075240992,1.0351297146923724,0.3294753086419753,0.3298611111111111,0.00038580246913583194
post,A/RL/AL,modality,1,-0.9057385003558258,1.0351297146923724,0.3339506172839506,0.3546296296296296,0.020679012345678982
post,A/RL/AL,modality,2,-0.8410428931875525,1.0351297146923724,0.3396604938271605,0.3300925925925926,-0.00956790123456791
post,A/RL/AL,modality,3,-0.7763472860192793,1.0351297146923724,0.3404320987654321,0.3203703703703704,-0.020061728395061706
post,A/RL/AL,modality,4,-0.711651678851006,1.0351297146923724,0.3324074074074074,0.343287037037037,0.010879629629629628
post,A/RL/AL,modality,5,-0.6469560716827327,1.0351297146923724,0.3361111111111111,0.3356481481481481,-0.0004629629629629983
post,A/RL/AL,modality,6,-0.5822604645144595,1.0351297146923724,0.3433641975308641,0.3326388888888889,-0.01072530864197524
post,A/RL/AL,modality,7,-0.5175648573461862,1.0351297146923724,0.3354938271604938,0.3344907407407407,-0.0010030864197531075
post,A/RL/AL,modality,8,-0.4528692501779129,1.0351297146923724,0.3376543209876543,0.3444444444444444,0.006790123456790087
post,A/RL/AL,modality,9,-0.3881736430096396,1.0351297146923724,0.3385802469135802,0.3472222222222222,0.008641975308642025
post,A/RL/AL,modality,10,-0.3234780358413663,1.0351297146923724,0.3381172839506173,0.3430555555555555,0.004938271604938205
post,A/RL/AL,modality,11,-0.2587824286730931,1.0351297146923724,0.3350308641975308,0.3335648148148148,-0.0014660493827159948
post,A/RL/AL,modality,12,-0.1940868215048198,1.0351297146923724,0.3523148148148148,0.3377314814814814,-0.014583333333333393
post,A/RL/AL,modality,13,-0.1293912143365465,1.0351297146923724,0.3334876543209876,0.34375,0.010262345679012408
post,A/RL/AL,modality,14,-0.0646956071682732,1.0351297146923724,0.3421296296296296,0.3418981481481482,-0.00023148148148144365
post,A/RL/AL,modality,15,0.0,1.0351297146923724,0.3347222222222222,0.3541666666666667,0.019444444444444486
post,A/RL/AL,modality,16,0.0646956071682732,1.0351297146923724,0.3461419753086419,0.35625,0.01010802469135813
post,A/RL/AL,modality,17,0.1293912143365465,1.0351297146923724,0.3546296296296296,0.3631944444444444,0.008564814814814803
post,A/RL/AL,modality,18,0.1940868215048198,1.0351297146923724,0.4137345679012346,0.4995370370370371,0.08580246913580253
post,A/RL/AL,modality,19,0.2587824286730931,1.0351297146923724,0.5876543209876544,0.6671296296296296,0.07947530864197527
post,A/RL/AL,modality,20,0.3234780358413663,1.0351297146923724,0.6242283950617283,0.6752314814814814,0.05100308641975304
post,A/RL/AL,modality,21,0.3881736430096396,1.0351297146923724,0.6319444444444444,0.7050925925925926,0.07314814814814818
post,A/RL/AL,modality,22,0.4528692501779129,1.0351297146923724,0.6669753086419754,0.7215277777777778,0.05455246913580236
post,A/RL/AL,modality,23,0.5175648573461862,1.0351297146923724,0.6794753086419753,0.7347222222222223,0.055246913580247026
post,A/RL/AL,modality,24,0.5822604645144595,1.0351297146923724,0.6933641975308641,0.7620370370370371,0.06867283950617298
post,A/RL/AL,modality,25,0.6469560716827327,1.0351297146923724,0.7270061728395062,0.768287037037037,0.04128086419753085
post,A/RL/AL,modality,26,0.711651678851006,1.0351297146923724,0.7282407407407407,0.7703703703703704,0.04212962962962963
post,A/RL/AL,modality,27,0.7763472860192793,1.0351297146923724,0.7441358024691359,0.7710648148148148,0.026929012345678904
post,A/RL/AL,modality,28,0.8410428931875525,1.0351297146923724,0.7575617283950616,0.7761574074074075,0.018595679012345823
post,A/RL/AL,modality,29,0.9057385003558258,1.0351297146923724,0.7484567901234568,0.7944444444444445,0.045987654320987725
post,A/RL/AL,modality,30,0.9704341075240992,1.0351297146923724,0.7549382716049382,0.7840277777777778,0.029089506172839563
post,A/RL/AL,modality,31,1.0351297146923724,1.0351297146923724,0.7702160493827162,0.7844907407407408,0.014274691358024616
post,A/RL/AL,modality,32,1.0998253218606455,1.0351297146923724,0.7648148148148147,0.7796296296296297,0.014814814814814947
post,A/RL/AL,modality,33,1.164520929028919,1.0351297146923724,0.7609567901234567,0.7900462962962963,0.029089506172839563
post,A/RL/AL,modality,34,1.229216536197192,1.0351297146923724,0.7617283950617284,0.7833333333333333,0.021604938271604923
post,A/RL/AL,modality,35,1.2939121433654657,1.0351297146923724,0.7461419753086419,0.7868055555555555,0.04066358024691363
post,A/RL/AL,modality,36,1.3586077505337386,1.0351297146923724,0.7495370370370371,0.7740740740740741,0.024537037037037024
post,A/RL/AL,modality,37,1.423303357702012,1.0351297146923724,0.736574074074074,0.7592592592592592,0.02268518518518514
post,A/RL/AL,modality,38,1.4879989648702852,1.0351297146923724,0.7106481481481483,0.7504629629629629,0.039814814814814636
post,A/RL/AL,modality,39,1.5526945720385583,1.0351297146923724,0.7092592592592593,0.7418981481481481,0.032638888888888884
post,A/RL/AL,modality,40,1.6173901792068317,1.0351297146923724,0.6908950617283951,0.7266203703703704,0.03572530864197532
post,A/RL/AL,modality,41,1.682085786375105,1.0351297146923724,0.6807098765432098,0.7263888888888889,0.04567901234567906
post,A/RL/AL,modality,42,1.7467813935433782,1.0351297146923724,0.6638888888888889,0.7092592592592593,0.045370370370370394
post,A/RL/AL,modality,43,1.8114770007116516,1.0351297146923724,0.6641975308641975,0.6993055555555556,0.0351080246913581
post,A/RL/AL,modality,44,1.8761726078799248,1.0351297146923724,0.6574074074074073,0.6715277777777778,0.014120370370370505
post,A/RL/AL,modality,45,1.9408682150481984,1.0351297146923724,0.6282407407407408,0.642824074074074,0.014583333333333282
post,A/RL/AL,modality,46,2.0055638222164713,1.0351297146923724,0.6104938271604938,0.6178240740740741,0.007330246913580307
post,A/RL/AL,trial_type,0,-0.9704341075240992,1.0351297146923724,0.1256944444444444,0.1229166666666666,-0.002777777777777782
post,A/RL/AL,trial_type,1,-0.9057385003558258,1.0351297146923724,0.1247685185185185,0.1340277777777777,0.00925925925925919
post,A/RL/AL,trial_type,2,-0.8410428931875525,1.0351297146923724,0.1310185185185185,0.1270833333333333,-0.003935185185185208
post,A/RL/AL,trial_type,3,-0.7763472860192793,1.0351297146923724,0.1159722222222222,0.1225694444444444,0.006597222222222199
post,A/RL/AL,trial_type,4,-0.711651678851006,1.0351297146923724,0.1196759259259259,0.1326388888888889,0.012962962962962996
post,A/RL/AL,trial_type,5,-0.6469560716827327,1.0351297146923724,0.1254629629629629,0.1197916666666666,-0.005671296296296285
post,A/RL/AL,trial_type,6,-0.5822604645144595,1.0351297146923724,0.117824074074074,0.1239583333333333,0.006134259259259298
post,A/RL/AL,trial_type,7,-0.5175648573461862,1.0351297146923724,0.1219907407407407,0.1170138888888888,-0.004976851851851899
post,A/RL/AL,trial_type,8,-0.4528692501779129,1.0351297146923724,0.1226851851851851,0.1288194444444444,0.006134259259259298
post,A/RL/AL,trial_type,9,-0.3881736430096396,1.0351297146923724,0.1185185185185185,0.1239583333333333,0.0054398148148148
post,A/RL/AL,trial_type,10,-0.3234780358413663,1.0351297146923724,0.1314814814814814,0.1340277777777777,0.0025462962962962965
post,A/RL/AL,trial_type,11,-0.2587824286730931,1.0351297146923724,0.1238425925925925,0.1288194444444444,0.004976851851851899
post,A/RL/AL,trial_type,12,-0.1940868215048198,1.0351297146923724,0.1300925925925926,0.1208333333333333,-0.009259259259259287
post,A/RL/AL,trial_type,13,-0.1293912143365465,1.0351297146923724,0.1164351851851851,0.1239583333333333,0.0075231481481481954
post,A/RL/AL,trial_type,14,-0.0646956071682732,1.0351297146923724,0.1236111111111111,0.1315972222222222,0.007986111111111097
post,A/RL/AL,trial_type,15,0.0,1.0351297146923724,0.1247685185185185,0.1381944444444444,0.013425925925925897
post,A/RL/AL,trial_type,16,0.0646956071682732,1.0351297146923724,0.1305555555555555,0.1385416666666666,0.007986111111111083
post,A/RL/AL,trial_type,17,0.1293912143365465,1.0351297146923724,0.1280092592592592,0.1298611111111111,0.0018518518518518823
post,A/RL/AL,trial_type,18,0.1940868215048198,1.0351297146923724,0.1625,0.2045138888888888,0.042013888888888795
post,A/RL/AL,trial_type,19,0.2587824286730931,1.0351297146923724,0.2509259259259259,0.3017361111111111,0.05081018518518521
post,A/RL/AL,trial_type,20,0.3234780358413663,1.0351297146923724,0.2749999999999999,0.3506944444444445,0.07569444444444456
post,A/RL/AL,trial_type,21,0.3881736430096396,1.0351297146923724,0.3129629629629629,0.4065972222222222,0.09363425925925933
post,A/RL/AL,trial_type,22,0.4528692501779129,1.0351297146923724,0.3516203703703704,0.4190972222222222,0.06747685185185176
post,A/RL/AL,trial_type,23,0.5175648573461862,1.0351297146923724,0.368287037037037,0.4621527777777778,0.09386574074074078
post,A/RL/AL,trial_type,24,0.5822604645144595,1.0351297146923724,0.3972222222222222,0.4760416666666666,0.07881944444444439
post,A/RL/AL,trial_type,25,0.6469560716827327,1.0351297146923724,0.40625,0.4777777777777778,0.0715277777777778
post,A/RL/AL,trial_type,26,0.711651678851006,1.0351297146923724,0.4074074074074074,0.4659722222222222,0.05856481481481479
post,A/RL/AL,trial_type,27,0.7763472860192793,1.0351297146923724,0.4187499999999999,0.4645833333333333,0.04583333333333339
post,A/RL/AL,trial_type,28,0.8410428931875525,1.0351297146923724,0.3956018518518518,0.4604166666666667,0.06481481481481488
post,A/RL/AL,trial_type,29,0.9057385003558258,1.0351297146923724,0.3879629629629629,0.4729166666666666,0.0849537037037037
post,A/RL/AL,trial_type,30,0.9704341075240992,1.0351297146923724,0.3849537037037037,0.4694444444444444,0.0844907407407407
post,A/RL/AL,trial_type,31,1.0351297146923724,1.0351297146923724,0.3918981481481481,0.4878472222222222,0.0959490740740741
post,A/RL/AL,trial_type,32,1.0998253218606455,1.0351297146923724,0.4168981481481482,0.4656249999999999,0.048726851851851716
post,A/RL/AL,trial_type,33,1.164520929028919,1.0351297146923724,0.4291666666666667,0.4715277777777777,0.042361111111111016
post,A/RL/AL,trial_type,34,1.229216536197192,1.0351297146923724,0.4099537037037037,0.471875,0.06192129629629628
post,A/RL/AL,trial_type,35,1.2939121433654657,1.0351297146923724,0.4141203703703703,0.4784722222222222,0.06435185185185188
post,A/RL/AL,trial_type,36,1.3586077505337386,1.0351297146923724,0.4131944444444444,0.4697916666666666,0.05659722222222219
post,A/RL/AL,trial_type,37,1.423303357702012,1.0351297146923724,0.3935185185185185,0.4423611111111111,0.048842592592592604
post,A/RL/AL,trial_type,38,1.4879989648702852,1.0351297146923724,0.3814814814814815,0.4253472222222222,0.04386574074074073
post,A/RL/AL,trial_type,39,1.5526945720385583,1.0351297146923724,0.3733796296296296,0.4125,0.03912037037037036
post,A/RL/AL,trial_type,40,1.6173901792068317,1.0351297146923724,0.3592592592592592,0.4069444444444444,0.047685185185185164
post,A/RL/AL,trial_type,41,1.682085786375105,1.0351297146923724,0.3363425925925926,0.4027777777777778,0.06643518518518521
post,A/RL/AL,trial_type,42,1.7467813935433782,1.0351297146923724,0.331712962962963,0.3885416666666667,0.05682870370370369
post,A/RL/AL,trial_type,43,1.8114770007116516,1.0351297146923724,0.3300925925925926,0.3722222222222222,0.04212962962962957
post,A/RL/AL,trial_type,44,1.8761726078799248,1.0351297146923724,0.3166666666666666,0.3513888888888889,0.03472222222222232
post,A/RL/AL,trial_type,45,1.9408682150481984,1.0351297146923724,0.3067129629629629,0.3371527777777777,0.03043981481481478
post,A/RL/AL,trial_type,46,2.0055638222164713,1.0351297146923724,0.2990740740740741,0.3111111111111111,0.012037037037037013
post,A/RL/AL,visual_direction,0,-0.9704341075240992,1.0351297146923724,0.4904320987654321,0.5013888888888889,0.010956790123456794
post,A/RL/AL,visual_direction,1,-0.9057385003558258,1.0351297146923724,0.5132716049382716,0.5101851851851852,-0.0030864197530864335
post,A/RL/AL,visual_direction,2,-0.8410428931875525,1.0351297146923724,0.5175925925925925,0.5087962962962963,-0.008796296296296191
post,A/RL/AL,visual_direction,3,-0.7763472860192793,1.0351297146923724,0.5083333333333333,0.4981481481481481,-0.010185185185185186
post,A/RL/AL,visual_direction,4,-0.711651678851006,1.0351297146923724,0.4981481481481482,0.5078703703703704,0.009722222222222243
post,A/RL/AL,visual_direction,5,-0.6469560716827327,1.0351297146923724,0.5012345679012346,0.4763888888888888,-0.024845679012345745
post,A/RL/AL,visual_direction,6,-0.5822604645144595,1.0351297146923724,0.4972222222222222,0.5101851851851852,0.01296296296296301
post,A/RL/AL,visual_direction,7,-0.5175648573461862,1.0351297146923724,0.5046296296296297,0.499537037037037,-0.0050925925925926485
post,A/RL/AL,visual_direction,8,-0.4528692501779129,1.0351297146923724,0.5012345679012346,0.5074074074074074,0.006172839506172867
post,A/RL/AL,visual_direction,9,-0.3881736430096396,1.0351297146923724,0.5024691358024691,0.475462962962963,-0.027006172839506126
post,A/RL/AL,visual_direction,10,-0.3234780358413663,1.0351297146923724,0.5009259259259259,0.5152777777777778,0.014351851851851949
post,A/RL/AL,visual_direction,11,-0.2587824286730931,1.0351297146923724,0.4938271604938272,0.5125000000000001,0.018672839506172878
post,A/RL/AL,visual_direction,12,-0.1940868215048198,1.0351297146923724,0.516358024691358,0.4939814814814814,-0.022376543209876643
post,A/RL/AL,visual_direction,13,-0.1293912143365465,1.0351297146923724,0.512037037037037,0.4888888888888889,-0.023148148148148084
post,A/RL/AL,visual_direction,14,-0.0646956071682732,1.0351297146923724,0.4808641975308642,0.4902777777777778,0.009413580246913633
post,A/RL/AL,visual_direction,15,0.0,1.0351297146923724,0.5348765432098765,0.5143518518518518,-0.020524691358024705
post,A/RL/AL,visual_direction,16,0.0646956071682732,1.0351297146923724,0.513888888888889,0.5064814814814815,-0.007407407407407418
post,A/RL/AL,visual_direction,17,0.1293912143365465,1.0351297146923724,0.512962962962963,0.5023148148148148,-0.010648148148148184
post,A/RL/AL,visual_direction,18,0.1940868215048198,1.0351297146923724,0.5033950617283951,0.5287037037037037,0.025308641975308577
post,A/RL/AL,visual_direction,19,0.2587824286730931,1.0351297146923724,0.5561728395061728,0.6680555555555556,0.11188271604938282
post,A/RL/AL,visual_direction,20,0.3234780358413663,1.0351297146923724,0.5904320987654321,0.7768518518518518,0.18641975308641967
post,A/RL/AL,visual_direction,21,0.3881736430096396,1.0351297146923724,0.6697530864197532,0.8634259259259258,0.19367283950617264
post,A/RL/AL,visual_direction,22,0.4528692501779129,1.0351297146923724,0.7117283950617285,0.8981481481481483,0.18641975308641978
post,A/RL/AL,visual_direction,23,0.5175648573461862,1.0351297146923724,0.7444444444444445,0.9407407407407408,0.1962962962962963
post,A/RL/AL,visual_direction,24,0.5822604645144595,1.0351297146923724,0.7641975308641976,0.9481481481481482,0.18395061728395057
post,A/RL/AL,visual_direction,25,0.6469560716827327,1.0351297146923724,0.7811728395061728,0.9490740740740742,0.1679012345679014
post,A/RL/AL,visual_direction,26,0.711651678851006,1.0351297146923724,0.7858024691358024,0.925925925925926,0.1401234567901236
post,A/RL/AL,visual_direction,27,0.7763472860192793,1.0351297146923724,0.7842592592592593,0.9125,0.12824074074074066
post,A/RL/AL,visual_direction,28,0.8410428931875525,1.0351297146923724,0.7481481481481481,0.911574074074074,0.16342592592592586
post,A/RL/AL,visual_direction,29,0.9057385003558258,1.0351297146923724,0.7462962962962963,0.9166666666666666,0.17037037037037028
post,A/RL/AL,visual_direction,30,0.9704341075240992,1.0351297146923724,0.7645061728395062,0.9342592592592592,0.16975308641975306
post,A/RL/AL,visual_direction,31,1.0351297146923724,1.0351297146923724,0.7537037037037037,0.9208333333333334,0.16712962962962974
post,A/RL/AL,visual_direction,32,1.0998253218606455,1.0351297146923724,0.7870370370370371,0.9185185185185184,0.1314814814814813
post,A/RL/AL,visual_direction,33,1.164520929028919,1.0351297146923724,0.7907407407407407,0.9222222222222224,0.13148148148148164
post,A/RL/AL,visual_direction,34,1.229216536197192,1.0351297146923724,0.7916666666666666,0.912962962962963,0.12129629629629635
post,A/RL/AL,visual_direction,35,1.2939121433654657,1.0351297146923724,0.7959876543209877,0.8986111111111111,0.10262345679012341
post,A/RL/AL,visual_direction,36,1.3586077505337386,1.0351297146923724,0.7799382716049382,0.8935185185185185,0.11358024691358026
post,A/RL/AL,visual_direction,37,1.423303357702012,1.0351297146923724,0.7780864197530865,0.8648148148148147,0.08672839506172825
post,A/RL/AL,visual_direction,38,1.4879989648702852,1.0351297146923724,0.7645061728395062,0.8689814814814816,0.1044753086419754
post,A/RL/AL,visual_direction,39,1.5526945720385583,1.0351297146923724,0.7700617283950617,0.8564814814814815,0.0864197530864198
post,A/RL/AL,visual_direction,40,1.6173901792068317,1.0351297146923724,0.7462962962962963,0.8361111111111111,0.08981481481481479
post,A/RL/AL,visual_direction,41,1.682085786375105,1.0351297146923724,0.7327160493827161,0.8097222222222222,0.07700617283950617
post,A/RL/AL,visual_direction,42,1.7467813935433782,1.0351297146923724,0.7209876543209877,0.8004629629629629,0.07947530864197527
post,A/RL/AL,visual_direction,43,1.8114770007116516,1.0351297146923724,0.7169753086419752,0.7902777777777777,0.07330246913580252
post,A/RL/AL,visual_direction,44,1.8761726078799248,1.0351297146923724,0.6975308641975309,0.7861111111111111,0.08858024691358024
post,A/RL/AL,visual_direction,45,1.9408682150481984,1.0351297146923724,0.6981481481481482,0.7601851851851852,0.062037037037037
post,A/RL/AL,visual_direction,46,2.0055638222164713,1.0351297146923724,0.6876543209876543,0.7625,0.07484567901234562
post,LM,auditory_direction,0,-0.9704341075240992,1.0351297146923724,0.5138888888888888,0.5,-0.01388888888888884
post,LM,auditory_direction,1,-0.9057385003558258,1.0351297146923724,0.5,0.4833333333333333,-0.01666666666666672
post,LM,auditory_direction,2,-0.8410428931875525,1.0351297146923724,0.4925925925925926,0.5203703703703704,0.02777777777777779
post,LM,auditory_direction,3,-0.7763472860192793,1.0351297146923724,0.4907407407407407,0.5407407407407406,0.04999999999999993
post,LM,auditory_direction,4,-0.711651678851006,1.0351297146923724,0.474074074074074,0.5037037037037037,0.029629629629629672
post,LM,auditory_direction,5,-0.6469560716827327,1.0351297146923724,0.4981481481481482,0.5166666666666666,0.018518518518518434
post,LM,auditory_direction,6,-0.5822604645144595,1.0351297146923724,0.4861111111111111,0.5,0.013888888888888895
post,LM,auditory_direction,7,-0.5175648573461862,1.0351297146923724,0.5037037037037038,0.5222222222222221,0.01851851851851838
post,LM,auditory_direction,8,-0.4528692501779129,1.0351297146923724,0.4787037037037037,0.524074074074074,0.04537037037037034
post,LM,auditory_direction,9,-0.3881736430096396,1.0351297146923724,0.4925925925925926,0.5611111111111112,0.06851851851851865
post,LM,auditory_direction,10,-0.3234780358413663,1.0351297146923724,0.4898148148148148,0.4722222222222222,-0.017592592592592604
post,LM,auditory_direction,11,-0.2587824286730931,1.0351297146923724,0.5425925925925927,0.5018518518518518,-0.040740740740740966
post,LM,auditory_direction,12,-0.1940868215048198,1.0351297146923724,0.5287037037037037,0.5277777777777779,-0.0009259259259257746
post,LM,auditory_direction,13,-0.1293912143365465,1.0351297146923724,0.5,0.5166666666666666,0.016666666666666607
post,LM,auditory_direction,14,-0.0646956071682732,1.0351297146923724,0.5157407407407407,0.4777777777777777,-0.03796296296296303
post,LM,auditory_direction,15,0.0,1.0351297146923724,0.5055555555555555,0.45,-0.055555555555555525
post,LM,auditory_direction,16,0.0646956071682732,1.0351297146923724,0.5101851851851852,0.5314814814814814,0.021296296296296258
post,LM,auditory_direction,17,0.1293912143365465,1.0351297146923724,0.5037037037037038,0.4685185185185185,-0.035185185185185264
post,LM,auditory_direction,18,0.1940868215048198,1.0351297146923724,0.4759259259259258,0.5111111111111111,0.035185185185185264
post,LM,auditory_direction,19,0.2587824286730931,1.0351297146923724,0.5046296296296297,0.4666666666666666,-0.03796296296296303
post,LM,auditory_direction,20,0.3234780358413663,1.0351297146923724,0.4935185185185184,0.4981481481481482,0.004629629629629761
post,LM,auditory_direction,21,0.3881736430096396,1.0351297146923724,0.475,0.5055555555555555,0.030555555555555558
post,LM,auditory_direction,22,0.4528692501779129,1.0351297146923724,0.4916666666666667,0.437037037037037,-0.054629629629629695
post,LM,auditory_direction,23,0.5175648573461862,1.0351297146923724,0.4907407407407407,0.4925925925925926,0.0018518518518518823
post,LM,auditory_direction,24,0.5822604645144595,1.0351297146923724,0.487037037037037,0.4907407407407407,0.003703703703703709
post,LM,auditory_direction,25,0.6469560716827327,1.0351297146923724,0.4824074074074074,0.5425925925925926,0.06018518518518523
post,LM,auditory_direction,26,0.711651678851006,1.0351297146923724,0.4712962962962963,0.5222222222222224,0.05092592592592604
post,LM,auditory_direction,27,0.7763472860192793,1.0351297146923724,0.4916666666666667,0.4851851851851851,-0.006481481481481588
post,LM,auditory_direction,28,0.8410428931875525,1.0351297146923724,0.5037037037037037,0.4833333333333333,-0.020370370370370372
post,LM,auditory_direction,29,0.9057385003558258,1.0351297146923724,0.5157407407407408,0.475925925925926,-0.03981481481481486
post,LM,auditory_direction,30,0.9704341075240992,1.0351297146923724,0.45,0.5185185185185184,0.06851851851851837
post,LM,auditory_direction,31,1.0351297146923724,1.0351297146923724,0.4953703703703703,0.4777777777777777,-0.017592592592592604
post,LM,auditory_direction,32,1.0998253218606455,1.0351297146923724,0.4981481481481481,0.5148148148148148,0.01666666666666672
post,LM,auditory_direction,33,1.164520929028919,1.0351297146923724,0.4870370370370371,0.4777777777777778,-0.0092592592592593
post,LM,auditory_direction,34,1.229216536197192,1.0351297146923724,0.487037037037037,0.5518518518518518,0.06481481481481483
post,LM,auditory_direction,35,1.2939121433654657,1.0351297146923724,0.4916666666666666,0.5166666666666666,0.025000000000000022
post,LM,auditory_direction,36,1.3586077505337386,1.0351297146923724,0.4888888888888888,0.512962962962963,0.024074074074074137
post,LM,auditory_direction,37,1.423303357702012,1.0351297146923724,0.4685185185185185,0.4833333333333334,0.014814814814814892
post,LM,auditory_direction,38,1.4879989648702852,1.0351297146923724,0.4814814814814815,0.5166666666666666,0.0351851851851851
post,LM,auditory_direction,39,1.5526945720385583,1.0351297146923724,0.5027777777777778,0.5074074074074074,0.00462962962962965
post,LM,auditory_direction,40,1.6173901792068317,1.0351297146923724,0.4657407407407407,0.5,0.03425925925925932
post,LM,auditory_direction,41,1.682085786375105,1.0351297146923724,0.4879629629629629,0.5148148148148147,0.02685185185185185
post,LM,auditory_direction,42,1.7467813935433782,1.0351297146923724,0.4555555555555556,0.4981481481481481,0.042592592592592515
post,LM,auditory_direction,43,1.8114770007116516,1.0351297146923724,0.4694444444444444,0.5074074074074074,0.03796296296296303
post,LM,auditory_direction,44,1.8761726078799248,1.0351297146923724,0.4425925925925925,0.5111111111111111,0.06851851851851859
post,LM,auditory_direction,45,1.9408682150481984,1.0351297146923724,0.4333333333333333,0.5351851851851851,0.1018518518518518
post,LM,auditory_direction,46,2.0055638222164713,1.0351297146923724,0.474074074074074,0.562962962962963,0.08888888888888902
post,LM,congruency,0,-0.9704341075240992,1.0351297146923724,0.5361111111111112,0.4972222222222222,-0.03888888888888903
post,LM,congruency,1,-0.9057385003558258,1.0351297146923724,0.5472222222222223,0.5055555555555555,-0.04166666666666674
post,LM,congruency,2,-0.8410428931875525,1.0351297146923724,0.5013888888888889,0.5,-0.001388888888888884
post,LM,congruency,3,-0.7763472860192793,1.0351297146923724,0.5249999999999999,0.5222222222222221,-0.002777777777777768
post,LM,congruency,4,-0.711651678851006,1.0351297146923724,0.5402777777777779,0.4916666666666667,-0.04861111111111116
post,LM,congruency,5,-0.6469560716827327,1.0351297146923724,0.4805555555555555,0.4916666666666666,0.011111111111111072
post,LM,congruency,6,-0.5822604645144595,1.0351297146923724,0.5152777777777777,0.4777777777777777,-0.03750000000000003
post,LM,congruency,7,-0.5175648573461862,1.0351297146923724,0.4416666666666667,0.486111111111111,0.04444444444444429
post,LM,congruency,8,-0.4528692501779129,1.0351297146923724,0.5138888888888888,0.5,-0.01388888888888884
post,LM,congruency,9,-0.3881736430096396,1.0351297146923724,0.4736111111111111,0.5305555555555556,0.056944444444444464
post,LM,congruency,10,-0.3234780358413663,1.0351297146923724,0.4722222222222222,0.5,0.02777777777777779
post,LM,congruency,11,-0.2587824286730931,1.0351297146923724,0.4986111111111111,0.5,0.001388888888888884
post,LM,congruency,12,-0.1940868215048198,1.0351297146923724,0.5013888888888889,0.475,-0.026388888888888906
post,LM,congruency,13,-0.1293912143365465,1.0351297146923724,0.5041666666666667,0.513888888888889,0.009722222222222299
post,LM,congruency,14,-0.0646956071682732,1.0351297146923724,0.5166666666666667,0.4916666666666667,-0.025000000000000022
post,LM,congruency,15,0.0,1.0351297146923724,0.4875,0.5083333333333333,0.020833333333333315
post,LM,congruency,16,0.0646956071682732,1.0351297146923724,0.513888888888889,0.5027777777777777,-0.011111111111111294
post,LM,congruency,17,0.1293912143365465,1.0351297146923724,0.525,0.4527777777777778,-0.07222222222222224
post,LM,congruency,18,0.1940868215048198,1.0351297146923724,0.513888888888889,0.4694444444444444,-0.044444444444444564
post,LM,congruency,19,0.2587824286730931,1.0351297146923724,0.4763888888888889,0.4833333333333334,0.006944444444444475
post,LM,congruency,20,0.3234780358413663,1.0351297146923724,0.4583333333333332,0.4694444444444444,0.011111111111111183
post,LM,congruency,21,0.3881736430096396,1.0351297146923724,0.4819444444444444,0.4666666666666666,-0.015277777777777779
post,LM,congruency,22,0.4528692501779129,1.0351297146923724,0.5097222222222222,0.4916666666666667,-0.01805555555555549
post,LM,congruency,23,0.5175648573461862,1.0351297146923724,0.5027777777777778,0.4888888888888889,-0.013888888888888895
post,LM,congruency,24,0.5822604645144595,1.0351297146923724,0.4986111111111111,0.5305555555555556,0.03194444444444444
post,LM,congruency,25,0.6469560716827327,1.0351297146923724,0.5069444444444444,0.4833333333333333,-0.023611111111111138
post,LM,congruency,26,0.711651678851006,1.0351297146923724,0.4902777777777777,0.5000000000000001,0.00972222222222241
post,LM,congruency,27,0.7763472860192793,1.0351297146923724,0.448611111111111,0.4916666666666666,0.04305555555555557
post,LM,congruency,28,0.8410428931875525,1.0351297146923724,0.5083333333333333,0.525,0.01666666666666672
post,LM,congruency,29,0.9057385003558258,1.0351297146923724,0.4666666666666666,0.4388888888888888,-0.027777777777777846
post,LM,congruency,30,0.9704341075240992,1.0351297146923724,0.4611111111111111,0.4555555555555555,-0.005555555555555591
post,LM,congruency,31,1.0351297146923724,1.0351297146923724,0.4791666666666667,0.4833333333333334,0.004166666666666707
post,LM,congruency,32,1.0998253218606455,1.0351297146923724,0.4888888888888889,0.4722222222222222,-0.016666666666666663
post,LM,congruency,33,1.164520929028919,1.0351297146923724,0.4958333333333333,0.4805555555555555,-0.015277777777777779
post,LM,congruency,34,1.229216536197192,1.0351297146923724,0.4819444444444444,0.4305555555555555,-0.05138888888888887
post,LM,congruency,35,1.2939121433654657,1.0351297146923724,0.4791666666666667,0.513888888888889,0.034722222222222265
post,LM,congruency,36,1.3586077505337386,1.0351297146923724,0.4972222222222222,0.5166666666666666,0.01944444444444443
post,LM,congruency,37,1.423303357702012,1.0351297146923724,0.4777777777777777,0.475,-0.0027777777777777124
post,LM,congruency,38,1.4879989648702852,1.0351297146923724,0.4527777777777778,0.4777777777777777,0.02499999999999991
post,LM,congruency,39,1.5526945720385583,1.0351297146923724,0.5277777777777778,0.4472222222222222,-0.0805555555555556
post,LM,congruency,40,1.6173901792068317,1.0351297146923724,0.4791666666666666,0.4972222222222223,0.018055555555555713
post,LM,congruency,41,1.682085786375105,1.0351297146923724,0.5458333333333334,0.4833333333333333,-0.06250000000000011
post,LM,congruency,42,1.7467813935433782,1.0351297146923724,0.4861111111111111,0.5083333333333334,0.02222222222222231
post,LM,congruency,43,1.8114770007116516,1.0351297146923724,0.4597222222222222,0.513888888888889,0.05416666666666675
post,LM,congruency,44,1.8761726078799248,1.0351297146923724,0.4930555555555555,0.486111111111111,-0.006944444444444531
post,LM,congruency,45,1.9408682150481984,1.0351297146923724,0.4722222222222222,0.4555555555555555,-0.01666666666666672
post,LM,congruency,46,2.0055638222164713,1.0351297146923724,0.4916666666666667,0.4472222222222223,-0.0444444444444444
post,LM,modality,0,-0.9704341075240992,1.0351297146923724,0.3305555555555556,0.3296296296296296,-0.0009259259259259967
post,LM,modality,1,-0.9057385003558258,1.0351297146923724,0.3259259259259259,0.3435185185185185,0.017592592592592604
post,LM,modality,2,-0.8410428931875525,1.0351297146923724,0.3212962962962963,0.3194444444444444,-0.0018518518518518823
post,LM,modality,3,-0.7763472860192793,1.0351297146923724,0.3388888888888889,0.3287037037037037,-0.010185185185185186
post,LM,modality,4,-0.711651678851006,1.0351297146923724,0.3458333333333333,0.312037037037037,-0.033796296296296324
post,LM,modality,5,-0.6469560716827327,1.0351297146923724,0.3,0.3527777777777777,0.0527777777777777
post,LM,modality,6,-0.5822604645144595,1.0351297146923724,0.3296296296296296,0.3425925925925925,0.012962962962962898
post,LM,modality,7,-0.5175648573461862,1.0351297146923724,0.3342592592592592,0.3287037037037036,-0.005555555555555591
post,LM,modality,8,-0.4528692501779129,1.0351297146923724,0.350462962962963,0.3314814814814815,-0.018981481481481488
post,LM,modality,9,-0.3881736430096396,1.0351297146923724,0.3319444444444444,0.3175925925925926,-0.014351851851851782
post,LM,modality,10,-0.3234780358413663,1.0351297146923724,0.3342592592592592,0.3287037037037037,-0.00555555555555548
post,LM,modality,11,-0.2587824286730931,1.0351297146923724,0.3222222222222222,0.3490740740740741,0.026851851851851904
post,LM,modality,12,-0.1940868215048198,1.0351297146923724,0.3393518518518518,0.3425925925925925,0.0032407407407407107
post,LM,modality,13,-0.1293912143365465,1.0351297146923724,0.3425925925925926,0.312962962962963,-0.029629629629629617
post,LM,modality,14,-0.0646956071682732,1.0351297146923724,0.3263888888888888,0.3268518518518518,0.0004629629629629983
post,LM,modality,15,0.0,1.0351297146923724,0.3287037037037037,0.3314814814814815,0.002777777777777768
post,LM,modality,16,0.0646956071682732,1.0351297146923724,0.3203703703703704,0.3277777777777778,0.007407407407407363
post,LM,modality,17,0.1293912143365465,1.0351297146923724,0.3263888888888888,0.3462962962962962,0.01990740740740743
post,LM,modality,18,0.1940868215048198,1.0351297146923724,0.4115740740740741,0.5120370370370371,0.10046296296296298
post,LM,modality,19,0.2587824286730931,1.0351297146923724,0.6546296296296296,0.8,0.14537037037037048
post,LM,modality,20,0.3234780358413663,1.0351297146923724,0.6537037037037037,0.7749999999999999,0.12129629629629624
post,LM,modality,21,0.3881736430096396,1.0351297146923724,0.6680555555555554,0.7703703703703704,0.10231481481481497
post,LM,modality,22,0.4528692501779129,1.0351297146923724,0.6976851851851851,0.7435185185185185,0.04583333333333339
post,LM,modality,23,0.5175648573461862,1.0351297146923724,0.6981481481481482,0.7268518518518519,0.028703703703703676
post,LM,modality,24,0.5822604645144595,1.0351297146923724,0.7074074074074075,0.749074074074074,0.04166666666666652
post,LM,modality,25,0.6469560716827327,1.0351297146923724,0.7273148148148147,0.7296296296296296,0.0023148148148148806
post,LM,modality,26,0.711651678851006,1.0351297146923724,0.7268518518518519,0.7240740740740741,-0.002777777777777768
post,LM,modality,27,0.7763472860192793,1.0351297146923724,0.7060185185185186,0.712962962962963,0.00694444444444442
post,LM,modality,28,0.8410428931875525,1.0351297146923724,0.7203703703703703,0.7148148148148148,-0.005555555555555536
post,LM,modality,29,0.9057385003558258,1.0351297146923724,0.7101851851851853,0.6981481481481482,-0.012037037037037068
post,LM,modality,30,0.9704341075240992,1.0351297146923724,0.7240740740740741,0.6962962962962963,-0.02777777777777779
post,LM,modality,31,1.0351297146923724,1.0351297146923724,0.7157407407407408,0.7361111111111112,0.020370370370370372
post,LM,modality,32,1.0998253218606455,1.0351297146923724,0.7152777777777777,0.7453703703703703,0.03009259259259267
post,LM,modality,33,1.164520929028919,1.0351297146923724,0.7180555555555554,0.7092592592592591,-0.008796296296296302
post,LM,modality,34,1.229216536197192,1.0351297146923724,0.699537037037037,0.7203703703703704,0.02083333333333348
post,LM,modality,35,1.2939121433654657,1.0351297146923724,0.6870370370370371,0.7111111111111111,0.024074074074074026
post,LM,modality,36,1.3586077505337386,1.0351297146923724,0.6962962962962963,0.7027777777777777,0.0064814814814814214
post,LM,modality,37,1.423303357702012,1.0351297146923724,0.7027777777777777,0.7018518518518518,-0.0009259259259258856
post,LM,modality,38,1.4879989648702852,1.0351297146923724,0.6962962962962963,0.6944444444444445,-0.0018518518518517713
post,LM,modality,39,1.5526945720385583,1.0351297146923724,0.7157407407407408,0.6962962962962963,-0.019444444444444486
post,LM,modality,40,1.6173901792068317,1.0351297146923724,0.7013888888888888,0.6555555555555556,-0.04583333333333328
post,LM,modality,41,1.682085786375105,1.0351297146923724,0.675,0.662962962962963,-0.012037037037037068
post,LM,modality,42,1.7467813935433782,1.0351297146923724,0.6745370370370372,0.6472222222222224,-0.027314814814814792
post,LM,modality,43,1.8114770007116516,1.0351297146923724,0.6708333333333333,0.6203703703703703,-0.05046296296296293
post,LM,modality,44,1.8761726078799248,1.0351297146923724,0.6870370370370371,0.6129629629629629,-0.07407407407407418
post,LM,modality,45,1.9408682150481984,1.0351297146923724,0.6824074074074074,0.5731481481481481,-0.10925925925925928
post,LM,modality,46,2.0055638222164713,1.0351297146923724,0.6597222222222221,0.5527777777777778,-0.10694444444444429
post,LM,trial_type,0,-0.9704341075240992,1.0351297146923724,0.1229166666666666,0.1430555555555555,0.020138888888888887
post,LM,trial_type,1,-0.9057385003558258,1.0351297146923724,0.1243055555555555,0.1388888888888889,0.014583333333333393
post,LM,trial_type,2,-0.8410428931875525,1.0351297146923724,0.1416666666666666,0.1236111111111111,-0.018055555555555505
post,LM,trial_type,3,-0.7763472860192793,1.0351297146923724,0.1076388888888889,0.1361111111111111,0.028472222222222204
post,LM,trial_type,4,-0.711651678851006,1.0351297146923724,0.1326388888888889,0.1027777777777777,-0.029861111111111185
post,LM,trial_type,5,-0.6469560716827327,1.0351297146923724,0.11875,0.1361111111111111,0.017361111111111105
post,LM,trial_type,6,-0.5822604645144595,1.0351297146923724,0.1277777777777777,0.0986111111111111,-0.02916666666666662
post,LM,trial_type,7,-0.5175648573461862,1.0351297146923724,0.1159722222222222,0.1249999999999999,0.009027777777777704
post,LM,trial_type,8,-0.4528692501779129,1.0351297146923724,0.1194444444444444,0.1263888888888888,0.006944444444444406
post,LM,trial_type,9,-0.3881736430096396,1.0351297146923724,0.1055555555555555,0.1263888888888888,0.0208333333333333
post,LM,trial_type,10,-0.3234780358413663,1.0351297146923724,0.1159722222222222,0.1319444444444444,0.015972222222222193
post,LM,trial_type,11,-0.2587824286730931,1.0351297146923724,0.1354166666666666,0.1222222222222222,-0.013194444444444398
post,LM,trial_type,12,-0.1940868215048198,1.0351297146923724,0.13125,0.1319444444444444,0.0006944444444443865
post,LM,trial_type,13,-0.1293912143365465,1.0351297146923724,0.1291666666666666,0.1416666666666666,0.012500000000000011
post,LM,trial_type,14,-0.0646956071682732,1.0351297146923724,0.11875,0.125,0.0062500000000000056
post,LM,trial_type,15,0.0,1.0351297146923724,0.1222222222222222,0.1263888888888888,0.004166666666666596
post,LM,trial_type,16,0.0646956071682732,1.0351297146923724,0.1201388888888888,0.1333333333333333,0.013194444444444509
post,LM,trial_type,17,0.1293912143365465,1.0351297146923724,0.13125,0.1319444444444444,0.0006944444444443865
post,LM,trial_type,18,0.1940868215048198,1.0351297146923724,0.1486111111111111,0.1791666666666666,0.030555555555555503
post,LM,trial_type,19,0.2587824286730931,1.0351297146923724,0.24375,0.3180555555555555,0.07430555555555549
post,LM,trial_type,20,0.3234780358413663,1.0351297146923724,0.2499999999999999,0.3458333333333333,0.09583333333333344
post,LM,trial_type,21,0.3881736430096396,1.0351297146923724,0.3104166666666667,0.3583333333333333,0.04791666666666661
post,LM,trial_type,22,0.4528692501779129,1.0351297146923724,0.3347222222222222,0.3583333333333333,0.023611111111111083
post,LM,trial_type,23,0.5175648573461862,1.0351297146923724,0.3513888888888888,0.3944444444444444,0.04305555555555557
post,LM,trial_type,24,0.5822604645144595,1.0351297146923724,0.4055555555555555,0.4097222222222222,0.004166666666666707
post,LM,trial_type,25,0.6469560716827327,1.0351297146923724,0.3756944444444444,0.4680555555555555,0.09236111111111112
post,LM,trial_type,26,0.711651678851006,1.0351297146923724,0.3868055555555556,0.4138888888888888,0.02708333333333318
post,LM,trial_type,27,0.7763472860192793,1.0351297146923724,0.3631944444444444,0.4166666666666666,0.0534722222222222
post,LM,trial_type,28,0.8410428931875525,1.0351297146923724,0.3840277777777777,0.386111111111111,0.002083333333333326
post,LM,trial_type,29,0.9057385003558258,1.0351297146923724,0.3791666666666666,0.4055555555555556,0.026388888888889017
post,LM,trial_type,30,0.9704341075240992,1.0351297146923724,0.4152777777777777,0.4263888888888889,0.011111111111111183
post,LM,trial_type,31,1.0351297146923724,1.0351297146923724,0.4013888888888889,0.3986111111111111,-0.0027777777777778234
post,LM,trial_type,32,1.0998253218606455,1.0351297146923724,0.3909722222222222,0.4208333333333333,0.02986111111111106
post,LM,trial_type,33,1.164520929028919,1.0351297146923724,0.3777777777777777,0.4305555555555555,0.05277777777777781
post,LM,trial_type,34,1.229216536197192,1.0351297146923724,0.3840277777777777,0.4125,0.028472222222222288
post,LM,trial_type,35,1.2939121433654657,1.0351297146923724,0.3958333333333333,0.4041666666666667,0.00833333333333336
post,LM,trial_type,36,1.3586077505337386,1.0351297146923724,0.3527777777777777,0.3888888888888888,0.036111111111111094
post,LM,trial_type,37,1.423303357702012,1.0351297146923724,0.3597222222222222,0.373611111111111,0.013888888888888784
post,LM,trial_type,38,1.4879989648702852,1.0351297146923724,0.34375,0.3638888888888889,0.020138888888888873
post,LM,trial_type,39,1.5526945720385583,1.0351297146923724,0.3951388888888889,0.3583333333333333,-0.03680555555555559
post,LM,trial_type,40,1.6173901792068317,1.0351297146923724,0.3402777777777778,0.3430555555555555,0.0027777777777777124
post,LM,trial_type,41,1.682085786375105,1.0351297146923724,0.3381944444444444,0.3333333333333333,-0.004861111111111094
post,LM,trial_type,42,1.7467813935433782,1.0351297146923724,0.3340277777777777,0.2944444444444444,-0.039583333333333304
post,LM,trial_type,43,1.8114770007116516,1.0351297146923724,0.3270833333333333,0.2930555555555556,-0.03402777777777766
post,LM,trial_type,44,1.8761726078799248,1.0351297146923724,0.3416666666666667,0.3166666666666666,-0.025000000000000078
post,LM,trial_type,45,1.9408682150481984,1.0351297146923724,0.3423611111111111,0.2888888888888889,-0.0534722222222222
post,LM,trial_type,46,2.0055638222164713,1.0351297146923724,0.3541666666666666,0.2888888888888888,-0.06527777777777777
post,LM,visual_direction,0,-0.9704341075240992,1.0351297146923724,0.4925925925925926,0.5092592592592593,0.01666666666666672
post,LM,visual_direction,1,-0.9057385003558258,1.0351297146923724,0.5,0.5074074074074073,0.007407407407407307
post,LM,visual_direction,2,-0.8410428931875525,1.0351297146923724,0.5157407407407407,0.4925925925925926,-0.02314814814814814
post,LM,visual_direction,3,-0.7763472860192793,1.0351297146923724,0.5,0.5074074074074074,0.007407407407407418
post,LM,visual_direction,4,-0.711651678851006,1.0351297146923724,0.5138888888888888,0.5111111111111113,-0.002777777777777546
post,LM,visual_direction,5,-0.6469560716827327,1.0351297146923724,0.5027777777777778,0.524074074074074,0.021296296296296258
post,LM,visual_direction,6,-0.5822604645144595,1.0351297146923724,0.5074074074074073,0.4851851851851852,-0.022222222222222088
post,LM,visual_direction,7,-0.5175648573461862,1.0351297146923724,0.4879629629629629,0.5203703703703704,0.032407407407407496
post,LM,visual_direction,8,-0.4528692501779129,1.0351297146923724,0.4777777777777777,0.5166666666666666,0.03888888888888892
post,LM,visual_direction,9,-0.3881736430096396,1.0351297146923724,0.5203703703703704,0.474074074074074,-0.04629629629629639
post,LM,visual_direction,10,-0.3234780358413663,1.0351297146923724,0.4657407407407408,0.5333333333333333,0.06759259259259254
post,LM,visual_direction,11,-0.2587824286730931,1.0351297146923724,0.5,0.4592592592592592,-0.0407407407407408
post,LM,visual_direction,12,-0.1940868215048198,1.0351297146923724,0.5083333333333333,0.4537037037037037,-0.054629629629629584
post,LM,visual_direction,13,-0.1293912143365465,1.0351297146923724,0.5129629629629631,0.4814814814814815,-0.031481481481481555
post,LM,visual_direction,14,-0.0646956071682732,1.0351297146923724,0.5314814814814814,0.4981481481481481,-0.033333333333333326
post,LM,visual_direction,15,0.0,1.0351297146923724,0.4907407407407407,0.4462962962962963,-0.0444444444444444
post,LM,visual_direction,16,0.0646956071682732,1.0351297146923724,0.5064814814814815,0.5240740740740741,0.017592592592592604
post,LM,visual_direction,17,0.1293912143365465,1.0351297146923724,0.5111111111111111,0.5444444444444445,0.03333333333333344
post,LM,visual_direction,18,0.1940868215048198,1.0351297146923724,0.5055555555555555,0.4981481481481482,-0.007407407407407363
post,LM,visual_direction,19,0.2587824286730931,1.0351297146923724,0.5453703703703704,0.5907407407407408,0.045370370370370394
post,LM,visual_direction,20,0.3234780358413663,1.0351297146923724,0.6277777777777778,0.6907407407407408,0.062962962962963
post,LM,visual_direction,21,0.3881736430096396,1.0351297146923724,0.7361111111111112,0.7592592592592592,0.02314814814814803
post,LM,visual_direction,22,0.4528692501779129,1.0351297146923724,0.8324074074074075,0.8462962962962962,0.013888888888888729
post,LM,visual_direction,23,0.5175648573461862,1.0351297146923724,0.8824074074074073,0.9166666666666666,0.03425925925925932
post,LM,visual_direction,24,0.5822604645144595,1.0351297146923724,0.9166666666666669,0.9703703703703702,0.053703703703703365
post,LM,visual_direction,25,0.6469560716827327,1.0351297146923724,0.9324074074074076,0.9907407407407408,0.05833333333333324
post,LM,visual_direction,26,0.711651678851006,1.0351297146923724,0.9222222222222224,0.9814814814814816,0.059259259259259234
post,LM,visual_direction,27,0.7763472860192793,1.0351297146923724,0.912962962962963,0.9666666666666666,0.05370370370370359
post,LM,visual_direction,28,0.8410428931875525,1.0351297146923724,0.9083333333333332,0.9814814814814812,0.07314814814814796
post,LM,visual_direction,29,0.9057385003558258,1.0351297146923724,0.9222222222222224,0.9759259259259258,0.053703703703703365
post,LM,visual_direction,30,0.9704341075240992,1.0351297146923724,0.9166666666666666,0.9814814814814812,0.06481481481481455
post,LM,visual_direction,31,1.0351297146923724,1.0351297146923724,0.9268518518518518,0.977777777777778,0.05092592592592615
post,LM,visual_direction,32,1.0998253218606455,1.0351297146923724,0.9277777777777778,0.972222222222222,0.044444444444444176
post,LM,visual_direction,33,1.164520929028919,1.0351297146923724,0.9314814814814816,0.961111111111111,0.02962962962962945
post,LM,visual_direction,34,1.229216536197192,1.0351297146923724,0.925925925925926,0.9388888888888888,0.012962962962962732
post,LM,visual_direction,35,1.2939121433654657,1.0351297146923724,0.9157407407407406,0.9166666666666669,0.0009259259259262187
post,LM,visual_direction,36,1.3586077505337386,1.0351297146923724,0.9111111111111112,0.925925925925926,0.014814814814814836
post,LM,visual_direction,37,1.423303357702012,1.0351297146923724,0.9046296296296296,0.9055555555555556,0.0009259259259259967
post,LM,visual_direction,38,1.4879989648702852,1.0351297146923724,0.8944444444444446,0.9222222222222222,0.027777777777777568
post,LM,visual_direction,39,1.5526945720385583,1.0351297146923724,0.8787037037037038,0.8796296296296298,0.0009259259259259967
post,LM,visual_direction,40,1.6173901792068317,1.0351297146923724,0.8712962962962962,0.8666666666666666,-0.00462962962962965
post,LM,visual_direction,41,1.682085786375105,1.0351297146923724,0.8620370370370369,0.8574074074074074,-0.004629629629629539
post,LM,visual_direction,42,1.7467813935433782,1.0351297146923724,0.8611111111111112,0.8592592592592592,-0.0018518518518519933
post,LM,visual_direction,43,1.8114770007116516,1.0351297146923724,0.8620370370370369,0.8407407407407408,-0.021296296296296147
post,LM,visual_direction,44,1.8761726078799248,1.0351297146923724,0.8731481481481482,0.8333333333333333,-0.03981481481481497
post,LM,visual_direction,45,1.9408682150481984,1.0351297146923724,0.862037037037037,0.85,-0.012037037037037068
post,LM,visual_direction,46,2.0055638222164713,1.0351297146923724,0.8657407407407407,0.8314814814814815,-0.03425925925925921
