group,area,task,analysis,signal_source,scoring,time_index,time_s,stimulus_offset_s,mean_score,std_score,sem_score,n_sessions,mean_neurons,min_neurons,max_neurons
g1post,A/RL/AL,auditory_direction,time_resolved_trial_response,glm_clean,balanced_accuracy,0,-0.9704341075240991,1.0351297146923724,0.5095679012345679,0.025751174721607428,0.010512873057532476,6,104.16666666666667,53,175
g1post,A/RL/AL,auditory_direction,time_resolved_trial_response,glm_clean,balanced_accuracy,1,-0.9057385003558258,1.0351297146923724,0.5138888888888888,0.021934870547905248,0.008954873402728455,6,104.16666666666667,53,175
g1post,A/RL/AL,auditory_direction,time_resolved_trial_response,glm_clean,balanced_accuracy,2,-0.8410428931875525,1.0351297146923724,0.5212962962962963,0.03176884101221287,0.012969575033254164,6,104.16666666666667,53,175
g1post,A/RL/AL,auditory_direction,time_resolved_trial_response,glm_clean,balanced_accuracy,3,-0.7763472860192793,1.0351297146923724,0.5037037037037037,0.021436735005167074,0.008751510418986308,6,104.16666666666667,53,175
g1post,A/RL/AL,auditory_direction,time_resolved_trial_response,glm_clean,balanced_accuracy,4,-0.711651678851006,1.0351297146923724,0.48395061728395056,0.036546129346176646,0.01491989482864783,6,104.16666666666667,53,175
g1post,A/RL/AL,auditory_direction,time_resolved_trial_response,glm_clean,balanced_accuracy,5,-0.6469560716827327,1.0351297146923724,0.5092592592592593,0.027715980642769956,0.011315001715940354,6,104.16666666666667,53,175
g1post,A/RL/AL,auditory_direction,time_resolved_trial_response,glm_clean,balanced_accuracy,6,-0.5822604645144595,1.0351297146923724,0.5012345679012346,0.02450236310841593,0.01000304785133563,6,104.16666666666667,53,175
g1post,A/RL/AL,auditory_direction,time_resolved_trial_response,glm_clean,balanced_accuracy,7,-0.5175648573461862,1.0351297146923724,0.5061728395061729,0.04194624992707541,0.017124484824098476,6,104.16666666666667,53,175
g1post,A/RL/AL,auditory_direction,time_resolved_trial_response,glm_clean,balanced_accuracy,8,-0.4528692501779129,1.0351297146923724,0.5185185185185185,0.03069831968163273,0.01253253653013972,6,104.16666666666667,53,175
g1post,A/RL/AL,auditory_direction,time_resolved_trial_response,glm_clean,balanced_accuracy,9,-0.38817364300963964,1.0351297146923724,0.47716049382716047,0.03899749678341746,0.015920661394200175,6,104.16666666666667,53,175
g1post,A/RL/AL,auditory_direction,time_resolved_trial_response,glm_clean,balanced_accuracy,10,-0.32347803584136636,1.0351297146923724,0.5037037037037037,0.025660011963983355,0.010475656017578477,6,104.16666666666667,53,175
g1post,A/RL/AL,auditory_direction,time_resolved_trial_response,glm_clean,balanced_accuracy,11,-0.2587824286730931,1.0351297146923724,0.4959876543209876,0.011910541415035203,0.004862458171187161,6,104.16666666666667,53,175
g1post,A/RL/AL,auditory_direction,time_resolved_trial_response,glm_clean,balanced_accuracy,12,-0.19408682150481982,1.0351297146923724,0.5083333333333333,0.025892836026128848,0.010570706042928226,6,104.16666666666667,53,175
g1post,A/RL/AL,auditory_direction,time_resolved_trial_response,glm_clean,balanced_accuracy,13,-0.12939121433654655,1.0351297146923724,0.5175925925925926,0.029180625701374717,0.01191294055725209,6,104.16666666666667,53,175
g1post,A/RL/AL,auditory_direction,time_resolved_trial_response,glm_clean,balanced_accuracy,14,-0.06469560716827327,1.0351297146923724,0.512962962962963,0.020852871496680362,0.008513149139782376,6,104.16666666666667,53,175
g1post,A/RL/AL,auditory_direction,time_resolved_trial_response,glm_clean,balanced_accuracy,15,0.0,1.0351297146923724,0.49938271604938267,0.027384040756566454,0.011179487824861006,6,104.16666666666667,53,175
g1post,A/RL/AL,auditory_direction,time_resolved_trial_response,glm_clean,balanced_accuracy,16,0.06469560716827327,1.0351297146923724,0.4996913580246914,0.028143680607129903,0.011489609495221757,6,104.16666666666667,53,175
g1post,A/RL/AL,auditory_direction,time_resolved_trial_response,glm_clean,balanced_accuracy,17,0.12939121433654655,1.0351297146923724,0.5095679012345679,0.011736514408538012,0.00479141194329014,6,104.16666666666667,53,175
g1post,A/RL/AL,auditory_direction,time_resolved_trial_response,glm_clean,balanced_accuracy,18,0.19408682150481982,1.0351297146923724,0.5262345679012346,0.027427836897103965,0.011197367524364359,6,104.16666666666667,53,175
g1post,A/RL/AL,auditory_direction,time_resolved_trial_response,glm_clean,balanced_accuracy,19,0.2587824286730931,1.0351297146923724,0.5669753086419753,0.10161532581196588,0.04148428304766352,6,104.16666666666667,53,175
g1post,A/RL/AL,auditory_direction,time_resolved_trial_response,glm_clean,balanced_accuracy,20,0.32347803584136636,1.0351297146923724,0.6043209876543211,0.13143017604464255,0.05365614468558988,6,104.16666666666667,53,175
g1post,A/RL/AL,auditory_direction,time_resolved_trial_response,glm_clean,balanced_accuracy,21,0.38817364300963964,1.0351297146923724,0.6012345679012346,0.15138440549105514,0.0618024247446115,6,104.16666666666667,53,175
g1post,A/RL/AL,auditory_direction,time_resolved_trial_response,glm_clean,balanced_accuracy,22,0.4528692501779129,1.0351297146923724,0.6,0.16138971228620622,0.0658870741392984,6,104.16666666666667,53,175
g1post,A/RL/AL,auditory_direction,time_resolved_trial_response,glm_clean,balanced_accuracy,23,0.5175648573461862,1.0351297146923724,0.6351851851851852,0.15517148352842258,0.06334849287922001,6,104.16666666666667,53,175
g1post,A/RL/AL,auditory_direction,time_resolved_trial_response,glm_clean,balanced_accuracy,24,0.5822604645144595,1.0351297146923724,0.6228395061728396,0.16991350444875117,0.06936689771792665,6,104.16666666666667,53,175
g1post,A/RL/AL,auditory_direction,time_resolved_trial_response,glm_clean,balanced_accuracy,25,0.6469560716827327,1.0351297146923724,0.6395061728395061,0.15747783464413861,0.0642900567794205,6,104.16666666666667,53,175
g1post,A/RL/AL,auditory_direction,time_resolved_trial_response,glm_clean,balanced_accuracy,26,0.711651678851006,1.0351297146923724,0.6166666666666667,0.14179430222213155,0.057887281479701534,6,104.16666666666667,53,175
g1post,A/RL/AL,auditory_direction,time_resolved_trial_response,glm_clean,balanced_accuracy,27,0.7763472860192793,1.0351297146923724,0.6240740740740741,0.11483273456335381,0.046880267574779755,6,104.16666666666667,53,175
g1post,A/RL/AL,auditory_direction,time_resolved_trial_response,glm_clean,balanced_accuracy,28,0.8410428931875525,1.0351297146923724,0.5873456790123457,0.11134183863095251,0.04545511527818966,6,104.16666666666667,53,175
g1post,A/RL/AL,auditory_direction,time_resolved_trial_response,glm_clean,balanced_accuracy,29,0.9057385003558258,1.0351297146923724,0.5787037037037037,0.08941012300641328,0.036501529867531926,6,104.16666666666667,53,175
g1post,A/RL/AL,auditory_direction,time_resolved_trial_response,glm_clean,balanced_accuracy,30,0.9704341075240991,1.0351297146923724,0.562962962962963,0.06746436340185907,0.027542211026041777,6,104.16666666666667,53,175
g1post,A/RL/AL,auditory_direction,time_resolved_trial_response,glm_clean,balanced_accuracy,31,1.0351297146923724,1.0351297146923724,0.5728395061728394,0.09508256946466924,0.03881729643686272,6,104.16666666666667,53,175
g1post,A/RL/AL,auditory_direction,time_resolved_trial_response,glm_clean,balanced_accuracy,32,1.0998253218606455,1.0351297146923724,0.5932098765432099,0.0988525850039189,0.0403563988357836,6,104.16666666666667,53,175
g1post,A/RL/AL,auditory_direction,time_resolved_trial_response,glm_clean,balanced_accuracy,33,1.164520929028919,1.0351297146923724,0.6027777777777777,0.10582324730786659,0.04320215980477113,6,104.16666666666667,53,175
g1post,A/RL/AL,auditory_direction,time_resolved_trial_response,glm_clean,balanced_accuracy,34,1.229216536197192,1.0351297146923724,0.6033950617283951,0.10518398973412135,0.04294118399312356,6,104.16666666666667,53,175
g1post,A/RL/AL,auditory_direction,time_resolved_trial_response,glm_clean,balanced_accuracy,35,1.2939121433654655,1.0351297146923724,0.5895061728395062,0.10524428873306244,0.04296580095635794,6,104.16666666666667,53,175
g1post,A/RL/AL,auditory_direction,time_resolved_trial_response,glm_clean,balanced_accuracy,36,1.3586077505337386,1.0351297146923724,0.5919753086419753,0.09271596718774615,0.03785113510310098,6,104.16666666666667,53,175
g1post,A/RL/AL,auditory_direction,time_resolved_trial_response,glm_clean,balanced_accuracy,37,1.423303357702012,1.0351297146923724,0.5842592592592593,0.07523853243311308,0.03071600224282833,6,104.16666666666667,53,175
g1post,A/RL/AL,auditory_direction,time_resolved_trial_response,glm_clean,balanced_accuracy,38,1.4879989648702852,1.0351297146923724,0.5712962962962963,0.07668321524744429,0.03130579153204156,6,104.16666666666667,53,175
g1post,A/RL/AL,auditory_direction,time_resolved_trial_response,glm_clean,balanced_accuracy,39,1.5526945720385585,1.0351297146923724,0.5725308641975309,0.06418654939315203,0.026204049060528624,6,104.16666666666667,53,175
g1post,A/RL/AL,auditory_direction,time_resolved_trial_response,glm_clean,balanced_accuracy,40,1.6173901792068317,1.0351297146923724,0.5651234567901234,0.06095284406668081,0.02488389438913286,6,104.16666666666667,53,175
g1post,A/RL/AL,auditory_direction,time_resolved_trial_response,glm_clean,balanced_accuracy,41,1.682085786375105,1.0351297146923724,0.5626543209876543,0.06993448498569864,0.028550633939882167,6,104.16666666666667,53,175
g1post,A/RL/AL,auditory_direction,time_resolved_trial_response,glm_clean,balanced_accuracy,42,1.7467813935433782,1.0351297146923724,0.5555555555555556,0.05657096736332601,0.02309500071596483,6,104.16666666666667,53,175
g1post,A/RL/AL,auditory_direction,time_resolved_trial_response,glm_clean,balanced_accuracy,43,1.8114770007116516,1.0351297146923724,0.5379629629629629,0.048158830723766366,0.01966076031371618,6,104.16666666666667,53,175
g1post,A/RL/AL,auditory_direction,time_resolved_trial_response,glm_clean,balanced_accuracy,44,1.8761726078799248,1.0351297146923724,0.5546296296296296,0.047858817289170914,0.019538280341926395,6,104.16666666666667,53,175
g1post,A/RL/AL,auditory_direction,time_resolved_trial_response,glm_clean,balanced_accuracy,45,1.9408682150481982,1.0351297146923724,0.5561728395061728,0.05548967286940129,0.022653564087332077,6,104.16666666666667,53,175
g1post,A/RL/AL,auditory_direction,time_resolved_trial_response,glm_clean,balanced_accuracy,46,2.0055638222164713,1.0351297146923724,0.553395061728395,0.0372110111487008,0.015191331687888849,6,104.16666666666667,53,175
g1post,A/RL/AL,congruency,time_resolved_trial_response,glm_clean,balanced_accuracy,0,-0.9704341075240991,1.0351297146923724,0.5148148148148147,0.0299003833054144,0.01220678036864966,6,104.16666666666667,53,175
g1post,A/RL/AL,congruency,time_resolved_trial_response,glm_clean,balanced_accuracy,1,-0.9057385003558258,1.0351297146923724,0.49444444444444446,0.04513354669242202,0.018425693279752228,6,104.16666666666667,53,175
g1post,A/RL/AL,congruency,time_resolved_trial_response,glm_clean,balanced_accuracy,2,-0.8410428931875525,1.0351297146923724,0.5152777777777778,0.04100398956801434,0.01673980864333993,6,104.16666666666667,53,175
g1post,A/RL/AL,congruency,time_resolved_trial_response,glm_clean,balanced_accuracy,3,-0.7763472860192793,1.0351297146923724,0.5050925925925925,0.02894314705274587,0.011815990304927696,6,104.16666666666667,53,175
g1post,A/RL/AL,congruency,time_resolved_trial_response,glm_clean,balanced_accuracy,4,-0.711651678851006,1.0351297146923724,0.48333333333333334,0.03944053188733073,0.01610152971798825,6,104.16666666666667,53,175
g1post,A/RL/AL,congruency,time_resolved_trial_response,glm_clean,balanced_accuracy,5,-0.6469560716827327,1.0351297146923724,0.4921296296296296,0.024808940708838233,0.010128207632602547,6,104.16666666666667,53,175
g1post,A/RL/AL,congruency,time_resolved_trial_response,glm_clean,balanced_accuracy,6,-0.5822604645144595,1.0351297146923724,0.47962962962962963,0.015078668878386891,0.006155840792072103,6,104.16666666666667,53,175
g1post,A/RL/AL,congruency,time_resolved_trial_response,glm_clean,balanced_accuracy,7,-0.5175648573461862,1.0351297146923724,0.5138888888888888,0.039557740264261954,0.016149379837498465,6,104.16666666666667,53,175
g1post,A/RL/AL,congruency,time_resolved_trial_response,glm_clean,balanced_accuracy,8,-0.4528692501779129,1.0351297146923724,0.4939814814814815,0.042724232963325726,0.017442095068657553,6,104.16666666666667,53,175
g1post,A/RL/AL,congruency,time_resolved_trial_response,glm_clean,balanced_accuracy,9,-0.38817364300963964,1.0351297146923724,0.49722222222222223,0.04142522640512719,0.016911777861971653,6,104.16666666666667,53,175
g1post,A/RL/AL,congruency,time_resolved_trial_response,glm_clean,balanced_accuracy,10,-0.32347803584136636,1.0351297146923724,0.525,0.019953649995631068,0.00814604349923065,6,104.16666666666667,53,175
g1post,A/RL/AL,congruency,time_resolved_trial_response,glm_clean,balanced_accuracy,11,-0.2587824286730931,1.0351297146923724,0.5273148148148148,0.03274558997103945,0.013368331125907473,6,104.16666666666667,53,175
g1post,A/RL/AL,congruency,time_resolved_trial_response,glm_clean,balanced_accuracy,12,-0.19408682150481982,1.0351297146923724,0.5157407407407407,0.03285145517318658,0.01341155041370365,6,104.16666666666667,53,175
g1post,A/RL/AL,congruency,time_resolved_trial_response,glm_clean,balanced_accuracy,13,-0.12939121433654655,1.0351297146923724,0.48935185185185187,0.046061441343067264,0.018804504684608713,6,104.16666666666667,53,175
g1post,A/RL/AL,congruency,time_resolved_trial_response,glm_clean,balanced_accuracy,14,-0.06469560716827327,1.0351297146923724,0.5263888888888889,0.0264545965573536,0.010800043819450803,6,104.16666666666667,53,175
g1post,A/RL/AL,congruency,time_resolved_trial_response,glm_clean,balanced_accuracy,15,0.0,1.0351297146923724,0.5041666666666667,0.04341694213319879,0.017724892403046876,6,104.16666666666667,53,175
g1post,A/RL/AL,congruency,time_resolved_trial_response,glm_clean,balanced_accuracy,16,0.06469560716827327,1.0351297146923724,0.5092592592592593,0.02906286644089529,0.011864865540475077,6,104.16666666666667,53,175
g1post,A/RL/AL,congruency,time_resolved_trial_response,glm_clean,balanced_accuracy,17,0.12939121433654655,1.0351297146923724,0.5171296296296296,0.022934196437964554,0.009362846488961445,6,104.16666666666667,53,175
g1post,A/RL/AL,congruency,time_resolved_trial_response,glm_clean,balanced_accuracy,18,0.19408682150481982,1.0351297146923724,0.48287037037037034,0.02774535144396209,0.011326992295316597,6,104.16666666666667,53,175
g1post,A/RL/AL,congruency,time_resolved_trial_response,glm_clean,balanced_accuracy,19,0.2587824286730931,1.0351297146923724,0.4939814814814814,0.03349113880716548,0.013672700163713246,6,104.16666666666667,53,175
g1post,A/RL/AL,congruency,time_resolved_trial_response,glm_clean,balanced_accuracy,20,0.32347803584136636,1.0351297146923724,0.4875,0.04362968465066016,0.017811744172109456,6,104.16666666666667,53,175
g1post,A/RL/AL,congruency,time_resolved_trial_response,glm_clean,balanced_accuracy,21,0.38817364300963964,1.0351297146923724,0.4810185185185185,0.01846055744201564,0.007536491016712828,6,104.16666666666667,53,175
g1post,A/RL/AL,congruency,time_resolved_trial_response,glm_clean,balanced_accuracy,22,0.4528692501779129,1.0351297146923724,0.47962962962962963,0.03472407402469398,0.014176043858521947,6,104.16666666666667,53,175
g1post,A/RL/AL,congruency,time_resolved_trial_response,glm_clean,balanced_accuracy,23,0.5175648573461862,1.0351297146923724,0.5060185185185184,0.031250514399058536,0.012757969079531983,6,104.16666666666667,53,175
g1post,A/RL/AL,congruency,time_resolved_trial_response,glm_clean,balanced_accuracy,24,0.5822604645144595,1.0351297146923724,0.5087962962962963,0.0195959704432613,0.008000021433441813,6,104.16666666666667,53,175
g1post,A/RL/AL,congruency,time_resolved_trial_response,glm_clean,balanced_accuracy,25,0.6469560716827327,1.0351297146923724,0.48055555555555557,0.034471315683307954,0.014072855697750622,6,104.16666666666667,53,175
g1post,A/RL/AL,congruency,time_resolved_trial_response,glm_clean,balanced_accuracy,26,0.711651678851006,1.0351297146923724,0.48055555555555557,0.04527010841658528,0.018481444370184674,6,104.16666666666667,53,175
g1post,A/RL/AL,congruency,time_resolved_trial_response,glm_clean,balanced_accuracy,27,0.7763472860192793,1.0351297146923724,0.4851851851851852,0.04251603425443485,0.017357098301676067,6,104.16666666666667,53,175
g1post,A/RL/AL,congruency,time_resolved_trial_response,glm_clean,balanced_accuracy,28,0.8410428931875525,1.0351297146923724,0.48379629629629634,0.05809253651162006,0.023716178719578436,6,104.16666666666667,53,175
g1post,A/RL/AL,congruency,time_resolved_trial_response,glm_clean,balanced_accuracy,29,0.9057385003558258,1.0351297146923724,0.4777777777777778,0.043496842513474174,0.01775751159670171,6,104.16666666666667,53,175
g1post,A/RL/AL,congruency,time_resolved_trial_response,glm_clean,balanced_accuracy,30,0.9704341075240991,1.0351297146923724,0.4953703703703703,0.02662419457233433,0.01086928191913275,6,104.16666666666667,53,175
g1post,A/RL/AL,congruency,time_resolved_trial_response,glm_clean,balanced_accuracy,31,1.0351297146923724,1.0351297146923724,0.4694444444444444,0.046580608480565756,0.019016453780957492,6,104.16666666666667,53,175
g1post,A/RL/AL,congruency,time_resolved_trial_response,glm_clean,balanced_accuracy,32,1.0998253218606455,1.0351297146923724,0.4847222222222222,0.029697549468675744,0.012123973801552876,6,104.16666666666667,53,175
g1post,A/RL/AL,congruency,time_resolved_trial_response,glm_clean,balanced_accuracy,33,1.164520929028919,1.0351297146923724,0.5055555555555555,0.01883980550868135,0.007691318391590831,6,104.16666666666667,53,175
g1post,A/RL/AL,congruency,time_resolved_trial_response,glm_clean,balanced_accuracy,34,1.229216536197192,1.0351297146923724,0.5120370370370371,0.038796185803785035,0.01583847653091363,6,104.16666666666667,53,175
g1post,A/RL/AL,congruency,time_resolved_trial_response,glm_clean,balanced_accuracy,35,1.2939121433654655,1.0351297146923724,0.4949074074074074,0.050899824961093465,0.02077976652527627,6,104.16666666666667,53,175
g1post,A/RL/AL,congruency,time_resolved_trial_response,glm_clean,balanced_accuracy,36,1.3586077505337386,1.0351297146923724,0.5125000000000001,0.023814483610392005,0.00972222222222222,6,104.16666666666667,53,175
g1post,A/RL/AL,congruency,time_resolved_trial_response,glm_clean,balanced_accuracy,37,1.423303357702012,1.0351297146923724,0.4875,0.054905924032176735,0.022415249622474882,6,104.16666666666667,53,175
g1post,A/RL/AL,congruency,time_resolved_trial_response,glm_clean,balanced_accuracy,38,1.4879989648702852,1.0351297146923724,0.49212962962962964,0.039182095726420826,0.015996023597102733,6,104.16666666666667,53,175
g1post,A/RL/AL,congruency,time_resolved_trial_response,glm_clean,balanced_accuracy,39,1.5526945720385585,1.0351297146923724,0.4824074074074074,0.049243244403080956,0.020103470344451993,6,104.16666666666667,53,175
g1post,A/RL/AL,congruency,time_resolved_trial_response,glm_clean,balanced_accuracy,40,1.6173901792068317,1.0351297146923724,0.48981481481481487,0.029062866440895327,0.011864865540475092,6,104.16666666666667,53,175
g1post,A/RL/AL,congruency,time_resolved_trial_response,glm_clean,balanced_accuracy,41,1.682085786375105,1.0351297146923724,0.4875,0.022274244663032742,0.009093422305056942,6,104.16666666666667,53,175
g1post,A/RL/AL,congruency,time_resolved_trial_response,glm_clean,balanced_accuracy,42,1.7467813935433782,1.0351297146923724,0.487037037037037,0.021777966741432665,0.00889081769196875,6,104.16666666666667,53,175
g1post,A/RL/AL,congruency,time_resolved_trial_response,glm_clean,balanced_accuracy,43,1.8114770007116516,1.0351297146923724,0.4953703703703704,0.026739868663321564,0.01091650566902925,6,104.16666666666667,53,175
g1post,A/RL/AL,congruency,time_resolved_trial_response,glm_clean,balanced_accuracy,44,1.8761726078799248,1.0351297146923724,0.49953703703703706,0.03858678956868665,0.01575299087590515,6,104.16666666666667,53,175
g1post,A/RL/AL,congruency,time_resolved_trial_response,glm_clean,balanced_accuracy,45,1.9408682150481982,1.0351297146923724,0.5032407407407408,0.03367494703207669,0.01374773955730645,6,104.16666666666667,53,175
g1post,A/RL/AL,congruency,time_resolved_trial_response,glm_clean,balanced_accuracy,46,2.0055638222164713,1.0351297146923724,0.500462962962963,0.03159429677136951,0.012898317645319549,6,104.16666666666667,53,175
g1post,A/RL/AL,modality,time_resolved_trial_response,glm_clean,balanced_accuracy,0,-0.9704341075240991,1.0351297146923724,0.3294753086419753,0.017247260439966754,0.007041164589801441,6,104.16666666666667,53,175
g1post,A/RL/AL,modality,time_resolved_trial_response,glm_clean,balanced_accuracy,1,-0.9057385003558258,1.0351297146923724,0.3339506172839506,0.012251181554207966,0.005001523925667814,6,104.16666666666667,53,175
g1post,A/RL/AL,modality,time_resolved_trial_response,glm_clean,balanced_accuracy,2,-0.8410428931875525,1.0351297146923724,0.3396604938271605,0.023565982046815218,0.0096207718837144,6,104.16666666666667,53,175
g1post,A/RL/AL,modality,time_resolved_trial_response,glm_clean,balanced_accuracy,3,-0.7763472860192793,1.0351297146923724,0.3404320987654321,0.00941838573963486,0.003845039877135158,6,104.16666666666667,53,175
g1post,A/RL/AL,modality,time_resolved_trial_response,glm_clean,balanced_accuracy,4,-0.711651678851006,1.0351297146923724,0.33240740740740743,0.01468694819177654,0.005995921491424097,6,104.16666666666667,53,175
g1post,A/RL/AL,modality,time_resolved_trial_response,glm_clean,balanced_accuracy,5,-0.6469560716827327,1.0351297146923724,0.3361111111111111,0.01459325059618187,0.005957669608201998,6,104.16666666666667,53,175
g1post,A/RL/AL,modality,time_resolved_trial_response,glm_clean,balanced_accuracy,6,-0.5822604645144595,1.0351297146923724,0.34336419753086417,0.017187506494989815,0.007016770143916134,6,104.16666666666667,53,175
g1post,A/RL/AL,modality,time_resolved_trial_response,glm_clean,balanced_accuracy,7,-0.5175648573461862,1.0351297146923724,0.33549382716049386,0.020932207076549858,0.008545537754637055,6,104.16666666666667,53,175
g1post,A/RL/AL,modality,time_resolved_trial_response,glm_clean,balanced_accuracy,8,-0.4528692501779129,1.0351297146923724,0.3376543209876543,0.021200805775336656,0.008655192714237585,6,104.16666666666667,53,175
g1post,A/RL/AL,modality,time_resolved_trial_response,glm_clean,balanced_accuracy,9,-0.38817364300963964,1.0351297146923724,0.3385802469135802,0.015775198305344084,0.006440197739885151,6,104.16666666666667,53,175
g1post,A/RL/AL,modality,time_resolved_trial_response,glm_clean,balanced_accuracy,10,-0.32347803584136636,1.0351297146923724,0.3381172839506173,0.01659879871810959,0.006776431200422001,6,104.16666666666667,53,175
g1post,A/RL/AL,modality,time_resolved_trial_response,glm_clean,balanced_accuracy,11,-0.2587824286730931,1.0351297146923724,0.33503086419753086,0.018970562954272376,0.007744699895218789,6,104.16666666666667,53,175
g1post,A/RL/AL,modality,time_resolved_trial_response,glm_clean,balanced_accuracy,12,-0.19408682150481982,1.0351297146923724,0.3523148148148148,0.024711989836938644,0.010088627604890559,6,104.16666666666667,53,175
g1post,A/RL/AL,modality,time_resolved_trial_response,glm_clean,balanced_accuracy,13,-0.12939121433654655,1.0351297146923724,0.33348765432098765,0.022386864371495757,0.009139399108509506,6,104.16666666666667,53,175
g1post,A/RL/AL,modality,time_resolved_trial_response,glm_clean,balanced_accuracy,14,-0.06469560716827327,1.0351297146923724,0.3421296296296296,0.013667996522671422,0.005579936214446632,6,104.16666666666667,53,175
g1post,A/RL/AL,modality,time_resolved_trial_response,glm_clean,balanced_accuracy,15,0.0,1.0351297146923724,0.3347222222222222,0.028356623204483306,0.01157654294655822,6,104.16666666666667,53,175
g1post,A/RL/AL,modality,time_resolved_trial_response,glm_clean,balanced_accuracy,16,0.06469560716827327,1.0351297146923724,0.34614197530864194,0.033612088888270726,0.01372207782755593,6,104.16666666666667,53,175
g1post,A/RL/AL,modality,time_resolved_trial_response,glm_clean,balanced_accuracy,17,0.12939121433654655,1.0351297146923724,0.35462962962962963,0.025546160377123567,0.010429176301876371,6,104.16666666666667,53,175
g1post,A/RL/AL,modality,time_resolved_trial_response,glm_clean,balanced_accuracy,18,0.19408682150481982,1.0351297146923724,0.4137345679012346,0.0534490022268791,0.021820463786122603,6,104.16666666666667,53,175
g1post,A/RL/AL,modality,time_resolved_trial_response,glm_clean,balanced_accuracy,19,0.2587824286730931,1.0351297146923724,0.5876543209876544,0.07380661591181933,0.030131424770923194,6,104.16666666666667,53,175
g1post,A/RL/AL,modality,time_resolved_trial_response,glm_clean,balanced_accuracy,20,0.32347803584136636,1.0351297146923724,0.6242283950617283,0.05160462446003,0.021067499715836897,6,104.16666666666667,53,175
g1post,A/RL/AL,modality,time_resolved_trial_response,glm_clean,balanced_accuracy,21,0.38817364300963964,1.0351297146923724,0.6319444444444444,0.060478629358257624,0.024690297045106273,6,104.16666666666667,53,175
g1post,A/RL/AL,modality,time_resolved_trial_response,glm_clean,balanced_accuracy,22,0.4528692501779129,1.0351297146923724,0.6669753086419754,0.06758033036075625,0.027589554338761837,6,104.16666666666667,53,175
g1post,A/RL/AL,modality,time_resolved_trial_response,glm_clean,balanced_accuracy,23,0.5175648573461862,1.0351297146923724,0.6794753086419753,0.06628599306102277,0.02706114334886203,6,104.16666666666667,53,175
g1post,A/RL/AL,modality,time_resolved_trial_response,glm_clean,balanced_accuracy,24,0.5822604645144595,1.0351297146923724,0.6933641975308641,0.08072336006154017,0.03295517374562265,6,104.16666666666667,53,175
g1post,A/RL/AL,modality,time_resolved_trial_response,glm_clean,balanced_accuracy,25,0.6469560716827327,1.0351297146923724,0.7270061728395062,0.06616430235606124,0.027011463326596142,6,104.16666666666667,53,175
g1post,A/RL/AL,modality,time_resolved_trial_response,glm_clean,balanced_accuracy,26,0.711651678851006,1.0351297146923724,0.7282407407407407,0.06656306250044078,0.027174256473844215,6,104.16666666666667,53,175
g1post,A/RL/AL,modality,time_resolved_trial_response,glm_clean,balanced_accuracy,27,0.7763472860192793,1.0351297146923724,0.7441358024691359,0.054861925034333195,0.02239728710682314,6,104.16666666666667,53,175
g1post,A/RL/AL,modality,time_resolved_trial_response,glm_clean,balanced_accuracy,28,0.8410428931875525,1.0351297146923724,0.7575617283950616,0.07123353819569447,0.029080970192084558,6,104.16666666666667,53,175
g1post,A/RL/AL,modality,time_resolved_trial_response,glm_clean,balanced_accuracy,29,0.9057385003558258,1.0351297146923724,0.7484567901234568,0.07028178309639026,0.028692417799853348,6,104.16666666666667,53,175
g1post,A/RL/AL,modality,time_resolved_trial_response,glm_clean,balanced_accuracy,30,0.9704341075240991,1.0351297146923724,0.7549382716049382,0.08190057764264207,0.0334357708106115,6,104.16666666666667,53,175
g1post,A/RL/AL,modality,time_resolved_trial_response,glm_clean,balanced_accuracy,31,1.0351297146923724,1.0351297146923724,0.7702160493827162,0.07147144591486454,0.02917809561172389,6,104.16666666666667,53,175
g1post,A/RL/AL,modality,time_resolved_trial_response,glm_clean,balanced_accuracy,32,1.0998253218606455,1.0351297146923724,0.7648148148148147,0.07205107927499323,0.029414729940092255,6,104.16666666666667,53,175
g1post,A/RL/AL,modality,time_resolved_trial_response,glm_clean,balanced_accuracy,33,1.164520929028919,1.0351297146923724,0.7609567901234567,0.07544203678649414,0.0307990825471981,6,104.16666666666667,53,175
g1post,A/RL/AL,modality,time_resolved_trial_response,glm_clean,balanced_accuracy,34,1.229216536197192,1.0351297146923724,0.7617283950617284,0.07909524971617111,0.03229050048043921,6,104.16666666666667,53,175
g1post,A/RL/AL,modality,time_resolved_trial_response,glm_clean,balanced_accuracy,35,1.2939121433654655,1.0351297146923724,0.7461419753086419,0.07659017625197231,0.03126780852119366,6,104.16666666666667,53,175
g1post,A/RL/AL,modality,time_resolved_trial_response,glm_clean,balanced_accuracy,36,1.3586077505337386,1.0351297146923724,0.7495370370370371,0.0791582733259111,0.03231622976137442,6,104.16666666666667,53,175
g1post,A/RL/AL,modality,time_resolved_trial_response,glm_clean,balanced_accuracy,37,1.423303357702012,1.0351297146923724,0.736574074074074,0.0844833203235667,0.03449017109480704,6,104.16666666666667,53,175
g1post,A/RL/AL,modality,time_resolved_trial_response,glm_clean,balanced_accuracy,38,1.4879989648702852,1.0351297146923724,0.7106481481481483,0.0941330195905193,0.03842964432403083,6,104.16666666666667,53,175
g1post,A/RL/AL,modality,time_resolved_trial_response,glm_clean,balanced_accuracy,39,1.5526945720385585,1.0351297146923724,0.7092592592592593,0.10566271363871899,0.04313662220877973,6,104.16666666666667,53,175
g1post,A/RL/AL,modality,time_resolved_trial_response,glm_clean,balanced_accuracy,40,1.6173901792068317,1.0351297146923724,0.6908950617283951,0.09960383919712879,0.04066309707586534,6,104.16666666666667,53,175
g1post,A/RL/AL,modality,time_resolved_trial_response,glm_clean,balanced_accuracy,41,1.682085786375105,1.0351297146923724,0.6807098765432098,0.10220211937775105,0.041723840517750514,6,104.16666666666667,53,175
g1post,A/RL/AL,modality,time_resolved_trial_response,glm_clean,balanced_accuracy,42,1.7467813935433782,1.0351297146923724,0.6638888888888889,0.10900472548622131,0.04450099283223253,6,104.16666666666667,53,175
g1post,A/RL/AL,modality,time_resolved_trial_response,glm_clean,balanced_accuracy,43,1.8114770007116516,1.0351297146923724,0.6641975308641975,0.1032291833203205,0.04214313761650156,6,104.16666666666667,53,175
g1post,A/RL/AL,modality,time_resolved_trial_response,glm_clean,balanced_accuracy,44,1.8761726078799248,1.0351297146923724,0.6574074074074073,0.0894906329634729,0.03653439791986684,6,104.16666666666667,53,175
g1post,A/RL/AL,modality,time_resolved_trial_response,glm_clean,balanced_accuracy,45,1.9408682150481982,1.0351297146923724,0.6282407407407408,0.11817767830192816,0.04824583513775053,6,104.16666666666667,53,175
g1post,A/RL/AL,modality,time_resolved_trial_response,glm_clean,balanced_accuracy,46,2.0055638222164713,1.0351297146923724,0.6104938271604938,0.10061311814446779,0.041075133480717646,6,104.16666666666667,53,175
g1post,A/RL/AL,trial_type,time_resolved_trial_response,glm_clean,balanced_accuracy,0,-0.9704341075240991,1.0351297146923724,0.12569444444444444,0.010120798167909267,0.004131798550178755,6,104.16666666666667,53,175
g1post,A/RL/AL,trial_type,time_resolved_trial_response,glm_clean,balanced_accuracy,1,-0.9057385003558258,1.0351297146923724,0.12476851851851851,0.008118369405902864,0.003314310431313971,6,104.16666666666667,53,175
g1post,A/RL/AL,trial_type,time_resolved_trial_response,glm_clean,balanced_accuracy,2,-0.8410428931875525,1.0351297146923724,0.1310185185185185,0.017183349199499327,0.00701507293513919,6,104.16666666666667,53,175
g1post,A/RL/AL,trial_type,time_resolved_trial_response,glm_clean,balanced_accuracy,3,-0.7763472860192793,1.0351297146923724,0.11597222222222221,0.011678235005321062,0.004767619476557566,6,104.16666666666667,53,175
g1post,A/RL/AL,trial_type,time_resolved_trial_response,glm_clean,balanced_accuracy,4,-0.711651678851006,1.0351297146923724,0.11967592592592592,0.018096463629250152,0.0073878503400828495,6,104.16666666666667,53,175
g1post,A/RL/AL,trial_type,time_resolved_trial_response,glm_clean,balanced_accuracy,5,-0.6469560716827327,1.0351297146923724,0.12546296296296297,0.012412243391435348,0.0050672771453748626,6,104.16666666666667,53,175
g1post,A/RL/AL,trial_type,time_resolved_trial_response,glm_clean,balanced_accuracy,6,-0.5822604645144595,1.0351297146923724,0.11782407407407408,0.010445946503496447,0.004264539802329392,6,104.16666666666667,53,175
g1post,A/RL/AL,trial_type,time_resolved_trial_response,glm_clean,balanced_accuracy,7,-0.5175648573461862,1.0351297146923724,0.12199074074074075,0.008669900868519717,0.003539472208064336,6,104.16666666666667,53,175
g1post,A/RL/AL,trial_type,time_resolved_trial_response,glm_clean,balanced_accuracy,8,-0.4528692501779129,1.0351297146923724,0.12268518518518519,0.01606955048141973,0.006560366512562352,6,104.16666666666667,53,175
g1post,A/RL/AL,trial_type,time_resolved_trial_response,glm_clean,balanced_accuracy,9,-0.38817364300963964,1.0351297146923724,0.11851851851851852,0.012192725349171506,0.004977659279894675,6,104.16666666666667,53,175
g1post,A/RL/AL,trial_type,time_resolved_trial_response,glm_clean,balanced_accuracy,10,-0.32347803584136636,1.0351297146923724,0.13148148148148148,0.008769452216704875,0.0035801138757742992,6,104.16666666666667,53,175
g1post,A/RL/AL,trial_type,time_resolved_trial_response,glm_clean,balanced_accuracy,11,-0.2587824286730931,1.0351297146923724,0.12384259259259257,0.014148045132454129,0.005775915238729976,6,104.16666666666667,53,175
g1post,A/RL/AL,trial_type,time_resolved_trial_response,glm_clean,balanced_accuracy,12,-0.19408682150481982,1.0351297146923724,0.1300925925925926,0.013795985579399386,0.005632187528053906,6,104.16666666666667,53,175
g1post,A/RL/AL,trial_type,time_resolved_trial_response,glm_clean,balanced_accuracy,13,-0.12939121433654655,1.0351297146923724,0.11643518518518518,0.015967189223130132,0.006518577703855894,6,104.16666666666667,53,175
g1post,A/RL/AL,trial_type,time_resolved_trial_response,glm_clean,balanced_accuracy,14,-0.06469560716827327,1.0351297146923724,0.1236111111111111,0.01254621087848467,0.005121969142940488,6,104.16666666666667,53,175
g1post,A/RL/AL,trial_type,time_resolved_trial_response,glm_clean,balanced_accuracy,15,0.0,1.0351297146923724,0.12476851851851851,0.005854239433228189,0.0023899832405815426,6,104.16666666666667,53,175
g1post,A/RL/AL,trial_type,time_resolved_trial_response,glm_clean,balanced_accuracy,16,0.06469560716827327,1.0351297146923724,0.13055555555555556,0.015639653622510276,0.0063848618548367824,6,104.16666666666667,53,175
g1post,A/RL/AL,trial_type,time_resolved_trial_response,glm_clean,balanced_accuracy,17,0.12939121433654655,1.0351297146923724,0.12800925925925924,0.009313498544802215,0.0038022198591531804,6,104.16666666666667,53,175
g1post,A/RL/AL,trial_type,time_resolved_trial_response,glm_clean,balanced_accuracy,18,0.19408682150481982,1.0351297146923724,0.1625,0.02128220145486441,0.008688422361255934,6,104.16666666666667,53,175
g1post,A/RL/AL,trial_type,time_resolved_trial_response,glm_clean,balanced_accuracy,19,0.2587824286730931,1.0351297146923724,0.25092592592592594,0.06819241718341469,0.027839437737727606,6,104.16666666666667,53,175
g1post,A/RL/AL,trial_type,time_resolved_trial_response,glm_clean,balanced_accuracy,20,0.32347803584136636,1.0351297146923724,0.27499999999999997,0.08347210667398178,0.034077344851070265,6,104.16666666666667,53,175
g1post,A/RL/AL,trial_type,time_resolved_trial_response,glm_clean,balanced_accuracy,21,0.38817364300963964,1.0351297146923724,0.31296296296296294,0.0822600638645259,0.033582530446140894,6,104.16666666666667,53,175
g1post,A/RL/AL,trial_type,time_resolved_trial_response,glm_clean,balanced_accuracy,22,0.4528692501779129,1.0351297146923724,0.3516203703703704,0.10388078053127062,0.042409151063942975,6,104.16666666666667,53,175
g1post,A/RL/AL,trial_type,time_resolved_trial_response,glm_clean,balanced_accuracy,23,0.5175648573461862,1.0351297146923724,0.368287037037037,0.1044770068428826,0.04265255943638814,6,104.16666666666667,53,175
g1post,A/RL/AL,trial_type,time_resolved_trial_response,glm_clean,balanced_accuracy,24,0.5822604645144595,1.0351297146923724,0.3972222222222222,0.1081836572856719,0.044165793143004,6,104.16666666666667,53,175
g1post,A/RL/AL,trial_type,time_resolved_trial_response,glm_clean,balanced_accuracy,25,0.6469560716827327,1.0351297146923724,0.40625,0.10791496852660784,0.04405610141644923,6,104.16666666666667,53,175
g1post,A/RL/AL,trial_type,time_resolved_trial_response,glm_clean,balanced_accuracy,26,0.711651678851006,1.0351297146923724,0.4074074074074074,0.0943449912091529,0.038516181374964854,6,104.16666666666667,53,175
g1post,A/RL/AL,trial_type,time_resolved_trial_response,glm_clean,balanced_accuracy,27,0.7763472860192793,1.0351297146923724,0.41874999999999996,0.09488764473553335,0.03873771874942386,6,104.16666666666667,53,175
g1post,A/RL/AL,trial_type,time_resolved_trial_response,glm_clean,balanced_accuracy,28,0.8410428931875525,1.0351297146923724,0.3956018518518518,0.07982628064932329,0.03258894260917478,6,104.16666666666667,53,175
g1post,A/RL/AL,trial_type,time_resolved_trial_response,glm_clean,balanced_accuracy,29,0.9057385003558258,1.0351297146923724,0.3879629629629629,0.07944476819410853,0.03243319080154269,6,104.16666666666667,53,175
g1post,A/RL/AL,trial_type,time_resolved_trial_response,glm_clean,balanced_accuracy,30,0.9704341075240991,1.0351297146923724,0.3849537037037037,0.07745676146805612,0.031621590454201126,6,104.16666666666667,53,175
g1post,A/RL/AL,trial_type,time_resolved_trial_response,glm_clean,balanced_accuracy,31,1.0351297146923724,1.0351297146923724,0.3918981481481481,0.08330284936263681,0.03400824584306518,6,104.16666666666667,53,175
g1post,A/RL/AL,trial_type,time_resolved_trial_response,glm_clean,balanced_accuracy,32,1.0998253218606455,1.0351297146923724,0.4168981481481482,0.09459716682434746,0.03861913163876471,6,104.16666666666667,53,175
g1post,A/RL/AL,trial_type,time_resolved_trial_response,glm_clean,balanced_accuracy,33,1.164520929028919,1.0351297146923724,0.4291666666666667,0.10672958213964721,0.04357216945043342,6,104.16666666666667,53,175
g1post,A/RL/AL,trial_type,time_resolved_trial_response,glm_clean,balanced_accuracy,34,1.229216536197192,1.0351297146923724,0.4099537037037037,0.11733083655101634,0.04790011344064735,6,104.16666666666667,53,175
g1post,A/RL/AL,trial_type,time_resolved_trial_response,glm_clean,balanced_accuracy,35,1.2939121433654655,1.0351297146923724,0.41412037037037036,0.10594743290469402,0.04325285836237616,6,104.16666666666667,53,175
g1post,A/RL/AL,trial_type,time_resolved_trial_response,glm_clean,balanced_accuracy,36,1.3586077505337386,1.0351297146923724,0.4131944444444444,0.11574953670280315,0.04725455048090355,6,104.16666666666667,53,175
g1post,A/RL/AL,trial_type,time_resolved_trial_response,glm_clean,balanced_accuracy,37,1.423303357702012,1.0351297146923724,0.39351851851851855,0.1008362666648122,0.0411662334826678,6,104.16666666666667,53,175
g1post,A/RL/AL,trial_type,time_resolved_trial_response,glm_clean,balanced_accuracy,38,1.4879989648702852,1.0351297146923724,0.3814814814814815,0.11868839099245804,0.04845433272057755,6,104.16666666666667,53,175
g1post,A/RL/AL,trial_type,time_resolved_trial_response,glm_clean,balanced_accuracy,39,1.5526945720385585,1.0351297146923724,0.3733796296296296,0.11469032602959002,0.046822129534323215,6,104.16666666666667,53,175
g1post,A/RL/AL,trial_type,time_resolved_trial_response,glm_clean,balanced_accuracy,40,1.6173901792068317,1.0351297146923724,0.3592592592592592,0.1132933843898312,0.046251830498013895,6,104.16666666666667,53,175
g1post,A/RL/AL,trial_type,time_resolved_trial_response,glm_clean,balanced_accuracy,41,1.682085786375105,1.0351297146923724,0.33634259259259264,0.0930386247726635,0.03798285951054869,6,104.16666666666667,53,175
g1post,A/RL/AL,trial_type,time_resolved_trial_response,glm_clean,balanced_accuracy,42,1.7467813935433782,1.0351297146923724,0.331712962962963,0.10016351086830484,0.04089158207884401,6,104.16666666666667,53,175
g1post,A/RL/AL,trial_type,time_resolved_trial_response,glm_clean,balanced_accuracy,43,1.8114770007116516,1.0351297146923724,0.3300925925925926,0.10599931089146296,0.04327403746178729,6,104.16666666666667,53,175
g1post,A/RL/AL,trial_type,time_resolved_trial_response,glm_clean,balanced_accuracy,44,1.8761726078799248,1.0351297146923724,0.31666666666666665,0.10097136252117586,0.04122138613507701,6,104.16666666666667,53,175
g1post,A/RL/AL,trial_type,time_resolved_trial_response,glm_clean,balanced_accuracy,45,1.9408682150481982,1.0351297146923724,0.30671296296296297,0.09704116739159871,0.03961689069223774,6,104.16666666666667,53,175
g1post,A/RL/AL,trial_type,time_resolved_trial_response,glm_clean,balanced_accuracy,46,2.0055638222164713,1.0351297146923724,0.2990740740740741,0.09357304974115188,0.038201037590315276,6,104.16666666666667,53,175
g1post,A/RL/AL,visual_direction,time_resolved_trial_response,glm_clean,balanced_accuracy,0,-0.9704341075240991,1.0351297146923724,0.4904320987654321,0.015334257740370187,0.006260184508038388,6,104.16666666666667,53,175
g1post,A/RL/AL,visual_direction,time_resolved_trial_response,glm_clean,balanced_accuracy,1,-0.9057385003558258,1.0351297146923724,0.5132716049382716,0.020701572363185018,0.008451381527184236,6,104.16666666666667,53,175
g1post,A/RL/AL,visual_direction,time_resolved_trial_response,glm_clean,balanced_accuracy,2,-0.8410428931875525,1.0351297146923724,0.5175925925925925,0.012325600957254547,0.005031905519738923,6,104.16666666666667,53,175
g1post,A/RL/AL,visual_direction,time_resolved_trial_response,glm_clean,balanced_accuracy,3,-0.7763472860192793,1.0351297146923724,0.5083333333333333,0.03310104246614718,0.01351344399937632,6,104.16666666666667,53,175
g1post,A/RL/AL,visual_direction,time_resolved_trial_response,glm_clean,balanced_accuracy,4,-0.711651678851006,1.0351297146923724,0.4981481481481482,0.02225306501599969,0.00908477575036307,6,104.16666666666667,53,175
g1post,A/RL/AL,visual_direction,time_resolved_trial_response,glm_clean,balanced_accuracy,5,-0.6469560716827327,1.0351297146923724,0.5012345679012346,0.026801783887834583,0.010941782453590378,6,104.16666666666667,53,175
g1post,A/RL/AL,visual_direction,time_resolved_trial_response,glm_clean,balanced_accuracy,6,-0.5822604645144595,1.0351297146923724,0.49722222222222223,0.018210399657688184,0.007434364528914917,6,104.16666666666667,53,175
g1post,A/RL/AL,visual_direction,time_resolved_trial_response,glm_clean,balanced_accuracy,7,-0.5175648573461862,1.0351297146923724,0.5046296296296297,0.02249066259535392,0.009181774555952787,6,104.16666666666667,53,175
g1post,A/RL/AL,visual_direction,time_resolved_trial_response,glm_clean,balanced_accuracy,8,-0.4528692501779129,1.0351297146923724,0.5012345679012346,0.017979818997284895,0.007340230368491247,6,104.16666666666667,53,175
g1post,A/RL/AL,visual_direction,time_resolved_trial_response,glm_clean,balanced_accuracy,9,-0.38817364300963964,1.0351297146923724,0.5024691358024691,0.04020978367569835,0.016415575445525597,6,104.16666666666667,53,175
g1post,A/RL/AL,visual_direction,time_resolved_trial_response,glm_clean,balanced_accuracy,10,-0.32347803584136636,1.0351297146923724,0.5009259259259259,0.012157516712718443,0.004963285414253149,6,104.16666666666667,53,175
g1post,A/RL/AL,visual_direction,time_resolved_trial_response,glm_clean,balanced_accuracy,11,-0.2587824286730931,1.0351297146923724,0.4938271604938272,0.013388090579482436,0.005465665091649054,6,104.16666666666667,53,175
g1post,A/RL/AL,visual_direction,time_resolved_trial_response,glm_clean,balanced_accuracy,12,-0.19408682150481982,1.0351297146923724,0.516358024691358,0.03184790386098217,0.013001852306103434,6,104.16666666666667,53,175
g1post,A/RL/AL,visual_direction,time_resolved_trial_response,glm_clean,balanced_accuracy,13,-0.12939121433654655,1.0351297146923724,0.512037037037037,0.03626510375475209,0.01480516661137216,6,104.16666666666667,53,175
g1post,A/RL/AL,visual_direction,time_resolved_trial_response,glm_clean,balanced_accuracy,14,-0.06469560716827327,1.0351297146923724,0.48086419753086423,0.033694884207620825,0.013755878875139016,6,104.16666666666667,53,175
g1post,A/RL/AL,visual_direction,time_resolved_trial_response,glm_clean,balanced_accuracy,15,0.0,1.0351297146923724,0.5348765432098765,0.018607809423981478,0.007596606386617798,6,104.16666666666667,53,175
g1post,A/RL/AL,visual_direction,time_resolved_trial_response,glm_clean,balanced_accuracy,16,0.06469560716827327,1.0351297146923724,0.513888888888889,0.0284185356541163,0.01160181859827932,6,104.16666666666667,53,175
g1post,A/RL/AL,visual_direction,time_resolved_trial_response,glm_clean,balanced_accuracy,17,0.12939121433654655,1.0351297146923724,0.512962962962963,0.01994505484123891,0.00814253454214378,6,104.16666666666667,53,175
g1post,A/RL/AL,visual_direction,time_resolved_trial_response,glm_clean,balanced_accuracy,18,0.19408682150481982,1.0351297146923724,0.5033950617283951,0.01804645227938082,0.0073674332919949044,6,104.16666666666667,53,175
g1post,A/RL/AL,visual_direction,time_resolved_trial_response,glm_clean,balanced_accuracy,19,0.2587824286730931,1.0351297146923724,0.5561728395061728,0.03901508038547578,0.01592783986968068,6,104.16666666666667,53,175
g1post,A/RL/AL,visual_direction,time_resolved_trial_response,glm_clean,balanced_accuracy,20,0.32347803584136636,1.0351297146923724,0.5904320987654321,0.06170215491661092,0.02518979926264285,6,104.16666666666667,53,175
g1post,A/RL/AL,visual_direction,time_resolved_trial_response,glm_clean,balanced_accuracy,21,0.38817364300963964,1.0351297146923724,0.6697530864197532,0.052856233650883065,0.02157846702833152,6,104.16666666666667,53,175
g1post,A/RL/AL,visual_direction,time_resolved_trial_response,glm_clean,balanced_accuracy,22,0.4528692501779129,1.0351297146923724,0.7117283950617285,0.10331718091377995,0.04217906248359632,6,104.16666666666667,53,175
g1post,A/RL/AL,visual_direction,time_resolved_trial_response,glm_clean,balanced_accuracy,23,0.5175648573461862,1.0351297146923724,0.7444444444444445,0.12063503666568257,0.049249047488810344,6,104.16666666666667,53,175
g1post,A/RL/AL,visual_direction,time_resolved_trial_response,glm_clean,balanced_accuracy,24,0.5822604645144595,1.0351297146923724,0.7641975308641976,0.13603067246037878,0.055534289482599336,6,104.16666666666667,53,175
g1post,A/RL/AL,visual_direction,time_resolved_trial_response,glm_clean,balanced_accuracy,25,0.6469560716827327,1.0351297146923724,0.7811728395061728,0.12757319460494077,0.05208153860648078,6,104.16666666666667,53,175
g1post,A/RL/AL,visual_direction,time_resolved_trial_response,glm_clean,balanced_accuracy,26,0.711651678851006,1.0351297146923724,0.7858024691358024,0.10887671049726841,0.04444873093183876,6,104.16666666666667,53,175
g1post,A/RL/AL,visual_direction,time_resolved_trial_response,glm_clean,balanced_accuracy,27,0.7763472860192793,1.0351297146923724,0.7842592592592593,0.1061145045026532,0.04332106505662806,6,104.16666666666667,53,175
g1post,A/RL/AL,visual_direction,time_resolved_trial_response,glm_clean,balanced_accuracy,28,0.8410428931875525,1.0351297146923724,0.7481481481481481,0.14418304933201287,0.058862483403661084,6,104.16666666666667,53,175
g1post,A/RL/AL,visual_direction,time_resolved_trial_response,glm_clean,balanced_accuracy,29,0.9057385003558258,1.0351297146923724,0.7462962962962963,0.15066382604117767,0.06150824941605563,6,104.16666666666667,53,175
g1post,A/RL/AL,visual_direction,time_resolved_trial_response,glm_clean,balanced_accuracy,30,0.9704341075240991,1.0351297146923724,0.7645061728395062,0.1479508717382308,0.060400690459770985,6,104.16666666666667,53,175
g1post,A/RL/AL,visual_direction,time_resolved_trial_response,glm_clean,balanced_accuracy,31,1.0351297146923724,1.0351297146923724,0.7537037037037037,0.16725820949052198,0.06828287809055227,6,104.16666666666667,53,175
g1post,A/RL/AL,visual_direction,time_resolved_trial_response,glm_clean,balanced_accuracy,32,1.0998253218606455,1.0351297146923724,0.7870370370370371,0.1442448763808958,0.05888772419067197,6,104.16666666666667,53,175
g1post,A/RL/AL,visual_direction,time_resolved_trial_response,glm_clean,balanced_accuracy,33,1.164520929028919,1.0351297146923724,0.7907407407407407,0.1490896012157526,0.06086557482227008,6,104.16666666666667,53,175
g1post,A/RL/AL,visual_direction,time_resolved_trial_response,glm_clean,balanced_accuracy,34,1.229216536197192,1.0351297146923724,0.7916666666666666,0.14826268720419714,0.06052798859069193,6,104.16666666666667,53,175
g1post,A/RL/AL,visual_direction,time_resolved_trial_response,glm_clean,balanced_accuracy,35,1.2939121433654655,1.0351297146923724,0.7959876543209877,0.14690878195297333,0.059975259086429776,6,104.16666666666667,53,175
g1post,A/RL/AL,visual_direction,time_resolved_trial_response,glm_clean,balanced_accuracy,36,1.3586077505337386,1.0351297146923724,0.7799382716049382,0.1610894692431869,0.0657645004302621,6,104.16666666666667,53,175
g1post,A/RL/AL,visual_direction,time_resolved_trial_response,glm_clean,balanced_accuracy,37,1.423303357702012,1.0351297146923724,0.7780864197530865,0.16001293100467223,0.0653250055347695,6,104.16666666666667,53,175
g1post,A/RL/AL,visual_direction,time_resolved_trial_response,glm_clean,balanced_accuracy,38,1.4879989648702852,1.0351297146923724,0.7645061728395062,0.16412638856088718,0.06700431754998991,6,104.16666666666667,53,175
g1post,A/RL/AL,visual_direction,time_resolved_trial_response,glm_clean,balanced_accuracy,39,1.5526945720385585,1.0351297146923724,0.7700617283950617,0.15663828070775618,0.06394731032014016,6,104.16666666666667,53,175
g1post,A/RL/AL,visual_direction,time_resolved_trial_response,glm_clean,balanced_accuracy,40,1.6173901792068317,1.0351297146923724,0.7462962962962963,0.16916238414170218,0.0690602541366412,6,104.16666666666667,53,175
g1post,A/RL/AL,visual_direction,time_resolved_trial_response,glm_clean,balanced_accuracy,41,1.682085786375105,1.0351297146923724,0.7327160493827161,0.17316019631945398,0.070692354123804,6,104.16666666666667,53,175
g1post,A/RL/AL,visual_direction,time_resolved_trial_response,glm_clean,balanced_accuracy,42,1.7467813935433782,1.0351297146923724,0.7209876543209877,0.17116828717128194,0.06987916061930342,6,104.16666666666667,53,175
g1post,A/RL/AL,visual_direction,time_resolved_trial_response,glm_clean,balanced_accuracy,43,1.8114770007116516,1.0351297146923724,0.7169753086419752,0.17121135698562645,0.06989674379738017,6,104.16666666666667,53,175
g1post,A/RL/AL,visual_direction,time_resolved_trial_response,glm_clean,balanced_accuracy,44,1.8761726078799248,1.0351297146923724,0.6975308641975309,0.18003073456044671,0.07349723961525587,6,104.16666666666667,53,175
g1post,A/RL/AL,visual_direction,time_resolved_trial_response,glm_clean,balanced_accuracy,45,1.9408682150481982,1.0351297146923724,0.6981481481481482,0.18562170773200076,0.07577974485457213,6,104.16666666666667,53,175
g1post,A/RL/AL,visual_direction,time_resolved_trial_response,glm_clean,balanced_accuracy,46,2.0055638222164713,1.0351297146923724,0.6876543209876543,0.1728589054369001,0.07056935263606902,6,104.16666666666667,53,175
g1post,AM/PM,auditory_direction,time_resolved_trial_response,glm_clean,balanced_accuracy,0,-0.9704341075240991,1.0351297146923724,0.4851851851851852,,,1,65.0,65,65
g1post,AM/PM,auditory_direction,time_resolved_trial_response,glm_clean,balanced_accuracy,1,-0.9057385003558258,1.0351297146923724,0.43888888888888883,,,1,65.0,65,65
g1post,AM/PM,auditory_direction,time_resolved_trial_response,glm_clean,balanced_accuracy,2,-0.8410428931875525,1.0351297146923724,0.4796296296296296,,,1,65.0,65,65
g1post,AM/PM,auditory_direction,time_resolved_trial_response,glm_clean,balanced_accuracy,3,-0.7763472860192793,1.0351297146923724,0.5092592592592592,,,1,65.0,65,65
g1post,AM/PM,auditory_direction,time_resolved_trial_response,glm_clean,balanced_accuracy,4,-0.711651678851006,1.0351297146923724,0.55,,,1,65.0,65,65
g1post,AM/PM,auditory_direction,time_resolved_trial_response,glm_clean,balanced_accuracy,5,-0.6469560716827327,1.0351297146923724,0.5296296296296297,,,1,65.0,65,65
g1post,AM/PM,auditory_direction,time_resolved_trial_response,glm_clean,balanced_accuracy,6,-0.5822604645144595,1.0351297146923724,0.4833333333333334,,,1,65.0,65,65
g1post,AM/PM,auditory_direction,time_resolved_trial_response,glm_clean,balanced_accuracy,7,-0.5175648573461862,1.0351297146923724,0.5111111111111112,,,1,65.0,65,65
g1post,AM/PM,auditory_direction,time_resolved_trial_response,glm_clean,balanced_accuracy,8,-0.4528692501779129,1.0351297146923724,0.5166666666666667,,,1,65.0,65,65
g1post,AM/PM,auditory_direction,time_resolved_trial_response,glm_clean,balanced_accuracy,9,-0.38817364300963964,1.0351297146923724,0.4611111111111111,,,1,65.0,65,65
g1post,AM/PM,auditory_direction,time_resolved_trial_response,glm_clean,balanced_accuracy,10,-0.32347803584136636,1.0351297146923724,0.47037037037037044,,,1,65.0,65,65
g1post,AM/PM,auditory_direction,time_resolved_trial_response,glm_clean,balanced_accuracy,11,-0.2587824286730931,1.0351297146923724,0.48888888888888893,,,1,65.0,65,65
g1post,AM/PM,auditory_direction,time_resolved_trial_response,glm_clean,balanced_accuracy,12,-0.19408682150481982,1.0351297146923724,0.4833333333333334,,,1,65.0,65,65
g1post,AM/PM,auditory_direction,time_resolved_trial_response,glm_clean,balanced_accuracy,13,-0.12939121433654655,1.0351297146923724,0.5037037037037038,,,1,65.0,65,65
g1post,AM/PM,auditory_direction,time_resolved_trial_response,glm_clean,balanced_accuracy,14,-0.06469560716827327,1.0351297146923724,0.5425925925925925,,,1,65.0,65,65
g1post,AM/PM,auditory_direction,time_resolved_trial_response,glm_clean,balanced_accuracy,15,0.0,1.0351297146923724,0.49444444444444446,,,1,65.0,65,65
g1post,AM/PM,auditory_direction,time_resolved_trial_response,glm_clean,balanced_accuracy,16,0.06469560716827327,1.0351297146923724,0.4925925925925926,,,1,65.0,65,65
g1post,AM/PM,auditory_direction,time_resolved_trial_response,glm_clean,balanced_accuracy,17,0.12939121433654655,1.0351297146923724,0.4851851851851852,,,1,65.0,65,65
g1post,AM/PM,auditory_direction,time_resolved_trial_response,glm_clean,balanced_accuracy,18,0.19408682150481982,1.0351297146923724,0.4796296296296296,,,1,65.0,65,65
g1post,AM/PM,auditory_direction,time_resolved_trial_response,glm_clean,balanced_accuracy,19,0.2587824286730931,1.0351297146923724,0.5055555555555555,,,1,65.0,65,65
g1post,AM/PM,auditory_direction,time_resolved_trial_response,glm_clean,balanced_accuracy,20,0.32347803584136636,1.0351297146923724,0.5666666666666667,,,1,65.0,65,65
g1post,AM/PM,auditory_direction,time_resolved_trial_response,glm_clean,balanced_accuracy,21,0.38817364300963964,1.0351297146923724,0.6333333333333333,,,1,65.0,65,65
g1post,AM/PM,auditory_direction,time_resolved_trial_response,glm_clean,balanced_accuracy,22,0.4528692501779129,1.0351297146923724,0.6407407407407407,,,1,65.0,65,65
g1post,AM/PM,auditory_direction,time_resolved_trial_response,glm_clean,balanced_accuracy,23,0.5175648573461862,1.0351297146923724,0.6648148148148147,,,1,65.0,65,65
g1post,AM/PM,auditory_direction,time_resolved_trial_response,glm_clean,balanced_accuracy,24,0.5822604645144595,1.0351297146923724,0.6888888888888889,,,1,65.0,65,65
g1post,AM/PM,auditory_direction,time_resolved_trial_response,glm_clean,balanced_accuracy,25,0.6469560716827327,1.0351297146923724,0.6777777777777778,,,1,65.0,65,65
g1post,AM/PM,auditory_direction,time_resolved_trial_response,glm_clean,balanced_accuracy,26,0.711651678851006,1.0351297146923724,0.6703703703703704,,,1,65.0,65,65
g1post,AM/PM,auditory_direction,time_resolved_trial_response,glm_clean,balanced_accuracy,27,0.7763472860192793,1.0351297146923724,0.6203703703703705,,,1,65.0,65,65
g1post,AM/PM,auditory_direction,time_resolved_trial_response,glm_clean,balanced_accuracy,28,0.8410428931875525,1.0351297146923724,0.5981481481481481,,,1,65.0,65,65
g1post,AM/PM,auditory_direction,time_resolved_trial_response,glm_clean,balanced_accuracy,29,0.9057385003558258,1.0351297146923724,0.5703703703703704,,,1,65.0,65,65
g1post,AM/PM,auditory_direction,time_resolved_trial_response,glm_clean,balanced_accuracy,30,0.9704341075240991,1.0351297146923724,0.5740740740740742,,,1,65.0,65,65
g1post,AM/PM,auditory_direction,time_resolved_trial_response,glm_clean,balanced_accuracy,31,1.0351297146923724,1.0351297146923724,0.6092592592592592,,,1,65.0,65,65
g1post,AM/PM,auditory_direction,time_resolved_trial_response,glm_clean,balanced_accuracy,32,1.0998253218606455,1.0351297146923724,0.6222222222222223,,,1,65.0,65,65
g1post,AM/PM,auditory_direction,time_resolved_trial_response,glm_clean,balanced_accuracy,33,1.164520929028919,1.0351297146923724,0.625925925925926,,,1,65.0,65,65
g1post,AM/PM,auditory_direction,time_resolved_trial_response,glm_clean,balanced_accuracy,34,1.229216536197192,1.0351297146923724,0.612962962962963,,,1,65.0,65,65
g1post,AM/PM,auditory_direction,time_resolved_trial_response,glm_clean,balanced_accuracy,35,1.2939121433654655,1.0351297146923724,0.6277777777777779,,,1,65.0,65,65
g1post,AM/PM,auditory_direction,time_resolved_trial_response,glm_clean,balanced_accuracy,36,1.3586077505337386,1.0351297146923724,0.6203703703703705,,,1,65.0,65,65
g1post,AM/PM,auditory_direction,time_resolved_trial_response,glm_clean,balanced_accuracy,37,1.423303357702012,1.0351297146923724,0.5722222222222222,,,1,65.0,65,65
g1post,AM/PM,auditory_direction,time_resolved_trial_response,glm_clean,balanced_accuracy,38,1.4879989648702852,1.0351297146923724,0.5851851851851853,,,1,65.0,65,65
g1post,AM/PM,auditory_direction,time_resolved_trial_response,glm_clean,balanced_accuracy,39,1.5526945720385585,1.0351297146923724,0.5851851851851853,,,1,65.0,65,65
g1post,AM/PM,auditory_direction,time_resolved_trial_response,glm_clean,balanced_accuracy,40,1.6173901792068317,1.0351297146923724,0.5203703703703704,,,1,65.0,65,65
g1post,AM/PM,auditory_direction,time_resolved_trial_response,glm_clean,balanced_accuracy,41,1.682085786375105,1.0351297146923724,0.5240740740740741,,,1,65.0,65,65
g1post,AM/PM,auditory_direction,time_resolved_trial_response,glm_clean,balanced_accuracy,42,1.7467813935433782,1.0351297146923724,0.5425925925925925,,,1,65.0,65,65
g1post,AM/PM,auditory_direction,time_resolved_trial_response,glm_clean,balanced_accuracy,43,1.8114770007116516,1.0351297146923724,0.524074074074074,,,1,65.0,65,65
g1post,AM/PM,auditory_direction,time_resolved_trial_response,glm_clean,balanced_accuracy,44,1.8761726078799248,1.0351297146923724,0.49259259259259264,,,1,65.0,65,65
g1post,AM/PM,auditory_direction,time_resolved_trial_response,glm_clean,balanced_accuracy,45,1.9408682150481982,1.0351297146923724,0.49444444444444446,,,1,65.0,65,65
g1post,AM/PM,auditory_direction,time_resolved_trial_response,glm_clean,balanced_accuracy,46,2.0055638222164713,1.0351297146923724,0.5351851851851852,,,1,65.0,65,65
g1post,AM/PM,congruency,time_resolved_trial_response,glm_clean,balanced_accuracy,0,-0.9704341075240991,1.0351297146923724,0.4916666666666666,,,1,65.0,65,65
g1post,AM/PM,congruency,time_resolved_trial_response,glm_clean,balanced_accuracy,1,-0.9057385003558258,1.0351297146923724,0.4916666666666667,,,1,65.0,65,65
g1post,AM/PM,congruency,time_resolved_trial_response,glm_clean,balanced_accuracy,2,-0.8410428931875525,1.0351297146923724,0.4611111111111111,,,1,65.0,65,65
g1post,AM/PM,congruency,time_resolved_trial_response,glm_clean,balanced_accuracy,3,-0.7763472860192793,1.0351297146923724,0.5000000000000001,,,1,65.0,65,65
g1post,AM/PM,congruency,time_resolved_trial_response,glm_clean,balanced_accuracy,4,-0.711651678851006,1.0351297146923724,0.4916666666666667,,,1,65.0,65,65
g1post,AM/PM,congruency,time_resolved_trial_response,glm_clean,balanced_accuracy,5,-0.6469560716827327,1.0351297146923724,0.4722222222222222,,,1,65.0,65,65
g1post,AM/PM,congruency,time_resolved_trial_response,glm_clean,balanced_accuracy,6,-0.5822604645144595,1.0351297146923724,0.4916666666666666,,,1,65.0,65,65
g1post,AM/PM,congruency,time_resolved_trial_response,glm_clean,balanced_accuracy,7,-0.5175648573461862,1.0351297146923724,0.45555555555555555,,,1,65.0,65,65
g1post,AM/PM,congruency,time_resolved_trial_response,glm_clean,balanced_accuracy,8,-0.4528692501779129,1.0351297146923724,0.5277777777777777,,,1,65.0,65,65
g1post,AM/PM,congruency,time_resolved_trial_response,glm_clean,balanced_accuracy,9,-0.38817364300963964,1.0351297146923724,0.5111111111111111,,,1,65.0,65,65
g1post,AM/PM,congruency,time_resolved_trial_response,glm_clean,balanced_accuracy,10,-0.32347803584136636,1.0351297146923724,0.4805555555555555,,,1,65.0,65,65
g1post,AM/PM,congruency,time_resolved_trial_response,glm_clean,balanced_accuracy,11,-0.2587824286730931,1.0351297146923724,0.4916666666666666,,,1,65.0,65,65
g1post,AM/PM,congruency,time_resolved_trial_response,glm_clean,balanced_accuracy,12,-0.19408682150481982,1.0351297146923724,0.5583333333333333,,,1,65.0,65,65
g1post,AM/PM,congruency,time_resolved_trial_response,glm_clean,balanced_accuracy,13,-0.12939121433654655,1.0351297146923724,0.45555555555555555,,,1,65.0,65,65
g1post,AM/PM,congruency,time_resolved_trial_response,glm_clean,balanced_accuracy,14,-0.06469560716827327,1.0351297146923724,0.4833333333333333,,,1,65.0,65,65
g1post,AM/PM,congruency,time_resolved_trial_response,glm_clean,balanced_accuracy,15,0.0,1.0351297146923724,0.5,,,1,65.0,65,65
g1post,AM/PM,congruency,time_resolved_trial_response,glm_clean,balanced_accuracy,16,0.06469560716827327,1.0351297146923724,0.45833333333333337,,,1,65.0,65,65
g1post,AM/PM,congruency,time_resolved_trial_response,glm_clean,balanced_accuracy,17,0.12939121433654655,1.0351297146923724,0.5055555555555555,,,1,65.0,65,65
g1post,AM/PM,congruency,time_resolved_trial_response,glm_clean,balanced_accuracy,18,0.19408682150481982,1.0351297146923724,0.45555555555555555,,,1,65.0,65,65
g1post,AM/PM,congruency,time_resolved_trial_response,glm_clean,balanced_accuracy,19,0.2587824286730931,1.0351297146923724,0.513888888888889,,,1,65.0,65,65
g1post,AM/PM,congruency,time_resolved_trial_response,glm_clean,balanced_accuracy,20,0.32347803584136636,1.0351297146923724,0.5083333333333334,,,1,65.0,65,65
g1post,AM/PM,congruency,time_resolved_trial_response,glm_clean,balanced_accuracy,21,0.38817364300963964,1.0351297146923724,0.5055555555555555,,,1,65.0,65,65
g1post,AM/PM,congruency,time_resolved_trial_response,glm_clean,balanced_accuracy,22,0.4528692501779129,1.0351297146923724,0.4666666666666667,,,1,65.0,65,65
g1post,AM/PM,congruency,time_resolved_trial_response,glm_clean,balanced_accuracy,23,0.5175648573461862,1.0351297146923724,0.5361111111111111,,,1,65.0,65,65
g1post,AM/PM,congruency,time_resolved_trial_response,glm_clean,balanced_accuracy,24,0.5822604645144595,1.0351297146923724,0.5000000000000001,,,1,65.0,65,65
g1post,AM/PM,congruency,time_resolved_trial_response,glm_clean,balanced_accuracy,25,0.6469560716827327,1.0351297146923724,0.47777777777777775,,,1,65.0,65,65
g1post,AM/PM,congruency,time_resolved_trial_response,glm_clean,balanced_accuracy,26,0.711651678851006,1.0351297146923724,0.5055555555555555,,,1,65.0,65,65
g1post,AM/PM,congruency,time_resolved_trial_response,glm_clean,balanced_accuracy,27,0.7763472860192793,1.0351297146923724,0.5111111111111112,,,1,65.0,65,65
g1post,AM/PM,congruency,time_resolved_trial_response,glm_clean,balanced_accuracy,28,0.8410428931875525,1.0351297146923724,0.49722222222222223,,,1,65.0,65,65
g1post,AM/PM,congruency,time_resolved_trial_response,glm_clean,balanced_accuracy,29,0.9057385003558258,1.0351297146923724,0.45555555555555555,,,1,65.0,65,65
g1post,AM/PM,congruency,time_resolved_trial_response,glm_clean,balanced_accuracy,30,0.9704341075240991,1.0351297146923724,0.5055555555555555,,,1,65.0,65,65
g1post,AM/PM,congruency,time_resolved_trial_response,glm_clean,balanced_accuracy,31,1.0351297146923724,1.0351297146923724,0.48888888888888893,,,1,65.0,65,65
g1post,AM/PM,congruency,time_resolved_trial_response,glm_clean,balanced_accuracy,32,1.0998253218606455,1.0351297146923724,0.5111111111111111,,,1,65.0,65,65
g1post,AM/PM,congruency,time_resolved_trial_response,glm_clean,balanced_accuracy,33,1.164520929028919,1.0351297146923724,0.5277777777777779,,,1,65.0,65,65
g1post,AM/PM,congruency,time_resolved_trial_response,glm_clean,balanced_accuracy,34,1.229216536197192,1.0351297146923724,0.475,,,1,65.0,65,65
g1post,AM/PM,congruency,time_resolved_trial_response,glm_clean,balanced_accuracy,35,1.2939121433654655,1.0351297146923724,0.4916666666666667,,,1,65.0,65,65
g1post,AM/PM,congruency,time_resolved_trial_response,glm_clean,balanced_accuracy,36,1.3586077505337386,1.0351297146923724,0.49444444444444446,,,1,65.0,65,65
g1post,AM/PM,congruency,time_resolved_trial_response,glm_clean,balanced_accuracy,37,1.423303357702012,1.0351297146923724,0.5805555555555555,,,1,65.0,65,65
g1post,AM/PM,congruency,time_resolved_trial_response,glm_clean,balanced_accuracy,38,1.4879989648702852,1.0351297146923724,0.5305555555555556,,,1,65.0,65,65
g1post,AM/PM,congruency,time_resolved_trial_response,glm_clean,balanced_accuracy,39,1.5526945720385585,1.0351297146923724,0.4722222222222222,,,1,65.0,65,65
g1post,AM/PM,congruency,time_resolved_trial_response,glm_clean,balanced_accuracy,40,1.6173901792068317,1.0351297146923724,0.513888888888889,,,1,65.0,65,65
g1post,AM/PM,congruency,time_resolved_trial_response,glm_clean,balanced_accuracy,41,1.682085786375105,1.0351297146923724,0.48888888888888893,,,1,65.0,65,65
g1post,AM/PM,congruency,time_resolved_trial_response,glm_clean,balanced_accuracy,42,1.7467813935433782,1.0351297146923724,0.5666666666666667,,,1,65.0,65,65
g1post,AM/PM,congruency,time_resolved_trial_response,glm_clean,balanced_accuracy,43,1.8114770007116516,1.0351297146923724,0.5361111111111112,,,1,65.0,65,65
g1post,AM/PM,congruency,time_resolved_trial_response,glm_clean,balanced_accuracy,44,1.8761726078799248,1.0351297146923724,0.5083333333333334,,,1,65.0,65,65
g1post,AM/PM,congruency,time_resolved_trial_response,glm_clean,balanced_accuracy,45,1.9408682150481982,1.0351297146923724,0.5416666666666667,,,1,65.0,65,65
g1post,AM/PM,congruency,time_resolved_trial_response,glm_clean,balanced_accuracy,46,2.0055638222164713,1.0351297146923724,0.5750000000000001,,,1,65.0,65,65
g1post,AM/PM,modality,time_resolved_trial_response,glm_clean,balanced_accuracy,0,-0.9704341075240991,1.0351297146923724,0.3425925925925926,,,1,65.0,65,65
g1post,AM/PM,modality,time_resolved_trial_response,glm_clean,balanced_accuracy,1,-0.9057385003558258,1.0351297146923724,0.34629629629629627,,,1,65.0,65,65
g1post,AM/PM,modality,time_resolved_trial_response,glm_clean,balanced_accuracy,2,-0.8410428931875525,1.0351297146923724,0.31759259259259254,,,1,65.0,65,65
g1post,AM/PM,modality,time_resolved_trial_response,glm_clean,balanced_accuracy,3,-0.7763472860192793,1.0351297146923724,0.312962962962963,,,1,65.0,65,65
g1post,AM/PM,modality,time_resolved_trial_response,glm_clean,balanced_accuracy,4,-0.711651678851006,1.0351297146923724,0.32592592592592595,,,1,65.0,65,65
g1post,AM/PM,modality,time_resolved_trial_response,glm_clean,balanced_accuracy,5,-0.6469560716827327,1.0351297146923724,0.33425925925925926,,,1,65.0,65,65
g1post,AM/PM,modality,time_resolved_trial_response,glm_clean,balanced_accuracy,6,-0.5822604645144595,1.0351297146923724,0.3046296296296296,,,1,65.0,65,65
g1post,AM/PM,modality,time_resolved_trial_response,glm_clean,balanced_accuracy,7,-0.5175648573461862,1.0351297146923724,0.32777777777777783,,,1,65.0,65,65
g1post,AM/PM,modality,time_resolved_trial_response,glm_clean,balanced_accuracy,8,-0.4528692501779129,1.0351297146923724,0.34444444444444444,,,1,65.0,65,65
g1post,AM/PM,modality,time_resolved_trial_response,glm_clean,balanced_accuracy,9,-0.38817364300963964,1.0351297146923724,0.3685185185185185,,,1,65.0,65,65
g1post,AM/PM,modality,time_resolved_trial_response,glm_clean,balanced_accuracy,10,-0.32347803584136636,1.0351297146923724,0.3287037037037037,,,1,65.0,65,65
g1post,AM/PM,modality,time_resolved_trial_response,glm_clean,balanced_accuracy,11,-0.2587824286730931,1.0351297146923724,0.33333333333333337,,,1,65.0,65,65
g1post,AM/PM,modality,time_resolved_trial_response,glm_clean,balanced_accuracy,12,-0.19408682150481982,1.0351297146923724,0.3277777777777778,,,1,65.0,65,65
g1post,AM/PM,modality,time_resolved_trial_response,glm_clean,balanced_accuracy,13,-0.12939121433654655,1.0351297146923724,0.37870370370370365,,,1,65.0,65,65
g1post,AM/PM,modality,time_resolved_trial_response,glm_clean,balanced_accuracy,14,-0.06469560716827327,1.0351297146923724,0.3537037037037037,,,1,65.0,65,65
g1post,AM/PM,modality,time_resolved_trial_response,glm_clean,balanced_accuracy,15,0.0,1.0351297146923724,0.3574074074074074,,,1,65.0,65,65
g1post,AM/PM,modality,time_resolved_trial_response,glm_clean,balanced_accuracy,16,0.06469560716827327,1.0351297146923724,0.32407407407407407,,,1,65.0,65,65
g1post,AM/PM,modality,time_resolved_trial_response,glm_clean,balanced_accuracy,17,0.12939121433654655,1.0351297146923724,0.3731481481481481,,,1,65.0,65,65
g1post,AM/PM,modality,time_resolved_trial_response,glm_clean,balanced_accuracy,18,0.19408682150481982,1.0351297146923724,0.425,,,1,65.0,65,65
g1post,AM/PM,modality,time_resolved_trial_response,glm_clean,balanced_accuracy,19,0.2587824286730931,1.0351297146923724,0.5768518518518518,,,1,65.0,65,65
g1post,AM/PM,modality,time_resolved_trial_response,glm_clean,balanced_accuracy,20,0.32347803584136636,1.0351297146923724,0.5425925925925925,,,1,65.0,65,65
g1post,AM/PM,modality,time_resolved_trial_response,glm_clean,balanced_accuracy,21,0.38817364300963964,1.0351297146923724,0.5592592592592592,,,1,65.0,65,65
g1post,AM/PM,modality,time_resolved_trial_response,glm_clean,balanced_accuracy,22,0.4528692501779129,1.0351297146923724,0.5462962962962963,,,1,65.0,65,65
g1post,AM/PM,modality,time_resolved_trial_response,glm_clean,balanced_accuracy,23,0.5175648573461862,1.0351297146923724,0.5592592592592592,,,1,65.0,65,65
g1post,AM/PM,modality,time_resolved_trial_response,glm_clean,balanced_accuracy,24,0.5822604645144595,1.0351297146923724,0.5287037037037037,,,1,65.0,65,65
g1post,AM/PM,modality,time_resolved_trial_response,glm_clean,balanced_accuracy,25,0.6469560716827327,1.0351297146923724,0.55,,,1,65.0,65,65
g1post,AM/PM,modality,time_resolved_trial_response,glm_clean,balanced_accuracy,26,0.711651678851006,1.0351297146923724,0.5444444444444445,,,1,65.0,65,65
g1post,AM/PM,modality,time_resolved_trial_response,glm_clean,balanced_accuracy,27,0.7763472860192793,1.0351297146923724,0.5944444444444444,,,1,65.0,65,65
g1post,AM/PM,modality,time_resolved_trial_response,glm_clean,balanced_accuracy,28,0.8410428931875525,1.0351297146923724,0.6055555555555555,,,1,65.0,65,65
g1post,AM/PM,modality,time_resolved_trial_response,glm_clean,balanced_accuracy,29,0.9057385003558258,1.0351297146923724,0.6157407407407407,,,1,65.0,65,65
g1post,AM/PM,modality,time_resolved_trial_response,glm_clean,balanced_accuracy,30,0.9704341075240991,1.0351297146923724,0.6074074074074074,,,1,65.0,65,65
g1post,AM/PM,modality,time_resolved_trial_response,glm_clean,balanced_accuracy,31,1.0351297146923724,1.0351297146923724,0.624074074074074,,,1,65.0,65,65
g1post,AM/PM,modality,time_resolved_trial_response,glm_clean,balanced_accuracy,32,1.0998253218606455,1.0351297146923724,0.6361111111111111,,,1,65.0,65,65
g1post,AM/PM,modality,time_resolved_trial_response,glm_clean,balanced_accuracy,33,1.164520929028919,1.0351297146923724,0.65,,,1,65.0,65,65
g1post,AM/PM,modality,time_resolved_trial_response,glm_clean,balanced_accuracy,34,1.229216536197192,1.0351297146923724,0.6129629629629629,,,1,65.0,65,65
g1post,AM/PM,modality,time_resolved_trial_response,glm_clean,balanced_accuracy,35,1.2939121433654655,1.0351297146923724,0.6287037037037038,,,1,65.0,65,65
g1post,AM/PM,modality,time_resolved_trial_response,glm_clean,balanced_accuracy,36,1.3586077505337386,1.0351297146923724,0.6490740740740741,,,1,65.0,65,65
g1post,AM/PM,modality,time_resolved_trial_response,glm_clean,balanced_accuracy,37,1.423303357702012,1.0351297146923724,0.6074074074074074,,,1,65.0,65,65
g1post,AM/PM,modality,time_resolved_trial_response,glm_clean,balanced_accuracy,38,1.4879989648702852,1.0351297146923724,0.6333333333333334,,,1,65.0,65,65
g1post,AM/PM,modality,time_resolved_trial_response,glm_clean,balanced_accuracy,39,1.5526945720385585,1.0351297146923724,0.562962962962963,,,1,65.0,65,65
g1post,AM/PM,modality,time_resolved_trial_response,glm_clean,balanced_accuracy,40,1.6173901792068317,1.0351297146923724,0.586111111111111,,,1,65.0,65,65
g1post,AM/PM,modality,time_resolved_trial_response,glm_clean,balanced_accuracy,41,1.682085786375105,1.0351297146923724,0.5564814814814815,,,1,65.0,65,65
g1post,AM/PM,modality,time_resolved_trial_response,glm_clean,balanced_accuracy,42,1.7467813935433782,1.0351297146923724,0.5666666666666667,,,1,65.0,65,65
g1post,AM/PM,modality,time_resolved_trial_response,glm_clean,balanced_accuracy,43,1.8114770007116516,1.0351297146923724,0.5361111111111111,,,1,65.0,65,65
g1post,AM/PM,modality,time_resolved_trial_response,glm_clean,balanced_accuracy,44,1.8761726078799248,1.0351297146923724,0.5259259259259259,,,1,65.0,65,65
g1post,AM/PM,modality,time_resolved_trial_response,glm_clean,balanced_accuracy,45,1.9408682150481982,1.0351297146923724,0.47222222222222215,,,1,65.0,65,65
g1post,AM/PM,modality,time_resolved_trial_response,glm_clean,balanced_accuracy,46,2.0055638222164713,1.0351297146923724,0.44351851851851853,,,1,65.0,65,65
g1post,AM/PM,trial_type,time_resolved_trial_response,glm_clean,balanced_accuracy,0,-0.9704341075240991,1.0351297146923724,0.12083333333333332,,,1,65.0,65,65
g1post,AM/PM,trial_type,time_resolved_trial_response,glm_clean,balanced_accuracy,1,-0.9057385003558258,1.0351297146923724,0.10555555555555556,,,1,65.0,65,65
g1post,AM/PM,trial_type,time_resolved_trial_response,glm_clean,balanced_accuracy,2,-0.8410428931875525,1.0351297146923724,0.11111111111111112,,,1,65.0,65,65
g1post,AM/PM,trial_type,time_resolved_trial_response,glm_clean,balanced_accuracy,3,-0.7763472860192793,1.0351297146923724,0.11944444444444444,,,1,65.0,65,65
g1post,AM/PM,trial_type,time_resolved_trial_response,glm_clean,balanced_accuracy,4,-0.711651678851006,1.0351297146923724,0.10972222222222223,,,1,65.0,65,65
g1post,AM/PM,trial_type,time_resolved_trial_response,glm_clean,balanced_accuracy,5,-0.6469560716827327,1.0351297146923724,0.13333333333333333,,,1,65.0,65,65
g1post,AM/PM,trial_type,time_resolved_trial_response,glm_clean,balanced_accuracy,6,-0.5822604645144595,1.0351297146923724,0.12916666666666665,,,1,65.0,65,65
g1post,AM/PM,trial_type,time_resolved_trial_response,glm_clean,balanced_accuracy,7,-0.5175648573461862,1.0351297146923724,0.11805555555555555,,,1,65.0,65,65
g1post,AM/PM,trial_type,time_resolved_trial_response,glm_clean,balanced_accuracy,8,-0.4528692501779129,1.0351297146923724,0.15416666666666665,,,1,65.0,65,65
g1post,AM/PM,trial_type,time_resolved_trial_response,glm_clean,balanced_accuracy,9,-0.38817364300963964,1.0351297146923724,0.10833333333333332,,,1,65.0,65,65
g1post,AM/PM,trial_type,time_resolved_trial_response,glm_clean,balanced_accuracy,10,-0.32347803584136636,1.0351297146923724,0.11527777777777777,,,1,65.0,65,65
g1post,AM/PM,trial_type,time_resolved_trial_response,glm_clean,balanced_accuracy,11,-0.2587824286730931,1.0351297146923724,0.12777777777777777,,,1,65.0,65,65
g1post,AM/PM,trial_type,time_resolved_trial_response,glm_clean,balanced_accuracy,12,-0.19408682150481982,1.0351297146923724,0.12777777777777777,,,1,65.0,65,65
g1post,AM/PM,trial_type,time_resolved_trial_response,glm_clean,balanced_accuracy,13,-0.12939121433654655,1.0351297146923724,0.15972222222222224,,,1,65.0,65,65
g1post,AM/PM,trial_type,time_resolved_trial_response,glm_clean,balanced_accuracy,14,-0.06469560716827327,1.0351297146923724,0.13472222222222222,,,1,65.0,65,65
g1post,AM/PM,trial_type,time_resolved_trial_response,glm_clean,balanced_accuracy,15,0.0,1.0351297146923724,0.11805555555555555,,,1,65.0,65,65
g1post,AM/PM,trial_type,time_resolved_trial_response,glm_clean,balanced_accuracy,16,0.06469560716827327,1.0351297146923724,0.14305555555555555,,,1,65.0,65,65
g1post,AM/PM,trial_type,time_resolved_trial_response,glm_clean,balanced_accuracy,17,0.12939121433654655,1.0351297146923724,0.13055555555555556,,,1,65.0,65,65
g1post,AM/PM,trial_type,time_resolved_trial_response,glm_clean,balanced_accuracy,18,0.19408682150481982,1.0351297146923724,0.18055555555555555,,,1,65.0,65,65
g1post,AM/PM,trial_type,time_resolved_trial_response,glm_clean,balanced_accuracy,19,0.2587824286730931,1.0351297146923724,0.2541666666666667,,,1,65.0,65,65
g1post,AM/PM,trial_type,time_resolved_trial_response,glm_clean,balanced_accuracy,20,0.32347803584136636,1.0351297146923724,0.2611111111111111,,,1,65.0,65,65
g1post,AM/PM,trial_type,time_resolved_trial_response,glm_clean,balanced_accuracy,21,0.38817364300963964,1.0351297146923724,0.27361111111111114,,,1,65.0,65,65
g1post,AM/PM,trial_type,time_resolved_trial_response,glm_clean,balanced_accuracy,22,0.4528692501779129,1.0351297146923724,0.29027777777777775,,,1,65.0,65,65
g1post,AM/PM,trial_type,time_resolved_trial_response,glm_clean,balanced_accuracy,23,0.5175648573461862,1.0351297146923724,0.30833333333333335,,,1,65.0,65,65
g1post,AM/PM,trial_type,time_resolved_trial_response,glm_clean,balanced_accuracy,24,0.5822604645144595,1.0351297146923724,0.2833333333333334,,,1,65.0,65,65
g1post,AM/PM,trial_type,time_resolved_trial_response,glm_clean,balanced_accuracy,25,0.6469560716827327,1.0351297146923724,0.2861111111111111,,,1,65.0,65,65
g1post,AM/PM,trial_type,time_resolved_trial_response,glm_clean,balanced_accuracy,26,0.711651678851006,1.0351297146923724,0.2583333333333333,,,1,65.0,65,65
g1post,AM/PM,trial_type,time_resolved_trial_response,glm_clean,balanced_accuracy,27,0.7763472860192793,1.0351297146923724,0.3,,,1,65.0,65,65
g1post,AM/PM,trial_type,time_resolved_trial_response,glm_clean,balanced_accuracy,28,0.8410428931875525,1.0351297146923724,0.27222222222222225,,,1,65.0,65,65
g1post,AM/PM,trial_type,time_resolved_trial_response,glm_clean,balanced_accuracy,29,0.9057385003558258,1.0351297146923724,0.27083333333333337,,,1,65.0,65,65
g1post,AM/PM,trial_type,time_resolved_trial_response,glm_clean,balanced_accuracy,30,0.9704341075240991,1.0351297146923724,0.275,,,1,65.0,65,65
g1post,AM/PM,trial_type,time_resolved_trial_response,glm_clean,balanced_accuracy,31,1.0351297146923724,1.0351297146923724,0.29305555555555557,,,1,65.0,65,65
g1post,AM/PM,trial_type,time_resolved_trial_response,glm_clean,balanced_accuracy,32,1.0998253218606455,1.0351297146923724,0.31527777777777777,,,1,65.0,65,65
g1post,AM/PM,trial_type,time_resolved_trial_response,glm_clean,balanced_accuracy,33,1.164520929028919,1.0351297146923724,0.3055555555555555,,,1,65.0,65,65
g1post,AM/PM,trial_type,time_resolved_trial_response,glm_clean,balanced_accuracy,34,1.229216536197192,1.0351297146923724,0.32361111111111107,,,1,65.0,65,65
g1post,AM/PM,trial_type,time_resolved_trial_response,glm_clean,balanced_accuracy,35,1.2939121433654655,1.0351297146923724,0.325,,,1,65.0,65,65
g1post,AM/PM,trial_type,time_resolved_trial_response,glm_clean,balanced_accuracy,36,1.3586077505337386,1.0351297146923724,0.3,,,1,65.0,65,65
g1post,AM/PM,trial_type,time_resolved_trial_response,glm_clean,balanced_accuracy,37,1.423303357702012,1.0351297146923724,0.2847222222222222,,,1,65.0,65,65
g1post,AM/PM,trial_type,time_resolved_trial_response,glm_clean,balanced_accuracy,38,1.4879989648702852,1.0351297146923724,0.275,,,1,65.0,65,65
g1post,AM/PM,trial_type,time_resolved_trial_response,glm_clean,balanced_accuracy,39,1.5526945720385585,1.0351297146923724,0.2722222222222222,,,1,65.0,65,65
g1post,AM/PM,trial_type,time_resolved_trial_response,glm_clean,balanced_accuracy,40,1.6173901792068317,1.0351297146923724,0.28194444444444444,,,1,65.0,65,65
g1post,AM/PM,trial_type,time_resolved_trial_response,glm_clean,balanced_accuracy,41,1.682085786375105,1.0351297146923724,0.2458333333333333,,,1,65.0,65,65
g1post,AM/PM,trial_type,time_resolved_trial_response,glm_clean,balanced_accuracy,42,1.7467813935433782,1.0351297146923724,0.21805555555555553,,,1,65.0,65,65
g1post,AM/PM,trial_type,time_resolved_trial_response,glm_clean,balanced_accuracy,43,1.8114770007116516,1.0351297146923724,0.2541666666666667,,,1,65.0,65,65
g1post,AM/PM,trial_type,time_resolved_trial_response,glm_clean,balanced_accuracy,44,1.8761726078799248,1.0351297146923724,0.20416666666666666,,,1,65.0,65,65
g1post,AM/PM,trial_type,time_resolved_trial_response,glm_clean,balanced_accuracy,45,1.9408682150481982,1.0351297146923724,0.2333333333333333,,,1,65.0,65,65
g1post,AM/PM,trial_type,time_resolved_trial_response,glm_clean,balanced_accuracy,46,2.0055638222164713,1.0351297146923724,0.18888888888888888,,,1,65.0,65,65
g1post,AM/PM,visual_direction,time_resolved_trial_response,glm_clean,balanced_accuracy,0,-0.9704341075240991,1.0351297146923724,0.5314814814814814,,,1,65.0,65,65
g1post,AM/PM,visual_direction,time_resolved_trial_response,glm_clean,balanced_accuracy,1,-0.9057385003558258,1.0351297146923724,0.4703703703703703,,,1,65.0,65,65
g1post,AM/PM,visual_direction,time_resolved_trial_response,glm_clean,balanced_accuracy,2,-0.8410428931875525,1.0351297146923724,0.4814814814814815,,,1,65.0,65,65
g1post,AM/PM,visual_direction,time_resolved_trial_response,glm_clean,balanced_accuracy,3,-0.7763472860192793,1.0351297146923724,0.4444444444444445,,,1,65.0,65,65
g1post,AM/PM,visual_direction,time_resolved_trial_response,glm_clean,balanced_accuracy,4,-0.711651678851006,1.0351297146923724,0.4888888888888888,,,1,65.0,65,65
g1post,AM/PM,visual_direction,time_resolved_trial_response,glm_clean,balanced_accuracy,5,-0.6469560716827327,1.0351297146923724,0.49259259259259264,,,1,65.0,65,65
g1post,AM/PM,visual_direction,time_resolved_trial_response,glm_clean,balanced_accuracy,6,-0.5822604645144595,1.0351297146923724,0.42777777777777787,,,1,65.0,65,65
g1post,AM/PM,visual_direction,time_resolved_trial_response,glm_clean,balanced_accuracy,7,-0.5175648573461862,1.0351297146923724,0.47407407407407404,,,1,65.0,65,65
g1post,AM/PM,visual_direction,time_resolved_trial_response,glm_clean,balanced_accuracy,8,-0.4528692501779129,1.0351297146923724,0.4851851851851852,,,1,65.0,65,65
g1post,AM/PM,visual_direction,time_resolved_trial_response,glm_clean,balanced_accuracy,9,-0.38817364300963964,1.0351297146923724,0.4981481481481482,,,1,65.0,65,65
g1post,AM/PM,visual_direction,time_resolved_trial_response,glm_clean,balanced_accuracy,10,-0.32347803584136636,1.0351297146923724,0.5203703703703704,,,1,65.0,65,65
g1post,AM/PM,visual_direction,time_resolved_trial_response,glm_clean,balanced_accuracy,11,-0.2587824286730931,1.0351297146923724,0.49444444444444435,,,1,65.0,65,65
g1post,AM/PM,visual_direction,time_resolved_trial_response,glm_clean,balanced_accuracy,12,-0.19408682150481982,1.0351297146923724,0.5351851851851852,,,1,65.0,65,65
g1post,AM/PM,visual_direction,time_resolved_trial_response,glm_clean,balanced_accuracy,13,-0.12939121433654655,1.0351297146923724,0.5018518518518519,,,1,65.0,65,65
g1post,AM/PM,visual_direction,time_resolved_trial_response,glm_clean,balanced_accuracy,14,-0.06469560716827327,1.0351297146923724,0.5037037037037037,,,1,65.0,65,65
g1post,AM/PM,visual_direction,time_resolved_trial_response,glm_clean,balanced_accuracy,15,0.0,1.0351297146923724,0.5018518518518518,,,1,65.0,65,65
g1post,AM/PM,visual_direction,time_resolved_trial_response,glm_clean,balanced_accuracy,16,0.06469560716827327,1.0351297146923724,0.49629629629629635,,,1,65.0,65,65
g1post,AM/PM,visual_direction,time_resolved_trial_response,glm_clean,balanced_accuracy,17,0.12939121433654655,1.0351297146923724,0.5074074074074073,,,1,65.0,65,65
g1post,AM/PM,visual_direction,time_resolved_trial_response,glm_clean,balanced_accuracy,18,0.19408682150481982,1.0351297146923724,0.5499999999999999,,,1,65.0,65,65
g1post,AM/PM,visual_direction,time_resolved_trial_response,glm_clean,balanced_accuracy,19,0.2587824286730931,1.0351297146923724,0.6314814814814815,,,1,65.0,65,65
g1post,AM/PM,visual_direction,time_resolved_trial_response,glm_clean,balanced_accuracy,20,0.32347803584136636,1.0351297146923724,0.6814814814814815,,,1,65.0,65,65
g1post,AM/PM,visual_direction,time_resolved_trial_response,glm_clean,balanced_accuracy,21,0.38817364300963964,1.0351297146923724,0.6277777777777779,,,1,65.0,65,65
g1post,AM/PM,visual_direction,time_resolved_trial_response,glm_clean,balanced_accuracy,22,0.4528692501779129,1.0351297146923724,0.5740740740740741,,,1,65.0,65,65
g1post,AM/PM,visual_direction,time_resolved_trial_response,glm_clean,balanced_accuracy,23,0.5175648573461862,1.0351297146923724,0.6166666666666666,,,1,65.0,65,65
g1post,AM/PM,visual_direction,time_resolved_trial_response,glm_clean,balanced_accuracy,24,0.5822604645144595,1.0351297146923724,0.5685185185185185,,,1,65.0,65,65
g1post,AM/PM,visual_direction,time_resolved_trial_response,glm_clean,balanced_accuracy,25,0.6469560716827327,1.0351297146923724,0.6092592592592594,,,1,65.0,65,65
g1post,AM/PM,visual_direction,time_resolved_trial_response,glm_clean,balanced_accuracy,26,0.711651678851006,1.0351297146923724,0.5888888888888889,,,1,65.0,65,65
g1post,AM/PM,visual_direction,time_resolved_trial_response,glm_clean,balanced_accuracy,27,0.7763472860192793,1.0351297146923724,0.55,,,1,65.0,65,65
g1post,AM/PM,visual_direction,time_resolved_trial_response,glm_clean,balanced_accuracy,28,0.8410428931875525,1.0351297146923724,0.5703703703703703,,,1,65.0,65,65
g1post,AM/PM,visual_direction,time_resolved_trial_response,glm_clean,balanced_accuracy,29,0.9057385003558258,1.0351297146923724,0.6074074074074074,,,1,65.0,65,65
g1post,AM/PM,visual_direction,time_resolved_trial_response,glm_clean,balanced_accuracy,30,0.9704341075240991,1.0351297146923724,0.6166666666666668,,,1,65.0,65,65
g1post,AM/PM,visual_direction,time_resolved_trial_response,glm_clean,balanced_accuracy,31,1.0351297146923724,1.0351297146923724,0.6333333333333333,,,1,65.0,65,65
g1post,AM/PM,visual_direction,time_resolved_trial_response,glm_clean,balanced_accuracy,32,1.0998253218606455,1.0351297146923724,0.6148148148148148,,,1,65.0,65,65
g1post,AM/PM,visual_direction,time_resolved_trial_response,glm_clean,balanced_accuracy,33,1.164520929028919,1.0351297146923724,0.6166666666666666,,,1,65.0,65,65
g1post,AM/PM,visual_direction,time_resolved_trial_response,glm_clean,balanced_accuracy,34,1.229216536197192,1.0351297146923724,0.6407407407407406,,,1,65.0,65,65
g1post,AM/PM,visual_direction,time_resolved_trial_response,glm_clean,balanced_accuracy,35,1.2939121433654655,1.0351297146923724,0.6481481481481483,,,1,65.0,65,65
g1post,AM/PM,visual_direction,time_resolved_trial_response,glm_clean,balanced_accuracy,36,1.3586077505337386,1.0351297146923724,0.6722222222222222,,,1,65.0,65,65
g1post,AM/PM,visual_direction,time_resolved_trial_response,glm_clean,balanced_accuracy,37,1.423303357702012,1.0351297146923724,0.638888888888889,,,1,65.0,65,65
g1post,AM/PM,visual_direction,time_resolved_trial_response,glm_clean,balanced_accuracy,38,1.4879989648702852,1.0351297146923724,0.6277777777777777,,,1,65.0,65,65
g1post,AM/PM,visual_direction,time_resolved_trial_response,glm_clean,balanced_accuracy,39,1.5526945720385585,1.0351297146923724,0.6296296296296295,,,1,65.0,65,65
g1post,AM/PM,visual_direction,time_resolved_trial_response,glm_clean,balanced_accuracy,40,1.6173901792068317,1.0351297146923724,0.6166666666666667,,,1,65.0,65,65
g1post,AM/PM,visual_direction,time_resolved_trial_response,glm_clean,balanced_accuracy,41,1.682085786375105,1.0351297146923724,0.6703703703703704,,,1,65.0,65,65
g1post,AM/PM,visual_direction,time_resolved_trial_response,glm_clean,balanced_accuracy,42,1.7467813935433782,1.0351297146923724,0.5796296296296296,,,1,65.0,65,65
g1post,AM/PM,visual_direction,time_resolved_trial_response,glm_clean,balanced_accuracy,43,1.8114770007116516,1.0351297146923724,0.6037037037037037,,,1,65.0,65,65
g1post,AM/PM,visual_direction,time_resolved_trial_response,glm_clean,balanced_accuracy,44,1.8761726078799248,1.0351297146923724,0.5851851851851853,,,1,65.0,65,65
g1post,AM/PM,visual_direction,time_resolved_trial_response,glm_clean,balanced_accuracy,45,1.9408682150481982,1.0351297146923724,0.5833333333333334,,,1,65.0,65,65
g1post,AM/PM,visual_direction,time_resolved_trial_response,glm_clean,balanced_accuracy,46,2.0055638222164713,1.0351297146923724,0.5907407407407408,,,1,65.0,65,65
g1post,LM,auditory_direction,time_resolved_trial_response,glm_clean,balanced_accuracy,0,-0.9704341075240991,1.0351297146923724,0.5138888888888888,0.04321208107251128,0.030555555555555586,2,76.0,75,77
g1post,LM,auditory_direction,time_resolved_trial_response,glm_clean,balanced_accuracy,1,-0.9057385003558258,1.0351297146923724,0.5,0.020951312035157012,0.01481481481481485,2,76.0,75,77
g1post,LM,auditory_direction,time_resolved_trial_response,glm_clean,balanced_accuracy,2,-0.8410428931875525,1.0351297146923724,0.49259259259259264,0.013094570021973083,0.009259259259259245,2,76.0,75,77
g1post,LM,auditory_direction,time_resolved_trial_response,glm_clean,balanced_accuracy,3,-0.7763472860192793,1.0351297146923724,0.49074074074074076,0.0,0.0,2,76.0,75,77
g1post,LM,auditory_direction,time_resolved_trial_response,glm_clean,balanced_accuracy,4,-0.711651678851006,1.0351297146923724,0.47407407407407404,0.08904307614941706,0.06296296296296294,2,76.0,75,77
g1post,LM,auditory_direction,time_resolved_trial_response,glm_clean,balanced_accuracy,5,-0.6469560716827327,1.0351297146923724,0.4981481481481482,0.005237828008789249,0.003703703703703709,2,76.0,75,77
g1post,LM,auditory_direction,time_resolved_trial_response,glm_clean,balanced_accuracy,6,-0.5822604645144595,1.0351297146923724,0.48611111111111116,0.02487968304174893,0.017592592592592618,2,76.0,75,77
g1post,LM,auditory_direction,time_resolved_trial_response,glm_clean,balanced_accuracy,7,-0.5175648573461862,1.0351297146923724,0.5037037037037038,0.002618914004394546,0.001851851851851799,2,76.0,75,77
g1post,LM,auditory_direction,time_resolved_trial_response,glm_clean,balanced_accuracy,8,-0.4528692501779129,1.0351297146923724,0.47870370370370374,0.04321208107251124,0.030555555555555558,2,76.0,75,77
g1post,LM,auditory_direction,time_resolved_trial_response,glm_clean,balanced_accuracy,9,-0.38817364300963964,1.0351297146923724,0.4925925925925926,0.020951312035156995,0.014814814814814836,2,76.0,75,77
g1post,LM,auditory_direction,time_resolved_trial_response,glm_clean,balanced_accuracy,10,-0.32347803584136636,1.0351297146923724,0.4898148148148148,0.003928371006591917,0.002777777777777768,2,76.0,75,77
g1post,LM,auditory_direction,time_resolved_trial_response,glm_clean,balanced_accuracy,11,-0.2587824286730931,1.0351297146923724,0.5425925925925927,0.013094570021973121,0.009259259259259273,2,76.0,75,77
g1post,LM,auditory_direction,time_resolved_trial_response,glm_clean,balanced_accuracy,12,-0.19408682150481982,1.0351297146923724,0.5287037037037037,0.04583099507690584,0.0324074074074074,2,76.0,75,77
g1post,LM,auditory_direction,time_resolved_trial_response,glm_clean,balanced_accuracy,13,-0.12939121433654655,1.0351297146923724,0.5,0.020951312035157012,0.01481481481481485,2,76.0,75,77
g1post,LM,auditory_direction,time_resolved_trial_response,glm_clean,balanced_accuracy,14,-0.06469560716827327,1.0351297146923724,0.5157407407407407,0.014404027024170414,0.010185185185185186,2,76.0,75,77
g1post,LM,auditory_direction,time_resolved_trial_response,glm_clean,balanced_accuracy,15,0.0,1.0351297146923724,0.5055555555555555,0.005237828008789288,0.003703703703703737,2,76.0,75,77
g1post,LM,auditory_direction,time_resolved_trial_response,glm_clean,balanced_accuracy,16,0.06469560716827327,1.0351297146923724,0.5101851851851852,0.017022941028565018,0.012037037037037027,2,76.0,75,77
g1post,LM,auditory_direction,time_resolved_trial_response,glm_clean,balanced_accuracy,17,0.12939121433654655,1.0351297146923724,0.5037037037037038,0.03928371006591921,0.027777777777777707,2,76.0,75,77
g1post,LM,auditory_direction,time_resolved_trial_response,glm_clean,balanced_accuracy,18,0.19408682150481982,1.0351297146923724,0.47592592592592586,0.010475656017578439,0.0074074074074073765,2,76.0,75,77
g1post,LM,auditory_direction,time_resolved_trial_response,glm_clean,balanced_accuracy,19,0.2587824286730931,1.0351297146923724,0.5046296296296297,0.017022941028565077,0.012037037037037068,2,76.0,75,77
g1post,LM,auditory_direction,time_resolved_trial_response,glm_clean,balanced_accuracy,20,0.32347803584136636,1.0351297146923724,0.49351851851851847,0.014404027024170414,0.010185185185185186,2,76.0,75,77
g1post,LM,auditory_direction,time_resolved_trial_response,glm_clean,balanced_accuracy,21,0.38817364300963964,1.0351297146923724,0.475,0.014404027024170473,0.010185185185185228,2,76.0,75,77
g1post,LM,auditory_direction,time_resolved_trial_response,glm_clean,balanced_accuracy,22,0.4528692501779129,1.0351297146923724,0.4916666666666667,0.02487968304174893,0.017592592592592618,2,76.0,75,77
g1post,LM,auditory_direction,time_resolved_trial_response,glm_clean,balanced_accuracy,23,0.5175648573461862,1.0351297146923724,0.4907407407407407,0.05237828008789233,0.03703703703703698,2,76.0,75,77
g1post,LM,auditory_direction,time_resolved_trial_response,glm_clean,balanced_accuracy,24,0.5822604645144595,1.0351297146923724,0.487037037037037,0.020951312035156915,0.01481481481481478,2,76.0,75,77
g1post,LM,auditory_direction,time_resolved_trial_response,glm_clean,balanced_accuracy,25,0.6469560716827327,1.0351297146923724,0.48240740740740745,0.009166199015381165,0.006481481481481477,2,76.0,75,77
g1post,LM,auditory_direction,time_resolved_trial_response,glm_clean,balanced_accuracy,26,0.711651678851006,1.0351297146923724,0.4712962962962963,0.011785113019775828,0.00833333333333336,2,76.0,75,77
g1post,LM,auditory_direction,time_resolved_trial_response,glm_clean,balanced_accuracy,27,0.7763472860192793,1.0351297146923724,0.4916666666666667,0.022260769037354248,0.015740740740740722,2,76.0,75,77
g1post,LM,auditory_direction,time_resolved_trial_response,glm_clean,balanced_accuracy,28,0.8410428931875525,1.0351297146923724,0.5037037037037037,0.04714045207910316,0.033333333333333326,2,76.0,75,77
g1post,LM,auditory_direction,time_resolved_trial_response,glm_clean,balanced_accuracy,29,0.9057385003558258,1.0351297146923724,0.5157407407407408,0.05630665109448428,0.039814814814814775,2,76.0,75,77
g1post,LM,auditory_direction,time_resolved_trial_response,glm_clean,balanced_accuracy,30,0.9704341075240991,1.0351297146923724,0.45,0.0,0.0,2,76.0,75,77
g1post,LM,auditory_direction,time_resolved_trial_response,glm_clean,balanced_accuracy,31,1.0351297146923724,1.0351297146923724,0.49537037037037035,0.03797425306372201,0.026851851851851863,2,76.0,75,77
g1post,LM,auditory_direction,time_resolved_trial_response,glm_clean,balanced_accuracy,32,1.0998253218606455,1.0351297146923724,0.4981481481481481,0.0,0.0,2,76.0,75,77
g1post,LM,auditory_direction,time_resolved_trial_response,glm_clean,balanced_accuracy,33,1.164520929028919,1.0351297146923724,0.4870370370370371,0.013094570021973083,0.009259259259259245,2,76.0,75,77
g1post,LM,auditory_direction,time_resolved_trial_response,glm_clean,balanced_accuracy,34,1.229216536197192,1.0351297146923724,0.48703703703703705,0.013094570021973024,0.009259259259259203,2,76.0,75,77
g1post,LM,auditory_direction,time_resolved_trial_response,glm_clean,balanced_accuracy,35,1.2939121433654655,1.0351297146923724,0.4916666666666666,0.03535533905932735,0.02499999999999998,2,76.0,75,77
g1post,LM,auditory_direction,time_resolved_trial_response,glm_clean,balanced_accuracy,36,1.3586077505337386,1.0351297146923724,0.4888888888888888,0.05499719409228713,0.03888888888888896,2,76.0,75,77
g1post,LM,auditory_direction,time_resolved_trial_response,glm_clean,balanced_accuracy,37,1.423303357702012,1.0351297146923724,0.4685185185185185,0.013094570021973083,0.009259259259259245,2,76.0,75,77
g1post,LM,auditory_direction,time_resolved_trial_response,glm_clean,balanced_accuracy,38,1.4879989648702852,1.0351297146923724,0.4814814814814815,0.013094570021973102,0.009259259259259259,2,76.0,75,77
g1post,LM,auditory_direction,time_resolved_trial_response,glm_clean,balanced_accuracy,39,1.5526945720385585,1.0351297146923724,0.5027777777777778,0.024879683041748854,0.017592592592592562,2,76.0,75,77
g1post,LM,auditory_direction,time_resolved_trial_response,glm_clean,balanced_accuracy,40,1.6173901792068317,1.0351297146923724,0.4657407407407407,0.0065472850109865605,0.004629629629629636,2,76.0,75,77
g1post,LM,auditory_direction,time_resolved_trial_response,glm_clean,balanced_accuracy,41,1.682085786375105,1.0351297146923724,0.48796296296296293,0.0065472850109865805,0.00462962962962965,2,76.0,75,77
g1post,LM,auditory_direction,time_resolved_trial_response,glm_clean,balanced_accuracy,42,1.7467813935433782,1.0351297146923724,0.4555555555555556,0.005237828008789229,0.003703703703703695,2,76.0,75,77
g1post,LM,auditory_direction,time_resolved_trial_response,glm_clean,balanced_accuracy,43,1.8114770007116516,1.0351297146923724,0.46944444444444444,0.019641855032959683,0.013888888888888909,2,76.0,75,77
g1post,LM,auditory_direction,time_resolved_trial_response,glm_clean,balanced_accuracy,44,1.8761726078799248,1.0351297146923724,0.44259259259259254,0.007856742013183834,0.005555555555555536,2,76.0,75,77
g1post,LM,auditory_direction,time_resolved_trial_response,glm_clean,balanced_accuracy,45,1.9408682150481982,1.0351297146923724,0.43333333333333335,7.850462293418876e-17,5.551115123125783e-17,2,76.0,75,77
g1post,LM,auditory_direction,time_resolved_trial_response,glm_clean,balanced_accuracy,46,2.0055638222164713,1.0351297146923724,0.474074074074074,0.010475656017578477,0.007407407407407404,2,76.0,75,77
g1post,LM,congruency,time_resolved_trial_response,glm_clean,balanced_accuracy,0,-0.9704341075240991,1.0351297146923724,0.5361111111111112,0.003928371006591956,0.0027777777777777957,2,76.0,75,77
g1post,LM,congruency,time_resolved_trial_response,glm_clean,balanced_accuracy,1,-0.9057385003558258,1.0351297146923724,0.5472222222222223,0.02357022603955154,0.016666666666666635,2,76.0,75,77
g1post,LM,congruency,time_resolved_trial_response,glm_clean,balanced_accuracy,2,-0.8410428931875525,1.0351297146923724,0.5013888888888889,0.02160604053625558,0.015277777777777751,2,76.0,75,77
g1post,LM,congruency,time_resolved_trial_response,glm_clean,balanced_accuracy,3,-0.7763472860192793,1.0351297146923724,0.5249999999999999,0.01178511301977579,0.008333333333333331,2,76.0,75,77
g1post,LM,congruency,time_resolved_trial_response,glm_clean,balanced_accuracy,4,-0.711651678851006,1.0351297146923724,0.5402777777777779,0.005892556509887914,0.00416666666666668,2,76.0,75,77
g1post,LM,congruency,time_resolved_trial_response,glm_clean,balanced_accuracy,5,-0.6469560716827327,1.0351297146923724,0.4805555555555555,0.03535533905932735,0.02499999999999998,2,76.0,75,77
g1post,LM,congruency,time_resolved_trial_response,glm_clean,balanced_accuracy,6,-0.5822604645144595,1.0351297146923724,0.5152777777777777,0.02160604053625558,0.015277777777777751,2,76.0,75,77
g1post,LM,congruency,time_resolved_trial_response,glm_clean,balanced_accuracy,7,-0.5175648573461862,1.0351297146923724,0.4416666666666667,0.07463904912524666,0.05277777777777776,2,76.0,75,77
g1post,LM,congruency,time_resolved_trial_response,glm_clean,balanced_accuracy,8,-0.4528692501779129,1.0351297146923724,0.5138888888888888,0.003928371006591917,0.002777777777777768,2,76.0,75,77
g1post,LM,congruency,time_resolved_trial_response,glm_clean,balanced_accuracy,9,-0.38817364300963964,1.0351297146923724,0.4736111111111111,0.060889750602174886,0.04305555555555553,2,76.0,75,77
g1post,LM,congruency,time_resolved_trial_response,glm_clean,balanced_accuracy,10,-0.32347803584136636,1.0351297146923724,0.4722222222222222,0.003928371006591917,0.002777777777777768,2,76.0,75,77
g1post,LM,congruency,time_resolved_trial_response,glm_clean,balanced_accuracy,11,-0.2587824286730931,1.0351297146923724,0.4986111111111111,0.0216060405362557,0.015277777777777835,2,76.0,75,77
g1post,LM,congruency,time_resolved_trial_response,glm_clean,balanced_accuracy,12,-0.19408682150481982,1.0351297146923724,0.5013888888888889,0.02160604053625566,0.015277777777777807,2,76.0,75,77
g1post,LM,congruency,time_resolved_trial_response,glm_clean,balanced_accuracy,13,-0.12939121433654655,1.0351297146923724,0.5041666666666667,0.009820927516479791,0.00694444444444442,2,76.0,75,77
g1post,LM,congruency,time_resolved_trial_response,glm_clean,balanced_accuracy,14,-0.06469560716827327,1.0351297146923724,0.5166666666666667,0.01178511301977575,0.008333333333333304,2,76.0,75,77
g1post,LM,congruency,time_resolved_trial_response,glm_clean,balanced_accuracy,15,0.0,1.0351297146923724,0.48750000000000004,0.049104637582399135,0.034722222222222224,2,76.0,75,77
g1post,LM,congruency,time_resolved_trial_response,glm_clean,balanced_accuracy,16,0.06469560716827327,1.0351297146923724,0.513888888888889,0.007856742013183834,0.005555555555555536,2,76.0,75,77
g1post,LM,congruency,time_resolved_trial_response,glm_clean,balanced_accuracy,17,0.12939121433654655,1.0351297146923724,0.525,0.023570226039551657,0.01666666666666672,2,76.0,75,77
g1post,LM,congruency,time_resolved_trial_response,glm_clean,balanced_accuracy,18,0.19408682150481982,1.0351297146923724,0.513888888888889,0.023570226039551657,0.01666666666666672,2,76.0,75,77
g1post,LM,congruency,time_resolved_trial_response,glm_clean,balanced_accuracy,19,0.2587824286730931,1.0351297146923724,0.4763888888888889,0.017677669529663705,0.012500000000000011,2,76.0,75,77
g1post,LM,congruency,time_resolved_trial_response,glm_clean,balanced_accuracy,20,0.32347803584136636,1.0351297146923724,0.45833333333333326,0.03535533905932735,0.02499999999999998,2,76.0,75,77
g1post,LM,congruency,time_resolved_trial_response,glm_clean,balanced_accuracy,21,0.38817364300963964,1.0351297146923724,0.48194444444444445,0.005892556509887953,0.004166666666666707,2,76.0,75,77
g1post,LM,congruency,time_resolved_trial_response,glm_clean,balanced_accuracy,22,0.4528692501779129,1.0351297146923724,0.5097222222222222,0.009820927516479831,0.0069444444444444475,2,76.0,75,77
g1post,LM,congruency,time_resolved_trial_response,glm_clean,balanced_accuracy,23,0.5175648573461862,1.0351297146923724,0.5027777777777778,0.05892556509887901,0.0416666666666667,2,76.0,75,77
g1post,LM,congruency,time_resolved_trial_response,glm_clean,balanced_accuracy,24,0.5822604645144595,1.0351297146923724,0.4986111111111111,0.09231671865491038,0.06527777777777778,2,76.0,75,77
g1post,LM,congruency,time_resolved_trial_response,glm_clean,balanced_accuracy,25,0.6469560716827327,1.0351297146923724,0.5069444444444444,0.04910463758239923,0.03472222222222229,2,76.0,75,77
g1post,LM,congruency,time_resolved_trial_response,glm_clean,balanced_accuracy,26,0.711651678851006,1.0351297146923724,0.49027777777777776,0.009820927516479871,0.006944444444444475,2,76.0,75,77
g1post,LM,congruency,time_resolved_trial_response,glm_clean,balanced_accuracy,27,0.7763472860192793,1.0351297146923724,0.44861111111111107,0.03731952456262331,0.026388888888888865,2,76.0,75,77
g1post,LM,congruency,time_resolved_trial_response,glm_clean,balanced_accuracy,28,0.8410428931875525,1.0351297146923724,0.5083333333333333,0.027498597046143537,0.01944444444444446,2,76.0,75,77
g1post,LM,congruency,time_resolved_trial_response,glm_clean,balanced_accuracy,29,0.9057385003558258,1.0351297146923724,0.4666666666666666,0.007856742013183834,0.005555555555555536,2,76.0,75,77
g1post,LM,congruency,time_resolved_trial_response,glm_clean,balanced_accuracy,30,0.9704341075240991,1.0351297146923724,0.46111111111111114,0.007856742013183834,0.005555555555555536,2,76.0,75,77
g1post,LM,congruency,time_resolved_trial_response,glm_clean,balanced_accuracy,31,1.0351297146923724,1.0351297146923724,0.47916666666666674,0.07267486362195079,0.05138888888888894,2,76.0,75,77
g1post,LM,congruency,time_resolved_trial_response,glm_clean,balanced_accuracy,32,1.0998253218606455,1.0351297146923724,0.48888888888888893,0.03928371006591938,0.027777777777777832,2,76.0,75,77
g1post,LM,congruency,time_resolved_trial_response,glm_clean,balanced_accuracy,33,1.164520929028919,1.0351297146923724,0.49583333333333335,0.029462782549439532,0.02083333333333337,2,76.0,75,77
g1post,LM,congruency,time_resolved_trial_response,glm_clean,balanced_accuracy,34,1.229216536197192,1.0351297146923724,0.4819444444444444,0.04517626657580718,0.03194444444444443,2,76.0,75,77
g1post,LM,congruency,time_resolved_trial_response,glm_clean,balanced_accuracy,35,1.2939121433654655,1.0351297146923724,0.47916666666666674,0.025534411542847673,0.018055555555555644,2,76.0,75,77
g1post,LM,congruency,time_resolved_trial_response,glm_clean,balanced_accuracy,36,1.3586077505337386,1.0351297146923724,0.49722222222222223,0.019641855032959742,0.01388888888888895,2,76.0,75,77
g1post,LM,congruency,time_resolved_trial_response,glm_clean,balanced_accuracy,37,1.423303357702012,1.0351297146923724,0.47777777777777775,0.02357022603955152,0.01666666666666662,2,76.0,75,77
g1post,LM,congruency,time_resolved_trial_response,glm_clean,balanced_accuracy,38,1.4879989648702852,1.0351297146923724,0.45277777777777783,0.03535533905932739,0.02500000000000001,2,76.0,75,77
g1post,LM,congruency,time_resolved_trial_response,glm_clean,balanced_accuracy,39,1.5526945720385585,1.0351297146923724,0.5277777777777778,0.03535533905932741,0.025000000000000022,2,76.0,75,77
g1post,LM,congruency,time_resolved_trial_response,glm_clean,balanced_accuracy,40,1.6173901792068317,1.0351297146923724,0.47916666666666663,0.03731952456262331,0.026388888888888865,2,76.0,75,77
g1post,LM,congruency,time_resolved_trial_response,glm_clean,balanced_accuracy,41,1.682085786375105,1.0351297146923724,0.5458333333333334,0.013749298523071708,0.009722222222222188,2,76.0,75,77
g1post,LM,congruency,time_resolved_trial_response,glm_clean,balanced_accuracy,42,1.7467813935433782,1.0351297146923724,0.4861111111111111,0.02357022603955158,0.016666666666666663,2,76.0,75,77
g1post,LM,congruency,time_resolved_trial_response,glm_clean,balanced_accuracy,43,1.8114770007116516,1.0351297146923724,0.45972222222222225,0.017677669529663646,0.01249999999999997,2,76.0,75,77
g1post,LM,congruency,time_resolved_trial_response,glm_clean,balanced_accuracy,44,1.8761726078799248,1.0351297146923724,0.4930555555555555,0.025534411542847538,0.018055555555555547,2,76.0,75,77
g1post,LM,congruency,time_resolved_trial_response,glm_clean,balanced_accuracy,45,1.9408682150481982,1.0351297146923724,0.4722222222222222,0.023570226039551598,0.016666666666666677,2,76.0,75,77
g1post,LM,congruency,time_resolved_trial_response,glm_clean,balanced_accuracy,46,2.0055638222164713,1.0351297146923724,0.4916666666666667,0.05499719409228701,0.038888888888888876,2,76.0,75,77
g1post,LM,modality,time_resolved_trial_response,glm_clean,balanced_accuracy,0,-0.9704341075240991,1.0351297146923724,0.3305555555555556,0.001309457002197273,0.0009259259259258995,2,76.0,75,77
g1post,LM,modality,time_resolved_trial_response,glm_clean,balanced_accuracy,1,-0.9057385003558258,1.0351297146923724,0.32592592592592595,0.00523782800878919,0.0037037037037036674,2,76.0,75,77
g1post,LM,modality,time_resolved_trial_response,glm_clean,balanced_accuracy,2,-0.8410428931875525,1.0351297146923724,0.3212962962962963,0.0013094570021973907,0.0009259259259259828,2,76.0,75,77
g1post,LM,modality,time_resolved_trial_response,glm_clean,balanced_accuracy,3,-0.7763472860192793,1.0351297146923724,0.3388888888888889,0.01833239803076235,0.012962962962962968,2,76.0,75,77
g1post,LM,modality,time_resolved_trial_response,glm_clean,balanced_accuracy,4,-0.711651678851006,1.0351297146923724,0.3458333333333333,0.025534411542847538,0.018055555555555547,2,76.0,75,77
g1post,LM,modality,time_resolved_trial_response,glm_clean,balanced_accuracy,5,-0.6469560716827327,1.0351297146923724,0.30000000000000004,0.00523782800878919,0.0037037037037036674,2,76.0,75,77
g1post,LM,modality,time_resolved_trial_response,glm_clean,balanced_accuracy,6,-0.5822604645144595,1.0351297146923724,0.3296296296296296,0.022260769037354265,0.015740740740740736,2,76.0,75,77
g1post,LM,modality,time_resolved_trial_response,glm_clean,balanced_accuracy,7,-0.5175648573461862,1.0351297146923724,0.33425925925925926,0.009166199015381146,0.006481481481481463,2,76.0,75,77
g1post,LM,modality,time_resolved_trial_response,glm_clean,balanced_accuracy,8,-0.4528692501779129,1.0351297146923724,0.350462962962963,0.0006547285010986462,0.0004629629629629567,2,76.0,75,77
g1post,LM,modality,time_resolved_trial_response,glm_clean,balanced_accuracy,9,-0.38817364300963964,1.0351297146923724,0.3319444444444444,0.0006547285010986855,0.00046296296296298445,2,76.0,75,77
g1post,LM,modality,time_resolved_trial_response,glm_clean,balanced_accuracy,10,-0.32347803584136636,1.0351297146923724,0.33425925925925926,0.02357022603955158,0.016666666666666663,2,76.0,75,77
g1post,LM,modality,time_resolved_trial_response,glm_clean,balanced_accuracy,11,-0.2587824286730931,1.0351297146923724,0.32222222222222224,0.019641855032959663,0.013888888888888895,2,76.0,75,77
g1post,LM,modality,time_resolved_trial_response,glm_clean,balanced_accuracy,12,-0.19408682150481982,1.0351297146923724,0.33935185185185185,0.0006547285010987051,0.0004629629629629983,2,76.0,75,77
g1post,LM,modality,time_resolved_trial_response,glm_clean,balanced_accuracy,13,-0.12939121433654655,1.0351297146923724,0.3425925925925926,0.017022941028565077,0.012037037037037068,2,76.0,75,77
g1post,LM,modality,time_resolved_trial_response,glm_clean,balanced_accuracy,14,-0.06469560716827327,1.0351297146923724,0.32638888888888884,0.028153325547242182,0.019907407407407415,2,76.0,75,77
g1post,LM,modality,time_resolved_trial_response,glm_clean,balanced_accuracy,15,0.0,1.0351297146923724,0.3287037037037037,0.00523782800878917,0.0037037037037036535,2,76.0,75,77
g1post,LM,modality,time_resolved_trial_response,glm_clean,balanced_accuracy,16,0.06469560716827327,1.0351297146923724,0.3203703703703704,0.0,0.0,2,76.0,75,77
g1post,LM,modality,time_resolved_trial_response,glm_clean,balanced_accuracy,17,0.12939121433654655,1.0351297146923724,0.32638888888888884,0.017677669529663764,0.012500000000000053,2,76.0,75,77
g1post,LM,modality,time_resolved_trial_response,glm_clean,balanced_accuracy,18,0.19408682150481982,1.0351297146923724,0.4115740740740741,0.012439841520874457,0.008796296296296302,2,76.0,75,77
g1post,LM,modality,time_resolved_trial_response,glm_clean,balanced_accuracy,19,0.2587824286730931,1.0351297146923724,0.6546296296296296,0.0065472850109865805,0.00462962962962965,2,76.0,75,77
g1post,LM,modality,time_resolved_trial_response,glm_clean,balanced_accuracy,20,0.32347803584136636,1.0351297146923724,0.6537037037037037,0.009166199015381245,0.0064814814814815325,2,76.0,75,77
g1post,LM,modality,time_resolved_trial_response,glm_clean,balanced_accuracy,21,0.38817364300963964,1.0351297146923724,0.6680555555555554,0.0032736425054933293,0.002314814814814853,2,76.0,75,77
g1post,LM,modality,time_resolved_trial_response,glm_clean,balanced_accuracy,22,0.4528692501779129,1.0351297146923724,0.6976851851851851,0.011130384518677162,0.007870370370370389,2,76.0,75,77
g1post,LM,modality,time_resolved_trial_response,glm_clean,balanced_accuracy,23,0.5175648573461862,1.0351297146923724,0.6981481481481482,0.007856742013183872,0.005555555555555564,2,76.0,75,77
g1post,LM,modality,time_resolved_trial_response,glm_clean,balanced_accuracy,24,0.5822604645144595,1.0351297146923724,0.7074074074074075,0.013094570021973043,0.009259259259259217,2,76.0,75,77
g1post,LM,modality,time_resolved_trial_response,glm_clean,balanced_accuracy,25,0.6469560716827327,1.0351297146923724,0.7273148148148147,0.05041409458459648,0.03564814814814818,2,76.0,75,77
g1post,LM,modality,time_resolved_trial_response,glm_clean,balanced_accuracy,26,0.711651678851006,1.0351297146923724,0.7268518518518519,0.028808054048340827,0.020370370370370372,2,76.0,75,77
g1post,LM,modality,time_resolved_trial_response,glm_clean,balanced_accuracy,27,0.7763472860192793,1.0351297146923724,0.7060185185185186,0.0006547285010986659,0.00046296296296297057,2,76.0,75,77
g1post,LM,modality,time_resolved_trial_response,glm_clean,balanced_accuracy,28,0.8410428931875525,1.0351297146923724,0.7203703703703703,0.0196418550329597,0.013888888888888923,2,76.0,75,77
g1post,LM,modality,time_resolved_trial_response,glm_clean,balanced_accuracy,29,0.9057385003558258,1.0351297146923724,0.7101851851851853,0.01833239803076233,0.012962962962962954,2,76.0,75,77
g1post,LM,modality,time_resolved_trial_response,glm_clean,balanced_accuracy,30,0.9704341075240991,1.0351297146923724,0.7240740740740741,0.027498597046143415,0.019444444444444375,2,76.0,75,77
g1post,LM,modality,time_resolved_trial_response,glm_clean,balanced_accuracy,31,1.0351297146923724,1.0351297146923724,0.7157407407407408,0.027498597046143415,0.019444444444444375,2,76.0,75,77
g1post,LM,modality,time_resolved_trial_response,glm_clean,balanced_accuracy,32,1.0998253218606455,1.0351297146923724,0.7152777777777777,0.001964185503296076,0.0013888888888889672,2,76.0,75,77
g1post,LM,modality,time_resolved_trial_response,glm_clean,balanced_accuracy,33,1.164520929028919,1.0351297146923724,0.7180555555555554,0.021606040536255543,0.015277777777777724,2,76.0,75,77
g1post,LM,modality,time_resolved_trial_response,glm_clean,balanced_accuracy,34,1.229216536197192,1.0351297146923724,0.699537037037037,0.012439841520874457,0.008796296296296302,2,76.0,75,77
g1post,LM,modality,time_resolved_trial_response,glm_clean,balanced_accuracy,35,1.2939121433654655,1.0351297146923724,0.6870370370370371,0.020951312035157033,0.014814814814814864,2,76.0,75,77
g1post,LM,modality,time_resolved_trial_response,glm_clean,balanced_accuracy,36,1.3586077505337386,1.0351297146923724,0.6962962962962963,0.017022941028565077,0.012037037037037068,2,76.0,75,77
g1post,LM,modality,time_resolved_trial_response,glm_clean,balanced_accuracy,37,1.423303357702012,1.0351297146923724,0.7027777777777777,0.003928371006591878,0.00277777777777774,2,76.0,75,77
g1post,LM,modality,time_resolved_trial_response,glm_clean,balanced_accuracy,38,1.4879989648702852,1.0351297146923724,0.6962962962962963,0.0,0.0,2,76.0,75,77
g1post,LM,modality,time_resolved_trial_response,glm_clean,balanced_accuracy,39,1.5526945720385585,1.0351297146923724,0.7157407407407408,0.034045882057129995,0.024074074074074026,2,76.0,75,77
g1post,LM,modality,time_resolved_trial_response,glm_clean,balanced_accuracy,40,1.6173901792068317,1.0351297146923724,0.7013888888888888,0.007202013512085168,0.005092592592592565,2,76.0,75,77
g1post,LM,modality,time_resolved_trial_response,glm_clean,balanced_accuracy,41,1.682085786375105,1.0351297146923724,0.675,0.02487968304174887,0.017592592592592576,2,76.0,75,77
g1post,LM,modality,time_resolved_trial_response,glm_clean,balanced_accuracy,42,1.7467813935433782,1.0351297146923724,0.6745370370370372,0.0045830995076905825,0.0032407407407407385,2,76.0,75,77
g1post,LM,modality,time_resolved_trial_response,glm_clean,balanced_accuracy,43,1.8114770007116516,1.0351297146923724,0.6708333333333333,0.0032736425054933687,0.0023148148148148806,2,76.0,75,77
g1post,LM,modality,time_resolved_trial_response,glm_clean,balanced_accuracy,44,1.8761726078799248,1.0351297146923724,0.6870370370370371,0.0196418550329597,0.013888888888888923,2,76.0,75,77
g1post,LM,modality,time_resolved_trial_response,glm_clean,balanced_accuracy,45,1.9408682150481982,1.0351297146923724,0.6824074074074074,0.04059316706811658,0.028703703703703676,2,76.0,75,77
g1post,LM,modality,time_resolved_trial_response,glm_clean,balanced_accuracy,46,2.0055638222164713,1.0351297146923724,0.6597222222222221,0.018987126531861076,0.01342592592592598,2,76.0,75,77
g1post,LM,trial_type,time_resolved_trial_response,glm_clean,balanced_accuracy,0,-0.9704341075240991,1.0351297146923724,0.12291666666666666,0.0009820927516479988,0.0006944444444444559,2,76.0,75,77
g1post,LM,trial_type,time_resolved_trial_response,glm_clean,balanced_accuracy,1,-0.9057385003558258,1.0351297146923724,0.12430555555555556,0.004910463758239936,0.0034722222222222376,2,76.0,75,77
g1post,LM,trial_type,time_resolved_trial_response,glm_clean,balanced_accuracy,2,-0.8410428931875525,1.0351297146923724,0.14166666666666666,0.013749298523071747,0.009722222222222215,2,76.0,75,77
g1post,LM,trial_type,time_resolved_trial_response,glm_clean,balanced_accuracy,3,-0.7763472860192793,1.0351297146923724,0.1076388888888889,0.0029462782549439623,0.0020833333333333433,2,76.0,75,77
g1post,LM,trial_type,time_resolved_trial_response,glm_clean,balanced_accuracy,4,-0.711651678851006,1.0351297146923724,0.1326388888888889,0.0029462782549439376,0.002083333333333326,2,76.0,75,77
g1post,LM,trial_type,time_resolved_trial_response,glm_clean,balanced_accuracy,5,-0.6469560716827327,1.0351297146923724,0.11875,0.024552318791199557,0.017361111111111105,2,76.0,75,77
g1post,LM,trial_type,time_resolved_trial_response,glm_clean,balanced_accuracy,6,-0.5822604645144595,1.0351297146923724,0.12777777777777777,0.009820927516479842,0.0069444444444444545,2,76.0,75,77
g1post,LM,trial_type,time_resolved_trial_response,glm_clean,balanced_accuracy,7,-0.5175648573461862,1.0351297146923724,0.11597222222222221,0.0009820927516479793,0.000694444444444442,2,76.0,75,77
g1post,LM,trial_type,time_resolved_trial_response,glm_clean,balanced_accuracy,8,-0.4528692501779129,1.0351297146923724,0.11944444444444444,0.003928371006591941,0.0027777777777777853,2,76.0,75,77
g1post,LM,trial_type,time_resolved_trial_response,glm_clean,balanced_accuracy,9,-0.38817364300963964,1.0351297146923724,0.10555555555555556,0.009820927516479831,0.0069444444444444475,2,76.0,75,77
g1post,LM,trial_type,time_resolved_trial_response,glm_clean,balanced_accuracy,10,-0.32347803584136636,1.0351297146923724,0.11597222222222221,0.0009820927516479793,0.000694444444444442,2,76.0,75,77
g1post,LM,trial_type,time_resolved_trial_response,glm_clean,balanced_accuracy,11,-0.2587824286730931,1.0351297146923724,0.13541666666666666,0.006874649261535894,0.004861111111111122,2,76.0,75,77
g1post,LM,trial_type,time_resolved_trial_response,glm_clean,balanced_accuracy,12,-0.19408682150481982,1.0351297146923724,0.13125,0.006874649261535894,0.004861111111111122,2,76.0,75,77
g1post,LM,trial_type,time_resolved_trial_response,glm_clean,balanced_accuracy,13,-0.12939121433654655,1.0351297146923724,0.12916666666666665,0.005892556509887885,0.004166666666666659,2,76.0,75,77
g1post,LM,trial_type,time_resolved_trial_response,glm_clean,balanced_accuracy,14,-0.06469560716827327,1.0351297146923724,0.11875,0.0009820927516480038,0.0006944444444444593,2,76.0,75,77
g1post,LM,trial_type,time_resolved_trial_response,glm_clean,balanced_accuracy,15,0.0,1.0351297146923724,0.12222222222222222,0.003928371006591936,0.002777777777777782,2,76.0,75,77
g1post,LM,trial_type,time_resolved_trial_response,glm_clean,balanced_accuracy,16,0.06469560716827327,1.0351297146923724,0.12013888888888888,0.01865976228131167,0.013194444444444443,2,76.0,75,77
g1post,LM,trial_type,time_resolved_trial_response,glm_clean,balanced_accuracy,17,0.12939121433654655,1.0351297146923724,0.13125,0.014731391274719726,0.010416666666666657,2,76.0,75,77
g1post,LM,trial_type,time_resolved_trial_response,glm_clean,balanced_accuracy,18,0.19408682150481982,1.0351297146923724,0.1486111111111111,0.0019641855032959585,0.001388888888888884,2,76.0,75,77
g1post,LM,trial_type,time_resolved_trial_response,glm_clean,balanced_accuracy,19,0.2587824286730931,1.0351297146923724,0.24375000000000002,0.016695576778015725,0.011805555555555569,2,76.0,75,77
g1post,LM,trial_type,time_resolved_trial_response,glm_clean,balanced_accuracy,20,0.32347803584136636,1.0351297146923724,0.24999999999999994,0.019641855032959652,0.013888888888888888,2,76.0,75,77
g1post,LM,trial_type,time_resolved_trial_response,glm_clean,balanced_accuracy,21,0.38817364300963964,1.0351297146923724,0.3104166666666667,0.018659762281311606,0.013194444444444398,2,76.0,75,77
g1post,LM,trial_type,time_resolved_trial_response,glm_clean,balanced_accuracy,22,0.4528692501779129,1.0351297146923724,0.33472222222222225,0.03928371006591926,0.02777777777777775,2,76.0,75,77
g1post,LM,trial_type,time_resolved_trial_response,glm_clean,balanced_accuracy,23,0.5175648573461862,1.0351297146923724,0.35138888888888886,0.005892556509887934,0.0041666666666666935,2,76.0,75,77
g1post,LM,trial_type,time_resolved_trial_response,glm_clean,balanced_accuracy,24,0.5822604645144595,1.0351297146923724,0.40555555555555556,0.02553441154284748,0.018055555555555505,2,76.0,75,77
g1post,LM,trial_type,time_resolved_trial_response,glm_clean,balanced_accuracy,25,0.6469560716827327,1.0351297146923724,0.37569444444444444,0.030444875301087512,0.021527777777777812,2,76.0,75,77
g1post,LM,trial_type,time_resolved_trial_response,glm_clean,balanced_accuracy,26,0.711651678851006,1.0351297146923724,0.3868055555555556,0.012767205771423788,0.009027777777777787,2,76.0,75,77
g1post,LM,trial_type,time_resolved_trial_response,glm_clean,balanced_accuracy,27,0.7763472860192793,1.0351297146923724,0.3631944444444444,0.03437324630767937,0.02430555555555554,2,76.0,75,77
g1post,LM,trial_type,time_resolved_trial_response,glm_clean,balanced_accuracy,28,0.8410428931875525,1.0351297146923724,0.38402777777777775,0.006874649261535874,0.004861111111111108,2,76.0,75,77
g1post,LM,trial_type,time_resolved_trial_response,glm_clean,balanced_accuracy,29,0.9057385003558258,1.0351297146923724,0.37916666666666665,0.01964185503295972,0.013888888888888937,2,76.0,75,77
g1post,LM,trial_type,time_resolved_trial_response,glm_clean,balanced_accuracy,30,0.9704341075240991,1.0351297146923724,0.41527777777777775,0.01178511301977575,0.008333333333333304,2,76.0,75,77
g1post,LM,trial_type,time_resolved_trial_response,glm_clean,balanced_accuracy,31,1.0351297146923724,1.0351297146923724,0.4013888888888889,0.0019641855032959585,0.001388888888888884,2,76.0,75,77
g1post,LM,trial_type,time_resolved_trial_response,glm_clean,balanced_accuracy,32,1.0998253218606455,1.0351297146923724,0.3909722222222222,0.006874649261535854,0.004861111111111094,2,76.0,75,77
g1post,LM,trial_type,time_resolved_trial_response,glm_clean,balanced_accuracy,33,1.164520929028919,1.0351297146923724,0.37777777777777777,0.06481812160876678,0.04583333333333328,2,76.0,75,77
g1post,LM,trial_type,time_resolved_trial_response,glm_clean,balanced_accuracy,34,1.229216536197192,1.0351297146923724,0.38402777777777775,0.002946278254943957,0.00208333333333334,2,76.0,75,77
g1post,LM,trial_type,time_resolved_trial_response,glm_clean,balanced_accuracy,35,1.2939121433654655,1.0351297146923724,0.39583333333333337,0.00982092751647985,0.006944444444444461,2,76.0,75,77
g1post,LM,trial_type,time_resolved_trial_response,glm_clean,balanced_accuracy,36,1.3586077505337386,1.0351297146923724,0.35277777777777775,0.001964185503295939,0.00138888888888887,2,76.0,75,77
g1post,LM,trial_type,time_resolved_trial_response,glm_clean,balanced_accuracy,37,1.423303357702012,1.0351297146923724,0.3597222222222222,0.011785113019775828,0.00833333333333336,2,76.0,75,77
g1post,LM,trial_type,time_resolved_trial_response,glm_clean,balanced_accuracy,38,1.4879989648702852,1.0351297146923724,0.34375,0.012767205771423729,0.009027777777777746,2,76.0,75,77
g1post,LM,trial_type,time_resolved_trial_response,glm_clean,balanced_accuracy,39,1.5526945720385585,1.0351297146923724,0.39513888888888893,0.01080302026812783,0.007638888888888903,2,76.0,75,77
g1post,LM,trial_type,time_resolved_trial_response,glm_clean,balanced_accuracy,40,1.6173901792068317,1.0351297146923724,0.3402777777777778,0.01178511301977581,0.008333333333333345,2,76.0,75,77
g1post,LM,trial_type,time_resolved_trial_response,glm_clean,balanced_accuracy,41,1.682085786375105,1.0351297146923724,0.33819444444444446,0.010803020268127772,0.007638888888888862,2,76.0,75,77
g1post,LM,trial_type,time_resolved_trial_response,glm_clean,balanced_accuracy,42,1.7467813935433782,1.0351297146923724,0.33402777777777776,0.024552318791199557,0.017361111111111105,2,76.0,75,77
g1post,LM,trial_type,time_resolved_trial_response,glm_clean,balanced_accuracy,43,1.8114770007116516,1.0351297146923724,0.32708333333333334,0.014731391274719766,0.010416666666666685,2,76.0,75,77
g1post,LM,trial_type,time_resolved_trial_response,glm_clean,balanced_accuracy,44,1.8761726078799248,1.0351297146923724,0.3416666666666667,0.007856742013183834,0.005555555555555536,2,76.0,75,77
g1post,LM,trial_type,time_resolved_trial_response,glm_clean,balanced_accuracy,45,1.9408682150481982,1.0351297146923724,0.3423611111111111,0.012767205771423729,0.009027777777777746,2,76.0,75,77
g1post,LM,trial_type,time_resolved_trial_response,glm_clean,balanced_accuracy,46,2.0055638222164713,1.0351297146923724,0.35416666666666663,0.0019641855032959585,0.001388888888888884,2,76.0,75,77
g1post,LM,visual_direction,time_resolved_trial_response,glm_clean,balanced_accuracy,0,-0.9704341075240991,1.0351297146923724,0.4925925925925926,0.034045882057130133,0.024074074074074123,2,76.0,75,77
g1post,LM,visual_direction,time_resolved_trial_response,glm_clean,balanced_accuracy,1,-0.9057385003558258,1.0351297146923724,0.5,0.013094570021973142,0.009259259259259287,2,76.0,75,77
g1post,LM,visual_direction,time_resolved_trial_response,glm_clean,balanced_accuracy,2,-0.8410428931875525,1.0351297146923724,0.5157407407407407,0.01178511301977575,0.008333333333333304,2,76.0,75,77
g1post,LM,visual_direction,time_resolved_trial_response,glm_clean,balanced_accuracy,3,-0.7763472860192793,1.0351297146923724,0.5,0.00523782800878917,0.0037037037037036535,2,76.0,75,77
g1post,LM,visual_direction,time_resolved_trial_response,glm_clean,balanced_accuracy,4,-0.711651678851006,1.0351297146923724,0.5138888888888888,0.01702294102856496,0.012037037037036985,2,76.0,75,77
g1post,LM,visual_direction,time_resolved_trial_response,glm_clean,balanced_accuracy,5,-0.6469560716827327,1.0351297146923724,0.5027777777777778,0.009166199015381224,0.006481481481481519,2,76.0,75,77
g1post,LM,visual_direction,time_resolved_trial_response,glm_clean,balanced_accuracy,6,-0.5822604645144595,1.0351297146923724,0.5074074074074073,0.03404588205713011,0.02407407407407411,2,76.0,75,77
g1post,LM,visual_direction,time_resolved_trial_response,glm_clean,balanced_accuracy,7,-0.5175648573461862,1.0351297146923724,0.48796296296296293,0.014404027024170414,0.010185185185185186,2,76.0,75,77
g1post,LM,visual_direction,time_resolved_trial_response,glm_clean,balanced_accuracy,8,-0.4528692501779129,1.0351297146923724,0.47777777777777775,0.0,0.0,2,76.0,75,77
g1post,LM,visual_direction,time_resolved_trial_response,glm_clean,balanced_accuracy,9,-0.38817364300963964,1.0351297146923724,0.5203703703703704,0.03404588205713009,0.024074074074074095,2,76.0,75,77
g1post,LM,visual_direction,time_resolved_trial_response,glm_clean,balanced_accuracy,10,-0.32347803584136636,1.0351297146923724,0.4657407407407408,0.04321208107251122,0.030555555555555544,2,76.0,75,77
g1post,LM,visual_direction,time_resolved_trial_response,glm_clean,balanced_accuracy,11,-0.2587824286730931,1.0351297146923724,0.5,0.034045882057129995,0.024074074074074026,2,76.0,75,77
g1post,LM,visual_direction,time_resolved_trial_response,glm_clean,balanced_accuracy,12,-0.19408682150481982,1.0351297146923724,0.5083333333333333,0.0013094570021972532,0.0009259259259258856,2,76.0,75,77
g1post,LM,visual_direction,time_resolved_trial_response,glm_clean,balanced_accuracy,13,-0.12939121433654655,1.0351297146923724,0.5129629629629631,0.005237828008789288,0.003703703703703737,2,76.0,75,77
g1post,LM,visual_direction,time_resolved_trial_response,glm_clean,balanced_accuracy,14,-0.06469560716827327,1.0351297146923724,0.5314814814814814,0.00785674201318395,0.005555555555555619,2,76.0,75,77
g1post,LM,visual_direction,time_resolved_trial_response,glm_clean,balanced_accuracy,15,0.0,1.0351297146923724,0.4907407407407407,0.007856742013183756,0.00555555555555548,2,76.0,75,77
g1post,LM,visual_direction,time_resolved_trial_response,glm_clean,balanced_accuracy,16,0.06469560716827327,1.0351297146923724,0.5064814814814815,0.0065472850109865414,0.0046296296296296224,2,76.0,75,77
g1post,LM,visual_direction,time_resolved_trial_response,glm_clean,balanced_accuracy,17,0.12939121433654655,1.0351297146923724,0.5111111111111111,0.05499719409228711,0.038888888888888945,2,76.0,75,77
g1post,LM,visual_direction,time_resolved_trial_response,glm_clean,balanced_accuracy,18,0.19408682150481982,1.0351297146923724,0.5055555555555555,0.057616108096681655,0.040740740740740744,2,76.0,75,77
g1post,LM,visual_direction,time_resolved_trial_response,glm_clean,balanced_accuracy,19,0.2587824286730931,1.0351297146923724,0.5453703703703704,0.07463904912524659,0.052777777777777715,2,76.0,75,77
g1post,LM,visual_direction,time_resolved_trial_response,glm_clean,balanced_accuracy,20,0.32347803584136636,1.0351297146923724,0.6277777777777778,0.05237828008789244,0.03703703703703706,2,76.0,75,77
g1post,LM,visual_direction,time_resolved_trial_response,glm_clean,balanced_accuracy,21,0.38817364300963964,1.0351297146923724,0.7361111111111112,0.07202013512085195,0.05092592592592585,2,76.0,75,77
g1post,LM,visual_direction,time_resolved_trial_response,glm_clean,balanced_accuracy,22,0.4528692501779129,1.0351297146923724,0.8324074074074075,0.030117511050538236,0.02129629629629637,2,76.0,75,77
g1post,LM,visual_direction,time_resolved_trial_response,glm_clean,balanced_accuracy,23,0.5175648573461862,1.0351297146923724,0.8824074074074073,0.0013094570021974495,0.0009259259259260244,2,76.0,75,77
g1post,LM,visual_direction,time_resolved_trial_response,glm_clean,balanced_accuracy,24,0.5822604645144595,1.0351297146923724,0.9166666666666667,0.04190262407031399,0.029629629629629672,2,76.0,75,77
g1post,LM,visual_direction,time_resolved_trial_response,glm_clean,balanced_accuracy,25,0.6469560716827327,1.0351297146923724,0.9324074074074075,0.061544479103273576,0.04351851851851851,2,76.0,75,77
g1post,LM,visual_direction,time_resolved_trial_response,glm_clean,balanced_accuracy,26,0.711651678851006,1.0351297146923724,0.9222222222222223,0.06547285010986549,0.04629629629629628,2,76.0,75,77
g1post,LM,visual_direction,time_resolved_trial_response,glm_clean,balanced_accuracy,27,0.7763472860192793,1.0351297146923724,0.912962962962963,0.08904307614941726,0.06296296296296308,2,76.0,75,77
g1post,LM,visual_direction,time_resolved_trial_response,glm_clean,balanced_accuracy,28,0.8410428931875525,1.0351297146923724,0.9083333333333332,0.0694012211164574,0.04907407407407405,2,76.0,75,77
g1post,LM,visual_direction,time_resolved_trial_response,glm_clean,balanced_accuracy,29,0.9057385003558258,1.0351297146923724,0.9222222222222223,0.034045882057130154,0.024074074074074137,2,76.0,75,77
g1post,LM,visual_direction,time_resolved_trial_response,glm_clean,balanced_accuracy,30,0.9704341075240991,1.0351297146923724,0.9166666666666666,0.01833239803076233,0.012962962962962954,2,76.0,75,77
g1post,LM,visual_direction,time_resolved_trial_response,glm_clean,balanced_accuracy,31,1.0351297146923724,1.0351297146923724,0.9268518518518518,0.014404027024170414,0.010185185185185186,2,76.0,75,77
g1post,LM,visual_direction,time_resolved_trial_response,glm_clean,balanced_accuracy,32,1.0998253218606455,1.0351297146923724,0.9277777777777778,0.015713484026367786,0.011111111111111155,2,76.0,75,77
g1post,LM,visual_direction,time_resolved_trial_response,glm_clean,balanced_accuracy,33,1.164520929028919,1.0351297146923724,0.9314814814814815,0.026189140043946166,0.01851851851851849,2,76.0,75,77
g1post,LM,visual_direction,time_resolved_trial_response,glm_clean,balanced_accuracy,34,1.229216536197192,1.0351297146923724,0.9259259259259259,0.015713484026367668,0.011111111111111072,2,76.0,75,77
g1post,LM,visual_direction,time_resolved_trial_response,glm_clean,balanced_accuracy,35,1.2939121433654655,1.0351297146923724,0.9157407407407406,0.030117511050538236,0.02129629629629637,2,76.0,75,77
g1post,LM,visual_direction,time_resolved_trial_response,glm_clean,balanced_accuracy,36,1.3586077505337386,1.0351297146923724,0.9111111111111111,0.026189140043946166,0.01851851851851849,2,76.0,75,77
g1post,LM,visual_direction,time_resolved_trial_response,glm_clean,balanced_accuracy,37,1.423303357702012,1.0351297146923724,0.9046296296296297,0.03273642505493263,0.023148148148148057,2,76.0,75,77
g1post,LM,visual_direction,time_resolved_trial_response,glm_clean,balanced_accuracy,38,1.4879989648702852,1.0351297146923724,0.8944444444444446,0.013094570021973043,0.009259259259259217,2,76.0,75,77
g1post,LM,visual_direction,time_resolved_trial_response,glm_clean,balanced_accuracy,39,1.5526945720385585,1.0351297146923724,0.8787037037037038,0.027498597046143415,0.019444444444444375,2,76.0,75,77
g1post,LM,visual_direction,time_resolved_trial_response,glm_clean,balanced_accuracy,40,1.6173901792068317,1.0351297146923724,0.8712962962962962,0.03535533905932725,0.02499999999999991,2,76.0,75,77
g1post,LM,visual_direction,time_resolved_trial_response,glm_clean,balanced_accuracy,41,1.682085786375105,1.0351297146923724,0.8620370370370369,0.02487968304174887,0.017592592592592576,2,76.0,75,77
g1post,LM,visual_direction,time_resolved_trial_response,glm_clean,balanced_accuracy,42,1.7467813935433782,1.0351297146923724,0.8611111111111112,0.005237828008789366,0.0037037037037037923,2,76.0,75,77
g1post,LM,visual_direction,time_resolved_trial_response,glm_clean,balanced_accuracy,43,1.8114770007116516,1.0351297146923724,0.8620370370370369,0.030117511050538042,0.02129629629629623,2,76.0,75,77
g1post,LM,visual_direction,time_resolved_trial_response,glm_clean,balanced_accuracy,44,1.8761726078799248,1.0351297146923724,0.8731481481481482,0.022260769037354286,0.01574074074074075,2,76.0,75,77
g1post,LM,visual_direction,time_resolved_trial_response,glm_clean,balanced_accuracy,45,1.9408682150481982,1.0351297146923724,0.862037037037037,0.027498597046143575,0.019444444444444486,2,76.0,75,77
g1post,LM,visual_direction,time_resolved_trial_response,glm_clean,balanced_accuracy,46,2.0055638222164713,1.0351297146923724,0.8657407407407407,0.017022941028564803,0.012037037037036874,2,76.0,75,77
g1post,V1,auditory_direction,time_resolved_trial_response,glm_clean,balanced_accuracy,0,-0.9704341075240991,1.0351297146923724,0.5151234567901234,0.020833676266039016,0.008505312719687986,6,246.16666666666666,59,392
g1post,V1,auditory_direction,time_resolved_trial_response,glm_clean,balanced_accuracy,1,-0.9057385003558258,1.0351297146923724,0.4969135802469136,0.04037999658706387,0.016485064575605446,6,246.16666666666666,59,392
g1post,V1,auditory_direction,time_resolved_trial_response,glm_clean,balanced_accuracy,2,-0.8410428931875525,1.0351297146923724,0.49722222222222223,0.02892092241071192,0.011806917132811167,6,246.16666666666666,59,392
g1post,V1,auditory_direction,time_resolved_trial_response,glm_clean,balanced_accuracy,3,-0.7763472860192793,1.0351297146923724,0.5132716049382716,0.024829091157719335,0.010136434018910337,6,246.16666666666666,59,392
g1post,V1,auditory_direction,time_resolved_trial_response,glm_clean,balanced_accuracy,4,-0.711651678851006,1.0351297146923724,0.5040123456790123,0.017545420838774247,0.007162888062898624,6,246.16666666666666,59,392
g1post,V1,auditory_direction,time_resolved_trial_response,glm_clean,balanced_accuracy,5,-0.6469560716827327,1.0351297146923724,0.49567901234567907,0.03428010710349341,0.013994795121919314,6,246.16666666666666,59,392
g1post,V1,auditory_direction,time_resolved_trial_response,glm_clean,balanced_accuracy,6,-0.5822604645144595,1.0351297146923724,0.5030864197530863,0.013890946349664392,0.005670955100175726,6,246.16666666666666,59,392
g1post,V1,auditory_direction,time_resolved_trial_response,glm_clean,balanced_accuracy,7,-0.5175648573461862,1.0351297146923724,0.5070987654320988,0.0471610593980695,0.019253421875726574,6,246.16666666666666,59,392
g1post,V1,auditory_direction,time_resolved_trial_response,glm_clean,balanced_accuracy,8,-0.4528692501779129,1.0351297146923724,0.5089506172839506,0.03371014726086696,0.01376210999053401,6,246.16666666666666,59,392
g1post,V1,auditory_direction,time_resolved_trial_response,glm_clean,balanced_accuracy,9,-0.38817364300963964,1.0351297146923724,0.5055555555555555,0.031075817723560058,0.012686649460410008,6,246.16666666666666,59,392
g1post,V1,auditory_direction,time_resolved_trial_response,glm_clean,balanced_accuracy,10,-0.32347803584136636,1.0351297146923724,0.5086419753086421,0.025517058138792736,0.010417295362829137,6,246.16666666666666,59,392
g1post,V1,auditory_direction,time_resolved_trial_response,glm_clean,balanced_accuracy,11,-0.2587824286730931,1.0351297146923724,0.5046296296296297,0.02027756637806261,0.008278281808611567,6,246.16666666666666,59,392
g1post,V1,auditory_direction,time_resolved_trial_response,glm_clean,balanced_accuracy,12,-0.19408682150481982,1.0351297146923724,0.4919753086419753,0.028295585279671423,0.011551624318100306,6,246.16666666666666,59,392
g1post,V1,auditory_direction,time_resolved_trial_response,glm_clean,balanced_accuracy,13,-0.12939121433654655,1.0351297146923724,0.49074074074074076,0.023159256593871864,0.009454726912862137,6,246.16666666666666,59,392
g1post,V1,auditory_direction,time_resolved_trial_response,glm_clean,balanced_accuracy,14,-0.06469560716827327,1.0351297146923724,0.48734567901234566,0.015600317725065732,0.006368803041951186,6,246.16666666666666,59,392
g1post,V1,auditory_direction,time_resolved_trial_response,glm_clean,balanced_accuracy,15,0.0,1.0351297146923724,0.4882716049382716,0.027707730611141176,0.01131163365463163,6,246.16666666666666,59,392
g1post,V1,auditory_direction,time_resolved_trial_response,glm_clean,balanced_accuracy,16,0.06469560716827327,1.0351297146923724,0.4975308641975309,0.03979830263399266,0.016247589013690958,6,246.16666666666666,59,392
g1post,V1,auditory_direction,time_resolved_trial_response,glm_clean,balanced_accuracy,17,0.12939121433654655,1.0351297146923724,0.5024691358024691,0.021168429875904,0.008641975308641973,6,246.16666666666666,59,392
g1post,V1,auditory_direction,time_resolved_trial_response,glm_clean,balanced_accuracy,18,0.19408682150481982,1.0351297146923724,0.5209876543209876,0.0350712906452884,0.014317794450300257,6,246.16666666666666,59,392
g1post,V1,auditory_direction,time_resolved_trial_response,glm_clean,balanced_accuracy,19,0.2587824286730931,1.0351297146923724,0.512962962962963,0.03398539184282802,0.013874478120579053,6,246.16666666666666,59,392
g1post,V1,auditory_direction,time_resolved_trial_response,glm_clean,balanced_accuracy,20,0.32347803584136636,1.0351297146923724,0.5373456790123458,0.04739317880611051,0.019348184227242802,6,246.16666666666666,59,392
g1post,V1,auditory_direction,time_resolved_trial_response,glm_clean,balanced_accuracy,21,0.38817364300963964,1.0351297146923724,0.5361111111111111,0.04288546650453257,0.01750791838622068,6,246.16666666666666,59,392
g1post,V1,auditory_direction,time_resolved_trial_response,glm_clean,balanced_accuracy,22,0.4528692501779129,1.0351297146923724,0.5419753086419753,0.03578756607661601,0.014610212670641023,6,246.16666666666666,59,392
g1post,V1,auditory_direction,time_resolved_trial_response,glm_clean,balanced_accuracy,23,0.5175648573461862,1.0351297146923724,0.5524691358024691,0.05114151895606912,0.02087843768554046,6,246.16666666666666,59,392
g1post,V1,auditory_direction,time_resolved_trial_response,glm_clean,balanced_accuracy,24,0.5822604645144595,1.0351297146923724,0.5635802469135803,0.034598751665727845,0.014124881219717127,6,246.16666666666666,59,392
g1post,V1,auditory_direction,time_resolved_trial_response,glm_clean,balanced_accuracy,25,0.6469560716827327,1.0351297146923724,0.5478395061728395,0.04973753701200049,0.02030526445703231,6,246.16666666666666,59,392
g1post,V1,auditory_direction,time_resolved_trial_response,glm_clean,balanced_accuracy,26,0.711651678851006,1.0351297146923724,0.5580246913580247,0.034973371541272384,0.014277819143481968,6,246.16666666666666,59,392
g1post,V1,auditory_direction,time_resolved_trial_response,glm_clean,balanced_accuracy,27,0.7763472860192793,1.0351297146923724,0.5216049382716049,0.039590958402103305,0.01616294108548459,6,246.16666666666666,59,392
g1post,V1,auditory_direction,time_resolved_trial_response,glm_clean,balanced_accuracy,28,0.8410428931875525,1.0351297146923724,0.5453703703703704,0.030737393838329324,0.012548488487812422,6,246.16666666666666,59,392
g1post,V1,auditory_direction,time_resolved_trial_response,glm_clean,balanced_accuracy,29,0.9057385003558258,1.0351297146923724,0.5518518518518519,0.025391313334818633,0.010365960261571997,6,246.16666666666666,59,392
g1post,V1,auditory_direction,time_resolved_trial_response,glm_clean,balanced_accuracy,30,0.9704341075240991,1.0351297146923724,0.5438271604938272,0.031767041842396204,0.012968840525252255,6,246.16666666666666,59,392
g1post,V1,auditory_direction,time_resolved_trial_response,glm_clean,balanced_accuracy,31,1.0351297146923724,1.0351297146923724,0.5441358024691357,0.04046059687406477,0.016517969504984464,6,246.16666666666666,59,392
g1post,V1,auditory_direction,time_resolved_trial_response,glm_clean,balanced_accuracy,32,1.0998253218606455,1.0351297146923724,0.5354938271604938,0.038283052847770976,0.015628990878840225,6,246.16666666666666,59,392
g1post,V1,auditory_direction,time_resolved_trial_response,glm_clean,balanced_accuracy,33,1.164520929028919,1.0351297146923724,0.5416666666666666,0.04065226082290772,0.01659621598444315,6,246.16666666666666,59,392
g1post,V1,auditory_direction,time_resolved_trial_response,glm_clean,balanced_accuracy,34,1.229216536197192,1.0351297146923724,0.5493827160493828,0.022911132265999053,0.009353430580185566,6,246.16666666666666,59,392
g1post,V1,auditory_direction,time_resolved_trial_response,glm_clean,balanced_accuracy,35,1.2939121433654655,1.0351297146923724,0.5302469135802469,0.028149772532726883,0.011492096513432358,6,246.16666666666666,59,392
g1post,V1,auditory_direction,time_resolved_trial_response,glm_clean,balanced_accuracy,36,1.3586077505337386,1.0351297146923724,0.5314814814814816,0.0274174155901062,0.011193113043598123,6,246.16666666666666,59,392
g1post,V1,auditory_direction,time_resolved_trial_response,glm_clean,balanced_accuracy,37,1.423303357702012,1.0351297146923724,0.537962962962963,0.03371692862228354,0.013764878469739346,6,246.16666666666666,59,392
g1post,V1,auditory_direction,time_resolved_trial_response,glm_clean,balanced_accuracy,38,1.4879989648702852,1.0351297146923724,0.5512345679012346,0.03908533568916954,0.01595652147730968,6,246.16666666666666,59,392
g1post,V1,auditory_direction,time_resolved_trial_response,glm_clean,balanced_accuracy,39,1.5526945720385585,1.0351297146923724,0.5373456790123456,0.02238877911521247,0.00914018079935853,6,246.16666666666666,59,392
g1post,V1,auditory_direction,time_resolved_trial_response,glm_clean,balanced_accuracy,40,1.6173901792068317,1.0351297146923724,0.5237654320987654,0.036277710030879644,0.014810313102050351,6,246.16666666666666,59,392
g1post,V1,auditory_direction,time_resolved_trial_response,glm_clean,balanced_accuracy,41,1.682085786375105,1.0351297146923724,0.5435185185185185,0.028321832572669944,0.011562339730596257,6,246.16666666666666,59,392
g1post,V1,auditory_direction,time_resolved_trial_response,glm_clean,balanced_accuracy,42,1.7467813935433782,1.0351297146923724,0.5182098765432098,0.030393321649903514,0.012408021605091427,6,246.16666666666666,59,392
g1post,V1,auditory_direction,time_resolved_trial_response,glm_clean,balanced_accuracy,43,1.8114770007116516,1.0351297146923724,0.5172839506172839,0.02851290629401896,0.011640345250689561,6,246.16666666666666,59,392
g1post,V1,auditory_direction,time_resolved_trial_response,glm_clean,balanced_accuracy,44,1.8761726078799248,1.0351297146923724,0.5101851851851852,0.030242504087756087,0.012346450593172811,6,246.16666666666666,59,392
g1post,V1,auditory_direction,time_resolved_trial_response,glm_clean,balanced_accuracy,45,1.9408682150481982,1.0351297146923724,0.524074074074074,0.034704316370733256,0.014167977830068906,6,246.16666666666666,59,392
g1post,V1,auditory_direction,time_resolved_trial_response,glm_clean,balanced_accuracy,46,2.0055638222164713,1.0351297146923724,0.5283950617283951,0.03882122272994286,0.015848697813216035,6,246.16666666666666,59,392
g1post,V1,congruency,time_resolved_trial_response,glm_clean,balanced_accuracy,0,-0.9704341075240991,1.0351297146923724,0.525925925925926,0.01889433472694032,0.0077135798517253855,6,246.16666666666666,59,392
g1post,V1,congruency,time_resolved_trial_response,glm_clean,balanced_accuracy,1,-0.9057385003558258,1.0351297146923724,0.5060185185185185,0.028350575726657196,0.011574074074074093,6,246.16666666666666,59,392
g1post,V1,congruency,time_resolved_trial_response,glm_clean,balanced_accuracy,2,-0.8410428931875525,1.0351297146923724,0.5046296296296297,0.03170400657522348,0.012943106485190058,6,246.16666666666666,59,392
g1post,V1,congruency,time_resolved_trial_response,glm_clean,balanced_accuracy,3,-0.7763472860192793,1.0351297146923724,0.5074074074074074,0.029796981093804235,0.012164566592529626,6,246.16666666666666,59,392
g1post,V1,congruency,time_resolved_trial_response,glm_clean,balanced_accuracy,4,-0.711651678851006,1.0351297146923724,0.4773148148148148,0.03838630264108114,0.015671142430449845,6,246.16666666666666,59,392
g1post,V1,congruency,time_resolved_trial_response,glm_clean,balanced_accuracy,5,-0.6469560716827327,1.0351297146923724,0.5115740740740741,0.01505306115731159,0.006145386483720436,6,246.16666666666666,59,392
g1post,V1,congruency,time_resolved_trial_response,glm_clean,balanced_accuracy,6,-0.5822604645144595,1.0351297146923724,0.49259259259259264,0.04474435845074467,0.018266807845418814,6,246.16666666666666,59,392
g1post,V1,congruency,time_resolved_trial_response,glm_clean,balanced_accuracy,7,-0.5175648573461862,1.0351297146923724,0.49722222222222223,0.04506511064594057,0.01839775438077007,6,246.16666666666666,59,392
g1post,V1,congruency,time_resolved_trial_response,glm_clean,balanced_accuracy,8,-0.4528692501779129,1.0351297146923724,0.4953703703703703,0.043342828969107024,0.017694635830505543,6,246.16666666666666,59,392
g1post,V1,congruency,time_resolved_trial_response,glm_clean,balanced_accuracy,9,-0.38817364300963964,1.0351297146923724,0.525,0.01956312984628782,0.007986614315869577,6,246.16666666666666,59,392
g1post,V1,congruency,time_resolved_trial_response,glm_clean,balanced_accuracy,10,-0.32347803584136636,1.0351297146923724,0.5060185185185185,0.03070250857701719,0.01253424663951936,6,246.16666666666666,59,392
g1post,V1,congruency,time_resolved_trial_response,glm_clean,balanced_accuracy,11,-0.2587824286730931,1.0351297146923724,0.5138888888888888,0.023895347964007333,0.009755234956345143,6,246.16666666666666,59,392
g1post,V1,congruency,time_resolved_trial_response,glm_clean,balanced_accuracy,12,-0.19408682150481982,1.0351297146923724,0.5199074074074074,0.01585200328761174,0.006471553242595029,6,246.16666666666666,59,392
g1post,V1,congruency,time_resolved_trial_response,glm_clean,balanced_accuracy,13,-0.12939121433654655,1.0351297146923724,0.5027777777777778,0.01834174891024352,0.00748798763672434,6,246.16666666666666,59,392
g1post,V1,congruency,time_resolved_trial_response,glm_clean,balanced_accuracy,14,-0.06469560716827327,1.0351297146923724,0.4791666666666667,0.03233457424117451,0.013200534656836353,6,246.16666666666666,59,392
g1post,V1,congruency,time_resolved_trial_response,glm_clean,balanced_accuracy,15,0.0,1.0351297146923724,0.4967592592592592,0.025301677753053097,0.010329366688551481,6,246.16666666666666,59,392
g1post,V1,congruency,time_resolved_trial_response,glm_clean,balanced_accuracy,16,0.06469560716827327,1.0351297146923724,0.47824074074074074,0.03757365879696771,0.015339381970334555,6,246.16666666666666,59,392
g1post,V1,congruency,time_resolved_trial_response,glm_clean,balanced_accuracy,17,0.12939121433654655,1.0351297146923724,0.47453703703703703,0.036405495221251014,0.014862481187566062,6,246.16666666666666,59,392
g1post,V1,congruency,time_resolved_trial_response,glm_clean,balanced_accuracy,18,0.19408682150481982,1.0351297146923724,0.5203703703703705,0.0350778088668195,0.014320455503097197,6,246.16666666666666,59,392
g1post,V1,congruency,time_resolved_trial_response,glm_clean,balanced_accuracy,19,0.2587824286730931,1.0351297146923724,0.49953703703703706,0.019278391494126867,0.007870370370370371,6,246.16666666666666,59,392
g1post,V1,congruency,time_resolved_trial_response,glm_clean,balanced_accuracy,20,0.32347803584136636,1.0351297146923724,0.5060185185185185,0.03431052220757326,0.014007212036164191,6,246.16666666666666,59,392
g1post,V1,congruency,time_resolved_trial_response,glm_clean,balanced_accuracy,21,0.38817364300963964,1.0351297146923724,0.4976851851851852,0.032698428751216084,0.013349077638538393,6,246.16666666666666,59,392
g1post,V1,congruency,time_resolved_trial_response,glm_clean,balanced_accuracy,22,0.4528692501779129,1.0351297146923724,0.4847222222222222,0.038878966988258254,0.015872271807957396,6,246.16666666666666,59,392
g1post,V1,congruency,time_resolved_trial_response,glm_clean,balanced_accuracy,23,0.5175648573461862,1.0351297146923724,0.5092592592592593,0.03577478708457258,0.014604995668985443,6,246.16666666666666,59,392
g1post,V1,congruency,time_resolved_trial_response,glm_clean,balanced_accuracy,24,0.5822604645144595,1.0351297146923724,0.4930555555555556,0.023684526385880242,0.009669167407481864,6,246.16666666666666,59,392
g1post,V1,congruency,time_resolved_trial_response,glm_clean,balanced_accuracy,25,0.6469560716827327,1.0351297146923724,0.5009259259259259,0.013456223795988905,0.005493480360811624,6,246.16666666666666,59,392
g1post,V1,congruency,time_resolved_trial_response,glm_clean,balanced_accuracy,26,0.711651678851006,1.0351297146923724,0.48888888888888893,0.02557969874049186,0.010442868281386432,6,246.16666666666666,59,392
g1post,V1,congruency,time_resolved_trial_response,glm_clean,balanced_accuracy,27,0.7763472860192793,1.0351297146923724,0.5032407407407408,0.020292359039573184,0.00828432088738467,6,246.16666666666666,59,392
g1post,V1,congruency,time_resolved_trial_response,glm_clean,balanced_accuracy,28,0.8410428931875525,1.0351297146923724,0.48148148148148157,0.040812226845423516,0.01666152183966753,6,246.16666666666666,59,392
g1post,V1,congruency,time_resolved_trial_response,glm_clean,balanced_accuracy,29,0.9057385003558258,1.0351297146923724,0.4958333333333333,0.03228681265787845,0.01318103607210589,6,246.16666666666666,59,392
g1post,V1,congruency,time_resolved_trial_response,glm_clean,balanced_accuracy,30,0.9704341075240991,1.0351297146923724,0.49120370370370364,0.022595248781319317,0.009224471687579295,6,246.16666666666666,59,392
g1post,V1,congruency,time_resolved_trial_response,glm_clean,balanced_accuracy,31,1.0351297146923724,1.0351297146923724,0.5078703703703703,0.03302714309579259,0.013483274707762703,6,246.16666666666666,59,392
g1post,V1,congruency,time_resolved_trial_response,glm_clean,balanced_accuracy,32,1.0998253218606455,1.0351297146923724,0.5060185185185185,0.022042094035391053,0.00899864720819211,6,246.16666666666666,59,392
g1post,V1,congruency,time_resolved_trial_response,glm_clean,balanced_accuracy,33,1.164520929028919,1.0351297146923724,0.5064814814814814,0.042660975700710695,0.01741627039933554,6,246.16666666666666,59,392
g1post,V1,congruency,time_resolved_trial_response,glm_clean,balanced_accuracy,34,1.229216536197192,1.0351297146923724,0.4699074074074074,0.041922056816628486,0.017114608028117515,6,246.16666666666666,59,392
g1post,V1,congruency,time_resolved_trial_response,glm_clean,balanced_accuracy,35,1.2939121433654655,1.0351297146923724,0.5115740740740741,0.026955419681499306,0.01100450400370806,6,246.16666666666666,59,392
g1post,V1,congruency,time_resolved_trial_response,glm_clean,balanced_accuracy,36,1.3586077505337386,1.0351297146923724,0.5009259259259259,0.03285145517318654,0.013411550413703635,6,246.16666666666666,59,392
g1post,V1,congruency,time_resolved_trial_response,glm_clean,balanced_accuracy,37,1.423303357702012,1.0351297146923724,0.46574074074074073,0.03364055948997211,0.013733700902028998,6,246.16666666666666,59,392
g1post,V1,congruency,time_resolved_trial_response,glm_clean,balanced_accuracy,38,1.4879989648702852,1.0351297146923724,0.4694444444444445,0.04788747097668882,0.019549978160871066,6,246.16666666666666,59,392
g1post,V1,congruency,time_resolved_trial_response,glm_clean,balanced_accuracy,39,1.5526945720385585,1.0351297146923724,0.4773148148148148,0.03484607540589639,0.014225850713832061,6,246.16666666666666,59,392
g1post,V1,congruency,time_resolved_trial_response,glm_clean,balanced_accuracy,40,1.6173901792068317,1.0351297146923724,0.475462962962963,0.020594307815590497,0.008407590959001393,6,246.16666666666666,59,392
g1post,V1,congruency,time_resolved_trial_response,glm_clean,balanced_accuracy,41,1.682085786375105,1.0351297146923724,0.4902777777777778,0.029226129861250286,0.011931517552730286,6,246.16666666666666,59,392
g1post,V1,congruency,time_resolved_trial_response,glm_clean,balanced_accuracy,42,1.7467813935433782,1.0351297146923724,0.4875,0.025443595327898826,0.010387304295869027,6,246.16666666666666,59,392
g1post,V1,congruency,time_resolved_trial_response,glm_clean,balanced_accuracy,43,1.8114770007116516,1.0351297146923724,0.5023148148148148,0.04162652387254953,0.01699395720892153,6,246.16666666666666,59,392
g1post,V1,congruency,time_resolved_trial_response,glm_clean,balanced_accuracy,44,1.8761726078799248,1.0351297146923724,0.5148148148148147,0.027925532957250865,0.01140055109008993,6,246.16666666666666,59,392
g1post,V1,congruency,time_resolved_trial_response,glm_clean,balanced_accuracy,45,1.9408682150481982,1.0351297146923724,0.5018518518518519,0.014975975273448695,0.006113916303414513,6,246.16666666666666,59,392
g1post,V1,congruency,time_resolved_trial_response,glm_clean,balanced_accuracy,46,2.0055638222164713,1.0351297146923724,0.49212962962962964,0.033583168672818825,0.013710271199037843,6,246.16666666666666,59,392
g1post,V1,modality,time_resolved_trial_response,glm_clean,balanced_accuracy,0,-0.9704341075240991,1.0351297146923724,0.33935185185185185,0.026115379215130467,0.010661558919392513,6,246.16666666666666,59,392
g1post,V1,modality,time_resolved_trial_response,glm_clean,balanced_accuracy,1,-0.9057385003558258,1.0351297146923724,0.3304012345679012,0.023493108660830982,0.009591021448466023,6,246.16666666666666,59,392
g1post,V1,modality,time_resolved_trial_response,glm_clean,balanced_accuracy,2,-0.8410428931875525,1.0351297146923724,0.34151234567901234,0.025696182234638598,0.010490422468739095,6,246.16666666666666,59,392
g1post,V1,modality,time_resolved_trial_response,glm_clean,balanced_accuracy,3,-0.7763472860192793,1.0351297146923724,0.3365740740740741,0.01958721833454274,0.007996448400019509,6,246.16666666666666,59,392
g1post,V1,modality,time_resolved_trial_response,glm_clean,balanced_accuracy,4,-0.711651678851006,1.0351297146923724,0.3359567901234568,0.015685268995651137,0.00640348425294041,6,246.16666666666666,59,392
g1post,V1,modality,time_resolved_trial_response,glm_clean,balanced_accuracy,5,-0.6469560716827327,1.0351297146923724,0.3243827160493827,0.02742783689710397,0.011197367524364362,6,246.16666666666666,59,392
g1post,V1,modality,time_resolved_trial_response,glm_clean,balanced_accuracy,6,-0.5822604645144595,1.0351297146923724,0.3419753086419753,0.034732303063372605,0.014179403349494659,6,246.16666666666666,59,392
g1post,V1,modality,time_resolved_trial_response,glm_clean,balanced_accuracy,7,-0.5175648573461862,1.0351297146923724,0.3430555555555555,0.01741873154121165,0.0071111673737486265,6,246.16666666666666,59,392
g1post,V1,modality,time_resolved_trial_response,glm_clean,balanced_accuracy,8,-0.4528692501779129,1.0351297146923724,0.3311728395061729,0.014995045668636046,0.0061217017596482196,6,246.16666666666666,59,392
g1post,V1,modality,time_resolved_trial_response,glm_clean,balanced_accuracy,9,-0.38817364300963964,1.0351297146923724,0.34598765432098766,0.02018999829353188,0.008242532287802702,6,246.16666666666666,59,392
g1post,V1,modality,time_resolved_trial_response,glm_clean,balanced_accuracy,10,-0.32347803584136636,1.0351297146923724,0.33302469135802465,0.010664908977266024,0.00435393085792156,6,246.16666666666666,59,392
g1post,V1,modality,time_resolved_trial_response,glm_clean,balanced_accuracy,11,-0.2587824286730931,1.0351297146923724,0.33749999999999997,0.020826130442083375,0.008502232149957954,6,246.16666666666666,59,392
g1post,V1,modality,time_resolved_trial_response,glm_clean,balanced_accuracy,12,-0.19408682150481982,1.0351297146923724,0.32268518518518513,0.01657122880605606,0.006765175830957908,6,246.16666666666666,59,392
g1post,V1,modality,time_resolved_trial_response,glm_clean,balanced_accuracy,13,-0.12939121433654655,1.0351297146923724,0.34521604938271605,0.021448063619200215,0.008756135306298663,6,246.16666666666666,59,392
g1post,V1,modality,time_resolved_trial_response,glm_clean,balanced_accuracy,14,-0.06469560716827327,1.0351297146923724,0.345679012345679,0.01674535607743344,0.006836262991820861,6,246.16666666666666,59,392
g1post,V1,modality,time_resolved_trial_response,glm_clean,balanced_accuracy,15,0.0,1.0351297146923724,0.34953703703703703,0.012487991488341704,0.005098201176442773,6,246.16666666666666,59,392
g1post,V1,modality,time_resolved_trial_response,glm_clean,balanced_accuracy,16,0.06469560716827327,1.0351297146923724,0.3563271604938271,0.020153871962933285,0.008227783775095093,6,246.16666666666666,59,392
g1post,V1,modality,time_resolved_trial_response,glm_clean,balanced_accuracy,17,0.12939121433654655,1.0351297146923724,0.36157407407407405,0.027899424993214267,0.011389892558404498,6,246.16666666666666,59,392
g1post,V1,modality,time_resolved_trial_response,glm_clean,balanced_accuracy,18,0.19408682150481982,1.0351297146923724,0.44243827160493826,0.023280485910610032,0.009504218574174595,6,246.16666666666666,59,392
g1post,V1,modality,time_resolved_trial_response,glm_clean,balanced_accuracy,19,0.2587824286730931,1.0351297146923724,0.6149691358024691,0.07417913074780691,0.03028350331588755,6,246.16666666666666,59,392
g1post,V1,modality,time_resolved_trial_response,glm_clean,balanced_accuracy,20,0.32347803584136636,1.0351297146923724,0.6572530864197531,0.10014464276318293,0.0408838792071837,6,246.16666666666666,59,392
g1post,V1,modality,time_resolved_trial_response,glm_clean,balanced_accuracy,21,0.38817364300963964,1.0351297146923724,0.699537037037037,0.10942979472047434,0.04467452662044511,6,246.16666666666666,59,392
g1post,V1,modality,time_resolved_trial_response,glm_clean,balanced_accuracy,22,0.4528692501779129,1.0351297146923724,0.7294753086419753,0.08295059569416827,0.03386443888510327,6,246.16666666666666,59,392
g1post,V1,modality,time_resolved_trial_response,glm_clean,balanced_accuracy,23,0.5175648573461862,1.0351297146923724,0.7308641975308641,0.08442833396244682,0.03446772300688102,6,246.16666666666666,59,392
g1post,V1,modality,time_resolved_trial_response,glm_clean,balanced_accuracy,24,0.5822604645144595,1.0351297146923724,0.7521604938271605,0.07545169574296694,0.030803025799665783,6,246.16666666666666,59,392
g1post,V1,modality,time_resolved_trial_response,glm_clean,balanced_accuracy,25,0.6469560716827327,1.0351297146923724,0.7651234567901235,0.05144571988215307,0.02100262719357176,6,246.16666666666666,59,392
g1post,V1,modality,time_resolved_trial_response,glm_clean,balanced_accuracy,26,0.711651678851006,1.0351297146923724,0.7626543209876543,0.05142238370103152,0.020993100237522933,6,246.16666666666666,59,392
g1post,V1,modality,time_resolved_trial_response,glm_clean,balanced_accuracy,27,0.7763472860192793,1.0351297146923724,0.7830246913580247,0.058109997707468136,0.023723307222932866,6,246.16666666666666,59,392
g1post,V1,modality,time_resolved_trial_response,glm_clean,balanced_accuracy,28,0.8410428931875525,1.0351297146923724,0.7790123456790123,0.052298560787540825,0.021350798035233966,6,246.16666666666666,59,392
g1post,V1,modality,time_resolved_trial_response,glm_clean,balanced_accuracy,29,0.9057385003558258,1.0351297146923724,0.791358024691358,0.04984429344861716,0.020348847589777085,6,246.16666666666666,59,392
g1post,V1,modality,time_resolved_trial_response,glm_clean,balanced_accuracy,30,0.9704341075240991,1.0351297146923724,0.7908950617283951,0.047867474898702016,0.019541814796216972,6,246.16666666666666,59,392
g1post,V1,modality,time_resolved_trial_response,glm_clean,balanced_accuracy,31,1.0351297146923724,1.0351297146923724,0.784104938271605,0.057739234136459025,0.02357194362890212,6,246.16666666666666,59,392
g1post,V1,modality,time_resolved_trial_response,glm_clean,balanced_accuracy,32,1.0998253218606455,1.0351297146923724,0.7890432098765432,0.052780755818081414,0.02154765333212233,6,246.16666666666666,59,392
g1post,V1,modality,time_resolved_trial_response,glm_clean,balanced_accuracy,33,1.164520929028919,1.0351297146923724,0.7831790123456789,0.060221973561814794,0.024585517754970844,6,246.16666666666666,59,392
g1post,V1,modality,time_resolved_trial_response,glm_clean,balanced_accuracy,34,1.229216536197192,1.0351297146923724,0.7793209876543209,0.05726286063451213,0.023377464961110015,6,246.16666666666666,59,392
g1post,V1,modality,time_resolved_trial_response,glm_clean,balanced_accuracy,35,1.2939121433654655,1.0351297146923724,0.7766975308641975,0.05119429846869545,0.02089998483134168,6,246.16666666666666,59,392
g1post,V1,modality,time_resolved_trial_response,glm_clean,balanced_accuracy,36,1.3586077505337386,1.0351297146923724,0.762962962962963,0.04820153735118653,0.01967819522135194,6,246.16666666666666,59,392
g1post,V1,modality,time_resolved_trial_response,glm_clean,balanced_accuracy,37,1.423303357702012,1.0351297146923724,0.7557098765432099,0.04529440604557569,0.018491363835682336,6,246.16666666666666,59,392
g1post,V1,modality,time_resolved_trial_response,glm_clean,balanced_accuracy,38,1.4879989648702852,1.0351297146923724,0.7453703703703703,0.04868997130722596,0.01987759754890954,6,246.16666666666666,59,392
g1post,V1,modality,time_resolved_trial_response,glm_clean,balanced_accuracy,39,1.5526945720385585,1.0351297146923724,0.7404320987654321,0.0584072625783999,0.023844665098305715,6,246.16666666666666,59,392
g1post,V1,modality,time_resolved_trial_response,glm_clean,balanced_accuracy,40,1.6173901792068317,1.0351297146923724,0.7405864197530865,0.03941190044468921,0.016089840980476333,6,246.16666666666666,59,392
g1post,V1,modality,time_resolved_trial_response,glm_clean,balanced_accuracy,41,1.682085786375105,1.0351297146923724,0.7314814814814815,0.05056606863963266,0.02064351107760839,6,246.16666666666666,59,392
g1post,V1,modality,time_resolved_trial_response,glm_clean,balanced_accuracy,42,1.7467813935433782,1.0351297146923724,0.7182098765432099,0.060353515787031894,0.02463921964353954,6,246.16666666666666,59,392
g1post,V1,modality,time_resolved_trial_response,glm_clean,balanced_accuracy,43,1.8114770007116516,1.0351297146923724,0.7095679012345678,0.05610428593946559,0.022904478822482574,6,246.16666666666666,59,392
g1post,V1,modality,time_resolved_trial_response,glm_clean,balanced_accuracy,44,1.8761726078799248,1.0351297146923724,0.7046296296296296,0.05754165903070132,0.02349128392973832,6,246.16666666666666,59,392
g1post,V1,modality,time_resolved_trial_response,glm_clean,balanced_accuracy,45,1.9408682150481982,1.0351297146923724,0.6979938271604939,0.057049110875358515,0.023290201987348488,6,246.16666666666666,59,392
g1post,V1,modality,time_resolved_trial_response,glm_clean,balanced_accuracy,46,2.0055638222164713,1.0351297146923724,0.6739197530864197,0.05670845913081501,0.02315113149499507,6,246.16666666666666,59,392
g1post,V1,trial_type,time_resolved_trial_response,glm_clean,balanced_accuracy,0,-0.9704341075240991,1.0351297146923724,0.13587962962962963,0.019650037434911304,0.008022094190353452,6,246.16666666666666,59,392
g1post,V1,trial_type,time_resolved_trial_response,glm_clean,balanced_accuracy,1,-0.9057385003558258,1.0351297146923724,0.12361111111111112,0.009296222517045287,0.0037951669503554076,6,246.16666666666666,59,392
g1post,V1,trial_type,time_resolved_trial_response,glm_clean,balanced_accuracy,2,-0.8410428931875525,1.0351297146923724,0.13032407407407406,0.010556164699772566,0.004309536192537128,6,246.16666666666666,59,392
g1post,V1,trial_type,time_resolved_trial_response,glm_clean,balanced_accuracy,3,-0.7763472860192793,1.0351297146923724,0.12638888888888888,0.008240220541217407,0.003364055948997215,6,246.16666666666666,59,392
g1post,V1,trial_type,time_resolved_trial_response,glm_clean,balanced_accuracy,4,-0.711651678851006,1.0351297146923724,0.1210648148148148,0.007877175707024791,0.0032158435160763426,6,246.16666666666666,59,392
g1post,V1,trial_type,time_resolved_trial_response,glm_clean,balanced_accuracy,5,-0.6469560716827327,1.0351297146923724,0.12152777777777778,0.011678235005321062,0.004767619476557566,6,246.16666666666666,59,392
g1post,V1,trial_type,time_resolved_trial_response,glm_clean,balanced_accuracy,6,-0.5822604645144595,1.0351297146923724,0.12175925925925928,0.015924849231476808,0.00650129247464517,6,246.16666666666666,59,392
g1post,V1,trial_type,time_resolved_trial_response,glm_clean,balanced_accuracy,7,-0.5175648573461862,1.0351297146923724,0.1236111111111111,0.012329078345095638,0.0050333251573803275,6,246.16666666666666,59,392
g1post,V1,trial_type,time_resolved_trial_response,glm_clean,balanced_accuracy,8,-0.4528692501779129,1.0351297146923724,0.12638888888888888,0.021390692564642728,0.00873271367135346,6,246.16666666666666,59,392
g1post,V1,trial_type,time_resolved_trial_response,glm_clean,balanced_accuracy,9,-0.38817364300963964,1.0351297146923724,0.12291666666666667,0.008990306851490158,0.003670277402866412,6,246.16666666666666,59,392
g1post,V1,trial_type,time_resolved_trial_response,glm_clean,balanced_accuracy,10,-0.32347803584136636,1.0351297146923724,0.12291666666666666,0.013965068855832692,0.005701215486603832,6,246.16666666666666,59,392
g1post,V1,trial_type,time_resolved_trial_response,glm_clean,balanced_accuracy,11,-0.2587824286730931,1.0351297146923724,0.13171296296296295,0.01639634168270873,0.00669377846182722,6,246.16666666666666,59,392
g1post,V1,trial_type,time_resolved_trial_response,glm_clean,balanced_accuracy,12,-0.19408682150481982,1.0351297146923724,0.12199074074074073,0.013420337278730998,0.005478829751490381,6,246.16666666666666,59,392
g1post,V1,trial_type,time_resolved_trial_response,glm_clean,balanced_accuracy,13,-0.12939121433654655,1.0351297146923724,0.12708333333333335,0.01933999725509703,0.007895520816969166,6,246.16666666666666,59,392
g1post,V1,trial_type,time_resolved_trial_response,glm_clean,balanced_accuracy,14,-0.06469560716827327,1.0351297146923724,0.1324074074074074,0.010306516377292133,0.00420761769166732,6,246.16666666666666,59,392
g1post,V1,trial_type,time_resolved_trial_response,glm_clean,balanced_accuracy,15,0.0,1.0351297146923724,0.1284722222222222,0.016799241238009518,0.006858261516507416,6,246.16666666666666,59,392
g1post,V1,trial_type,time_resolved_trial_response,glm_clean,balanced_accuracy,16,0.06469560716827327,1.0351297146923724,0.13541666666666666,0.016427684777852707,0.006706574226837593,6,246.16666666666666,59,392
g1post,V1,trial_type,time_resolved_trial_response,glm_clean,balanced_accuracy,17,0.12939121433654655,1.0351297146923724,0.12939814814814812,0.01564992867363017,0.006389056626890908,6,246.16666666666666,59,392
g1post,V1,trial_type,time_resolved_trial_response,glm_clean,balanced_accuracy,18,0.19408682150481982,1.0351297146923724,0.17662037037037037,0.01618318807070126,0.00660675886411897,6,246.16666666666666,59,392
g1post,V1,trial_type,time_resolved_trial_response,glm_clean,balanced_accuracy,19,0.2587824286730931,1.0351297146923724,0.2824074074074074,0.05223896500717233,0.021326468159779666,6,246.16666666666666,59,392
g1post,V1,trial_type,time_resolved_trial_response,glm_clean,balanced_accuracy,20,0.32347803584136636,1.0351297146923724,0.3541666666666667,0.10582932334193747,0.043204640335293365,6,246.16666666666666,59,392
g1post,V1,trial_type,time_resolved_trial_response,glm_clean,balanced_accuracy,21,0.38817364300963964,1.0351297146923724,0.38749999999999996,0.12032620272296636,0.04912296655965923,6,246.16666666666666,59,392
g1post,V1,trial_type,time_resolved_trial_response,glm_clean,balanced_accuracy,22,0.4528692501779129,1.0351297146923724,0.44027777777777777,0.10796947442405845,0.04407835335590364,6,246.16666666666666,59,392
g1post,V1,trial_type,time_resolved_trial_response,glm_clean,balanced_accuracy,23,0.5175648573461862,1.0351297146923724,0.4576388888888889,0.11094692730766519,0.04529389340557279,6,246.16666666666666,59,392
g1post,V1,trial_type,time_resolved_trial_response,glm_clean,balanced_accuracy,24,0.5822604645144595,1.0351297146923724,0.4664351851851852,0.08670679567160726,0.03539790110453314,6,246.16666666666666,59,392
g1post,V1,trial_type,time_resolved_trial_response,glm_clean,balanced_accuracy,25,0.6469560716827327,1.0351297146923724,0.47291666666666665,0.07075840263325534,0.028886996910980192,6,246.16666666666666,59,392
g1post,V1,trial_type,time_resolved_trial_response,glm_clean,balanced_accuracy,26,0.711651678851006,1.0351297146923724,0.4798611111111111,0.09134096176577242,0.03728979149020167,6,246.16666666666666,59,392
g1post,V1,trial_type,time_resolved_trial_response,glm_clean,balanced_accuracy,27,0.7763472860192793,1.0351297146923724,0.4787037037037038,0.09106141372699443,0.03717566648126802,6,246.16666666666666,59,392
g1post,V1,trial_type,time_resolved_trial_response,glm_clean,balanced_accuracy,28,0.8410428931875525,1.0351297146923724,0.4731481481481481,0.08558831744055101,0.03494128427878338,6,246.16666666666666,59,392
g1post,V1,trial_type,time_resolved_trial_response,glm_clean,balanced_accuracy,29,0.9057385003558258,1.0351297146923724,0.4837962962962963,0.08465009072695848,0.034558254826891704,6,246.16666666666666,59,392
g1post,V1,trial_type,time_resolved_trial_response,glm_clean,balanced_accuracy,30,0.9704341075240991,1.0351297146923724,0.48148148148148145,0.05699974731010337,0.023270049396221872,6,246.16666666666666,59,392
g1post,V1,trial_type,time_resolved_trial_response,glm_clean,balanced_accuracy,31,1.0351297146923724,1.0351297146923724,0.4817129629629629,0.07989874314642625,0.03261852529973981,6,246.16666666666666,59,392
g1post,V1,trial_type,time_resolved_trial_response,glm_clean,balanced_accuracy,32,1.0998253218606455,1.0351297146923724,0.4756944444444444,0.06320131220313015,0.025801827662000766,6,246.16666666666666,59,392
g1post,V1,trial_type,time_resolved_trial_response,glm_clean,balanced_accuracy,33,1.164520929028919,1.0351297146923724,0.49050925925925926,0.08811913524249303,0.03597448631990172,6,246.16666666666666,59,392
g1post,V1,trial_type,time_resolved_trial_response,glm_clean,balanced_accuracy,34,1.229216536197192,1.0351297146923724,0.47500000000000003,0.07269609495854797,0.029678056490225858,6,246.16666666666666,59,392
g1post,V1,trial_type,time_resolved_trial_response,glm_clean,balanced_accuracy,35,1.2939121433654655,1.0351297146923724,0.46828703703703706,0.055335792188413974,0.022590742562383588,6,246.16666666666666,59,392
g1post,V1,trial_type,time_resolved_trial_response,glm_clean,balanced_accuracy,36,1.3586077505337386,1.0351297146923724,0.44375000000000003,0.05739153753165106,0.02342999708438918,6,246.16666666666666,59,392
g1post,V1,trial_type,time_resolved_trial_response,glm_clean,balanced_accuracy,37,1.423303357702012,1.0351297146923724,0.4372685185185185,0.056152464592708555,0.022924147675305866,6,246.16666666666666,59,392
g1post,V1,trial_type,time_resolved_trial_response,glm_clean,balanced_accuracy,38,1.4879989648702852,1.0351297146923724,0.4298611111111111,0.056456240565285885,0.02304816369679456,6,246.16666666666666,59,392
g1post,V1,trial_type,time_resolved_trial_response,glm_clean,balanced_accuracy,39,1.5526945720385585,1.0351297146923724,0.42800925925925926,0.06988977579958938,0.028532381491085033,6,246.16666666666666,59,392
g1post,V1,trial_type,time_resolved_trial_response,glm_clean,balanced_accuracy,40,1.6173901792068317,1.0351297146923724,0.4122685185185185,0.05051751214105667,0.02062368797007383,6,246.16666666666666,59,392
g1post,V1,trial_type,time_resolved_trial_response,glm_clean,balanced_accuracy,41,1.682085786375105,1.0351297146923724,0.4069444444444444,0.04447915311388463,0.01815853822002381,6,246.16666666666666,59,392
g1post,V1,trial_type,time_resolved_trial_response,glm_clean,balanced_accuracy,42,1.7467813935433782,1.0351297146923724,0.39606481481481487,0.07070749533903277,0.02886621409514169,6,246.16666666666666,59,392
g1post,V1,trial_type,time_resolved_trial_response,glm_clean,balanced_accuracy,43,1.8114770007116516,1.0351297146923724,0.3918981481481481,0.04642643745378494,0.018953513722835165,6,246.16666666666666,59,392
g1post,V1,trial_type,time_resolved_trial_response,glm_clean,balanced_accuracy,44,1.8761726078799248,1.0351297146923724,0.3803240740740741,0.04456941342634793,0.018195386838283686,6,246.16666666666666,59,392
g1post,V1,trial_type,time_resolved_trial_response,glm_clean,balanced_accuracy,45,1.9408682150481982,1.0351297146923724,0.3560185185185185,0.05164475839771978,0.021083884327288336,6,246.16666666666666,59,392
g1post,V1,trial_type,time_resolved_trial_response,glm_clean,balanced_accuracy,46,2.0055638222164713,1.0351297146923724,0.3590277777777778,0.061843777195266604,0.02524761631579563,6,246.16666666666666,59,392
g1post,V1,visual_direction,time_resolved_trial_response,glm_clean,balanced_accuracy,0,-0.9704341075240991,1.0351297146923724,0.5256172839506172,0.04104961477702901,0.016758435056922222,6,246.16666666666666,59,392
g1post,V1,visual_direction,time_resolved_trial_response,glm_clean,balanced_accuracy,1,-0.9057385003558258,1.0351297146923724,0.5179012345679013,0.0226703781355813,0.009255143118020405,6,246.16666666666666,59,392
g1post,V1,visual_direction,time_resolved_trial_response,glm_clean,balanced_accuracy,2,-0.8410428931875525,1.0351297146923724,0.5067901234567901,0.016214722884646517,0.006619632898002218,6,246.16666666666666,59,392
g1post,V1,visual_direction,time_resolved_trial_response,glm_clean,balanced_accuracy,3,-0.7763472860192793,1.0351297146923724,0.49783950617283956,0.022783548400810077,0.009301344685331394,6,246.16666666666666,59,392
g1post,V1,visual_direction,time_resolved_trial_response,glm_clean,balanced_accuracy,4,-0.711651678851006,1.0351297146923724,0.5003086419753086,0.01908096483465893,0.007789771274150595,6,246.16666666666666,59,392
g1post,V1,visual_direction,time_resolved_trial_response,glm_clean,balanced_accuracy,5,-0.6469560716827327,1.0351297146923724,0.5021604938271605,0.04238138724078756,0.0173021288885385,6,246.16666666666666,59,392
g1post,V1,visual_direction,time_resolved_trial_response,glm_clean,balanced_accuracy,6,-0.5822604645144595,1.0351297146923724,0.49320987654320986,0.02116842987590401,0.008641975308641976,6,246.16666666666666,59,392
g1post,V1,visual_direction,time_resolved_trial_response,glm_clean,balanced_accuracy,7,-0.5175648573461862,1.0351297146923724,0.5095679012345679,0.032296990025395614,0.013185190964996195,6,246.16666666666666,59,392
g1post,V1,visual_direction,time_resolved_trial_response,glm_clean,balanced_accuracy,8,-0.4528692501779129,1.0351297146923724,0.4904320987654321,0.019044985610627507,0.007775082817447551,6,246.16666666666666,59,392
g1post,V1,visual_direction,time_resolved_trial_response,glm_clean,balanced_accuracy,9,-0.38817364300963964,1.0351297146923724,0.48672839506172844,0.02689757707474781,0.010980889858385788,6,246.16666666666666,59,392
g1post,V1,visual_direction,time_resolved_trial_response,glm_clean,balanced_accuracy,10,-0.32347803584136636,1.0351297146923724,0.5104938271604939,0.018319922766962492,0.0074790771510424405,6,246.16666666666666,59,392
g1post,V1,visual_direction,time_resolved_trial_response,glm_clean,balanced_accuracy,11,-0.2587824286730931,1.0351297146923724,0.5058641975308642,0.015512138114974122,0.006332803866877516,6,246.16666666666666,59,392
g1post,V1,visual_direction,time_resolved_trial_response,glm_clean,balanced_accuracy,12,-0.19408682150481982,1.0351297146923724,0.5055555555555555,0.010143010324169774,0.004140866624999623,6,246.16666666666666,59,392
g1post,V1,visual_direction,time_resolved_trial_response,glm_clean,balanced_accuracy,13,-0.12939121433654655,1.0351297146923724,0.49660493827160496,0.018644632301863653,0.007611639263563156,6,246.16666666666666,59,392
g1post,V1,visual_direction,time_resolved_trial_response,glm_clean,balanced_accuracy,14,-0.06469560716827327,1.0351297146923724,0.5132716049382716,0.01322054490173747,0.005397264855135062,6,246.16666666666666,59,392
g1post,V1,visual_direction,time_resolved_trial_response,glm_clean,balanced_accuracy,15,0.0,1.0351297146923724,0.5169753086419754,0.023842667505575704,0.009733728249249578,6,246.16666666666666,59,392
g1post,V1,visual_direction,time_resolved_trial_response,glm_clean,balanced_accuracy,16,0.06469560716827327,1.0351297146923724,0.5064814814814814,0.02644325134770938,0.010795412157008596,6,246.16666666666666,59,392
g1post,V1,visual_direction,time_resolved_trial_response,glm_clean,balanced_accuracy,17,0.12939121433654655,1.0351297146923724,0.4845679012345679,0.01930431576680483,0.00788095391037267,6,246.16666666666666,59,392
g1post,V1,visual_direction,time_resolved_trial_response,glm_clean,balanced_accuracy,18,0.19408682150481982,1.0351297146923724,0.5191358024691358,0.029990091337272116,0.012243403519296448,6,246.16666666666666,59,392
g1post,V1,visual_direction,time_resolved_trial_response,glm_clean,balanced_accuracy,19,0.2587824286730931,1.0351297146923724,0.6537037037037038,0.11628096148013005,0.0474715037377574,6,246.16666666666666,59,392
g1post,V1,visual_direction,time_resolved_trial_response,glm_clean,balanced_accuracy,20,0.32347803584136636,1.0351297146923724,0.7583333333333333,0.14913444832187117,0.060883883576675235,6,246.16666666666666,59,392
g1post,V1,visual_direction,time_resolved_trial_response,glm_clean,balanced_accuracy,21,0.38817364300963964,1.0351297146923724,0.8191358024691358,0.17123238714375896,0.06990532932348596,6,246.16666666666666,59,392
g1post,V1,visual_direction,time_resolved_trial_response,glm_clean,balanced_accuracy,22,0.4528692501779129,1.0351297146923724,0.8975308641975309,0.1406318617184844,0.05741271713132164,6,246.16666666666666,59,392
g1post,V1,visual_direction,time_resolved_trial_response,glm_clean,balanced_accuracy,23,0.5175648573461862,1.0351297146923724,0.9250000000000002,0.10608864735396377,0.04331050891987933,6,246.16666666666666,59,392
g1post,V1,visual_direction,time_resolved_trial_response,glm_clean,balanced_accuracy,24,0.5822604645144595,1.0351297146923724,0.9419753086419753,0.0924418526069082,0.03773922829408267,6,246.16666666666666,59,392
g1post,V1,visual_direction,time_resolved_trial_response,glm_clean,balanced_accuracy,25,0.6469560716827327,1.0351297146923724,0.9432098765432099,0.09610141724228745,0.03923323930031826,6,246.16666666666666,59,392
g1post,V1,visual_direction,time_resolved_trial_response,glm_clean,balanced_accuracy,26,0.711651678851006,1.0351297146923724,0.9330246913580247,0.10263614977662285,0.04190103268609927,6,246.16666666666666,59,392
g1post,V1,visual_direction,time_resolved_trial_response,glm_clean,balanced_accuracy,27,0.7763472860192793,1.0351297146923724,0.9166666666666665,0.09915970684848298,0.04048178080379098,6,246.16666666666666,59,392
g1post,V1,visual_direction,time_resolved_trial_response,glm_clean,balanced_accuracy,28,0.8410428931875525,1.0351297146923724,0.9151234567901234,0.11772545231014321,0.048061214649701,6,246.16666666666666,59,392
g1post,V1,visual_direction,time_resolved_trial_response,glm_clean,balanced_accuracy,29,0.9057385003558258,1.0351297146923724,0.9348765432098766,0.06877745534006338,0.02807827856503556,6,246.16666666666666,59,392
g1post,V1,visual_direction,time_resolved_trial_response,glm_clean,balanced_accuracy,30,0.9704341075240991,1.0351297146923724,0.9438271604938272,0.0609444041174638,0.024880448794293412,6,246.16666666666666,59,392
g1post,V1,visual_direction,time_resolved_trial_response,glm_clean,balanced_accuracy,31,1.0351297146923724,1.0351297146923724,0.9382716049382717,0.04873807640284416,0.01989723637195827,6,246.16666666666666,59,392
g1post,V1,visual_direction,time_resolved_trial_response,glm_clean,balanced_accuracy,32,1.0998253218606455,1.0351297146923724,0.9401234567901234,0.055526741498944716,0.022668697291973017,6,246.16666666666666,59,392
g1post,V1,visual_direction,time_resolved_trial_response,glm_clean,balanced_accuracy,33,1.164520929028919,1.0351297146923724,0.9373456790123456,0.05965627040801369,0.02435457040952153,6,246.16666666666666,59,392
g1post,V1,visual_direction,time_resolved_trial_response,glm_clean,balanced_accuracy,34,1.229216536197192,1.0351297146923724,0.9311728395061728,0.07342695731998672,0.02997642979984761,6,246.16666666666666,59,392
g1post,V1,visual_direction,time_resolved_trial_response,glm_clean,balanced_accuracy,35,1.2939121433654655,1.0351297146923724,0.9320987654320988,0.06408228021382224,0.026161481346319165,6,246.16666666666666,59,392
g1post,V1,visual_direction,time_resolved_trial_response,glm_clean,balanced_accuracy,36,1.3586077505337386,1.0351297146923724,0.9268518518518518,0.060254945325790434,0.02459897842124748,6,246.16666666666666,59,392
g1post,V1,visual_direction,time_resolved_trial_response,glm_clean,balanced_accuracy,37,1.423303357702012,1.0351297146923724,0.9145061728395062,0.05836614793275689,0.023827880114508933,6,246.16666666666666,59,392
g1post,V1,visual_direction,time_resolved_trial_response,glm_clean,balanced_accuracy,38,1.4879989648702852,1.0351297146923724,0.9027777777777778,0.07097933391925706,0.028977191730800385,6,246.16666666666666,59,392
g1post,V1,visual_direction,time_resolved_trial_response,glm_clean,balanced_accuracy,39,1.5526945720385585,1.0351297146923724,0.8929012345679012,0.07126542541530964,0.029093988094980098,6,246.16666666666666,59,392
g1post,V1,visual_direction,time_resolved_trial_response,glm_clean,balanced_accuracy,40,1.6173901792068317,1.0351297146923724,0.8820987654320988,0.07521953846322739,0.030708247987093373,6,246.16666666666666,59,392
g1post,V1,visual_direction,time_resolved_trial_response,glm_clean,balanced_accuracy,41,1.682085786375105,1.0351297146923724,0.8555555555555556,0.09634614094592202,0.03933314733396306,6,246.16666666666666,59,392
g1post,V1,visual_direction,time_resolved_trial_response,glm_clean,balanced_accuracy,42,1.7467813935433782,1.0351297146923724,0.8456790123456791,0.10110274464549117,0.04127502266272625,6,246.16666666666666,59,392
g1post,V1,visual_direction,time_resolved_trial_response,glm_clean,balanced_accuracy,43,1.8114770007116516,1.0351297146923724,0.8447530864197531,0.09356098534627896,0.03819611232173293,6,246.16666666666666,59,392
g1post,V1,visual_direction,time_resolved_trial_response,glm_clean,balanced_accuracy,44,1.8761726078799248,1.0351297146923724,0.8342592592592593,0.11383542858485397,0.0464731191139878,6,246.16666666666666,59,392
g1post,V1,visual_direction,time_resolved_trial_response,glm_clean,balanced_accuracy,45,1.9408682150481982,1.0351297146923724,0.8169753086419753,0.10951581095280767,0.04470964260024734,6,246.16666666666666,59,392
g1post,V1,visual_direction,time_resolved_trial_response,glm_clean,balanced_accuracy,46,2.0055638222164713,1.0351297146923724,0.8185185185185185,0.10169347956485814,0.041516189183675126,6,246.16666666666666,59,392
g2post,A/RL/AL,auditory_direction,time_resolved_trial_response,glm_clean,balanced_accuracy,0,-0.9704341075240991,1.0351297146923724,0.5166666666666666,0.009915048397659934,0.004957524198829967,4,102.25,69,135
g2post,A/RL/AL,auditory_direction,time_resolved_trial_response,glm_clean,balanced_accuracy,1,-0.9057385003558258,1.0351297146923724,0.5171296296296296,0.02041941346546059,0.010209706732730296,4,102.25,69,135
g2post,A/RL/AL,auditory_direction,time_resolved_trial_response,glm_clean,balanced_accuracy,2,-0.8410428931875525,1.0351297146923724,0.4949074074074074,0.016658091072239086,0.008329045536119543,4,102.25,69,135
g2post,A/RL/AL,auditory_direction,time_resolved_trial_response,glm_clean,balanced_accuracy,3,-0.7763472860192793,1.0351297146923724,0.5069444444444444,0.010942653025454234,0.005471326512727117,4,102.25,69,135
g2post,A/RL/AL,auditory_direction,time_resolved_trial_response,glm_clean,balanced_accuracy,4,-0.711651678851006,1.0351297146923724,0.5027777777777778,0.0417523125261379,0.02087615626306895,4,102.25,69,135
g2post,A/RL/AL,auditory_direction,time_resolved_trial_response,glm_clean,balanced_accuracy,5,-0.6469560716827327,1.0351297146923724,0.4888888888888888,0.03357252997749909,0.016786264988749546,4,102.25,69,135
g2post,A/RL/AL,auditory_direction,time_resolved_trial_response,glm_clean,balanced_accuracy,6,-0.5822604645144595,1.0351297146923724,0.5106481481481482,0.02224150398048938,0.01112075199024469,4,102.25,69,135
g2post,A/RL/AL,auditory_direction,time_resolved_trial_response,glm_clean,balanced_accuracy,7,-0.5175648573461862,1.0351297146923724,0.48935185185185187,0.01645093576695848,0.00822546788347924,4,102.25,69,135
g2post,A/RL/AL,auditory_direction,time_resolved_trial_response,glm_clean,balanced_accuracy,8,-0.4528692501779129,1.0351297146923724,0.5032407407407407,0.03920725066618544,0.01960362533309272,4,102.25,69,135
g2post,A/RL/AL,auditory_direction,time_resolved_trial_response,glm_clean,balanced_accuracy,9,-0.38817364300963964,1.0351297146923724,0.5152777777777777,0.006655511929891259,0.0033277559649456294,4,102.25,69,135
g2post,A/RL/AL,auditory_direction,time_resolved_trial_response,glm_clean,balanced_accuracy,10,-0.32347803584136636,1.0351297146923724,0.49398148148148147,0.017462154518290935,0.008731077259145468,4,102.25,69,135
g2post,A/RL/AL,auditory_direction,time_resolved_trial_response,glm_clean,balanced_accuracy,11,-0.2587824286730931,1.0351297146923724,0.49583333333333335,0.0266381448979299,0.01331907244896495,4,102.25,69,135
g2post,A/RL/AL,auditory_direction,time_resolved_trial_response,glm_clean,balanced_accuracy,12,-0.19408682150481982,1.0351297146923724,0.5087962962962963,0.020807597272448436,0.010403798636224218,4,102.25,69,135
g2post,A/RL/AL,auditory_direction,time_resolved_trial_response,glm_clean,balanced_accuracy,13,-0.12939121433654655,1.0351297146923724,0.5055555555555555,0.018518518518518528,0.009259259259259264,4,102.25,69,135
g2post,A/RL/AL,auditory_direction,time_resolved_trial_response,glm_clean,balanced_accuracy,14,-0.06469560716827327,1.0351297146923724,0.512962962962963,0.013181578088927587,0.006590789044463793,4,102.25,69,135
g2post,A/RL/AL,auditory_direction,time_resolved_trial_response,glm_clean,balanced_accuracy,15,0.0,1.0351297146923724,0.49212962962962964,0.026552180511114933,0.013276090255557467,4,102.25,69,135
g2post,A/RL/AL,auditory_direction,time_resolved_trial_response,glm_clean,balanced_accuracy,16,0.06469560716827327,1.0351297146923724,0.5032407407407408,0.02299952286735969,0.011499761433679844,4,102.25,69,135
g2post,A/RL/AL,auditory_direction,time_resolved_trial_response,glm_clean,balanced_accuracy,17,0.12939121433654655,1.0351297146923724,0.5013888888888889,0.01896830316396235,0.009484151581981175,4,102.25,69,135
g2post,A/RL/AL,auditory_direction,time_resolved_trial_response,glm_clean,balanced_accuracy,18,0.19408682150481982,1.0351297146923724,0.5615740740740741,0.048370214394848024,0.024185107197424012,4,102.25,69,135
g2post,A/RL/AL,auditory_direction,time_resolved_trial_response,glm_clean,balanced_accuracy,19,0.2587824286730931,1.0351297146923724,0.561574074074074,0.09415199213141304,0.04707599606570652,4,102.25,69,135
g2post,A/RL/AL,auditory_direction,time_resolved_trial_response,glm_clean,balanced_accuracy,20,0.32347803584136636,1.0351297146923724,0.5671296296296297,0.10909042196549178,0.05454521098274589,4,102.25,69,135
g2post,A/RL/AL,auditory_direction,time_resolved_trial_response,glm_clean,balanced_accuracy,21,0.38817364300963964,1.0351297146923724,0.5740740740740741,0.10795941590429248,0.05397970795214624,4,102.25,69,135
g2post,A/RL/AL,auditory_direction,time_resolved_trial_response,glm_clean,balanced_accuracy,22,0.4528692501779129,1.0351297146923724,0.5745370370370371,0.1033102655786776,0.0516551327893388,4,102.25,69,135
g2post,A/RL/AL,auditory_direction,time_resolved_trial_response,glm_clean,balanced_accuracy,23,0.5175648573461862,1.0351297146923724,0.5796296296296297,0.12102858969872672,0.06051429484936336,4,102.25,69,135
g2post,A/RL/AL,auditory_direction,time_resolved_trial_response,glm_clean,balanced_accuracy,24,0.5822604645144595,1.0351297146923724,0.5583333333333333,0.11266911791880557,0.056334558959402786,4,102.25,69,135
g2post,A/RL/AL,auditory_direction,time_resolved_trial_response,glm_clean,balanced_accuracy,25,0.6469560716827327,1.0351297146923724,0.5694444444444444,0.10449981020935205,0.052249905104676024,4,102.25,69,135
g2post,A/RL/AL,auditory_direction,time_resolved_trial_response,glm_clean,balanced_accuracy,26,0.711651678851006,1.0351297146923724,0.5699074074074074,0.08906072639399103,0.044530363196995514,4,102.25,69,135
g2post,A/RL/AL,auditory_direction,time_resolved_trial_response,glm_clean,balanced_accuracy,27,0.7763472860192793,1.0351297146923724,0.562962962962963,0.08008054929792464,0.04004027464896232,4,102.25,69,135
g2post,A/RL/AL,auditory_direction,time_resolved_trial_response,glm_clean,balanced_accuracy,28,0.8410428931875525,1.0351297146923724,0.5337962962962963,0.0790659781324043,0.03953298906620215,4,102.25,69,135
g2post,A/RL/AL,auditory_direction,time_resolved_trial_response,glm_clean,balanced_accuracy,29,0.9057385003558258,1.0351297146923724,0.5546296296296296,0.07353973945061026,0.03676986972530513,4,102.25,69,135
g2post,A/RL/AL,auditory_direction,time_resolved_trial_response,glm_clean,balanced_accuracy,30,0.9704341075240991,1.0351297146923724,0.537037037037037,0.06529802242769335,0.032649011213846675,4,102.25,69,135
g2post,A/RL/AL,auditory_direction,time_resolved_trial_response,glm_clean,balanced_accuracy,31,1.0351297146923724,1.0351297146923724,0.5680555555555555,0.046367229610039376,0.023183614805019688,4,102.25,69,135
g2post,A/RL/AL,auditory_direction,time_resolved_trial_response,glm_clean,balanced_accuracy,32,1.0998253218606455,1.0351297146923724,0.549537037037037,0.046906472820935255,0.023453236410467627,4,102.25,69,135
g2post,A/RL/AL,auditory_direction,time_resolved_trial_response,glm_clean,balanced_accuracy,33,1.164520929028919,1.0351297146923724,0.5601851851851852,0.04440584743808077,0.022202923719040386,4,102.25,69,135
g2post,A/RL/AL,auditory_direction,time_resolved_trial_response,glm_clean,balanced_accuracy,34,1.229216536197192,1.0351297146923724,0.5805555555555556,0.042377341220579984,0.021188670610289992,4,102.25,69,135
g2post,A/RL/AL,auditory_direction,time_resolved_trial_response,glm_clean,balanced_accuracy,35,1.2939121433654655,1.0351297146923724,0.5652777777777778,0.058038644237832636,0.029019322118916318,4,102.25,69,135
g2post,A/RL/AL,auditory_direction,time_resolved_trial_response,glm_clean,balanced_accuracy,36,1.3586077505337386,1.0351297146923724,0.5689814814814815,0.03089042095854129,0.015445210479270645,4,102.25,69,135
g2post,A/RL/AL,auditory_direction,time_resolved_trial_response,glm_clean,balanced_accuracy,37,1.423303357702012,1.0351297146923724,0.5583333333333333,0.0554422713314368,0.0277211356657184,4,102.25,69,135
g2post,A/RL/AL,auditory_direction,time_resolved_trial_response,glm_clean,balanced_accuracy,38,1.4879989648702852,1.0351297146923724,0.5259259259259259,0.049575241988299296,0.024787620994149648,4,102.25,69,135
g2post,A/RL/AL,auditory_direction,time_resolved_trial_response,glm_clean,balanced_accuracy,39,1.5526945720385585,1.0351297146923724,0.5356481481481482,0.033277559649456535,0.016638779824728268,4,102.25,69,135
g2post,A/RL/AL,auditory_direction,time_resolved_trial_response,glm_clean,balanced_accuracy,40,1.6173901792068317,1.0351297146923724,0.5333333333333333,0.024982847339318683,0.012491423669659342,4,102.25,69,135
g2post,A/RL/AL,auditory_direction,time_resolved_trial_response,glm_clean,balanced_accuracy,41,1.682085786375105,1.0351297146923724,0.5476851851851852,0.03244266160048876,0.01622133080024438,4,102.25,69,135
g2post,A/RL/AL,auditory_direction,time_resolved_trial_response,glm_clean,balanced_accuracy,42,1.7467813935433782,1.0351297146923724,0.5555555555555556,0.04477755823042496,0.02238877911521248,4,102.25,69,135
g2post,A/RL/AL,auditory_direction,time_resolved_trial_response,glm_clean,balanced_accuracy,43,1.8114770007116516,1.0351297146923724,0.5421296296296296,0.020194244201179767,0.010097122100589884,4,102.25,69,135
g2post,A/RL/AL,auditory_direction,time_resolved_trial_response,glm_clean,balanced_accuracy,44,1.8761726078799248,1.0351297146923724,0.5402777777777779,0.03085339317063438,0.01542669658531719,4,102.25,69,135
g2post,A/RL/AL,auditory_direction,time_resolved_trial_response,glm_clean,balanced_accuracy,45,1.9408682150481982,1.0351297146923724,0.5361111111111111,0.041089973433685534,0.020544986716842767,4,102.25,69,135
g2post,A/RL/AL,auditory_direction,time_resolved_trial_response,glm_clean,balanced_accuracy,46,2.0055638222164713,1.0351297146923724,0.5291666666666667,0.037171822644574554,0.018585911322287277,4,102.25,69,135
g2post,A/RL/AL,congruency,time_resolved_trial_response,glm_clean,balanced_accuracy,0,-0.9704341075240991,1.0351297146923724,0.5048611111111111,0.01702923533124956,0.00851461766562478,4,102.25,69,135
g2post,A/RL/AL,congruency,time_resolved_trial_response,glm_clean,balanced_accuracy,1,-0.9057385003558258,1.0351297146923724,0.5,0.024532669073132934,0.012266334536566467,4,102.25,69,135
g2post,A/RL/AL,congruency,time_resolved_trial_response,glm_clean,balanced_accuracy,2,-0.8410428931875525,1.0351297146923724,0.49722222222222223,0.02357022603955156,0.01178511301977578,4,102.25,69,135
g2post,A/RL/AL,congruency,time_resolved_trial_response,glm_clean,balanced_accuracy,3,-0.7763472860192793,1.0351297146923724,0.5048611111111112,0.02045961092035588,0.01022980546017794,4,102.25,69,135
g2post,A/RL/AL,congruency,time_resolved_trial_response,glm_clean,balanced_accuracy,4,-0.711651678851006,1.0351297146923724,0.5034722222222222,0.04275582649871801,0.021377913249359004,4,102.25,69,135
g2post,A/RL/AL,congruency,time_resolved_trial_response,glm_clean,balanced_accuracy,5,-0.6469560716827327,1.0351297146923724,0.5125000000000001,0.009755234956345194,0.004877617478172597,4,102.25,69,135
g2post,A/RL/AL,congruency,time_resolved_trial_response,glm_clean,balanced_accuracy,6,-0.5822604645144595,1.0351297146923724,0.47986111111111107,0.009453971229936183,0.004726985614968092,4,102.25,69,135
g2post,A/RL/AL,congruency,time_resolved_trial_response,glm_clean,balanced_accuracy,7,-0.5175648573461862,1.0351297146923724,0.4930555555555555,0.04705853985027058,0.02352926992513529,4,102.25,69,135
g2post,A/RL/AL,congruency,time_resolved_trial_response,glm_clean,balanced_accuracy,8,-0.4528692501779129,1.0351297146923724,0.47777777777777775,0.04063538566202163,0.020317692831010814,4,102.25,69,135
g2post,A/RL/AL,congruency,time_resolved_trial_response,glm_clean,balanced_accuracy,9,-0.38817364300963964,1.0351297146923724,0.4895833333333333,0.02706255138088056,0.01353127569044028,4,102.25,69,135
g2post,A/RL/AL,congruency,time_resolved_trial_response,glm_clean,balanced_accuracy,10,-0.32347803584136636,1.0351297146923724,0.48680555555555555,0.036315305868589574,0.018157652934294787,4,102.25,69,135
g2post,A/RL/AL,congruency,time_resolved_trial_response,glm_clean,balanced_accuracy,11,-0.2587824286730931,1.0351297146923724,0.5048611111111111,0.021441733660943457,0.010720866830471729,4,102.25,69,135
g2post,A/RL/AL,congruency,time_resolved_trial_response,glm_clean,balanced_accuracy,12,-0.19408682150481982,1.0351297146923724,0.4965277777777778,0.009177883148888486,0.004588941574444243,4,102.25,69,135
g2post,A/RL/AL,congruency,time_resolved_trial_response,glm_clean,balanced_accuracy,13,-0.12939121433654655,1.0351297146923724,0.5097222222222223,0.010269015283712426,0.005134507641856213,4,102.25,69,135
g2post,A/RL/AL,congruency,time_resolved_trial_response,glm_clean,balanced_accuracy,14,-0.06469560716827327,1.0351297146923724,0.5083333333333333,0.033410404727164306,0.016705202363582153,4,102.25,69,135
g2post,A/RL/AL,congruency,time_resolved_trial_response,glm_clean,balanced_accuracy,15,0.0,1.0351297146923724,0.49513888888888885,0.03603089380853568,0.01801544690426784,4,102.25,69,135
g2post,A/RL/AL,congruency,time_resolved_trial_response,glm_clean,balanced_accuracy,16,0.06469560716827327,1.0351297146923724,0.4916666666666667,0.028054180384339128,0.014027090192169564,4,102.25,69,135
g2post,A/RL/AL,congruency,time_resolved_trial_response,glm_clean,balanced_accuracy,17,0.12939121433654655,1.0351297146923724,0.47777777777777775,0.019378194015237365,0.009689097007618682,4,102.25,69,135
g2post,A/RL/AL,congruency,time_resolved_trial_response,glm_clean,balanced_accuracy,18,0.19408682150481982,1.0351297146923724,0.5020833333333333,0.036386061524312154,0.018193030762156077,4,102.25,69,135
g2post,A/RL/AL,congruency,time_resolved_trial_response,glm_clean,balanced_accuracy,19,0.2587824286730931,1.0351297146923724,0.5,0.018839805508681334,0.009419902754340667,4,102.25,69,135
g2post,A/RL/AL,congruency,time_resolved_trial_response,glm_clean,balanced_accuracy,20,0.32347803584136636,1.0351297146923724,0.4645833333333333,0.018197448154660692,0.009098724077330346,4,102.25,69,135
g2post,A/RL/AL,congruency,time_resolved_trial_response,glm_clean,balanced_accuracy,21,0.38817364300963964,1.0351297146923724,0.4833333333333333,0.009622504486493785,0.0048112522432468925,4,102.25,69,135
g2post,A/RL/AL,congruency,time_resolved_trial_response,glm_clean,balanced_accuracy,22,0.4528692501779129,1.0351297146923724,0.4826388888888889,0.0581069239338437,0.02905346196692185,4,102.25,69,135
g2post,A/RL/AL,congruency,time_resolved_trial_response,glm_clean,balanced_accuracy,23,0.5175648573461862,1.0351297146923724,0.4979166666666667,0.013865721418399892,0.006932860709199946,4,102.25,69,135
g2post,A/RL/AL,congruency,time_resolved_trial_response,glm_clean,balanced_accuracy,24,0.5822604645144595,1.0351297146923724,0.49930555555555556,0.03320771081560978,0.01660385540780489,4,102.25,69,135
g2post,A/RL/AL,congruency,time_resolved_trial_response,glm_clean,balanced_accuracy,25,0.6469560716827327,1.0351297146923724,0.49930555555555556,0.030963190013344397,0.015481595006672198,4,102.25,69,135
g2post,A/RL/AL,congruency,time_resolved_trial_response,glm_clean,balanced_accuracy,26,0.711651678851006,1.0351297146923724,0.5076388888888889,0.02467640365043783,0.012338201825218916,4,102.25,69,135
g2post,A/RL/AL,congruency,time_resolved_trial_response,glm_clean,balanced_accuracy,27,0.7763472860192793,1.0351297146923724,0.47152777777777777,0.030291366301769616,0.015145683150884808,4,102.25,69,135
g2post,A/RL/AL,congruency,time_resolved_trial_response,glm_clean,balanced_accuracy,28,0.8410428931875525,1.0351297146923724,0.5166666666666667,0.03215510250775059,0.016077551253875295,4,102.25,69,135
g2post,A/RL/AL,congruency,time_resolved_trial_response,glm_clean,balanced_accuracy,29,0.9057385003558258,1.0351297146923724,0.5194444444444444,0.04273326207116413,0.021366631035582066,4,102.25,69,135
g2post,A/RL/AL,congruency,time_resolved_trial_response,glm_clean,balanced_accuracy,30,0.9704341075240991,1.0351297146923724,0.49236111111111114,0.02249542706158586,0.01124771353079293,4,102.25,69,135
g2post,A/RL/AL,congruency,time_resolved_trial_response,glm_clean,balanced_accuracy,31,1.0351297146923724,1.0351297146923724,0.4881944444444445,0.024987136608358586,0.012493568304179293,4,102.25,69,135
g2post,A/RL/AL,congruency,time_resolved_trial_response,glm_clean,balanced_accuracy,32,1.0998253218606455,1.0351297146923724,0.5118055555555555,0.03545522592323296,0.01772761296161648,4,102.25,69,135
g2post,A/RL/AL,congruency,time_resolved_trial_response,glm_clean,balanced_accuracy,33,1.164520929028919,1.0351297146923724,0.5069444444444444,0.03805318997784168,0.01902659498892084,4,102.25,69,135
g2post,A/RL/AL,congruency,time_resolved_trial_response,glm_clean,balanced_accuracy,34,1.229216536197192,1.0351297146923724,0.47986111111111107,0.03963406430708241,0.019817032153541206,4,102.25,69,135
g2post,A/RL/AL,congruency,time_resolved_trial_response,glm_clean,balanced_accuracy,35,1.2939121433654655,1.0351297146923724,0.5125000000000001,0.03383115908600951,0.016915579543004756,4,102.25,69,135
g2post,A/RL/AL,congruency,time_resolved_trial_response,glm_clean,balanced_accuracy,36,1.3586077505337386,1.0351297146923724,0.507638888888889,0.03523692589460744,0.01761846294730372,4,102.25,69,135
g2post,A/RL/AL,congruency,time_resolved_trial_response,glm_clean,balanced_accuracy,37,1.423303357702012,1.0351297146923724,0.5013888888888889,0.03859012219291617,0.019295061096458083,4,102.25,69,135
g2post,A/RL/AL,congruency,time_resolved_trial_response,glm_clean,balanced_accuracy,38,1.4879989648702852,1.0351297146923724,0.4798611111111112,0.055108152175644576,0.027554076087822288,4,102.25,69,135
g2post,A/RL/AL,congruency,time_resolved_trial_response,glm_clean,balanced_accuracy,39,1.5526945720385585,1.0351297146923724,0.5055555555555555,0.038756388030474764,0.019378194015237382,4,102.25,69,135
g2post,A/RL/AL,congruency,time_resolved_trial_response,glm_clean,balanced_accuracy,40,1.6173901792068317,1.0351297146923724,0.5083333333333333,0.01990202338907837,0.009951011694539186,4,102.25,69,135
g2post,A/RL/AL,congruency,time_resolved_trial_response,glm_clean,balanced_accuracy,41,1.682085786375105,1.0351297146923724,0.47638888888888886,0.03667648577840439,0.018338242889202196,4,102.25,69,135
g2post,A/RL/AL,congruency,time_resolved_trial_response,glm_clean,balanced_accuracy,42,1.7467813935433782,1.0351297146923724,0.46111111111111114,0.03692111488403127,0.018460557442015635,4,102.25,69,135
g2post,A/RL/AL,congruency,time_resolved_trial_response,glm_clean,balanced_accuracy,43,1.8114770007116516,1.0351297146923724,0.49444444444444446,0.02256677334621102,0.01128338667310551,4,102.25,69,135
g2post,A/RL/AL,congruency,time_resolved_trial_response,glm_clean,balanced_accuracy,44,1.8761726078799248,1.0351297146923724,0.48750000000000004,0.03546429259667695,0.017732146298338476,4,102.25,69,135
g2post,A/RL/AL,congruency,time_resolved_trial_response,glm_clean,balanced_accuracy,45,1.9408682150481982,1.0351297146923724,0.5111111111111112,0.018285571905677315,0.009142785952838657,4,102.25,69,135
g2post,A/RL/AL,congruency,time_resolved_trial_response,glm_clean,balanced_accuracy,46,2.0055638222164713,1.0351297146923724,0.5145833333333333,0.044292274219727694,0.022146137109863847,4,102.25,69,135
g2post,A/RL/AL,modality,time_resolved_trial_response,glm_clean,balanced_accuracy,0,-0.9704341075240991,1.0351297146923724,0.3298611111111111,0.02443199037399772,0.01221599518699886,4,102.25,69,135
g2post,A/RL/AL,modality,time_resolved_trial_response,glm_clean,balanced_accuracy,1,-0.9057385003558258,1.0351297146923724,0.35462962962962963,0.0037800767635542713,0.0018900383817771356,4,102.25,69,135
g2post,A/RL/AL,modality,time_resolved_trial_response,glm_clean,balanced_accuracy,2,-0.8410428931875525,1.0351297146923724,0.3300925925925926,0.005976826151554652,0.002988413075777326,4,102.25,69,135
g2post,A/RL/AL,modality,time_resolved_trial_response,glm_clean,balanced_accuracy,3,-0.7763472860192793,1.0351297146923724,0.3203703703703704,0.011833512044864736,0.005916756022432368,4,102.25,69,135
g2post,A/RL/AL,modality,time_resolved_trial_response,glm_clean,balanced_accuracy,4,-0.711651678851006,1.0351297146923724,0.343287037037037,0.018830322543612422,0.009415161271806211,4,102.25,69,135
g2post,A/RL/AL,modality,time_resolved_trial_response,glm_clean,balanced_accuracy,5,-0.6469560716827327,1.0351297146923724,0.33564814814814814,0.01777038169195655,0.008885190845978275,4,102.25,69,135
g2post,A/RL/AL,modality,time_resolved_trial_response,glm_clean,balanced_accuracy,6,-0.5822604645144595,1.0351297146923724,0.3326388888888889,0.010265536030594184,0.005132768015297092,4,102.25,69,135
g2post,A/RL/AL,modality,time_resolved_trial_response,glm_clean,balanced_accuracy,7,-0.5175648573461862,1.0351297146923724,0.33449074074074076,0.0057762244667323775,0.0028881122333661888,4,102.25,69,135
g2post,A/RL/AL,modality,time_resolved_trial_response,glm_clean,balanced_accuracy,8,-0.4528692501779129,1.0351297146923724,0.34444444444444444,0.018503079984348005,0.009251539992174002,4,102.25,69,135
g2post,A/RL/AL,modality,time_resolved_trial_response,glm_clean,balanced_accuracy,9,-0.38817364300963964,1.0351297146923724,0.3472222222222222,0.015176902287832408,0.007588451143916204,4,102.25,69,135
g2post,A/RL/AL,modality,time_resolved_trial_response,glm_clean,balanced_accuracy,10,-0.32347803584136636,1.0351297146923724,0.34305555555555556,0.016811782507896656,0.008405891253948328,4,102.25,69,135
g2post,A/RL/AL,modality,time_resolved_trial_response,glm_clean,balanced_accuracy,11,-0.2587824286730931,1.0351297146923724,0.3335648148148148,0.01174564196486918,0.00587282098243459,4,102.25,69,135
g2post,A/RL/AL,modality,time_resolved_trial_response,glm_clean,balanced_accuracy,12,-0.19408682150481982,1.0351297146923724,0.33773148148148147,0.012292516710510905,0.006146258355255453,4,102.25,69,135
g2post,A/RL/AL,modality,time_resolved_trial_response,glm_clean,balanced_accuracy,13,-0.12939121433654655,1.0351297146923724,0.34375,0.02102450015499207,0.010512250077496035,4,102.25,69,135
g2post,A/RL/AL,modality,time_resolved_trial_response,glm_clean,balanced_accuracy,14,-0.06469560716827327,1.0351297146923724,0.3418981481481482,0.007906597813240462,0.003953298906620231,4,102.25,69,135
g2post,A/RL/AL,modality,time_resolved_trial_response,glm_clean,balanced_accuracy,15,0.0,1.0351297146923724,0.3541666666666667,0.020642126675562904,0.010321063337781452,4,102.25,69,135
g2post,A/RL/AL,modality,time_resolved_trial_response,glm_clean,balanced_accuracy,16,0.06469560716827327,1.0351297146923724,0.35625,0.034935558612984585,0.017467779306492293,4,102.25,69,135
g2post,A/RL/AL,modality,time_resolved_trial_response,glm_clean,balanced_accuracy,17,0.12939121433654655,1.0351297146923724,0.36319444444444443,0.02843235942799839,0.014216179713999195,4,102.25,69,135
g2post,A/RL/AL,modality,time_resolved_trial_response,glm_clean,balanced_accuracy,18,0.19408682150481982,1.0351297146923724,0.4995370370370371,0.06803508132433835,0.03401754066216917,4,102.25,69,135
g2post,A/RL/AL,modality,time_resolved_trial_response,glm_clean,balanced_accuracy,19,0.2587824286730931,1.0351297146923724,0.6671296296296296,0.12699370279150396,0.06349685139575198,4,102.25,69,135
g2post,A/RL/AL,modality,time_resolved_trial_response,glm_clean,balanced_accuracy,20,0.32347803584136636,1.0351297146923724,0.6752314814814814,0.11480330238977283,0.05740165119488642,4,102.25,69,135
g2post,A/RL/AL,modality,time_resolved_trial_response,glm_clean,balanced_accuracy,21,0.38817364300963964,1.0351297146923724,0.7050925925925926,0.08341045813774771,0.041705229068873854,4,102.25,69,135
g2post,A/RL/AL,modality,time_resolved_trial_response,glm_clean,balanced_accuracy,22,0.4528692501779129,1.0351297146923724,0.7215277777777778,0.07330766713214007,0.036653833566070035,4,102.25,69,135
g2post,A/RL/AL,modality,time_resolved_trial_response,glm_clean,balanced_accuracy,23,0.5175648573461862,1.0351297146923724,0.7347222222222223,0.07654258761196686,0.03827129380598343,4,102.25,69,135
g2post,A/RL/AL,modality,time_resolved_trial_response,glm_clean,balanced_accuracy,24,0.5822604645144595,1.0351297146923724,0.7620370370370371,0.08097838512147285,0.04048919256073642,4,102.25,69,135
g2post,A/RL/AL,modality,time_resolved_trial_response,glm_clean,balanced_accuracy,25,0.6469560716827327,1.0351297146923724,0.768287037037037,0.08646507299329959,0.04323253649664979,4,102.25,69,135
g2post,A/RL/AL,modality,time_resolved_trial_response,glm_clean,balanced_accuracy,26,0.711651678851006,1.0351297146923724,0.7703703703703704,0.08722399148948655,0.043611995744743275,4,102.25,69,135
g2post,A/RL/AL,modality,time_resolved_trial_response,glm_clean,balanced_accuracy,27,0.7763472860192793,1.0351297146923724,0.7710648148148148,0.07165564004239783,0.035827820021198914,4,102.25,69,135
g2post,A/RL/AL,modality,time_resolved_trial_response,glm_clean,balanced_accuracy,28,0.8410428931875525,1.0351297146923724,0.7761574074074075,0.08398365930180153,0.041991829650900765,4,102.25,69,135
g2post,A/RL/AL,modality,time_resolved_trial_response,glm_clean,balanced_accuracy,29,0.9057385003558258,1.0351297146923724,0.7944444444444445,0.07296625298090946,0.03648312649045473,4,102.25,69,135
g2post,A/RL/AL,modality,time_resolved_trial_response,glm_clean,balanced_accuracy,30,0.9704341075240991,1.0351297146923724,0.7840277777777778,0.08896722050132365,0.044483610250661824,4,102.25,69,135
g2post,A/RL/AL,modality,time_resolved_trial_response,glm_clean,balanced_accuracy,31,1.0351297146923724,1.0351297146923724,0.7844907407407408,0.08562478827251133,0.04281239413625566,4,102.25,69,135
g2post,A/RL/AL,modality,time_resolved_trial_response,glm_clean,balanced_accuracy,32,1.0998253218606455,1.0351297146923724,0.7796296296296297,0.0782064904214025,0.03910324521070125,4,102.25,69,135
g2post,A/RL/AL,modality,time_resolved_trial_response,glm_clean,balanced_accuracy,33,1.164520929028919,1.0351297146923724,0.7900462962962963,0.08222644508675384,0.04111322254337692,4,102.25,69,135
g2post,A/RL/AL,modality,time_resolved_trial_response,glm_clean,balanced_accuracy,34,1.229216536197192,1.0351297146923724,0.7833333333333333,0.07556750692211171,0.037783753461055856,4,102.25,69,135
g2post,A/RL/AL,modality,time_resolved_trial_response,glm_clean,balanced_accuracy,35,1.2939121433654655,1.0351297146923724,0.7868055555555555,0.07590475088644358,0.03795237544322179,4,102.25,69,135
g2post,A/RL/AL,modality,time_resolved_trial_response,glm_clean,balanced_accuracy,36,1.3586077505337386,1.0351297146923724,0.7740740740740741,0.07334907550201612,0.03667453775100806,4,102.25,69,135
g2post,A/RL/AL,modality,time_resolved_trial_response,glm_clean,balanced_accuracy,37,1.423303357702012,1.0351297146923724,0.7592592592592592,0.07737624158470163,0.038688120792350816,4,102.25,69,135
g2post,A/RL/AL,modality,time_resolved_trial_response,glm_clean,balanced_accuracy,38,1.4879989648702852,1.0351297146923724,0.7504629629629629,0.0727996071933006,0.0363998035966503,4,102.25,69,135
g2post,A/RL/AL,modality,time_resolved_trial_response,glm_clean,balanced_accuracy,39,1.5526945720385585,1.0351297146923724,0.7418981481481481,0.07191043414937709,0.035955217074688545,4,102.25,69,135
g2post,A/RL/AL,modality,time_resolved_trial_response,glm_clean,balanced_accuracy,40,1.6173901792068317,1.0351297146923724,0.7266203703703704,0.09019543569905254,0.04509771784952627,4,102.25,69,135
g2post,A/RL/AL,modality,time_resolved_trial_response,glm_clean,balanced_accuracy,41,1.682085786375105,1.0351297146923724,0.7263888888888889,0.07972467769838057,0.039862338849190285,4,102.25,69,135
g2post,A/RL/AL,modality,time_resolved_trial_response,glm_clean,balanced_accuracy,42,1.7467813935433782,1.0351297146923724,0.7092592592592593,0.09695583729204911,0.048477918646024555,4,102.25,69,135
g2post,A/RL/AL,modality,time_resolved_trial_response,glm_clean,balanced_accuracy,43,1.8114770007116516,1.0351297146923724,0.6993055555555556,0.08539418470234686,0.04269709235117343,4,102.25,69,135
g2post,A/RL/AL,modality,time_resolved_trial_response,glm_clean,balanced_accuracy,44,1.8761726078799248,1.0351297146923724,0.6715277777777778,0.0988571381728115,0.04942856908640575,4,102.25,69,135
g2post,A/RL/AL,modality,time_resolved_trial_response,glm_clean,balanced_accuracy,45,1.9408682150481982,1.0351297146923724,0.642824074074074,0.08580815883968605,0.042904079419843026,4,102.25,69,135
g2post,A/RL/AL,modality,time_resolved_trial_response,glm_clean,balanced_accuracy,46,2.0055638222164713,1.0351297146923724,0.6178240740740741,0.08523339685081688,0.04261669842540844,4,102.25,69,135
g2post,A/RL/AL,trial_type,time_resolved_trial_response,glm_clean,balanced_accuracy,0,-0.9704341075240991,1.0351297146923724,0.12291666666666667,0.016057541848170948,0.008028770924085474,4,102.25,69,135
g2post,A/RL/AL,trial_type,time_resolved_trial_response,glm_clean,balanced_accuracy,1,-0.9057385003558258,1.0351297146923724,0.13402777777777777,0.015445210479270633,0.007722605239635316,4,102.25,69,135
g2post,A/RL/AL,trial_type,time_resolved_trial_response,glm_clean,balanced_accuracy,2,-0.8410428931875525,1.0351297146923724,0.12708333333333333,0.010174657859183294,0.005087328929591647,4,102.25,69,135
g2post,A/RL/AL,trial_type,time_resolved_trial_response,glm_clean,balanced_accuracy,3,-0.7763472860192793,1.0351297146923724,0.12256944444444444,0.017908051330871696,0.008954025665435848,4,102.25,69,135
g2post,A/RL/AL,trial_type,time_resolved_trial_response,glm_clean,balanced_accuracy,4,-0.711651678851006,1.0351297146923724,0.1326388888888889,0.012904962837746635,0.0064524814188733175,4,102.25,69,135
g2post,A/RL/AL,trial_type,time_resolved_trial_response,glm_clean,balanced_accuracy,5,-0.6469560716827327,1.0351297146923724,0.11979166666666666,0.014226227372971715,0.007113113686485858,4,102.25,69,135
g2post,A/RL/AL,trial_type,time_resolved_trial_response,glm_clean,balanced_accuracy,6,-0.5822604645144595,1.0351297146923724,0.12395833333333334,0.010354754280715299,0.0051773771403576495,4,102.25,69,135
g2post,A/RL/AL,trial_type,time_resolved_trial_response,glm_clean,balanced_accuracy,7,-0.5175648573461862,1.0351297146923724,0.11701388888888889,0.013578712385243028,0.006789356192621514,4,102.25,69,135
g2post,A/RL/AL,trial_type,time_resolved_trial_response,glm_clean,balanced_accuracy,8,-0.4528692501779129,1.0351297146923724,0.12881944444444446,0.014845526615577736,0.007422763307788868,4,102.25,69,135
g2post,A/RL/AL,trial_type,time_resolved_trial_response,glm_clean,balanced_accuracy,9,-0.38817364300963964,1.0351297146923724,0.12395833333333334,0.003824701768948692,0.001912350884474346,4,102.25,69,135
g2post,A/RL/AL,trial_type,time_resolved_trial_response,glm_clean,balanced_accuracy,10,-0.32347803584136636,1.0351297146923724,0.13402777777777777,0.013725895444790375,0.006862947722395187,4,102.25,69,135
g2post,A/RL/AL,trial_type,time_resolved_trial_response,glm_clean,balanced_accuracy,11,-0.2587824286730931,1.0351297146923724,0.12881944444444443,0.01576964937986212,0.00788482468993106,4,102.25,69,135
g2post,A/RL/AL,trial_type,time_resolved_trial_response,glm_clean,balanced_accuracy,12,-0.19408682150481982,1.0351297146923724,0.12083333333333333,0.017750268067297053,0.008875134033648526,4,102.25,69,135
g2post,A/RL/AL,trial_type,time_resolved_trial_response,glm_clean,balanced_accuracy,13,-0.12939121433654655,1.0351297146923724,0.12395833333333334,0.009169121444601103,0.0045845607223005515,4,102.25,69,135
g2post,A/RL/AL,trial_type,time_resolved_trial_response,glm_clean,balanced_accuracy,14,-0.06469560716827327,1.0351297146923724,0.1315972222222222,0.012798644395165823,0.006399322197582912,4,102.25,69,135
g2post,A/RL/AL,trial_type,time_resolved_trial_response,glm_clean,balanced_accuracy,15,0.0,1.0351297146923724,0.13819444444444445,0.0048776174781725535,0.0024388087390862768,4,102.25,69,135
g2post,A/RL/AL,trial_type,time_resolved_trial_response,glm_clean,balanced_accuracy,16,0.06469560716827327,1.0351297146923724,0.13854166666666665,0.010600234390606766,0.005300117195303383,4,102.25,69,135
g2post,A/RL/AL,trial_type,time_resolved_trial_response,glm_clean,balanced_accuracy,17,0.12939121433654655,1.0351297146923724,0.1298611111111111,0.00991865059519841,0.004959325297599205,4,102.25,69,135
g2post,A/RL/AL,trial_type,time_resolved_trial_response,glm_clean,balanced_accuracy,18,0.19408682150481982,1.0351297146923724,0.20451388888888888,0.030563445950924174,0.015281722975462087,4,102.25,69,135
g2post,A/RL/AL,trial_type,time_resolved_trial_response,glm_clean,balanced_accuracy,19,0.2587824286730931,1.0351297146923724,0.3017361111111111,0.08135281560582819,0.040676407802914094,4,102.25,69,135
g2post,A/RL/AL,trial_type,time_resolved_trial_response,glm_clean,balanced_accuracy,20,0.32347803584136636,1.0351297146923724,0.3506944444444445,0.06952310359985646,0.03476155179992823,4,102.25,69,135
g2post,A/RL/AL,trial_type,time_resolved_trial_response,glm_clean,balanced_accuracy,21,0.38817364300963964,1.0351297146923724,0.4065972222222222,0.06209617482569714,0.03104808741284857,4,102.25,69,135
g2post,A/RL/AL,trial_type,time_resolved_trial_response,glm_clean,balanced_accuracy,22,0.4528692501779129,1.0351297146923724,0.4190972222222222,0.06193027366560152,0.03096513683280076,4,102.25,69,135
g2post,A/RL/AL,trial_type,time_resolved_trial_response,glm_clean,balanced_accuracy,23,0.5175648573461862,1.0351297146923724,0.46215277777777786,0.09215201896195999,0.04607600948097999,4,102.25,69,135
g2post,A/RL/AL,trial_type,time_resolved_trial_response,glm_clean,balanced_accuracy,24,0.5822604645144595,1.0351297146923724,0.47604166666666664,0.09298556654889917,0.046492783274449584,4,102.25,69,135
g2post,A/RL/AL,trial_type,time_resolved_trial_response,glm_clean,balanced_accuracy,25,0.6469560716827327,1.0351297146923724,0.47777777777777786,0.1139058252989594,0.0569529126494797,4,102.25,69,135
g2post,A/RL/AL,trial_type,time_resolved_trial_response,glm_clean,balanced_accuracy,26,0.711651678851006,1.0351297146923724,0.46597222222222223,0.07729263376653625,0.038646316883268125,4,102.25,69,135
g2post,A/RL/AL,trial_type,time_resolved_trial_response,glm_clean,balanced_accuracy,27,0.7763472860192793,1.0351297146923724,0.4645833333333333,0.08886356699511135,0.04443178349755567,4,102.25,69,135
g2post,A/RL/AL,trial_type,time_resolved_trial_response,glm_clean,balanced_accuracy,28,0.8410428931875525,1.0351297146923724,0.4604166666666667,0.08956269500996804,0.04478134750498402,4,102.25,69,135
g2post,A/RL/AL,trial_type,time_resolved_trial_response,glm_clean,balanced_accuracy,29,0.9057385003558258,1.0351297146923724,0.47291666666666665,0.0889069715403543,0.04445348577017715,4,102.25,69,135
g2post,A/RL/AL,trial_type,time_resolved_trial_response,glm_clean,balanced_accuracy,30,0.9704341075240991,1.0351297146923724,0.46944444444444444,0.10169600871863363,0.050848004359316815,4,102.25,69,135
g2post,A/RL/AL,trial_type,time_resolved_trial_response,glm_clean,balanced_accuracy,31,1.0351297146923724,1.0351297146923724,0.48784722222222227,0.09695316606209946,0.04847658303104973,4,102.25,69,135
g2post,A/RL/AL,trial_type,time_resolved_trial_response,glm_clean,balanced_accuracy,32,1.0998253218606455,1.0351297146923724,0.46562499999999996,0.09070323535184488,0.04535161767592244,4,102.25,69,135
g2post,A/RL/AL,trial_type,time_resolved_trial_response,glm_clean,balanced_accuracy,33,1.164520929028919,1.0351297146923724,0.47152777777777777,0.11535026725750834,0.05767513362875417,4,102.25,69,135
g2post,A/RL/AL,trial_type,time_resolved_trial_response,glm_clean,balanced_accuracy,34,1.229216536197192,1.0351297146923724,0.471875,0.09788382690699647,0.048941913453498236,4,102.25,69,135
g2post,A/RL/AL,trial_type,time_resolved_trial_response,glm_clean,balanced_accuracy,35,1.2939121433654655,1.0351297146923724,0.47847222222222224,0.1043393630174975,0.05216968150874875,4,102.25,69,135
g2post,A/RL/AL,trial_type,time_resolved_trial_response,glm_clean,balanced_accuracy,36,1.3586077505337386,1.0351297146923724,0.46979166666666666,0.09088028999212917,0.04544014499606459,4,102.25,69,135
g2post,A/RL/AL,trial_type,time_resolved_trial_response,glm_clean,balanced_accuracy,37,1.423303357702012,1.0351297146923724,0.4423611111111111,0.09507212445157949,0.047536062225789745,4,102.25,69,135
g2post,A/RL/AL,trial_type,time_resolved_trial_response,glm_clean,balanced_accuracy,38,1.4879989648702852,1.0351297146923724,0.4253472222222222,0.10638910042528041,0.053194550212640204,4,102.25,69,135
g2post,A/RL/AL,trial_type,time_resolved_trial_response,glm_clean,balanced_accuracy,39,1.5526945720385585,1.0351297146923724,0.41250000000000003,0.11490625092682129,0.057453125463410644,4,102.25,69,135
g2post,A/RL/AL,trial_type,time_resolved_trial_response,glm_clean,balanced_accuracy,40,1.6173901792068317,1.0351297146923724,0.40694444444444444,0.09498754520912712,0.04749377260456356,4,102.25,69,135
g2post,A/RL/AL,trial_type,time_resolved_trial_response,glm_clean,balanced_accuracy,41,1.682085786375105,1.0351297146923724,0.4027777777777778,0.10229491175612508,0.05114745587806254,4,102.25,69,135
g2post,A/RL/AL,trial_type,time_resolved_trial_response,glm_clean,balanced_accuracy,42,1.7467813935433782,1.0351297146923724,0.3885416666666667,0.10760901616538598,0.05380450808269299,4,102.25,69,135
g2post,A/RL/AL,trial_type,time_resolved_trial_response,glm_clean,balanced_accuracy,43,1.8114770007116516,1.0351297146923724,0.37222222222222223,0.09685778255335122,0.04842889127667561,4,102.25,69,135
g2post,A/RL/AL,trial_type,time_resolved_trial_response,glm_clean,balanced_accuracy,44,1.8761726078799248,1.0351297146923724,0.3513888888888889,0.09568224805361021,0.047841124026805106,4,102.25,69,135
g2post,A/RL/AL,trial_type,time_resolved_trial_response,glm_clean,balanced_accuracy,45,1.9408682150481982,1.0351297146923724,0.33715277777777775,0.08068615690214688,0.04034307845107344,4,102.25,69,135
g2post,A/RL/AL,trial_type,time_resolved_trial_response,glm_clean,balanced_accuracy,46,2.0055638222164713,1.0351297146923724,0.3111111111111111,0.08904066902680334,0.04452033451340167,4,102.25,69,135
g2post,A/RL/AL,visual_direction,time_resolved_trial_response,glm_clean,balanced_accuracy,0,-0.9704341075240991,1.0351297146923724,0.5013888888888889,0.020917183796120262,0.010458591898060131,4,102.25,69,135
g2post,A/RL/AL,visual_direction,time_resolved_trial_response,glm_clean,balanced_accuracy,1,-0.9057385003558258,1.0351297146923724,0.5101851851851852,0.014620641089292624,0.007310320544646312,4,102.25,69,135
g2post,A/RL/AL,visual_direction,time_resolved_trial_response,glm_clean,balanced_accuracy,2,-0.8410428931875525,1.0351297146923724,0.5087962962962963,0.02041941346546063,0.010209706732730315,4,102.25,69,135
g2post,A/RL/AL,visual_direction,time_resolved_trial_response,glm_clean,balanced_accuracy,3,-0.7763472860192793,1.0351297146923724,0.4981481481481481,0.01614407016126178,0.00807203508063089,4,102.25,69,135
g2post,A/RL/AL,visual_direction,time_resolved_trial_response,glm_clean,balanced_accuracy,4,-0.711651678851006,1.0351297146923724,0.5078703703703704,0.036863017106285895,0.018431508553142947,4,102.25,69,135
g2post,A/RL/AL,visual_direction,time_resolved_trial_response,glm_clean,balanced_accuracy,5,-0.6469560716827327,1.0351297146923724,0.47638888888888886,0.02504568299835601,0.012522841499178004,4,102.25,69,135
g2post,A/RL/AL,visual_direction,time_resolved_trial_response,glm_clean,balanced_accuracy,6,-0.5822604645144595,1.0351297146923724,0.5101851851851852,0.024822184275164322,0.012411092137582161,4,102.25,69,135
g2post,A/RL/AL,visual_direction,time_resolved_trial_response,glm_clean,balanced_accuracy,7,-0.5175648573461862,1.0351297146923724,0.499537037037037,0.019326508894386786,0.009663254447193393,4,102.25,69,135
g2post,A/RL/AL,visual_direction,time_resolved_trial_response,glm_clean,balanced_accuracy,8,-0.4528692501779129,1.0351297146923724,0.5074074074074074,0.006590789044463771,0.0032953945222318854,4,102.25,69,135
g2post,A/RL/AL,visual_direction,time_resolved_trial_response,glm_clean,balanced_accuracy,9,-0.38817364300963964,1.0351297146923724,0.475462962962963,0.034325927790832066,0.017162963895416033,4,102.25,69,135
g2post,A/RL/AL,visual_direction,time_resolved_trial_response,glm_clean,balanced_accuracy,10,-0.32347803584136636,1.0351297146923724,0.5152777777777778,0.014453542560454452,0.007226771280227226,4,102.25,69,135
g2post,A/RL/AL,visual_direction,time_resolved_trial_response,glm_clean,balanced_accuracy,11,-0.2587824286730931,1.0351297146923724,0.5125000000000001,0.019444444444444483,0.009722222222222241,4,102.25,69,135
g2post,A/RL/AL,visual_direction,time_resolved_trial_response,glm_clean,balanced_accuracy,12,-0.19408682150481982,1.0351297146923724,0.49398148148148147,0.04288346732188668,0.02144173366094334,4,102.25,69,135
g2post,A/RL/AL,visual_direction,time_resolved_trial_response,glm_clean,balanced_accuracy,13,-0.12939121433654655,1.0351297146923724,0.4888888888888889,0.004781460921243735,0.0023907304606218677,4,102.25,69,135
g2post,A/RL/AL,visual_direction,time_resolved_trial_response,glm_clean,balanced_accuracy,14,-0.06469560716827327,1.0351297146923724,0.4902777777777778,0.018041700920587028,0.009020850460293514,4,102.25,69,135
g2post,A/RL/AL,visual_direction,time_resolved_trial_response,glm_clean,balanced_accuracy,15,0.0,1.0351297146923724,0.5143518518518518,0.015957118462605578,0.007978559231302789,4,102.25,69,135
g2post,A/RL/AL,visual_direction,time_resolved_trial_response,glm_clean,balanced_accuracy,16,0.06469560716827327,1.0351297146923724,0.5064814814814815,0.030183859699747295,0.015091929849873648,4,102.25,69,135
g2post,A/RL/AL,visual_direction,time_resolved_trial_response,glm_clean,balanced_accuracy,17,0.12939121433654655,1.0351297146923724,0.5023148148148148,0.030518121476501542,0.015259060738250771,4,102.25,69,135
g2post,A/RL/AL,visual_direction,time_resolved_trial_response,glm_clean,balanced_accuracy,18,0.19408682150481982,1.0351297146923724,0.5287037037037037,0.05092873168477356,0.02546436584238678,4,102.25,69,135
g2post,A/RL/AL,visual_direction,time_resolved_trial_response,glm_clean,balanced_accuracy,19,0.2587824286730931,1.0351297146923724,0.6680555555555556,0.10831222755258453,0.054156113776292265,4,102.25,69,135
g2post,A/RL/AL,visual_direction,time_resolved_trial_response,glm_clean,balanced_accuracy,20,0.32347803584136636,1.0351297146923724,0.7768518518518518,0.12017077468820457,0.060085387344102285,4,102.25,69,135
g2post,A/RL/AL,visual_direction,time_resolved_trial_response,glm_clean,balanced_accuracy,21,0.38817364300963964,1.0351297146923724,0.8634259259259258,0.07748880769367227,0.03874440384683613,4,102.25,69,135
g2post,A/RL/AL,visual_direction,time_resolved_trial_response,glm_clean,balanced_accuracy,22,0.4528692501779129,1.0351297146923724,0.8981481481481483,0.05834557974526953,0.029172789872634764,4,102.25,69,135
g2post,A/RL/AL,visual_direction,time_resolved_trial_response,glm_clean,balanced_accuracy,23,0.5175648573461862,1.0351297146923724,0.9407407407407407,0.042552315900281655,0.021276157950140828,4,102.25,69,135
g2post,A/RL/AL,visual_direction,time_resolved_trial_response,glm_clean,balanced_accuracy,24,0.5822604645144595,1.0351297146923724,0.9481481481481482,0.05147570799849224,0.02573785399924612,4,102.25,69,135
g2post,A/RL/AL,visual_direction,time_resolved_trial_response,glm_clean,balanced_accuracy,25,0.6469560716827327,1.0351297146923724,0.9490740740740742,0.05454848545707495,0.027274242728537474,4,102.25,69,135
g2post,A/RL/AL,visual_direction,time_resolved_trial_response,glm_clean,balanced_accuracy,26,0.711651678851006,1.0351297146923724,0.9259259259259259,0.06132584793590021,0.030662923967950104,4,102.25,69,135
g2post,A/RL/AL,visual_direction,time_resolved_trial_response,glm_clean,balanced_accuracy,27,0.7763472860192793,1.0351297146923724,0.9125,0.0749542613160692,0.0374771306580346,4,102.25,69,135
g2post,A/RL/AL,visual_direction,time_resolved_trial_response,glm_clean,balanced_accuracy,28,0.8410428931875525,1.0351297146923724,0.9115740740740741,0.07919599124779658,0.03959799562389829,4,102.25,69,135
g2post,A/RL/AL,visual_direction,time_resolved_trial_response,glm_clean,balanced_accuracy,29,0.9057385003558258,1.0351297146923724,0.9166666666666666,0.0779832676412531,0.03899163382062655,4,102.25,69,135
g2post,A/RL/AL,visual_direction,time_resolved_trial_response,glm_clean,balanced_accuracy,30,0.9704341075240991,1.0351297146923724,0.9342592592592592,0.05853140973807077,0.029265704869035385,4,102.25,69,135
g2post,A/RL/AL,visual_direction,time_resolved_trial_response,glm_clean,balanced_accuracy,31,1.0351297146923724,1.0351297146923724,0.9208333333333334,0.0757733335650547,0.03788666678252735,4,102.25,69,135
g2post,A/RL/AL,visual_direction,time_resolved_trial_response,glm_clean,balanced_accuracy,32,1.0998253218606455,1.0351297146923724,0.9185185185185185,0.07249867948910153,0.03624933974455077,4,102.25,69,135
g2post,A/RL/AL,visual_direction,time_resolved_trial_response,glm_clean,balanced_accuracy,33,1.164520929028919,1.0351297146923724,0.9222222222222223,0.07418202011208905,0.037091010056044524,4,102.25,69,135
g2post,A/RL/AL,visual_direction,time_resolved_trial_response,glm_clean,balanced_accuracy,34,1.229216536197192,1.0351297146923724,0.912962962962963,0.08428130223131967,0.04214065111565984,4,102.25,69,135
g2post,A/RL/AL,visual_direction,time_resolved_trial_response,glm_clean,balanced_accuracy,35,1.2939121433654655,1.0351297146923724,0.8986111111111111,0.09140441348119294,0.04570220674059647,4,102.25,69,135
g2post,A/RL/AL,visual_direction,time_resolved_trial_response,glm_clean,balanced_accuracy,36,1.3586077505337386,1.0351297146923724,0.8935185185185185,0.09204157029847264,0.04602078514923632,4,102.25,69,135
g2post,A/RL/AL,visual_direction,time_resolved_trial_response,glm_clean,balanced_accuracy,37,1.423303357702012,1.0351297146923724,0.8648148148148147,0.09576061832479925,0.047880309162399624,4,102.25,69,135
g2post,A/RL/AL,visual_direction,time_resolved_trial_response,glm_clean,balanced_accuracy,38,1.4879989648702852,1.0351297146923724,0.8689814814814816,0.09453971229936182,0.04726985614968091,4,102.25,69,135
g2post,A/RL/AL,visual_direction,time_resolved_trial_response,glm_clean,balanced_accuracy,39,1.5526945720385585,1.0351297146923724,0.8564814814814815,0.08513820497311886,0.04256910248655943,4,102.25,69,135
g2post,A/RL/AL,visual_direction,time_resolved_trial_response,glm_clean,balanced_accuracy,40,1.6173901792068317,1.0351297146923724,0.8361111111111111,0.11236433164922746,0.05618216582461373,4,102.25,69,135
g2post,A/RL/AL,visual_direction,time_resolved_trial_response,glm_clean,balanced_accuracy,41,1.682085786375105,1.0351297146923724,0.8097222222222222,0.11224091234982536,0.05612045617491268,4,102.25,69,135
g2post,A/RL/AL,visual_direction,time_resolved_trial_response,glm_clean,balanced_accuracy,42,1.7467813935433782,1.0351297146923724,0.8004629629629629,0.12276697716119984,0.06138348858059992,4,102.25,69,135
g2post,A/RL/AL,visual_direction,time_resolved_trial_response,glm_clean,balanced_accuracy,43,1.8114770007116516,1.0351297146923724,0.7902777777777777,0.11908021795489257,0.059540108977446285,4,102.25,69,135
g2post,A/RL/AL,visual_direction,time_resolved_trial_response,glm_clean,balanced_accuracy,44,1.8761726078799248,1.0351297146923724,0.7861111111111111,0.11360875916951378,0.05680437958475689,4,102.25,69,135
g2post,A/RL/AL,visual_direction,time_resolved_trial_response,glm_clean,balanced_accuracy,45,1.9408682150481982,1.0351297146923724,0.7601851851851852,0.1266906698793421,0.06334533493967105,4,102.25,69,135
g2post,A/RL/AL,visual_direction,time_resolved_trial_response,glm_clean,balanced_accuracy,46,2.0055638222164713,1.0351297146923724,0.7625,0.11142317288961981,0.055711586444809905,4,102.25,69,135
g2post,AM/PM,auditory_direction,time_resolved_trial_response,glm_clean,balanced_accuracy,0,-0.9704341075240991,1.0351297146923724,0.46111111111111114,0.049759366083497764,0.03518518518518517,2,188.0,181,195
g2post,AM/PM,auditory_direction,time_resolved_trial_response,glm_clean,balanced_accuracy,1,-0.9057385003558258,1.0351297146923724,0.4981481481481482,0.013094570021973083,0.009259259259259245,2,188.0,181,195
g2post,AM/PM,auditory_direction,time_resolved_trial_response,glm_clean,balanced_accuracy,2,-0.8410428931875525,1.0351297146923724,0.5064814814814815,0.01178511301977581,0.008333333333333345,2,188.0,181,195
g2post,AM/PM,auditory_direction,time_resolved_trial_response,glm_clean,balanced_accuracy,3,-0.7763472860192793,1.0351297146923724,0.4898148148148148,0.01178511301977575,0.008333333333333304,2,188.0,181,195
g2post,AM/PM,auditory_direction,time_resolved_trial_response,glm_clean,balanced_accuracy,4,-0.711651678851006,1.0351297146923724,0.5240740740740741,0.03142696805273553,0.022222222222222282,2,188.0,181,195
g2post,AM/PM,auditory_direction,time_resolved_trial_response,glm_clean,balanced_accuracy,5,-0.6469560716827327,1.0351297146923724,0.4898148148148148,0.0065472850109865605,0.004629629629629636,2,188.0,181,195
g2post,AM/PM,auditory_direction,time_resolved_trial_response,glm_clean,balanced_accuracy,6,-0.5822604645144595,1.0351297146923724,0.499074074074074,0.03797425306372205,0.02685185185185189,2,188.0,181,195
g2post,AM/PM,auditory_direction,time_resolved_trial_response,glm_clean,balanced_accuracy,7,-0.5175648573461862,1.0351297146923724,0.5046296296296297,0.01178511301977581,0.008333333333333345,2,188.0,181,195
g2post,AM/PM,auditory_direction,time_resolved_trial_response,glm_clean,balanced_accuracy,8,-0.4528692501779129,1.0351297146923724,0.49444444444444446,0.03142696805273549,0.022222222222222254,2,188.0,181,195
g2post,AM/PM,auditory_direction,time_resolved_trial_response,glm_clean,balanced_accuracy,9,-0.38817364300963964,1.0351297146923724,0.49444444444444446,0.015713484026367668,0.011111111111111072,2,188.0,181,195
g2post,AM/PM,auditory_direction,time_resolved_trial_response,glm_clean,balanced_accuracy,10,-0.32347803584136636,1.0351297146923724,0.5296296296296297,1.1102230246251565e-16,7.850462293418876e-17,2,188.0,181,195
g2post,AM/PM,auditory_direction,time_resolved_trial_response,glm_clean,balanced_accuracy,11,-0.2587824286730931,1.0351297146923724,0.5120370370370371,0.022260769037354366,0.015740740740740805,2,188.0,181,195
g2post,AM/PM,auditory_direction,time_resolved_trial_response,glm_clean,balanced_accuracy,12,-0.19408682150481982,1.0351297146923724,0.47870370370370374,0.03797425306372193,0.026851851851851807,2,188.0,181,195
g2post,AM/PM,auditory_direction,time_resolved_trial_response,glm_clean,balanced_accuracy,13,-0.12939121433654655,1.0351297146923724,0.5277777777777778,0.05237828008789246,0.03703703703703708,2,188.0,181,195
g2post,AM/PM,auditory_direction,time_resolved_trial_response,glm_clean,balanced_accuracy,14,-0.06469560716827327,1.0351297146923724,0.5194444444444445,0.03535533905932741,0.025000000000000022,2,188.0,181,195
g2post,AM/PM,auditory_direction,time_resolved_trial_response,glm_clean,balanced_accuracy,15,0.0,1.0351297146923724,0.48055555555555557,0.024879683041748913,0.017592592592592604,2,188.0,181,195
g2post,AM/PM,auditory_direction,time_resolved_trial_response,glm_clean,balanced_accuracy,16,0.06469560716827327,1.0351297146923724,0.5018518518518518,0.03142696805273547,0.02222222222222224,2,188.0,181,195
g2post,AM/PM,auditory_direction,time_resolved_trial_response,glm_clean,balanced_accuracy,17,0.12939121433654655,1.0351297146923724,0.46759259259259256,0.017022941028564997,0.012037037037037013,2,188.0,181,195
g2post,AM/PM,auditory_direction,time_resolved_trial_response,glm_clean,balanced_accuracy,18,0.19408682150481982,1.0351297146923724,0.5277777777777777,0.02880805404834079,0.020370370370370344,2,188.0,181,195
g2post,AM/PM,auditory_direction,time_resolved_trial_response,glm_clean,balanced_accuracy,19,0.2587824286730931,1.0351297146923724,0.5157407407407407,0.003928371006591917,0.002777777777777768,2,188.0,181,195
g2post,AM/PM,auditory_direction,time_resolved_trial_response,glm_clean,balanced_accuracy,20,0.32347803584136636,1.0351297146923724,0.5814814814814814,0.015713484026367824,0.011111111111111183,2,188.0,181,195
g2post,AM/PM,auditory_direction,time_resolved_trial_response,glm_clean,balanced_accuracy,21,0.38817364300963964,1.0351297146923724,0.6444444444444446,0.00785674201318395,0.005555555555555619,2,188.0,181,195
g2post,AM/PM,auditory_direction,time_resolved_trial_response,glm_clean,balanced_accuracy,22,0.4528692501779129,1.0351297146923724,0.6203703703703705,0.026189140043946284,0.018518518518518573,2,188.0,181,195
g2post,AM/PM,auditory_direction,time_resolved_trial_response,glm_clean,balanced_accuracy,23,0.5175648573461862,1.0351297146923724,0.6351851851851852,0.034045882057130154,0.024074074074074137,2,188.0,181,195
g2post,AM/PM,auditory_direction,time_resolved_trial_response,glm_clean,balanced_accuracy,24,0.5822604645144595,1.0351297146923724,0.6175925925925926,0.05368773709008974,0.037962962962962976,2,188.0,181,195
g2post,AM/PM,auditory_direction,time_resolved_trial_response,glm_clean,balanced_accuracy,25,0.6469560716827327,1.0351297146923724,0.6157407407407407,0.03011751105053812,0.021296296296296285,2,188.0,181,195
g2post,AM/PM,auditory_direction,time_resolved_trial_response,glm_clean,balanced_accuracy,26,0.711651678851006,1.0351297146923724,0.5861111111111111,0.07463904912524673,0.05277777777777781,2,188.0,181,195
g2post,AM/PM,auditory_direction,time_resolved_trial_response,glm_clean,balanced_accuracy,27,0.7763472860192793,1.0351297146923724,0.6240740740740741,0.03142696805273549,0.022222222222222254,2,188.0,181,195
g2post,AM/PM,auditory_direction,time_resolved_trial_response,glm_clean,balanced_accuracy,28,0.8410428931875525,1.0351297146923724,0.6296296296296298,0.01047565601757838,0.007407407407407335,2,188.0,181,195
g2post,AM/PM,auditory_direction,time_resolved_trial_response,glm_clean,balanced_accuracy,29,0.9057385003558258,1.0351297146923724,0.6240740740740742,0.018332398030762292,0.012962962962962926,2,188.0,181,195
g2post,AM/PM,auditory_direction,time_resolved_trial_response,glm_clean,balanced_accuracy,30,0.9704341075240991,1.0351297146923724,0.586111111111111,0.030117511050538236,0.02129629629629637,2,188.0,181,195
g2post,AM/PM,auditory_direction,time_resolved_trial_response,glm_clean,balanced_accuracy,31,1.0351297146923724,1.0351297146923724,0.5842592592592593,0.032736425054932745,0.02314814814814814,2,188.0,181,195
g2post,AM/PM,auditory_direction,time_resolved_trial_response,glm_clean,balanced_accuracy,32,1.0998253218606455,1.0351297146923724,0.5694444444444444,0.001309457002197371,0.0009259259259259689,2,188.0,181,195
g2post,AM/PM,auditory_direction,time_resolved_trial_response,glm_clean,balanced_accuracy,33,1.164520929028919,1.0351297146923724,0.5666666666666667,0.013094570021973003,0.00925925925925919,2,188.0,181,195
g2post,AM/PM,auditory_direction,time_resolved_trial_response,glm_clean,balanced_accuracy,34,1.229216536197192,1.0351297146923724,0.576851851851852,0.03797425306372207,0.026851851851851904,2,188.0,181,195
g2post,AM/PM,auditory_direction,time_resolved_trial_response,glm_clean,balanced_accuracy,35,1.2939121433654655,1.0351297146923724,0.5833333333333333,0.02357022603955154,0.016666666666666635,2,188.0,181,195
g2post,AM/PM,auditory_direction,time_resolved_trial_response,glm_clean,balanced_accuracy,36,1.3586077505337386,1.0351297146923724,0.6092592592592592,0.04452153807470853,0.03148148148148147,2,188.0,181,195
g2post,AM/PM,auditory_direction,time_resolved_trial_response,glm_clean,balanced_accuracy,37,1.423303357702012,1.0351297146923724,0.575,0.01702294102856496,0.012037037037036985,2,188.0,181,195
g2post,AM/PM,auditory_direction,time_resolved_trial_response,glm_clean,balanced_accuracy,38,1.4879989648702852,1.0351297146923724,0.5527777777777778,0.0013094570021972532,0.0009259259259258856,2,188.0,181,195
g2post,AM/PM,auditory_direction,time_resolved_trial_response,glm_clean,balanced_accuracy,39,1.5526945720385585,1.0351297146923724,0.5546296296296297,0.027498597046143575,0.019444444444444486,2,188.0,181,195
g2post,AM/PM,auditory_direction,time_resolved_trial_response,glm_clean,balanced_accuracy,40,1.6173901792068317,1.0351297146923724,0.5407407407407407,0.010475656017578458,0.00740740740740739,2,188.0,181,195
g2post,AM/PM,auditory_direction,time_resolved_trial_response,glm_clean,balanced_accuracy,41,1.682085786375105,1.0351297146923724,0.5481481481481482,0.052378280087892484,0.03703703703703709,2,188.0,181,195
g2post,AM/PM,auditory_direction,time_resolved_trial_response,glm_clean,balanced_accuracy,42,1.7467813935433782,1.0351297146923724,0.5564814814814816,0.014404027024170374,0.010185185185185158,2,188.0,181,195
g2post,AM/PM,auditory_direction,time_resolved_trial_response,glm_clean,balanced_accuracy,43,1.8114770007116516,1.0351297146923724,0.549074074074074,0.0013094570021974102,0.0009259259259259967,2,188.0,181,195
g2post,AM/PM,auditory_direction,time_resolved_trial_response,glm_clean,balanced_accuracy,44,1.8761726078799248,1.0351297146923724,0.5675925925925926,0.03797425306372203,0.026851851851851877,2,188.0,181,195
g2post,AM/PM,auditory_direction,time_resolved_trial_response,glm_clean,balanced_accuracy,45,1.9408682150481982,1.0351297146923724,0.5666666666666667,0.034045882057130154,0.024074074074074137,2,188.0,181,195
g2post,AM/PM,auditory_direction,time_resolved_trial_response,glm_clean,balanced_accuracy,46,2.0055638222164713,1.0351297146923724,0.5777777777777777,0.007856742013183872,0.005555555555555564,2,188.0,181,195
g2post,AM/PM,congruency,time_resolved_trial_response,glm_clean,balanced_accuracy,0,-0.9704341075240991,1.0351297146923724,0.46805555555555556,0.005892556509887895,0.004166666666666666,2,188.0,181,195
g2post,AM/PM,congruency,time_resolved_trial_response,glm_clean,balanced_accuracy,1,-0.9057385003558258,1.0351297146923724,0.46805555555555556,0.009820927516479791,0.00694444444444442,2,188.0,181,195
g2post,AM/PM,congruency,time_resolved_trial_response,glm_clean,balanced_accuracy,2,-0.8410428931875525,1.0351297146923724,0.4458333333333333,0.017677669529663764,0.012500000000000053,2,188.0,181,195
g2post,AM/PM,congruency,time_resolved_trial_response,glm_clean,balanced_accuracy,3,-0.7763472860192793,1.0351297146923724,0.5152777777777778,0.00982092751647995,0.006944444444444531,2,188.0,181,195
g2post,AM/PM,congruency,time_resolved_trial_response,glm_clean,balanced_accuracy,4,-0.711651678851006,1.0351297146923724,0.5041666666666667,0.025534411542847614,0.018055555555555602,2,188.0,181,195
g2post,AM/PM,congruency,time_resolved_trial_response,glm_clean,balanced_accuracy,5,-0.6469560716827327,1.0351297146923724,0.5430555555555555,0.037319524562623364,0.026388888888888906,2,188.0,181,195
g2post,AM/PM,congruency,time_resolved_trial_response,glm_clean,balanced_accuracy,6,-0.5822604645144595,1.0351297146923724,0.5055555555555555,0.058925565098878904,0.04166666666666663,2,188.0,181,195
g2post,AM/PM,congruency,time_resolved_trial_response,glm_clean,balanced_accuracy,7,-0.5175648573461862,1.0351297146923724,0.45138888888888895,0.001964185503295978,0.0013888888888888978,2,188.0,181,195
g2post,AM/PM,congruency,time_resolved_trial_response,glm_clean,balanced_accuracy,8,-0.4528692501779129,1.0351297146923724,0.4888888888888888,0.03928371006591926,0.02777777777777775,2,188.0,181,195
g2post,AM/PM,congruency,time_resolved_trial_response,glm_clean,balanced_accuracy,9,-0.38817364300963964,1.0351297146923724,0.47777777777777775,0.01178511301977575,0.008333333333333304,2,188.0,181,195
g2post,AM/PM,congruency,time_resolved_trial_response,glm_clean,balanced_accuracy,10,-0.32347803584136636,1.0351297146923724,0.5041666666666667,0.02160604053625558,0.015277777777777751,2,188.0,181,195
g2post,AM/PM,congruency,time_resolved_trial_response,glm_clean,balanced_accuracy,11,-0.2587824286730931,1.0351297146923724,0.47777777777777775,0.031426968052735434,0.022222222222222213,2,188.0,181,195
g2post,AM/PM,congruency,time_resolved_trial_response,glm_clean,balanced_accuracy,12,-0.19408682150481982,1.0351297146923724,0.4819444444444444,0.05696137959558293,0.04027777777777773,2,188.0,181,195
g2post,AM/PM,congruency,time_resolved_trial_response,glm_clean,balanced_accuracy,13,-0.12939121433654655,1.0351297146923724,0.4805555555555556,0.05499719409228701,0.038888888888888876,2,188.0,181,195
g2post,AM/PM,congruency,time_resolved_trial_response,glm_clean,balanced_accuracy,14,-0.06469560716827327,1.0351297146923724,0.48194444444444445,0.013749298523071787,0.009722222222222243,2,188.0,181,195
g2post,AM/PM,congruency,time_resolved_trial_response,glm_clean,balanced_accuracy,15,0.0,1.0351297146923724,0.4916666666666667,0.05499719409228713,0.03888888888888896,2,188.0,181,195
g2post,AM/PM,congruency,time_resolved_trial_response,glm_clean,balanced_accuracy,16,0.06469560716827327,1.0351297146923724,0.5041666666666667,0.00982092751647991,0.006944444444444503,2,188.0,181,195
g2post,AM/PM,congruency,time_resolved_trial_response,glm_clean,balanced_accuracy,17,0.12939121433654655,1.0351297146923724,0.47638888888888886,0.013749298523071708,0.009722222222222188,2,188.0,181,195
g2post,AM/PM,congruency,time_resolved_trial_response,glm_clean,balanced_accuracy,18,0.19408682150481982,1.0351297146923724,0.49027777777777776,0.029462782549439452,0.020833333333333315,2,188.0,181,195
g2post,AM/PM,congruency,time_resolved_trial_response,glm_clean,balanced_accuracy,19,0.2587824286730931,1.0351297146923724,0.5041666666666667,0.08445997664172654,0.059722222222222246,2,188.0,181,195
g2post,AM/PM,congruency,time_resolved_trial_response,glm_clean,balanced_accuracy,20,0.32347803584136636,1.0351297146923724,0.49722222222222223,0.05499719409228713,0.03888888888888896,2,188.0,181,195
g2post,AM/PM,congruency,time_resolved_trial_response,glm_clean,balanced_accuracy,21,0.38817364300963964,1.0351297146923724,0.4777777777777778,0.03142696805273541,0.0222222222222222,2,188.0,181,195
g2post,AM/PM,congruency,time_resolved_trial_response,glm_clean,balanced_accuracy,22,0.4528692501779129,1.0351297146923724,0.4708333333333333,0.05303300858899105,0.03749999999999999,2,188.0,181,195
g2post,AM/PM,congruency,time_resolved_trial_response,glm_clean,balanced_accuracy,23,0.5175648573461862,1.0351297146923724,0.5083333333333334,0.039283710065919325,0.02777777777777779,2,188.0,181,195
g2post,AM/PM,congruency,time_resolved_trial_response,glm_clean,balanced_accuracy,24,0.5822604645144595,1.0351297146923724,0.5347222222222222,0.053033008588991036,0.03749999999999998,2,188.0,181,195
g2post,AM/PM,congruency,time_resolved_trial_response,glm_clean,balanced_accuracy,25,0.6469560716827327,1.0351297146923724,0.49444444444444446,0.003928371006591917,0.002777777777777768,2,188.0,181,195
g2post,AM/PM,congruency,time_resolved_trial_response,glm_clean,balanced_accuracy,26,0.711651678851006,1.0351297146923724,0.5083333333333333,0.007856742013183834,0.005555555555555536,2,188.0,181,195
g2post,AM/PM,congruency,time_resolved_trial_response,glm_clean,balanced_accuracy,27,0.7763472860192793,1.0351297146923724,0.4888888888888889,0.02357022603955158,0.016666666666666663,2,188.0,181,195
g2post,AM/PM,congruency,time_resolved_trial_response,glm_clean,balanced_accuracy,28,0.8410428931875525,1.0351297146923724,0.45277777777777783,0.01964185503295964,0.013888888888888881,2,188.0,181,195
g2post,AM/PM,congruency,time_resolved_trial_response,glm_clean,balanced_accuracy,29,0.9057385003558258,1.0351297146923724,0.4805555555555555,0.003928371006591917,0.002777777777777768,2,188.0,181,195
g2post,AM/PM,congruency,time_resolved_trial_response,glm_clean,balanced_accuracy,30,0.9704341075240991,1.0351297146923724,0.49861111111111106,0.0412478955692152,0.02916666666666662,2,188.0,181,195
g2post,AM/PM,congruency,time_resolved_trial_response,glm_clean,balanced_accuracy,31,1.0351297146923724,1.0351297146923724,0.49166666666666664,0.019641855032959663,0.013888888888888895,2,188.0,181,195
g2post,AM/PM,congruency,time_resolved_trial_response,glm_clean,balanced_accuracy,32,1.0998253218606455,1.0351297146923724,0.5111111111111111,0.007856742013183834,0.005555555555555536,2,188.0,181,195
g2post,AM/PM,congruency,time_resolved_trial_response,glm_clean,balanced_accuracy,33,1.164520929028919,1.0351297146923724,0.5180555555555556,0.037319524562623364,0.026388888888888906,2,188.0,181,195
g2post,AM/PM,congruency,time_resolved_trial_response,glm_clean,balanced_accuracy,34,1.229216536197192,1.0351297146923724,0.4875,0.025534411542847538,0.018055555555555547,2,188.0,181,195
g2post,AM/PM,congruency,time_resolved_trial_response,glm_clean,balanced_accuracy,35,1.2939121433654655,1.0351297146923724,0.4722222222222222,0.027498597046143516,0.019444444444444445,2,188.0,181,195
g2post,AM/PM,congruency,time_resolved_trial_response,glm_clean,balanced_accuracy,36,1.3586077505337386,1.0351297146923724,0.4638888888888889,0.01178511301977577,0.008333333333333318,2,188.0,181,195
g2post,AM/PM,congruency,time_resolved_trial_response,glm_clean,balanced_accuracy,37,1.423303357702012,1.0351297146923724,0.4888888888888889,0.011785113019775828,0.00833333333333336,2,188.0,181,195
g2post,AM/PM,congruency,time_resolved_trial_response,glm_clean,balanced_accuracy,38,1.4879989648702852,1.0351297146923724,0.475,0.0235702260395515,0.016666666666666607,2,188.0,181,195
g2post,AM/PM,congruency,time_resolved_trial_response,glm_clean,balanced_accuracy,39,1.5526945720385585,1.0351297146923724,0.47777777777777775,0.019641855032959583,0.01388888888888884,2,188.0,181,195
g2post,AM/PM,congruency,time_resolved_trial_response,glm_clean,balanced_accuracy,40,1.6173901792068317,1.0351297146923724,0.49444444444444446,0.047140452079103175,0.03333333333333334,2,188.0,181,195
g2post,AM/PM,congruency,time_resolved_trial_response,glm_clean,balanced_accuracy,41,1.682085786375105,1.0351297146923724,0.4652777777777778,0.02946278254943951,0.020833333333333356,2,188.0,181,195
g2post,AM/PM,congruency,time_resolved_trial_response,glm_clean,balanced_accuracy,42,1.7467813935433782,1.0351297146923724,0.5,0.003928371006591917,0.002777777777777768,2,188.0,181,195
g2post,AM/PM,congruency,time_resolved_trial_response,glm_clean,balanced_accuracy,43,1.8114770007116516,1.0351297146923724,0.5041666666666667,0.0019641855032959585,0.001388888888888884,2,188.0,181,195
g2post,AM/PM,congruency,time_resolved_trial_response,glm_clean,balanced_accuracy,44,1.8761726078799248,1.0351297146923724,0.4652777777777778,0.02160604053625556,0.015277777777777737,2,188.0,181,195
g2post,AM/PM,congruency,time_resolved_trial_response,glm_clean,balanced_accuracy,45,1.9408682150481982,1.0351297146923724,0.4944444444444444,0.015713484026367745,0.011111111111111127,2,188.0,181,195
g2post,AM/PM,congruency,time_resolved_trial_response,glm_clean,balanced_accuracy,46,2.0055638222164713,1.0351297146923724,0.4722222222222222,0.031426968052735434,0.022222222222222213,2,188.0,181,195
g2post,AM/PM,modality,time_resolved_trial_response,glm_clean,balanced_accuracy,0,-0.9704341075240991,1.0351297146923724,0.3148148148148148,0.04190262407031391,0.029629629629629617,2,188.0,181,195
g2post,AM/PM,modality,time_resolved_trial_response,glm_clean,balanced_accuracy,1,-0.9057385003558258,1.0351297146923724,0.3398148148148148,0.005237828008789229,0.003703703703703695,2,188.0,181,195
g2post,AM/PM,modality,time_resolved_trial_response,glm_clean,balanced_accuracy,2,-0.8410428931875525,1.0351297146923724,0.337962962962963,0.005237828008789229,0.003703703703703695,2,188.0,181,195
g2post,AM/PM,modality,time_resolved_trial_response,glm_clean,balanced_accuracy,3,-0.7763472860192793,1.0351297146923724,0.3402777777777778,0.005892556509887875,0.004166666666666652,2,188.0,181,195
g2post,AM/PM,modality,time_resolved_trial_response,glm_clean,balanced_accuracy,4,-0.711651678851006,1.0351297146923724,0.34351851851851856,0.0065472850109865605,0.004629629629629636,2,188.0,181,195
g2post,AM/PM,modality,time_resolved_trial_response,glm_clean,balanced_accuracy,5,-0.6469560716827327,1.0351297146923724,0.3458333333333333,0.008511470514282539,0.006018518518518534,2,188.0,181,195
g2post,AM/PM,modality,time_resolved_trial_response,glm_clean,balanced_accuracy,6,-0.5822604645144595,1.0351297146923724,0.337037037037037,0.022260769037354324,0.015740740740740777,2,188.0,181,195
g2post,AM/PM,modality,time_resolved_trial_response,glm_clean,balanced_accuracy,7,-0.5175648573461862,1.0351297146923724,0.33518518518518514,0.01178511301977581,0.008333333333333345,2,188.0,181,195
g2post,AM/PM,modality,time_resolved_trial_response,glm_clean,balanced_accuracy,8,-0.4528692501779129,1.0351297146923724,0.325,0.009166199015381165,0.006481481481481477,2,188.0,181,195
g2post,AM/PM,modality,time_resolved_trial_response,glm_clean,balanced_accuracy,9,-0.38817364300963964,1.0351297146923724,0.3375,0.02684386854504487,0.018981481481481488,2,188.0,181,195
g2post,AM/PM,modality,time_resolved_trial_response,glm_clean,balanced_accuracy,10,-0.32347803584136636,1.0351297146923724,0.34444444444444444,0.022260769037354307,0.015740740740740763,2,188.0,181,195
g2post,AM/PM,modality,time_resolved_trial_response,glm_clean,balanced_accuracy,11,-0.2587824286730931,1.0351297146923724,0.32453703703703707,0.011130384518677124,0.007870370370370361,2,188.0,181,195
g2post,AM/PM,modality,time_resolved_trial_response,glm_clean,balanced_accuracy,12,-0.19408682150481982,1.0351297146923724,0.31898148148148153,0.0006547285010986462,0.0004629629629629567,2,188.0,181,195
g2post,AM/PM,modality,time_resolved_trial_response,glm_clean,balanced_accuracy,13,-0.12939121433654655,1.0351297146923724,0.3361111111111111,0.009166199015381165,0.006481481481481477,2,188.0,181,195
g2post,AM/PM,modality,time_resolved_trial_response,glm_clean,balanced_accuracy,14,-0.06469560716827327,1.0351297146923724,0.3541666666666667,0.008511470514282539,0.006018518518518534,2,188.0,181,195
g2post,AM/PM,modality,time_resolved_trial_response,glm_clean,balanced_accuracy,15,0.0,1.0351297146923724,0.3314814814814815,0.011785113019775828,0.00833333333333336,2,188.0,181,195
g2post,AM/PM,modality,time_resolved_trial_response,glm_clean,balanced_accuracy,16,0.06469560716827327,1.0351297146923724,0.36064814814814816,0.03339115355603143,0.023611111111111124,2,188.0,181,195
g2post,AM/PM,modality,time_resolved_trial_response,glm_clean,balanced_accuracy,17,0.12939121433654655,1.0351297146923724,0.3828703703703704,0.02160604053625568,0.01527777777777782,2,188.0,181,195
g2post,AM/PM,modality,time_resolved_trial_response,glm_clean,balanced_accuracy,18,0.19408682150481982,1.0351297146923724,0.4717592592592593,0.005892556509887875,0.004166666666666652,2,188.0,181,195
g2post,AM/PM,modality,time_resolved_trial_response,glm_clean,balanced_accuracy,19,0.2587824286730931,1.0351297146923724,0.5652777777777778,0.041247895569215126,0.029166666666666563,2,188.0,181,195
g2post,AM/PM,modality,time_resolved_trial_response,glm_clean,balanced_accuracy,20,0.32347803584136636,1.0351297146923724,0.5810185185185186,0.0006547285010986659,0.00046296296296297057,2,188.0,181,195
g2post,AM/PM,modality,time_resolved_trial_response,glm_clean,balanced_accuracy,21,0.38817364300963964,1.0351297146923724,0.6226851851851851,0.032081696553834076,0.02268518518518517,2,188.0,181,195
g2post,AM/PM,modality,time_resolved_trial_response,glm_clean,balanced_accuracy,22,0.4528692501779129,1.0351297146923724,0.6828703703703705,0.06219920760437224,0.04398148148148148,2,188.0,181,195
g2post,AM/PM,modality,time_resolved_trial_response,glm_clean,balanced_accuracy,23,0.5175648573461862,1.0351297146923724,0.725925925925926,0.07594850612744398,0.0537037037037037,2,188.0,181,195
g2post,AM/PM,modality,time_resolved_trial_response,glm_clean,balanced_accuracy,24,0.5822604645144595,1.0351297146923724,0.7402777777777778,0.08576943364392366,0.060648148148148034,2,188.0,181,195
g2post,AM/PM,modality,time_resolved_trial_response,glm_clean,balanced_accuracy,25,0.6469560716827327,1.0351297146923724,0.7277777777777777,0.08511470514282507,0.06018518518518512,2,188.0,181,195
g2post,AM/PM,modality,time_resolved_trial_response,glm_clean,balanced_accuracy,26,0.711651678851006,1.0351297146923724,0.7458333333333333,0.0870788906461213,0.0615740740740742,2,188.0,181,195
g2post,AM/PM,modality,time_resolved_trial_response,glm_clean,balanced_accuracy,27,0.7763472860192793,1.0351297146923724,0.7810185185185184,0.07136540661975352,0.05046296296296304,2,188.0,181,195
g2post,AM/PM,modality,time_resolved_trial_response,glm_clean,balanced_accuracy,28,0.8410428931875525,1.0351297146923724,0.7939814814814814,0.05958029359997761,0.04212962962962963,2,188.0,181,195
g2post,AM/PM,modality,time_resolved_trial_response,glm_clean,balanced_accuracy,29,0.9057385003558258,1.0351297146923724,0.8023148148148147,0.04517626657580708,0.03194444444444436,2,188.0,181,195
g2post,AM/PM,modality,time_resolved_trial_response,glm_clean,balanced_accuracy,30,0.9704341075240991,1.0351297146923724,0.7870370370370372,0.04059316706811669,0.02870370370370376,2,188.0,181,195
g2post,AM/PM,modality,time_resolved_trial_response,glm_clean,balanced_accuracy,31,1.0351297146923724,1.0351297146923724,0.7884259259259259,0.08707889064612107,0.06157407407407403,2,188.0,181,195
g2post,AM/PM,modality,time_resolved_trial_response,glm_clean,balanced_accuracy,32,1.0998253218606455,1.0351297146923724,0.8097222222222222,0.05827083659778036,0.04120370370370374,2,188.0,181,195
g2post,AM/PM,modality,time_resolved_trial_response,glm_clean,balanced_accuracy,33,1.164520929028919,1.0351297146923724,0.7907407407407407,0.08773361914721958,0.06203703703703689,2,188.0,181,195
g2post,AM/PM,modality,time_resolved_trial_response,glm_clean,balanced_accuracy,34,1.229216536197192,1.0351297146923724,0.8208333333333333,0.04779518058020186,0.033796296296296324,2,188.0,181,195
g2post,AM/PM,modality,time_resolved_trial_response,glm_clean,balanced_accuracy,35,1.2939121433654655,1.0351297146923724,0.7884259259259259,0.04517626657580724,0.03194444444444447,2,188.0,181,195
g2post,AM/PM,modality,time_resolved_trial_response,glm_clean,balanced_accuracy,36,1.3586077505337386,1.0351297146923724,0.7828703703703703,0.049104637582399,0.03472222222222213,2,188.0,181,195
g2post,AM/PM,modality,time_resolved_trial_response,glm_clean,balanced_accuracy,37,1.423303357702012,1.0351297146923724,0.7986111111111112,0.03993843856701803,0.02824074074074079,2,188.0,181,195
g2post,AM/PM,modality,time_resolved_trial_response,glm_clean,balanced_accuracy,38,1.4879989648702852,1.0351297146923724,0.7865740740740742,0.043866809573609944,0.031018518518518556,2,188.0,181,195
g2post,AM/PM,modality,time_resolved_trial_response,glm_clean,balanced_accuracy,39,1.5526945720385585,1.0351297146923724,0.7722222222222221,0.040593167068116616,0.028703703703703703,2,188.0,181,195
g2post,AM/PM,modality,time_resolved_trial_response,glm_clean,balanced_accuracy,40,1.6173901792068317,1.0351297146923724,0.7611111111111111,0.06154447910327345,0.04351851851851843,2,188.0,181,195
g2post,AM/PM,modality,time_resolved_trial_response,glm_clean,balanced_accuracy,41,1.682085786375105,1.0351297146923724,0.7523148148148149,0.05958029359997761,0.04212962962962963,2,188.0,181,195
g2post,AM/PM,modality,time_resolved_trial_response,glm_clean,balanced_accuracy,42,1.7467813935433782,1.0351297146923724,0.7467592592592592,0.07922214863293735,0.05601851851851858,2,188.0,181,195
g2post,AM/PM,modality,time_resolved_trial_response,glm_clean,balanced_accuracy,43,1.8114770007116516,1.0351297146923724,0.7583333333333333,0.06416339310766828,0.04537037037037042,2,188.0,181,195
g2post,AM/PM,modality,time_resolved_trial_response,glm_clean,balanced_accuracy,44,1.8761726078799248,1.0351297146923724,0.7476851851851851,0.0451762665758072,0.03194444444444444,2,188.0,181,195
g2post,AM/PM,modality,time_resolved_trial_response,glm_clean,balanced_accuracy,45,1.9408682150481982,1.0351297146923724,0.7125,0.09231671865491035,0.06527777777777777,2,188.0,181,195
g2post,AM/PM,modality,time_resolved_trial_response,glm_clean,balanced_accuracy,46,2.0055638222164713,1.0351297146923724,0.7027777777777777,0.013094570021973161,0.0092592592592593,2,188.0,181,195
g2post,AM/PM,trial_type,time_resolved_trial_response,glm_clean,balanced_accuracy,0,-0.9704341075240991,1.0351297146923724,0.12569444444444444,0.008838834764831853,0.0062500000000000056,2,188.0,181,195
g2post,AM/PM,trial_type,time_resolved_trial_response,glm_clean,balanced_accuracy,1,-0.9057385003558258,1.0351297146923724,0.12916666666666665,0.015713484026367734,0.01111111111111112,2,188.0,181,195
g2post,AM/PM,trial_type,time_resolved_trial_response,glm_clean,balanced_accuracy,2,-0.8410428931875525,1.0351297146923724,0.11666666666666667,0.003928371006591932,0.0027777777777777783,2,188.0,181,195
g2post,AM/PM,trial_type,time_resolved_trial_response,glm_clean,balanced_accuracy,3,-0.7763472860192793,1.0351297146923724,0.11805555555555555,0.013749298523071782,0.00972222222222224,2,188.0,181,195
g2post,AM/PM,trial_type,time_resolved_trial_response,glm_clean,balanced_accuracy,4,-0.711651678851006,1.0351297146923724,0.11875,0.008838834764831847,0.006250000000000002,2,188.0,181,195
g2post,AM/PM,trial_type,time_resolved_trial_response,glm_clean,balanced_accuracy,5,-0.6469560716827327,1.0351297146923724,0.11805555555555557,0.02553441154284756,0.01805555555555556,2,188.0,181,195
g2post,AM/PM,trial_type,time_resolved_trial_response,glm_clean,balanced_accuracy,6,-0.5822604645144595,1.0351297146923724,0.1388888888888889,0.003928371006591917,0.002777777777777768,2,188.0,181,195
g2post,AM/PM,trial_type,time_resolved_trial_response,glm_clean,balanced_accuracy,7,-0.5175648573461862,1.0351297146923724,0.12499999999999999,0.005892556509887895,0.004166666666666666,2,188.0,181,195
g2post,AM/PM,trial_type,time_resolved_trial_response,glm_clean,balanced_accuracy,8,-0.4528692501779129,1.0351297146923724,0.12708333333333335,0.008838834764831853,0.0062500000000000056,2,188.0,181,195
g2post,AM/PM,trial_type,time_resolved_trial_response,glm_clean,balanced_accuracy,9,-0.38817364300963964,1.0351297146923724,0.13055555555555554,0.007856742013183864,0.005555555555555557,2,188.0,181,195
g2post,AM/PM,trial_type,time_resolved_trial_response,glm_clean,balanced_accuracy,10,-0.32347803584136636,1.0351297146923724,0.1222222222222222,0.007856742013183858,0.005555555555555553,2,188.0,181,195
g2post,AM/PM,trial_type,time_resolved_trial_response,glm_clean,balanced_accuracy,11,-0.2587824286730931,1.0351297146923724,0.11666666666666667,0.009820927516479816,0.006944444444444437,2,188.0,181,195
g2post,AM/PM,trial_type,time_resolved_trial_response,glm_clean,balanced_accuracy,12,-0.19408682150481982,1.0351297146923724,0.10208333333333333,0.004910463758239896,0.00347222222222221,2,188.0,181,195
g2post,AM/PM,trial_type,time_resolved_trial_response,glm_clean,balanced_accuracy,13,-0.12939121433654655,1.0351297146923724,0.11666666666666665,0.01964185503295964,0.013888888888888881,2,188.0,181,195
g2post,AM/PM,trial_type,time_resolved_trial_response,glm_clean,balanced_accuracy,14,-0.06469560716827327,1.0351297146923724,0.13680555555555554,0.016695576778015687,0.011805555555555541,2,188.0,181,195
g2post,AM/PM,trial_type,time_resolved_trial_response,glm_clean,balanced_accuracy,15,0.0,1.0351297146923724,0.13680555555555557,0.004910463758239905,0.003472222222222217,2,188.0,181,195
g2post,AM/PM,trial_type,time_resolved_trial_response,glm_clean,balanced_accuracy,16,0.06469560716827327,1.0351297146923724,0.14513888888888887,0.026516504294495525,0.018749999999999996,2,188.0,181,195
g2post,AM/PM,trial_type,time_resolved_trial_response,glm_clean,balanced_accuracy,17,0.12939121433654655,1.0351297146923724,0.14375,0.018659762281311654,0.013194444444444432,2,188.0,181,195
g2post,AM/PM,trial_type,time_resolved_trial_response,glm_clean,balanced_accuracy,18,0.19408682150481982,1.0351297146923724,0.17847222222222225,0.026516504294495525,0.018749999999999996,2,188.0,181,195
g2post,AM/PM,trial_type,time_resolved_trial_response,glm_clean,balanced_accuracy,19,0.2587824286730931,1.0351297146923724,0.30625,0.02062394778460764,0.014583333333333337,2,188.0,181,195
g2post,AM/PM,trial_type,time_resolved_trial_response,glm_clean,balanced_accuracy,20,0.32347803584136636,1.0351297146923724,0.3902777777777777,0.019641855032959604,0.013888888888888853,2,188.0,181,195
g2post,AM/PM,trial_type,time_resolved_trial_response,glm_clean,balanced_accuracy,21,0.38817364300963964,1.0351297146923724,0.4354166666666667,0.026516504294495535,0.018750000000000003,2,188.0,181,195
g2post,AM/PM,trial_type,time_resolved_trial_response,glm_clean,balanced_accuracy,22,0.4528692501779129,1.0351297146923724,0.46458333333333335,0.052050915837343115,0.03680555555555558,2,188.0,181,195
g2post,AM/PM,trial_type,time_resolved_trial_response,glm_clean,balanced_accuracy,23,0.5175648573461862,1.0351297146923724,0.5090277777777777,0.0854420693933745,0.060416666666666674,2,188.0,181,195
g2post,AM/PM,trial_type,time_resolved_trial_response,glm_clean,balanced_accuracy,24,0.5822604645144595,1.0351297146923724,0.5166666666666667,0.10999438818457405,0.07777777777777777,2,188.0,181,195
g2post,AM/PM,trial_type,time_resolved_trial_response,glm_clean,balanced_accuracy,25,0.6469560716827327,1.0351297146923724,0.4805555555555555,0.08642416214502242,0.061111111111111074,2,188.0,181,195
g2post,AM/PM,trial_type,time_resolved_trial_response,glm_clean,balanced_accuracy,26,0.711651678851006,1.0351297146923724,0.49930555555555556,0.09526299690985429,0.0673611111111111,2,188.0,181,195
g2post,AM/PM,trial_type,time_resolved_trial_response,glm_clean,balanced_accuracy,27,0.7763472860192793,1.0351297146923724,0.5222222222222221,0.09035253315161433,0.06388888888888884,2,188.0,181,195
g2post,AM/PM,trial_type,time_resolved_trial_response,glm_clean,balanced_accuracy,28,0.8410428931875525,1.0351297146923724,0.5034722222222223,0.057943472347231045,0.04097222222222227,2,188.0,181,195
g2post,AM/PM,trial_type,time_resolved_trial_response,glm_clean,balanced_accuracy,29,0.9057385003558258,1.0351297146923724,0.4930555555555556,0.11785113019775798,0.08333333333333337,2,188.0,181,195
g2post,AM/PM,trial_type,time_resolved_trial_response,glm_clean,balanced_accuracy,30,0.9704341075240991,1.0351297146923724,0.5083333333333333,0.06874649261535874,0.04861111111111108,2,188.0,181,195
g2post,AM/PM,trial_type,time_resolved_trial_response,glm_clean,balanced_accuracy,31,1.0351297146923724,1.0351297146923724,0.49444444444444446,0.09428090415820638,0.0666666666666667,2,188.0,181,195
g2post,AM/PM,trial_type,time_resolved_trial_response,glm_clean,balanced_accuracy,32,1.0998253218606455,1.0351297146923724,0.5138888888888888,0.0824957911384305,0.058333333333333307,2,188.0,181,195
g2post,AM/PM,trial_type,time_resolved_trial_response,glm_clean,balanced_accuracy,33,1.164520929028919,1.0351297146923724,0.5083333333333333,0.07071067811865477,0.05,2,188.0,181,195
g2post,AM/PM,trial_type,time_resolved_trial_response,glm_clean,balanced_accuracy,34,1.229216536197192,1.0351297146923724,0.5263888888888889,0.06678230711206284,0.047222222222222235,2,188.0,181,195
g2post,AM/PM,trial_type,time_resolved_trial_response,glm_clean,balanced_accuracy,35,1.2939121433654655,1.0351297146923724,0.4875,0.06678230711206282,0.04722222222222222,2,188.0,181,195
g2post,AM/PM,trial_type,time_resolved_trial_response,glm_clean,balanced_accuracy,36,1.3586077505337386,1.0351297146923724,0.4833333333333332,0.07267486362195069,0.05138888888888887,2,188.0,181,195
g2post,AM/PM,trial_type,time_resolved_trial_response,glm_clean,balanced_accuracy,37,1.423303357702012,1.0351297146923724,0.4805555555555555,0.09231671865491035,0.06527777777777777,2,188.0,181,195
g2post,AM/PM,trial_type,time_resolved_trial_response,glm_clean,balanced_accuracy,38,1.4879989648702852,1.0351297146923724,0.49444444444444446,0.05696137959558295,0.040277777777777746,2,188.0,181,195
g2post,AM/PM,trial_type,time_resolved_trial_response,glm_clean,balanced_accuracy,39,1.5526945720385585,1.0351297146923724,0.45138888888888884,0.04517626657580714,0.0319444444444444,2,188.0,181,195
g2post,AM/PM,trial_type,time_resolved_trial_response,glm_clean,balanced_accuracy,40,1.6173901792068317,1.0351297146923724,0.4673611111111111,0.09526299690985429,0.0673611111111111,2,188.0,181,195
g2post,AM/PM,trial_type,time_resolved_trial_response,glm_clean,balanced_accuracy,41,1.682085786375105,1.0351297146923724,0.44652777777777775,0.10508392442633409,0.07430555555555551,2,188.0,181,195
g2post,AM/PM,trial_type,time_resolved_trial_response,glm_clean,balanced_accuracy,42,1.7467813935433782,1.0351297146923724,0.4729166666666667,0.10115555341974225,0.0715277777777778,2,188.0,181,195
g2post,AM/PM,trial_type,time_resolved_trial_response,glm_clean,balanced_accuracy,43,1.8114770007116516,1.0351297146923724,0.4527777777777777,0.10803020268127797,0.0763888888888888,2,188.0,181,195
g2post,AM/PM,trial_type,time_resolved_trial_response,glm_clean,balanced_accuracy,44,1.8761726078799248,1.0351297146923724,0.4590277777777778,0.10311973892303819,0.07291666666666667,2,188.0,181,195
g2post,AM/PM,trial_type,time_resolved_trial_response,glm_clean,balanced_accuracy,45,1.9408682150481982,1.0351297146923724,0.42499999999999993,0.12177950120434984,0.0861111111111111,2,188.0,181,195
g2post,AM/PM,trial_type,time_resolved_trial_response,glm_clean,balanced_accuracy,46,2.0055638222164713,1.0351297146923724,0.40347222222222223,0.1031197389230382,0.07291666666666669,2,188.0,181,195
g2post,AM/PM,visual_direction,time_resolved_trial_response,glm_clean,balanced_accuracy,0,-0.9704341075240991,1.0351297146923724,0.5101851851851851,0.03011751105053812,0.021296296296296285,2,188.0,181,195
g2post,AM/PM,visual_direction,time_resolved_trial_response,glm_clean,balanced_accuracy,1,-0.9057385003558258,1.0351297146923724,0.5027777777777778,0.0536877370900897,0.03796296296296295,2,188.0,181,195
g2post,AM/PM,visual_direction,time_resolved_trial_response,glm_clean,balanced_accuracy,2,-0.8410428931875525,1.0351297146923724,0.4648148148148148,0.049759366083497826,0.03518518518518521,2,188.0,181,195
g2post,AM/PM,visual_direction,time_resolved_trial_response,glm_clean,balanced_accuracy,3,-0.7763472860192793,1.0351297146923724,0.49537037037037035,0.014404027024170395,0.010185185185185172,2,188.0,181,195
g2post,AM/PM,visual_direction,time_resolved_trial_response,glm_clean,balanced_accuracy,4,-0.711651678851006,1.0351297146923724,0.4712962962962963,0.053687737090089796,0.03796296296296302,2,188.0,181,195
g2post,AM/PM,visual_direction,time_resolved_trial_response,glm_clean,balanced_accuracy,5,-0.6469560716827327,1.0351297146923724,0.5074074074074074,0.01833239803076233,0.012962962962962954,2,188.0,181,195
g2post,AM/PM,visual_direction,time_resolved_trial_response,glm_clean,balanced_accuracy,6,-0.5822604645144595,1.0351297146923724,0.4740740740740741,0.0026189140043946634,0.0018518518518518823,2,188.0,181,195
g2post,AM/PM,visual_direction,time_resolved_trial_response,glm_clean,balanced_accuracy,7,-0.5175648573461862,1.0351297146923724,0.5018518518518519,0.010475656017578498,0.007407407407407418,2,188.0,181,195
g2post,AM/PM,visual_direction,time_resolved_trial_response,glm_clean,balanced_accuracy,8,-0.4528692501779129,1.0351297146923724,0.5,0.03666479606152468,0.02592592592592592,2,188.0,181,195
g2post,AM/PM,visual_direction,time_resolved_trial_response,glm_clean,balanced_accuracy,9,-0.38817364300963964,1.0351297146923724,0.4842592592592592,0.04321208107251132,0.030555555555555614,2,188.0,181,195
g2post,AM/PM,visual_direction,time_resolved_trial_response,glm_clean,balanced_accuracy,10,-0.32347803584136636,1.0351297146923724,0.48518518518518516,0.010475656017578498,0.007407407407407418,2,188.0,181,195
g2post,AM/PM,visual_direction,time_resolved_trial_response,glm_clean,balanced_accuracy,11,-0.2587824286730931,1.0351297146923724,0.48148148148148145,0.0392837100659194,0.027777777777777846,2,188.0,181,195
g2post,AM/PM,visual_direction,time_resolved_trial_response,glm_clean,balanced_accuracy,12,-0.19408682150481982,1.0351297146923724,0.4583333333333333,0.017022941028564997,0.012037037037037013,2,188.0,181,195
g2post,AM/PM,visual_direction,time_resolved_trial_response,glm_clean,balanced_accuracy,13,-0.12939121433654655,1.0351297146923724,0.45555555555555555,0.0,0.0,2,188.0,181,195
g2post,AM/PM,visual_direction,time_resolved_trial_response,glm_clean,balanced_accuracy,14,-0.06469560716827327,1.0351297146923724,0.4833333333333333,0.020951312035156974,0.014814814814814822,2,188.0,181,195
g2post,AM/PM,visual_direction,time_resolved_trial_response,glm_clean,balanced_accuracy,15,0.0,1.0351297146923724,0.4898148148148148,0.022260769037354307,0.015740740740740763,2,188.0,181,195
g2post,AM/PM,visual_direction,time_resolved_trial_response,glm_clean,balanced_accuracy,16,0.06469560716827327,1.0351297146923724,0.47962962962962963,0.0026189140043946634,0.0018518518518518823,2,188.0,181,195
g2post,AM/PM,visual_direction,time_resolved_trial_response,glm_clean,balanced_accuracy,17,0.12939121433654655,1.0351297146923724,0.46851851851851856,0.010475656017578555,0.00740740740740746,2,188.0,181,195
g2post,AM/PM,visual_direction,time_resolved_trial_response,glm_clean,balanced_accuracy,18,0.19408682150481982,1.0351297146923724,0.475925925925926,0.04452153807470852,0.03148148148148146,2,188.0,181,195
g2post,AM/PM,visual_direction,time_resolved_trial_response,glm_clean,balanced_accuracy,19,0.2587824286730931,1.0351297146923724,0.8194444444444445,0.07463904912524673,0.05277777777777781,2,188.0,181,195
g2post,AM/PM,visual_direction,time_resolved_trial_response,glm_clean,balanced_accuracy,20,0.32347803584136636,1.0351297146923724,0.9101851851851851,0.07202013512085208,0.05092592592592593,2,188.0,181,195
g2post,AM/PM,visual_direction,time_resolved_trial_response,glm_clean,balanced_accuracy,21,0.38817364300963964,1.0351297146923724,0.9472222222222222,0.05368773709008962,0.03796296296296289,2,188.0,181,195
g2post,AM/PM,visual_direction,time_resolved_trial_response,glm_clean,balanced_accuracy,22,0.4528692501779129,1.0351297146923724,0.9648148148148148,0.039283710065919325,0.02777777777777779,2,188.0,181,195
g2post,AM/PM,visual_direction,time_resolved_trial_response,glm_clean,balanced_accuracy,23,0.5175648573461862,1.0351297146923724,0.9768518518518519,0.01964185503295962,0.013888888888888867,2,188.0,181,195
g2post,AM/PM,visual_direction,time_resolved_trial_response,glm_clean,balanced_accuracy,24,0.5822604645144595,1.0351297146923724,0.9805555555555556,0.02487968304174887,0.017592592592592576,2,188.0,181,195
g2post,AM/PM,visual_direction,time_resolved_trial_response,glm_clean,balanced_accuracy,25,0.6469560716827327,1.0351297146923724,0.9796296296296296,0.018332398030762448,0.012962962962963037,2,188.0,181,195
g2post,AM/PM,visual_direction,time_resolved_trial_response,glm_clean,balanced_accuracy,26,0.711651678851006,1.0351297146923724,0.962962962962963,0.02357022603955154,0.016666666666666635,2,188.0,181,195
g2post,AM/PM,visual_direction,time_resolved_trial_response,glm_clean,balanced_accuracy,27,0.7763472860192793,1.0351297146923724,0.9416666666666667,0.045830995076905905,0.03240740740740744,2,188.0,181,195
g2post,AM/PM,visual_direction,time_resolved_trial_response,glm_clean,balanced_accuracy,28,0.8410428931875525,1.0351297146923724,0.912962962962963,0.07071067811865482,0.050000000000000044,2,188.0,181,195
g2post,AM/PM,visual_direction,time_resolved_trial_response,glm_clean,balanced_accuracy,29,0.9057385003558258,1.0351297146923724,0.914814814814815,0.07856742013183861,0.05555555555555555,2,188.0,181,195
g2post,AM/PM,visual_direction,time_resolved_trial_response,glm_clean,balanced_accuracy,30,0.9704341075240991,1.0351297146923724,0.9148148148148147,0.08904307614941699,0.06296296296296289,2,188.0,181,195
g2post,AM/PM,visual_direction,time_resolved_trial_response,glm_clean,balanced_accuracy,31,1.0351297146923724,1.0351297146923724,0.9444444444444444,0.047140452079103196,0.033333333333333354,2,188.0,181,195
g2post,AM/PM,visual_direction,time_resolved_trial_response,glm_clean,balanced_accuracy,32,1.0998253218606455,1.0351297146923724,0.9537037037037037,0.049759366083497826,0.03518518518518521,2,188.0,181,195
g2post,AM/PM,visual_direction,time_resolved_trial_response,glm_clean,balanced_accuracy,33,1.164520929028919,1.0351297146923724,0.9527777777777777,0.05368773709008974,0.037962962962962976,2,188.0,181,195
g2post,AM/PM,visual_direction,time_resolved_trial_response,glm_clean,balanced_accuracy,34,1.229216536197192,1.0351297146923724,0.962037037037037,0.024879683041748913,0.017592592592592604,2,188.0,181,195
g2post,AM/PM,visual_direction,time_resolved_trial_response,glm_clean,balanced_accuracy,35,1.2939121433654655,1.0351297146923724,0.9555555555555555,0.0366647960615247,0.025925925925925936,2,188.0,181,195
g2post,AM/PM,visual_direction,time_resolved_trial_response,glm_clean,balanced_accuracy,36,1.3586077505337386,1.0351297146923724,0.9379629629629629,0.04844990908130029,0.03425925925925913,2,188.0,181,195
g2post,AM/PM,visual_direction,time_resolved_trial_response,glm_clean,balanced_accuracy,37,1.423303357702012,1.0351297146923724,0.9444444444444444,0.05499719409228695,0.038888888888888834,2,188.0,181,195
g2post,AM/PM,visual_direction,time_resolved_trial_response,glm_clean,balanced_accuracy,38,1.4879989648702852,1.0351297146923724,0.9296296296296296,0.06023502210107616,0.042592592592592515,2,188.0,181,195
g2post,AM/PM,visual_direction,time_resolved_trial_response,glm_clean,balanced_accuracy,39,1.5526945720385585,1.0351297146923724,0.9268518518518519,0.06678230711206275,0.047222222222222165,2,188.0,181,195
g2post,AM/PM,visual_direction,time_resolved_trial_response,glm_clean,balanced_accuracy,40,1.6173901792068317,1.0351297146923724,0.9240740740740742,0.06285393610547083,0.0444444444444444,2,188.0,181,195
g2post,AM/PM,visual_direction,time_resolved_trial_response,glm_clean,balanced_accuracy,41,1.682085786375105,1.0351297146923724,0.9092592592592592,0.07856742013183869,0.05555555555555561,2,188.0,181,195
g2post,AM/PM,visual_direction,time_resolved_trial_response,glm_clean,balanced_accuracy,42,1.7467813935433782,1.0351297146923724,0.9064814814814814,0.0720201351208521,0.05092592592592596,2,188.0,181,195
g2post,AM/PM,visual_direction,time_resolved_trial_response,glm_clean,balanced_accuracy,43,1.8114770007116516,1.0351297146923724,0.8972222222222224,0.08249579113843068,0.05833333333333343,2,188.0,181,195
g2post,AM/PM,visual_direction,time_resolved_trial_response,glm_clean,balanced_accuracy,44,1.8761726078799248,1.0351297146923724,0.8814814814814814,0.06547285010986549,0.04629629629629628,2,188.0,181,195
g2post,AM/PM,visual_direction,time_resolved_trial_response,glm_clean,balanced_accuracy,45,1.9408682150481982,1.0351297146923724,0.8675925925925926,0.10606601717798207,0.07499999999999996,2,188.0,181,195
g2post,AM/PM,visual_direction,time_resolved_trial_response,glm_clean,balanced_accuracy,46,2.0055638222164713,1.0351297146923724,0.8472222222222223,0.11130384518677135,0.07870370370370369,2,188.0,181,195
g2post,LM,auditory_direction,time_resolved_trial_response,glm_clean,balanced_accuracy,0,-0.9704341075240991,1.0351297146923724,0.5,,,1,60.0,60,60
g2post,LM,auditory_direction,time_resolved_trial_response,glm_clean,balanced_accuracy,1,-0.9057385003558258,1.0351297146923724,0.4833333333333333,,,1,60.0,60,60
g2post,LM,auditory_direction,time_resolved_trial_response,glm_clean,balanced_accuracy,2,-0.8410428931875525,1.0351297146923724,0.5203703703703704,,,1,60.0,60,60
g2post,LM,auditory_direction,time_resolved_trial_response,glm_clean,balanced_accuracy,3,-0.7763472860192793,1.0351297146923724,0.5407407407407406,,,1,60.0,60,60
g2post,LM,auditory_direction,time_resolved_trial_response,glm_clean,balanced_accuracy,4,-0.711651678851006,1.0351297146923724,0.5037037037037037,,,1,60.0,60,60
g2post,LM,auditory_direction,time_resolved_trial_response,glm_clean,balanced_accuracy,5,-0.6469560716827327,1.0351297146923724,0.5166666666666666,,,1,60.0,60,60
g2post,LM,auditory_direction,time_resolved_trial_response,glm_clean,balanced_accuracy,6,-0.5822604645144595,1.0351297146923724,0.5,,,1,60.0,60,60
g2post,LM,auditory_direction,time_resolved_trial_response,glm_clean,balanced_accuracy,7,-0.5175648573461862,1.0351297146923724,0.5222222222222221,,,1,60.0,60,60
g2post,LM,auditory_direction,time_resolved_trial_response,glm_clean,balanced_accuracy,8,-0.4528692501779129,1.0351297146923724,0.524074074074074,,,1,60.0,60,60
g2post,LM,auditory_direction,time_resolved_trial_response,glm_clean,balanced_accuracy,9,-0.38817364300963964,1.0351297146923724,0.5611111111111112,,,1,60.0,60,60
g2post,LM,auditory_direction,time_resolved_trial_response,glm_clean,balanced_accuracy,10,-0.32347803584136636,1.0351297146923724,0.4722222222222222,,,1,60.0,60,60
g2post,LM,auditory_direction,time_resolved_trial_response,glm_clean,balanced_accuracy,11,-0.2587824286730931,1.0351297146923724,0.5018518518518518,,,1,60.0,60,60
g2post,LM,auditory_direction,time_resolved_trial_response,glm_clean,balanced_accuracy,12,-0.19408682150481982,1.0351297146923724,0.5277777777777779,,,1,60.0,60,60
g2post,LM,auditory_direction,time_resolved_trial_response,glm_clean,balanced_accuracy,13,-0.12939121433654655,1.0351297146923724,0.5166666666666666,,,1,60.0,60,60
g2post,LM,auditory_direction,time_resolved_trial_response,glm_clean,balanced_accuracy,14,-0.06469560716827327,1.0351297146923724,0.47777777777777775,,,1,60.0,60,60
g2post,LM,auditory_direction,time_resolved_trial_response,glm_clean,balanced_accuracy,15,0.0,1.0351297146923724,0.45,,,1,60.0,60,60
g2post,LM,auditory_direction,time_resolved_trial_response,glm_clean,balanced_accuracy,16,0.06469560716827327,1.0351297146923724,0.5314814814814814,,,1,60.0,60,60
g2post,LM,auditory_direction,time_resolved_trial_response,glm_clean,balanced_accuracy,17,0.12939121433654655,1.0351297146923724,0.4685185185185185,,,1,60.0,60,60
g2post,LM,auditory_direction,time_resolved_trial_response,glm_clean,balanced_accuracy,18,0.19408682150481982,1.0351297146923724,0.5111111111111111,,,1,60.0,60,60
g2post,LM,auditory_direction,time_resolved_trial_response,glm_clean,balanced_accuracy,19,0.2587824286730931,1.0351297146923724,0.4666666666666666,,,1,60.0,60,60
g2post,LM,auditory_direction,time_resolved_trial_response,glm_clean,balanced_accuracy,20,0.32347803584136636,1.0351297146923724,0.4981481481481482,,,1,60.0,60,60
g2post,LM,auditory_direction,time_resolved_trial_response,glm_clean,balanced_accuracy,21,0.38817364300963964,1.0351297146923724,0.5055555555555555,,,1,60.0,60,60
g2post,LM,auditory_direction,time_resolved_trial_response,glm_clean,balanced_accuracy,22,0.4528692501779129,1.0351297146923724,0.437037037037037,,,1,60.0,60,60
g2post,LM,auditory_direction,time_resolved_trial_response,glm_clean,balanced_accuracy,23,0.5175648573461862,1.0351297146923724,0.49259259259259264,,,1,60.0,60,60
g2post,LM,auditory_direction,time_resolved_trial_response,glm_clean,balanced_accuracy,24,0.5822604645144595,1.0351297146923724,0.49074074074074076,,,1,60.0,60,60
g2post,LM,auditory_direction,time_resolved_trial_response,glm_clean,balanced_accuracy,25,0.6469560716827327,1.0351297146923724,0.5425925925925926,,,1,60.0,60,60
g2post,LM,auditory_direction,time_resolved_trial_response,glm_clean,balanced_accuracy,26,0.711651678851006,1.0351297146923724,0.5222222222222224,,,1,60.0,60,60
g2post,LM,auditory_direction,time_resolved_trial_response,glm_clean,balanced_accuracy,27,0.7763472860192793,1.0351297146923724,0.4851851851851851,,,1,60.0,60,60
g2post,LM,auditory_direction,time_resolved_trial_response,glm_clean,balanced_accuracy,28,0.8410428931875525,1.0351297146923724,0.4833333333333333,,,1,60.0,60,60
g2post,LM,auditory_direction,time_resolved_trial_response,glm_clean,balanced_accuracy,29,0.9057385003558258,1.0351297146923724,0.475925925925926,,,1,60.0,60,60
g2post,LM,auditory_direction,time_resolved_trial_response,glm_clean,balanced_accuracy,30,0.9704341075240991,1.0351297146923724,0.5185185185185184,,,1,60.0,60,60
g2post,LM,auditory_direction,time_resolved_trial_response,glm_clean,balanced_accuracy,31,1.0351297146923724,1.0351297146923724,0.47777777777777775,,,1,60.0,60,60
g2post,LM,auditory_direction,time_resolved_trial_response,glm_clean,balanced_accuracy,32,1.0998253218606455,1.0351297146923724,0.5148148148148148,,,1,60.0,60,60
g2post,LM,auditory_direction,time_resolved_trial_response,glm_clean,balanced_accuracy,33,1.164520929028919,1.0351297146923724,0.47777777777777786,,,1,60.0,60,60
g2post,LM,auditory_direction,time_resolved_trial_response,glm_clean,balanced_accuracy,34,1.229216536197192,1.0351297146923724,0.5518518518518518,,,1,60.0,60,60
g2post,LM,auditory_direction,time_resolved_trial_response,glm_clean,balanced_accuracy,35,1.2939121433654655,1.0351297146923724,0.5166666666666666,,,1,60.0,60,60
g2post,LM,auditory_direction,time_resolved_trial_response,glm_clean,balanced_accuracy,36,1.3586077505337386,1.0351297146923724,0.512962962962963,,,1,60.0,60,60
g2post,LM,auditory_direction,time_resolved_trial_response,glm_clean,balanced_accuracy,37,1.423303357702012,1.0351297146923724,0.4833333333333334,,,1,60.0,60,60
g2post,LM,auditory_direction,time_resolved_trial_response,glm_clean,balanced_accuracy,38,1.4879989648702852,1.0351297146923724,0.5166666666666666,,,1,60.0,60,60
g2post,LM,auditory_direction,time_resolved_trial_response,glm_clean,balanced_accuracy,39,1.5526945720385585,1.0351297146923724,0.5074074074074074,,,1,60.0,60,60
g2post,LM,auditory_direction,time_resolved_trial_response,glm_clean,balanced_accuracy,40,1.6173901792068317,1.0351297146923724,0.5,,,1,60.0,60,60
g2post,LM,auditory_direction,time_resolved_trial_response,glm_clean,balanced_accuracy,41,1.682085786375105,1.0351297146923724,0.5148148148148147,,,1,60.0,60,60
g2post,LM,auditory_direction,time_resolved_trial_response,glm_clean,balanced_accuracy,42,1.7467813935433782,1.0351297146923724,0.4981481481481481,,,1,60.0,60,60
g2post,LM,auditory_direction,time_resolved_trial_response,glm_clean,balanced_accuracy,43,1.8114770007116516,1.0351297146923724,0.5074074074074074,,,1,60.0,60,60
g2post,LM,auditory_direction,time_resolved_trial_response,glm_clean,balanced_accuracy,44,1.8761726078799248,1.0351297146923724,0.5111111111111111,,,1,60.0,60,60
g2post,LM,auditory_direction,time_resolved_trial_response,glm_clean,balanced_accuracy,45,1.9408682150481982,1.0351297146923724,0.5351851851851851,,,1,60.0,60,60
g2post,LM,auditory_direction,time_resolved_trial_response,glm_clean,balanced_accuracy,46,2.0055638222164713,1.0351297146923724,0.562962962962963,,,1,60.0,60,60
g2post,LM,congruency,time_resolved_trial_response,glm_clean,balanced_accuracy,0,-0.9704341075240991,1.0351297146923724,0.49722222222222223,,,1,60.0,60,60
g2post,LM,congruency,time_resolved_trial_response,glm_clean,balanced_accuracy,1,-0.9057385003558258,1.0351297146923724,0.5055555555555555,,,1,60.0,60,60
g2post,LM,congruency,time_resolved_trial_response,glm_clean,balanced_accuracy,2,-0.8410428931875525,1.0351297146923724,0.5,,,1,60.0,60,60
g2post,LM,congruency,time_resolved_trial_response,glm_clean,balanced_accuracy,3,-0.7763472860192793,1.0351297146923724,0.5222222222222221,,,1,60.0,60,60
g2post,LM,congruency,time_resolved_trial_response,glm_clean,balanced_accuracy,4,-0.711651678851006,1.0351297146923724,0.4916666666666667,,,1,60.0,60,60
g2post,LM,congruency,time_resolved_trial_response,glm_clean,balanced_accuracy,5,-0.6469560716827327,1.0351297146923724,0.4916666666666666,,,1,60.0,60,60
g2post,LM,congruency,time_resolved_trial_response,glm_clean,balanced_accuracy,6,-0.5822604645144595,1.0351297146923724,0.47777777777777775,,,1,60.0,60,60
g2post,LM,congruency,time_resolved_trial_response,glm_clean,balanced_accuracy,7,-0.5175648573461862,1.0351297146923724,0.48611111111111105,,,1,60.0,60,60
g2post,LM,congruency,time_resolved_trial_response,glm_clean,balanced_accuracy,8,-0.4528692501779129,1.0351297146923724,0.5,,,1,60.0,60,60
g2post,LM,congruency,time_resolved_trial_response,glm_clean,balanced_accuracy,9,-0.38817364300963964,1.0351297146923724,0.5305555555555556,,,1,60.0,60,60
g2post,LM,congruency,time_resolved_trial_response,glm_clean,balanced_accuracy,10,-0.32347803584136636,1.0351297146923724,0.5,,,1,60.0,60,60
g2post,LM,congruency,time_resolved_trial_response,glm_clean,balanced_accuracy,11,-0.2587824286730931,1.0351297146923724,0.5,,,1,60.0,60,60
g2post,LM,congruency,time_resolved_trial_response,glm_clean,balanced_accuracy,12,-0.19408682150481982,1.0351297146923724,0.475,,,1,60.0,60,60
g2post,LM,congruency,time_resolved_trial_response,glm_clean,balanced_accuracy,13,-0.12939121433654655,1.0351297146923724,0.513888888888889,,,1,60.0,60,60
g2post,LM,congruency,time_resolved_trial_response,glm_clean,balanced_accuracy,14,-0.06469560716827327,1.0351297146923724,0.4916666666666667,,,1,60.0,60,60
g2post,LM,congruency,time_resolved_trial_response,glm_clean,balanced_accuracy,15,0.0,1.0351297146923724,0.5083333333333333,,,1,60.0,60,60
g2post,LM,congruency,time_resolved_trial_response,glm_clean,balanced_accuracy,16,0.06469560716827327,1.0351297146923724,0.5027777777777777,,,1,60.0,60,60
g2post,LM,congruency,time_resolved_trial_response,glm_clean,balanced_accuracy,17,0.12939121433654655,1.0351297146923724,0.45277777777777783,,,1,60.0,60,60
g2post,LM,congruency,time_resolved_trial_response,glm_clean,balanced_accuracy,18,0.19408682150481982,1.0351297146923724,0.46944444444444444,,,1,60.0,60,60
g2post,LM,congruency,time_resolved_trial_response,glm_clean,balanced_accuracy,19,0.2587824286730931,1.0351297146923724,0.4833333333333334,,,1,60.0,60,60
g2post,LM,congruency,time_resolved_trial_response,glm_clean,balanced_accuracy,20,0.32347803584136636,1.0351297146923724,0.46944444444444444,,,1,60.0,60,60
g2post,LM,congruency,time_resolved_trial_response,glm_clean,balanced_accuracy,21,0.38817364300963964,1.0351297146923724,0.4666666666666666,,,1,60.0,60,60
g2post,LM,congruency,time_resolved_trial_response,glm_clean,balanced_accuracy,22,0.4528692501779129,1.0351297146923724,0.4916666666666667,,,1,60.0,60,60
g2post,LM,congruency,time_resolved_trial_response,glm_clean,balanced_accuracy,23,0.5175648573461862,1.0351297146923724,0.48888888888888893,,,1,60.0,60,60
g2post,LM,congruency,time_resolved_trial_response,glm_clean,balanced_accuracy,24,0.5822604645144595,1.0351297146923724,0.5305555555555556,,,1,60.0,60,60
g2post,LM,congruency,time_resolved_trial_response,glm_clean,balanced_accuracy,25,0.6469560716827327,1.0351297146923724,0.4833333333333333,,,1,60.0,60,60
g2post,LM,congruency,time_resolved_trial_response,glm_clean,balanced_accuracy,26,0.711651678851006,1.0351297146923724,0.5000000000000001,,,1,60.0,60,60
g2post,LM,congruency,time_resolved_trial_response,glm_clean,balanced_accuracy,27,0.7763472860192793,1.0351297146923724,0.4916666666666666,,,1,60.0,60,60
g2post,LM,congruency,time_resolved_trial_response,glm_clean,balanced_accuracy,28,0.8410428931875525,1.0351297146923724,0.525,,,1,60.0,60,60
g2post,LM,congruency,time_resolved_trial_response,glm_clean,balanced_accuracy,29,0.9057385003558258,1.0351297146923724,0.43888888888888883,,,1,60.0,60,60
g2post,LM,congruency,time_resolved_trial_response,glm_clean,balanced_accuracy,30,0.9704341075240991,1.0351297146923724,0.45555555555555555,,,1,60.0,60,60
g2post,LM,congruency,time_resolved_trial_response,glm_clean,balanced_accuracy,31,1.0351297146923724,1.0351297146923724,0.4833333333333334,,,1,60.0,60,60
g2post,LM,congruency,time_resolved_trial_response,glm_clean,balanced_accuracy,32,1.0998253218606455,1.0351297146923724,0.4722222222222222,,,1,60.0,60,60
g2post,LM,congruency,time_resolved_trial_response,glm_clean,balanced_accuracy,33,1.164520929028919,1.0351297146923724,0.4805555555555555,,,1,60.0,60,60
g2post,LM,congruency,time_resolved_trial_response,glm_clean,balanced_accuracy,34,1.229216536197192,1.0351297146923724,0.4305555555555555,,,1,60.0,60,60
g2post,LM,congruency,time_resolved_trial_response,glm_clean,balanced_accuracy,35,1.2939121433654655,1.0351297146923724,0.513888888888889,,,1,60.0,60,60
g2post,LM,congruency,time_resolved_trial_response,glm_clean,balanced_accuracy,36,1.3586077505337386,1.0351297146923724,0.5166666666666666,,,1,60.0,60,60
g2post,LM,congruency,time_resolved_trial_response,glm_clean,balanced_accuracy,37,1.423303357702012,1.0351297146923724,0.475,,,1,60.0,60,60
g2post,LM,congruency,time_resolved_trial_response,glm_clean,balanced_accuracy,38,1.4879989648702852,1.0351297146923724,0.47777777777777775,,,1,60.0,60,60
g2post,LM,congruency,time_resolved_trial_response,glm_clean,balanced_accuracy,39,1.5526945720385585,1.0351297146923724,0.44722222222222224,,,1,60.0,60,60
g2post,LM,congruency,time_resolved_trial_response,glm_clean,balanced_accuracy,40,1.6173901792068317,1.0351297146923724,0.49722222222222234,,,1,60.0,60,60
g2post,LM,congruency,time_resolved_trial_response,glm_clean,balanced_accuracy,41,1.682085786375105,1.0351297146923724,0.4833333333333333,,,1,60.0,60,60
g2post,LM,congruency,time_resolved_trial_response,glm_clean,balanced_accuracy,42,1.7467813935433782,1.0351297146923724,0.5083333333333334,,,1,60.0,60,60
g2post,LM,congruency,time_resolved_trial_response,glm_clean,balanced_accuracy,43,1.8114770007116516,1.0351297146923724,0.513888888888889,,,1,60.0,60,60
g2post,LM,congruency,time_resolved_trial_response,glm_clean,balanced_accuracy,44,1.8761726078799248,1.0351297146923724,0.48611111111111105,,,1,60.0,60,60
g2post,LM,congruency,time_resolved_trial_response,glm_clean,balanced_accuracy,45,1.9408682150481982,1.0351297146923724,0.45555555555555555,,,1,60.0,60,60
g2post,LM,congruency,time_resolved_trial_response,glm_clean,balanced_accuracy,46,2.0055638222164713,1.0351297146923724,0.4472222222222223,,,1,60.0,60,60
g2post,LM,modality,time_resolved_trial_response,glm_clean,balanced_accuracy,0,-0.9704341075240991,1.0351297146923724,0.32962962962962966,,,1,60.0,60,60
g2post,LM,modality,time_resolved_trial_response,glm_clean,balanced_accuracy,1,-0.9057385003558258,1.0351297146923724,0.3435185185185185,,,1,60.0,60,60
g2post,LM,modality,time_resolved_trial_response,glm_clean,balanced_accuracy,2,-0.8410428931875525,1.0351297146923724,0.3194444444444444,,,1,60.0,60,60
g2post,LM,modality,time_resolved_trial_response,glm_clean,balanced_accuracy,3,-0.7763472860192793,1.0351297146923724,0.3287037037037037,,,1,60.0,60,60
g2post,LM,modality,time_resolved_trial_response,glm_clean,balanced_accuracy,4,-0.711651678851006,1.0351297146923724,0.312037037037037,,,1,60.0,60,60
g2post,LM,modality,time_resolved_trial_response,glm_clean,balanced_accuracy,5,-0.6469560716827327,1.0351297146923724,0.35277777777777775,,,1,60.0,60,60
g2post,LM,modality,time_resolved_trial_response,glm_clean,balanced_accuracy,6,-0.5822604645144595,1.0351297146923724,0.34259259259259256,,,1,60.0,60,60
g2post,LM,modality,time_resolved_trial_response,glm_clean,balanced_accuracy,7,-0.5175648573461862,1.0351297146923724,0.32870370370370366,,,1,60.0,60,60
g2post,LM,modality,time_resolved_trial_response,glm_clean,balanced_accuracy,8,-0.4528692501779129,1.0351297146923724,0.3314814814814815,,,1,60.0,60,60
g2post,LM,modality,time_resolved_trial_response,glm_clean,balanced_accuracy,9,-0.38817364300963964,1.0351297146923724,0.3175925925925926,,,1,60.0,60,60
g2post,LM,modality,time_resolved_trial_response,glm_clean,balanced_accuracy,10,-0.32347803584136636,1.0351297146923724,0.3287037037037037,,,1,60.0,60,60
g2post,LM,modality,time_resolved_trial_response,glm_clean,balanced_accuracy,11,-0.2587824286730931,1.0351297146923724,0.3490740740740741,,,1,60.0,60,60
g2post,LM,modality,time_resolved_trial_response,glm_clean,balanced_accuracy,12,-0.19408682150481982,1.0351297146923724,0.34259259259259256,,,1,60.0,60,60
g2post,LM,modality,time_resolved_trial_response,glm_clean,balanced_accuracy,13,-0.12939121433654655,1.0351297146923724,0.312962962962963,,,1,60.0,60,60
g2post,LM,modality,time_resolved_trial_response,glm_clean,balanced_accuracy,14,-0.06469560716827327,1.0351297146923724,0.32685185185185184,,,1,60.0,60,60
g2post,LM,modality,time_resolved_trial_response,glm_clean,balanced_accuracy,15,0.0,1.0351297146923724,0.3314814814814815,,,1,60.0,60,60
g2post,LM,modality,time_resolved_trial_response,glm_clean,balanced_accuracy,16,0.06469560716827327,1.0351297146923724,0.32777777777777783,,,1,60.0,60,60
g2post,LM,modality,time_resolved_trial_response,glm_clean,balanced_accuracy,17,0.12939121433654655,1.0351297146923724,0.34629629629629627,,,1,60.0,60,60
g2post,LM,modality,time_resolved_trial_response,glm_clean,balanced_accuracy,18,0.19408682150481982,1.0351297146923724,0.5120370370370371,,,1,60.0,60,60
g2post,LM,modality,time_resolved_trial_response,glm_clean,balanced_accuracy,19,0.2587824286730931,1.0351297146923724,0.8,,,1,60.0,60,60
g2post,LM,modality,time_resolved_trial_response,glm_clean,balanced_accuracy,20,0.32347803584136636,1.0351297146923724,0.7749999999999999,,,1,60.0,60,60
g2post,LM,modality,time_resolved_trial_response,glm_clean,balanced_accuracy,21,0.38817364300963964,1.0351297146923724,0.7703703703703704,,,1,60.0,60,60
g2post,LM,modality,time_resolved_trial_response,glm_clean,balanced_accuracy,22,0.4528692501779129,1.0351297146923724,0.7435185185185185,,,1,60.0,60,60
g2post,LM,modality,time_resolved_trial_response,glm_clean,balanced_accuracy,23,0.5175648573461862,1.0351297146923724,0.7268518518518519,,,1,60.0,60,60
g2post,LM,modality,time_resolved_trial_response,glm_clean,balanced_accuracy,24,0.5822604645144595,1.0351297146923724,0.749074074074074,,,1,60.0,60,60
g2post,LM,modality,time_resolved_trial_response,glm_clean,balanced_accuracy,25,0.6469560716827327,1.0351297146923724,0.7296296296296296,,,1,60.0,60,60
g2post,LM,modality,time_resolved_trial_response,glm_clean,balanced_accuracy,26,0.711651678851006,1.0351297146923724,0.7240740740740741,,,1,60.0,60,60
g2post,LM,modality,time_resolved_trial_response,glm_clean,balanced_accuracy,27,0.7763472860192793,1.0351297146923724,0.712962962962963,,,1,60.0,60,60
g2post,LM,modality,time_resolved_trial_response,glm_clean,balanced_accuracy,28,0.8410428931875525,1.0351297146923724,0.7148148148148148,,,1,60.0,60,60
g2post,LM,modality,time_resolved_trial_response,glm_clean,balanced_accuracy,29,0.9057385003558258,1.0351297146923724,0.6981481481481482,,,1,60.0,60,60
g2post,LM,modality,time_resolved_trial_response,glm_clean,balanced_accuracy,30,0.9704341075240991,1.0351297146923724,0.6962962962962963,,,1,60.0,60,60
g2post,LM,modality,time_resolved_trial_response,glm_clean,balanced_accuracy,31,1.0351297146923724,1.0351297146923724,0.7361111111111112,,,1,60.0,60,60
g2post,LM,modality,time_resolved_trial_response,glm_clean,balanced_accuracy,32,1.0998253218606455,1.0351297146923724,0.7453703703703703,,,1,60.0,60,60
g2post,LM,modality,time_resolved_trial_response,glm_clean,balanced_accuracy,33,1.164520929028919,1.0351297146923724,0.7092592592592591,,,1,60.0,60,60
g2post,LM,modality,time_resolved_trial_response,glm_clean,balanced_accuracy,34,1.229216536197192,1.0351297146923724,0.7203703703703704,,,1,60.0,60,60
g2post,LM,modality,time_resolved_trial_response,glm_clean,balanced_accuracy,35,1.2939121433654655,1.0351297146923724,0.7111111111111111,,,1,60.0,60,60
g2post,LM,modality,time_resolved_trial_response,glm_clean,balanced_accuracy,36,1.3586077505337386,1.0351297146923724,0.7027777777777777,,,1,60.0,60,60
g2post,LM,modality,time_resolved_trial_response,glm_clean,balanced_accuracy,37,1.423303357702012,1.0351297146923724,0.7018518518518518,,,1,60.0,60,60
g2post,LM,modality,time_resolved_trial_response,glm_clean,balanced_accuracy,38,1.4879989648702852,1.0351297146923724,0.6944444444444445,,,1,60.0,60,60
g2post,LM,modality,time_resolved_trial_response,glm_clean,balanced_accuracy,39,1.5526945720385585,1.0351297146923724,0.6962962962962963,,,1,60.0,60,60
g2post,LM,modality,time_resolved_trial_response,glm_clean,balanced_accuracy,40,1.6173901792068317,1.0351297146923724,0.6555555555555556,,,1,60.0,60,60
g2post,LM,modality,time_resolved_trial_response,glm_clean,balanced_accuracy,41,1.682085786375105,1.0351297146923724,0.662962962962963,,,1,60.0,60,60
g2post,LM,modality,time_resolved_trial_response,glm_clean,balanced_accuracy,42,1.7467813935433782,1.0351297146923724,0.6472222222222224,,,1,60.0,60,60
g2post,LM,modality,time_resolved_trial_response,glm_clean,balanced_accuracy,43,1.8114770007116516,1.0351297146923724,0.6203703703703703,,,1,60.0,60,60
g2post,LM,modality,time_resolved_trial_response,glm_clean,balanced_accuracy,44,1.8761726078799248,1.0351297146923724,0.6129629629629629,,,1,60.0,60,60
g2post,LM,modality,time_resolved_trial_response,glm_clean,balanced_accuracy,45,1.9408682150481982,1.0351297146923724,0.5731481481481481,,,1,60.0,60,60
g2post,LM,modality,time_resolved_trial_response,glm_clean,balanced_accuracy,46,2.0055638222164713,1.0351297146923724,0.5527777777777778,,,1,60.0,60,60
g2post,LM,trial_type,time_resolved_trial_response,glm_clean,balanced_accuracy,0,-0.9704341075240991,1.0351297146923724,0.14305555555555555,,,1,60.0,60,60
g2post,LM,trial_type,time_resolved_trial_response,glm_clean,balanced_accuracy,1,-0.9057385003558258,1.0351297146923724,0.1388888888888889,,,1,60.0,60,60
g2post,LM,trial_type,time_resolved_trial_response,glm_clean,balanced_accuracy,2,-0.8410428931875525,1.0351297146923724,0.12361111111111112,,,1,60.0,60,60
g2post,LM,trial_type,time_resolved_trial_response,glm_clean,balanced_accuracy,3,-0.7763472860192793,1.0351297146923724,0.13611111111111113,,,1,60.0,60,60
g2post,LM,trial_type,time_resolved_trial_response,glm_clean,balanced_accuracy,4,-0.711651678851006,1.0351297146923724,0.10277777777777777,,,1,60.0,60,60
g2post,LM,trial_type,time_resolved_trial_response,glm_clean,balanced_accuracy,5,-0.6469560716827327,1.0351297146923724,0.1361111111111111,,,1,60.0,60,60
g2post,LM,trial_type,time_resolved_trial_response,glm_clean,balanced_accuracy,6,-0.5822604645144595,1.0351297146923724,0.09861111111111112,,,1,60.0,60,60
g2post,LM,trial_type,time_resolved_trial_response,glm_clean,balanced_accuracy,7,-0.5175648573461862,1.0351297146923724,0.12499999999999997,,,1,60.0,60,60
g2post,LM,trial_type,time_resolved_trial_response,glm_clean,balanced_accuracy,8,-0.4528692501779129,1.0351297146923724,0.12638888888888888,,,1,60.0,60,60
g2post,LM,trial_type,time_resolved_trial_response,glm_clean,balanced_accuracy,9,-0.38817364300963964,1.0351297146923724,0.12638888888888888,,,1,60.0,60,60
g2post,LM,trial_type,time_resolved_trial_response,glm_clean,balanced_accuracy,10,-0.32347803584136636,1.0351297146923724,0.13194444444444442,,,1,60.0,60,60
g2post,LM,trial_type,time_resolved_trial_response,glm_clean,balanced_accuracy,11,-0.2587824286730931,1.0351297146923724,0.12222222222222223,,,1,60.0,60,60
g2post,LM,trial_type,time_resolved_trial_response,glm_clean,balanced_accuracy,12,-0.19408682150481982,1.0351297146923724,0.13194444444444445,,,1,60.0,60,60
g2post,LM,trial_type,time_resolved_trial_response,glm_clean,balanced_accuracy,13,-0.12939121433654655,1.0351297146923724,0.14166666666666666,,,1,60.0,60,60
g2post,LM,trial_type,time_resolved_trial_response,glm_clean,balanced_accuracy,14,-0.06469560716827327,1.0351297146923724,0.125,,,1,60.0,60,60
g2post,LM,trial_type,time_resolved_trial_response,glm_clean,balanced_accuracy,15,0.0,1.0351297146923724,0.12638888888888888,,,1,60.0,60,60
g2post,LM,trial_type,time_resolved_trial_response,glm_clean,balanced_accuracy,16,0.06469560716827327,1.0351297146923724,0.13333333333333333,,,1,60.0,60,60
g2post,LM,trial_type,time_resolved_trial_response,glm_clean,balanced_accuracy,17,0.12939121433654655,1.0351297146923724,0.13194444444444445,,,1,60.0,60,60
g2post,LM,trial_type,time_resolved_trial_response,glm_clean,balanced_accuracy,18,0.19408682150481982,1.0351297146923724,0.17916666666666667,,,1,60.0,60,60
g2post,LM,trial_type,time_resolved_trial_response,glm_clean,balanced_accuracy,19,0.2587824286730931,1.0351297146923724,0.31805555555555554,,,1,60.0,60,60
g2post,LM,trial_type,time_resolved_trial_response,glm_clean,balanced_accuracy,20,0.32347803584136636,1.0351297146923724,0.3458333333333333,,,1,60.0,60,60
g2post,LM,trial_type,time_resolved_trial_response,glm_clean,balanced_accuracy,21,0.38817364300963964,1.0351297146923724,0.35833333333333334,,,1,60.0,60,60
g2post,LM,trial_type,time_resolved_trial_response,glm_clean,balanced_accuracy,22,0.4528692501779129,1.0351297146923724,0.3583333333333333,,,1,60.0,60,60
g2post,LM,trial_type,time_resolved_trial_response,glm_clean,balanced_accuracy,23,0.5175648573461862,1.0351297146923724,0.39444444444444443,,,1,60.0,60,60
g2post,LM,trial_type,time_resolved_trial_response,glm_clean,balanced_accuracy,24,0.5822604645144595,1.0351297146923724,0.4097222222222222,,,1,60.0,60,60
g2post,LM,trial_type,time_resolved_trial_response,glm_clean,balanced_accuracy,25,0.6469560716827327,1.0351297146923724,0.46805555555555556,,,1,60.0,60,60
g2post,LM,trial_type,time_resolved_trial_response,glm_clean,balanced_accuracy,26,0.711651678851006,1.0351297146923724,0.41388888888888886,,,1,60.0,60,60
g2post,LM,trial_type,time_resolved_trial_response,glm_clean,balanced_accuracy,27,0.7763472860192793,1.0351297146923724,0.41666666666666663,,,1,60.0,60,60
g2post,LM,trial_type,time_resolved_trial_response,glm_clean,balanced_accuracy,28,0.8410428931875525,1.0351297146923724,0.38611111111111107,,,1,60.0,60,60
g2post,LM,trial_type,time_resolved_trial_response,glm_clean,balanced_accuracy,29,0.9057385003558258,1.0351297146923724,0.4055555555555556,,,1,60.0,60,60
g2post,LM,trial_type,time_resolved_trial_response,glm_clean,balanced_accuracy,30,0.9704341075240991,1.0351297146923724,0.42638888888888893,,,1,60.0,60,60
g2post,LM,trial_type,time_resolved_trial_response,glm_clean,balanced_accuracy,31,1.0351297146923724,1.0351297146923724,0.39861111111111114,,,1,60.0,60,60
g2post,LM,trial_type,time_resolved_trial_response,glm_clean,balanced_accuracy,32,1.0998253218606455,1.0351297146923724,0.4208333333333333,,,1,60.0,60,60
g2post,LM,trial_type,time_resolved_trial_response,glm_clean,balanced_accuracy,33,1.164520929028919,1.0351297146923724,0.4305555555555555,,,1,60.0,60,60
g2post,LM,trial_type,time_resolved_trial_response,glm_clean,balanced_accuracy,34,1.229216536197192,1.0351297146923724,0.4125,,,1,60.0,60,60
g2post,LM,trial_type,time_resolved_trial_response,glm_clean,balanced_accuracy,35,1.2939121433654655,1.0351297146923724,0.4041666666666667,,,1,60.0,60,60
g2post,LM,trial_type,time_resolved_trial_response,glm_clean,balanced_accuracy,36,1.3586077505337386,1.0351297146923724,0.38888888888888884,,,1,60.0,60,60
g2post,LM,trial_type,time_resolved_trial_response,glm_clean,balanced_accuracy,37,1.423303357702012,1.0351297146923724,0.37361111111111106,,,1,60.0,60,60
g2post,LM,trial_type,time_resolved_trial_response,glm_clean,balanced_accuracy,38,1.4879989648702852,1.0351297146923724,0.3638888888888889,,,1,60.0,60,60
g2post,LM,trial_type,time_resolved_trial_response,glm_clean,balanced_accuracy,39,1.5526945720385585,1.0351297146923724,0.35833333333333334,,,1,60.0,60,60
g2post,LM,trial_type,time_resolved_trial_response,glm_clean,balanced_accuracy,40,1.6173901792068317,1.0351297146923724,0.34305555555555556,,,1,60.0,60,60
g2post,LM,trial_type,time_resolved_trial_response,glm_clean,balanced_accuracy,41,1.682085786375105,1.0351297146923724,0.33333333333333337,,,1,60.0,60,60
g2post,LM,trial_type,time_resolved_trial_response,glm_clean,balanced_accuracy,42,1.7467813935433782,1.0351297146923724,0.29444444444444445,,,1,60.0,60,60
g2post,LM,trial_type,time_resolved_trial_response,glm_clean,balanced_accuracy,43,1.8114770007116516,1.0351297146923724,0.2930555555555556,,,1,60.0,60,60
g2post,LM,trial_type,time_resolved_trial_response,glm_clean,balanced_accuracy,44,1.8761726078799248,1.0351297146923724,0.31666666666666665,,,1,60.0,60,60
g2post,LM,trial_type,time_resolved_trial_response,glm_clean,balanced_accuracy,45,1.9408682150481982,1.0351297146923724,0.2888888888888889,,,1,60.0,60,60
g2post,LM,trial_type,time_resolved_trial_response,glm_clean,balanced_accuracy,46,2.0055638222164713,1.0351297146923724,0.28888888888888886,,,1,60.0,60,60
g2post,LM,visual_direction,time_resolved_trial_response,glm_clean,balanced_accuracy,0,-0.9704341075240991,1.0351297146923724,0.5092592592592593,,,1,60.0,60,60
g2post,LM,visual_direction,time_resolved_trial_response,glm_clean,balanced_accuracy,1,-0.9057385003558258,1.0351297146923724,0.5074074074074073,,,1,60.0,60,60
g2post,LM,visual_direction,time_resolved_trial_response,glm_clean,balanced_accuracy,2,-0.8410428931875525,1.0351297146923724,0.49259259259259264,,,1,60.0,60,60
g2post,LM,visual_direction,time_resolved_trial_response,glm_clean,balanced_accuracy,3,-0.7763472860192793,1.0351297146923724,0.5074074074074074,,,1,60.0,60,60
g2post,LM,visual_direction,time_resolved_trial_response,glm_clean,balanced_accuracy,4,-0.711651678851006,1.0351297146923724,0.5111111111111113,,,1,60.0,60,60
g2post,LM,visual_direction,time_resolved_trial_response,glm_clean,balanced_accuracy,5,-0.6469560716827327,1.0351297146923724,0.524074074074074,,,1,60.0,60,60
g2post,LM,visual_direction,time_resolved_trial_response,glm_clean,balanced_accuracy,6,-0.5822604645144595,1.0351297146923724,0.4851851851851852,,,1,60.0,60,60
g2post,LM,visual_direction,time_resolved_trial_response,glm_clean,balanced_accuracy,7,-0.5175648573461862,1.0351297146923724,0.5203703703703704,,,1,60.0,60,60
g2post,LM,visual_direction,time_resolved_trial_response,glm_clean,balanced_accuracy,8,-0.4528692501779129,1.0351297146923724,0.5166666666666666,,,1,60.0,60,60
g2post,LM,visual_direction,time_resolved_trial_response,glm_clean,balanced_accuracy,9,-0.38817364300963964,1.0351297146923724,0.47407407407407404,,,1,60.0,60,60
g2post,LM,visual_direction,time_resolved_trial_response,glm_clean,balanced_accuracy,10,-0.32347803584136636,1.0351297146923724,0.5333333333333333,,,1,60.0,60,60
g2post,LM,visual_direction,time_resolved_trial_response,glm_clean,balanced_accuracy,11,-0.2587824286730931,1.0351297146923724,0.45925925925925926,,,1,60.0,60,60
g2post,LM,visual_direction,time_resolved_trial_response,glm_clean,balanced_accuracy,12,-0.19408682150481982,1.0351297146923724,0.4537037037037037,,,1,60.0,60,60
g2post,LM,visual_direction,time_resolved_trial_response,glm_clean,balanced_accuracy,13,-0.12939121433654655,1.0351297146923724,0.4814814814814815,,,1,60.0,60,60
g2post,LM,visual_direction,time_resolved_trial_response,glm_clean,balanced_accuracy,14,-0.06469560716827327,1.0351297146923724,0.4981481481481481,,,1,60.0,60,60
g2post,LM,visual_direction,time_resolved_trial_response,glm_clean,balanced_accuracy,15,0.0,1.0351297146923724,0.4462962962962963,,,1,60.0,60,60
g2post,LM,visual_direction,time_resolved_trial_response,glm_clean,balanced_accuracy,16,0.06469560716827327,1.0351297146923724,0.5240740740740741,,,1,60.0,60,60
g2post,LM,visual_direction,time_resolved_trial_response,glm_clean,balanced_accuracy,17,0.12939121433654655,1.0351297146923724,0.5444444444444445,,,1,60.0,60,60
g2post,LM,visual_direction,time_resolved_trial_response,glm_clean,balanced_accuracy,18,0.19408682150481982,1.0351297146923724,0.4981481481481482,,,1,60.0,60,60
g2post,LM,visual_direction,time_resolved_trial_response,glm_clean,balanced_accuracy,19,0.2587824286730931,1.0351297146923724,0.5907407407407408,,,1,60.0,60,60
g2post,LM,visual_direction,time_resolved_trial_response,glm_clean,balanced_accuracy,20,0.32347803584136636,1.0351297146923724,0.6907407407407408,,,1,60.0,60,60
g2post,LM,visual_direction,time_resolved_trial_response,glm_clean,balanced_accuracy,21,0.38817364300963964,1.0351297146923724,0.7592592592592592,,,1,60.0,60,60
g2post,LM,visual_direction,time_resolved_trial_response,glm_clean,balanced_accuracy,22,0.4528692501779129,1.0351297146923724,0.8462962962962962,,,1,60.0,60,60
g2post,LM,visual_direction,time_resolved_trial_response,glm_clean,balanced_accuracy,23,0.5175648573461862,1.0351297146923724,0.9166666666666666,,,1,60.0,60,60
g2post,LM,visual_direction,time_resolved_trial_response,glm_clean,balanced_accuracy,24,0.5822604645144595,1.0351297146923724,0.9703703703703702,,,1,60.0,60,60
g2post,LM,visual_direction,time_resolved_trial_response,glm_clean,balanced_accuracy,25,0.6469560716827327,1.0351297146923724,0.9907407407407407,,,1,60.0,60,60
g2post,LM,visual_direction,time_resolved_trial_response,glm_clean,balanced_accuracy,26,0.711651678851006,1.0351297146923724,0.9814814814814815,,,1,60.0,60,60
g2post,LM,visual_direction,time_resolved_trial_response,glm_clean,balanced_accuracy,27,0.7763472860192793,1.0351297146923724,0.9666666666666666,,,1,60.0,60,60
g2post,LM,visual_direction,time_resolved_trial_response,glm_clean,balanced_accuracy,28,0.8410428931875525,1.0351297146923724,0.9814814814814813,,,1,60.0,60,60
g2post,LM,visual_direction,time_resolved_trial_response,glm_clean,balanced_accuracy,29,0.9057385003558258,1.0351297146923724,0.9759259259259258,,,1,60.0,60,60
g2post,LM,visual_direction,time_resolved_trial_response,glm_clean,balanced_accuracy,30,0.9704341075240991,1.0351297146923724,0.9814814814814813,,,1,60.0,60,60
g2post,LM,visual_direction,time_resolved_trial_response,glm_clean,balanced_accuracy,31,1.0351297146923724,1.0351297146923724,0.9777777777777779,,,1,60.0,60,60
g2post,LM,visual_direction,time_resolved_trial_response,glm_clean,balanced_accuracy,32,1.0998253218606455,1.0351297146923724,0.9722222222222221,,,1,60.0,60,60
g2post,LM,visual_direction,time_resolved_trial_response,glm_clean,balanced_accuracy,33,1.164520929028919,1.0351297146923724,0.961111111111111,,,1,60.0,60,60
g2post,LM,visual_direction,time_resolved_trial_response,glm_clean,balanced_accuracy,34,1.229216536197192,1.0351297146923724,0.9388888888888889,,,1,60.0,60,60
g2post,LM,visual_direction,time_resolved_trial_response,glm_clean,balanced_accuracy,35,1.2939121433654655,1.0351297146923724,0.9166666666666667,,,1,60.0,60,60
g2post,LM,visual_direction,time_resolved_trial_response,glm_clean,balanced_accuracy,36,1.3586077505337386,1.0351297146923724,0.9259259259259259,,,1,60.0,60,60
g2post,LM,visual_direction,time_resolved_trial_response,glm_clean,balanced_accuracy,37,1.423303357702012,1.0351297146923724,0.9055555555555556,,,1,60.0,60,60
g2post,LM,visual_direction,time_resolved_trial_response,glm_clean,balanced_accuracy,38,1.4879989648702852,1.0351297146923724,0.9222222222222222,,,1,60.0,60,60
g2post,LM,visual_direction,time_resolved_trial_response,glm_clean,balanced_accuracy,39,1.5526945720385585,1.0351297146923724,0.8796296296296298,,,1,60.0,60,60
g2post,LM,visual_direction,time_resolved_trial_response,glm_clean,balanced_accuracy,40,1.6173901792068317,1.0351297146923724,0.8666666666666666,,,1,60.0,60,60
g2post,LM,visual_direction,time_resolved_trial_response,glm_clean,balanced_accuracy,41,1.682085786375105,1.0351297146923724,0.8574074074074074,,,1,60.0,60,60
g2post,LM,visual_direction,time_resolved_trial_response,glm_clean,balanced_accuracy,42,1.7467813935433782,1.0351297146923724,0.8592592592592592,,,1,60.0,60,60
g2post,LM,visual_direction,time_resolved_trial_response,glm_clean,balanced_accuracy,43,1.8114770007116516,1.0351297146923724,0.8407407407407408,,,1,60.0,60,60
g2post,LM,visual_direction,time_resolved_trial_response,glm_clean,balanced_accuracy,44,1.8761726078799248,1.0351297146923724,0.8333333333333333,,,1,60.0,60,60
g2post,LM,visual_direction,time_resolved_trial_response,glm_clean,balanced_accuracy,45,1.9408682150481982,1.0351297146923724,0.85,,,1,60.0,60,60
g2post,LM,visual_direction,time_resolved_trial_response,glm_clean,balanced_accuracy,46,2.0055638222164713,1.0351297146923724,0.8314814814814815,,,1,60.0,60,60
g2post,V1,auditory_direction,time_resolved_trial_response,glm_clean,balanced_accuracy,0,-0.9704341075240991,1.0351297146923724,0.5169753086419753,0.0198560203841584,0.008106186377248284,6,307.8333333333333,77,520
g2post,V1,auditory_direction,time_resolved_trial_response,glm_clean,balanced_accuracy,1,-0.9057385003558258,1.0351297146923724,0.4861111111111111,0.01809705582008525,0.007388092100978906,6,307.8333333333333,77,520
g2post,V1,auditory_direction,time_resolved_trial_response,glm_clean,balanced_accuracy,2,-0.8410428931875525,1.0351297146923724,0.4904320987654321,0.04074775472731945,0.01663520120766896,6,307.8333333333333,77,520
g2post,V1,auditory_direction,time_resolved_trial_response,glm_clean,balanced_accuracy,3,-0.7763472860192793,1.0351297146923724,0.4938271604938272,0.021136004383482277,0.008628737656793355,6,307.8333333333333,77,520
g2post,V1,auditory_direction,time_resolved_trial_response,glm_clean,balanced_accuracy,4,-0.711651678851006,1.0351297146923724,0.48796296296296293,0.026156383133010254,0.010678298698769257,6,307.8333333333333,77,520
g2post,V1,auditory_direction,time_resolved_trial_response,glm_clean,balanced_accuracy,5,-0.6469560716827327,1.0351297146923724,0.5003086419753087,0.04121635954893772,0.016826508324997744,6,307.8333333333333,77,520
g2post,V1,auditory_direction,time_resolved_trial_response,glm_clean,balanced_accuracy,6,-0.5822604645144595,1.0351297146923724,0.5061728395061728,0.03641452149074722,0.014866166146657154,6,307.8333333333333,77,520
g2post,V1,auditory_direction,time_resolved_trial_response,glm_clean,balanced_accuracy,7,-0.5175648573461862,1.0351297146923724,0.5,0.03183892933383327,0.012998188470737174,6,307.8333333333333,77,520
g2post,V1,auditory_direction,time_resolved_trial_response,glm_clean,balanced_accuracy,8,-0.4528692501779129,1.0351297146923724,0.5015432098765432,0.023171593065525964,0.009459763256325276,6,307.8333333333333,77,520
g2post,V1,auditory_direction,time_resolved_trial_response,glm_clean,balanced_accuracy,9,-0.38817364300963964,1.0351297146923724,0.5012345679012346,0.020841904958190313,0.008508672069191505,6,307.8333333333333,77,520
g2post,V1,auditory_direction,time_resolved_trial_response,glm_clean,balanced_accuracy,10,-0.32347803584136636,1.0351297146923724,0.4648148148148148,0.03308549842092935,0.013507098169489248,6,307.8333333333333,77,520
g2post,V1,auditory_direction,time_resolved_trial_response,glm_clean,balanced_accuracy,11,-0.2587824286730931,1.0351297146923724,0.5040123456790123,0.0238138835906484,0.00972197726518765,6,307.8333333333333,77,520
g2post,V1,auditory_direction,time_resolved_trial_response,glm_clean,balanced_accuracy,12,-0.19408682150481982,1.0351297146923724,0.5083333333333333,0.015214515486254595,0.006211299937499408,6,307.8333333333333,77,520
g2post,V1,auditory_direction,time_resolved_trial_response,glm_clean,balanced_accuracy,13,-0.12939121433654655,1.0351297146923724,0.5027777777777778,0.02708392686908988,0.01105696684335423,6,307.8333333333333,77,520
g2post,V1,auditory_direction,time_resolved_trial_response,glm_clean,balanced_accuracy,14,-0.06469560716827327,1.0351297146923724,0.48518518518518516,0.041192778410071886,0.016816881365368574,6,307.8333333333333,77,520
g2post,V1,auditory_direction,time_resolved_trial_response,glm_clean,balanced_accuracy,15,0.0,1.0351297146923724,0.487037037037037,0.03133954933526841,0.012794317440031224,6,307.8333333333333,77,520
g2post,V1,auditory_direction,time_resolved_trial_response,glm_clean,balanced_accuracy,16,0.06469560716827327,1.0351297146923724,0.4978395061728395,0.015948161336745467,0.006510809601768213,6,307.8333333333333,77,520
g2post,V1,auditory_direction,time_resolved_trial_response,glm_clean,balanced_accuracy,17,0.12939121433654655,1.0351297146923724,0.509567901234568,0.04860773062907804,0.01984402293264906,6,307.8333333333333,77,520
g2post,V1,auditory_direction,time_resolved_trial_response,glm_clean,balanced_accuracy,18,0.19408682150481982,1.0351297146923724,0.5475308641975308,0.11102259848967727,0.04532478603626661,6,307.8333333333333,77,520
g2post,V1,auditory_direction,time_resolved_trial_response,glm_clean,balanced_accuracy,19,0.2587824286730931,1.0351297146923724,0.504320987654321,0.02242703965998143,0.009155800601352675,6,307.8333333333333,77,520
g2post,V1,auditory_direction,time_resolved_trial_response,glm_clean,balanced_accuracy,20,0.32347803584136636,1.0351297146923724,0.5296296296296296,0.03237299760505508,0.01321622092945447,6,307.8333333333333,77,520
g2post,V1,auditory_direction,time_resolved_trial_response,glm_clean,balanced_accuracy,21,0.38817364300963964,1.0351297146923724,0.5256172839506172,0.0324241579285476,0.013237107044059868,6,307.8333333333333,77,520
g2post,V1,auditory_direction,time_resolved_trial_response,glm_clean,balanced_accuracy,22,0.4528692501779129,1.0351297146923724,0.5385802469135803,0.023052890420604485,0.009411303104462546,6,307.8333333333333,77,520
g2post,V1,auditory_direction,time_resolved_trial_response,glm_clean,balanced_accuracy,23,0.5175648573461862,1.0351297146923724,0.5185185185185185,0.020753964038699117,0.008472770339147404,6,307.8333333333333,77,520
g2post,V1,auditory_direction,time_resolved_trial_response,glm_clean,balanced_accuracy,24,0.5822604645144595,1.0351297146923724,0.5351851851851852,0.03398539184282807,0.013874478120579074,6,307.8333333333333,77,520
g2post,V1,auditory_direction,time_resolved_trial_response,glm_clean,balanced_accuracy,25,0.6469560716827327,1.0351297146923724,0.5314814814814816,0.04917704082503615,0.020076442846892608,6,307.8333333333333,77,520
g2post,V1,auditory_direction,time_resolved_trial_response,glm_clean,balanced_accuracy,26,0.711651678851006,1.0351297146923724,0.5287037037037037,0.02824908801956095,0.01153264189114895,6,307.8333333333333,77,520
g2post,V1,auditory_direction,time_resolved_trial_response,glm_clean,balanced_accuracy,27,0.7763472860192793,1.0351297146923724,0.5373456790123456,0.02694852754264989,0.011001690299805146,6,307.8333333333333,77,520
g2post,V1,auditory_direction,time_resolved_trial_response,glm_clean,balanced_accuracy,28,0.8410428931875525,1.0351297146923724,0.5231481481481481,0.023181457515979418,0.009463790401359265,6,307.8333333333333,77,520
g2post,V1,auditory_direction,time_resolved_trial_response,glm_clean,balanced_accuracy,29,0.9057385003558258,1.0351297146923724,0.520679012345679,0.022449964688051053,0.009165159704870933,6,307.8333333333333,77,520
g2post,V1,auditory_direction,time_resolved_trial_response,glm_clean,balanced_accuracy,30,0.9704341075240991,1.0351297146923724,0.5216049382716049,0.02559756790001692,0.010450163335214563,6,307.8333333333333,77,520
g2post,V1,auditory_direction,time_resolved_trial_response,glm_clean,balanced_accuracy,31,1.0351297146923724,1.0351297146923724,0.5209876543209876,0.037945644950852606,0.015491244681734292,6,307.8333333333333,77,520
g2post,V1,auditory_direction,time_resolved_trial_response,glm_clean,balanced_accuracy,32,1.0998253218606455,1.0351297146923724,0.525925925925926,0.027467401804058038,0.011213519829990722,6,307.8333333333333,77,520
g2post,V1,auditory_direction,time_resolved_trial_response,glm_clean,balanced_accuracy,33,1.164520929028919,1.0351297146923724,0.5132716049382716,0.05157886694488147,0.021056984254310913,6,307.8333333333333,77,520
g2post,V1,auditory_direction,time_resolved_trial_response,glm_clean,balanced_accuracy,34,1.229216536197192,1.0351297146923724,0.5089506172839506,0.022449964688051115,0.009165159704870961,6,307.8333333333333,77,520
g2post,V1,auditory_direction,time_resolved_trial_response,glm_clean,balanced_accuracy,35,1.2939121433654655,1.0351297146923724,0.5216049382716049,0.027880468618854858,0.011382153650978876,6,307.8333333333333,77,520
g2post,V1,auditory_direction,time_resolved_trial_response,glm_clean,balanced_accuracy,36,1.3586077505337386,1.0351297146923724,0.512037037037037,0.018839805508681275,0.0076913183915908005,6,307.8333333333333,77,520
g2post,V1,auditory_direction,time_resolved_trial_response,glm_clean,balanced_accuracy,37,1.423303357702012,1.0351297146923724,0.5037037037037037,0.026784718121132606,0.01093481538350884,6,307.8333333333333,77,520
g2post,V1,auditory_direction,time_resolved_trial_response,glm_clean,balanced_accuracy,38,1.4879989648702852,1.0351297146923724,0.5083333333333333,0.02416648928557008,0.009865927937347247,6,307.8333333333333,77,520
g2post,V1,auditory_direction,time_resolved_trial_response,glm_clean,balanced_accuracy,39,1.5526945720385585,1.0351297146923724,0.5179012345679013,0.02604909016277121,0.010634496527090377,6,307.8333333333333,77,520
g2post,V1,auditory_direction,time_resolved_trial_response,glm_clean,balanced_accuracy,40,1.6173901792068317,1.0351297146923724,0.5182098765432098,0.025857493459202237,0.010556277500399834,6,307.8333333333333,77,520
g2post,V1,auditory_direction,time_resolved_trial_response,glm_clean,balanced_accuracy,41,1.682085786375105,1.0351297146923724,0.513888888888889,0.032048274629401484,0.013083653329769549,6,307.8333333333333,77,520
g2post,V1,auditory_direction,time_resolved_trial_response,glm_clean,balanced_accuracy,42,1.7467813935433782,1.0351297146923724,0.524074074074074,0.040975753143523905,0.016728281171312896,6,307.8333333333333,77,520
g2post,V1,auditory_direction,time_resolved_trial_response,glm_clean,balanced_accuracy,43,1.8114770007116516,1.0351297146923724,0.5077160493827161,0.011619048422175262,0.004743456655169895,6,307.8333333333333,77,520
g2post,V1,auditory_direction,time_resolved_trial_response,glm_clean,balanced_accuracy,44,1.8761726078799248,1.0351297146923724,0.5141975308641975,0.03485550550901507,0.01422970053730916,6,307.8333333333333,77,520
g2post,V1,auditory_direction,time_resolved_trial_response,glm_clean,balanced_accuracy,45,1.9408682150481982,1.0351297146923724,0.5077160493827161,0.02914926974797862,0.011900139542882271,6,307.8333333333333,77,520
g2post,V1,auditory_direction,time_resolved_trial_response,glm_clean,balanced_accuracy,46,2.0055638222164713,1.0351297146923724,0.5123456790123457,0.032195959213326936,0.013143945308684983,6,307.8333333333333,77,520
g2post,V1,congruency,time_resolved_trial_response,glm_clean,balanced_accuracy,0,-0.9704341075240991,1.0351297146923724,0.5064814814814814,0.024637286473426098,0.010058130084444662,6,307.8333333333333,77,520
g2post,V1,congruency,time_resolved_trial_response,glm_clean,balanced_accuracy,1,-0.9057385003558258,1.0351297146923724,0.512962962962963,0.04576734868616842,0.018684441860191782,6,307.8333333333333,77,520
g2post,V1,congruency,time_resolved_trial_response,glm_clean,balanced_accuracy,2,-0.8410428931875525,1.0351297146923724,0.5166666666666667,0.03880944265905108,0.01584388861941292,6,307.8333333333333,77,520
g2post,V1,congruency,time_resolved_trial_response,glm_clean,balanced_accuracy,3,-0.7763472860192793,1.0351297146923724,0.487962962962963,0.037253994179208834,0.015208879436612711,6,307.8333333333333,77,520
g2post,V1,congruency,time_resolved_trial_response,glm_clean,balanced_accuracy,4,-0.711651678851006,1.0351297146923724,0.5203703703703704,0.03671153259555373,0.014987420422443195,6,307.8333333333333,77,520
g2post,V1,congruency,time_resolved_trial_response,glm_clean,balanced_accuracy,5,-0.6469560716827327,1.0351297146923724,0.5101851851851852,0.022199062005171886,0.009062729113512719,6,307.8333333333333,77,520
g2post,V1,congruency,time_resolved_trial_response,glm_clean,balanced_accuracy,6,-0.5822604645144595,1.0351297146923724,0.5055555555555555,0.018509256943286315,0.007556372504853025,6,307.8333333333333,77,520
g2post,V1,congruency,time_resolved_trial_response,glm_clean,balanced_accuracy,7,-0.5175648573461862,1.0351297146923724,0.4981481481481482,0.02068776302780583,0.00844574388962324,6,307.8333333333333,77,520
g2post,V1,congruency,time_resolved_trial_response,glm_clean,balanced_accuracy,8,-0.4528692501779129,1.0351297146923724,0.49212962962962975,0.04646174141848176,0.018967926506069235,6,307.8333333333333,77,520
g2post,V1,congruency,time_resolved_trial_response,glm_clean,balanced_accuracy,9,-0.38817364300963964,1.0351297146923724,0.4884259259259259,0.022042094035391077,0.008998647208192118,6,307.8333333333333,77,520
g2post,V1,congruency,time_resolved_trial_response,glm_clean,balanced_accuracy,10,-0.32347803584136636,1.0351297146923724,0.5101851851851852,0.029848726975494528,0.012185691760268234,6,307.8333333333333,77,520
g2post,V1,congruency,time_resolved_trial_response,glm_clean,balanced_accuracy,11,-0.2587824286730931,1.0351297146923724,0.5148148148148148,0.02603811704203383,0.01063001676930829,6,307.8333333333333,77,520
g2post,V1,congruency,time_resolved_trial_response,glm_clean,balanced_accuracy,12,-0.19408682150481982,1.0351297146923724,0.5203703703703704,0.024002743327436536,0.00979907892986886,6,307.8333333333333,77,520
g2post,V1,congruency,time_resolved_trial_response,glm_clean,balanced_accuracy,13,-0.12939121433654655,1.0351297146923724,0.5027777777777779,0.029027445505807013,0.011850405004278657,6,307.8333333333333,77,520
g2post,V1,congruency,time_resolved_trial_response,glm_clean,balanced_accuracy,14,-0.06469560716827327,1.0351297146923724,0.48657407407407405,0.04459753725507844,0.018206868343284215,6,307.8333333333333,77,520
g2post,V1,congruency,time_resolved_trial_response,glm_clean,balanced_accuracy,15,0.0,1.0351297146923724,0.47453703703703703,0.03207902408129386,0.013096206740937312,6,307.8333333333333,77,520
g2post,V1,congruency,time_resolved_trial_response,glm_clean,balanced_accuracy,16,0.06469560716827327,1.0351297146923724,0.4921296296296296,0.05068715066758395,0.0206929426085254,6,307.8333333333333,77,520
g2post,V1,congruency,time_resolved_trial_response,glm_clean,balanced_accuracy,17,0.12939121433654655,1.0351297146923724,0.4962962962962963,0.022406642166302525,0.009147473359428514,6,307.8333333333333,77,520
g2post,V1,congruency,time_resolved_trial_response,glm_clean,balanced_accuracy,18,0.19408682150481982,1.0351297146923724,0.49953703703703706,0.02957605109465952,0.012074372298066613,6,307.8333333333333,77,520
g2post,V1,congruency,time_resolved_trial_response,glm_clean,balanced_accuracy,19,0.2587824286730931,1.0351297146923724,0.48888888888888893,0.039907299991262205,0.016292086998461332,6,307.8333333333333,77,520
g2post,V1,congruency,time_resolved_trial_response,glm_clean,balanced_accuracy,20,0.32347803584136636,1.0351297146923724,0.4986111111111111,0.023749593888665616,0.009695731104258747,6,307.8333333333333,77,520
g2post,V1,congruency,time_resolved_trial_response,glm_clean,balanced_accuracy,21,0.38817364300963964,1.0351297146923724,0.48148148148148157,0.038315884380825324,0.015642394296082968,6,307.8333333333333,77,520
g2post,V1,congruency,time_resolved_trial_response,glm_clean,balanced_accuracy,22,0.4528692501779129,1.0351297146923724,0.48981481481481476,0.05243063220499672,0.021404715965629473,6,307.8333333333333,77,520
g2post,V1,congruency,time_resolved_trial_response,glm_clean,balanced_accuracy,23,0.5175648573461862,1.0351297146923724,0.5050925925925926,0.03546066620548219,0.014476756357097784,6,307.8333333333333,77,520
g2post,V1,congruency,time_resolved_trial_response,glm_clean,balanced_accuracy,24,0.5822604645144595,1.0351297146923724,0.5041666666666667,0.040435514887256385,0.016507729826748502,6,307.8333333333333,77,520
g2post,V1,congruency,time_resolved_trial_response,glm_clean,balanced_accuracy,25,0.6469560716827327,1.0351297146923724,0.5111111111111111,0.0307819892826557,0.012566694501721144,6,307.8333333333333,77,520
g2post,V1,congruency,time_resolved_trial_response,glm_clean,balanced_accuracy,26,0.711651678851006,1.0351297146923724,0.4962962962962963,0.03696288874036932,0.015090036138861746,6,307.8333333333333,77,520
g2post,V1,congruency,time_resolved_trial_response,glm_clean,balanced_accuracy,27,0.7763472860192793,1.0351297146923724,0.5115740740740741,0.02536259680853737,0.010354236788809609,6,307.8333333333333,77,520
g2post,V1,congruency,time_resolved_trial_response,glm_clean,balanced_accuracy,28,0.8410428931875525,1.0351297146923724,0.48657407407407405,0.016236738811805748,0.006628620862627951,6,307.8333333333333,77,520
g2post,V1,congruency,time_resolved_trial_response,glm_clean,balanced_accuracy,29,0.9057385003558258,1.0351297146923724,0.4967592592592592,0.017692213069375528,0.0072228157400949745,6,307.8333333333333,77,520
g2post,V1,congruency,time_resolved_trial_response,glm_clean,balanced_accuracy,30,0.9704341075240991,1.0351297146923724,0.49907407407407406,0.020311362345475956,0.008292078954532638,6,307.8333333333333,77,520
g2post,V1,congruency,time_resolved_trial_response,glm_clean,balanced_accuracy,31,1.0351297146923724,1.0351297146923724,0.5208333333333334,0.015189136793880394,0.006200939129723432,6,307.8333333333333,77,520
g2post,V1,congruency,time_resolved_trial_response,glm_clean,balanced_accuracy,32,1.0998253218606455,1.0351297146923724,0.4962962962962963,0.030412121256853553,0.012415696512490172,6,307.8333333333333,77,520
g2post,V1,congruency,time_resolved_trial_response,glm_clean,balanced_accuracy,33,1.164520929028919,1.0351297146923724,0.5027777777777778,0.03342579768109185,0.013646024760696703,6,307.8333333333333,77,520
g2post,V1,congruency,time_resolved_trial_response,glm_clean,balanced_accuracy,34,1.229216536197192,1.0351297146923724,0.5078703703703703,0.017604771612807026,0.0071871179149352125,6,307.8333333333333,77,520
g2post,V1,congruency,time_resolved_trial_response,glm_clean,balanced_accuracy,35,1.2939121433654655,1.0351297146923724,0.48888888888888893,0.02496911672693803,0.010193599218165098,6,307.8333333333333,77,520
g2post,V1,congruency,time_resolved_trial_response,glm_clean,balanced_accuracy,36,1.3586077505337386,1.0351297146923724,0.4949074074074074,0.0237928733667304,0.009713399877190863,6,307.8333333333333,77,520
g2post,V1,congruency,time_resolved_trial_response,glm_clean,balanced_accuracy,37,1.423303357702012,1.0351297146923724,0.49120370370370364,0.03972966778186813,0.01621956895264488,6,307.8333333333333,77,520
g2post,V1,congruency,time_resolved_trial_response,glm_clean,balanced_accuracy,38,1.4879989648702852,1.0351297146923724,0.5064814814814814,0.034005567203371966,0.013882714677030611,6,307.8333333333333,77,520
g2post,V1,congruency,time_resolved_trial_response,glm_clean,balanced_accuracy,39,1.5526945720385585,1.0351297146923724,0.4953703703703704,0.014127578609452346,0.00576755981570276,6,307.8333333333333,77,520
g2post,V1,congruency,time_resolved_trial_response,glm_clean,balanced_accuracy,40,1.6173901792068317,1.0351297146923724,0.5162037037037037,0.016888949804958354,0.0068948848856042405,6,307.8333333333333,77,520
g2post,V1,congruency,time_resolved_trial_response,glm_clean,balanced_accuracy,41,1.682085786375105,1.0351297146923724,0.5175925925925926,0.045019428819048954,0.018379104853036305,6,307.8333333333333,77,520
g2post,V1,congruency,time_resolved_trial_response,glm_clean,balanced_accuracy,42,1.7467813935433782,1.0351297146923724,0.49351851851851847,0.03382355572394335,0.01380840880170908,6,307.8333333333333,77,520
g2post,V1,congruency,time_resolved_trial_response,glm_clean,balanced_accuracy,43,1.8114770007116516,1.0351297146923724,0.5083333333333334,0.05006169033808362,0.02043759949825393,6,307.8333333333333,77,520
g2post,V1,congruency,time_resolved_trial_response,glm_clean,balanced_accuracy,44,1.8761726078799248,1.0351297146923724,0.4976851851851852,0.04019307824855733,0.01640875548345381,6,307.8333333333333,77,520
g2post,V1,congruency,time_resolved_trial_response,glm_clean,balanced_accuracy,45,1.9408682150481982,1.0351297146923724,0.5162037037037037,0.02796694845279545,0.01141745889534472,6,307.8333333333333,77,520
g2post,V1,congruency,time_resolved_trial_response,glm_clean,balanced_accuracy,46,2.0055638222164713,1.0351297146923724,0.5337962962962962,0.021760244264545255,0.008883582521076681,6,307.8333333333333,77,520
g2post,V1,modality,time_resolved_trial_response,glm_clean,balanced_accuracy,0,-0.9704341075240991,1.0351297146923724,0.32685185185185184,0.012614360271056592,0.005149791015954125,6,307.8333333333333,77,520
g2post,V1,modality,time_resolved_trial_response,glm_clean,balanced_accuracy,1,-0.9057385003558258,1.0351297146923724,0.3325617283950617,0.012981688415250669,0.005299752102860621,6,307.8333333333333,77,520
g2post,V1,modality,time_resolved_trial_response,glm_clean,balanced_accuracy,2,-0.8410428931875525,1.0351297146923724,0.3439814814814815,0.018682147460740615,0.007626954763041156,6,307.8333333333333,77,520
g2post,V1,modality,time_resolved_trial_response,glm_clean,balanced_accuracy,3,-0.7763472860192793,1.0351297146923724,0.3470679012345679,0.014515691649711428,0.005926006300895262,6,307.8333333333333,77,520
g2post,V1,modality,time_resolved_trial_response,glm_clean,balanced_accuracy,4,-0.711651678851006,1.0351297146923724,0.33441358024691353,0.018934373945011494,0.007729925794054452,6,307.8333333333333,77,520
g2post,V1,modality,time_resolved_trial_response,glm_clean,balanced_accuracy,5,-0.6469560716827327,1.0351297146923724,0.3263888888888889,0.023327086171348994,0.009523243050956446,6,307.8333333333333,77,520
g2post,V1,modality,time_resolved_trial_response,glm_clean,balanced_accuracy,6,-0.5822604645144595,1.0351297146923724,0.3183641975308642,0.02031487952542672,0.008293514837234792,6,307.8333333333333,77,520
g2post,V1,modality,time_resolved_trial_response,glm_clean,balanced_accuracy,7,-0.5175648573461862,1.0351297146923724,0.33672839506172836,0.010271797837694857,0.0041934439072293305,6,307.8333333333333,77,520
g2post,V1,modality,time_resolved_trial_response,glm_clean,balanced_accuracy,8,-0.4528692501779129,1.0351297146923724,0.3345679012345679,0.021313734138278993,0.008701295525353675,6,307.8333333333333,77,520
g2post,V1,modality,time_resolved_trial_response,glm_clean,balanced_accuracy,9,-0.38817364300963964,1.0351297146923724,0.3328703703703703,0.020452276411813932,0.008349606881217428,6,307.8333333333333,77,520
g2post,V1,modality,time_resolved_trial_response,glm_clean,balanced_accuracy,10,-0.32347803584136636,1.0351297146923724,0.33302469135802465,0.008000914442478843,0.0032663596432896194,6,307.8333333333333,77,520
g2post,V1,modality,time_resolved_trial_response,glm_clean,balanced_accuracy,11,-0.2587824286730931,1.0351297146923724,0.33549382716049386,0.010664908977266078,0.004353930857921582,6,307.8333333333333,77,520
g2post,V1,modality,time_resolved_trial_response,glm_clean,balanced_accuracy,12,-0.19408682150481982,1.0351297146923724,0.34089506172839507,0.014515691649711426,0.00592600630089526,6,307.8333333333333,77,520
g2post,V1,modality,time_resolved_trial_response,glm_clean,balanced_accuracy,13,-0.12939121433654655,1.0351297146923724,0.3307098765432099,0.013372071640335869,0.005459125387127423,6,307.8333333333333,77,520
g2post,V1,modality,time_resolved_trial_response,glm_clean,balanced_accuracy,14,-0.06469560716827327,1.0351297146923724,0.3325617283950617,0.016180318221823954,0.006605587253220921,6,307.8333333333333,77,520
g2post,V1,modality,time_resolved_trial_response,glm_clean,balanced_accuracy,15,0.0,1.0351297146923724,0.34274691358024695,0.027575912598625008,0.011257819176369564,6,307.8333333333333,77,520
g2post,V1,modality,time_resolved_trial_response,glm_clean,balanced_accuracy,16,0.06469560716827327,1.0351297146923724,0.3657407407407407,0.026241466050249396,0.010713033654279816,6,307.8333333333333,77,520
g2post,V1,modality,time_resolved_trial_response,glm_clean,balanced_accuracy,17,0.12939121433654655,1.0351297146923724,0.35462962962962963,0.02968166726688563,0.01211748991982326,6,307.8333333333333,77,520
g2post,V1,modality,time_resolved_trial_response,glm_clean,balanced_accuracy,18,0.19408682150481982,1.0351297146923724,0.5234567901234568,0.06566027069462099,0.026805693262473503,6,307.8333333333333,77,520
g2post,V1,modality,time_resolved_trial_response,glm_clean,balanced_accuracy,19,0.2587824286730931,1.0351297146923724,0.7424382716049384,0.06800966370720742,0.027764828943489656,6,307.8333333333333,77,520
g2post,V1,modality,time_resolved_trial_response,glm_clean,balanced_accuracy,20,0.32347803584136636,1.0351297146923724,0.7594135802469135,0.05021700735881208,0.02050100740644626,6,307.8333333333333,77,520
g2post,V1,modality,time_resolved_trial_response,glm_clean,balanced_accuracy,21,0.38817364300963964,1.0351297146923724,0.7915123456790124,0.030956497789198588,0.012637937301188678,6,307.8333333333333,77,520
g2post,V1,modality,time_resolved_trial_response,glm_clean,balanced_accuracy,22,0.4528692501779129,1.0351297146923724,0.7999999999999999,0.033132108678959805,0.013526126727648259,6,307.8333333333333,77,520
g2post,V1,modality,time_resolved_trial_response,glm_clean,balanced_accuracy,23,0.5175648573461862,1.0351297146923724,0.8125,0.023619279632757045,0.009642530532061001,6,307.8333333333333,77,520
g2post,V1,modality,time_resolved_trial_response,glm_clean,balanced_accuracy,24,0.5822604645144595,1.0351297146923724,0.7950617283950617,0.025691177080656772,0.010488379123182507,6,307.8333333333333,77,520
g2post,V1,modality,time_resolved_trial_response,glm_clean,balanced_accuracy,25,0.6469560716827327,1.0351297146923724,0.804320987654321,0.024904940444170177,0.010167399360436796,6,307.8333333333333,77,520
g2post,V1,modality,time_resolved_trial_response,glm_clean,balanced_accuracy,26,0.711651678851006,1.0351297146923724,0.8084876543209877,0.027344877785547696,0.011163499608893112,6,307.8333333333333,77,520
g2post,V1,modality,time_resolved_trial_response,glm_clean,balanced_accuracy,27,0.7763472860192793,1.0351297146923724,0.8049382716049384,0.015556290400044468,0.006350828961777558,6,307.8333333333333,77,520
g2post,V1,modality,time_resolved_trial_response,glm_clean,balanced_accuracy,28,0.8410428931875525,1.0351297146923724,0.802932098765432,0.027426273953494052,0.01119672945530752,6,307.8333333333333,77,520
g2post,V1,modality,time_resolved_trial_response,glm_clean,balanced_accuracy,29,0.9057385003558258,1.0351297146923724,0.7979938271604938,0.028589478017533733,0.01167160552591234,6,307.8333333333333,77,520
g2post,V1,modality,time_resolved_trial_response,glm_clean,balanced_accuracy,30,0.9704341075240991,1.0351297146923724,0.7935185185185185,0.02498284733931854,0.010199204717196464,6,307.8333333333333,77,520
g2post,V1,modality,time_resolved_trial_response,glm_clean,balanced_accuracy,31,1.0351297146923724,1.0351297146923724,0.7944444444444444,0.029121805593790476,0.011888927348885926,6,307.8333333333333,77,520
g2post,V1,modality,time_resolved_trial_response,glm_clean,balanced_accuracy,32,1.0998253218606455,1.0351297146923724,0.7922839506172838,0.024418242597681192,0.009968705796635224,6,307.8333333333333,77,520
g2post,V1,modality,time_resolved_trial_response,glm_clean,balanced_accuracy,33,1.164520929028919,1.0351297146923724,0.7924382716049383,0.027073900963794473,0.011052873784657026,6,307.8333333333333,77,520
g2post,V1,modality,time_resolved_trial_response,glm_clean,balanced_accuracy,34,1.229216536197192,1.0351297146923724,0.7842592592592593,0.03692575875737637,0.015074877886779922,6,307.8333333333333,77,520
g2post,V1,modality,time_resolved_trial_response,glm_clean,balanced_accuracy,35,1.2939121433654655,1.0351297146923724,0.7762345679012346,0.02565110069024218,0.010472018005307787,6,307.8333333333333,77,520
g2post,V1,modality,time_resolved_trial_response,glm_clean,balanced_accuracy,36,1.3586077505337386,1.0351297146923724,0.7700617283950617,0.03765077902790749,0.015370866172775898,6,307.8333333333333,77,520
g2post,V1,modality,time_resolved_trial_response,glm_clean,balanced_accuracy,37,1.423303357702012,1.0351297146923724,0.7700617283950617,0.03925168806565726,0.01602443455062539,6,307.8333333333333,77,520
g2post,V1,modality,time_resolved_trial_response,glm_clean,balanced_accuracy,38,1.4879989648702852,1.0351297146923724,0.7592592592592592,0.03070948879958703,0.012537096303450554,6,307.8333333333333,77,520
g2post,V1,modality,time_resolved_trial_response,glm_clean,balanced_accuracy,39,1.5526945720385585,1.0351297146923724,0.7501543209876543,0.047554807982278395,0.01941416906210242,6,307.8333333333333,77,520
g2post,V1,modality,time_resolved_trial_response,glm_clean,balanced_accuracy,40,1.6173901792068317,1.0351297146923724,0.7351851851851853,0.04445215982414751,0.018147518255634636,6,307.8333333333333,77,520
g2post,V1,modality,time_resolved_trial_response,glm_clean,balanced_accuracy,41,1.682085786375105,1.0351297146923724,0.7421296296296296,0.05652472540064799,0.023076122513753836,6,307.8333333333333,77,520
g2post,V1,modality,time_resolved_trial_response,glm_clean,balanced_accuracy,42,1.7467813935433782,1.0351297146923724,0.7310185185185185,0.05408786607471007,0.02208127885983876,6,307.8333333333333,77,520
g2post,V1,modality,time_resolved_trial_response,glm_clean,balanced_accuracy,43,1.8114770007116516,1.0351297146923724,0.724074074074074,0.05643440661207541,0.023039250022722314,6,307.8333333333333,77,520
g2post,V1,modality,time_resolved_trial_response,glm_clean,balanced_accuracy,44,1.8761726078799248,1.0351297146923724,0.7231481481481481,0.05423428827495896,0.022141055472776325,6,307.8333333333333,77,520
g2post,V1,modality,time_resolved_trial_response,glm_clean,balanced_accuracy,45,1.9408682150481982,1.0351297146923724,0.6893518518518519,0.04891746499302987,0.01997047145723031,6,307.8333333333333,77,520
g2post,V1,modality,time_resolved_trial_response,glm_clean,balanced_accuracy,46,2.0055638222164713,1.0351297146923724,0.6333333333333333,0.07122531338990166,0.02907761242918025,6,307.8333333333333,77,520
g2post,V1,trial_type,time_resolved_trial_response,glm_clean,balanced_accuracy,0,-0.9704341075240991,1.0351297146923724,0.11805555555555557,0.012939794109835685,0.005282648824294783,6,307.8333333333333,77,520
g2post,V1,trial_type,time_resolved_trial_response,glm_clean,balanced_accuracy,1,-0.9057385003558258,1.0351297146923724,0.1259259259259259,0.018080467144990196,0.00738131980273029,6,307.8333333333333,77,520
g2post,V1,trial_type,time_resolved_trial_response,glm_clean,balanced_accuracy,2,-0.8410428931875525,1.0351297146923724,0.12222222222222222,0.010936122047238631,0.004464653130089333,6,307.8333333333333,77,520
g2post,V1,trial_type,time_resolved_trial_response,glm_clean,balanced_accuracy,3,-0.7763472860192793,1.0351297146923724,0.12800925925925924,0.01674556940358273,0.00683635008185662,6,307.8333333333333,77,520
g2post,V1,trial_type,time_resolved_trial_response,glm_clean,balanced_accuracy,4,-0.711651678851006,1.0351297146923724,0.13449074074074074,0.019591047863210403,0.007998011798551363,6,307.8333333333333,77,520
g2post,V1,trial_type,time_resolved_trial_response,glm_clean,balanced_accuracy,5,-0.6469560716827327,1.0351297146923724,0.11967592592592592,0.012373329375531502,0.005051390564907034,6,307.8333333333333,77,520
g2post,V1,trial_type,time_resolved_trial_response,glm_clean,balanced_accuracy,6,-0.5822604645144595,1.0351297146923724,0.12083333333333333,0.01323458805507955,0.005402997948479688,6,307.8333333333333,77,520
g2post,V1,trial_type,time_resolved_trial_response,glm_clean,balanced_accuracy,7,-0.5175648573461862,1.0351297146923724,0.12777777777777777,0.01511274500970605,0.006169752314428772,6,307.8333333333333,77,520
g2post,V1,trial_type,time_resolved_trial_response,glm_clean,balanced_accuracy,8,-0.4528692501779129,1.0351297146923724,0.12986111111111112,0.017518728954965066,0.007151991146964265,6,307.8333333333333,77,520
g2post,V1,trial_type,time_resolved_trial_response,glm_clean,balanced_accuracy,9,-0.38817364300963964,1.0351297146923724,0.12129629629629629,0.005870691660795321,0.0023966998343601465,6,307.8333333333333,77,520
g2post,V1,trial_type,time_resolved_trial_response,glm_clean,balanced_accuracy,10,-0.32347803584136636,1.0351297146923724,0.12638888888888888,0.006334307917217443,0.0025859703784757333,6,307.8333333333333,77,520
g2post,V1,trial_type,time_resolved_trial_response,glm_clean,balanced_accuracy,11,-0.2587824286730931,1.0351297146923724,0.1210648148148148,0.006298678743154394,0.002571424829073855,6,307.8333333333333,77,520
g2post,V1,trial_type,time_resolved_trial_response,glm_clean,balanced_accuracy,12,-0.19408682150481982,1.0351297146923724,0.12870370370370368,0.0059360446017868935,0.002423380060796742,6,307.8333333333333,77,520
g2post,V1,trial_type,time_resolved_trial_response,glm_clean,balanced_accuracy,13,-0.12939121433654655,1.0351297146923724,0.12569444444444444,0.009850346236942857,0.004021387011709068,6,307.8333333333333,77,520
g2post,V1,trial_type,time_resolved_trial_response,glm_clean,balanced_accuracy,14,-0.06469560716827327,1.0351297146923724,0.12175925925925925,0.016165298402070517,0.006599455437483505,6,307.8333333333333,77,520
g2post,V1,trial_type,time_resolved_trial_response,glm_clean,balanced_accuracy,15,0.0,1.0351297146923724,0.13495370370370371,0.016254549853702564,0.006635892190033706,6,307.8333333333333,77,520
g2post,V1,trial_type,time_resolved_trial_response,glm_clean,balanced_accuracy,16,0.06469560716827327,1.0351297146923724,0.1326388888888889,0.012962136217022312,0.0052917699513590835,6,307.8333333333333,77,520
g2post,V1,trial_type,time_resolved_trial_response,glm_clean,balanced_accuracy,17,0.12939121433654655,1.0351297146923724,0.1412037037037037,0.018955492596830003,0.00773854744755626,6,307.8333333333333,77,520
g2post,V1,trial_type,time_resolved_trial_response,glm_clean,balanced_accuracy,18,0.19408682150481982,1.0351297146923724,0.21921296296296297,0.05943027262706061,0.024262307201798807,6,307.8333333333333,77,520
g2post,V1,trial_type,time_resolved_trial_response,glm_clean,balanced_accuracy,19,0.2587824286730931,1.0351297146923724,0.39375000000000004,0.08530423947029211,0.03482530993306674,6,307.8333333333333,77,520
g2post,V1,trial_type,time_resolved_trial_response,glm_clean,balanced_accuracy,20,0.32347803584136636,1.0351297146923724,0.45162037037037034,0.09982011856313759,0.04075139275730104,6,307.8333333333333,77,520
g2post,V1,trial_type,time_resolved_trial_response,glm_clean,balanced_accuracy,21,0.38817364300963964,1.0351297146923724,0.47152777777777777,0.08902658605546636,0.03634495156297813,6,307.8333333333333,77,520
g2post,V1,trial_type,time_resolved_trial_response,glm_clean,balanced_accuracy,22,0.4528692501779129,1.0351297146923724,0.5023148148148148,0.06039777269487722,0.02465728745050861,6,307.8333333333333,77,520
g2post,V1,trial_type,time_resolved_trial_response,glm_clean,balanced_accuracy,23,0.5175648573461862,1.0351297146923724,0.4974537037037037,0.03260094326944563,0.01330927935726056,6,307.8333333333333,77,520
g2post,V1,trial_type,time_resolved_trial_response,glm_clean,balanced_accuracy,24,0.5822604645144595,1.0351297146923724,0.5037037037037037,0.04809380836752466,0.019634215047938573,6,307.8333333333333,77,520
g2post,V1,trial_type,time_resolved_trial_response,glm_clean,balanced_accuracy,25,0.6469560716827327,1.0351297146923724,0.5050925925925926,0.03843652241220625,0.015691644566159155,6,307.8333333333333,77,520
g2post,V1,trial_type,time_resolved_trial_response,glm_clean,balanced_accuracy,26,0.711651678851006,1.0351297146923724,0.49583333333333335,0.03940138494777141,0.016085548046836262,6,307.8333333333333,77,520
g2post,V1,trial_type,time_resolved_trial_response,glm_clean,balanced_accuracy,27,0.7763472860192793,1.0351297146923724,0.4967592592592593,0.03259206649407044,0.013305655428888806,6,307.8333333333333,77,520
g2post,V1,trial_type,time_resolved_trial_response,glm_clean,balanced_accuracy,28,0.8410428931875525,1.0351297146923724,0.4824074074074074,0.03887565912531881,0.01587092137856728,6,307.8333333333333,77,520
g2post,V1,trial_type,time_resolved_trial_response,glm_clean,balanced_accuracy,29,0.9057385003558258,1.0351297146923724,0.48333333333333334,0.038709905581432995,0.01580325277763757,6,307.8333333333333,77,520
g2post,V1,trial_type,time_resolved_trial_response,glm_clean,balanced_accuracy,30,0.9704341075240991,1.0351297146923724,0.4831018518518518,0.033637692274646094,0.013732530366273761,6,307.8333333333333,77,520
g2post,V1,trial_type,time_resolved_trial_response,glm_clean,balanced_accuracy,31,1.0351297146923724,1.0351297146923724,0.4752314814814815,0.04530773264973742,0.018496804399049053,6,307.8333333333333,77,520
g2post,V1,trial_type,time_resolved_trial_response,glm_clean,balanced_accuracy,32,1.0998253218606455,1.0351297146923724,0.47083333333333327,0.030263758222144076,0.012355127557201997,6,307.8333333333333,77,520
g2post,V1,trial_type,time_resolved_trial_response,glm_clean,balanced_accuracy,33,1.164520929028919,1.0351297146923724,0.4840277777777778,0.04337916024094837,0.01770946801012515,6,307.8333333333333,77,520
g2post,V1,trial_type,time_resolved_trial_response,glm_clean,balanced_accuracy,34,1.229216536197192,1.0351297146923724,0.4706018518518518,0.04350940605935525,0.017762640642829824,6,307.8333333333333,77,520
g2post,V1,trial_type,time_resolved_trial_response,glm_clean,balanced_accuracy,35,1.2939121433654655,1.0351297146923724,0.47175925925925927,0.03999099692919577,0.016326256130289766,6,307.8333333333333,77,520
g2post,V1,trial_type,time_resolved_trial_response,glm_clean,balanced_accuracy,36,1.3586077505337386,1.0351297146923724,0.46064814814814814,0.03423172066356696,0.013975041440537704,6,307.8333333333333,77,520
g2post,V1,trial_type,time_resolved_trial_response,glm_clean,balanced_accuracy,37,1.423303357702012,1.0351297146923724,0.4465277777777778,0.04657853781716622,0.019015608436164504,6,307.8333333333333,77,520
g2post,V1,trial_type,time_resolved_trial_response,glm_clean,balanced_accuracy,38,1.4879989648702852,1.0351297146923724,0.45231481481481484,0.04992793160055265,0.020382992722322305,6,307.8333333333333,77,520
g2post,V1,trial_type,time_resolved_trial_response,glm_clean,balanced_accuracy,39,1.5526945720385585,1.0351297146923724,0.4395833333333334,0.051029146234599095,0.020832561714105552,6,307.8333333333333,77,520
g2post,V1,trial_type,time_resolved_trial_response,glm_clean,balanced_accuracy,40,1.6173901792068317,1.0351297146923724,0.42037037037037034,0.0431465585464622,0.017614508765992173,6,307.8333333333333,77,520
g2post,V1,trial_type,time_resolved_trial_response,glm_clean,balanced_accuracy,41,1.682085786375105,1.0351297146923724,0.4046296296296296,0.06150546163309066,0.02510949956589998,6,307.8333333333333,77,520
g2post,V1,trial_type,time_resolved_trial_response,glm_clean,balanced_accuracy,42,1.7467813935433782,1.0351297146923724,0.4064814814814815,0.05677594764028757,0.0231786835636132,6,307.8333333333333,77,520
g2post,V1,trial_type,time_resolved_trial_response,glm_clean,balanced_accuracy,43,1.8114770007116516,1.0351297146923724,0.40902777777777777,0.05108204185425637,0.02085415626040366,6,307.8333333333333,77,520
g2post,V1,trial_type,time_resolved_trial_response,glm_clean,balanced_accuracy,44,1.8761726078799248,1.0351297146923724,0.3898148148148148,0.06190560981646953,0.025272859377696622,6,307.8333333333333,77,520
g2post,V1,trial_type,time_resolved_trial_response,glm_clean,balanced_accuracy,45,1.9408682150481982,1.0351297146923724,0.36550925925925926,0.06123356838466416,0.024998499612041192,6,307.8333333333333,77,520
g2post,V1,trial_type,time_resolved_trial_response,glm_clean,balanced_accuracy,46,2.0055638222164713,1.0351297146923724,0.36944444444444446,0.047790695928014604,0.019510469912690263,6,307.8333333333333,77,520
g2post,V1,visual_direction,time_resolved_trial_response,glm_clean,balanced_accuracy,0,-0.9704341075240991,1.0351297146923724,0.49660493827160496,0.011320051928963909,0.00462139184796167,6,307.8333333333333,77,520
g2post,V1,visual_direction,time_resolved_trial_response,glm_clean,balanced_accuracy,1,-0.9057385003558258,1.0351297146923724,0.49320987654320986,0.026673524495420063,0.010889420775901215,6,307.8333333333333,77,520
g2post,V1,visual_direction,time_resolved_trial_response,glm_clean,balanced_accuracy,2,-0.8410428931875525,1.0351297146923724,0.5030864197530864,0.0217438216842338,0.008876878030739525,6,307.8333333333333,77,520
g2post,V1,visual_direction,time_resolved_trial_response,glm_clean,balanced_accuracy,3,-0.7763472860192793,1.0351297146923724,0.49444444444444446,0.024002743327436495,0.009799078929868844,6,307.8333333333333,77,520
g2post,V1,visual_direction,time_resolved_trial_response,glm_clean,balanced_accuracy,4,-0.711651678851006,1.0351297146923724,0.5132716049382716,0.01362926059618494,0.005564122338678993,6,307.8333333333333,77,520
g2post,V1,visual_direction,time_resolved_trial_response,glm_clean,balanced_accuracy,5,-0.6469560716827327,1.0351297146923724,0.5040123456790123,0.03186943241494654,0.013010641301455544,6,307.8333333333333,77,520
g2post,V1,visual_direction,time_resolved_trial_response,glm_clean,balanced_accuracy,6,-0.5822604645144595,1.0351297146923724,0.4929012345679012,0.028046029837861405,0.011449743735605413,6,307.8333333333333,77,520
g2post,V1,visual_direction,time_resolved_trial_response,glm_clean,balanced_accuracy,7,-0.5175648573461862,1.0351297146923724,0.4802469135802469,0.01905398678589681,0.007778757531863409,6,307.8333333333333,77,520
g2post,V1,visual_direction,time_resolved_trial_response,glm_clean,balanced_accuracy,8,-0.4528692501779129,1.0351297146923724,0.5033950617283951,0.014123532331663642,0.00576590792971278,6,307.8333333333333,77,520
g2post,V1,visual_direction,time_resolved_trial_response,glm_clean,balanced_accuracy,9,-0.38817364300963964,1.0351297146923724,0.4802469135802469,0.03710487614265753,0.015148002253113312,6,307.8333333333333,77,520
g2post,V1,visual_direction,time_resolved_trial_response,glm_clean,balanced_accuracy,10,-0.32347803584136636,1.0351297146923724,0.512037037037037,0.02708392686908973,0.01105696684335417,6,307.8333333333333,77,520
g2post,V1,visual_direction,time_resolved_trial_response,glm_clean,balanced_accuracy,11,-0.2587824286730931,1.0351297146923724,0.4842592592592592,0.03442153758415019,0.014052533873866924,6,307.8333333333333,77,520
g2post,V1,visual_direction,time_resolved_trial_response,glm_clean,balanced_accuracy,12,-0.19408682150481982,1.0351297146923724,0.5006172839506173,0.024362000889382004,0.009945745215369313,6,307.8333333333333,77,520
g2post,V1,visual_direction,time_resolved_trial_response,glm_clean,balanced_accuracy,13,-0.12939121433654655,1.0351297146923724,0.516358024691358,0.02429857336514146,0.009919851037029756,6,307.8333333333333,77,520
g2post,V1,visual_direction,time_resolved_trial_response,glm_clean,balanced_accuracy,14,-0.06469560716827327,1.0351297146923724,0.5117283950617284,0.030263286070215854,0.012354934801984461,6,307.8333333333333,77,520
g2post,V1,visual_direction,time_resolved_trial_response,glm_clean,balanced_accuracy,15,0.0,1.0351297146923724,0.5114197530864198,0.03739487627782135,0.01526639431252823,6,307.8333333333333,77,520
g2post,V1,visual_direction,time_resolved_trial_response,glm_clean,balanced_accuracy,16,0.06469560716827327,1.0351297146923724,0.48641975308641977,0.017079924548662962,0.006972849998243422,6,307.8333333333333,77,520
g2post,V1,visual_direction,time_resolved_trial_response,glm_clean,balanced_accuracy,17,0.12939121433654655,1.0351297146923724,0.5138888888888888,0.027734534241172285,0.011322576190770059,6,307.8333333333333,77,520
g2post,V1,visual_direction,time_resolved_trial_response,glm_clean,balanced_accuracy,18,0.19408682150481982,1.0351297146923724,0.5506172839506173,0.07592743148161013,0.03099724410167943,6,307.8333333333333,77,520
g2post,V1,visual_direction,time_resolved_trial_response,glm_clean,balanced_accuracy,19,0.2587824286730931,1.0351297146923724,0.8123456790123457,0.1927195687786139,0.078677434492802,6,307.8333333333333,77,520
g2post,V1,visual_direction,time_resolved_trial_response,glm_clean,balanced_accuracy,20,0.32347803584136636,1.0351297146923724,0.879320987654321,0.1678493701667849,0.06852421842602606,6,307.8333333333333,77,520
g2post,V1,visual_direction,time_resolved_trial_response,glm_clean,balanced_accuracy,21,0.38817364300963964,1.0351297146923724,0.9280864197530864,0.10956590156408595,0.04473009200666999,6,307.8333333333333,77,520
g2post,V1,visual_direction,time_resolved_trial_response,glm_clean,balanced_accuracy,22,0.4528692501779129,1.0351297146923724,0.9679012345679011,0.052005943876112425,0.021231337681382502,6,307.8333333333333,77,520
g2post,V1,visual_direction,time_resolved_trial_response,glm_clean,balanced_accuracy,23,0.5175648573461862,1.0351297146923724,0.9873456790123457,0.019577732468195868,0.007992575811299828,6,307.8333333333333,77,520
g2post,V1,visual_direction,time_resolved_trial_response,glm_clean,balanced_accuracy,24,0.5822604645144595,1.0351297146923724,0.9972222222222222,0.003042903097250907,0.0012422599874998767,6,307.8333333333333,77,520
g2post,V1,visual_direction,time_resolved_trial_response,glm_clean,balanced_accuracy,25,0.6469560716827327,1.0351297146923724,0.9959876543209876,0.0055452579460433925,0.0022638420766533675,6,307.8333333333333,77,520
g2post,V1,visual_direction,time_resolved_trial_response,glm_clean,balanced_accuracy,26,0.711651678851006,1.0351297146923724,0.9901234567901235,0.007468880722100863,0.0030491577864761804,6,307.8333333333333,77,520
g2post,V1,visual_direction,time_resolved_trial_response,glm_clean,balanced_accuracy,27,0.7763472860192793,1.0351297146923724,0.9820987654320987,0.017476877401665546,0.00713490532187648,6,307.8333333333333,77,520
g2post,V1,visual_direction,time_resolved_trial_response,glm_clean,balanced_accuracy,28,0.8410428931875525,1.0351297146923724,0.9805555555555555,0.015304410008440298,0.006247999222503787,6,307.8333333333333,77,520
g2post,V1,visual_direction,time_resolved_trial_response,glm_clean,balanced_accuracy,29,0.9057385003558258,1.0351297146923724,0.9805555555555555,0.014803236216082443,0.006043395878548402,6,307.8333333333333,77,520
g2post,V1,visual_direction,time_resolved_trial_response,glm_clean,balanced_accuracy,30,0.9704341075240991,1.0351297146923724,0.9796296296296297,0.014581496062984825,0.0059528708401191035,6,307.8333333333333,77,520
g2post,V1,visual_direction,time_resolved_trial_response,glm_clean,balanced_accuracy,31,1.0351297146923724,1.0351297146923724,0.9780864197530864,0.01819784075987867,0.007429237380354073,6,307.8333333333333,77,520
g2post,V1,visual_direction,time_resolved_trial_response,glm_clean,balanced_accuracy,32,1.0998253218606455,1.0351297146923724,0.976851851851852,0.01692191378008985,0.006908342372098567,6,307.8333333333333,77,520
g2post,V1,visual_direction,time_resolved_trial_response,glm_clean,balanced_accuracy,33,1.164520929028919,1.0351297146923724,0.9808641975308641,0.019445914112595497,0.007938761192974219,6,307.8333333333333,77,520
g2post,V1,visual_direction,time_resolved_trial_response,glm_clean,balanced_accuracy,34,1.229216536197192,1.0351297146923724,0.974074074074074,0.030043407097293688,0.012265169587180037,6,307.8333333333333,77,520
g2post,V1,visual_direction,time_resolved_trial_response,glm_clean,balanced_accuracy,35,1.2939121433654655,1.0351297146923724,0.9669753086419753,0.032147991693309876,0.013124362650640226,6,307.8333333333333,77,520
g2post,V1,visual_direction,time_resolved_trial_response,glm_clean,balanced_accuracy,36,1.3586077505337386,1.0351297146923724,0.9679012345679011,0.036975257115733136,0.01509508550695984,6,307.8333333333333,77,520
g2post,V1,visual_direction,time_resolved_trial_response,glm_clean,balanced_accuracy,37,1.423303357702012,1.0351297146923724,0.9521604938271605,0.03158841678509017,0.012895917150973057,6,307.8333333333333,77,520
g2post,V1,visual_direction,time_resolved_trial_response,glm_clean,balanced_accuracy,38,1.4879989648702852,1.0351297146923724,0.9425925925925925,0.04827618304203807,0.019708669197032576,6,307.8333333333333,77,520
g2post,V1,visual_direction,time_resolved_trial_response,glm_clean,balanced_accuracy,39,1.5526945720385585,1.0351297146923724,0.9299382716049384,0.060761250677589675,0.024805676715572225,6,307.8333333333333,77,520
g2post,V1,visual_direction,time_resolved_trial_response,glm_clean,balanced_accuracy,40,1.6173901792068317,1.0351297146923724,0.9194444444444444,0.06382578741030903,0.02605676859776861,6,307.8333333333333,77,520
g2post,V1,visual_direction,time_resolved_trial_response,glm_clean,balanced_accuracy,41,1.682085786375105,1.0351297146923724,0.9114197530864199,0.047667352532788546,0.019460115182449216,6,307.8333333333333,77,520
g2post,V1,visual_direction,time_resolved_trial_response,glm_clean,balanced_accuracy,42,1.7467813935433782,1.0351297146923724,0.8848765432098765,0.06957066718131315,0.028402105943201476,6,307.8333333333333,77,520
g2post,V1,visual_direction,time_resolved_trial_response,glm_clean,balanced_accuracy,43,1.8114770007116516,1.0351297146923724,0.8873456790123457,0.061155053412140836,0.02496644600873273,6,307.8333333333333,77,520
g2post,V1,visual_direction,time_resolved_trial_response,glm_clean,balanced_accuracy,44,1.8761726078799248,1.0351297146923724,0.8635802469135804,0.06969133068704425,0.028451366613137567,6,307.8333333333333,77,520
g2post,V1,visual_direction,time_resolved_trial_response,glm_clean,balanced_accuracy,45,1.9408682150481982,1.0351297146923724,0.8561728395061728,0.07069774402706702,0.02886223313870189,6,307.8333333333333,77,520
g2post,V1,visual_direction,time_resolved_trial_response,glm_clean,balanced_accuracy,46,2.0055638222164713,1.0351297146923724,0.8518518518518517,0.06879324304076558,0.028084723866857588,6,307.8333333333333,77,520
