group,area,task,analysis,signal_source,scoring,time_index,time_s,stimulus_offset_s,mean_score,std_score,sem_score,n_sessions,mean_neurons,min_neurons,max_neurons
g1pre,A/RL/AL,auditory_direction,time_resolved_trial_response,signal,balanced_accuracy,0,-0.9704341075240991,1.0351297146923724,0.4986772486772487,0.007980477846030886,0.0030163371034368767,7,93.14285714285714,44,169
g1pre,A/RL/AL,auditory_direction,time_resolved_trial_response,signal,balanced_accuracy,1,-0.9057385003558258,1.0351297146923724,0.4973544973544973,0.013175382282197981,0.0049798264209860695,7,93.14285714285714,44,169
g1pre,A/RL/AL,auditory_direction,time_resolved_trial_response,signal,balanced_accuracy,2,-0.8410428931875525,1.0351297146923724,0.508994708994709,0.027035949822309432,0.010218628526893096,7,93.14285714285714,44,169
g1pre,A/RL/AL,auditory_direction,time_resolved_trial_response,signal,balanced_accuracy,3,-0.7763472860192793,1.0351297146923724,0.5002645502645503,0.029132177755577214,0.011010928212997874,7,93.14285714285714,44,169
g1pre,A/RL/AL,auditory_direction,time_resolved_trial_response,signal,balanced_accuracy,4,-0.711651678851006,1.0351297146923724,0.4976190476190476,0.021877843030725222,0.008269047411686653,7,93.14285714285714,44,169
g1pre,A/RL/AL,auditory_direction,time_resolved_trial_response,signal,balanced_accuracy,5,-0.6469560716827327,1.0351297146923724,0.49894179894179896,0.033501925209595995,0.012662537506639496,7,93.14285714285714,44,169
g1pre,A/RL/AL,auditory_direction,time_resolved_trial_response,signal,balanced_accuracy,6,-0.5822604645144595,1.0351297146923724,0.49153439153439155,0.023101363656910078,0.008731494740378532,7,93.14285714285714,44,169
g1pre,A/RL/AL,auditory_direction,time_resolved_trial_response,signal,balanced_accuracy,7,-0.5175648573461862,1.0351297146923724,0.5060846560846561,0.01599162038064277,0.006044264369733261,7,93.14285714285714,44,169
g1pre,A/RL/AL,auditory_direction,time_resolved_trial_response,signal,balanced_accuracy,8,-0.4528692501779129,1.0351297146923724,0.4925925925925926,0.03355550104920217,0.01268278727062227,7,93.14285714285714,44,169
g1pre,A/RL/AL,auditory_direction,time_resolved_trial_response,signal,balanced_accuracy,9,-0.38817364300963964,1.0351297146923724,0.4933862433862434,0.02556756612685407,0.009663631657264967,7,93.14285714285714,44,169
g1pre,A/RL/AL,auditory_direction,time_resolved_trial_response,signal,balanced_accuracy,10,-0.32347803584136636,1.0351297146923724,0.5079365079365079,0.03470619853665766,0.013117710040061426,7,93.14285714285714,44,169
g1pre,A/RL/AL,auditory_direction,time_resolved_trial_response,signal,balanced_accuracy,11,-0.2587824286730931,1.0351297146923724,0.5124338624338625,0.034074649178491484,0.012879006819722833,7,93.14285714285714,44,169
g1pre,A/RL/AL,auditory_direction,time_resolved_trial_response,signal,balanced_accuracy,12,-0.19408682150481982,1.0351297146923724,0.5071428571428571,0.034783749132840255,0.013147021410279132,7,93.14285714285714,44,169
g1pre,A/RL/AL,auditory_direction,time_resolved_trial_response,signal,balanced_accuracy,13,-0.12939121433654655,1.0351297146923724,0.5,0.05114151895606908,0.019329677261122055,7,93.14285714285714,44,169
g1pre,A/RL/AL,auditory_direction,time_resolved_trial_response,signal,balanced_accuracy,14,-0.06469560716827327,1.0351297146923724,0.5010582010582011,0.03219697362671195,0.01216931216931217,7,93.14285714285714,44,169
g1pre,A/RL/AL,auditory_direction,time_resolved_trial_response,signal,balanced_accuracy,15,0.0,1.0351297146923724,0.49708994708994714,0.018667828412100334,0.0070557759280061826,7,93.14285714285714,44,169
g1pre,A/RL/AL,auditory_direction,time_resolved_trial_response,signal,balanced_accuracy,16,0.06469560716827327,1.0351297146923724,0.5063492063492063,0.022902577483598894,0.008656360629141449,7,93.14285714285714,44,169
g1pre,A/RL/AL,auditory_direction,time_resolved_trial_response,signal,balanced_accuracy,17,0.12939121433654655,1.0351297146923724,0.5108465608465609,0.026242088350451064,0.009918577094039817,7,93.14285714285714,44,169
g1pre,A/RL/AL,auditory_direction,time_resolved_trial_response,signal,balanced_accuracy,18,0.19408682150481982,1.0351297146923724,0.5214285714285715,0.03604944311560253,0.013625408769464824,7,93.14285714285714,44,169
g1pre,A/RL/AL,auditory_direction,time_resolved_trial_response,signal,balanced_accuracy,19,0.2587824286730931,1.0351297146923724,0.5925925925925926,0.1102331568982034,0.04166421705517291,7,93.14285714285714,44,169
g1pre,A/RL/AL,auditory_direction,time_resolved_trial_response,signal,balanced_accuracy,20,0.32347803584136636,1.0351297146923724,0.6105820105820107,0.1550687351678589,0.05861047276792722,7,93.14285714285714,44,169
g1pre,A/RL/AL,auditory_direction,time_resolved_trial_response,signal,balanced_accuracy,21,0.38817364300963964,1.0351297146923724,0.6002645502645503,0.17807147990727074,0.06730469306112477,7,93.14285714285714,44,169
g1pre,A/RL/AL,auditory_direction,time_resolved_trial_response,signal,balanced_accuracy,22,0.4528692501779129,1.0351297146923724,0.6002645502645503,0.1765111402650386,0.06671494011053311,7,93.14285714285714,44,169
g1pre,A/RL/AL,auditory_direction,time_resolved_trial_response,signal,balanced_accuracy,23,0.5175648573461862,1.0351297146923724,0.6153439153439154,0.17559329921175362,0.06636802880052202,7,93.14285714285714,44,169
g1pre,A/RL/AL,auditory_direction,time_resolved_trial_response,signal,balanced_accuracy,24,0.5822604645144595,1.0351297146923724,0.6251322751322751,0.16659071363599418,0.06296537128765962,7,93.14285714285714,44,169
g1pre,A/RL/AL,auditory_direction,time_resolved_trial_response,signal,balanced_accuracy,25,0.6469560716827327,1.0351297146923724,0.6182539682539682,0.16832993304714916,0.06362273443584424,7,93.14285714285714,44,169
g1pre,A/RL/AL,auditory_direction,time_resolved_trial_response,signal,balanced_accuracy,26,0.711651678851006,1.0351297146923724,0.614021164021164,0.1618856687800142,0.06118703148818438,7,93.14285714285714,44,169
g1pre,A/RL/AL,auditory_direction,time_resolved_trial_response,signal,balanced_accuracy,27,0.7763472860192793,1.0351297146923724,0.6066137566137566,0.153959541442131,0.05819123694591733,7,93.14285714285714,44,169
g1pre,A/RL/AL,auditory_direction,time_resolved_trial_response,signal,balanced_accuracy,28,0.8410428931875525,1.0351297146923724,0.6039682539682539,0.13950246596501698,0.052726976031955294,7,93.14285714285714,44,169
g1pre,A/RL/AL,auditory_direction,time_resolved_trial_response,signal,balanced_accuracy,29,0.9057385003558258,1.0351297146923724,0.5849206349206348,0.13552059089743002,0.051221968720446216,7,93.14285714285714,44,169
g1pre,A/RL/AL,auditory_direction,time_resolved_trial_response,signal,balanced_accuracy,30,0.9704341075240991,1.0351297146923724,0.5785714285714285,0.13168501522954296,0.04977225738444627,7,93.14285714285714,44,169
g1pre,A/RL/AL,auditory_direction,time_resolved_trial_response,signal,balanced_accuracy,31,1.0351297146923724,1.0351297146923724,0.5828042328042329,0.14179959988265003,0.053595211042565094,7,93.14285714285714,44,169
g1pre,A/RL/AL,auditory_direction,time_resolved_trial_response,signal,balanced_accuracy,32,1.0998253218606455,1.0351297146923724,0.5820105820105821,0.12928399373216581,0.04886475655950629,7,93.14285714285714,44,169
g1pre,A/RL/AL,auditory_direction,time_resolved_trial_response,signal,balanced_accuracy,33,1.164520929028919,1.0351297146923724,0.5883597883597884,0.13813256741033816,0.05220920304666002,7,93.14285714285714,44,169
g1pre,A/RL/AL,auditory_direction,time_resolved_trial_response,signal,balanced_accuracy,34,1.229216536197192,1.0351297146923724,0.5867724867724868,0.13599633428680122,0.05140178281989752,7,93.14285714285714,44,169
g1pre,A/RL/AL,auditory_direction,time_resolved_trial_response,signal,balanced_accuracy,35,1.2939121433654655,1.0351297146923724,0.5973544973544973,0.12810772012177027,0.04842016692423848,7,93.14285714285714,44,169
g1pre,A/RL/AL,auditory_direction,time_resolved_trial_response,signal,balanced_accuracy,36,1.3586077505337386,1.0351297146923724,0.5801587301587301,0.11221017275140716,0.042411458810259955,7,93.14285714285714,44,169
g1pre,A/RL/AL,auditory_direction,time_resolved_trial_response,signal,balanced_accuracy,37,1.423303357702012,1.0351297146923724,0.5751322751322752,0.115107438445675,0.043506522311561616,7,93.14285714285714,44,169
g1pre,A/RL/AL,auditory_direction,time_resolved_trial_response,signal,balanced_accuracy,38,1.4879989648702852,1.0351297146923724,0.5732804232804233,0.12850418473655623,0.048570016463432855,7,93.14285714285714,44,169
g1pre,A/RL/AL,auditory_direction,time_resolved_trial_response,signal,balanced_accuracy,39,1.5526945720385585,1.0351297146923724,0.566931216931217,0.12488416476239203,0.04720177752161501,7,93.14285714285714,44,169
g1pre,A/RL/AL,auditory_direction,time_resolved_trial_response,signal,balanced_accuracy,40,1.6173901792068317,1.0351297146923724,0.5796296296296297,0.10660084560402588,0.04029133243106364,7,93.14285714285714,44,169
g1pre,A/RL/AL,auditory_direction,time_resolved_trial_response,signal,balanced_accuracy,41,1.682085786375105,1.0351297146923724,0.5682539682539682,0.1172844147396368,0.04432934200926247,7,93.14285714285714,44,169
g1pre,A/RL/AL,auditory_direction,time_resolved_trial_response,signal,balanced_accuracy,42,1.7467813935433782,1.0351297146923724,0.5703703703703704,0.11154749696271338,0.04216099090501034,7,93.14285714285714,44,169
g1pre,A/RL/AL,auditory_direction,time_resolved_trial_response,signal,balanced_accuracy,43,1.8114770007116516,1.0351297146923724,0.5563492063492064,0.12168727460839923,0.04599346661929274,7,93.14285714285714,44,169
g1pre,A/RL/AL,auditory_direction,time_resolved_trial_response,signal,balanced_accuracy,44,1.8761726078799248,1.0351297146923724,0.5830687830687831,0.0884339474832863,0.03342489035664598,7,93.14285714285714,44,169
g1pre,A/RL/AL,auditory_direction,time_resolved_trial_response,signal,balanced_accuracy,45,1.9408682150481982,1.0351297146923724,0.5404761904761904,0.11479703452245296,0.043389200656301,7,93.14285714285714,44,169
g1pre,A/RL/AL,auditory_direction,time_resolved_trial_response,signal,balanced_accuracy,46,2.0055638222164713,1.0351297146923724,0.5547619047619048,0.10632090491833364,0.04018552479732213,7,93.14285714285714,44,169
g1pre,A/RL/AL,congruency,time_resolved_trial_response,signal,balanced_accuracy,0,-0.9704341075240991,1.0351297146923724,0.4857142857142857,0.03407464917849154,0.012879006819722852,7,93.14285714285714,44,169
g1pre,A/RL/AL,congruency,time_resolved_trial_response,signal,balanced_accuracy,1,-0.9057385003558258,1.0351297146923724,0.4920634920634921,0.02423885405408806,0.009161425698900966,7,93.14285714285714,44,169
g1pre,A/RL/AL,congruency,time_resolved_trial_response,signal,balanced_accuracy,2,-0.8410428931875525,1.0351297146923724,0.5059523809523809,0.035624519758100555,0.01346480283657728,7,93.14285714285714,44,169
g1pre,A/RL/AL,congruency,time_resolved_trial_response,signal,balanced_accuracy,3,-0.7763472860192793,1.0351297146923724,0.4928571428571429,0.04385773457252682,0.016576665535083662,7,93.14285714285714,44,169
g1pre,A/RL/AL,congruency,time_resolved_trial_response,signal,balanced_accuracy,4,-0.711651678851006,1.0351297146923724,0.4738095238095238,0.037946828420620485,0.014342553006371387,7,93.14285714285714,44,169
g1pre,A/RL/AL,congruency,time_resolved_trial_response,signal,balanced_accuracy,5,-0.6469560716827327,1.0351297146923724,0.4876984126984127,0.020716160794128996,0.00782997279732738,7,93.14285714285714,44,169
g1pre,A/RL/AL,congruency,time_resolved_trial_response,signal,balanced_accuracy,6,-0.5822604645144595,1.0351297146923724,0.5047619047619047,0.03627861031155366,0.013712025827913496,7,93.14285714285714,44,169
g1pre,A/RL/AL,congruency,time_resolved_trial_response,signal,balanced_accuracy,7,-0.5175648573461862,1.0351297146923724,0.5083333333333334,0.02500000000000003,0.00944911182523069,7,93.14285714285714,44,169
g1pre,A/RL/AL,congruency,time_resolved_trial_response,signal,balanced_accuracy,8,-0.4528692501779129,1.0351297146923724,0.5130952380952382,0.027718190055714794,0.010476491097177845,7,93.14285714285714,44,169
g1pre,A/RL/AL,congruency,time_resolved_trial_response,signal,balanced_accuracy,9,-0.38817364300963964,1.0351297146923724,0.473015873015873,0.03457242821201623,0.013067149609804055,7,93.14285714285714,44,169
g1pre,A/RL/AL,congruency,time_resolved_trial_response,signal,balanced_accuracy,10,-0.32347803584136636,1.0351297146923724,0.5015873015873016,0.026636612252441034,0.010067693112745,7,93.14285714285714,44,169
g1pre,A/RL/AL,congruency,time_resolved_trial_response,signal,balanced_accuracy,11,-0.2587824286730931,1.0351297146923724,0.5039682539682541,0.024472686907406817,0.009249806210077833,7,93.14285714285714,44,169
g1pre,A/RL/AL,congruency,time_resolved_trial_response,signal,balanced_accuracy,12,-0.19408682150481982,1.0351297146923724,0.49801587301587297,0.020707290675634548,0.007826620207665096,7,93.14285714285714,44,169
g1pre,A/RL/AL,congruency,time_resolved_trial_response,signal,balanced_accuracy,13,-0.12939121433654655,1.0351297146923724,0.5051587301587303,0.0364806085894551,0.013788374000569285,7,93.14285714285714,44,169
g1pre,A/RL/AL,congruency,time_resolved_trial_response,signal,balanced_accuracy,14,-0.06469560716827327,1.0351297146923724,0.4992063492063492,0.038813229500320644,0.014670021833874882,7,93.14285714285714,44,169
g1pre,A/RL/AL,congruency,time_resolved_trial_response,signal,balanced_accuracy,15,0.0,1.0351297146923724,0.5003968253968255,0.0336569388918142,0.012721127171348321,7,93.14285714285714,44,169
g1pre,A/RL/AL,congruency,time_resolved_trial_response,signal,balanced_accuracy,16,0.06469560716827327,1.0351297146923724,0.4821428571428571,0.031174585663633684,0.011782885841636314,7,93.14285714285714,44,169
g1pre,A/RL/AL,congruency,time_resolved_trial_response,signal,balanced_accuracy,17,0.12939121433654655,1.0351297146923724,0.4988095238095238,0.02261556642662706,0.00854788064624527,7,93.14285714285714,44,169
g1pre,A/RL/AL,congruency,time_resolved_trial_response,signal,balanced_accuracy,18,0.19408682150481982,1.0351297146923724,0.5174603174603175,0.031781560806383134,0.01201230088159531,7,93.14285714285714,44,169
g1pre,A/RL/AL,congruency,time_resolved_trial_response,signal,balanced_accuracy,19,0.2587824286730931,1.0351297146923724,0.5011904761904762,0.03553157259933112,0.013429672112695286,7,93.14285714285714,44,169
g1pre,A/RL/AL,congruency,time_resolved_trial_response,signal,balanced_accuracy,20,0.32347803584136636,1.0351297146923724,0.4888888888888889,0.03618226607885178,0.013675611130772852,7,93.14285714285714,44,169
g1pre,A/RL/AL,congruency,time_resolved_trial_response,signal,balanced_accuracy,21,0.38817364300963964,1.0351297146923724,0.4884920634920635,0.03276634183070321,0.012384513122481938,7,93.14285714285714,44,169
g1pre,A/RL/AL,congruency,time_resolved_trial_response,signal,balanced_accuracy,22,0.4528692501779129,1.0351297146923724,0.5055555555555555,0.0428534683903931,0.016197088596792503,7,93.14285714285714,44,169
g1pre,A/RL/AL,congruency,time_resolved_trial_response,signal,balanced_accuracy,23,0.5175648573461862,1.0351297146923724,0.5055555555555556,0.012830005981991684,0.00484928644968872,7,93.14285714285714,44,169
g1pre,A/RL/AL,congruency,time_resolved_trial_response,signal,balanced_accuracy,24,0.5822604645144595,1.0351297146923724,0.4988095238095238,0.02192258304275105,0.008285957546754421,7,93.14285714285714,44,169
g1pre,A/RL/AL,congruency,time_resolved_trial_response,signal,balanced_accuracy,25,0.6469560716827327,1.0351297146923724,0.5071428571428572,0.036671476356025204,0.013860515235375402,7,93.14285714285714,44,169
g1pre,A/RL/AL,congruency,time_resolved_trial_response,signal,balanced_accuracy,26,0.711651678851006,1.0351297146923724,0.5115079365079366,0.04177235273793887,0.015788465288950615,7,93.14285714285714,44,169
g1pre,A/RL/AL,congruency,time_resolved_trial_response,signal,balanced_accuracy,27,0.7763472860192793,1.0351297146923724,0.4992063492063492,0.04269455245035275,0.01613702401726239,7,93.14285714285714,44,169
g1pre,A/RL/AL,congruency,time_resolved_trial_response,signal,balanced_accuracy,28,0.8410428931875525,1.0351297146923724,0.49880952380952387,0.01889822365046143,0.007142857142857169,7,93.14285714285714,44,169
g1pre,A/RL/AL,congruency,time_resolved_trial_response,signal,balanced_accuracy,29,0.9057385003558258,1.0351297146923724,0.5031746031746032,0.028256457592019855,0.010679937102875361,7,93.14285714285714,44,169
g1pre,A/RL/AL,congruency,time_resolved_trial_response,signal,balanced_accuracy,30,0.9704341075240991,1.0351297146923724,0.49642857142857144,0.01107799297153972,0.004187087775487933,7,93.14285714285714,44,169
g1pre,A/RL/AL,congruency,time_resolved_trial_response,signal,balanced_accuracy,31,1.0351297146923724,1.0351297146923724,0.4900793650793651,0.03317311583714293,0.012538259245459775,7,93.14285714285714,44,169
g1pre,A/RL/AL,congruency,time_resolved_trial_response,signal,balanced_accuracy,32,1.0998253218606455,1.0351297146923724,0.4746031746031746,0.05229871691266767,0.019767056976955195,7,93.14285714285714,44,169
g1pre,A/RL/AL,congruency,time_resolved_trial_response,signal,balanced_accuracy,33,1.164520929028919,1.0351297146923724,0.4952380952380952,0.042361924270103206,0.01601130238240635,7,93.14285714285714,44,169
g1pre,A/RL/AL,congruency,time_resolved_trial_response,signal,balanced_accuracy,34,1.229216536197192,1.0351297146923724,0.49484126984126986,0.040522201258403716,0.015315952443806404,7,93.14285714285714,44,169
g1pre,A/RL/AL,congruency,time_resolved_trial_response,signal,balanced_accuracy,35,1.2939121433654655,1.0351297146923724,0.5035714285714287,0.03497920773180798,0.01322089781663309,7,93.14285714285714,44,169
g1pre,A/RL/AL,congruency,time_resolved_trial_response,signal,balanced_accuracy,36,1.3586077505337386,1.0351297146923724,0.5051587301587303,0.05449045135300068,0.020595454729671833,7,93.14285714285714,44,169
g1pre,A/RL/AL,congruency,time_resolved_trial_response,signal,balanced_accuracy,37,1.423303357702012,1.0351297146923724,0.49960317460317466,0.03249044539153254,0.012280234070245673,7,93.14285714285714,44,169
g1pre,A/RL/AL,congruency,time_resolved_trial_response,signal,balanced_accuracy,38,1.4879989648702852,1.0351297146923724,0.5011904761904763,0.0323885054475565,0.012241704393042178,7,93.14285714285714,44,169
g1pre,A/RL/AL,congruency,time_resolved_trial_response,signal,balanced_accuracy,39,1.5526945720385585,1.0351297146923724,0.5023809523809524,0.045796241203911306,0.017309352172439795,7,93.14285714285714,44,169
g1pre,A/RL/AL,congruency,time_resolved_trial_response,signal,balanced_accuracy,40,1.6173901792068317,1.0351297146923724,0.5182539682539683,0.02514654287292248,0.009504499824968085,7,93.14285714285714,44,169
g1pre,A/RL/AL,congruency,time_resolved_trial_response,signal,balanced_accuracy,41,1.682085786375105,1.0351297146923724,0.505952380952381,0.03707504663371873,0.014013050462706024,7,93.14285714285714,44,169
g1pre,A/RL/AL,congruency,time_resolved_trial_response,signal,balanced_accuracy,42,1.7467813935433782,1.0351297146923724,0.4884920634920635,0.05187900838369939,0.019608422063986223,7,93.14285714285714,44,169
g1pre,A/RL/AL,congruency,time_resolved_trial_response,signal,balanced_accuracy,43,1.8114770007116516,1.0351297146923724,0.5067460317460317,0.04388704704460216,0.016587744608144217,7,93.14285714285714,44,169
g1pre,A/RL/AL,congruency,time_resolved_trial_response,signal,balanced_accuracy,44,1.8761726078799248,1.0351297146923724,0.49722222222222223,0.037405573845785495,0.014137978006230048,7,93.14285714285714,44,169
g1pre,A/RL/AL,congruency,time_resolved_trial_response,signal,balanced_accuracy,45,1.9408682150481982,1.0351297146923724,0.5150793650793651,0.052676734241920146,0.019909934097594464,7,93.14285714285714,44,169
g1pre,A/RL/AL,congruency,time_resolved_trial_response,signal,balanced_accuracy,46,2.0055638222164713,1.0351297146923724,0.4920634920634921,0.033885419199601835,0.012807484610474257,7,93.14285714285714,44,169
g1pre,A/RL/AL,modality,time_resolved_trial_response,signal,balanced_accuracy,0,-0.9704341075240991,1.0351297146923724,0.33425925925925926,0.01386829749300062,0.005241723753477166,7,93.14285714285714,44,169
g1pre,A/RL/AL,modality,time_resolved_trial_response,signal,balanced_accuracy,1,-0.9057385003558258,1.0351297146923724,0.3298941798941799,0.02498121313834616,0.00944201105896619,7,93.14285714285714,44,169
g1pre,A/RL/AL,modality,time_resolved_trial_response,signal,balanced_accuracy,2,-0.8410428931875525,1.0351297146923724,0.33650793650793653,0.01099290443897524,0.004154927333118071,7,93.14285714285714,44,169
g1pre,A/RL/AL,modality,time_resolved_trial_response,signal,balanced_accuracy,3,-0.7763472860192793,1.0351297146923724,0.33690476190476193,0.010149046034507017,0.003835978835978832,7,93.14285714285714,44,169
g1pre,A/RL/AL,modality,time_resolved_trial_response,signal,balanced_accuracy,4,-0.711651678851006,1.0351297146923724,0.330952380952381,0.020847780606934988,0.00787972041051217,7,93.14285714285714,44,169
g1pre,A/RL/AL,modality,time_resolved_trial_response,signal,balanced_accuracy,5,-0.6469560716827327,1.0351297146923724,0.33875661375661376,0.014388429805709363,0.005438315288945198,7,93.14285714285714,44,169
g1pre,A/RL/AL,modality,time_resolved_trial_response,signal,balanced_accuracy,6,-0.5822604645144595,1.0351297146923724,0.3367724867724868,0.01842347745468502,0.006963419947157403,7,93.14285714285714,44,169
g1pre,A/RL/AL,modality,time_resolved_trial_response,signal,balanced_accuracy,7,-0.5175648573461862,1.0351297146923724,0.326984126984127,0.013496817642876933,0.0051013175676916205,7,93.14285714285714,44,169
g1pre,A/RL/AL,modality,time_resolved_trial_response,signal,balanced_accuracy,8,-0.4528692501779129,1.0351297146923724,0.34338624338624335,0.013044590564707236,0.004930391798410708,7,93.14285714285714,44,169
g1pre,A/RL/AL,modality,time_resolved_trial_response,signal,balanced_accuracy,9,-0.38817364300963964,1.0351297146923724,0.3246031746031746,0.007872315352574875,0.0029754555235984113,7,93.14285714285714,44,169
g1pre,A/RL/AL,modality,time_resolved_trial_response,signal,balanced_accuracy,10,-0.32347803584136636,1.0351297146923724,0.33425925925925926,0.021695137988629598,0.008199991396734852,7,93.14285714285714,44,169
g1pre,A/RL/AL,modality,time_resolved_trial_response,signal,balanced_accuracy,11,-0.2587824286730931,1.0351297146923724,0.33584656084656084,0.020043065528969124,0.007575566700146223,7,93.14285714285714,44,169
g1pre,A/RL/AL,modality,time_resolved_trial_response,signal,balanced_accuracy,12,-0.19408682150481982,1.0351297146923724,0.34113756613756613,0.009318592962413245,0.0035220970782260156,7,93.14285714285714,44,169
g1pre,A/RL/AL,modality,time_resolved_trial_response,signal,balanced_accuracy,13,-0.12939121433654655,1.0351297146923724,0.3314814814814815,0.01526140162355075,0.005768267622027525,7,93.14285714285714,44,169
g1pre,A/RL/AL,modality,time_resolved_trial_response,signal,balanced_accuracy,14,-0.06469560716827327,1.0351297146923724,0.32645502645502644,0.017246905374200035,0.006518717500799525,7,93.14285714285714,44,169
g1pre,A/RL/AL,modality,time_resolved_trial_response,signal,balanced_accuracy,15,0.0,1.0351297146923724,0.3404761904761905,0.014975157428090052,0.005660077485538271,7,93.14285714285714,44,169
g1pre,A/RL/AL,modality,time_resolved_trial_response,signal,balanced_accuracy,16,0.06469560716827327,1.0351297146923724,0.33280423280423277,0.009241605746043352,0.0034929986455623217,7,93.14285714285714,44,169
g1pre,A/RL/AL,modality,time_resolved_trial_response,signal,balanced_accuracy,17,0.12939121433654655,1.0351297146923724,0.3326719576719577,0.0124652498877949,0.0047114216047687285,7,93.14285714285714,44,169
g1pre,A/RL/AL,modality,time_resolved_trial_response,signal,balanced_accuracy,18,0.19408682150481982,1.0351297146923724,0.3625661375661376,0.050709013755285234,0.01916620566083404,7,93.14285714285714,44,169
g1pre,A/RL/AL,modality,time_resolved_trial_response,signal,balanced_accuracy,19,0.2587824286730931,1.0351297146923724,0.4894179894179894,0.11813675148076426,0.044651495016449105,7,93.14285714285714,44,169
g1pre,A/RL/AL,modality,time_resolved_trial_response,signal,balanced_accuracy,20,0.32347803584136636,1.0351297146923724,0.5142857142857143,0.14191241609823135,0.05363785156403418,7,93.14285714285714,44,169
g1pre,A/RL/AL,modality,time_resolved_trial_response,signal,balanced_accuracy,21,0.38817364300963964,1.0351297146923724,0.5346560846560846,0.15009509364072698,0.05673061296918799,7,93.14285714285714,44,169
g1pre,A/RL/AL,modality,time_resolved_trial_response,signal,balanced_accuracy,22,0.4528692501779129,1.0351297146923724,0.5666666666666667,0.16972755139033918,0.06415098451639607,7,93.14285714285714,44,169
g1pre,A/RL/AL,modality,time_resolved_trial_response,signal,balanced_accuracy,23,0.5175648573461862,1.0351297146923724,0.5957671957671957,0.1709847493370278,0.06462616067578453,7,93.14285714285714,44,169
g1pre,A/RL/AL,modality,time_resolved_trial_response,signal,balanced_accuracy,24,0.5822604645144595,1.0351297146923724,0.5883597883597884,0.1819146829103796,0.0687572872588623,7,93.14285714285714,44,169
g1pre,A/RL/AL,modality,time_resolved_trial_response,signal,balanced_accuracy,25,0.6469560716827327,1.0351297146923724,0.5951058201058201,0.18227161258354238,0.06889219399468062,7,93.14285714285714,44,169
g1pre,A/RL/AL,modality,time_resolved_trial_response,signal,balanced_accuracy,26,0.711651678851006,1.0351297146923724,0.607010582010582,0.1783586327634475,0.06741322663908272,7,93.14285714285714,44,169
g1pre,A/RL/AL,modality,time_resolved_trial_response,signal,balanced_accuracy,27,0.7763472860192793,1.0351297146923724,0.5988095238095238,0.19026873929879715,0.0719148237791999,7,93.14285714285714,44,169
g1pre,A/RL/AL,modality,time_resolved_trial_response,signal,balanced_accuracy,28,0.8410428931875525,1.0351297146923724,0.6115079365079366,0.20339613223752354,0.07687651193327068,7,93.14285714285714,44,169
g1pre,A/RL/AL,modality,time_resolved_trial_response,signal,balanced_accuracy,29,0.9057385003558258,1.0351297146923724,0.6153439153439154,0.20331321800509086,0.0768451732991043,7,93.14285714285714,44,169
g1pre,A/RL/AL,modality,time_resolved_trial_response,signal,balanced_accuracy,30,0.9704341075240991,1.0351297146923724,0.6145502645502646,0.21027946591466093,0.07947816751909657,7,93.14285714285714,44,169
g1pre,A/RL/AL,modality,time_resolved_trial_response,signal,balanced_accuracy,31,1.0351297146923724,1.0351297146923724,0.6305555555555555,0.2046442930895008,0.077348272391919,7,93.14285714285714,44,169
g1pre,A/RL/AL,modality,time_resolved_trial_response,signal,balanced_accuracy,32,1.0998253218606455,1.0351297146923724,0.6149470899470899,0.20830893449131863,0.07873337664812488,7,93.14285714285714,44,169
g1pre,A/RL/AL,modality,time_resolved_trial_response,signal,balanced_accuracy,33,1.164520929028919,1.0351297146923724,0.627910052910053,0.20550718801115866,0.07767441601624576,7,93.14285714285714,44,169
g1pre,A/RL/AL,modality,time_resolved_trial_response,signal,balanced_accuracy,34,1.229216536197192,1.0351297146923724,0.6406084656084656,0.19608175191134267,0.07411193602789666,7,93.14285714285714,44,169
g1pre,A/RL/AL,modality,time_resolved_trial_response,signal,balanced_accuracy,35,1.2939121433654655,1.0351297146923724,0.6314814814814814,0.19059460421272909,0.07203798913966639,7,93.14285714285714,44,169
g1pre,A/RL/AL,modality,time_resolved_trial_response,signal,balanced_accuracy,36,1.3586077505337386,1.0351297146923724,0.6236772486772486,0.1984355659955707,0.0750015941278036,7,93.14285714285714,44,169
g1pre,A/RL/AL,modality,time_resolved_trial_response,signal,balanced_accuracy,37,1.423303357702012,1.0351297146923724,0.5988095238095238,0.19841601996043984,0.07499420642093596,7,93.14285714285714,44,169
g1pre,A/RL/AL,modality,time_resolved_trial_response,signal,balanced_accuracy,38,1.4879989648702852,1.0351297146923724,0.6080687830687831,0.1880250720575713,0.07106679727276191,7,93.14285714285714,44,169
g1pre,A/RL/AL,modality,time_resolved_trial_response,signal,balanced_accuracy,39,1.5526945720385585,1.0351297146923724,0.6078042328042328,0.20119233145443258,0.07604355353167237,7,93.14285714285714,44,169
g1pre,A/RL/AL,modality,time_resolved_trial_response,signal,balanced_accuracy,40,1.6173901792068317,1.0351297146923724,0.6033068783068783,0.17926880613579776,0.06775723983811013,7,93.14285714285714,44,169
g1pre,A/RL/AL,modality,time_resolved_trial_response,signal,balanced_accuracy,41,1.682085786375105,1.0351297146923724,0.591005291005291,0.17653056774458784,0.06672228300760283,7,93.14285714285714,44,169
g1pre,A/RL/AL,modality,time_resolved_trial_response,signal,balanced_accuracy,42,1.7467813935433782,1.0351297146923724,0.5740740740740742,0.18640646670010602,0.07045502195181765,7,93.14285714285714,44,169
g1pre,A/RL/AL,modality,time_resolved_trial_response,signal,balanced_accuracy,43,1.8114770007116516,1.0351297146923724,0.580026455026455,0.17488144879134734,0.06609897463151175,7,93.14285714285714,44,169
g1pre,A/RL/AL,modality,time_resolved_trial_response,signal,balanced_accuracy,44,1.8761726078799248,1.0351297146923724,0.5798941798941799,0.17230493358148807,0.06512514341801705,7,93.14285714285714,44,169
g1pre,A/RL/AL,modality,time_resolved_trial_response,signal,balanced_accuracy,45,1.9408682150481982,1.0351297146923724,0.580026455026455,0.1691421586364725,0.06392972685267743,7,93.14285714285714,44,169
g1pre,A/RL/AL,modality,time_resolved_trial_response,signal,balanced_accuracy,46,2.0055638222164713,1.0351297146923724,0.5686507936507936,0.17844959590720136,0.06744760747577491,7,93.14285714285714,44,169
g1pre,A/RL/AL,trial_type,time_resolved_trial_response,signal,balanced_accuracy,0,-0.9704341075240991,1.0351297146923724,0.1267857142857143,0.020058336438254144,0.007581338561326508,7,93.14285714285714,44,169
g1pre,A/RL/AL,trial_type,time_resolved_trial_response,signal,balanced_accuracy,1,-0.9057385003558258,1.0351297146923724,0.12202380952380953,0.012485294112555521,0.004718997609617255,7,93.14285714285714,44,169
g1pre,A/RL/AL,trial_type,time_resolved_trial_response,signal,balanced_accuracy,2,-0.8410428931875525,1.0351297146923724,0.11865079365079365,0.0074732523237172116,0.0028246238761987586,7,93.14285714285714,44,169
g1pre,A/RL/AL,trial_type,time_resolved_trial_response,signal,balanced_accuracy,3,-0.7763472860192793,1.0351297146923724,0.12202380952380952,0.01021969861879041,0.0038626830027642446,7,93.14285714285714,44,169
g1pre,A/RL/AL,trial_type,time_resolved_trial_response,signal,balanced_accuracy,4,-0.711651678851006,1.0351297146923724,0.11904761904761904,0.017434369246994975,0.006589572184688733,7,93.14285714285714,44,169
g1pre,A/RL/AL,trial_type,time_resolved_trial_response,signal,balanced_accuracy,5,-0.6469560716827327,1.0351297146923724,0.1259920634920635,0.016211260520578863,0.006127280539475881,7,93.14285714285714,44,169
g1pre,A/RL/AL,trial_type,time_resolved_trial_response,signal,balanced_accuracy,6,-0.5822604645144595,1.0351297146923724,0.12738095238095237,0.016250876157811664,0.006142253842925501,7,93.14285714285714,44,169
g1pre,A/RL/AL,trial_type,time_resolved_trial_response,signal,balanced_accuracy,7,-0.5175648573461862,1.0351297146923724,0.1253968253968254,0.012047207750331987,0.004553416528586907,7,93.14285714285714,44,169
g1pre,A/RL/AL,trial_type,time_resolved_trial_response,signal,balanced_accuracy,8,-0.4528692501779129,1.0351297146923724,0.12380952380952381,0.011959200925333053,0.0045201530753549695,7,93.14285714285714,44,169
g1pre,A/RL/AL,trial_type,time_resolved_trial_response,signal,balanced_accuracy,9,-0.38817364300963964,1.0351297146923724,0.1128968253968254,0.01155686551386599,0.00436808458358687,7,93.14285714285714,44,169
g1pre,A/RL/AL,trial_type,time_resolved_trial_response,signal,balanced_accuracy,10,-0.32347803584136636,1.0351297146923724,0.12123015873015874,0.011360462653386989,0.00429385127992842,7,93.14285714285714,44,169
g1pre,A/RL/AL,trial_type,time_resolved_trial_response,signal,balanced_accuracy,11,-0.2587824286730931,1.0351297146923724,0.12202380952380953,0.016145966674649945,0.0061026017854086114,7,93.14285714285714,44,169
g1pre,A/RL/AL,trial_type,time_resolved_trial_response,signal,balanced_accuracy,12,-0.19408682150481982,1.0351297146923724,0.125,0.017198310760191408,0.006500350463124668,7,93.14285714285714,44,169
g1pre,A/RL/AL,trial_type,time_resolved_trial_response,signal,balanced_accuracy,13,-0.12939121433654655,1.0351297146923724,0.12837301587301586,0.021030810101966425,0.007948899057146873,7,93.14285714285714,44,169
g1pre,A/RL/AL,trial_type,time_resolved_trial_response,signal,balanced_accuracy,14,-0.06469560716827327,1.0351297146923724,0.125,0.015361722243552832,0.00580618525229857,7,93.14285714285714,44,169
g1pre,A/RL/AL,trial_type,time_resolved_trial_response,signal,balanced_accuracy,15,0.0,1.0351297146923724,0.11944444444444444,0.015528249843748532,0.005869126768948029,7,93.14285714285714,44,169
g1pre,A/RL/AL,trial_type,time_resolved_trial_response,signal,balanced_accuracy,16,0.06469560716827327,1.0351297146923724,0.11825396825396825,0.012562307965604588,0.004748106109999355,7,93.14285714285714,44,169
g1pre,A/RL/AL,trial_type,time_resolved_trial_response,signal,balanced_accuracy,17,0.12939121433654655,1.0351297146923724,0.1244047619047619,0.016134584250482566,0.00609829963345662,7,93.14285714285714,44,169
g1pre,A/RL/AL,trial_type,time_resolved_trial_response,signal,balanced_accuracy,18,0.19408682150481982,1.0351297146923724,0.15257936507936506,0.03102986841232278,0.011728187862009246,7,93.14285714285714,44,169
g1pre,A/RL/AL,trial_type,time_resolved_trial_response,signal,balanced_accuracy,19,0.2587824286730931,1.0351297146923724,0.22678571428571428,0.10291443081777568,0.03889799860908516,7,93.14285714285714,44,169
g1pre,A/RL/AL,trial_type,time_resolved_trial_response,signal,balanced_accuracy,20,0.32347803584136636,1.0351297146923724,0.2787698412698413,0.15213609833378056,0.05750204023240734,7,93.14285714285714,44,169
g1pre,A/RL/AL,trial_type,time_resolved_trial_response,signal,balanced_accuracy,21,0.38817364300963964,1.0351297146923724,0.29563492063492064,0.18750416417088633,0.07086991259788468,7,93.14285714285714,44,169
g1pre,A/RL/AL,trial_type,time_resolved_trial_response,signal,balanced_accuracy,22,0.4528692501779129,1.0351297146923724,0.3327380952380952,0.19253002201432676,0.07276950830909994,7,93.14285714285714,44,169
g1pre,A/RL/AL,trial_type,time_resolved_trial_response,signal,balanced_accuracy,23,0.5175648573461862,1.0351297146923724,0.354563492063492,0.2139621000932363,0.0808700724056876,7,93.14285714285714,44,169
g1pre,A/RL/AL,trial_type,time_resolved_trial_response,signal,balanced_accuracy,24,0.5822604645144595,1.0351297146923724,0.3476190476190476,0.20922604151765514,0.07908001052202723,7,93.14285714285714,44,169
g1pre,A/RL/AL,trial_type,time_resolved_trial_response,signal,balanced_accuracy,25,0.6469560716827327,1.0351297146923724,0.3486111111111111,0.21225930449730354,0.08022647616562842,7,93.14285714285714,44,169
g1pre,A/RL/AL,trial_type,time_resolved_trial_response,signal,balanced_accuracy,26,0.711651678851006,1.0351297146923724,0.3595238095238095,0.21830080065121565,0.08250994707562909,7,93.14285714285714,44,169
g1pre,A/RL/AL,trial_type,time_resolved_trial_response,signal,balanced_accuracy,27,0.7763472860192793,1.0351297146923724,0.34345238095238095,0.20939960819965286,0.07914561256152046,7,93.14285714285714,44,169
g1pre,A/RL/AL,trial_type,time_resolved_trial_response,signal,balanced_accuracy,28,0.8410428931875525,1.0351297146923724,0.34503968253968254,0.1975965688645502,0.07468448301932121,7,93.14285714285714,44,169
g1pre,A/RL/AL,trial_type,time_resolved_trial_response,signal,balanced_accuracy,29,0.9057385003558258,1.0351297146923724,0.3390873015873016,0.18289339149182388,0.06912720433207749,7,93.14285714285714,44,169
g1pre,A/RL/AL,trial_type,time_resolved_trial_response,signal,balanced_accuracy,30,0.9704341075240991,1.0351297146923724,0.3238095238095238,0.17404100214937662,0.06578131565938691,7,93.14285714285714,44,169
g1pre,A/RL/AL,trial_type,time_resolved_trial_response,signal,balanced_accuracy,31,1.0351297146923724,1.0351297146923724,0.34424603174603174,0.1903781645358521,0.07195618263125729,7,93.14285714285714,44,169
g1pre,A/RL/AL,trial_type,time_resolved_trial_response,signal,balanced_accuracy,32,1.0998253218606455,1.0351297146923724,0.33690476190476193,0.20369663888662864,0.07699009277053545,7,93.14285714285714,44,169
g1pre,A/RL/AL,trial_type,time_resolved_trial_response,signal,balanced_accuracy,33,1.164520929028919,1.0351297146923724,0.34880952380952385,0.2028941646132229,0.07668678600468419,7,93.14285714285714,44,169
g1pre,A/RL/AL,trial_type,time_resolved_trial_response,signal,balanced_accuracy,34,1.229216536197192,1.0351297146923724,0.3494047619047619,0.20048304761488536,0.07577546943904395,7,93.14285714285714,44,169
g1pre,A/RL/AL,trial_type,time_resolved_trial_response,signal,balanced_accuracy,35,1.2939121433654655,1.0351297146923724,0.34960317460317464,0.20165485994560742,0.07621837286909103,7,93.14285714285714,44,169
g1pre,A/RL/AL,trial_type,time_resolved_trial_response,signal,balanced_accuracy,36,1.3586077505337386,1.0351297146923724,0.34563492063492063,0.1981450575835723,0.07489179226895788,7,93.14285714285714,44,169
g1pre,A/RL/AL,trial_type,time_resolved_trial_response,signal,balanced_accuracy,37,1.423303357702012,1.0351297146923724,0.32857142857142857,0.19361904366098698,0.0731811198018755,7,93.14285714285714,44,169
g1pre,A/RL/AL,trial_type,time_resolved_trial_response,signal,balanced_accuracy,38,1.4879989648702852,1.0351297146923724,0.33829365079365076,0.18857690933638152,0.07127537215903426,7,93.14285714285714,44,169
g1pre,A/RL/AL,trial_type,time_resolved_trial_response,signal,balanced_accuracy,39,1.5526945720385585,1.0351297146923724,0.3365079365079365,0.19882097544350807,0.07514726520668603,7,93.14285714285714,44,169
g1pre,A/RL/AL,trial_type,time_resolved_trial_response,signal,balanced_accuracy,40,1.6173901792068317,1.0351297146923724,0.326984126984127,0.1868883321056953,0.07063714995590256,7,93.14285714285714,44,169
g1pre,A/RL/AL,trial_type,time_resolved_trial_response,signal,balanced_accuracy,41,1.682085786375105,1.0351297146923724,0.3240079365079365,0.17816565449299454,0.06734028770878875,7,93.14285714285714,44,169
g1pre,A/RL/AL,trial_type,time_resolved_trial_response,signal,balanced_accuracy,42,1.7467813935433782,1.0351297146923724,0.31309523809523804,0.1856040237050918,0.07015172700808714,7,93.14285714285714,44,169
g1pre,A/RL/AL,trial_type,time_resolved_trial_response,signal,balanced_accuracy,43,1.8114770007116516,1.0351297146923724,0.30773809523809526,0.1710794244178466,0.0646619444928133,7,93.14285714285714,44,169
g1pre,A/RL/AL,trial_type,time_resolved_trial_response,signal,balanced_accuracy,44,1.8761726078799248,1.0351297146923724,0.30892857142857144,0.1590603378095242,0.06011915675684647,7,93.14285714285714,44,169
g1pre,A/RL/AL,trial_type,time_resolved_trial_response,signal,balanced_accuracy,45,1.9408682150481982,1.0351297146923724,0.3005952380952381,0.1666721780393858,0.06299616193795655,7,93.14285714285714,44,169
g1pre,A/RL/AL,trial_type,time_resolved_trial_response,signal,balanced_accuracy,46,2.0055638222164713,1.0351297146923724,0.29503968253968255,0.1656796723236789,0.06262103003816073,7,93.14285714285714,44,169
g1pre,A/RL/AL,visual_direction,time_resolved_trial_response,signal,balanced_accuracy,0,-0.9704341075240991,1.0351297146923724,0.48306878306878304,0.048378231965499244,0.018285252949958072,7,93.14285714285714,44,169
g1pre,A/RL/AL,visual_direction,time_resolved_trial_response,signal,balanced_accuracy,1,-0.9057385003558258,1.0351297146923724,0.503968253968254,0.02522030438649988,0.009532379056575729,7,93.14285714285714,44,169
g1pre,A/RL/AL,visual_direction,time_resolved_trial_response,signal,balanced_accuracy,2,-0.8410428931875525,1.0351297146923724,0.5018518518518519,0.03802689587965789,0.01437281566133165,7,93.14285714285714,44,169
g1pre,A/RL/AL,visual_direction,time_resolved_trial_response,signal,balanced_accuracy,3,-0.7763472860192793,1.0351297146923724,0.5047619047619047,0.022372361708675365,0.008455957903191298,7,93.14285714285714,44,169
g1pre,A/RL/AL,visual_direction,time_resolved_trial_response,signal,balanced_accuracy,4,-0.711651678851006,1.0351297146923724,0.49788359788359793,0.018593323341247178,0.007027615658164654,7,93.14285714285714,44,169
g1pre,A/RL/AL,visual_direction,time_resolved_trial_response,signal,balanced_accuracy,5,-0.6469560716827327,1.0351297146923724,0.49973544973544975,0.024554293289824104,0.009280650523402371,7,93.14285714285714,44,169
g1pre,A/RL/AL,visual_direction,time_resolved_trial_response,signal,balanced_accuracy,6,-0.5822604645144595,1.0351297146923724,0.5187830687830688,0.025869174469486,0.00977762889554303,7,93.14285714285714,44,169
g1pre,A/RL/AL,visual_direction,time_resolved_trial_response,signal,balanced_accuracy,7,-0.5175648573461862,1.0351297146923724,0.5171957671957672,0.026335266848202497,0.009953795255838229,7,93.14285714285714,44,169
g1pre,A/RL/AL,visual_direction,time_resolved_trial_response,signal,balanced_accuracy,8,-0.4528692501779129,1.0351297146923724,0.5164021164021164,0.03330637749972654,0.012588627419530525,7,93.14285714285714,44,169
g1pre,A/RL/AL,visual_direction,time_resolved_trial_response,signal,balanced_accuracy,9,-0.38817364300963964,1.0351297146923724,0.4936507936507937,0.03091089941100524,0.011683221806121826,7,93.14285714285714,44,169
g1pre,A/RL/AL,visual_direction,time_resolved_trial_response,signal,balanced_accuracy,10,-0.32347803584136636,1.0351297146923724,0.512962962962963,0.024121510719234483,0.009117074087181888,7,93.14285714285714,44,169
g1pre,A/RL/AL,visual_direction,time_resolved_trial_response,signal,balanced_accuracy,11,-0.2587824286730931,1.0351297146923724,0.48888888888888893,0.022015499382872887,0.008321076622282517,7,93.14285714285714,44,169
g1pre,A/RL/AL,visual_direction,time_resolved_trial_response,signal,balanced_accuracy,12,-0.19408682150481982,1.0351297146923724,0.4952380952380952,0.02477279339726624,0.009363235801364198,7,93.14285714285714,44,169
g1pre,A/RL/AL,visual_direction,time_resolved_trial_response,signal,balanced_accuracy,13,-0.12939121433654655,1.0351297146923724,0.49523809523809526,0.012553367687719877,0.004744727002580104,7,93.14285714285714,44,169
g1pre,A/RL/AL,visual_direction,time_resolved_trial_response,signal,balanced_accuracy,14,-0.06469560716827327,1.0351297146923724,0.5116402116402117,0.033754443655953814,0.012757980508142237,7,93.14285714285714,44,169
g1pre,A/RL/AL,visual_direction,time_resolved_trial_response,signal,balanced_accuracy,15,0.0,1.0351297146923724,0.5034391534391535,0.020990247790793153,0.007933567944580229,7,93.14285714285714,44,169
g1pre,A/RL/AL,visual_direction,time_resolved_trial_response,signal,balanced_accuracy,16,0.06469560716827327,1.0351297146923724,0.5013227513227514,0.025022036143546752,0.009457440704613485,7,93.14285714285714,44,169
g1pre,A/RL/AL,visual_direction,time_resolved_trial_response,signal,balanced_accuracy,17,0.12939121433654655,1.0351297146923724,0.49603174603174605,0.024577559630479376,0.009289444373586996,7,93.14285714285714,44,169
g1pre,A/RL/AL,visual_direction,time_resolved_trial_response,signal,balanced_accuracy,18,0.19408682150481982,1.0351297146923724,0.5145502645502645,0.011878277418330028,0.004489566864676513,7,93.14285714285714,44,169
g1pre,A/RL/AL,visual_direction,time_resolved_trial_response,signal,balanced_accuracy,19,0.2587824286730931,1.0351297146923724,0.5653439153439154,0.0689982727572053,0.02607889580122402,7,93.14285714285714,44,169
g1pre,A/RL/AL,visual_direction,time_resolved_trial_response,signal,balanced_accuracy,20,0.32347803584136636,1.0351297146923724,0.658994708994709,0.1608427898007768,0.060792860284384506,7,93.14285714285714,44,169
g1pre,A/RL/AL,visual_direction,time_resolved_trial_response,signal,balanced_accuracy,21,0.38817364300963964,1.0351297146923724,0.6976190476190476,0.18965504955283868,0.07168287085777754,7,93.14285714285714,44,169
g1pre,A/RL/AL,visual_direction,time_resolved_trial_response,signal,balanced_accuracy,22,0.4528692501779129,1.0351297146923724,0.7349206349206349,0.1705160024760095,0.06444899101548501,7,93.14285714285714,44,169
g1pre,A/RL/AL,visual_direction,time_resolved_trial_response,signal,balanced_accuracy,23,0.5175648573461862,1.0351297146923724,0.7452380952380953,0.18916059235866967,0.07149598360495783,7,93.14285714285714,44,169
g1pre,A/RL/AL,visual_direction,time_resolved_trial_response,signal,balanced_accuracy,24,0.5822604645144595,1.0351297146923724,0.7375661375661375,0.19379289511656897,0.07324682947566644,7,93.14285714285714,44,169
g1pre,A/RL/AL,visual_direction,time_resolved_trial_response,signal,balanced_accuracy,25,0.6469560716827327,1.0351297146923724,0.7410052910052911,0.19709083484051332,0.07449333352544325,7,93.14285714285714,44,169
g1pre,A/RL/AL,visual_direction,time_resolved_trial_response,signal,balanced_accuracy,26,0.711651678851006,1.0351297146923724,0.7476190476190476,0.1915532087573173,0.07240030760118592,7,93.14285714285714,44,169
g1pre,A/RL/AL,visual_direction,time_resolved_trial_response,signal,balanced_accuracy,27,0.7763472860192793,1.0351297146923724,0.7317460317460317,0.19225822283370572,0.07266677787503216,7,93.14285714285714,44,169
g1pre,A/RL/AL,visual_direction,time_resolved_trial_response,signal,balanced_accuracy,28,0.8410428931875525,1.0351297146923724,0.728042328042328,0.17639453045457396,0.06667086574497312,7,93.14285714285714,44,169
g1pre,A/RL/AL,visual_direction,time_resolved_trial_response,signal,balanced_accuracy,29,0.9057385003558258,1.0351297146923724,0.7148148148148149,0.1541641178004548,0.058268559541381326,7,93.14285714285714,44,169
g1pre,A/RL/AL,visual_direction,time_resolved_trial_response,signal,balanced_accuracy,30,0.9704341075240991,1.0351297146923724,0.6968253968253968,0.15414451991489114,0.058261152236892155,7,93.14285714285714,44,169
g1pre,A/RL/AL,visual_direction,time_resolved_trial_response,signal,balanced_accuracy,31,1.0351297146923724,1.0351297146923724,0.6970899470899471,0.18097010701465502,0.06840027112821753,7,93.14285714285714,44,169
g1pre,A/RL/AL,visual_direction,time_resolved_trial_response,signal,balanced_accuracy,32,1.0998253218606455,1.0351297146923724,0.7253968253968254,0.18221919313236365,0.06887238130444043,7,93.14285714285714,44,169
g1pre,A/RL/AL,visual_direction,time_resolved_trial_response,signal,balanced_accuracy,33,1.164520929028919,1.0351297146923724,0.7169312169312169,0.20528685744641498,0.07759113889045459,7,93.14285714285714,44,169
g1pre,A/RL/AL,visual_direction,time_resolved_trial_response,signal,balanced_accuracy,34,1.229216536197192,1.0351297146923724,0.725925925925926,0.19033578011154956,0.071940162824662,7,93.14285714285714,44,169
g1pre,A/RL/AL,visual_direction,time_resolved_trial_response,signal,balanced_accuracy,35,1.2939121433654655,1.0351297146923724,0.7182539682539683,0.1958398740157143,0.0740205147765429,7,93.14285714285714,44,169
g1pre,A/RL/AL,visual_direction,time_resolved_trial_response,signal,balanced_accuracy,36,1.3586077505337386,1.0351297146923724,0.7044973544973544,0.20551622675385436,0.0776778323398654,7,93.14285714285714,44,169
g1pre,A/RL/AL,visual_direction,time_resolved_trial_response,signal,balanced_accuracy,37,1.423303357702012,1.0351297146923724,0.706084656084656,0.20471609894666423,0.07737541245488076,7,93.14285714285714,44,169
g1pre,A/RL/AL,visual_direction,time_resolved_trial_response,signal,balanced_accuracy,38,1.4879989648702852,1.0351297146923724,0.7000000000000001,0.19759354715309707,0.07468334091974423,7,93.14285714285714,44,169
g1pre,A/RL/AL,visual_direction,time_resolved_trial_response,signal,balanced_accuracy,39,1.5526945720385585,1.0351297146923724,0.7119047619047619,0.18837031558082015,0.07119728705908651,7,93.14285714285714,44,169
g1pre,A/RL/AL,visual_direction,time_resolved_trial_response,signal,balanced_accuracy,40,1.6173901792068317,1.0351297146923724,0.6989417989417989,0.20131272759626104,0.07608905899597092,7,93.14285714285714,44,169
g1pre,A/RL/AL,visual_direction,time_resolved_trial_response,signal,balanced_accuracy,41,1.682085786375105,1.0351297146923724,0.7047619047619048,0.1863385599375228,0.0704293556080841,7,93.14285714285714,44,169
g1pre,A/RL/AL,visual_direction,time_resolved_trial_response,signal,balanced_accuracy,42,1.7467813935433782,1.0351297146923724,0.6933862433862433,0.19358380121273588,0.07316779940849473,7,93.14285714285714,44,169
g1pre,A/RL/AL,visual_direction,time_resolved_trial_response,signal,balanced_accuracy,43,1.8114770007116516,1.0351297146923724,0.6806878306878306,0.1841789239317068,0.0696130899232541,7,93.14285714285714,44,169
g1pre,A/RL/AL,visual_direction,time_resolved_trial_response,signal,balanced_accuracy,44,1.8761726078799248,1.0351297146923724,0.6793650793650794,0.1831163092930655,0.06921145934134815,7,93.14285714285714,44,169
g1pre,A/RL/AL,visual_direction,time_resolved_trial_response,signal,balanced_accuracy,45,1.9408682150481982,1.0351297146923724,0.6806878306878307,0.1858686681510583,0.07025175320664169,7,93.14285714285714,44,169
g1pre,A/RL/AL,visual_direction,time_resolved_trial_response,signal,balanced_accuracy,46,2.0055638222164713,1.0351297146923724,0.6756613756613756,0.1784145891682122,0.0674343761721211,7,93.14285714285714,44,169
g1pre,AM/PM,auditory_direction,time_resolved_trial_response,signal,balanced_accuracy,0,-0.9704341075240991,1.0351297146923724,0.5018518518518518,,,1,96.0,96,96
g1pre,AM/PM,auditory_direction,time_resolved_trial_response,signal,balanced_accuracy,1,-0.9057385003558258,1.0351297146923724,0.45185185185185184,,,1,96.0,96,96
g1pre,AM/PM,auditory_direction,time_resolved_trial_response,signal,balanced_accuracy,2,-0.8410428931875525,1.0351297146923724,0.46111111111111114,,,1,96.0,96,96
g1pre,AM/PM,auditory_direction,time_resolved_trial_response,signal,balanced_accuracy,3,-0.7763472860192793,1.0351297146923724,0.4851851851851851,,,1,96.0,96,96
g1pre,AM/PM,auditory_direction,time_resolved_trial_response,signal,balanced_accuracy,4,-0.711651678851006,1.0351297146923724,0.5,,,1,96.0,96,96
g1pre,AM/PM,auditory_direction,time_resolved_trial_response,signal,balanced_accuracy,5,-0.6469560716827327,1.0351297146923724,0.5092592592592593,,,1,96.0,96,96
g1pre,AM/PM,auditory_direction,time_resolved_trial_response,signal,balanced_accuracy,6,-0.5822604645144595,1.0351297146923724,0.4962962962962963,,,1,96.0,96,96
g1pre,AM/PM,auditory_direction,time_resolved_trial_response,signal,balanced_accuracy,7,-0.5175648573461862,1.0351297146923724,0.5074074074074073,,,1,96.0,96,96
g1pre,AM/PM,auditory_direction,time_resolved_trial_response,signal,balanced_accuracy,8,-0.4528692501779129,1.0351297146923724,0.5,,,1,96.0,96,96
g1pre,AM/PM,auditory_direction,time_resolved_trial_response,signal,balanced_accuracy,9,-0.38817364300963964,1.0351297146923724,0.5,,,1,96.0,96,96
g1pre,AM/PM,auditory_direction,time_resolved_trial_response,signal,balanced_accuracy,10,-0.32347803584136636,1.0351297146923724,0.45925925925925926,,,1,96.0,96,96
g1pre,AM/PM,auditory_direction,time_resolved_trial_response,signal,balanced_accuracy,11,-0.2587824286730931,1.0351297146923724,0.5074074074074074,,,1,96.0,96,96
g1pre,AM/PM,auditory_direction,time_resolved_trial_response,signal,balanced_accuracy,12,-0.19408682150481982,1.0351297146923724,0.49444444444444446,,,1,96.0,96,96
g1pre,AM/PM,auditory_direction,time_resolved_trial_response,signal,balanced_accuracy,13,-0.12939121433654655,1.0351297146923724,0.4685185185185185,,,1,96.0,96,96
g1pre,AM/PM,auditory_direction,time_resolved_trial_response,signal,balanced_accuracy,14,-0.06469560716827327,1.0351297146923724,0.5055555555555555,,,1,96.0,96,96
g1pre,AM/PM,auditory_direction,time_resolved_trial_response,signal,balanced_accuracy,15,0.0,1.0351297146923724,0.4925925925925926,,,1,96.0,96,96
g1pre,AM/PM,auditory_direction,time_resolved_trial_response,signal,balanced_accuracy,16,0.06469560716827327,1.0351297146923724,0.5537037037037037,,,1,96.0,96,96
g1pre,AM/PM,auditory_direction,time_resolved_trial_response,signal,balanced_accuracy,17,0.12939121433654655,1.0351297146923724,0.5351851851851853,,,1,96.0,96,96
g1pre,AM/PM,auditory_direction,time_resolved_trial_response,signal,balanced_accuracy,18,0.19408682150481982,1.0351297146923724,0.537037037037037,,,1,96.0,96,96
g1pre,AM/PM,auditory_direction,time_resolved_trial_response,signal,balanced_accuracy,19,0.2587824286730931,1.0351297146923724,0.5851851851851853,,,1,96.0,96,96
g1pre,AM/PM,auditory_direction,time_resolved_trial_response,signal,balanced_accuracy,20,0.32347803584136636,1.0351297146923724,0.6222222222222222,,,1,96.0,96,96
g1pre,AM/PM,auditory_direction,time_resolved_trial_response,signal,balanced_accuracy,21,0.38817364300963964,1.0351297146923724,0.6314814814814815,,,1,96.0,96,96
g1pre,AM/PM,auditory_direction,time_resolved_trial_response,signal,balanced_accuracy,22,0.4528692501779129,1.0351297146923724,0.6185185185185186,,,1,96.0,96,96
g1pre,AM/PM,auditory_direction,time_resolved_trial_response,signal,balanced_accuracy,23,0.5175648573461862,1.0351297146923724,0.6944444444444444,,,1,96.0,96,96
g1pre,AM/PM,auditory_direction,time_resolved_trial_response,signal,balanced_accuracy,24,0.5822604645144595,1.0351297146923724,0.6703703703703704,,,1,96.0,96,96
g1pre,AM/PM,auditory_direction,time_resolved_trial_response,signal,balanced_accuracy,25,0.6469560716827327,1.0351297146923724,0.6481481481481481,,,1,96.0,96,96
g1pre,AM/PM,auditory_direction,time_resolved_trial_response,signal,balanced_accuracy,26,0.711651678851006,1.0351297146923724,0.6685185185185185,,,1,96.0,96,96
g1pre,AM/PM,auditory_direction,time_resolved_trial_response,signal,balanced_accuracy,27,0.7763472860192793,1.0351297146923724,0.6351851851851851,,,1,96.0,96,96
g1pre,AM/PM,auditory_direction,time_resolved_trial_response,signal,balanced_accuracy,28,0.8410428931875525,1.0351297146923724,0.6277777777777779,,,1,96.0,96,96
g1pre,AM/PM,auditory_direction,time_resolved_trial_response,signal,balanced_accuracy,29,0.9057385003558258,1.0351297146923724,0.6055555555555556,,,1,96.0,96,96
g1pre,AM/PM,auditory_direction,time_resolved_trial_response,signal,balanced_accuracy,30,0.9704341075240991,1.0351297146923724,0.5555555555555556,,,1,96.0,96,96
g1pre,AM/PM,auditory_direction,time_resolved_trial_response,signal,balanced_accuracy,31,1.0351297146923724,1.0351297146923724,0.5888888888888889,,,1,96.0,96,96
g1pre,AM/PM,auditory_direction,time_resolved_trial_response,signal,balanced_accuracy,32,1.0998253218606455,1.0351297146923724,0.5851851851851851,,,1,96.0,96,96
g1pre,AM/PM,auditory_direction,time_resolved_trial_response,signal,balanced_accuracy,33,1.164520929028919,1.0351297146923724,0.5851851851851851,,,1,96.0,96,96
g1pre,AM/PM,auditory_direction,time_resolved_trial_response,signal,balanced_accuracy,34,1.229216536197192,1.0351297146923724,0.6129629629629629,,,1,96.0,96,96
g1pre,AM/PM,auditory_direction,time_resolved_trial_response,signal,balanced_accuracy,35,1.2939121433654655,1.0351297146923724,0.587037037037037,,,1,96.0,96,96
g1pre,AM/PM,auditory_direction,time_resolved_trial_response,signal,balanced_accuracy,36,1.3586077505337386,1.0351297146923724,0.5814814814814815,,,1,96.0,96,96
g1pre,AM/PM,auditory_direction,time_resolved_trial_response,signal,balanced_accuracy,37,1.423303357702012,1.0351297146923724,0.5759259259259258,,,1,96.0,96,96
g1pre,AM/PM,auditory_direction,time_resolved_trial_response,signal,balanced_accuracy,38,1.4879989648702852,1.0351297146923724,0.5351851851851852,,,1,96.0,96,96
g1pre,AM/PM,auditory_direction,time_resolved_trial_response,signal,balanced_accuracy,39,1.5526945720385585,1.0351297146923724,0.5425925925925926,,,1,96.0,96,96
g1pre,AM/PM,auditory_direction,time_resolved_trial_response,signal,balanced_accuracy,40,1.6173901792068317,1.0351297146923724,0.5407407407407407,,,1,96.0,96,96
g1pre,AM/PM,auditory_direction,time_resolved_trial_response,signal,balanced_accuracy,41,1.682085786375105,1.0351297146923724,0.5814814814814814,,,1,96.0,96,96
g1pre,AM/PM,auditory_direction,time_resolved_trial_response,signal,balanced_accuracy,42,1.7467813935433782,1.0351297146923724,0.5740740740740741,,,1,96.0,96,96
g1pre,AM/PM,auditory_direction,time_resolved_trial_response,signal,balanced_accuracy,43,1.8114770007116516,1.0351297146923724,0.5666666666666667,,,1,96.0,96,96
g1pre,AM/PM,auditory_direction,time_resolved_trial_response,signal,balanced_accuracy,44,1.8761726078799248,1.0351297146923724,0.5203703703703704,,,1,96.0,96,96
g1pre,AM/PM,auditory_direction,time_resolved_trial_response,signal,balanced_accuracy,45,1.9408682150481982,1.0351297146923724,0.5148148148148148,,,1,96.0,96,96
g1pre,AM/PM,auditory_direction,time_resolved_trial_response,signal,balanced_accuracy,46,2.0055638222164713,1.0351297146923724,0.5351851851851852,,,1,96.0,96,96
g1pre,AM/PM,congruency,time_resolved_trial_response,signal,balanced_accuracy,0,-0.9704341075240991,1.0351297146923724,0.5277777777777779,,,1,96.0,96,96
g1pre,AM/PM,congruency,time_resolved_trial_response,signal,balanced_accuracy,1,-0.9057385003558258,1.0351297146923724,0.4638888888888889,,,1,96.0,96,96
g1pre,AM/PM,congruency,time_resolved_trial_response,signal,balanced_accuracy,2,-0.8410428931875525,1.0351297146923724,0.5333333333333333,,,1,96.0,96,96
g1pre,AM/PM,congruency,time_resolved_trial_response,signal,balanced_accuracy,3,-0.7763472860192793,1.0351297146923724,0.4916666666666667,,,1,96.0,96,96
g1pre,AM/PM,congruency,time_resolved_trial_response,signal,balanced_accuracy,4,-0.711651678851006,1.0351297146923724,0.5083333333333333,,,1,96.0,96,96
g1pre,AM/PM,congruency,time_resolved_trial_response,signal,balanced_accuracy,5,-0.6469560716827327,1.0351297146923724,0.5,,,1,96.0,96,96
g1pre,AM/PM,congruency,time_resolved_trial_response,signal,balanced_accuracy,6,-0.5822604645144595,1.0351297146923724,0.47777777777777786,,,1,96.0,96,96
g1pre,AM/PM,congruency,time_resolved_trial_response,signal,balanced_accuracy,7,-0.5175648573461862,1.0351297146923724,0.5166666666666666,,,1,96.0,96,96
g1pre,AM/PM,congruency,time_resolved_trial_response,signal,balanced_accuracy,8,-0.4528692501779129,1.0351297146923724,0.5305555555555557,,,1,96.0,96,96
g1pre,AM/PM,congruency,time_resolved_trial_response,signal,balanced_accuracy,9,-0.38817364300963964,1.0351297146923724,0.5111111111111111,,,1,96.0,96,96
g1pre,AM/PM,congruency,time_resolved_trial_response,signal,balanced_accuracy,10,-0.32347803584136636,1.0351297146923724,0.44722222222222224,,,1,96.0,96,96
g1pre,AM/PM,congruency,time_resolved_trial_response,signal,balanced_accuracy,11,-0.2587824286730931,1.0351297146923724,0.5222222222222224,,,1,96.0,96,96
g1pre,AM/PM,congruency,time_resolved_trial_response,signal,balanced_accuracy,12,-0.19408682150481982,1.0351297146923724,0.5444444444444445,,,1,96.0,96,96
g1pre,AM/PM,congruency,time_resolved_trial_response,signal,balanced_accuracy,13,-0.12939121433654655,1.0351297146923724,0.5083333333333333,,,1,96.0,96,96
g1pre,AM/PM,congruency,time_resolved_trial_response,signal,balanced_accuracy,14,-0.06469560716827327,1.0351297146923724,0.5027777777777778,,,1,96.0,96,96
g1pre,AM/PM,congruency,time_resolved_trial_response,signal,balanced_accuracy,15,0.0,1.0351297146923724,0.49722222222222223,,,1,96.0,96,96
g1pre,AM/PM,congruency,time_resolved_trial_response,signal,balanced_accuracy,16,0.06469560716827327,1.0351297146923724,0.5111111111111111,,,1,96.0,96,96
g1pre,AM/PM,congruency,time_resolved_trial_response,signal,balanced_accuracy,17,0.12939121433654655,1.0351297146923724,0.49444444444444446,,,1,96.0,96,96
g1pre,AM/PM,congruency,time_resolved_trial_response,signal,balanced_accuracy,18,0.19408682150481982,1.0351297146923724,0.5166666666666667,,,1,96.0,96,96
g1pre,AM/PM,congruency,time_resolved_trial_response,signal,balanced_accuracy,19,0.2587824286730931,1.0351297146923724,0.48888888888888893,,,1,96.0,96,96
g1pre,AM/PM,congruency,time_resolved_trial_response,signal,balanced_accuracy,20,0.32347803584136636,1.0351297146923724,0.5027777777777779,,,1,96.0,96,96
g1pre,AM/PM,congruency,time_resolved_trial_response,signal,balanced_accuracy,21,0.38817364300963964,1.0351297146923724,0.46111111111111114,,,1,96.0,96,96
g1pre,AM/PM,congruency,time_resolved_trial_response,signal,balanced_accuracy,22,0.4528692501779129,1.0351297146923724,0.4444444444444445,,,1,96.0,96,96
g1pre,AM/PM,congruency,time_resolved_trial_response,signal,balanced_accuracy,23,0.5175648573461862,1.0351297146923724,0.45277777777777783,,,1,96.0,96,96
g1pre,AM/PM,congruency,time_resolved_trial_response,signal,balanced_accuracy,24,0.5822604645144595,1.0351297146923724,0.4638888888888889,,,1,96.0,96,96
g1pre,AM/PM,congruency,time_resolved_trial_response,signal,balanced_accuracy,25,0.6469560716827327,1.0351297146923724,0.5194444444444445,,,1,96.0,96,96
g1pre,AM/PM,congruency,time_resolved_trial_response,signal,balanced_accuracy,26,0.711651678851006,1.0351297146923724,0.48611111111111105,,,1,96.0,96,96
g1pre,AM/PM,congruency,time_resolved_trial_response,signal,balanced_accuracy,27,0.7763472860192793,1.0351297146923724,0.45555555555555555,,,1,96.0,96,96
g1pre,AM/PM,congruency,time_resolved_trial_response,signal,balanced_accuracy,28,0.8410428931875525,1.0351297146923724,0.48611111111111116,,,1,96.0,96,96
g1pre,AM/PM,congruency,time_resolved_trial_response,signal,balanced_accuracy,29,0.9057385003558258,1.0351297146923724,0.4638888888888889,,,1,96.0,96,96
g1pre,AM/PM,congruency,time_resolved_trial_response,signal,balanced_accuracy,30,0.9704341075240991,1.0351297146923724,0.4638888888888889,,,1,96.0,96,96
g1pre,AM/PM,congruency,time_resolved_trial_response,signal,balanced_accuracy,31,1.0351297146923724,1.0351297146923724,0.513888888888889,,,1,96.0,96,96
g1pre,AM/PM,congruency,time_resolved_trial_response,signal,balanced_accuracy,32,1.0998253218606455,1.0351297146923724,0.4916666666666666,,,1,96.0,96,96
g1pre,AM/PM,congruency,time_resolved_trial_response,signal,balanced_accuracy,33,1.164520929028919,1.0351297146923724,0.49722222222222223,,,1,96.0,96,96
g1pre,AM/PM,congruency,time_resolved_trial_response,signal,balanced_accuracy,34,1.229216536197192,1.0351297146923724,0.5361111111111112,,,1,96.0,96,96
g1pre,AM/PM,congruency,time_resolved_trial_response,signal,balanced_accuracy,35,1.2939121433654655,1.0351297146923724,0.5277777777777778,,,1,96.0,96,96
g1pre,AM/PM,congruency,time_resolved_trial_response,signal,balanced_accuracy,36,1.3586077505337386,1.0351297146923724,0.425,,,1,96.0,96,96
g1pre,AM/PM,congruency,time_resolved_trial_response,signal,balanced_accuracy,37,1.423303357702012,1.0351297146923724,0.5,,,1,96.0,96,96
g1pre,AM/PM,congruency,time_resolved_trial_response,signal,balanced_accuracy,38,1.4879989648702852,1.0351297146923724,0.4833333333333333,,,1,96.0,96,96
g1pre,AM/PM,congruency,time_resolved_trial_response,signal,balanced_accuracy,39,1.5526945720385585,1.0351297146923724,0.5027777777777779,,,1,96.0,96,96
g1pre,AM/PM,congruency,time_resolved_trial_response,signal,balanced_accuracy,40,1.6173901792068317,1.0351297146923724,0.47777777777777775,,,1,96.0,96,96
g1pre,AM/PM,congruency,time_resolved_trial_response,signal,balanced_accuracy,41,1.682085786375105,1.0351297146923724,0.525,,,1,96.0,96,96
g1pre,AM/PM,congruency,time_resolved_trial_response,signal,balanced_accuracy,42,1.7467813935433782,1.0351297146923724,0.46944444444444444,,,1,96.0,96,96
g1pre,AM/PM,congruency,time_resolved_trial_response,signal,balanced_accuracy,43,1.8114770007116516,1.0351297146923724,0.4527777777777778,,,1,96.0,96,96
g1pre,AM/PM,congruency,time_resolved_trial_response,signal,balanced_accuracy,44,1.8761726078799248,1.0351297146923724,0.5222222222222221,,,1,96.0,96,96
g1pre,AM/PM,congruency,time_resolved_trial_response,signal,balanced_accuracy,45,1.9408682150481982,1.0351297146923724,0.5111111111111111,,,1,96.0,96,96
g1pre,AM/PM,congruency,time_resolved_trial_response,signal,balanced_accuracy,46,2.0055638222164713,1.0351297146923724,0.5333333333333333,,,1,96.0,96,96
g1pre,AM/PM,modality,time_resolved_trial_response,signal,balanced_accuracy,0,-0.9704341075240991,1.0351297146923724,0.32037037037037036,,,1,96.0,96,96
g1pre,AM/PM,modality,time_resolved_trial_response,signal,balanced_accuracy,1,-0.9057385003558258,1.0351297146923724,0.32685185185185184,,,1,96.0,96,96
g1pre,AM/PM,modality,time_resolved_trial_response,signal,balanced_accuracy,2,-0.8410428931875525,1.0351297146923724,0.32685185185185184,,,1,96.0,96,96
g1pre,AM/PM,modality,time_resolved_trial_response,signal,balanced_accuracy,3,-0.7763472860192793,1.0351297146923724,0.33333333333333337,,,1,96.0,96,96
g1pre,AM/PM,modality,time_resolved_trial_response,signal,balanced_accuracy,4,-0.711651678851006,1.0351297146923724,0.3148148148148148,,,1,96.0,96,96
g1pre,AM/PM,modality,time_resolved_trial_response,signal,balanced_accuracy,5,-0.6469560716827327,1.0351297146923724,0.32407407407407407,,,1,96.0,96,96
g1pre,AM/PM,modality,time_resolved_trial_response,signal,balanced_accuracy,6,-0.5822604645144595,1.0351297146923724,0.31759259259259265,,,1,96.0,96,96
g1pre,AM/PM,modality,time_resolved_trial_response,signal,balanced_accuracy,7,-0.5175648573461862,1.0351297146923724,0.3398148148148148,,,1,96.0,96,96
g1pre,AM/PM,modality,time_resolved_trial_response,signal,balanced_accuracy,8,-0.4528692501779129,1.0351297146923724,0.3416666666666667,,,1,96.0,96,96
g1pre,AM/PM,modality,time_resolved_trial_response,signal,balanced_accuracy,9,-0.38817364300963964,1.0351297146923724,0.3111111111111111,,,1,96.0,96,96
g1pre,AM/PM,modality,time_resolved_trial_response,signal,balanced_accuracy,10,-0.32347803584136636,1.0351297146923724,0.4027777777777778,,,1,96.0,96,96
g1pre,AM/PM,modality,time_resolved_trial_response,signal,balanced_accuracy,11,-0.2587824286730931,1.0351297146923724,0.312037037037037,,,1,96.0,96,96
g1pre,AM/PM,modality,time_resolved_trial_response,signal,balanced_accuracy,12,-0.19408682150481982,1.0351297146923724,0.32037037037037036,,,1,96.0,96,96
g1pre,AM/PM,modality,time_resolved_trial_response,signal,balanced_accuracy,13,-0.12939121433654655,1.0351297146923724,0.3055555555555555,,,1,96.0,96,96
g1pre,AM/PM,modality,time_resolved_trial_response,signal,balanced_accuracy,14,-0.06469560716827327,1.0351297146923724,0.3055555555555555,,,1,96.0,96,96
g1pre,AM/PM,modality,time_resolved_trial_response,signal,balanced_accuracy,15,0.0,1.0351297146923724,0.34444444444444444,,,1,96.0,96,96
g1pre,AM/PM,modality,time_resolved_trial_response,signal,balanced_accuracy,16,0.06469560716827327,1.0351297146923724,0.337037037037037,,,1,96.0,96,96
g1pre,AM/PM,modality,time_resolved_trial_response,signal,balanced_accuracy,17,0.12939121433654655,1.0351297146923724,0.3212962962962963,,,1,96.0,96,96
g1pre,AM/PM,modality,time_resolved_trial_response,signal,balanced_accuracy,18,0.19408682150481982,1.0351297146923724,0.3675925925925926,,,1,96.0,96,96
g1pre,AM/PM,modality,time_resolved_trial_response,signal,balanced_accuracy,19,0.2587824286730931,1.0351297146923724,0.48611111111111105,,,1,96.0,96,96
g1pre,AM/PM,modality,time_resolved_trial_response,signal,balanced_accuracy,20,0.32347803584136636,1.0351297146923724,0.5555555555555556,,,1,96.0,96,96
g1pre,AM/PM,modality,time_resolved_trial_response,signal,balanced_accuracy,21,0.38817364300963964,1.0351297146923724,0.549074074074074,,,1,96.0,96,96
g1pre,AM/PM,modality,time_resolved_trial_response,signal,balanced_accuracy,22,0.4528692501779129,1.0351297146923724,0.5287037037037037,,,1,96.0,96,96
g1pre,AM/PM,modality,time_resolved_trial_response,signal,balanced_accuracy,23,0.5175648573461862,1.0351297146923724,0.5944444444444443,,,1,96.0,96,96
g1pre,AM/PM,modality,time_resolved_trial_response,signal,balanced_accuracy,24,0.5822604645144595,1.0351297146923724,0.600925925925926,,,1,96.0,96,96
g1pre,AM/PM,modality,time_resolved_trial_response,signal,balanced_accuracy,25,0.6469560716827327,1.0351297146923724,0.6212962962962963,,,1,96.0,96,96
g1pre,AM/PM,modality,time_resolved_trial_response,signal,balanced_accuracy,26,0.711651678851006,1.0351297146923724,0.6175925925925927,,,1,96.0,96,96
g1pre,AM/PM,modality,time_resolved_trial_response,signal,balanced_accuracy,27,0.7763472860192793,1.0351297146923724,0.6074074074074074,,,1,96.0,96,96
g1pre,AM/PM,modality,time_resolved_trial_response,signal,balanced_accuracy,28,0.8410428931875525,1.0351297146923724,0.6166666666666667,,,1,96.0,96,96
g1pre,AM/PM,modality,time_resolved_trial_response,signal,balanced_accuracy,29,0.9057385003558258,1.0351297146923724,0.6435185185185186,,,1,96.0,96,96
g1pre,AM/PM,modality,time_resolved_trial_response,signal,balanced_accuracy,30,0.9704341075240991,1.0351297146923724,0.637962962962963,,,1,96.0,96,96
g1pre,AM/PM,modality,time_resolved_trial_response,signal,balanced_accuracy,31,1.0351297146923724,1.0351297146923724,0.6240740740740741,,,1,96.0,96,96
g1pre,AM/PM,modality,time_resolved_trial_response,signal,balanced_accuracy,32,1.0998253218606455,1.0351297146923724,0.6416666666666667,,,1,96.0,96,96
g1pre,AM/PM,modality,time_resolved_trial_response,signal,balanced_accuracy,33,1.164520929028919,1.0351297146923724,0.662037037037037,,,1,96.0,96,96
g1pre,AM/PM,modality,time_resolved_trial_response,signal,balanced_accuracy,34,1.229216536197192,1.0351297146923724,0.6453703703703704,,,1,96.0,96,96
g1pre,AM/PM,modality,time_resolved_trial_response,signal,balanced_accuracy,35,1.2939121433654655,1.0351297146923724,0.6898148148148148,,,1,96.0,96,96
g1pre,AM/PM,modality,time_resolved_trial_response,signal,balanced_accuracy,36,1.3586077505337386,1.0351297146923724,0.6361111111111112,,,1,96.0,96,96
g1pre,AM/PM,modality,time_resolved_trial_response,signal,balanced_accuracy,37,1.423303357702012,1.0351297146923724,0.6444444444444445,,,1,96.0,96,96
g1pre,AM/PM,modality,time_resolved_trial_response,signal,balanced_accuracy,38,1.4879989648702852,1.0351297146923724,0.6101851851851852,,,1,96.0,96,96
g1pre,AM/PM,modality,time_resolved_trial_response,signal,balanced_accuracy,39,1.5526945720385585,1.0351297146923724,0.5898148148148148,,,1,96.0,96,96
g1pre,AM/PM,modality,time_resolved_trial_response,signal,balanced_accuracy,40,1.6173901792068317,1.0351297146923724,0.5472222222222223,,,1,96.0,96,96
g1pre,AM/PM,modality,time_resolved_trial_response,signal,balanced_accuracy,41,1.682085786375105,1.0351297146923724,0.5351851851851852,,,1,96.0,96,96
g1pre,AM/PM,modality,time_resolved_trial_response,signal,balanced_accuracy,42,1.7467813935433782,1.0351297146923724,0.5787037037037038,,,1,96.0,96,96
g1pre,AM/PM,modality,time_resolved_trial_response,signal,balanced_accuracy,43,1.8114770007116516,1.0351297146923724,0.5564814814814815,,,1,96.0,96,96
g1pre,AM/PM,modality,time_resolved_trial_response,signal,balanced_accuracy,44,1.8761726078799248,1.0351297146923724,0.5074074074074073,,,1,96.0,96,96
g1pre,AM/PM,modality,time_resolved_trial_response,signal,balanced_accuracy,45,1.9408682150481982,1.0351297146923724,0.4898148148148148,,,1,96.0,96,96
g1pre,AM/PM,modality,time_resolved_trial_response,signal,balanced_accuracy,46,2.0055638222164713,1.0351297146923724,0.5027777777777778,,,1,96.0,96,96
g1pre,AM/PM,trial_type,time_resolved_trial_response,signal,balanced_accuracy,0,-0.9704341075240991,1.0351297146923724,0.125,,,1,96.0,96,96
g1pre,AM/PM,trial_type,time_resolved_trial_response,signal,balanced_accuracy,1,-0.9057385003558258,1.0351297146923724,0.13472222222222222,,,1,96.0,96,96
g1pre,AM/PM,trial_type,time_resolved_trial_response,signal,balanced_accuracy,2,-0.8410428931875525,1.0351297146923724,0.1361111111111111,,,1,96.0,96,96
g1pre,AM/PM,trial_type,time_resolved_trial_response,signal,balanced_accuracy,3,-0.7763472860192793,1.0351297146923724,0.125,,,1,96.0,96,96
g1pre,AM/PM,trial_type,time_resolved_trial_response,signal,balanced_accuracy,4,-0.711651678851006,1.0351297146923724,0.1125,,,1,96.0,96,96
g1pre,AM/PM,trial_type,time_resolved_trial_response,signal,balanced_accuracy,5,-0.6469560716827327,1.0351297146923724,0.10138888888888889,,,1,96.0,96,96
g1pre,AM/PM,trial_type,time_resolved_trial_response,signal,balanced_accuracy,6,-0.5822604645144595,1.0351297146923724,0.12083333333333332,,,1,96.0,96,96
g1pre,AM/PM,trial_type,time_resolved_trial_response,signal,balanced_accuracy,7,-0.5175648573461862,1.0351297146923724,0.12916666666666665,,,1,96.0,96,96
g1pre,AM/PM,trial_type,time_resolved_trial_response,signal,balanced_accuracy,8,-0.4528692501779129,1.0351297146923724,0.13055555555555554,,,1,96.0,96,96
g1pre,AM/PM,trial_type,time_resolved_trial_response,signal,balanced_accuracy,9,-0.38817364300963964,1.0351297146923724,0.10972222222222223,,,1,96.0,96,96
g1pre,AM/PM,trial_type,time_resolved_trial_response,signal,balanced_accuracy,10,-0.32347803584136636,1.0351297146923724,0.13055555555555554,,,1,96.0,96,96
g1pre,AM/PM,trial_type,time_resolved_trial_response,signal,balanced_accuracy,11,-0.2587824286730931,1.0351297146923724,0.10555555555555556,,,1,96.0,96,96
g1pre,AM/PM,trial_type,time_resolved_trial_response,signal,balanced_accuracy,12,-0.19408682150481982,1.0351297146923724,0.11805555555555555,,,1,96.0,96,96
g1pre,AM/PM,trial_type,time_resolved_trial_response,signal,balanced_accuracy,13,-0.12939121433654655,1.0351297146923724,0.11388888888888889,,,1,96.0,96,96
g1pre,AM/PM,trial_type,time_resolved_trial_response,signal,balanced_accuracy,14,-0.06469560716827327,1.0351297146923724,0.09999999999999998,,,1,96.0,96,96
g1pre,AM/PM,trial_type,time_resolved_trial_response,signal,balanced_accuracy,15,0.0,1.0351297146923724,0.11944444444444442,,,1,96.0,96,96
g1pre,AM/PM,trial_type,time_resolved_trial_response,signal,balanced_accuracy,16,0.06469560716827327,1.0351297146923724,0.09999999999999999,,,1,96.0,96,96
g1pre,AM/PM,trial_type,time_resolved_trial_response,signal,balanced_accuracy,17,0.12939121433654655,1.0351297146923724,0.10833333333333332,,,1,96.0,96,96
g1pre,AM/PM,trial_type,time_resolved_trial_response,signal,balanced_accuracy,18,0.19408682150481982,1.0351297146923724,0.16666666666666666,,,1,96.0,96,96
g1pre,AM/PM,trial_type,time_resolved_trial_response,signal,balanced_accuracy,19,0.2587824286730931,1.0351297146923724,0.26666666666666666,,,1,96.0,96,96
g1pre,AM/PM,trial_type,time_resolved_trial_response,signal,balanced_accuracy,20,0.32347803584136636,1.0351297146923724,0.30138888888888893,,,1,96.0,96,96
g1pre,AM/PM,trial_type,time_resolved_trial_response,signal,balanced_accuracy,21,0.38817364300963964,1.0351297146923724,0.3333333333333333,,,1,96.0,96,96
g1pre,AM/PM,trial_type,time_resolved_trial_response,signal,balanced_accuracy,22,0.4528692501779129,1.0351297146923724,0.33055555555555555,,,1,96.0,96,96
g1pre,AM/PM,trial_type,time_resolved_trial_response,signal,balanced_accuracy,23,0.5175648573461862,1.0351297146923724,0.3402777777777778,,,1,96.0,96,96
g1pre,AM/PM,trial_type,time_resolved_trial_response,signal,balanced_accuracy,24,0.5822604645144595,1.0351297146923724,0.3458333333333333,,,1,96.0,96,96
g1pre,AM/PM,trial_type,time_resolved_trial_response,signal,balanced_accuracy,25,0.6469560716827327,1.0351297146923724,0.3416666666666667,,,1,96.0,96,96
g1pre,AM/PM,trial_type,time_resolved_trial_response,signal,balanced_accuracy,26,0.711651678851006,1.0351297146923724,0.32361111111111107,,,1,96.0,96,96
g1pre,AM/PM,trial_type,time_resolved_trial_response,signal,balanced_accuracy,27,0.7763472860192793,1.0351297146923724,0.31805555555555554,,,1,96.0,96,96
g1pre,AM/PM,trial_type,time_resolved_trial_response,signal,balanced_accuracy,28,0.8410428931875525,1.0351297146923724,0.29583333333333334,,,1,96.0,96,96
g1pre,AM/PM,trial_type,time_resolved_trial_response,signal,balanced_accuracy,29,0.9057385003558258,1.0351297146923724,0.3013888888888889,,,1,96.0,96,96
g1pre,AM/PM,trial_type,time_resolved_trial_response,signal,balanced_accuracy,30,0.9704341075240991,1.0351297146923724,0.30277777777777776,,,1,96.0,96,96
g1pre,AM/PM,trial_type,time_resolved_trial_response,signal,balanced_accuracy,31,1.0351297146923724,1.0351297146923724,0.3138888888888889,,,1,96.0,96,96
g1pre,AM/PM,trial_type,time_resolved_trial_response,signal,balanced_accuracy,32,1.0998253218606455,1.0351297146923724,0.31111111111111106,,,1,96.0,96,96
g1pre,AM/PM,trial_type,time_resolved_trial_response,signal,balanced_accuracy,33,1.164520929028919,1.0351297146923724,0.3291666666666667,,,1,96.0,96,96
g1pre,AM/PM,trial_type,time_resolved_trial_response,signal,balanced_accuracy,34,1.229216536197192,1.0351297146923724,0.3236111111111111,,,1,96.0,96,96
g1pre,AM/PM,trial_type,time_resolved_trial_response,signal,balanced_accuracy,35,1.2939121433654655,1.0351297146923724,0.3125,,,1,96.0,96,96
g1pre,AM/PM,trial_type,time_resolved_trial_response,signal,balanced_accuracy,36,1.3586077505337386,1.0351297146923724,0.3125,,,1,96.0,96,96
g1pre,AM/PM,trial_type,time_resolved_trial_response,signal,balanced_accuracy,37,1.423303357702012,1.0351297146923724,0.26805555555555555,,,1,96.0,96,96
g1pre,AM/PM,trial_type,time_resolved_trial_response,signal,balanced_accuracy,38,1.4879989648702852,1.0351297146923724,0.27361111111111114,,,1,96.0,96,96
g1pre,AM/PM,trial_type,time_resolved_trial_response,signal,balanced_accuracy,39,1.5526945720385585,1.0351297146923724,0.24027777777777776,,,1,96.0,96,96
g1pre,AM/PM,trial_type,time_resolved_trial_response,signal,balanced_accuracy,40,1.6173901792068317,1.0351297146923724,0.20972222222222223,,,1,96.0,96,96
g1pre,AM/PM,trial_type,time_resolved_trial_response,signal,balanced_accuracy,41,1.682085786375105,1.0351297146923724,0.2333333333333333,,,1,96.0,96,96
g1pre,AM/PM,trial_type,time_resolved_trial_response,signal,balanced_accuracy,42,1.7467813935433782,1.0351297146923724,0.2513888888888889,,,1,96.0,96,96
g1pre,AM/PM,trial_type,time_resolved_trial_response,signal,balanced_accuracy,43,1.8114770007116516,1.0351297146923724,0.24861111111111106,,,1,96.0,96,96
g1pre,AM/PM,trial_type,time_resolved_trial_response,signal,balanced_accuracy,44,1.8761726078799248,1.0351297146923724,0.2041666666666667,,,1,96.0,96,96
g1pre,AM/PM,trial_type,time_resolved_trial_response,signal,balanced_accuracy,45,1.9408682150481982,1.0351297146923724,0.19166666666666665,,,1,96.0,96,96
g1pre,AM/PM,trial_type,time_resolved_trial_response,signal,balanced_accuracy,46,2.0055638222164713,1.0351297146923724,0.19583333333333333,,,1,96.0,96,96
g1pre,AM/PM,visual_direction,time_resolved_trial_response,signal,balanced_accuracy,0,-0.9704341075240991,1.0351297146923724,0.5037037037037038,,,1,96.0,96,96
g1pre,AM/PM,visual_direction,time_resolved_trial_response,signal,balanced_accuracy,1,-0.9057385003558258,1.0351297146923724,0.537037037037037,,,1,96.0,96,96
g1pre,AM/PM,visual_direction,time_resolved_trial_response,signal,balanced_accuracy,2,-0.8410428931875525,1.0351297146923724,0.48703703703703705,,,1,96.0,96,96
g1pre,AM/PM,visual_direction,time_resolved_trial_response,signal,balanced_accuracy,3,-0.7763472860192793,1.0351297146923724,0.47222222222222215,,,1,96.0,96,96
g1pre,AM/PM,visual_direction,time_resolved_trial_response,signal,balanced_accuracy,4,-0.711651678851006,1.0351297146923724,0.4851851851851852,,,1,96.0,96,96
g1pre,AM/PM,visual_direction,time_resolved_trial_response,signal,balanced_accuracy,5,-0.6469560716827327,1.0351297146923724,0.4814814814814815,,,1,96.0,96,96
g1pre,AM/PM,visual_direction,time_resolved_trial_response,signal,balanced_accuracy,6,-0.5822604645144595,1.0351297146923724,0.4851851851851851,,,1,96.0,96,96
g1pre,AM/PM,visual_direction,time_resolved_trial_response,signal,balanced_accuracy,7,-0.5175648573461862,1.0351297146923724,0.5055555555555556,,,1,96.0,96,96
g1pre,AM/PM,visual_direction,time_resolved_trial_response,signal,balanced_accuracy,8,-0.4528692501779129,1.0351297146923724,0.5111111111111111,,,1,96.0,96,96
g1pre,AM/PM,visual_direction,time_resolved_trial_response,signal,balanced_accuracy,9,-0.38817364300963964,1.0351297146923724,0.5203703703703704,,,1,96.0,96,96
g1pre,AM/PM,visual_direction,time_resolved_trial_response,signal,balanced_accuracy,10,-0.32347803584136636,1.0351297146923724,0.49074074074074076,,,1,96.0,96,96
g1pre,AM/PM,visual_direction,time_resolved_trial_response,signal,balanced_accuracy,11,-0.2587824286730931,1.0351297146923724,0.4537037037037037,,,1,96.0,96,96
g1pre,AM/PM,visual_direction,time_resolved_trial_response,signal,balanced_accuracy,12,-0.19408682150481982,1.0351297146923724,0.47222222222222215,,,1,96.0,96,96
g1pre,AM/PM,visual_direction,time_resolved_trial_response,signal,balanced_accuracy,13,-0.12939121433654655,1.0351297146923724,0.49444444444444446,,,1,96.0,96,96
g1pre,AM/PM,visual_direction,time_resolved_trial_response,signal,balanced_accuracy,14,-0.06469560716827327,1.0351297146923724,0.47777777777777775,,,1,96.0,96,96
g1pre,AM/PM,visual_direction,time_resolved_trial_response,signal,balanced_accuracy,15,0.0,1.0351297146923724,0.4722222222222222,,,1,96.0,96,96
g1pre,AM/PM,visual_direction,time_resolved_trial_response,signal,balanced_accuracy,16,0.06469560716827327,1.0351297146923724,0.4648148148148147,,,1,96.0,96,96
g1pre,AM/PM,visual_direction,time_resolved_trial_response,signal,balanced_accuracy,17,0.12939121433654655,1.0351297146923724,0.5,,,1,96.0,96,96
g1pre,AM/PM,visual_direction,time_resolved_trial_response,signal,balanced_accuracy,18,0.19408682150481982,1.0351297146923724,0.5,,,1,96.0,96,96
g1pre,AM/PM,visual_direction,time_resolved_trial_response,signal,balanced_accuracy,19,0.2587824286730931,1.0351297146923724,0.6481481481481481,,,1,96.0,96,96
g1pre,AM/PM,visual_direction,time_resolved_trial_response,signal,balanced_accuracy,20,0.32347803584136636,1.0351297146923724,0.7351851851851852,,,1,96.0,96,96
g1pre,AM/PM,visual_direction,time_resolved_trial_response,signal,balanced_accuracy,21,0.38817364300963964,1.0351297146923724,0.8092592592592591,,,1,96.0,96,96
g1pre,AM/PM,visual_direction,time_resolved_trial_response,signal,balanced_accuracy,22,0.4528692501779129,1.0351297146923724,0.8055555555555556,,,1,96.0,96,96
g1pre,AM/PM,visual_direction,time_resolved_trial_response,signal,balanced_accuracy,23,0.5175648573461862,1.0351297146923724,0.7481481481481481,,,1,96.0,96,96
g1pre,AM/PM,visual_direction,time_resolved_trial_response,signal,balanced_accuracy,24,0.5822604645144595,1.0351297146923724,0.7037037037037037,,,1,96.0,96,96
g1pre,AM/PM,visual_direction,time_resolved_trial_response,signal,balanced_accuracy,25,0.6469560716827327,1.0351297146923724,0.6759259259259259,,,1,96.0,96,96
g1pre,AM/PM,visual_direction,time_resolved_trial_response,signal,balanced_accuracy,26,0.711651678851006,1.0351297146923724,0.6444444444444445,,,1,96.0,96,96
g1pre,AM/PM,visual_direction,time_resolved_trial_response,signal,balanced_accuracy,27,0.7763472860192793,1.0351297146923724,0.6703703703703703,,,1,96.0,96,96
g1pre,AM/PM,visual_direction,time_resolved_trial_response,signal,balanced_accuracy,28,0.8410428931875525,1.0351297146923724,0.6148148148148149,,,1,96.0,96,96
g1pre,AM/PM,visual_direction,time_resolved_trial_response,signal,balanced_accuracy,29,0.9057385003558258,1.0351297146923724,0.5611111111111111,,,1,96.0,96,96
g1pre,AM/PM,visual_direction,time_resolved_trial_response,signal,balanced_accuracy,30,0.9704341075240991,1.0351297146923724,0.5833333333333334,,,1,96.0,96,96
g1pre,AM/PM,visual_direction,time_resolved_trial_response,signal,balanced_accuracy,31,1.0351297146923724,1.0351297146923724,0.6537037037037037,,,1,96.0,96,96
g1pre,AM/PM,visual_direction,time_resolved_trial_response,signal,balanced_accuracy,32,1.0998253218606455,1.0351297146923724,0.5944444444444443,,,1,96.0,96,96
g1pre,AM/PM,visual_direction,time_resolved_trial_response,signal,balanced_accuracy,33,1.164520929028919,1.0351297146923724,0.624074074074074,,,1,96.0,96,96
g1pre,AM/PM,visual_direction,time_resolved_trial_response,signal,balanced_accuracy,34,1.229216536197192,1.0351297146923724,0.6574074074074074,,,1,96.0,96,96
g1pre,AM/PM,visual_direction,time_resolved_trial_response,signal,balanced_accuracy,35,1.2939121433654655,1.0351297146923724,0.6333333333333332,,,1,96.0,96,96
g1pre,AM/PM,visual_direction,time_resolved_trial_response,signal,balanced_accuracy,36,1.3586077505337386,1.0351297146923724,0.6481481481481481,,,1,96.0,96,96
g1pre,AM/PM,visual_direction,time_resolved_trial_response,signal,balanced_accuracy,37,1.423303357702012,1.0351297146923724,0.6129629629629629,,,1,96.0,96,96
g1pre,AM/PM,visual_direction,time_resolved_trial_response,signal,balanced_accuracy,38,1.4879989648702852,1.0351297146923724,0.5685185185185185,,,1,96.0,96,96
g1pre,AM/PM,visual_direction,time_resolved_trial_response,signal,balanced_accuracy,39,1.5526945720385585,1.0351297146923724,0.5592592592592591,,,1,96.0,96,96
g1pre,AM/PM,visual_direction,time_resolved_trial_response,signal,balanced_accuracy,40,1.6173901792068317,1.0351297146923724,0.5685185185185185,,,1,96.0,96,96
g1pre,AM/PM,visual_direction,time_resolved_trial_response,signal,balanced_accuracy,41,1.682085786375105,1.0351297146923724,0.5537037037037037,,,1,96.0,96,96
g1pre,AM/PM,visual_direction,time_resolved_trial_response,signal,balanced_accuracy,42,1.7467813935433782,1.0351297146923724,0.5074074074074074,,,1,96.0,96,96
g1pre,AM/PM,visual_direction,time_resolved_trial_response,signal,balanced_accuracy,43,1.8114770007116516,1.0351297146923724,0.5833333333333333,,,1,96.0,96,96
g1pre,AM/PM,visual_direction,time_resolved_trial_response,signal,balanced_accuracy,44,1.8761726078799248,1.0351297146923724,0.5222222222222223,,,1,96.0,96,96
g1pre,AM/PM,visual_direction,time_resolved_trial_response,signal,balanced_accuracy,45,1.9408682150481982,1.0351297146923724,0.48888888888888893,,,1,96.0,96,96
g1pre,AM/PM,visual_direction,time_resolved_trial_response,signal,balanced_accuracy,46,2.0055638222164713,1.0351297146923724,0.5055555555555555,,,1,96.0,96,96
g1pre,LM,auditory_direction,time_resolved_trial_response,signal,balanced_accuracy,0,-0.9704341075240991,1.0351297146923724,0.47500000000000003,0.04059316706811666,0.02870370370370373,2,54.5,45,64
g1pre,LM,auditory_direction,time_resolved_trial_response,signal,balanced_accuracy,1,-0.9057385003558258,1.0351297146923724,0.5092592592592593,0.010475656017578458,0.00740740740740739,2,54.5,45,64
g1pre,LM,auditory_direction,time_resolved_trial_response,signal,balanced_accuracy,2,-0.8410428931875525,1.0351297146923724,0.48611111111111105,0.027498597046143516,0.019444444444444445,2,54.5,45,64
g1pre,LM,auditory_direction,time_resolved_trial_response,signal,balanced_accuracy,3,-0.7763472860192793,1.0351297146923724,0.5120370370370371,0.009166199015381087,0.0064814814814814214,2,54.5,45,64
g1pre,LM,auditory_direction,time_resolved_trial_response,signal,balanced_accuracy,4,-0.711651678851006,1.0351297146923724,0.5277777777777778,0.026189140043946166,0.01851851851851849,2,54.5,45,64
g1pre,LM,auditory_direction,time_resolved_trial_response,signal,balanced_accuracy,5,-0.6469560716827327,1.0351297146923724,0.49999999999999994,0.04975936608349774,0.03518518518518515,2,54.5,45,64
g1pre,LM,auditory_direction,time_resolved_trial_response,signal,balanced_accuracy,6,-0.5822604645144595,1.0351297146923724,0.5064814814814815,0.003928371006591917,0.002777777777777768,2,54.5,45,64
g1pre,LM,auditory_direction,time_resolved_trial_response,signal,balanced_accuracy,7,-0.5175648573461862,1.0351297146923724,0.5175925925925926,0.08773361914721987,0.0620370370370371,2,54.5,45,64
g1pre,LM,auditory_direction,time_resolved_trial_response,signal,balanced_accuracy,8,-0.4528692501779129,1.0351297146923724,0.5120370370370371,0.017022941028565077,0.012037037037037068,2,54.5,45,64
g1pre,LM,auditory_direction,time_resolved_trial_response,signal,balanced_accuracy,9,-0.38817364300963964,1.0351297146923724,0.5111111111111111,0.013094570021973161,0.0092592592592593,2,54.5,45,64
g1pre,LM,auditory_direction,time_resolved_trial_response,signal,balanced_accuracy,10,-0.32347803584136636,1.0351297146923724,0.5194444444444444,0.014404027024170452,0.010185185185185214,2,54.5,45,64
g1pre,LM,auditory_direction,time_resolved_trial_response,signal,balanced_accuracy,11,-0.2587824286730931,1.0351297146923724,0.5166666666666666,0.06285393610547094,0.04444444444444448,2,54.5,45,64
g1pre,LM,auditory_direction,time_resolved_trial_response,signal,balanced_accuracy,12,-0.19408682150481982,1.0351297146923724,0.5111111111111111,0.01833239803076231,0.01296296296296294,2,54.5,45,64
g1pre,LM,auditory_direction,time_resolved_trial_response,signal,balanced_accuracy,13,-0.12939121433654655,1.0351297146923724,0.5324074074074074,0.03535533905932741,0.025000000000000022,2,54.5,45,64
g1pre,LM,auditory_direction,time_resolved_trial_response,signal,balanced_accuracy,14,-0.06469560716827327,1.0351297146923724,0.4981481481481482,0.03142696805273541,0.0222222222222222,2,54.5,45,64
g1pre,LM,auditory_direction,time_resolved_trial_response,signal,balanced_accuracy,15,0.0,1.0351297146923724,0.4916666666666667,0.003928371006591917,0.002777777777777768,2,54.5,45,64
g1pre,LM,auditory_direction,time_resolved_trial_response,signal,balanced_accuracy,16,0.06469560716827327,1.0351297146923724,0.5046296296296297,0.04321208107251138,0.030555555555555655,2,54.5,45,64
g1pre,LM,auditory_direction,time_resolved_trial_response,signal,balanced_accuracy,17,0.12939121433654655,1.0351297146923724,0.5416666666666666,0.022260769037354248,0.015740740740740722,2,54.5,45,64
g1pre,LM,auditory_direction,time_resolved_trial_response,signal,balanced_accuracy,18,0.19408682150481982,1.0351297146923724,0.48703703703703705,0.007856742013183834,0.005555555555555536,2,54.5,45,64
g1pre,LM,auditory_direction,time_resolved_trial_response,signal,balanced_accuracy,19,0.2587824286730931,1.0351297146923724,0.4953703703703704,0.011785113019775828,0.00833333333333336,2,54.5,45,64
g1pre,LM,auditory_direction,time_resolved_trial_response,signal,balanced_accuracy,20,0.32347803584136636,1.0351297146923724,0.5046296296296297,0.0065472850109865805,0.00462962962962965,2,54.5,45,64
g1pre,LM,auditory_direction,time_resolved_trial_response,signal,balanced_accuracy,21,0.38817364300963964,1.0351297146923724,0.49444444444444446,0.013094570021973102,0.009259259259259259,2,54.5,45,64
g1pre,LM,auditory_direction,time_resolved_trial_response,signal,balanced_accuracy,22,0.4528692501779129,1.0351297146923724,0.49629629629629624,0.034045882057130133,0.024074074074074123,2,54.5,45,64
g1pre,LM,auditory_direction,time_resolved_trial_response,signal,balanced_accuracy,23,0.5175648573461862,1.0351297146923724,0.5074074074074075,0.015713484026367706,0.0111111111111111,2,54.5,45,64
g1pre,LM,auditory_direction,time_resolved_trial_response,signal,balanced_accuracy,24,0.5822604645144595,1.0351297146923724,0.5324074074074074,0.022260769037354248,0.015740740740740722,2,54.5,45,64
g1pre,LM,auditory_direction,time_resolved_trial_response,signal,balanced_accuracy,25,0.6469560716827327,1.0351297146923724,0.5027777777777778,0.003928371006591917,0.002777777777777768,2,54.5,45,64
g1pre,LM,auditory_direction,time_resolved_trial_response,signal,balanced_accuracy,26,0.711651678851006,1.0351297146923724,0.48425925925925917,0.024879683041748892,0.01759259259259259,2,54.5,45,64
g1pre,LM,auditory_direction,time_resolved_trial_response,signal,balanced_accuracy,27,0.7763472860192793,1.0351297146923724,0.5064814814814815,0.045830995076905884,0.032407407407407426,2,54.5,45,64
g1pre,LM,auditory_direction,time_resolved_trial_response,signal,balanced_accuracy,28,0.8410428931875525,1.0351297146923724,0.48425925925925917,0.001309457002197273,0.0009259259259258995,2,54.5,45,64
g1pre,LM,auditory_direction,time_resolved_trial_response,signal,balanced_accuracy,29,0.9057385003558258,1.0351297146923724,0.5064814814814814,0.058925565098878904,0.04166666666666663,2,54.5,45,64
g1pre,LM,auditory_direction,time_resolved_trial_response,signal,balanced_accuracy,30,0.9704341075240991,1.0351297146923724,0.5092592592592593,0.007856742013183834,0.005555555555555536,2,54.5,45,64
g1pre,LM,auditory_direction,time_resolved_trial_response,signal,balanced_accuracy,31,1.0351297146923724,1.0351297146923724,0.5092592592592593,0.089043076149417,0.0629629629629629,2,54.5,45,64
g1pre,LM,auditory_direction,time_resolved_trial_response,signal,balanced_accuracy,32,1.0998253218606455,1.0351297146923724,0.5046296296296297,0.01178511301977577,0.008333333333333318,2,54.5,45,64
g1pre,LM,auditory_direction,time_resolved_trial_response,signal,balanced_accuracy,33,1.164520929028919,1.0351297146923724,0.5194444444444444,0.01702294102856496,0.012037037037036985,2,54.5,45,64
g1pre,LM,auditory_direction,time_resolved_trial_response,signal,balanced_accuracy,34,1.229216536197192,1.0351297146923724,0.5175925925925926,0.022260769037354248,0.015740740740740722,2,54.5,45,64
g1pre,LM,auditory_direction,time_resolved_trial_response,signal,balanced_accuracy,35,1.2939121433654655,1.0351297146923724,0.525,0.05368773709008974,0.037962962962962976,2,54.5,45,64
g1pre,LM,auditory_direction,time_resolved_trial_response,signal,balanced_accuracy,36,1.3586077505337386,1.0351297146923724,0.5120370370370371,0.0301175110505381,0.02129629629629627,2,54.5,45,64
g1pre,LM,auditory_direction,time_resolved_trial_response,signal,balanced_accuracy,37,1.423303357702012,1.0351297146923724,0.4814814814814815,0.03142696805273549,0.022222222222222254,2,54.5,45,64
g1pre,LM,auditory_direction,time_resolved_trial_response,signal,balanced_accuracy,38,1.4879989648702852,1.0351297146923724,0.47870370370370363,0.0065472850109865605,0.004629629629629636,2,54.5,45,64
g1pre,LM,auditory_direction,time_resolved_trial_response,signal,balanced_accuracy,39,1.5526945720385585,1.0351297146923724,0.4888888888888889,0.03142696805273541,0.0222222222222222,2,54.5,45,64
g1pre,LM,auditory_direction,time_resolved_trial_response,signal,balanced_accuracy,40,1.6173901792068317,1.0351297146923724,0.5287037037037037,0.017022941028565195,0.012037037037037152,2,54.5,45,64
g1pre,LM,auditory_direction,time_resolved_trial_response,signal,balanced_accuracy,41,1.682085786375105,1.0351297146923724,0.5203703703703704,0.026189140043946204,0.018518518518518517,2,54.5,45,64
g1pre,LM,auditory_direction,time_resolved_trial_response,signal,balanced_accuracy,42,1.7467813935433782,1.0351297146923724,0.499074074074074,0.027498597046143516,0.019444444444444445,2,54.5,45,64
g1pre,LM,auditory_direction,time_resolved_trial_response,signal,balanced_accuracy,43,1.8114770007116516,1.0351297146923724,0.5305555555555557,0.024879683041748913,0.017592592592592604,2,54.5,45,64
g1pre,LM,auditory_direction,time_resolved_trial_response,signal,balanced_accuracy,44,1.8761726078799248,1.0351297146923724,0.4712962962962963,0.045830995076905925,0.032407407407407454,2,54.5,45,64
g1pre,LM,auditory_direction,time_resolved_trial_response,signal,balanced_accuracy,45,1.9408682150481982,1.0351297146923724,0.5203703703703704,0.0,0.0,2,54.5,45,64
g1pre,LM,auditory_direction,time_resolved_trial_response,signal,balanced_accuracy,46,2.0055638222164713,1.0351297146923724,0.5138888888888888,0.001309457002197371,0.0009259259259259689,2,54.5,45,64
g1pre,LM,congruency,time_resolved_trial_response,signal,balanced_accuracy,0,-0.9704341075240991,1.0351297146923724,0.5222222222222223,0.04714045207910316,0.033333333333333326,2,54.5,45,64
g1pre,LM,congruency,time_resolved_trial_response,signal,balanced_accuracy,1,-0.9057385003558258,1.0351297146923724,0.5263888888888888,0.02160604053625558,0.015277777777777751,2,54.5,45,64
g1pre,LM,congruency,time_resolved_trial_response,signal,balanced_accuracy,2,-0.8410428931875525,1.0351297146923724,0.4819444444444445,0.013749298523071886,0.009722222222222313,2,54.5,45,64
g1pre,LM,congruency,time_resolved_trial_response,signal,balanced_accuracy,3,-0.7763472860192793,1.0351297146923724,0.47777777777777775,0.0707106781186548,0.05000000000000003,2,54.5,45,64
g1pre,LM,congruency,time_resolved_trial_response,signal,balanced_accuracy,4,-0.711651678851006,1.0351297146923724,0.5111111111111111,0.00785674201318395,0.005555555555555619,2,54.5,45,64
g1pre,LM,congruency,time_resolved_trial_response,signal,balanced_accuracy,5,-0.6469560716827327,1.0351297146923724,0.49305555555555547,0.02946278254943951,0.020833333333333356,2,54.5,45,64
g1pre,LM,congruency,time_resolved_trial_response,signal,balanced_accuracy,6,-0.5822604645144595,1.0351297146923724,0.5069444444444444,0.02946278254943957,0.020833333333333398,2,54.5,45,64
g1pre,LM,congruency,time_resolved_trial_response,signal,balanced_accuracy,7,-0.5175648573461862,1.0351297146923724,0.5083333333333333,0.06678230711206284,0.047222222222222235,2,54.5,45,64
g1pre,LM,congruency,time_resolved_trial_response,signal,balanced_accuracy,8,-0.4528692501779129,1.0351297146923724,0.4986111111111111,0.0451762665758072,0.03194444444444444,2,54.5,45,64
g1pre,LM,congruency,time_resolved_trial_response,signal,balanced_accuracy,9,-0.38817364300963964,1.0351297146923724,0.5458333333333334,0.009820927516479791,0.00694444444444442,2,54.5,45,64
g1pre,LM,congruency,time_resolved_trial_response,signal,balanced_accuracy,10,-0.32347803584136636,1.0351297146923724,0.5,0.03142696805273561,0.022222222222222338,2,54.5,45,64
g1pre,LM,congruency,time_resolved_trial_response,signal,balanced_accuracy,11,-0.2587824286730931,1.0351297146923724,0.475,0.0,0.0,2,54.5,45,64
g1pre,LM,congruency,time_resolved_trial_response,signal,balanced_accuracy,12,-0.19408682150481982,1.0351297146923724,0.48749999999999993,0.041247895569215265,0.02916666666666666,2,54.5,45,64
g1pre,LM,congruency,time_resolved_trial_response,signal,balanced_accuracy,13,-0.12939121433654655,1.0351297146923724,0.475,0.007856742013183834,0.005555555555555536,2,54.5,45,64
g1pre,LM,congruency,time_resolved_trial_response,signal,balanced_accuracy,14,-0.06469560716827327,1.0351297146923724,0.49166666666666664,0.02357022603955158,0.016666666666666663,2,54.5,45,64
g1pre,LM,congruency,time_resolved_trial_response,signal,balanced_accuracy,15,0.0,1.0351297146923724,0.4888888888888889,0.027498597046143495,0.01944444444444443,2,54.5,45,64
g1pre,LM,congruency,time_resolved_trial_response,signal,balanced_accuracy,16,0.06469560716827327,1.0351297146923724,0.46944444444444444,0.003928371006591936,0.002777777777777782,2,54.5,45,64
g1pre,LM,congruency,time_resolved_trial_response,signal,balanced_accuracy,17,0.12939121433654655,1.0351297146923724,0.5069444444444444,0.017677669529663743,0.012500000000000039,2,54.5,45,64
g1pre,LM,congruency,time_resolved_trial_response,signal,balanced_accuracy,18,0.19408682150481982,1.0351297146923724,0.5194444444444444,0.015713484026367706,0.0111111111111111,2,54.5,45,64
g1pre,LM,congruency,time_resolved_trial_response,signal,balanced_accuracy,19,0.2587824286730931,1.0351297146923724,0.48611111111111116,0.05499719409228705,0.0388888888888889,2,54.5,45,64
g1pre,LM,congruency,time_resolved_trial_response,signal,balanced_accuracy,20,0.32347803584136636,1.0351297146923724,0.4847222222222223,0.01767766952966378,0.012500000000000067,2,54.5,45,64
g1pre,LM,congruency,time_resolved_trial_response,signal,balanced_accuracy,21,0.38817364300963964,1.0351297146923724,0.48750000000000004,0.01767766952966378,0.012500000000000067,2,54.5,45,64
g1pre,LM,congruency,time_resolved_trial_response,signal,balanced_accuracy,22,0.4528692501779129,1.0351297146923724,0.4902777777777778,0.0451762665758073,0.03194444444444451,2,54.5,45,64
g1pre,LM,congruency,time_resolved_trial_response,signal,balanced_accuracy,23,0.5175648573461862,1.0351297146923724,0.5,0.011785113019775906,0.008333333333333415,2,54.5,45,64
g1pre,LM,congruency,time_resolved_trial_response,signal,balanced_accuracy,24,0.5822604645144595,1.0351297146923724,0.5041666666666667,0.049104637582399156,0.03472222222222224,2,54.5,45,64
g1pre,LM,congruency,time_resolved_trial_response,signal,balanced_accuracy,25,0.6469560716827327,1.0351297146923724,0.5236111111111112,0.005892556509887992,0.004166666666666735,2,54.5,45,64
g1pre,LM,congruency,time_resolved_trial_response,signal,balanced_accuracy,26,0.711651678851006,1.0351297146923724,0.49444444444444446,0.05499719409228705,0.0388888888888889,2,54.5,45,64
g1pre,LM,congruency,time_resolved_trial_response,signal,balanced_accuracy,27,0.7763472860192793,1.0351297146923724,0.4930555555555556,0.04517626657580726,0.031944444444444484,2,54.5,45,64
g1pre,LM,congruency,time_resolved_trial_response,signal,balanced_accuracy,28,0.8410428931875525,1.0351297146923724,0.4666666666666667,0.02357022603955156,0.01666666666666665,2,54.5,45,64
g1pre,LM,congruency,time_resolved_trial_response,signal,balanced_accuracy,29,0.9057385003558258,1.0351297146923724,0.5138888888888888,0.003928371006591917,0.002777777777777768,2,54.5,45,64
g1pre,LM,congruency,time_resolved_trial_response,signal,balanced_accuracy,30,0.9704341075240991,1.0351297146923724,0.4652777777777778,0.03731952456262331,0.026388888888888865,2,54.5,45,64
g1pre,LM,congruency,time_resolved_trial_response,signal,balanced_accuracy,31,1.0351297146923724,1.0351297146923724,0.4805555555555555,0.01178511301977575,0.008333333333333304,2,54.5,45,64
g1pre,LM,congruency,time_resolved_trial_response,signal,balanced_accuracy,32,1.0998253218606455,1.0351297146923724,0.49583333333333335,0.017677669529663625,0.012499999999999956,2,54.5,45,64
g1pre,LM,congruency,time_resolved_trial_response,signal,balanced_accuracy,33,1.164520929028919,1.0351297146923724,0.5083333333333333,0.027498597046143575,0.019444444444444486,2,54.5,45,64
g1pre,LM,congruency,time_resolved_trial_response,signal,balanced_accuracy,34,1.229216536197192,1.0351297146923724,0.4819444444444444,0.07267486362195072,0.05138888888888889,2,54.5,45,64
g1pre,LM,congruency,time_resolved_trial_response,signal,balanced_accuracy,35,1.2939121433654655,1.0351297146923724,0.48750000000000004,0.056961379595583006,0.04027777777777779,2,54.5,45,64
g1pre,LM,congruency,time_resolved_trial_response,signal,balanced_accuracy,36,1.3586077505337386,1.0351297146923724,0.5263888888888889,0.0216060405362557,0.015277777777777835,2,54.5,45,64
g1pre,LM,congruency,time_resolved_trial_response,signal,balanced_accuracy,37,1.423303357702012,1.0351297146923724,0.4513888888888889,0.009820927516479791,0.00694444444444442,2,54.5,45,64
g1pre,LM,congruency,time_resolved_trial_response,signal,balanced_accuracy,38,1.4879989648702852,1.0351297146923724,0.46805555555555556,0.03339115355603143,0.023611111111111124,2,54.5,45,64
g1pre,LM,congruency,time_resolved_trial_response,signal,balanced_accuracy,39,1.5526945720385585,1.0351297146923724,0.4625,0.021606040536255602,0.015277777777777765,2,54.5,45,64
g1pre,LM,congruency,time_resolved_trial_response,signal,balanced_accuracy,40,1.6173901792068317,1.0351297146923724,0.47638888888888886,0.013749298523071708,0.009722222222222188,2,54.5,45,64
g1pre,LM,congruency,time_resolved_trial_response,signal,balanced_accuracy,41,1.682085786375105,1.0351297146923724,0.45555555555555555,0.015713484026367668,0.011111111111111072,2,54.5,45,64
g1pre,LM,congruency,time_resolved_trial_response,signal,balanced_accuracy,42,1.7467813935433782,1.0351297146923724,0.4777777777777778,0.007856742013183912,0.005555555555555591,2,54.5,45,64
g1pre,LM,congruency,time_resolved_trial_response,signal,balanced_accuracy,43,1.8114770007116516,1.0351297146923724,0.4652777777777778,0.05696137959558305,0.040277777777777815,2,54.5,45,64
g1pre,LM,congruency,time_resolved_trial_response,signal,balanced_accuracy,44,1.8761726078799248,1.0351297146923724,0.49583333333333335,0.0019641855032959585,0.001388888888888884,2,54.5,45,64
g1pre,LM,congruency,time_resolved_trial_response,signal,balanced_accuracy,45,1.9408682150481982,1.0351297146923724,0.4625,0.07267486362195077,0.05138888888888893,2,54.5,45,64
g1pre,LM,congruency,time_resolved_trial_response,signal,balanced_accuracy,46,2.0055638222164713,1.0351297146923724,0.46944444444444444,0.06678230711206284,0.047222222222222235,2,54.5,45,64
g1pre,LM,modality,time_resolved_trial_response,signal,balanced_accuracy,0,-0.9704341075240991,1.0351297146923724,0.3412037037037037,0.012439841520874457,0.008796296296296302,2,54.5,45,64
g1pre,LM,modality,time_resolved_trial_response,signal,balanced_accuracy,1,-0.9057385003558258,1.0351297146923724,0.3231481481481482,0.015713484026367686,0.011111111111111086,2,54.5,45,64
g1pre,LM,modality,time_resolved_trial_response,signal,balanced_accuracy,2,-0.8410428931875525,1.0351297146923724,0.33425925925925926,0.01178511301977577,0.008333333333333318,2,54.5,45,64
g1pre,LM,modality,time_resolved_trial_response,signal,balanced_accuracy,3,-0.7763472860192793,1.0351297146923724,0.3319444444444445,0.003273642505493349,0.0023148148148148667,2,54.5,45,64
g1pre,LM,modality,time_resolved_trial_response,signal,balanced_accuracy,4,-0.711651678851006,1.0351297146923724,0.32546296296296295,0.007202013512085207,0.005092592592592593,2,54.5,45,64
g1pre,LM,modality,time_resolved_trial_response,signal,balanced_accuracy,5,-0.6469560716827327,1.0351297146923724,0.3277777777777778,0.011785113019775828,0.00833333333333336,2,54.5,45,64
g1pre,LM,modality,time_resolved_trial_response,signal,balanced_accuracy,6,-0.5822604645144595,1.0351297146923724,0.3314814814814815,0.010475656017578498,0.007407407407407418,2,54.5,45,64
g1pre,LM,modality,time_resolved_trial_response,signal,balanced_accuracy,7,-0.5175648573461862,1.0351297146923724,0.33101851851851855,0.02160604053625562,0.015277777777777779,2,54.5,45,64
g1pre,LM,modality,time_resolved_trial_response,signal,balanced_accuracy,8,-0.4528692501779129,1.0351297146923724,0.3375,0.004583099507690622,0.0032407407407407662,2,54.5,45,64
g1pre,LM,modality,time_resolved_trial_response,signal,balanced_accuracy,9,-0.38817364300963964,1.0351297146923724,0.3490740740740741,0.007856742013183834,0.005555555555555536,2,54.5,45,64
g1pre,LM,modality,time_resolved_trial_response,signal,balanced_accuracy,10,-0.32347803584136636,1.0351297146923724,0.3402777777777778,0.043866809573609944,0.031018518518518556,2,54.5,45,64
g1pre,LM,modality,time_resolved_trial_response,signal,balanced_accuracy,11,-0.2587824286730931,1.0351297146923724,0.3324074074074074,0.005237828008789229,0.003703703703703695,2,54.5,45,64
g1pre,LM,modality,time_resolved_trial_response,signal,balanced_accuracy,12,-0.19408682150481982,1.0351297146923724,0.3268518518518519,0.010475656017578418,0.007407407407407363,2,54.5,45,64
g1pre,LM,modality,time_resolved_trial_response,signal,balanced_accuracy,13,-0.12939121433654655,1.0351297146923724,0.34490740740740744,0.0032736425054932117,0.0023148148148147696,2,54.5,45,64
g1pre,LM,modality,time_resolved_trial_response,signal,balanced_accuracy,14,-0.06469560716827327,1.0351297146923724,0.3592592592592592,0.02357022603955158,0.016666666666666663,2,54.5,45,64
g1pre,LM,modality,time_resolved_trial_response,signal,balanced_accuracy,15,0.0,1.0351297146923724,0.3310185185185185,0.004583099507690602,0.0032407407407407524,2,54.5,45,64
g1pre,LM,modality,time_resolved_trial_response,signal,balanced_accuracy,16,0.06469560716827327,1.0351297146923724,0.3296296296296296,0.01964185503295964,0.013888888888888881,2,54.5,45,64
g1pre,LM,modality,time_resolved_trial_response,signal,balanced_accuracy,17,0.12939121433654655,1.0351297146923724,0.3226851851851852,0.0006547285010987051,0.0004629629629629983,2,54.5,45,64
g1pre,LM,modality,time_resolved_trial_response,signal,balanced_accuracy,18,0.19408682150481982,1.0351297146923724,0.38842592592592595,0.03470061055822872,0.024537037037037038,2,54.5,45,64
g1pre,LM,modality,time_resolved_trial_response,signal,balanced_accuracy,19,0.2587824286730931,1.0351297146923724,0.5037037037037038,0.20034692133618842,0.14166666666666664,2,54.5,45,64
g1pre,LM,modality,time_resolved_trial_response,signal,balanced_accuracy,20,0.32347803584136636,1.0351297146923724,0.4800925925925926,0.18266925180652474,0.12916666666666665,2,54.5,45,64
g1pre,LM,modality,time_resolved_trial_response,signal,balanced_accuracy,21,0.38817364300963964,1.0351297146923724,0.4912037037037037,0.20754893484827366,0.14675925925925926,2,54.5,45,64
g1pre,LM,modality,time_resolved_trial_response,signal,balanced_accuracy,22,0.4528692501779129,1.0351297146923724,0.5069444444444444,0.16957468178455173,0.11990740740740745,2,54.5,45,64
g1pre,LM,modality,time_resolved_trial_response,signal,balanced_accuracy,23,0.5175648573461862,1.0351297146923724,0.49537037037037035,0.19379963632520195,0.13703703703703704,2,54.5,45,64
g1pre,LM,modality,time_resolved_trial_response,signal,balanced_accuracy,24,0.5822604645144595,1.0351297146923724,0.5087962962962963,0.20362056384168176,0.1439814814814815,2,54.5,45,64
g1pre,LM,modality,time_resolved_trial_response,signal,balanced_accuracy,25,0.6469560716827327,1.0351297146923724,0.5106481481481482,0.18921653681751135,0.1337962962962963,2,54.5,45,64
g1pre,LM,modality,time_resolved_trial_response,signal,balanced_accuracy,26,0.711651678851006,1.0351297146923724,0.5277777777777778,0.1872523513142154,0.13240740740740742,2,54.5,45,64
g1pre,LM,modality,time_resolved_trial_response,signal,balanced_accuracy,27,0.7763472860192793,1.0351297146923724,0.525,0.18856180831641275,0.1333333333333334,2,54.5,45,64
g1pre,LM,modality,time_resolved_trial_response,signal,balanced_accuracy,28,0.8410428931875525,1.0351297146923724,0.5189814814814815,0.18266925180652477,0.12916666666666665,2,54.5,45,64
g1pre,LM,modality,time_resolved_trial_response,signal,balanced_accuracy,29,0.9057385003558258,1.0351297146923724,0.5069444444444444,0.17874088079993294,0.12638888888888897,2,54.5,45,64
g1pre,LM,modality,time_resolved_trial_response,signal,balanced_accuracy,30,0.9704341075240991,1.0351297146923724,0.5328703703703703,0.18005033780213023,0.12731481481481485,2,54.5,45,64
g1pre,LM,modality,time_resolved_trial_response,signal,balanced_accuracy,31,1.0351297146923724,1.0351297146923724,0.5416666666666667,0.18332398030762348,0.12962962962962965,2,54.5,45,64
g1pre,LM,modality,time_resolved_trial_response,signal,balanced_accuracy,32,1.0998253218606455,1.0351297146923724,0.5523148148148148,0.17874088079993283,0.12638888888888888,2,54.5,45,64
g1pre,LM,modality,time_resolved_trial_response,signal,balanced_accuracy,33,1.164520929028919,1.0351297146923724,0.537037037037037,0.20296583534058316,0.14351851851851857,2,54.5,45,64
g1pre,LM,modality,time_resolved_trial_response,signal,balanced_accuracy,34,1.229216536197192,1.0351297146923724,0.5407407407407407,0.1859428943120181,0.1314814814814815,2,54.5,45,64
g1pre,LM,modality,time_resolved_trial_response,signal,balanced_accuracy,35,1.2939121433654655,1.0351297146923724,0.5203703703703704,0.18594289431201808,0.1314814814814815,2,54.5,45,64
g1pre,LM,modality,time_resolved_trial_response,signal,balanced_accuracy,36,1.3586077505337386,1.0351297146923724,0.5347222222222222,0.17219359578894627,0.12175925925925923,2,54.5,45,64
g1pre,LM,modality,time_resolved_trial_response,signal,balanced_accuracy,37,1.423303357702012,1.0351297146923724,0.5402777777777777,0.1787408807999328,0.12638888888888886,2,54.5,45,64
g1pre,LM,modality,time_resolved_trial_response,signal,balanced_accuracy,38,1.4879989648702852,1.0351297146923724,0.5324074074074074,0.19249017932300458,0.1361111111111111,2,54.5,45,64
g1pre,LM,modality,time_resolved_trial_response,signal,balanced_accuracy,39,1.5526945720385585,1.0351297146923724,0.549074074074074,0.1859428943120181,0.1314814814814815,2,54.5,45,64
g1pre,LM,modality,time_resolved_trial_response,signal,balanced_accuracy,40,1.6173901792068317,1.0351297146923724,0.5393518518518519,0.18397870880872214,0.13009259259259262,2,54.5,45,64
g1pre,LM,modality,time_resolved_trial_response,signal,balanced_accuracy,41,1.682085786375105,1.0351297146923724,0.537037037037037,0.17546723829443958,0.12407407407407409,2,54.5,45,64
g1pre,LM,modality,time_resolved_trial_response,signal,balanced_accuracy,42,1.7467813935433782,1.0351297146923724,0.5300925925925926,0.18397870880872214,0.13009259259259262,2,54.5,45,64
g1pre,LM,modality,time_resolved_trial_response,signal,balanced_accuracy,43,1.8114770007116516,1.0351297146923724,0.5282407407407407,0.1604084827691705,0.11342592592592592,2,54.5,45,64
g1pre,LM,modality,time_resolved_trial_response,signal,balanced_accuracy,44,1.8761726078799248,1.0351297146923724,0.5333333333333332,0.1951090933273992,0.13796296296296293,2,54.5,45,64
g1pre,LM,modality,time_resolved_trial_response,signal,balanced_accuracy,45,1.9408682150481982,1.0351297146923724,0.5259259259259259,0.19249017932300458,0.1361111111111111,2,54.5,45,64
g1pre,LM,modality,time_resolved_trial_response,signal,balanced_accuracy,46,2.0055638222164713,1.0351297146923724,0.5152777777777777,0.19838273583289256,0.14027777777777783,2,54.5,45,64
g1pre,LM,trial_type,time_resolved_trial_response,signal,balanced_accuracy,0,-0.9704341075240991,1.0351297146923724,0.13194444444444445,0.0019641855032959585,0.001388888888888884,2,54.5,45,64
g1pre,LM,trial_type,time_resolved_trial_response,signal,balanced_accuracy,1,-0.9057385003558258,1.0351297146923724,0.12291666666666665,0.008838834764831847,0.006250000000000002,2,54.5,45,64
g1pre,LM,trial_type,time_resolved_trial_response,signal,balanced_accuracy,2,-0.8410428931875525,1.0351297146923724,0.1284722222222222,0.01669557677801571,0.011805555555555559,2,54.5,45,64
g1pre,LM,trial_type,time_resolved_trial_response,signal,balanced_accuracy,3,-0.7763472860192793,1.0351297146923724,0.11875,0.010803020268127845,0.007638888888888914,2,54.5,45,64
g1pre,LM,trial_type,time_resolved_trial_response,signal,balanced_accuracy,4,-0.711651678851006,1.0351297146923724,0.1284722222222222,0.022588133287903583,0.01597222222222221,2,54.5,45,64
g1pre,LM,trial_type,time_resolved_trial_response,signal,balanced_accuracy,5,-0.6469560716827327,1.0351297146923724,0.1298611111111111,0.014731391274719756,0.010416666666666678,2,54.5,45,64
g1pre,LM,trial_type,time_resolved_trial_response,signal,balanced_accuracy,6,-0.5822604645144595,1.0351297146923724,0.11388888888888889,0.013749298523071768,0.00972222222222223,2,54.5,45,64
g1pre,LM,trial_type,time_resolved_trial_response,signal,balanced_accuracy,7,-0.5175648573461862,1.0351297146923724,0.13958333333333334,0.012767205771423798,0.009027777777777794,2,54.5,45,64
g1pre,LM,trial_type,time_resolved_trial_response,signal,balanced_accuracy,8,-0.4528692501779129,1.0351297146923724,0.10833333333333334,0.015713484026367745,0.011111111111111127,2,54.5,45,64
g1pre,LM,trial_type,time_resolved_trial_response,signal,balanced_accuracy,9,-0.38817364300963964,1.0351297146923724,0.12430555555555556,0.004910463758239896,0.00347222222222221,2,54.5,45,64
g1pre,LM,trial_type,time_resolved_trial_response,signal,balanced_accuracy,10,-0.32347803584136636,1.0351297146923724,0.14305555555555555,0.001964185503295968,0.001388888888888891,2,54.5,45,64
g1pre,LM,trial_type,time_resolved_trial_response,signal,balanced_accuracy,11,-0.2587824286730931,1.0351297146923724,0.14652777777777776,0.006874649261535884,0.004861111111111115,2,54.5,45,64
g1pre,LM,trial_type,time_resolved_trial_response,signal,balanced_accuracy,12,-0.19408682150481982,1.0351297146923724,0.12222222222222222,0.001964185503295978,0.0013888888888888978,2,54.5,45,64
g1pre,LM,trial_type,time_resolved_trial_response,signal,balanced_accuracy,13,-0.12939121433654655,1.0351297146923724,0.1423611111111111,0.004910463758239925,0.0034722222222222307,2,54.5,45,64
g1pre,LM,trial_type,time_resolved_trial_response,signal,balanced_accuracy,14,-0.06469560716827327,1.0351297146923724,0.13472222222222224,0.015713484026367734,0.01111111111111112,2,54.5,45,64
g1pre,LM,trial_type,time_resolved_trial_response,signal,balanced_accuracy,15,0.0,1.0351297146923724,0.13472222222222222,0.027498597046143495,0.01944444444444443,2,54.5,45,64
g1pre,LM,trial_type,time_resolved_trial_response,signal,balanced_accuracy,16,0.06469560716827327,1.0351297146923724,0.12083333333333332,0.013749298523071742,0.009722222222222212,2,54.5,45,64
g1pre,LM,trial_type,time_resolved_trial_response,signal,balanced_accuracy,17,0.12939121433654655,1.0351297146923724,0.12499999999999999,0.007856742013183853,0.00555555555555555,2,54.5,45,64
g1pre,LM,trial_type,time_resolved_trial_response,signal,balanced_accuracy,18,0.19408682150481982,1.0351297146923724,0.16180555555555556,0.034373246307679385,0.024305555555555552,2,54.5,45,64
g1pre,LM,trial_type,time_resolved_trial_response,signal,balanced_accuracy,19,0.2587824286730931,1.0351297146923724,0.19236111111111112,0.08544206939337447,0.060416666666666646,2,54.5,45,64
g1pre,LM,trial_type,time_resolved_trial_response,signal,balanced_accuracy,20,0.32347803584136636,1.0351297146923724,0.18888888888888888,0.10410183167468619,0.07361111111111113,2,54.5,45,64
g1pre,LM,trial_type,time_resolved_trial_response,signal,balanced_accuracy,21,0.38817364300963964,1.0351297146923724,0.22013888888888886,0.14240344898895746,0.10069444444444443,2,54.5,45,64
g1pre,LM,trial_type,time_resolved_trial_response,signal,balanced_accuracy,22,0.4528692501779129,1.0351297146923724,0.22499999999999998,0.12963624321753373,0.09166666666666667,2,54.5,45,64
g1pre,LM,trial_type,time_resolved_trial_response,signal,balanced_accuracy,23,0.5175648573461862,1.0351297146923724,0.23541666666666666,0.13847507798236552,0.09791666666666665,2,54.5,45,64
g1pre,LM,trial_type,time_resolved_trial_response,signal,balanced_accuracy,24,0.5822604645144595,1.0351297146923724,0.26666666666666666,0.14927809825049337,0.10555555555555556,2,54.5,45,64
g1pre,LM,trial_type,time_resolved_trial_response,signal,balanced_accuracy,25,0.6469560716827327,1.0351297146923724,0.2743055555555556,0.17383041704169297,0.12291666666666669,2,54.5,45,64
g1pre,LM,trial_type,time_resolved_trial_response,signal,balanced_accuracy,26,0.711651678851006,1.0351297146923724,0.24097222222222223,0.10508392442633413,0.07430555555555554,2,54.5,45,64
g1pre,LM,trial_type,time_resolved_trial_response,signal,balanced_accuracy,27,0.7763472860192793,1.0351297146923724,0.23819444444444443,0.12276159395599785,0.08680555555555558,2,54.5,45,64
g1pre,LM,trial_type,time_resolved_trial_response,signal,balanced_accuracy,28,0.8410428931875525,1.0351297146923724,0.23402777777777778,0.13847507798236552,0.09791666666666665,2,54.5,45,64
g1pre,LM,trial_type,time_resolved_trial_response,signal,balanced_accuracy,29,0.9057385003558258,1.0351297146923724,0.24861111111111106,0.13160042872082967,0.09305555555555554,2,54.5,45,64
g1pre,LM,trial_type,time_resolved_trial_response,signal,balanced_accuracy,30,0.9704341075240991,1.0351297146923724,0.26944444444444443,0.11981531570105386,0.0847222222222222,2,54.5,45,64
g1pre,LM,trial_type,time_resolved_trial_response,signal,balanced_accuracy,31,1.0351297146923724,1.0351297146923724,0.2729166666666667,0.14043926348566152,0.09930555555555555,2,54.5,45,64
g1pre,LM,trial_type,time_resolved_trial_response,signal,balanced_accuracy,32,1.0998253218606455,1.0351297146923724,0.2673611111111111,0.09526299690985436,0.06736111111111115,2,54.5,45,64
g1pre,LM,trial_type,time_resolved_trial_response,signal,balanced_accuracy,33,1.164520929028919,1.0351297146923724,0.2659722222222222,0.10115555341974224,0.0715277777777778,2,54.5,45,64
g1pre,LM,trial_type,time_resolved_trial_response,signal,balanced_accuracy,34,1.229216536197192,1.0351297146923724,0.25763888888888886,0.10704810992963018,0.0756944444444445,2,54.5,45,64
g1pre,LM,trial_type,time_resolved_trial_response,signal,balanced_accuracy,35,1.2939121433654655,1.0351297146923724,0.24930555555555556,0.11686903744610998,0.08263888888888891,2,54.5,45,64
g1pre,LM,trial_type,time_resolved_trial_response,signal,balanced_accuracy,36,1.3586077505337386,1.0351297146923724,0.26944444444444443,0.11981531570105386,0.0847222222222222,2,54.5,45,64
g1pre,LM,trial_type,time_resolved_trial_response,signal,balanced_accuracy,37,1.423303357702012,1.0351297146923724,0.25416666666666665,0.12374368670764584,0.08750000000000001,2,54.5,45,64
g1pre,LM,trial_type,time_resolved_trial_response,signal,balanced_accuracy,38,1.4879989648702852,1.0351297146923724,0.2763888888888889,0.12767205771423776,0.09027777777777779,2,54.5,45,64
g1pre,LM,trial_type,time_resolved_trial_response,signal,balanced_accuracy,39,1.5526945720385585,1.0351297146923724,0.25625,0.1207974084527019,0.0854166666666667,2,54.5,45,64
g1pre,LM,trial_type,time_resolved_trial_response,signal,balanced_accuracy,40,1.6173901792068317,1.0351297146923724,0.2645833333333334,0.12472577945929385,0.08819444444444448,2,54.5,45,64
g1pre,LM,trial_type,time_resolved_trial_response,signal,balanced_accuracy,41,1.682085786375105,1.0351297146923724,0.26041666666666663,0.08544206939337448,0.06041666666666666,2,54.5,45,64
g1pre,LM,trial_type,time_resolved_trial_response,signal,balanced_accuracy,42,1.7467813935433782,1.0351297146923724,0.2631944444444444,0.1286541504658857,0.09097222222222222,2,54.5,45,64
g1pre,LM,trial_type,time_resolved_trial_response,signal,balanced_accuracy,43,1.8114770007116516,1.0351297146923724,0.25277777777777777,0.08053160563513453,0.05694444444444441,2,54.5,45,64
g1pre,LM,trial_type,time_resolved_trial_response,signal,balanced_accuracy,44,1.8761726078799248,1.0351297146923724,0.24375000000000002,0.10704810992963013,0.07569444444444445,2,54.5,45,64
g1pre,LM,trial_type,time_resolved_trial_response,signal,balanced_accuracy,45,1.9408682150481982,1.0351297146923724,0.25069444444444444,0.10704810992963007,0.07569444444444441,2,54.5,45,64
g1pre,LM,trial_type,time_resolved_trial_response,signal,balanced_accuracy,46,2.0055638222164713,1.0351297146923724,0.24374999999999997,0.10508392442633416,0.07430555555555557,2,54.5,45,64
g1pre,LM,visual_direction,time_resolved_trial_response,signal,balanced_accuracy,0,-0.9704341075240991,1.0351297146923724,0.4916666666666667,0.040593167068116595,0.02870370370370369,2,54.5,45,64
g1pre,LM,visual_direction,time_resolved_trial_response,signal,balanced_accuracy,1,-0.9057385003558258,1.0351297146923724,0.5037037037037038,0.0,0.0,2,54.5,45,64
g1pre,LM,visual_direction,time_resolved_trial_response,signal,balanced_accuracy,2,-0.8410428931875525,1.0351297146923724,0.4990740740740741,0.017022941028565077,0.012037037037037068,2,54.5,45,64
g1pre,LM,visual_direction,time_resolved_trial_response,signal,balanced_accuracy,3,-0.7763472860192793,1.0351297146923724,0.4787037037037037,0.011785113019775828,0.00833333333333336,2,54.5,45,64
g1pre,LM,visual_direction,time_resolved_trial_response,signal,balanced_accuracy,4,-0.711651678851006,1.0351297146923724,0.49907407407407406,0.024879683041748833,0.01759259259259255,2,54.5,45,64
g1pre,LM,visual_direction,time_resolved_trial_response,signal,balanced_accuracy,5,-0.6469560716827327,1.0351297146923724,0.4898148148148148,0.006547285010986639,0.004629629629629692,2,54.5,45,64
g1pre,LM,visual_direction,time_resolved_trial_response,signal,balanced_accuracy,6,-0.5822604645144595,1.0351297146923724,0.46111111111111114,0.013094570021973142,0.009259259259259287,2,54.5,45,64
g1pre,LM,visual_direction,time_resolved_trial_response,signal,balanced_accuracy,7,-0.5175648573461862,1.0351297146923724,0.5185185185185186,0.034045882057130154,0.024074074074074137,2,54.5,45,64
g1pre,LM,visual_direction,time_resolved_trial_response,signal,balanced_accuracy,8,-0.4528692501779129,1.0351297146923724,0.5083333333333333,0.0013094570021972925,0.0009259259259259134,2,54.5,45,64
g1pre,LM,visual_direction,time_resolved_trial_response,signal,balanced_accuracy,9,-0.38817364300963964,1.0351297146923724,0.49444444444444446,0.04452153807470855,0.031481481481481485,2,54.5,45,64
g1pre,LM,visual_direction,time_resolved_trial_response,signal,balanced_accuracy,10,-0.32347803584136636,1.0351297146923724,0.475925925925926,0.01833239803076235,0.012962962962962968,2,54.5,45,64
g1pre,LM,visual_direction,time_resolved_trial_response,signal,balanced_accuracy,11,-0.2587824286730931,1.0351297146923724,0.48981481481481487,0.019641855032959663,0.013888888888888895,2,54.5,45,64
g1pre,LM,visual_direction,time_resolved_trial_response,signal,balanced_accuracy,12,-0.19408682150481982,1.0351297146923724,0.4851851851851852,0.020951312035156915,0.01481481481481478,2,54.5,45,64
g1pre,LM,visual_direction,time_resolved_trial_response,signal,balanced_accuracy,13,-0.12939121433654655,1.0351297146923724,0.500925925925926,0.0196418550329597,0.013888888888888923,2,54.5,45,64
g1pre,LM,visual_direction,time_resolved_trial_response,signal,balanced_accuracy,14,-0.06469560716827327,1.0351297146923724,0.46759259259259267,0.003928371006591917,0.002777777777777768,2,54.5,45,64
g1pre,LM,visual_direction,time_resolved_trial_response,signal,balanced_accuracy,15,0.0,1.0351297146923724,0.5037037037037037,0.010475656017578477,0.007407407407407404,2,54.5,45,64
g1pre,LM,visual_direction,time_resolved_trial_response,signal,balanced_accuracy,16,0.06469560716827327,1.0351297146923724,0.48611111111111105,0.037974253063721916,0.026851851851851793,2,54.5,45,64
g1pre,LM,visual_direction,time_resolved_trial_response,signal,balanced_accuracy,17,0.12939121433654655,1.0351297146923724,0.49722222222222223,0.04059316706811664,0.028703703703703717,2,54.5,45,64
g1pre,LM,visual_direction,time_resolved_trial_response,signal,balanced_accuracy,18,0.19408682150481982,1.0351297146923724,0.4916666666666667,0.027498597046143575,0.019444444444444486,2,54.5,45,64
g1pre,LM,visual_direction,time_resolved_trial_response,signal,balanced_accuracy,19,0.2587824286730931,1.0351297146923724,0.5574074074074075,0.028808054048340827,0.020370370370370372,2,54.5,45,64
g1pre,LM,visual_direction,time_resolved_trial_response,signal,balanced_accuracy,20,0.32347803584136636,1.0351297146923724,0.5962962962962963,0.18856180831641264,0.13333333333333333,2,54.5,45,64
g1pre,LM,visual_direction,time_resolved_trial_response,signal,balanced_accuracy,21,0.38817364300963964,1.0351297146923724,0.6398148148148148,0.20820366334937226,0.14722222222222217,2,54.5,45,64
g1pre,LM,visual_direction,time_resolved_trial_response,signal,balanced_accuracy,22,0.4528692501779129,1.0351297146923724,0.6574074074074074,0.23046443238672662,0.16296296296296298,2,54.5,45,64
g1pre,LM,visual_direction,time_resolved_trial_response,signal,balanced_accuracy,23,0.5175648573461862,1.0351297146923724,0.6787037037037036,0.265819771446054,0.18796296296296297,2,54.5,45,64
g1pre,LM,visual_direction,time_resolved_trial_response,signal,balanced_accuracy,24,0.5822604645144595,1.0351297146923724,0.7240740740740741,0.23308334639112127,0.16481481481481486,2,54.5,45,64
g1pre,LM,visual_direction,time_resolved_trial_response,signal,balanced_accuracy,25,0.6469560716827327,1.0351297146923724,0.7166666666666667,0.25927248643506745,0.18333333333333335,2,54.5,45,64
g1pre,LM,visual_direction,time_resolved_trial_response,signal,balanced_accuracy,26,0.711651678851006,1.0351297146923724,0.7268518518518519,0.2212982333713455,0.15648148148148153,2,54.5,45,64
g1pre,LM,visual_direction,time_resolved_trial_response,signal,balanced_accuracy,27,0.7763472860192793,1.0351297146923724,0.7370370370370369,0.1885618083164126,0.13333333333333328,2,54.5,45,64
g1pre,LM,visual_direction,time_resolved_trial_response,signal,balanced_accuracy,28,0.8410428931875525,1.0351297146923724,0.6981481481481482,0.23570226039551595,0.16666666666666674,2,54.5,45,64
g1pre,LM,visual_direction,time_resolved_trial_response,signal,balanced_accuracy,29,0.9057385003558258,1.0351297146923724,0.7212962962962963,0.21082257735376703,0.14907407407407414,2,54.5,45,64
g1pre,LM,visual_direction,time_resolved_trial_response,signal,balanced_accuracy,30,0.9704341075240991,1.0351297146923724,0.7324074074074074,0.2003469213361884,0.1416666666666666,2,54.5,45,64
g1pre,LM,visual_direction,time_resolved_trial_response,signal,balanced_accuracy,31,1.0351297146923724,1.0351297146923724,0.7203703703703703,0.2147509483603588,0.1518518518518518,2,54.5,45,64
g1pre,LM,visual_direction,time_resolved_trial_response,signal,balanced_accuracy,32,1.0998253218606455,1.0351297146923724,0.7620370370370371,0.2003469213361884,0.1416666666666666,2,54.5,45,64
g1pre,LM,visual_direction,time_resolved_trial_response,signal,balanced_accuracy,33,1.164520929028919,1.0351297146923724,0.7481481481481481,0.14142135623730948,0.09999999999999998,2,54.5,45,64
g1pre,LM,visual_direction,time_resolved_trial_response,signal,balanced_accuracy,34,1.229216536197192,1.0351297146923724,0.7305555555555555,0.1767766952966369,0.125,2,54.5,45,64
g1pre,LM,visual_direction,time_resolved_trial_response,signal,balanced_accuracy,35,1.2939121433654655,1.0351297146923724,0.7166666666666667,0.1937996363252018,0.13703703703703696,2,54.5,45,64
g1pre,LM,visual_direction,time_resolved_trial_response,signal,balanced_accuracy,36,1.3586077505337386,1.0351297146923724,0.75,0.16761049628125563,0.11851851851851847,2,54.5,45,64
g1pre,LM,visual_direction,time_resolved_trial_response,signal,balanced_accuracy,37,1.423303357702012,1.0351297146923724,0.737037037037037,0.14142135623730948,0.09999999999999998,2,54.5,45,64
g1pre,LM,visual_direction,time_resolved_trial_response,signal,balanced_accuracy,38,1.4879989648702852,1.0351297146923724,0.7305555555555555,0.1767766952966369,0.125,2,54.5,45,64
g1pre,LM,visual_direction,time_resolved_trial_response,signal,balanced_accuracy,39,1.5526945720385585,1.0351297146923724,0.749074074074074,0.15058755525269069,0.10648148148148148,2,54.5,45,64
g1pre,LM,visual_direction,time_resolved_trial_response,signal,balanced_accuracy,40,1.6173901792068317,1.0351297146923724,0.7425925925925925,0.1623726682724666,0.1148148148148149,2,54.5,45,64
g1pre,LM,visual_direction,time_resolved_trial_response,signal,balanced_accuracy,41,1.682085786375105,1.0351297146923724,0.7388888888888889,0.17546723829443947,0.124074074074074,2,54.5,45,64
g1pre,LM,visual_direction,time_resolved_trial_response,signal,balanced_accuracy,42,1.7467813935433782,1.0351297146923724,0.7361111111111112,0.1217795012043499,0.08611111111111114,2,54.5,45,64
g1pre,LM,visual_direction,time_resolved_trial_response,signal,balanced_accuracy,43,1.8114770007116516,1.0351297146923724,0.7240740740740741,0.14927809825049335,0.10555555555555554,2,54.5,45,64
g1pre,LM,visual_direction,time_resolved_trial_response,signal,balanced_accuracy,44,1.8761726078799248,1.0351297146923724,0.7268518518518519,0.16630103927905826,0.1175925925925925,2,54.5,45,64
g1pre,LM,visual_direction,time_resolved_trial_response,signal,balanced_accuracy,45,1.9408682150481982,1.0351297146923724,0.712962962962963,0.14404027024170415,0.10185185185185186,2,54.5,45,64
g1pre,LM,visual_direction,time_resolved_trial_response,signal,balanced_accuracy,46,2.0055638222164713,1.0351297146923724,0.6962962962962964,0.15975375426807184,0.11296296296296296,2,54.5,45,64
g1pre,V1,auditory_direction,time_resolved_trial_response,signal,balanced_accuracy,0,-0.9704341075240991,1.0351297146923724,0.5048148148148147,0.022322305489339483,0.009982838497735957,5,269.6,146,397
g1pre,V1,auditory_direction,time_resolved_trial_response,signal,balanced_accuracy,1,-0.9057385003558258,1.0351297146923724,0.5014814814814815,0.0198761597999982,0.00888888888888892,5,269.6,146,397
g1pre,V1,auditory_direction,time_resolved_trial_response,signal,balanced_accuracy,2,-0.8410428931875525,1.0351297146923724,0.4837037037037037,0.025972180959893267,0.011615112430049418,5,269.6,146,397
g1pre,V1,auditory_direction,time_resolved_trial_response,signal,balanced_accuracy,3,-0.7763472860192793,1.0351297146923724,0.49037037037037035,0.04714772627898896,0.021085104188874507,5,269.6,146,397
g1pre,V1,auditory_direction,time_resolved_trial_response,signal,balanced_accuracy,4,-0.711651678851006,1.0351297146923724,0.5081481481481481,0.02373695584320644,0.010615489368864087,5,269.6,146,397
g1pre,V1,auditory_direction,time_resolved_trial_response,signal,balanced_accuracy,5,-0.6469560716827327,1.0351297146923724,0.5044444444444445,0.03203757224986464,0.014327637876951644,5,269.6,146,397
g1pre,V1,auditory_direction,time_resolved_trial_response,signal,balanced_accuracy,6,-0.5822604645144595,1.0351297146923724,0.5218518518518518,0.02623493100692798,0.011732617823301594,5,269.6,146,397
g1pre,V1,auditory_direction,time_resolved_trial_response,signal,balanced_accuracy,7,-0.5175648573461862,1.0351297146923724,0.5003703703703704,0.024616398562529434,0.011008788109408784,5,269.6,146,397
g1pre,V1,auditory_direction,time_resolved_trial_response,signal,balanced_accuracy,8,-0.4528692501779129,1.0351297146923724,0.5081481481481481,0.030163022993464246,0.01348931396405505,5,269.6,146,397
g1pre,V1,auditory_direction,time_resolved_trial_response,signal,balanced_accuracy,9,-0.38817364300963964,1.0351297146923724,0.5048148148148148,0.018592445034090573,0.008314794192830982,5,269.6,146,397
g1pre,V1,auditory_direction,time_resolved_trial_response,signal,balanced_accuracy,10,-0.32347803584136636,1.0351297146923724,0.4918518518518519,0.01547155449941144,0.006919089515655341,5,269.6,146,397
g1pre,V1,auditory_direction,time_resolved_trial_response,signal,balanced_accuracy,11,-0.2587824286730931,1.0351297146923724,0.5007407407407408,0.04541003557133437,0.02030798527963743,5,269.6,146,397
g1pre,V1,auditory_direction,time_resolved_trial_response,signal,balanced_accuracy,12,-0.19408682150481982,1.0351297146923724,0.48629629629629634,0.019624387839613264,0.0087762930452391,5,269.6,146,397
g1pre,V1,auditory_direction,time_resolved_trial_response,signal,balanced_accuracy,13,-0.12939121433654655,1.0351297146923724,0.4981481481481481,0.02283116297395917,0.010210406483029793,5,269.6,146,397
g1pre,V1,auditory_direction,time_resolved_trial_response,signal,balanced_accuracy,14,-0.06469560716827327,1.0351297146923724,0.4974074074074074,0.008135512087588411,0.003638311611923782,5,269.6,146,397
g1pre,V1,auditory_direction,time_resolved_trial_response,signal,balanced_accuracy,15,0.0,1.0351297146923724,0.5070370370370371,0.019919247125222007,0.008908158126522734,5,269.6,146,397
g1pre,V1,auditory_direction,time_resolved_trial_response,signal,balanced_accuracy,16,0.06469560716827327,1.0351297146923724,0.5155555555555555,0.02239898831734607,0.01001713210096189,5,269.6,146,397
g1pre,V1,auditory_direction,time_resolved_trial_response,signal,balanced_accuracy,17,0.12939121433654655,1.0351297146923724,0.4892592592592592,0.028550967590310075,0.012768380871065339,5,269.6,146,397
g1pre,V1,auditory_direction,time_resolved_trial_response,signal,balanced_accuracy,18,0.19408682150481982,1.0351297146923724,0.49962962962962953,0.04460618717348951,0.019948493347400353,5,269.6,146,397
g1pre,V1,auditory_direction,time_resolved_trial_response,signal,balanced_accuracy,19,0.2587824286730931,1.0351297146923724,0.4844444444444444,0.02607759866750344,0.011662256662099125,5,269.6,146,397
g1pre,V1,auditory_direction,time_resolved_trial_response,signal,balanced_accuracy,20,0.32347803584136636,1.0351297146923724,0.5251851851851852,0.03644433152647369,0.016298400537546765,5,269.6,146,397
g1pre,V1,auditory_direction,time_resolved_trial_response,signal,balanced_accuracy,21,0.38817364300963964,1.0351297146923724,0.5277777777777778,0.05710794053744174,0.02553944741934712,5,269.6,146,397
g1pre,V1,auditory_direction,time_resolved_trial_response,signal,balanced_accuracy,22,0.4528692501779129,1.0351297146923724,0.5511111111111111,0.057595272058665235,0.025757388701153943,5,269.6,146,397
g1pre,V1,auditory_direction,time_resolved_trial_response,signal,balanced_accuracy,23,0.5175648573461862,1.0351297146923724,0.5270370370370371,0.042785392940913464,0.019134209411984432,5,269.6,146,397
g1pre,V1,auditory_direction,time_resolved_trial_response,signal,balanced_accuracy,24,0.5822604645144595,1.0351297146923724,0.5307407407407407,0.04310481053615736,0.019277057303219405,5,269.6,146,397
g1pre,V1,auditory_direction,time_resolved_trial_response,signal,balanced_accuracy,25,0.6469560716827327,1.0351297146923724,0.5366666666666667,0.04924672633657678,0.02202380555158297,5,269.6,146,397
g1pre,V1,auditory_direction,time_resolved_trial_response,signal,balanced_accuracy,26,0.711651678851006,1.0351297146923724,0.5396296296296297,0.041791992590911396,0.01868994726968909,5,269.6,146,397
g1pre,V1,auditory_direction,time_resolved_trial_response,signal,balanced_accuracy,27,0.7763472860192793,1.0351297146923724,0.54,0.04808756872745771,0.0215054145094577,5,269.6,146,397
g1pre,V1,auditory_direction,time_resolved_trial_response,signal,balanced_accuracy,28,0.8410428931875525,1.0351297146923724,0.5162962962962963,0.05391720014873998,0.024112504937808872,5,269.6,146,397
g1pre,V1,auditory_direction,time_resolved_trial_response,signal,balanced_accuracy,29,0.9057385003558258,1.0351297146923724,0.5666666666666667,0.05621521939503904,0.02514021038747438,5,269.6,146,397
g1pre,V1,auditory_direction,time_resolved_trial_response,signal,balanced_accuracy,30,0.9704341075240991,1.0351297146923724,0.5414814814814815,0.037829485310373084,0.01691786014156479,5,269.6,146,397
g1pre,V1,auditory_direction,time_resolved_trial_response,signal,balanced_accuracy,31,1.0351297146923724,1.0351297146923724,0.5462962962962964,0.06357275516211802,0.028430600411889315,5,269.6,146,397
g1pre,V1,auditory_direction,time_resolved_trial_response,signal,balanced_accuracy,32,1.0998253218606455,1.0351297146923724,0.5314814814814814,0.046866854573495445,0.020959494543586542,5,269.6,146,397
g1pre,V1,auditory_direction,time_resolved_trial_response,signal,balanced_accuracy,33,1.164520929028919,1.0351297146923724,0.5366666666666667,0.035219281724825434,0.015750541611085144,5,269.6,146,397
g1pre,V1,auditory_direction,time_resolved_trial_response,signal,balanced_accuracy,34,1.229216536197192,1.0351297146923724,0.538888888888889,0.041096927816985485,0.018379104853036315,5,269.6,146,397
g1pre,V1,auditory_direction,time_resolved_trial_response,signal,balanced_accuracy,35,1.2939121433654655,1.0351297146923724,0.5288888888888887,0.04656588176237265,0.02082489541057659,5,269.6,146,397
g1pre,V1,auditory_direction,time_resolved_trial_response,signal,balanced_accuracy,36,1.3586077505337386,1.0351297146923724,0.5014814814814815,0.06288666400985245,0.028123771120843914,5,269.6,146,397
g1pre,V1,auditory_direction,time_resolved_trial_response,signal,balanced_accuracy,37,1.423303357702012,1.0351297146923724,0.5288888888888889,0.03625564617113721,0.016214017881368555,5,269.6,146,397
g1pre,V1,auditory_direction,time_resolved_trial_response,signal,balanced_accuracy,38,1.4879989648702852,1.0351297146923724,0.5392592592592592,0.027666443551086124,0.01237280969517785,5,269.6,146,397
g1pre,V1,auditory_direction,time_resolved_trial_response,signal,balanced_accuracy,39,1.5526945720385585,1.0351297146923724,0.5214814814814815,0.032542048350353736,0.014553246447695168,5,269.6,146,397
g1pre,V1,auditory_direction,time_resolved_trial_response,signal,balanced_accuracy,40,1.6173901792068317,1.0351297146923724,0.5148148148148148,0.029773954057062096,0.0133153170461093,5,269.6,146,397
g1pre,V1,auditory_direction,time_resolved_trial_response,signal,balanced_accuracy,41,1.682085786375105,1.0351297146923724,0.5362962962962963,0.035053359286329674,0.015676338840791334,5,269.6,146,397
g1pre,V1,auditory_direction,time_resolved_trial_response,signal,balanced_accuracy,42,1.7467813935433782,1.0351297146923724,0.5314814814814814,0.025726748128610793,0.011505351531117848,5,269.6,146,397
g1pre,V1,auditory_direction,time_resolved_trial_response,signal,balanced_accuracy,43,1.8114770007116516,1.0351297146923724,0.5233333333333332,0.052289817036459886,0.023384717084910182,5,269.6,146,397
g1pre,V1,auditory_direction,time_resolved_trial_response,signal,balanced_accuracy,44,1.8761726078799248,1.0351297146923724,0.5033333333333333,0.02879019227910377,0.012875365404273125,5,269.6,146,397
g1pre,V1,auditory_direction,time_resolved_trial_response,signal,balanced_accuracy,45,1.9408682150481982,1.0351297146923724,0.5296296296296297,0.03294527199010594,0.014733573541419333,5,269.6,146,397
g1pre,V1,auditory_direction,time_resolved_trial_response,signal,balanced_accuracy,46,2.0055638222164713,1.0351297146923724,0.5092592592592593,0.03934912844606629,0.017597465212154977,5,269.6,146,397
g1pre,V1,congruency,time_resolved_trial_response,signal,balanced_accuracy,0,-0.9704341075240991,1.0351297146923724,0.48388888888888887,0.028894230275435223,0.012921892610681126,5,269.6,146,397
g1pre,V1,congruency,time_resolved_trial_response,signal,balanced_accuracy,1,-0.9057385003558258,1.0351297146923724,0.48611111111111105,0.02248113063366477,0.01005386726158547,5,269.6,146,397
g1pre,V1,congruency,time_resolved_trial_response,signal,balanced_accuracy,2,-0.8410428931875525,1.0351297146923724,0.5227777777777778,0.01201208239468869,0.0053719665571704735,5,269.6,146,397
g1pre,V1,congruency,time_resolved_trial_response,signal,balanced_accuracy,3,-0.7763472860192793,1.0351297146923724,0.5088888888888888,0.04371802182279941,0.01955129372751975,5,269.6,146,397
g1pre,V1,congruency,time_resolved_trial_response,signal,balanced_accuracy,4,-0.711651678851006,1.0351297146923724,0.5055555555555555,0.012880025688188485,0.0057601225981465925,5,269.6,146,397
g1pre,V1,congruency,time_resolved_trial_response,signal,balanced_accuracy,5,-0.6469560716827327,1.0351297146923724,0.5127777777777778,0.06059122293118281,0.027097218662793767,5,269.6,146,397
g1pre,V1,congruency,time_resolved_trial_response,signal,balanced_accuracy,6,-0.5822604645144595,1.0351297146923724,0.5188888888888888,0.03890872509976249,0.017400510848184243,5,269.6,146,397
g1pre,V1,congruency,time_resolved_trial_response,signal,balanced_accuracy,7,-0.5175648573461862,1.0351297146923724,0.5183333333333333,0.018278537640402385,0.008174410538645668,5,269.6,146,397
g1pre,V1,congruency,time_resolved_trial_response,signal,balanced_accuracy,8,-0.4528692501779129,1.0351297146923724,0.5144444444444445,0.054905924032176735,0.024554675700677306,5,269.6,146,397
g1pre,V1,congruency,time_resolved_trial_response,signal,balanced_accuracy,9,-0.38817364300963964,1.0351297146923724,0.5016666666666667,0.04132265393697583,0.018480052642755453,5,269.6,146,397
g1pre,V1,congruency,time_resolved_trial_response,signal,balanced_accuracy,10,-0.32347803584136636,1.0351297146923724,0.475,0.01853008897795325,0.008286907716764614,5,269.6,146,397
g1pre,V1,congruency,time_resolved_trial_response,signal,balanced_accuracy,11,-0.2587824286730931,1.0351297146923724,0.49111111111111116,0.048048329578754795,0.021487866228681908,5,269.6,146,397
g1pre,V1,congruency,time_resolved_trial_response,signal,balanced_accuracy,12,-0.19408682150481982,1.0351297146923724,0.49833333333333335,0.0196025319604192,0.008766518798921909,5,269.6,146,397
g1pre,V1,congruency,time_resolved_trial_response,signal,balanced_accuracy,13,-0.12939121433654655,1.0351297146923724,0.5,0.029199716724484192,0.013058510303936831,5,269.6,146,397
g1pre,V1,congruency,time_resolved_trial_response,signal,balanced_accuracy,14,-0.06469560716827327,1.0351297146923724,0.5072222222222222,0.03342579768109187,0.014948471163415251,5,269.6,146,397
g1pre,V1,congruency,time_resolved_trial_response,signal,balanced_accuracy,15,0.0,1.0351297146923724,0.5183333333333333,0.03354101966249682,0.014999999999999989,5,269.6,146,397
g1pre,V1,congruency,time_resolved_trial_response,signal,balanced_accuracy,16,0.06469560716827327,1.0351297146923724,0.48722222222222217,0.04206293051437085,0.01881111439259668,5,269.6,146,397
g1pre,V1,congruency,time_resolved_trial_response,signal,balanced_accuracy,17,0.12939121433654655,1.0351297146923724,0.4961111111111111,0.03456073558887954,0.015456030825826176,5,269.6,146,397
g1pre,V1,congruency,time_resolved_trial_response,signal,balanced_accuracy,18,0.19408682150481982,1.0351297146923724,0.5294444444444444,0.014245423783286821,0.006370747189544312,5,269.6,146,397
g1pre,V1,congruency,time_resolved_trial_response,signal,balanced_accuracy,19,0.2587824286730931,1.0351297146923724,0.5066666666666667,0.026974496414022685,0.012063361528115808,5,269.6,146,397
g1pre,V1,congruency,time_resolved_trial_response,signal,balanced_accuracy,20,0.32347803584136636,1.0351297146923724,0.5205555555555555,0.03811734642869875,0.01704659554729585,5,269.6,146,397
g1pre,V1,congruency,time_resolved_trial_response,signal,balanced_accuracy,21,0.38817364300963964,1.0351297146923724,0.49611111111111106,0.0369872350352869,0.01654119436773267,5,269.6,146,397
g1pre,V1,congruency,time_resolved_trial_response,signal,balanced_accuracy,22,0.4528692501779129,1.0351297146923724,0.4811111111111111,0.04173143114822464,0.018662863369156478,5,269.6,146,397
g1pre,V1,congruency,time_resolved_trial_response,signal,balanced_accuracy,23,0.5175648573461862,1.0351297146923724,0.5050000000000001,0.03526793388467527,0.015772299518420428,5,269.6,146,397
g1pre,V1,congruency,time_resolved_trial_response,signal,balanced_accuracy,24,0.5822604645144595,1.0351297146923724,0.4688888888888889,0.03409998008760868,0.015249974701456448,5,269.6,146,397
g1pre,V1,congruency,time_resolved_trial_response,signal,balanced_accuracy,25,0.6469560716827327,1.0351297146923724,0.5122222222222222,0.027329719724997467,0.012222222222222238,5,269.6,146,397
g1pre,V1,congruency,time_resolved_trial_response,signal,balanced_accuracy,26,0.711651678851006,1.0351297146923724,0.5083333333333334,0.05015408357018832,0.02242958804242929,5,269.6,146,397
g1pre,V1,congruency,time_resolved_trial_response,signal,balanced_accuracy,27,0.7763472860192793,1.0351297146923724,0.513888888888889,0.02230885889473478,0.00997682499781556,5,269.6,146,397
g1pre,V1,congruency,time_resolved_trial_response,signal,balanced_accuracy,28,0.8410428931875525,1.0351297146923724,0.5255555555555557,0.034661057238475734,0.015500896031448575,5,269.6,146,397
g1pre,V1,congruency,time_resolved_trial_response,signal,balanced_accuracy,29,0.9057385003558258,1.0351297146923724,0.49333333333333335,0.028907579423883792,0.012927862531355673,5,269.6,146,397
g1pre,V1,congruency,time_resolved_trial_response,signal,balanced_accuracy,30,0.9704341075240991,1.0351297146923724,0.49777777777777776,0.045533531261432,0.02036321423123474,5,269.6,146,397
g1pre,V1,congruency,time_resolved_trial_response,signal,balanced_accuracy,31,1.0351297146923724,1.0351297146923724,0.5155555555555555,0.03182950335695825,0.01423458663924328,5,269.6,146,397
g1pre,V1,congruency,time_resolved_trial_response,signal,balanced_accuracy,32,1.0998253218606455,1.0351297146923724,0.5044444444444445,0.029827177101213586,0.01333911911504774,5,269.6,146,397
g1pre,V1,congruency,time_resolved_trial_response,signal,balanced_accuracy,33,1.164520929028919,1.0351297146923724,0.49111111111111116,0.041313316539062686,0.018475876831462103,5,269.6,146,397
g1pre,V1,congruency,time_resolved_trial_response,signal,balanced_accuracy,34,1.229216536197192,1.0351297146923724,0.49944444444444447,0.020355634400623664,0.00910331644898554,5,269.6,146,397
g1pre,V1,congruency,time_resolved_trial_response,signal,balanced_accuracy,35,1.2939121433654655,1.0351297146923724,0.5105555555555555,0.034882961279890275,0.015600134535665545,5,269.6,146,397
g1pre,V1,congruency,time_resolved_trial_response,signal,balanced_accuracy,36,1.3586077505337386,1.0351297146923724,0.4994444444444445,0.042282486232189685,0.01890930269457502,5,269.6,146,397
g1pre,V1,congruency,time_resolved_trial_response,signal,balanced_accuracy,37,1.423303357702012,1.0351297146923724,0.48722222222222217,0.03405469456950424,0.015229722402080882,5,269.6,146,397
g1pre,V1,congruency,time_resolved_trial_response,signal,balanced_accuracy,38,1.4879989648702852,1.0351297146923724,0.5005555555555555,0.025939150066508317,0.011600340565456157,5,269.6,146,397
g1pre,V1,congruency,time_resolved_trial_response,signal,balanced_accuracy,39,1.5526945720385585,1.0351297146923724,0.5183333333333333,0.024579802006254394,0.010992421631894107,5,269.6,146,397
g1pre,V1,congruency,time_resolved_trial_response,signal,balanced_accuracy,40,1.6173901792068317,1.0351297146923724,0.5177777777777777,0.04955823360974965,0.022163115839243002,5,269.6,146,397
g1pre,V1,congruency,time_resolved_trial_response,signal,balanced_accuracy,41,1.682085786375105,1.0351297146923724,0.49833333333333335,0.028504385627478448,0.01274754878398196,5,269.6,146,397
g1pre,V1,congruency,time_resolved_trial_response,signal,balanced_accuracy,42,1.7467813935433782,1.0351297146923724,0.5061111111111112,0.028150280133685004,0.012589187992916306,5,269.6,146,397
g1pre,V1,congruency,time_resolved_trial_response,signal,balanced_accuracy,43,1.8114770007116516,1.0351297146923724,0.4916666666666667,0.040301717023741454,0.01802347577500928,5,269.6,146,397
g1pre,V1,congruency,time_resolved_trial_response,signal,balanced_accuracy,44,1.8761726078799248,1.0351297146923724,0.4855555555555555,0.05834655934718277,0.026093374590705286,5,269.6,146,397
g1pre,V1,congruency,time_resolved_trial_response,signal,balanced_accuracy,45,1.9408682150481982,1.0351297146923724,0.4961111111111111,0.03053029258674245,0.013653561919382802,5,269.6,146,397
g1pre,V1,congruency,time_resolved_trial_response,signal,balanced_accuracy,46,2.0055638222164713,1.0351297146923724,0.48611111111111105,0.04044505494044734,0.01808757844011079,5,269.6,146,397
g1pre,V1,modality,time_resolved_trial_response,signal,balanced_accuracy,0,-0.9704341075240991,1.0351297146923724,0.34055555555555556,0.024518686359501624,0.010965089883768495,5,269.6,146,397
g1pre,V1,modality,time_resolved_trial_response,signal,balanced_accuracy,1,-0.9057385003558258,1.0351297146923724,0.3340740740740741,0.017065696506633313,0.007632011494442556,5,269.6,146,397
g1pre,V1,modality,time_resolved_trial_response,signal,balanced_accuracy,2,-0.8410428931875525,1.0351297146923724,0.33851851851851855,0.021079817612171488,0.00942718102682255,5,269.6,146,397
g1pre,V1,modality,time_resolved_trial_response,signal,balanced_accuracy,3,-0.7763472860192793,1.0351297146923724,0.3387037037037037,0.02857948029796043,0.012781132141571094,5,269.6,146,397
g1pre,V1,modality,time_resolved_trial_response,signal,balanced_accuracy,4,-0.711651678851006,1.0351297146923724,0.332037037037037,0.011351564856501432,0.00507657413402697,5,269.6,146,397
g1pre,V1,modality,time_resolved_trial_response,signal,balanced_accuracy,5,-0.6469560716827327,1.0351297146923724,0.33037037037037037,0.0221197482975333,0.009892252167693941,5,269.6,146,397
g1pre,V1,modality,time_resolved_trial_response,signal,balanced_accuracy,6,-0.5822604645144595,1.0351297146923724,0.32518518518518513,0.03785780376485793,0.01693052453941396,5,269.6,146,397
g1pre,V1,modality,time_resolved_trial_response,signal,balanced_accuracy,7,-0.5175648573461862,1.0351297146923724,0.3301851851851852,0.02116100342241879,0.009463488424926822,5,269.6,146,397
g1pre,V1,modality,time_resolved_trial_response,signal,balanced_accuracy,8,-0.4528692501779129,1.0351297146923724,0.3440740740740741,0.024746658751063032,0.011067042236673397,5,269.6,146,397
g1pre,V1,modality,time_resolved_trial_response,signal,balanced_accuracy,9,-0.38817364300963964,1.0351297146923724,0.3438888888888889,0.012012082394688666,0.005371966557170463,5,269.6,146,397
g1pre,V1,modality,time_resolved_trial_response,signal,balanced_accuracy,10,-0.32347803584136636,1.0351297146923724,0.3346296296296296,0.025723415432421036,0.011503861104072116,5,269.6,146,397
g1pre,V1,modality,time_resolved_trial_response,signal,balanced_accuracy,11,-0.2587824286730931,1.0351297146923724,0.32703703703703707,0.009451703818648034,0.0042269304483382696,5,269.6,146,397
g1pre,V1,modality,time_resolved_trial_response,signal,balanced_accuracy,12,-0.19408682150481982,1.0351297146923724,0.3440740740740741,0.006197481678030224,0.002771598064277009,5,269.6,146,397
g1pre,V1,modality,time_resolved_trial_response,signal,balanced_accuracy,13,-0.12939121433654655,1.0351297146923724,0.33092592592592596,0.022266545304122077,0.009957901784819138,5,269.6,146,397
g1pre,V1,modality,time_resolved_trial_response,signal,balanced_accuracy,14,-0.06469560716827327,1.0351297146923724,0.332037037037037,0.023292144716340918,0.01041656378550017,5,269.6,146,397
g1pre,V1,modality,time_resolved_trial_response,signal,balanced_accuracy,15,0.0,1.0351297146923724,0.3340740740740741,0.010172551086646164,0.004549303146866036,5,269.6,146,397
g1pre,V1,modality,time_resolved_trial_response,signal,balanced_accuracy,16,0.06469560716827327,1.0351297146923724,0.33685185185185185,0.02131038181529967,0.009530292473097087,5,269.6,146,397
g1pre,V1,modality,time_resolved_trial_response,signal,balanced_accuracy,17,0.12939121433654655,1.0351297146923724,0.3281481481481482,0.024388966225024317,0.010907077276020161,5,269.6,146,397
g1pre,V1,modality,time_resolved_trial_response,signal,balanced_accuracy,18,0.19408682150481982,1.0351297146923724,0.3781481481481482,0.03713874922640113,0.016608953573910134,5,269.6,146,397
g1pre,V1,modality,time_resolved_trial_response,signal,balanced_accuracy,19,0.2587824286730931,1.0351297146923724,0.47444444444444445,0.07496455495308516,0.0335251681556234,5,269.6,146,397
g1pre,V1,modality,time_resolved_trial_response,signal,balanced_accuracy,20,0.32347803584136636,1.0351297146923724,0.4961111111111111,0.11731412055101652,0.052464469654535606,5,269.6,146,397
g1pre,V1,modality,time_resolved_trial_response,signal,balanced_accuracy,21,0.38817364300963964,1.0351297146923724,0.5325925925925926,0.13870110762541074,0.06202902104098658,5,269.6,146,397
g1pre,V1,modality,time_resolved_trial_response,signal,balanced_accuracy,22,0.4528692501779129,1.0351297146923724,0.5294444444444444,0.15571310363845037,0.06963701694460897,5,269.6,146,397
g1pre,V1,modality,time_resolved_trial_response,signal,balanced_accuracy,23,0.5175648573461862,1.0351297146923724,0.5548148148148149,0.1784821597367851,0.0798196483884855,5,269.6,146,397
g1pre,V1,modality,time_resolved_trial_response,signal,balanced_accuracy,24,0.5822604645144595,1.0351297146923724,0.5561111111111112,0.17828775233802477,0.07973270675669408,5,269.6,146,397
g1pre,V1,modality,time_resolved_trial_response,signal,balanced_accuracy,25,0.6469560716827327,1.0351297146923724,0.5588888888888889,0.1572038444086053,0.07030369648438833,5,269.6,146,397
g1pre,V1,modality,time_resolved_trial_response,signal,balanced_accuracy,26,0.711651678851006,1.0351297146923724,0.5688888888888889,0.17749374493895675,0.0793776158529033,5,269.6,146,397
g1pre,V1,modality,time_resolved_trial_response,signal,balanced_accuracy,27,0.7763472860192793,1.0351297146923724,0.5846296296296296,0.1820470213154329,0.08141390295253223,5,269.6,146,397
g1pre,V1,modality,time_resolved_trial_response,signal,balanced_accuracy,28,0.8410428931875525,1.0351297146923724,0.5885185185185186,0.17709601140769873,0.07919974401033852,5,269.6,146,397
g1pre,V1,modality,time_resolved_trial_response,signal,balanced_accuracy,29,0.9057385003558258,1.0351297146923724,0.5857407407407408,0.17999033086360383,0.08049412302073933,5,269.6,146,397
g1pre,V1,modality,time_resolved_trial_response,signal,balanced_accuracy,30,0.9704341075240991,1.0351297146923724,0.5901851851851851,0.19461588561966908,0.08703486994938077,5,269.6,146,397
g1pre,V1,modality,time_resolved_trial_response,signal,balanced_accuracy,31,1.0351297146923724,1.0351297146923724,0.5992592592592593,0.19128316436945883,0.08554443169627512,5,269.6,146,397
g1pre,V1,modality,time_resolved_trial_response,signal,balanced_accuracy,32,1.0998253218606455,1.0351297146923724,0.5951851851851852,0.1803398521600035,0.08065043369640602,5,269.6,146,397
g1pre,V1,modality,time_resolved_trial_response,signal,balanced_accuracy,33,1.164520929028919,1.0351297146923724,0.5862962962962962,0.1932740348254853,0.08643477603108936,5,269.6,146,397
g1pre,V1,modality,time_resolved_trial_response,signal,balanced_accuracy,34,1.229216536197192,1.0351297146923724,0.5892592592592593,0.18382789634125457,0.08221033447596601,5,269.6,146,397
g1pre,V1,modality,time_resolved_trial_response,signal,balanced_accuracy,35,1.2939121433654655,1.0351297146923724,0.6038888888888889,0.18470237988667737,0.0826014154065201,5,269.6,146,397
g1pre,V1,modality,time_resolved_trial_response,signal,balanced_accuracy,36,1.3586077505337386,1.0351297146923724,0.5911111111111111,0.17790625180337824,0.07956209453090965,5,269.6,146,397
g1pre,V1,modality,time_resolved_trial_response,signal,balanced_accuracy,37,1.423303357702012,1.0351297146923724,0.5925925925925926,0.16179876661431924,0.07235860816504827,5,269.6,146,397
g1pre,V1,modality,time_resolved_trial_response,signal,balanced_accuracy,38,1.4879989648702852,1.0351297146923724,0.5894444444444444,0.1710791917478814,0.07650894045679676,5,269.6,146,397
g1pre,V1,modality,time_resolved_trial_response,signal,balanced_accuracy,39,1.5526945720385585,1.0351297146923724,0.5846296296296296,0.1807911568269623,0.08085226327918257,5,269.6,146,397
g1pre,V1,modality,time_resolved_trial_response,signal,balanced_accuracy,40,1.6173901792068317,1.0351297146923724,0.5755555555555556,0.16631083414141148,0.07437646610697779,5,269.6,146,397
g1pre,V1,modality,time_resolved_trial_response,signal,balanced_accuracy,41,1.682085786375105,1.0351297146923724,0.5814814814814815,0.1767391050341868,0.0790401306277834,5,269.6,146,397
g1pre,V1,modality,time_resolved_trial_response,signal,balanced_accuracy,42,1.7467813935433782,1.0351297146923724,0.5698148148148148,0.17841273567882013,0.07978860100590877,5,269.6,146,397
g1pre,V1,modality,time_resolved_trial_response,signal,balanced_accuracy,43,1.8114770007116516,1.0351297146923724,0.5733333333333333,0.16546428422859477,0.07399787747669685,5,269.6,146,397
g1pre,V1,modality,time_resolved_trial_response,signal,balanced_accuracy,44,1.8761726078799248,1.0351297146923724,0.5664814814814815,0.16793039416362548,0.07510075536764012,5,269.6,146,397
g1pre,V1,modality,time_resolved_trial_response,signal,balanced_accuracy,45,1.9408682150481982,1.0351297146923724,0.577962962962963,0.1575916677519975,0.07047713635620557,5,269.6,146,397
g1pre,V1,modality,time_resolved_trial_response,signal,balanced_accuracy,46,2.0055638222164713,1.0351297146923724,0.5659259259259259,0.15819844806822037,0.07074849676310221,5,269.6,146,397
g1pre,V1,trial_type,time_resolved_trial_response,signal,balanced_accuracy,0,-0.9704341075240991,1.0351297146923724,0.1275,0.015999373058704677,0.007155137151328479,5,269.6,146,397
g1pre,V1,trial_type,time_resolved_trial_response,signal,balanced_accuracy,1,-0.9057385003558258,1.0351297146923724,0.1286111111111111,0.005776842873079292,0.0025834826719080975,5,269.6,146,397
g1pre,V1,trial_type,time_resolved_trial_response,signal,balanced_accuracy,2,-0.8410428931875525,1.0351297146923724,0.12,0.014848774734337883,0.006640573937712177,5,269.6,146,397
g1pre,V1,trial_type,time_resolved_trial_response,signal,balanced_accuracy,3,-0.7763472860192793,1.0351297146923724,0.12472222222222222,0.009491305312927726,0.004244640774982262,5,269.6,146,397
g1pre,V1,trial_type,time_resolved_trial_response,signal,balanced_accuracy,4,-0.711651678851006,1.0351297146923724,0.12944444444444442,0.020208214012629778,0.009037388047220795,5,269.6,146,397
g1pre,V1,trial_type,time_resolved_trial_response,signal,balanced_accuracy,5,-0.6469560716827327,1.0351297146923724,0.13777777777777778,0.006617294027539781,0.0029593438545364634,5,269.6,146,397
g1pre,V1,trial_type,time_resolved_trial_response,signal,balanced_accuracy,6,-0.5822604645144595,1.0351297146923724,0.1375,0.022990201885065054,0.010281530846289853,5,269.6,146,397
g1pre,V1,trial_type,time_resolved_trial_response,signal,balanced_accuracy,7,-0.5175648573461862,1.0351297146923724,0.1311111111111111,0.007388575599039115,0.0033042714592695383,5,269.6,146,397
g1pre,V1,trial_type,time_resolved_trial_response,signal,balanced_accuracy,8,-0.4528692501779129,1.0351297146923724,0.1386111111111111,0.013798315785577551,0.0061707944143119635,5,269.6,146,397
g1pre,V1,trial_type,time_resolved_trial_response,signal,balanced_accuracy,9,-0.38817364300963964,1.0351297146923724,0.13444444444444445,0.02457980200625437,0.010992421631894097,5,269.6,146,397
g1pre,V1,trial_type,time_resolved_trial_response,signal,balanced_accuracy,10,-0.32347803584136636,1.0351297146923724,0.12805555555555553,0.004949591578112617,0.0022135246459040548,5,269.6,146,397
g1pre,V1,trial_type,time_resolved_trial_response,signal,balanced_accuracy,11,-0.2587824286730931,1.0351297146923724,0.12083333333333332,0.005468061023619313,0.002445391230785973,5,269.6,146,397
g1pre,V1,trial_type,time_resolved_trial_response,signal,balanced_accuracy,12,-0.19408682150481982,1.0351297146923724,0.13111111111111112,0.013088021099321943,0.005853140973807078,5,269.6,146,397
g1pre,V1,trial_type,time_resolved_trial_response,signal,balanced_accuracy,13,-0.12939121433654655,1.0351297146923724,0.12944444444444442,0.011085038855130512,0.004957380082659653,5,269.6,146,397
g1pre,V1,trial_type,time_resolved_trial_response,signal,balanced_accuracy,14,-0.06469560716827327,1.0351297146923724,0.1325,0.01341554515671472,0.005999614185126436,5,269.6,146,397
g1pre,V1,trial_type,time_resolved_trial_response,signal,balanced_accuracy,15,0.0,1.0351297146923724,0.13527777777777777,0.005252130666996961,0.002348824239623303,5,269.6,146,397
g1pre,V1,trial_type,time_resolved_trial_response,signal,balanced_accuracy,16,0.06469560716827327,1.0351297146923724,0.12194444444444445,0.010082606340489757,0.004509078633541098,5,269.6,146,397
g1pre,V1,trial_type,time_resolved_trial_response,signal,balanced_accuracy,17,0.12939121433654655,1.0351297146923724,0.12083333333333332,0.014764091406575915,0.0066027024022248465,5,269.6,146,397
g1pre,V1,trial_type,time_resolved_trial_response,signal,balanced_accuracy,18,0.19408682150481982,1.0351297146923724,0.13611111111111113,0.019344983718311264,0.008651339723554126,5,269.6,146,397
g1pre,V1,trial_type,time_resolved_trial_response,signal,balanced_accuracy,19,0.2587824286730931,1.0351297146923724,0.20055555555555554,0.060688246568878036,0.027140608952655933,5,269.6,146,397
g1pre,V1,trial_type,time_resolved_trial_response,signal,balanced_accuracy,20,0.32347803584136636,1.0351297146923724,0.23027777777777775,0.09635225848961393,0.043090039953681596,5,269.6,146,397
g1pre,V1,trial_type,time_resolved_trial_response,signal,balanced_accuracy,21,0.38817364300963964,1.0351297146923724,0.28027777777777774,0.12113388547337423,0.05417272045942781,5,269.6,146,397
g1pre,V1,trial_type,time_resolved_trial_response,signal,balanced_accuracy,22,0.4528692501779129,1.0351297146923724,0.2977777777777778,0.15639221922643054,0.06994072666846965,5,269.6,146,397
g1pre,V1,trial_type,time_resolved_trial_response,signal,balanced_accuracy,23,0.5175648573461862,1.0351297146923724,0.3136111111111111,0.15544825168079981,0.06951857154835286,5,269.6,146,397
g1pre,V1,trial_type,time_resolved_trial_response,signal,balanced_accuracy,24,0.5822604645144595,1.0351297146923724,0.32138888888888884,0.15140035634447682,0.06770829772078836,5,269.6,146,397
g1pre,V1,trial_type,time_resolved_trial_response,signal,balanced_accuracy,25,0.6469560716827327,1.0351297146923724,0.32222222222222224,0.1490679634128319,0.06666521989170873,5,269.6,146,397
g1pre,V1,trial_type,time_resolved_trial_response,signal,balanced_accuracy,26,0.711651678851006,1.0351297146923724,0.3325,0.15264704002095977,0.06826583161019939,5,269.6,146,397
g1pre,V1,trial_type,time_resolved_trial_response,signal,balanced_accuracy,27,0.7763472860192793,1.0351297146923724,0.3197222222222222,0.16046145358440372,0.07176054359663081,5,269.6,146,397
g1pre,V1,trial_type,time_resolved_trial_response,signal,balanced_accuracy,28,0.8410428931875525,1.0351297146923724,0.3175,0.15572473439127954,0.06964221837540008,5,269.6,146,397
g1pre,V1,trial_type,time_resolved_trial_response,signal,balanced_accuracy,29,0.9057385003558258,1.0351297146923724,0.33361111111111114,0.1548919376393717,0.06926978034565869,5,269.6,146,397
g1pre,V1,trial_type,time_resolved_trial_response,signal,balanced_accuracy,30,0.9704341075240991,1.0351297146923724,0.3277777777777778,0.15155126358373644,0.06777578548984461,5,269.6,146,397
g1pre,V1,trial_type,time_resolved_trial_response,signal,balanced_accuracy,31,1.0351297146923724,1.0351297146923724,0.34194444444444444,0.167447246161033,0.07488468501224209,5,269.6,146,397
g1pre,V1,trial_type,time_resolved_trial_response,signal,balanced_accuracy,32,1.0998253218606455,1.0351297146923724,0.3283333333333333,0.14929941847852152,0.06676872974383247,5,269.6,146,397
g1pre,V1,trial_type,time_resolved_trial_response,signal,balanced_accuracy,33,1.164520929028919,1.0351297146923724,0.33916666666666667,0.16283322908370745,0.07282123384539314,5,269.6,146,397
g1pre,V1,trial_type,time_resolved_trial_response,signal,balanced_accuracy,34,1.229216536197192,1.0351297146923724,0.33222222222222225,0.1555350929001452,0.06955740812229391,5,269.6,146,397
g1pre,V1,trial_type,time_resolved_trial_response,signal,balanced_accuracy,35,1.2939121433654655,1.0351297146923724,0.3336111111111111,0.13291456227290344,0.059441199288368204,5,269.6,146,397
g1pre,V1,trial_type,time_resolved_trial_response,signal,balanced_accuracy,36,1.3586077505337386,1.0351297146923724,0.31861111111111107,0.15109745138424677,0.0675728345044291,5,269.6,146,397
g1pre,V1,trial_type,time_resolved_trial_response,signal,balanced_accuracy,37,1.423303357702012,1.0351297146923724,0.31638888888888894,0.13609835541136792,0.060865034865149,5,269.6,146,397
g1pre,V1,trial_type,time_resolved_trial_response,signal,balanced_accuracy,38,1.4879989648702852,1.0351297146923724,0.3163888888888889,0.14764222061673948,0.06602760832961008,5,269.6,146,397
g1pre,V1,trial_type,time_resolved_trial_response,signal,balanced_accuracy,39,1.5526945720385585,1.0351297146923724,0.3083333333333333,0.12934948233466922,0.05784684707094572,5,269.6,146,397
g1pre,V1,trial_type,time_resolved_trial_response,signal,balanced_accuracy,40,1.6173901792068317,1.0351297146923724,0.3044444444444444,0.1369250042546045,0.061234723466548714,5,269.6,146,397
g1pre,V1,trial_type,time_resolved_trial_response,signal,balanced_accuracy,41,1.682085786375105,1.0351297146923724,0.3,0.12883395021652896,0.057616294098796504,5,269.6,146,397
g1pre,V1,trial_type,time_resolved_trial_response,signal,balanced_accuracy,42,1.7467813935433782,1.0351297146923724,0.29055555555555557,0.11414436116245595,0.05104691016150768,5,269.6,146,397
g1pre,V1,trial_type,time_resolved_trial_response,signal,balanced_accuracy,43,1.8114770007116516,1.0351297146923724,0.28055555555555556,0.11745353034338073,0.05252681560902671,5,269.6,146,397
g1pre,V1,trial_type,time_resolved_trial_response,signal,balanced_accuracy,44,1.8761726078799248,1.0351297146923724,0.26749999999999996,0.11349695432907132,0.0507573810237985,5,269.6,146,397
g1pre,V1,trial_type,time_resolved_trial_response,signal,balanced_accuracy,45,1.9408682150481982,1.0351297146923724,0.2808333333333334,0.11017137323951937,0.0492701359476133,5,269.6,146,397
g1pre,V1,trial_type,time_resolved_trial_response,signal,balanced_accuracy,46,2.0055638222164713,1.0351297146923724,0.25916666666666666,0.11853904263840515,0.05301227146544399,5,269.6,146,397
g1pre,V1,visual_direction,time_resolved_trial_response,signal,balanced_accuracy,0,-0.9704341075240991,1.0351297146923724,0.48888888888888893,0.017470335429734443,0.007812971522121842,5,269.6,146,397
g1pre,V1,visual_direction,time_resolved_trial_response,signal,balanced_accuracy,1,-0.9057385003558258,1.0351297146923724,0.5014814814814815,0.01758771862308706,0.007865466882072335,5,269.6,146,397
g1pre,V1,visual_direction,time_resolved_trial_response,signal,balanced_accuracy,2,-0.8410428931875525,1.0351297146923724,0.5011111111111111,0.012394963356060398,0.005543196128553997,5,269.6,146,397
g1pre,V1,visual_direction,time_resolved_trial_response,signal,balanced_accuracy,3,-0.7763472860192793,1.0351297146923724,0.4885185185185185,0.01245017504738642,0.00556788754754554,5,269.6,146,397
g1pre,V1,visual_direction,time_resolved_trial_response,signal,balanced_accuracy,4,-0.711651678851006,1.0351297146923724,0.48962962962962964,0.04150379690763657,0.018561062241964188,5,269.6,146,397
g1pre,V1,visual_direction,time_resolved_trial_response,signal,balanced_accuracy,5,-0.6469560716827327,1.0351297146923724,0.5018518518518518,0.01804961915705363,0.008072035080630873,5,269.6,146,397
g1pre,V1,visual_direction,time_resolved_trial_response,signal,balanced_accuracy,6,-0.5822604645144595,1.0351297146923724,0.5114814814814814,0.017587718623087036,0.007865466882072323,5,269.6,146,397
g1pre,V1,visual_direction,time_resolved_trial_response,signal,balanced_accuracy,7,-0.5175648573461862,1.0351297146923724,0.5107407407407407,0.02026064725423387,0.00906083690572228,5,269.6,146,397
g1pre,V1,visual_direction,time_resolved_trial_response,signal,balanced_accuracy,8,-0.4528692501779129,1.0351297146923724,0.5170370370370371,0.010908649240757866,0.004878496249007211,5,269.6,146,397
g1pre,V1,visual_direction,time_resolved_trial_response,signal,balanced_accuracy,9,-0.38817364300963964,1.0351297146923724,0.5092592592592593,0.031235421839690716,0.013968905307885995,5,269.6,146,397
g1pre,V1,visual_direction,time_resolved_trial_response,signal,balanced_accuracy,10,-0.32347803584136636,1.0351297146923724,0.47814814814814816,0.03308549842092931,0.014796284707731977,5,269.6,146,397
g1pre,V1,visual_direction,time_resolved_trial_response,signal,balanced_accuracy,11,-0.2587824286730931,1.0351297146923724,0.4959259259259259,0.037983282728113965,0.016986640437731296,5,269.6,146,397
g1pre,V1,visual_direction,time_resolved_trial_response,signal,balanced_accuracy,12,-0.19408682150481982,1.0351297146923724,0.5070370370370371,0.03024250408775606,0.013524858990007563,5,269.6,146,397
g1pre,V1,visual_direction,time_resolved_trial_response,signal,balanced_accuracy,13,-0.12939121433654655,1.0351297146923724,0.48703703703703705,0.04317238232175838,0.019307276324412388,5,269.6,146,397
g1pre,V1,visual_direction,time_resolved_trial_response,signal,balanced_accuracy,14,-0.06469560716827327,1.0351297146923724,0.512962962962963,0.047267588955926754,0.021138708407594107,5,269.6,146,397
g1pre,V1,visual_direction,time_resolved_trial_response,signal,balanced_accuracy,15,0.0,1.0351297146923724,0.49370370370370376,0.00903430438344481,0.004040263746161384,5,269.6,146,397
g1pre,V1,visual_direction,time_resolved_trial_response,signal,balanced_accuracy,16,0.06469560716827327,1.0351297146923724,0.47111111111111115,0.021500630035111115,0.009615374063516428,5,269.6,146,397
g1pre,V1,visual_direction,time_resolved_trial_response,signal,balanced_accuracy,17,0.12939121433654655,1.0351297146923724,0.5107407407407407,0.027511065238598323,0.012303322401387465,5,269.6,146,397
g1pre,V1,visual_direction,time_resolved_trial_response,signal,balanced_accuracy,18,0.19408682150481982,1.0351297146923724,0.5318518518518519,0.031898114551398744,0.014265270498200559,5,269.6,146,397
g1pre,V1,visual_direction,time_resolved_trial_response,signal,balanced_accuracy,19,0.2587824286730931,1.0351297146923724,0.5948148148148148,0.13431607993031353,0.06006797703909525,5,269.6,146,397
g1pre,V1,visual_direction,time_resolved_trial_response,signal,balanced_accuracy,20,0.32347803584136636,1.0351297146923724,0.6418518518518519,0.15712174514800273,0.07026698057886638,5,269.6,146,397
g1pre,V1,visual_direction,time_resolved_trial_response,signal,balanced_accuracy,21,0.38817364300963964,1.0351297146923724,0.7048148148148148,0.1770170839522952,0.07916444657922385,5,269.6,146,397
g1pre,V1,visual_direction,time_resolved_trial_response,signal,balanced_accuracy,22,0.4528692501779129,1.0351297146923724,0.7474074074074073,0.20370622894057677,0.09110019507025292,5,269.6,146,397
g1pre,V1,visual_direction,time_resolved_trial_response,signal,balanced_accuracy,23,0.5175648573461862,1.0351297146923724,0.7833333333333334,0.19311272357223633,0.08636263544552929,5,269.6,146,397
g1pre,V1,visual_direction,time_resolved_trial_response,signal,balanced_accuracy,24,0.5822604645144595,1.0351297146923724,0.7988888888888889,0.17753938491545784,0.07939802667089291,5,269.6,146,397
g1pre,V1,visual_direction,time_resolved_trial_response,signal,balanced_accuracy,25,0.6469560716827327,1.0351297146923724,0.7962962962962963,0.19921399045189958,0.0890912049438883,5,269.6,146,397
g1pre,V1,visual_direction,time_resolved_trial_response,signal,balanced_accuracy,26,0.711651678851006,1.0351297146923724,0.7951851851851852,0.19122825149568257,0.0855198739125544,5,269.6,146,397
g1pre,V1,visual_direction,time_resolved_trial_response,signal,balanced_accuracy,27,0.7763472860192793,1.0351297146923724,0.7655555555555555,0.18789042570426676,0.08402715283922285,5,269.6,146,397
g1pre,V1,visual_direction,time_resolved_trial_response,signal,balanced_accuracy,28,0.8410428931875525,1.0351297146923724,0.7914814814814815,0.18572421550504853,0.0830583941874218,5,269.6,146,397
g1pre,V1,visual_direction,time_resolved_trial_response,signal,balanced_accuracy,29,0.9057385003558258,1.0351297146923724,0.7944444444444444,0.17627159023897532,0.07883105165526744,5,269.6,146,397
g1pre,V1,visual_direction,time_resolved_trial_response,signal,balanced_accuracy,30,0.9704341075240991,1.0351297146923724,0.7766666666666666,0.19197997294956945,0.08585605396676162,5,269.6,146,397
g1pre,V1,visual_direction,time_resolved_trial_response,signal,balanced_accuracy,31,1.0351297146923724,1.0351297146923724,0.7837037037037036,0.17348896938010394,0.07758662577605839,5,269.6,146,397
g1pre,V1,visual_direction,time_resolved_trial_response,signal,balanced_accuracy,32,1.0998253218606455,1.0351297146923724,0.784074074074074,0.1788959817626134,0.08000471522455324,5,269.6,146,397
g1pre,V1,visual_direction,time_resolved_trial_response,signal,balanced_accuracy,33,1.164520929028919,1.0351297146923724,0.7866666666666666,0.18894062472317036,0.08449681611845726,5,269.6,146,397
g1pre,V1,visual_direction,time_resolved_trial_response,signal,balanced_accuracy,34,1.229216536197192,1.0351297146923724,0.8014814814814816,0.17866483937398608,0.07990134520586277,5,269.6,146,397
g1pre,V1,visual_direction,time_resolved_trial_response,signal,balanced_accuracy,35,1.2939121433654655,1.0351297146923724,0.798148148148148,0.15919464666916633,0.07119401032126327,5,269.6,146,397
g1pre,V1,visual_direction,time_resolved_trial_response,signal,balanced_accuracy,36,1.3586077505337386,1.0351297146923724,0.7837037037037037,0.17564011871766375,0.07854864900576586,5,269.6,146,397
g1pre,V1,visual_direction,time_resolved_trial_response,signal,balanced_accuracy,37,1.423303357702012,1.0351297146923724,0.767037037037037,0.17798695255890845,0.07959818500594988,5,269.6,146,397
g1pre,V1,visual_direction,time_resolved_trial_response,signal,balanced_accuracy,38,1.4879989648702852,1.0351297146923724,0.7722222222222223,0.1752961437033242,0.07839481870284092,5,269.6,146,397
g1pre,V1,visual_direction,time_resolved_trial_response,signal,balanced_accuracy,39,1.5526945720385585,1.0351297146923724,0.7566666666666666,0.17013167659190503,0.07608519879710188,5,269.6,146,397
g1pre,V1,visual_direction,time_resolved_trial_response,signal,balanced_accuracy,40,1.6173901792068317,1.0351297146923724,0.7462962962962962,0.16567089362088103,0.07409027600588525,5,269.6,146,397
g1pre,V1,visual_direction,time_resolved_trial_response,signal,balanced_accuracy,41,1.682085786375105,1.0351297146923724,0.7251851851851852,0.18570113310575867,0.08304807142464261,5,269.6,146,397
g1pre,V1,visual_direction,time_resolved_trial_response,signal,balanced_accuracy,42,1.7467813935433782,1.0351297146923724,0.7381481481481481,0.15842048716772134,0.0708477956671316,5,269.6,146,397
g1pre,V1,visual_direction,time_resolved_trial_response,signal,balanced_accuracy,43,1.8114770007116516,1.0351297146923724,0.7062962962962962,0.17278184664336835,0.07727039087450309,5,269.6,146,397
g1pre,V1,visual_direction,time_resolved_trial_response,signal,balanced_accuracy,44,1.8761726078799248,1.0351297146923724,0.7077777777777777,0.15863573028972436,0.07094405531762922,5,269.6,146,397
g1pre,V1,visual_direction,time_resolved_trial_response,signal,balanced_accuracy,45,1.9408682150481982,1.0351297146923724,0.7,0.16243073864255828,0.07264123464805244,5,269.6,146,397
g1pre,V1,visual_direction,time_resolved_trial_response,signal,balanced_accuracy,46,2.0055638222164713,1.0351297146923724,0.7003703703703704,0.159911455266273,0.07151457687126063,5,269.6,146,397
g2pre,A/RL/AL,auditory_direction,time_resolved_trial_response,signal,balanced_accuracy,0,-0.9704341075240991,1.0351297146923724,0.48549382716049383,0.019080964834658924,0.007789771274150592,6,97.5,64,149
g2pre,A/RL/AL,auditory_direction,time_resolved_trial_response,signal,balanced_accuracy,1,-0.9057385003558258,1.0351297146923724,0.49135802469135803,0.021361949257639443,0.008720979265407089,6,97.5,64,149
g2pre,A/RL/AL,auditory_direction,time_resolved_trial_response,signal,balanced_accuracy,2,-0.8410428931875525,1.0351297146923724,0.5012345679012346,0.03725245992497441,0.01520825307994437,6,97.5,64,149
g2pre,A/RL/AL,auditory_direction,time_resolved_trial_response,signal,balanced_accuracy,3,-0.7763472860192793,1.0351297146923724,0.5046296296296297,0.020778735040997507,0.008482883058488799,6,97.5,64,149
g2pre,A/RL/AL,auditory_direction,time_resolved_trial_response,signal,balanced_accuracy,4,-0.711651678851006,1.0351297146923724,0.5185185185185185,0.021564335745199507,0.008803603202966472,6,97.5,64,149
g2pre,A/RL/AL,auditory_direction,time_resolved_trial_response,signal,balanced_accuracy,5,-0.6469560716827327,1.0351297146923724,0.512962962962963,0.031009534353977034,0.012659589388091554,6,97.5,64,149
g2pre,A/RL/AL,auditory_direction,time_resolved_trial_response,signal,balanced_accuracy,6,-0.5822604645144595,1.0351297146923724,0.504320987654321,0.029366112125729066,0.011988665072899009,6,97.5,64,149
g2pre,A/RL/AL,auditory_direction,time_resolved_trial_response,signal,balanced_accuracy,7,-0.5175648573461862,1.0351297146923724,0.4870370370370371,0.023628352455906054,0.009646234496601265,6,97.5,64,149
g2pre,A/RL/AL,auditory_direction,time_resolved_trial_response,signal,balanced_accuracy,8,-0.4528692501779129,1.0351297146923724,0.5101851851851852,0.018323042379206,0.0074803507274077636,6,97.5,64,149
g2pre,A/RL/AL,auditory_direction,time_resolved_trial_response,signal,balanced_accuracy,9,-0.38817364300963964,1.0351297146923724,0.5098765432098765,0.03181019383219028,0.012986457251315801,6,97.5,64,149
g2pre,A/RL/AL,auditory_direction,time_resolved_trial_response,signal,balanced_accuracy,10,-0.32347803584136636,1.0351297146923724,0.5089506172839506,0.02296346076720473,0.009374793601345318,6,97.5,64,149
g2pre,A/RL/AL,auditory_direction,time_resolved_trial_response,signal,balanced_accuracy,11,-0.2587824286730931,1.0351297146923724,0.4953703703703704,0.04838616383306402,0.019753568666952784,6,97.5,64,149
g2pre,A/RL/AL,auditory_direction,time_resolved_trial_response,signal,balanced_accuracy,12,-0.19408682150481982,1.0351297146923724,0.5018518518518519,0.02791324989839522,0.011395536552310447,6,97.5,64,149
g2pre,A/RL/AL,auditory_direction,time_resolved_trial_response,signal,balanced_accuracy,13,-0.12939121433654655,1.0351297146923724,0.48919753086419754,0.02053524744788262,0.008383479664850486,6,97.5,64,149
g2pre,A/RL/AL,auditory_direction,time_resolved_trial_response,signal,balanced_accuracy,14,-0.06469560716827327,1.0351297146923724,0.503395061728395,0.025751174721607387,0.010512873057532459,6,97.5,64,149
g2pre,A/RL/AL,auditory_direction,time_resolved_trial_response,signal,balanced_accuracy,15,0.0,1.0351297146923724,0.49783950617283956,0.03379143377838928,0.013795295072350259,6,97.5,64,149
g2pre,A/RL/AL,auditory_direction,time_resolved_trial_response,signal,balanced_accuracy,16,0.06469560716827327,1.0351297146923724,0.49660493827160496,0.017269614866067956,0.007050290746041558,6,97.5,64,149
g2pre,A/RL/AL,auditory_direction,time_resolved_trial_response,signal,balanced_accuracy,17,0.12939121433654655,1.0351297146923724,0.5126543209876543,0.019821448064751286,0.008092072286952958,6,97.5,64,149
g2pre,A/RL/AL,auditory_direction,time_resolved_trial_response,signal,balanced_accuracy,18,0.19408682150481982,1.0351297146923724,0.49135802469135803,0.021071003703516753,0.00860220124031844,6,97.5,64,149
g2pre,A/RL/AL,auditory_direction,time_resolved_trial_response,signal,balanced_accuracy,19,0.2587824286730931,1.0351297146923724,0.5401234567901234,0.06202644095983246,0.025322188485409333,6,97.5,64,149
g2pre,A/RL/AL,auditory_direction,time_resolved_trial_response,signal,balanced_accuracy,20,0.32347803584136636,1.0351297146923724,0.5799382716049383,0.07549940421340949,0.030822502701164604,6,97.5,64,149
g2pre,A/RL/AL,auditory_direction,time_resolved_trial_response,signal,balanced_accuracy,21,0.38817364300963964,1.0351297146923724,0.5854938271604938,0.09421116190227986,0.038461545789219974,6,97.5,64,149
g2pre,A/RL/AL,auditory_direction,time_resolved_trial_response,signal,balanced_accuracy,22,0.4528692501779129,1.0351297146923724,0.5879629629629629,0.08316237608203861,0.03395089786640511,6,97.5,64,149
g2pre,A/RL/AL,auditory_direction,time_resolved_trial_response,signal,balanced_accuracy,23,0.5175648573461862,1.0351297146923724,0.5950617283950618,0.07551984147449513,0.030830846178064572,6,97.5,64,149
g2pre,A/RL/AL,auditory_direction,time_resolved_trial_response,signal,balanced_accuracy,24,0.5822604645144595,1.0351297146923724,0.5901234567901235,0.07292315765739434,0.029770754448858,6,97.5,64,149
g2pre,A/RL/AL,auditory_direction,time_resolved_trial_response,signal,balanced_accuracy,25,0.6469560716827327,1.0351297146923724,0.5765432098765432,0.0853835586074716,0.03485769183522134,6,97.5,64,149
g2pre,A/RL/AL,auditory_direction,time_resolved_trial_response,signal,balanced_accuracy,26,0.711651678851006,1.0351297146923724,0.5688271604938272,0.08262179077536515,0.033730204839105785,6,97.5,64,149
g2pre,A/RL/AL,auditory_direction,time_resolved_trial_response,signal,balanced_accuracy,27,0.7763472860192793,1.0351297146923724,0.5746913580246913,0.06583500458020025,0.026877028072547344,6,97.5,64,149
g2pre,A/RL/AL,auditory_direction,time_resolved_trial_response,signal,balanced_accuracy,28,0.8410428931875525,1.0351297146923724,0.5540123456790124,0.07085037719580813,0.02892454536890853,6,97.5,64,149
g2pre,A/RL/AL,auditory_direction,time_resolved_trial_response,signal,balanced_accuracy,29,0.9057385003558258,1.0351297146923724,0.5632716049382717,0.04681072219960556,0.01911039731336777,6,97.5,64,149
g2pre,A/RL/AL,auditory_direction,time_resolved_trial_response,signal,balanced_accuracy,30,0.9704341075240991,1.0351297146923724,0.5626543209876543,0.05394475488673264,0.022022853962000724,6,97.5,64,149
g2pre,A/RL/AL,auditory_direction,time_resolved_trial_response,signal,balanced_accuracy,31,1.0351297146923724,1.0351297146923724,0.5450617283950617,0.05898857933531007,0.024081986670532293,6,97.5,64,149
g2pre,A/RL/AL,auditory_direction,time_resolved_trial_response,signal,balanced_accuracy,32,1.0998253218606455,1.0351297146923724,0.5641975308641975,0.05599415346056204,0.02285951742624565,6,97.5,64,149
g2pre,A/RL/AL,auditory_direction,time_resolved_trial_response,signal,balanced_accuracy,33,1.164520929028919,1.0351297146923724,0.5410493827160494,0.07562647966257949,0.030874381036048178,6,97.5,64,149
g2pre,A/RL/AL,auditory_direction,time_resolved_trial_response,signal,balanced_accuracy,34,1.229216536197192,1.0351297146923724,0.5598765432098766,0.0627410759826046,0.025613937011761664,6,97.5,64,149
g2pre,A/RL/AL,auditory_direction,time_resolved_trial_response,signal,balanced_accuracy,35,1.2939121433654655,1.0351297146923724,0.5441358024691358,0.07624069051237263,0.031125131565460592,6,97.5,64,149
g2pre,A/RL/AL,auditory_direction,time_resolved_trial_response,signal,balanced_accuracy,36,1.3586077505337386,1.0351297146923724,0.5425925925925926,0.06428887139241783,0.026245821841805732,6,97.5,64,149
g2pre,A/RL/AL,auditory_direction,time_resolved_trial_response,signal,balanced_accuracy,37,1.423303357702012,1.0351297146923724,0.5552469135802469,0.05860070022412805,0.02392363568648559,6,97.5,64,149
g2pre,A/RL/AL,auditory_direction,time_resolved_trial_response,signal,balanced_accuracy,38,1.4879989648702852,1.0351297146923724,0.5450617283950617,0.06382489190514344,0.02605640300931566,6,97.5,64,149
g2pre,A/RL/AL,auditory_direction,time_resolved_trial_response,signal,balanced_accuracy,39,1.5526945720385585,1.0351297146923724,0.5358024691358024,0.048328248159719915,0.01972992469231899,6,97.5,64,149
g2pre,A/RL/AL,auditory_direction,time_resolved_trial_response,signal,balanced_accuracy,40,1.6173901792068317,1.0351297146923724,0.5351851851851852,0.05895756535875233,0.02406932526762211,6,97.5,64,149
g2pre,A/RL/AL,auditory_direction,time_resolved_trial_response,signal,balanced_accuracy,41,1.682085786375105,1.0351297146923724,0.5351851851851852,0.05336418860541601,0.021785838770152246,6,97.5,64,149
g2pre,A/RL/AL,auditory_direction,time_resolved_trial_response,signal,balanced_accuracy,42,1.7467813935433782,1.0351297146923724,0.5234567901234568,0.04188079410057474,0.01709776259482868,6,97.5,64,149
g2pre,A/RL/AL,auditory_direction,time_resolved_trial_response,signal,balanced_accuracy,43,1.8114770007116516,1.0351297146923724,0.5385802469135802,0.03939558209281389,0.016083179041220044,6,97.5,64,149
g2pre,A/RL/AL,auditory_direction,time_resolved_trial_response,signal,balanced_accuracy,44,1.8761726078799248,1.0351297146923724,0.5228395061728395,0.054680348918435005,0.022323158967918633,6,97.5,64,149
g2pre,A/RL/AL,auditory_direction,time_resolved_trial_response,signal,balanced_accuracy,45,1.9408682150481982,1.0351297146923724,0.5256172839506172,0.032275746661975434,0.013176518398196203,6,97.5,64,149
g2pre,A/RL/AL,auditory_direction,time_resolved_trial_response,signal,balanced_accuracy,46,2.0055638222164713,1.0351297146923724,0.5200617283950617,0.03969044600837652,0.01620355673066797,6,97.5,64,149
g2pre,A/RL/AL,congruency,time_resolved_trial_response,signal,balanced_accuracy,0,-0.9704341075240991,1.0351297146923724,0.5361111111111111,0.024783008914661647,0.010117621021961294,6,97.5,64,149
g2pre,A/RL/AL,congruency,time_resolved_trial_response,signal,balanced_accuracy,1,-0.9057385003558258,1.0351297146923724,0.4986111111111111,0.03441531025934407,0.014049991579160665,6,97.5,64,149
g2pre,A/RL/AL,congruency,time_resolved_trial_response,signal,balanced_accuracy,2,-0.8410428931875525,1.0351297146923724,0.48657407407407405,0.027465841111889155,0.011212882680080834,6,97.5,64,149
g2pre,A/RL/AL,congruency,time_resolved_trial_response,signal,balanced_accuracy,3,-0.7763472860192793,1.0351297146923724,0.5152777777777778,0.03242988638376948,0.013239445676111197,6,97.5,64,149
g2pre,A/RL/AL,congruency,time_resolved_trial_response,signal,balanced_accuracy,4,-0.711651678851006,1.0351297146923724,0.5032407407407408,0.037326415805330505,0.015238445441669496,6,97.5,64,149
g2pre,A/RL/AL,congruency,time_resolved_trial_response,signal,balanced_accuracy,5,-0.6469560716827327,1.0351297146923724,0.47962962962962963,0.034231720663566924,0.013975041440537694,6,97.5,64,149
g2pre,A/RL/AL,congruency,time_resolved_trial_response,signal,balanced_accuracy,6,-0.5822604645144595,1.0351297146923724,0.5050925925925926,0.013078191566505089,0.005339149349384613,6,97.5,64,149
g2pre,A/RL/AL,congruency,time_resolved_trial_response,signal,balanced_accuracy,7,-0.5175648573461862,1.0351297146923724,0.4916666666666667,0.028760398012321785,0.011741383321590653,6,97.5,64,149
g2pre,A/RL/AL,congruency,time_resolved_trial_response,signal,balanced_accuracy,8,-0.4528692501779129,1.0351297146923724,0.49907407407407406,0.03666947239545882,0.01497024941765788,6,97.5,64,149
g2pre,A/RL/AL,congruency,time_resolved_trial_response,signal,balanced_accuracy,9,-0.38817364300963964,1.0351297146923724,0.5060185185185185,0.03312046226392582,0.013521372098620603,6,97.5,64,149
g2pre,A/RL/AL,congruency,time_resolved_trial_response,signal,balanced_accuracy,10,-0.32347803584136636,1.0351297146923724,0.48287037037037034,0.015155232428400684,0.006187097730477079,6,97.5,64,149
g2pre,A/RL/AL,congruency,time_resolved_trial_response,signal,balanced_accuracy,11,-0.2587824286730931,1.0351297146923724,0.5097222222222223,0.022135246459040636,0.009036676525899618,6,97.5,64,149
g2pre,A/RL/AL,congruency,time_resolved_trial_response,signal,balanced_accuracy,12,-0.19408682150481982,1.0351297146923724,0.5240740740740741,0.04873924910472238,0.01989771512549528,6,97.5,64,149
g2pre,A/RL/AL,congruency,time_resolved_trial_response,signal,balanced_accuracy,13,-0.12939121433654655,1.0351297146923724,0.5180555555555556,0.03985893335127316,0.016272341400370323,6,97.5,64,149
g2pre,A/RL/AL,congruency,time_resolved_trial_response,signal,balanced_accuracy,14,-0.06469560716827327,1.0351297146923724,0.4939814814814815,0.020594307815590497,0.008407590959001393,6,97.5,64,149
g2pre,A/RL/AL,congruency,time_resolved_trial_response,signal,balanced_accuracy,15,0.0,1.0351297146923724,0.49861111111111117,0.03141468949471545,0.012824993281670659,6,97.5,64,149
g2pre,A/RL/AL,congruency,time_resolved_trial_response,signal,balanced_accuracy,16,0.06469560716827327,1.0351297146923724,0.5106481481481482,0.0231351815535216,0.009444898318796292,6,97.5,64,149
g2pre,A/RL/AL,congruency,time_resolved_trial_response,signal,balanced_accuracy,17,0.12939121433654655,1.0351297146923724,0.4842592592592592,0.03679550876154014,0.015021703548646854,6,97.5,64,149
g2pre,A/RL/AL,congruency,time_resolved_trial_response,signal,balanced_accuracy,18,0.19408682150481982,1.0351297146923724,0.5041666666666668,0.04032085818702609,0.016460921424889256,6,97.5,64,149
g2pre,A/RL/AL,congruency,time_resolved_trial_response,signal,balanced_accuracy,19,0.2587824286730931,1.0351297146923724,0.4875,0.03692459784379416,0.015074403945794608,6,97.5,64,149
g2pre,A/RL/AL,congruency,time_resolved_trial_response,signal,balanced_accuracy,20,0.32347803584136636,1.0351297146923724,0.513425925925926,0.026141629131761327,0.01067227540298188,6,97.5,64,149
g2pre,A/RL/AL,congruency,time_resolved_trial_response,signal,balanced_accuracy,21,0.38817364300963964,1.0351297146923724,0.5078703703703704,0.021185298497495463,0.00864886189456917,6,97.5,64,149
g2pre,A/RL/AL,congruency,time_resolved_trial_response,signal,balanced_accuracy,22,0.4528692501779129,1.0351297146923724,0.5282407407407407,0.03376647593574646,0.013785106075757659,6,97.5,64,149
g2pre,A/RL/AL,congruency,time_resolved_trial_response,signal,balanced_accuracy,23,0.5175648573461862,1.0351297146923724,0.48657407407407405,0.036574660098446204,0.014931542459487529,6,97.5,64,149
g2pre,A/RL/AL,congruency,time_resolved_trial_response,signal,balanced_accuracy,24,0.5822604645144595,1.0351297146923724,0.5055555555555555,0.035486043161491815,0.014487116456005889,6,97.5,64,149
g2pre,A/RL/AL,congruency,time_resolved_trial_response,signal,balanced_accuracy,25,0.6469560716827327,1.0351297146923724,0.49074074074074076,0.03359465467965506,0.013714960341692995,6,97.5,64,149
g2pre,A/RL/AL,congruency,time_resolved_trial_response,signal,balanced_accuracy,26,0.711651678851006,1.0351297146923724,0.5009259259259259,0.036118232915955235,0.014745206842514352,6,97.5,64,149
g2pre,A/RL/AL,congruency,time_resolved_trial_response,signal,balanced_accuracy,27,0.7763472860192793,1.0351297146923724,0.5055555555555556,0.03424674446093875,0.013981174880131014,6,97.5,64,149
g2pre,A/RL/AL,congruency,time_resolved_trial_response,signal,balanced_accuracy,28,0.8410428931875525,1.0351297146923724,0.5060185185185185,0.04777185579147325,0.019502778459155146,6,97.5,64,149
g2pre,A/RL/AL,congruency,time_resolved_trial_response,signal,balanced_accuracy,29,0.9057385003558258,1.0351297146923724,0.5092592592592592,0.03628873693012117,0.014814814814814819,6,97.5,64,149
g2pre,A/RL/AL,congruency,time_resolved_trial_response,signal,balanced_accuracy,30,0.9704341075240991,1.0351297146923724,0.512962962962963,0.05509998394239935,0.022494474249070837,6,97.5,64,149
g2pre,A/RL/AL,congruency,time_resolved_trial_response,signal,balanced_accuracy,31,1.0351297146923724,1.0351297146923724,0.4976851851851852,0.046228654288939186,0.01887276908390435,6,97.5,64,149
g2pre,A/RL/AL,congruency,time_resolved_trial_response,signal,balanced_accuracy,32,1.0998253218606455,1.0351297146923724,0.5106481481481481,0.04757763852108249,0.01942348959053956,6,97.5,64,149
g2pre,A/RL/AL,congruency,time_resolved_trial_response,signal,balanced_accuracy,33,1.164520929028919,1.0351297146923724,0.5351851851851852,0.05045064409610584,0.02059638920503599,6,97.5,64,149
g2pre,A/RL/AL,congruency,time_resolved_trial_response,signal,balanced_accuracy,34,1.229216536197192,1.0351297146923724,0.5180555555555556,0.04085316978499322,0.016678236724753423,6,97.5,64,149
g2pre,A/RL/AL,congruency,time_resolved_trial_response,signal,balanced_accuracy,35,1.2939121433654655,1.0351297146923724,0.5185185185185185,0.051058749345960934,0.020844647133711435,6,97.5,64,149
g2pre,A/RL/AL,congruency,time_resolved_trial_response,signal,balanced_accuracy,36,1.3586077505337386,1.0351297146923724,0.5106481481481482,0.05028979803109407,0.0205307240739671,6,97.5,64,149
g2pre,A/RL/AL,congruency,time_resolved_trial_response,signal,balanced_accuracy,37,1.423303357702012,1.0351297146923724,0.5097222222222223,0.05590860045590727,0.022824590558351295,6,97.5,64,149
g2pre,A/RL/AL,congruency,time_resolved_trial_response,signal,balanced_accuracy,38,1.4879989648702852,1.0351297146923724,0.5097222222222223,0.02526098343197705,0.010312753301540597,6,97.5,64,149
g2pre,A/RL/AL,congruency,time_resolved_trial_response,signal,balanced_accuracy,39,1.5526945720385585,1.0351297146923724,0.5143518518518518,0.019985848903126446,0.008159188648170442,6,97.5,64,149
g2pre,A/RL/AL,congruency,time_resolved_trial_response,signal,balanced_accuracy,40,1.6173901792068317,1.0351297146923724,0.5050925925925926,0.015155232428400714,0.00618709773047709,6,97.5,64,149
g2pre,A/RL/AL,congruency,time_resolved_trial_response,signal,balanced_accuracy,41,1.682085786375105,1.0351297146923724,0.513888888888889,0.028109134757052283,0.011475506210984948,6,97.5,64,149
g2pre,A/RL/AL,congruency,time_resolved_trial_response,signal,balanced_accuracy,42,1.7467813935433782,1.0351297146923724,0.5226851851851851,0.03362908916191582,0.013729018160208958,6,97.5,64,149
g2pre,A/RL/AL,congruency,time_resolved_trial_response,signal,balanced_accuracy,43,1.8114770007116516,1.0351297146923724,0.4953703703703704,0.016355112715421956,0.006676946806414802,6,97.5,64,149
g2pre,A/RL/AL,congruency,time_resolved_trial_response,signal,balanced_accuracy,44,1.8761726078799248,1.0351297146923724,0.5018518518518519,0.02413098685816585,0.009851434132052153,6,97.5,64,149
g2pre,A/RL/AL,congruency,time_resolved_trial_response,signal,balanced_accuracy,45,1.9408682150481982,1.0351297146923724,0.4935185185185185,0.022199062005171896,0.009062729113512722,6,97.5,64,149
g2pre,A/RL/AL,congruency,time_resolved_trial_response,signal,balanced_accuracy,46,2.0055638222164713,1.0351297146923724,0.4726851851851852,0.02511803411615015,0.010254394487731288,6,97.5,64,149
g2pre,A/RL/AL,modality,time_resolved_trial_response,signal,balanced_accuracy,0,-0.9704341075240991,1.0351297146923724,0.33503086419753086,0.023703824266668727,0.009677045734323339,6,97.5,64,149
g2pre,A/RL/AL,modality,time_resolved_trial_response,signal,balanced_accuracy,1,-0.9057385003558258,1.0351297146923724,0.34521604938271605,0.024577476575595784,0.010033712795902617,6,97.5,64,149
g2pre,A/RL/AL,modality,time_resolved_trial_response,signal,balanced_accuracy,2,-0.8410428931875525,1.0351297146923724,0.34722222222222227,0.016459619291325164,0.006719611437369518,6,97.5,64,149
g2pre,A/RL/AL,modality,time_resolved_trial_response,signal,balanced_accuracy,3,-0.7763472860192793,1.0351297146923724,0.32654320987654323,0.024192491286747424,0.009876543209876538,6,97.5,64,149
g2pre,A/RL/AL,modality,time_resolved_trial_response,signal,balanced_accuracy,4,-0.711651678851006,1.0351297146923724,0.32731481481481484,0.019604718644787782,0.008003592871759634,6,97.5,64,149
g2pre,A/RL/AL,modality,time_resolved_trial_response,signal,balanced_accuracy,5,-0.6469560716827327,1.0351297146923724,0.3478395061728395,0.027837384606139003,0.011364564676441305,6,97.5,64,149
g2pre,A/RL/AL,modality,time_resolved_trial_response,signal,balanced_accuracy,6,-0.5822604645144595,1.0351297146923724,0.33287037037037037,0.010762270885959468,0.004393678690701958,6,97.5,64,149
g2pre,A/RL/AL,modality,time_resolved_trial_response,signal,balanced_accuracy,7,-0.5175648573461862,1.0351297146923724,0.3432098765432099,0.027917344851824195,0.011397208310047355,6,97.5,64,149
g2pre,A/RL/AL,modality,time_resolved_trial_response,signal,balanced_accuracy,8,-0.4528692501779129,1.0351297146923724,0.32901234567901233,0.01408706353145275,0.0057510196043714145,6,97.5,64,149
g2pre,A/RL/AL,modality,time_resolved_trial_response,signal,balanced_accuracy,9,-0.38817364300963964,1.0351297146923724,0.333179012345679,0.011878105567008457,0.004849216291680497,6,97.5,64,149
g2pre,A/RL/AL,modality,time_resolved_trial_response,signal,balanced_accuracy,10,-0.32347803584136636,1.0351297146923724,0.3365740740740741,0.01722072872855231,0.007030333063973414,6,97.5,64,149
g2pre,A/RL/AL,modality,time_resolved_trial_response,signal,balanced_accuracy,11,-0.2587824286730931,1.0351297146923724,0.33564814814814814,0.021831047849467974,0.008912487963580093,6,97.5,64,149
g2pre,A/RL/AL,modality,time_resolved_trial_response,signal,balanced_accuracy,12,-0.19408682150481982,1.0351297146923724,0.337037037037037,0.008861841565929937,0.0036178316696525,6,97.5,64,149
g2pre,A/RL/AL,modality,time_resolved_trial_response,signal,balanced_accuracy,13,-0.12939121433654655,1.0351297146923724,0.3385802469135803,0.026999381862219157,0.011022451488832,6,97.5,64,149
g2pre,A/RL/AL,modality,time_resolved_trial_response,signal,balanced_accuracy,14,-0.06469560716827327,1.0351297146923724,0.3416666666666666,0.01737191022156826,0.00709205265004695,6,97.5,64,149
g2pre,A/RL/AL,modality,time_resolved_trial_response,signal,balanced_accuracy,15,0.0,1.0351297146923724,0.3475308641975308,0.02336319860219203,0.00953798588911261,6,97.5,64,149
g2pre,A/RL/AL,modality,time_resolved_trial_response,signal,balanced_accuracy,16,0.06469560716827327,1.0351297146923724,0.34382716049382717,0.01216691564470806,0.004967122512170095,6,97.5,64,149
g2pre,A/RL/AL,modality,time_resolved_trial_response,signal,balanced_accuracy,17,0.12939121433654655,1.0351297146923724,0.34475308641975305,0.013692020378283227,0.005589743912430503,6,97.5,64,149
g2pre,A/RL/AL,modality,time_resolved_trial_response,signal,balanced_accuracy,18,0.19408682150481982,1.0351297146923724,0.4361111111111111,0.04851357057043377,0.019805582249677562,6,97.5,64,149
g2pre,A/RL/AL,modality,time_resolved_trial_response,signal,balanced_accuracy,19,0.2587824286730931,1.0351297146923724,0.615432098765432,0.06599628649263888,0.026942871137583153,6,97.5,64,149
g2pre,A/RL/AL,modality,time_resolved_trial_response,signal,balanced_accuracy,20,0.32347803584136636,1.0351297146923724,0.6518518518518519,0.07369346662574379,0.030085231768315648,6,97.5,64,149
g2pre,A/RL/AL,modality,time_resolved_trial_response,signal,balanced_accuracy,21,0.38817364300963964,1.0351297146923724,0.6762345679012346,0.07441971826946683,0.03038172276031215,6,97.5,64,149
g2pre,A/RL/AL,modality,time_resolved_trial_response,signal,balanced_accuracy,22,0.4528692501779129,1.0351297146923724,0.6984567901234567,0.07903669570777998,0.03226659590661372,6,97.5,64,149
g2pre,A/RL/AL,modality,time_resolved_trial_response,signal,balanced_accuracy,23,0.5175648573461862,1.0351297146923724,0.720216049382716,0.08504299055384343,0.03471865550954103,6,97.5,64,149
g2pre,A/RL/AL,modality,time_resolved_trial_response,signal,balanced_accuracy,24,0.5822604645144595,1.0351297146923724,0.7268518518518517,0.07930597446431056,0.03237652849862556,6,97.5,64,149
g2pre,A/RL/AL,modality,time_resolved_trial_response,signal,balanced_accuracy,25,0.6469560716827327,1.0351297146923724,0.7436728395061728,0.08071486305205863,0.032951704856027754,6,97.5,64,149
g2pre,A/RL/AL,modality,time_resolved_trial_response,signal,balanced_accuracy,26,0.711651678851006,1.0351297146923724,0.7316358024691358,0.08778718629579177,0.03583896872988965,6,97.5,64,149
g2pre,A/RL/AL,modality,time_resolved_trial_response,signal,balanced_accuracy,27,0.7763472860192793,1.0351297146923724,0.746141975308642,0.06637130214568601,0.027095970636836837,6,97.5,64,149
g2pre,A/RL/AL,modality,time_resolved_trial_response,signal,balanced_accuracy,28,0.8410428931875525,1.0351297146923724,0.7479938271604939,0.06890635149704742,0.028130900200771657,6,97.5,64,149
g2pre,A/RL/AL,modality,time_resolved_trial_response,signal,balanced_accuracy,29,0.9057385003558258,1.0351297146923724,0.7396604938271604,0.08302291291867328,0.033893962268378534,6,97.5,64,149
g2pre,A/RL/AL,modality,time_resolved_trial_response,signal,balanced_accuracy,30,0.9704341075240991,1.0351297146923724,0.7376543209876543,0.0677045411515865,0.027640263181775454,6,97.5,64,149
g2pre,A/RL/AL,modality,time_resolved_trial_response,signal,balanced_accuracy,31,1.0351297146923724,1.0351297146923724,0.7399691358024691,0.06446577091426264,0.026318040769182746,6,97.5,64,149
g2pre,A/RL/AL,modality,time_resolved_trial_response,signal,balanced_accuracy,32,1.0998253218606455,1.0351297146923724,0.7243827160493828,0.07544715050572162,0.03080117021433063,6,97.5,64,149
g2pre,A/RL/AL,modality,time_resolved_trial_response,signal,balanced_accuracy,33,1.164520929028919,1.0351297146923724,0.7320987654320987,0.059702240891309835,0.02437333778073898,6,97.5,64,149
g2pre,A/RL/AL,modality,time_resolved_trial_response,signal,balanced_accuracy,34,1.229216536197192,1.0351297146923724,0.7217592592592593,0.06740270130092099,0.027517037578747395,6,97.5,64,149
g2pre,A/RL/AL,modality,time_resolved_trial_response,signal,balanced_accuracy,35,1.2939121433654655,1.0351297146923724,0.7330246913580246,0.08240359264301247,0.033641125824590404,6,97.5,64,149
g2pre,A/RL/AL,modality,time_resolved_trial_response,signal,balanced_accuracy,36,1.3586077505337386,1.0351297146923724,0.7137345679012346,0.07434076220667016,0.030349489082653648,6,97.5,64,149
g2pre,A/RL/AL,modality,time_resolved_trial_response,signal,balanced_accuracy,37,1.423303357702012,1.0351297146923724,0.7155864197530865,0.07440301193317338,0.03037490242708043,6,97.5,64,149
g2pre,A/RL/AL,modality,time_resolved_trial_response,signal,balanced_accuracy,38,1.4879989648702852,1.0351297146923724,0.7064814814814815,0.0750674136898266,0.030646143308415297,6,97.5,64,149
g2pre,A/RL/AL,modality,time_resolved_trial_response,signal,balanced_accuracy,39,1.5526945720385585,1.0351297146923724,0.6899691358024692,0.07931768499633528,0.03238130930330507,6,97.5,64,149
g2pre,A/RL/AL,modality,time_resolved_trial_response,signal,balanced_accuracy,40,1.6173901792068317,1.0351297146923724,0.6785493827160494,0.07501123982230877,0.0306232104230324,6,97.5,64,149
g2pre,A/RL/AL,modality,time_resolved_trial_response,signal,balanced_accuracy,41,1.682085786375105,1.0351297146923724,0.6726851851851853,0.08519877105832628,0.034782252634183754,6,97.5,64,149
g2pre,A/RL/AL,modality,time_resolved_trial_response,signal,balanced_accuracy,42,1.7467813935433782,1.0351297146923724,0.6621913580246913,0.07324868072021468,0.029903648682760967,6,97.5,64,149
g2pre,A/RL/AL,modality,time_resolved_trial_response,signal,balanced_accuracy,43,1.8114770007116516,1.0351297146923724,0.6453703703703704,0.08489685503311076,0.03465899593302587,6,97.5,64,149
g2pre,A/RL/AL,modality,time_resolved_trial_response,signal,balanced_accuracy,44,1.8761726078799248,1.0351297146923724,0.6458333333333334,0.07633752481888084,0.03116466400555082,6,97.5,64,149
g2pre,A/RL/AL,modality,time_resolved_trial_response,signal,balanced_accuracy,45,1.9408682150481982,1.0351297146923724,0.6422839506172839,0.08538757492476164,0.034859331489888956,6,97.5,64,149
g2pre,A/RL/AL,modality,time_resolved_trial_response,signal,balanced_accuracy,46,2.0055638222164713,1.0351297146923724,0.633179012345679,0.06451628782411832,0.026338664211270842,6,97.5,64,149
g2pre,A/RL/AL,trial_type,time_resolved_trial_response,signal,balanced_accuracy,0,-0.9704341075240991,1.0351297146923724,0.11481481481481481,0.012381121963293914,0.0050545718755393276,6,97.5,64,149
g2pre,A/RL/AL,trial_type,time_resolved_trial_response,signal,balanced_accuracy,1,-0.9057385003558258,1.0351297146923724,0.13541666666666666,0.016776260049086267,0.006848879485416672,6,97.5,64,149
g2pre,A/RL/AL,trial_type,time_resolved_trial_response,signal,balanced_accuracy,2,-0.8410428931875525,1.0351297146923724,0.12708333333333333,0.004370036867375615,0.00178406008037015,6,97.5,64,149
g2pre,A/RL/AL,trial_type,time_resolved_trial_response,signal,balanced_accuracy,3,-0.7763472860192793,1.0351297146923724,0.12939814814814815,0.006112163209097928,0.002495280181150348,6,97.5,64,149
g2pre,A/RL/AL,trial_type,time_resolved_trial_response,signal,balanced_accuracy,4,-0.711651678851006,1.0351297146923724,0.12546296296296297,0.01262794601572764,0.005155337372990759,6,97.5,64,149
g2pre,A/RL/AL,trial_type,time_resolved_trial_response,signal,balanced_accuracy,5,-0.6469560716827327,1.0351297146923724,0.130787037037037,0.017903562534879177,0.00730909879807729,6,97.5,64,149
g2pre,A/RL/AL,trial_type,time_resolved_trial_response,signal,balanced_accuracy,6,-0.5822604645144595,1.0351297146923724,0.12685185185185185,0.008857002995235652,0.0036158563314382694,6,97.5,64,149
g2pre,A/RL/AL,trial_type,time_resolved_trial_response,signal,balanced_accuracy,7,-0.5175648573461862,1.0351297146923724,0.13171296296296295,0.011928822687071376,0.004869921469243433,6,97.5,64,149
g2pre,A/RL/AL,trial_type,time_resolved_trial_response,signal,balanced_accuracy,8,-0.4528692501779129,1.0351297146923724,0.11828703703703702,0.012089451409842656,0.004935497870714203,6,97.5,64,149
g2pre,A/RL/AL,trial_type,time_resolved_trial_response,signal,balanced_accuracy,9,-0.38817364300963964,1.0351297146923724,0.1273148148148148,0.013369934331660782,0.005458252834514625,6,97.5,64,149
g2pre,A/RL/AL,trial_type,time_resolved_trial_response,signal,balanced_accuracy,10,-0.32347803584136636,1.0351297146923724,0.13055555555555556,0.011882916464559683,0.004851180332381381,6,97.5,64,149
g2pre,A/RL/AL,trial_type,time_resolved_trial_response,signal,balanced_accuracy,11,-0.2587824286730931,1.0351297146923724,0.1314814814814815,0.014872572596489832,0.00607170233731667,6,97.5,64,149
g2pre,A/RL/AL,trial_type,time_resolved_trial_response,signal,balanced_accuracy,12,-0.19408682150481982,1.0351297146923724,0.12361111111111112,0.006211299937499427,0.0025357525810424403,6,97.5,64,149
g2pre,A/RL/AL,trial_type,time_resolved_trial_response,signal,balanced_accuracy,13,-0.12939121433654655,1.0351297146923724,0.11712962962962963,0.012597357486308787,0.005142849658147709,6,97.5,64,149
g2pre,A/RL/AL,trial_type,time_resolved_trial_response,signal,balanced_accuracy,14,-0.06469560716827327,1.0351297146923724,0.13333333333333333,0.01518913679388036,0.006200939129723419,6,97.5,64,149
g2pre,A/RL/AL,trial_type,time_resolved_trial_response,signal,balanced_accuracy,15,0.0,1.0351297146923724,0.13310185185185183,0.008306283258099621,0.003391025940227776,6,97.5,64,149
g2pre,A/RL/AL,trial_type,time_resolved_trial_response,signal,balanced_accuracy,16,0.06469560716827327,1.0351297146923724,0.12083333333333333,0.014881216928865414,0.006075231371231203,6,97.5,64,149
g2pre,A/RL/AL,trial_type,time_resolved_trial_response,signal,balanced_accuracy,17,0.12939121433654655,1.0351297146923724,0.13032407407407406,0.008846106534687743,0.0036114078700474786,6,97.5,64,149
g2pre,A/RL/AL,trial_type,time_resolved_trial_response,signal,balanced_accuracy,18,0.19408682150481982,1.0351297146923724,0.17407407407407405,0.039447052600260726,0.016104191787894524,6,97.5,64,149
g2pre,A/RL/AL,trial_type,time_resolved_trial_response,signal,balanced_accuracy,19,0.2587824286730931,1.0351297146923724,0.2847222222222222,0.04712408102388501,0.019238325517681624,6,97.5,64,149
g2pre,A/RL/AL,trial_type,time_resolved_trial_response,signal,balanced_accuracy,20,0.32347803584136636,1.0351297146923724,0.37222222222222223,0.08583737854545392,0.03504296304908104,6,97.5,64,149
g2pre,A/RL/AL,trial_type,time_resolved_trial_response,signal,balanced_accuracy,21,0.38817364300963964,1.0351297146923724,0.4122685185185185,0.0768165637412959,0.03136023082669242,6,97.5,64,149
g2pre,A/RL/AL,trial_type,time_resolved_trial_response,signal,balanced_accuracy,22,0.4528692501779129,1.0351297146923724,0.44166666666666665,0.0830736695223055,0.03391468356504114,6,97.5,64,149
g2pre,A/RL/AL,trial_type,time_resolved_trial_response,signal,balanced_accuracy,23,0.5175648573461862,1.0351297146923724,0.4664351851851852,0.10714957479430712,0.043743630733705706,6,97.5,64,149
g2pre,A/RL/AL,trial_type,time_resolved_trial_response,signal,balanced_accuracy,24,0.5822604645144595,1.0351297146923724,0.45625,0.10924385877024095,0.04459861858662656,6,97.5,64,149
g2pre,A/RL/AL,trial_type,time_resolved_trial_response,signal,balanced_accuracy,25,0.6469560716827327,1.0351297146923724,0.44675925925925924,0.09588230096248253,0.039143785453675105,6,97.5,64,149
g2pre,A/RL/AL,trial_type,time_resolved_trial_response,signal,balanced_accuracy,26,0.711651678851006,1.0351297146923724,0.45763888888888893,0.09477373151451408,0.038691213871681514,6,97.5,64,149
g2pre,A/RL/AL,trial_type,time_resolved_trial_response,signal,balanced_accuracy,27,0.7763472860192793,1.0351297146923724,0.4407407407407407,0.07220441375882189,0.029477328480984465,6,97.5,64,149
g2pre,A/RL/AL,trial_type,time_resolved_trial_response,signal,balanced_accuracy,28,0.8410428931875525,1.0351297146923724,0.4351851851851852,0.07674747485826058,0.03133202540830319,6,97.5,64,149
g2pre,A/RL/AL,trial_type,time_resolved_trial_response,signal,balanced_accuracy,29,0.9057385003558258,1.0351297146923724,0.42939814814814814,0.060172185205691016,0.024565191743698308,6,97.5,64,149
g2pre,A/RL/AL,trial_type,time_resolved_trial_response,signal,balanced_accuracy,30,0.9704341075240991,1.0351297146923724,0.42939814814814814,0.06791889150336057,0.027727771346447543,6,97.5,64,149
g2pre,A/RL/AL,trial_type,time_resolved_trial_response,signal,balanced_accuracy,31,1.0351297146923724,1.0351297146923724,0.43958333333333327,0.07264167723562646,0.02965584054787222,6,97.5,64,149
g2pre,A/RL/AL,trial_type,time_resolved_trial_response,signal,balanced_accuracy,32,1.0998253218606455,1.0351297146923724,0.44166666666666665,0.09477067838462215,0.03868996743662257,6,97.5,64,149
g2pre,A/RL/AL,trial_type,time_resolved_trial_response,signal,balanced_accuracy,33,1.164520929028919,1.0351297146923724,0.44189814814814815,0.08321944377995606,0.03397419565652062,6,97.5,64,149
g2pre,A/RL/AL,trial_type,time_resolved_trial_response,signal,balanced_accuracy,34,1.229216536197192,1.0351297146923724,0.4398148148148148,0.07282158704048304,0.029729288418142603,6,97.5,64,149
g2pre,A/RL/AL,trial_type,time_resolved_trial_response,signal,balanced_accuracy,35,1.2939121433654655,1.0351297146923724,0.4168981481481482,0.09158420814239734,0.037389096407620316,6,97.5,64,149
g2pre,A/RL/AL,trial_type,time_resolved_trial_response,signal,balanced_accuracy,36,1.3586077505337386,1.0351297146923724,0.412962962962963,0.09109106599731254,0.03718777196993377,6,97.5,64,149
g2pre,A/RL/AL,trial_type,time_resolved_trial_response,signal,balanced_accuracy,37,1.423303357702012,1.0351297146923724,0.3976851851851852,0.09012879444704323,0.03679492625457431,6,97.5,64,149
g2pre,A/RL/AL,trial_type,time_resolved_trial_response,signal,balanced_accuracy,38,1.4879989648702852,1.0351297146923724,0.3879629629629629,0.07206000300389814,0.029418373037162254,6,97.5,64,149
g2pre,A/RL/AL,trial_type,time_resolved_trial_response,signal,balanced_accuracy,39,1.5526945720385585,1.0351297146923724,0.3828703703703704,0.0726730940639178,0.029668666414313954,6,97.5,64,149
g2pre,A/RL/AL,trial_type,time_resolved_trial_response,signal,balanced_accuracy,40,1.6173901792068317,1.0351297146923724,0.368287037037037,0.06521224054479667,0.026622785719731458,6,97.5,64,149
g2pre,A/RL/AL,trial_type,time_resolved_trial_response,signal,balanced_accuracy,41,1.682085786375105,1.0351297146923724,0.3488425925925926,0.07396099586582792,0.03019445012322909,6,97.5,64,149
g2pre,A/RL/AL,trial_type,time_resolved_trial_response,signal,balanced_accuracy,42,1.7467813935433782,1.0351297146923724,0.34652777777777777,0.06148088883025381,0.025099467761149928,6,97.5,64,149
g2pre,A/RL/AL,trial_type,time_resolved_trial_response,signal,balanced_accuracy,43,1.8114770007116516,1.0351297146923724,0.32893518518518516,0.070022134213657,0.02858641658735664,6,97.5,64,149
g2pre,A/RL/AL,trial_type,time_resolved_trial_response,signal,balanced_accuracy,44,1.8761726078799248,1.0351297146923724,0.32175925925925924,0.07456492461968363,0.03044100300455265,6,97.5,64,149
g2pre,A/RL/AL,trial_type,time_resolved_trial_response,signal,balanced_accuracy,45,1.9408682150481982,1.0351297146923724,0.3145833333333333,0.06214249604590094,0.025369567775896426,6,97.5,64,149
g2pre,A/RL/AL,trial_type,time_resolved_trial_response,signal,balanced_accuracy,46,2.0055638222164713,1.0351297146923724,0.3106481481481482,0.06348098448312295,0.02591600339219796,6,97.5,64,149
g2pre,A/RL/AL,visual_direction,time_resolved_trial_response,signal,balanced_accuracy,0,-0.9704341075240991,1.0351297146923724,0.5246913580246914,0.0204096142742571,0.008332190136492317,6,97.5,64,149
g2pre,A/RL/AL,visual_direction,time_resolved_trial_response,signal,balanced_accuracy,1,-0.9057385003558258,1.0351297146923724,0.5145061728395062,0.02684652991108966,0.010960049941089319,6,97.5,64,149
g2pre,A/RL/AL,visual_direction,time_resolved_trial_response,signal,balanced_accuracy,2,-0.8410428931875525,1.0351297146923724,0.505246913580247,0.021192716437385437,0.008651890255848014,6,97.5,64,149
g2pre,A/RL/AL,visual_direction,time_resolved_trial_response,signal,balanced_accuracy,3,-0.7763472860192793,1.0351297146923724,0.5166666666666667,0.03173103702311691,0.012954141619333023,6,97.5,64,149
g2pre,A/RL/AL,visual_direction,time_resolved_trial_response,signal,balanced_accuracy,4,-0.711651678851006,1.0351297146923724,0.5114197530864197,0.015378920721578142,0.006278418093763555,6,97.5,64,149
g2pre,A/RL/AL,visual_direction,time_resolved_trial_response,signal,balanced_accuracy,5,-0.6469560716827327,1.0351297146923724,0.5018518518518519,0.011535119631405475,0.004709192869817431,6,97.5,64,149
g2pre,A/RL/AL,visual_direction,time_resolved_trial_response,signal,balanced_accuracy,6,-0.5822604645144595,1.0351297146923724,0.5160493827160494,0.02439013795464735,0.00995723212416256,6,97.5,64,149
g2pre,A/RL/AL,visual_direction,time_resolved_trial_response,signal,balanced_accuracy,7,-0.5175648573461862,1.0351297146923724,0.5219135802469136,0.020701572363185004,0.008451381527184231,6,97.5,64,149
g2pre,A/RL/AL,visual_direction,time_resolved_trial_response,signal,balanced_accuracy,8,-0.4528692501779129,1.0351297146923724,0.5033950617283951,0.010103488285600473,0.004124731820318059,6,97.5,64,149
g2pre,A/RL/AL,visual_direction,time_resolved_trial_response,signal,balanced_accuracy,9,-0.38817364300963964,1.0351297146923724,0.5114197530864197,0.025429551592447648,0.010381570964879358,6,97.5,64,149
g2pre,A/RL/AL,visual_direction,time_resolved_trial_response,signal,balanced_accuracy,10,-0.32347803584136636,1.0351297146923724,0.5126543209876543,0.028070474377514396,0.011459723177129922,6,97.5,64,149
g2pre,A/RL/AL,visual_direction,time_resolved_trial_response,signal,balanced_accuracy,11,-0.2587824286730931,1.0351297146923724,0.5138888888888888,0.010459274997365141,0.004269981137165744,6,97.5,64,149
g2pre,A/RL/AL,visual_direction,time_resolved_trial_response,signal,balanced_accuracy,12,-0.19408682150481982,1.0351297146923724,0.5055555555555555,0.028133524466419178,0.011485463268138894,6,97.5,64,149
g2pre,A/RL/AL,visual_direction,time_resolved_trial_response,signal,balanced_accuracy,13,-0.12939121433654655,1.0351297146923724,0.5058641975308642,0.038515253897741616,0.015723786560534653,6,97.5,64,149
g2pre,A/RL/AL,visual_direction,time_resolved_trial_response,signal,balanced_accuracy,14,-0.06469560716827327,1.0351297146923724,0.5274691358024691,0.029476843732244812,0.01203387106195938,6,97.5,64,149
g2pre,A/RL/AL,visual_direction,time_resolved_trial_response,signal,balanced_accuracy,15,0.0,1.0351297146923724,0.5083333333333333,0.031399675847802205,0.012818863985984698,6,97.5,64,149
g2pre,A/RL/AL,visual_direction,time_resolved_trial_response,signal,balanced_accuracy,16,0.06469560716827327,1.0351297146923724,0.4962962962962963,0.03323029341653027,0.013566210478911043,6,97.5,64,149
g2pre,A/RL/AL,visual_direction,time_resolved_trial_response,signal,balanced_accuracy,17,0.12939121433654655,1.0351297146923724,0.4941358024691358,0.02775101591503301,0.011329304805947682,6,97.5,64,149
g2pre,A/RL/AL,visual_direction,time_resolved_trial_response,signal,balanced_accuracy,18,0.19408682150481982,1.0351297146923724,0.5175925925925925,0.026649943315849602,0.010879793799654452,6,97.5,64,149
g2pre,A/RL/AL,visual_direction,time_resolved_trial_response,signal,balanced_accuracy,19,0.2587824286730931,1.0351297146923724,0.6660493827160494,0.08500517749636688,0.034703218393469015,6,97.5,64,149
g2pre,A/RL/AL,visual_direction,time_resolved_trial_response,signal,balanced_accuracy,20,0.32347803584136636,1.0351297146923724,0.783641975308642,0.11278624104148097,0.04604479009302979,6,97.5,64,149
g2pre,A/RL/AL,visual_direction,time_resolved_trial_response,signal,balanced_accuracy,21,0.38817364300963964,1.0351297146923724,0.8657407407407408,0.07450568698891366,0.030416819343059686,6,97.5,64,149
g2pre,A/RL/AL,visual_direction,time_resolved_trial_response,signal,balanced_accuracy,22,0.4528692501779129,1.0351297146923724,0.9117283950617283,0.05286920822056278,0.021583763874222766,6,97.5,64,149
g2pre,A/RL/AL,visual_direction,time_resolved_trial_response,signal,balanced_accuracy,23,0.5175648573461862,1.0351297146923724,0.928395061728395,0.05469289076245901,0.022328279154300693,6,97.5,64,149
g2pre,A/RL/AL,visual_direction,time_resolved_trial_response,signal,balanced_accuracy,24,0.5822604645144595,1.0351297146923724,0.9373456790123457,0.05594207108953797,0.02283825488731177,6,97.5,64,149
g2pre,A/RL/AL,visual_direction,time_resolved_trial_response,signal,balanced_accuracy,25,0.6469560716827327,1.0351297146923724,0.9203703703703704,0.0702630760985155,0.028684780699951264,6,97.5,64,149
g2pre,A/RL/AL,visual_direction,time_resolved_trial_response,signal,balanced_accuracy,26,0.711651678851006,1.0351297146923724,0.9046296296296297,0.08537619486839271,0.03485468560133096,6,97.5,64,149
g2pre,A/RL/AL,visual_direction,time_resolved_trial_response,signal,balanced_accuracy,27,0.7763472860192793,1.0351297146923724,0.8969135802469136,0.07420050937921747,0.030292231105613368,6,97.5,64,149
g2pre,A/RL/AL,visual_direction,time_resolved_trial_response,signal,balanced_accuracy,28,0.8410428931875525,1.0351297146923724,0.8836419753086421,0.09225432035984632,0.03766266857481281,6,97.5,64,149
g2pre,A/RL/AL,visual_direction,time_resolved_trial_response,signal,balanced_accuracy,29,0.9057385003558258,1.0351297146923724,0.8814814814814814,0.08043946509383078,0.032839274110383995,6,97.5,64,149
g2pre,A/RL/AL,visual_direction,time_resolved_trial_response,signal,balanced_accuracy,30,0.9704341075240991,1.0351297146923724,0.8978395061728395,0.07183100754034806,0.02932488603064395,6,97.5,64,149
g2pre,A/RL/AL,visual_direction,time_resolved_trial_response,signal,balanced_accuracy,31,1.0351297146923724,1.0351297146923724,0.912962962962963,0.04504227552380252,0.018388431981194678,6,97.5,64,149
g2pre,A/RL/AL,visual_direction,time_resolved_trial_response,signal,balanced_accuracy,32,1.0998253218606455,1.0351297146923724,0.9188271604938271,0.036012051531533654,0.014701858473845154,6,97.5,64,149
g2pre,A/RL/AL,visual_direction,time_resolved_trial_response,signal,balanced_accuracy,33,1.164520929028919,1.0351297146923724,0.9111111111111111,0.041342359295928305,0.016877947506305526,6,97.5,64,149
g2pre,A/RL/AL,visual_direction,time_resolved_trial_response,signal,balanced_accuracy,34,1.229216536197192,1.0351297146923724,0.9003086419753087,0.035358572138668394,0.01443507662885455,6,97.5,64,149
g2pre,A/RL/AL,visual_direction,time_resolved_trial_response,signal,balanced_accuracy,35,1.2939121433654655,1.0351297146923724,0.8808641975308641,0.04460874979016776,0.018211445841566195,6,97.5,64,149
g2pre,A/RL/AL,visual_direction,time_resolved_trial_response,signal,balanced_accuracy,36,1.3586077505337386,1.0351297146923724,0.8709876543209876,0.05557612787825862,0.02268885919690012,6,97.5,64,149
g2pre,A/RL/AL,visual_direction,time_resolved_trial_response,signal,balanced_accuracy,37,1.423303357702012,1.0351297146923724,0.8503086419753085,0.06635127729117964,0.027087795524217823,6,97.5,64,149
g2pre,A/RL/AL,visual_direction,time_resolved_trial_response,signal,balanced_accuracy,38,1.4879989648702852,1.0351297146923724,0.8475308641975309,0.062445220621100556,0.025493154566203068,6,97.5,64,149
g2pre,A/RL/AL,visual_direction,time_resolved_trial_response,signal,balanced_accuracy,39,1.5526945720385585,1.0351297146923724,0.8212962962962962,0.07397910578858372,0.03020184346823458,6,97.5,64,149
g2pre,A/RL/AL,visual_direction,time_resolved_trial_response,signal,balanced_accuracy,40,1.6173901792068317,1.0351297146923724,0.8228395061728396,0.06628146602868522,0.027059295195649355,6,97.5,64,149
g2pre,A/RL/AL,visual_direction,time_resolved_trial_response,signal,balanced_accuracy,41,1.682085786375105,1.0351297146923724,0.7969135802469136,0.07889555411476842,0.0322089750925534,6,97.5,64,149
g2pre,A/RL/AL,visual_direction,time_resolved_trial_response,signal,balanced_accuracy,42,1.7467813935433782,1.0351297146923724,0.7768518518518519,0.08052255603356319,0.03287319584448279,6,97.5,64,149
g2pre,A/RL/AL,visual_direction,time_resolved_trial_response,signal,balanced_accuracy,43,1.8114770007116516,1.0351297146923724,0.7771604938271605,0.08437348112064111,0.034445329427986754,6,97.5,64,149
g2pre,A/RL/AL,visual_direction,time_resolved_trial_response,signal,balanced_accuracy,44,1.8761726078799248,1.0351297146923724,0.7598765432098765,0.09540662142149979,0.03894959009426026,6,97.5,64,149
g2pre,A/RL/AL,visual_direction,time_resolved_trial_response,signal,balanced_accuracy,45,1.9408682150481982,1.0351297146923724,0.7558641975308641,0.09597107951056609,0.03918002914416008,6,97.5,64,149
g2pre,A/RL/AL,visual_direction,time_resolved_trial_response,signal,balanced_accuracy,46,2.0055638222164713,1.0351297146923724,0.7518518518518519,0.09611806868415537,0.0392400372229946,6,97.5,64,149
g2pre,AM/PM,auditory_direction,time_resolved_trial_response,signal,balanced_accuracy,0,-0.9704341075240991,1.0351297146923724,0.49506172839506174,0.05374625815071669,0.0310304166112514,3,176.66666666666666,159,186
g2pre,AM/PM,auditory_direction,time_resolved_trial_response,signal,balanced_accuracy,1,-0.9057385003558258,1.0351297146923724,0.46049382716049375,0.02527851262894227,0.014594556071033174,3,176.66666666666666,159,186
g2pre,AM/PM,auditory_direction,time_resolved_trial_response,signal,balanced_accuracy,2,-0.8410428931875525,1.0351297146923724,0.5092592592592592,0.026123585147529427,0.015082458917124225,3,176.66666666666666,159,186
g2pre,AM/PM,auditory_direction,time_resolved_trial_response,signal,balanced_accuracy,3,-0.7763472860192793,1.0351297146923724,0.5104938271604939,0.037830996163072915,0.021841735818461844,3,176.66666666666666,159,186
g2pre,AM/PM,auditory_direction,time_resolved_trial_response,signal,balanced_accuracy,4,-0.711651678851006,1.0351297146923724,0.5111111111111111,0.012830005981991664,0.0074074074074073955,3,176.66666666666666,159,186
g2pre,AM/PM,auditory_direction,time_resolved_trial_response,signal,balanced_accuracy,5,-0.6469560716827327,1.0351297146923724,0.478395061728395,0.020398409434392927,0.01177702717798696,3,176.66666666666666,159,186
g2pre,AM/PM,auditory_direction,time_resolved_trial_response,signal,balanced_accuracy,6,-0.5822604645144595,1.0351297146923724,0.5265432098765432,0.043600526880025456,0.02517277593099221,3,176.66666666666666,159,186
g2pre,AM/PM,auditory_direction,time_resolved_trial_response,signal,balanced_accuracy,7,-0.5175648573461862,1.0351297146923724,0.512962962962963,0.038888888888888924,0.022452510468485468,3,176.66666666666666,159,186
g2pre,AM/PM,auditory_direction,time_resolved_trial_response,signal,balanced_accuracy,8,-0.4528692501779129,1.0351297146923724,0.49012345679012354,0.047006892255545496,0.027139441897506927,3,176.66666666666666,159,186
g2pre,AM/PM,auditory_direction,time_resolved_trial_response,signal,balanced_accuracy,9,-0.38817364300963964,1.0351297146923724,0.5024691358024692,0.02315432016482843,0.013368152980066474,3,176.66666666666666,159,186
g2pre,AM/PM,auditory_direction,time_resolved_trial_response,signal,balanced_accuracy,10,-0.32347803584136636,1.0351297146923724,0.49382716049382713,0.0308394962883872,0.017805191483772815,3,176.66666666666666,159,186
g2pre,AM/PM,auditory_direction,time_resolved_trial_response,signal,balanced_accuracy,11,-0.2587824286730931,1.0351297146923724,0.4876543209876543,0.015082458917124165,0.008707861715843108,3,176.66666666666666,159,186
g2pre,AM/PM,auditory_direction,time_resolved_trial_response,signal,balanced_accuracy,12,-0.19408682150481982,1.0351297146923724,0.5271604938271605,0.01854935703866259,0.010709476279566324,3,176.66666666666666,159,186
g2pre,AM/PM,auditory_direction,time_resolved_trial_response,signal,balanced_accuracy,13,-0.12939121433654655,1.0351297146923724,0.5104938271604939,0.03751238173886051,0.02165778369487512,3,176.66666666666666,159,186
g2pre,AM/PM,auditory_direction,time_resolved_trial_response,signal,balanced_accuracy,14,-0.06469560716827327,1.0351297146923724,0.4771604938271605,0.01750302083797265,0.01010537379243514,3,176.66666666666666,159,186
g2pre,AM/PM,auditory_direction,time_resolved_trial_response,signal,balanced_accuracy,15,0.0,1.0351297146923724,0.5277777777777778,0.01766554076698051,0.010199204717196507,3,176.66666666666666,159,186
g2pre,AM/PM,auditory_direction,time_resolved_trial_response,signal,balanced_accuracy,16,0.06469560716827327,1.0351297146923724,0.4987654320987654,0.01891549808153649,0.010920867909230941,3,176.66666666666666,159,186
g2pre,AM/PM,auditory_direction,time_resolved_trial_response,signal,balanced_accuracy,17,0.12939121433654655,1.0351297146923724,0.5487654320987655,0.02672917912914935,0.015432098765432103,3,176.66666666666666,159,186
g2pre,AM/PM,auditory_direction,time_resolved_trial_response,signal,balanced_accuracy,18,0.19408682150481982,1.0351297146923724,0.5333333333333333,0.024216105241892626,0.013981174880131014,3,176.66666666666666,159,186
g2pre,AM/PM,auditory_direction,time_resolved_trial_response,signal,balanced_accuracy,19,0.2587824286730931,1.0351297146923724,0.5679012345679012,0.03360656194769427,0.019402757587039122,3,176.66666666666666,159,186
g2pre,AM/PM,auditory_direction,time_resolved_trial_response,signal,balanced_accuracy,20,0.32347803584136636,1.0351297146923724,0.6160493827160494,0.025947962416029282,0.0149810630858168,3,176.66666666666666,159,186
g2pre,AM/PM,auditory_direction,time_resolved_trial_response,signal,balanced_accuracy,21,0.38817364300963964,1.0351297146923724,0.6117283950617285,0.04589953443215143,0.026500108560081125,3,176.66666666666666,159,186
g2pre,AM/PM,auditory_direction,time_resolved_trial_response,signal,balanced_accuracy,22,0.4528692501779129,1.0351297146923724,0.6419753086419754,0.07859651378961476,0.04537771839380021,3,176.66666666666666,159,186
g2pre,AM/PM,auditory_direction,time_resolved_trial_response,signal,balanced_accuracy,23,0.5175648573461862,1.0351297146923724,0.6271604938271605,0.046897333119068026,0.027076187900569478,3,176.66666666666666,159,186
g2pre,AM/PM,auditory_direction,time_resolved_trial_response,signal,balanced_accuracy,24,0.5822604645144595,1.0351297146923724,0.6135802469135804,0.03999028231295199,0.023088400258351963,3,176.66666666666666,159,186
g2pre,AM/PM,auditory_direction,time_resolved_trial_response,signal,balanced_accuracy,25,0.6469560716827327,1.0351297146923724,0.6253086419753087,0.05355449685615804,0.03091970317621781,3,176.66666666666666,159,186
g2pre,AM/PM,auditory_direction,time_resolved_trial_response,signal,balanced_accuracy,26,0.711651678851006,1.0351297146923724,0.617283950617284,0.04292676210052772,0.0247837776541787,3,176.66666666666666,159,186
g2pre,AM/PM,auditory_direction,time_resolved_trial_response,signal,balanced_accuracy,27,0.7763472860192793,1.0351297146923724,0.5691358024691359,0.012048902034532745,0.00695643683307691,3,176.66666666666666,159,186
g2pre,AM/PM,auditory_direction,time_resolved_trial_response,signal,balanced_accuracy,28,0.8410428931875525,1.0351297146923724,0.5746913580246914,0.040796818868785945,0.02355405435597397,3,176.66666666666666,159,186
g2pre,AM/PM,auditory_direction,time_resolved_trial_response,signal,balanced_accuracy,29,0.9057385003558258,1.0351297146923724,0.5876543209876544,0.036398822192112545,0.021014869790801503,3,176.66666666666666,159,186
g2pre,AM/PM,auditory_direction,time_resolved_trial_response,signal,balanced_accuracy,30,0.9704341075240991,1.0351297146923724,0.6024691358024691,0.028768346167237203,0.016609412403794738,3,176.66666666666666,159,186
g2pre,AM/PM,auditory_direction,time_resolved_trial_response,signal,balanced_accuracy,31,1.0351297146923724,1.0351297146923724,0.5654320987654321,0.05556584266897688,0.032080954222682194,3,176.66666666666666,159,186
g2pre,AM/PM,auditory_direction,time_resolved_trial_response,signal,balanced_accuracy,32,1.0998253218606455,1.0351297146923724,0.554320987654321,0.035347255067210856,0.02040774722816855,3,176.66666666666666,159,186
g2pre,AM/PM,auditory_direction,time_resolved_trial_response,signal,balanced_accuracy,33,1.164520929028919,1.0351297146923724,0.5709876543209876,0.04162892666688247,0.02403447201719978,3,176.66666666666666,159,186
g2pre,AM/PM,auditory_direction,time_resolved_trial_response,signal,balanced_accuracy,34,1.229216536197192,1.0351297146923724,0.5740740740740741,0.09353226888277322,0.054000880617385574,3,176.66666666666666,159,186
g2pre,AM/PM,auditory_direction,time_resolved_trial_response,signal,balanced_accuracy,35,1.2939121433654655,1.0351297146923724,0.5858024691358025,0.040246724228896406,0.023236457067553975,3,176.66666666666666,159,186
g2pre,AM/PM,auditory_direction,time_resolved_trial_response,signal,balanced_accuracy,36,1.3586077505337386,1.0351297146923724,0.5734567901234567,0.06362218441904902,0.03673228530076996,3,176.66666666666666,159,186
g2pre,AM/PM,auditory_direction,time_resolved_trial_response,signal,balanced_accuracy,37,1.423303357702012,1.0351297146923724,0.5648148148148148,0.09570688562535222,0.055256396179097826,3,176.66666666666666,159,186
g2pre,AM/PM,auditory_direction,time_resolved_trial_response,signal,balanced_accuracy,38,1.4879989648702852,1.0351297146923724,0.562962962962963,0.0751769745562387,0.04340344649690606,3,176.66666666666666,159,186
g2pre,AM/PM,auditory_direction,time_resolved_trial_response,signal,balanced_accuracy,39,1.5526945720385585,1.0351297146923724,0.5734567901234567,0.0665722925979471,0.03843553105199529,3,176.66666666666666,159,186
g2pre,AM/PM,auditory_direction,time_resolved_trial_response,signal,balanced_accuracy,40,1.6173901792068317,1.0351297146923724,0.5722222222222223,0.06806657759070042,0.03929825689480744,3,176.66666666666666,159,186
g2pre,AM/PM,auditory_direction,time_resolved_trial_response,signal,balanced_accuracy,41,1.682085786375105,1.0351297146923724,0.562962962962963,0.07885062539275484,0.04552442979627734,3,176.66666666666666,159,186
g2pre,AM/PM,auditory_direction,time_resolved_trial_response,signal,balanced_accuracy,42,1.7467813935433782,1.0351297146923724,0.5487654320987655,0.05419106235478662,0.031287224438207854,3,176.66666666666666,159,186
g2pre,AM/PM,auditory_direction,time_resolved_trial_response,signal,balanced_accuracy,43,1.8114770007116516,1.0351297146923724,0.5617283950617283,0.059268903536198216,0.034218917411198,3,176.66666666666666,159,186
g2pre,AM/PM,auditory_direction,time_resolved_trial_response,signal,balanced_accuracy,44,1.8761726078799248,1.0351297146923724,0.5592592592592592,0.05250906251391782,0.03031612137730534,3,176.66666666666666,159,186
g2pre,AM/PM,auditory_direction,time_resolved_trial_response,signal,balanced_accuracy,45,1.9408682150481982,1.0351297146923724,0.5481481481481482,0.027279481227141217,0.015749815829843323,3,176.66666666666666,159,186
g2pre,AM/PM,auditory_direction,time_resolved_trial_response,signal,balanced_accuracy,46,2.0055638222164713,1.0351297146923724,0.5580246913580248,0.06503489970896754,0.03754791685369273,3,176.66666666666666,159,186
g2pre,AM/PM,congruency,time_resolved_trial_response,signal,balanced_accuracy,0,-0.9704341075240991,1.0351297146923724,0.47685185185185186,0.020848759720736503,0.012037037037037047,3,176.66666666666666,159,186
g2pre,AM/PM,congruency,time_resolved_trial_response,signal,balanced_accuracy,1,-0.9057385003558258,1.0351297146923724,0.5027777777777778,0.0055555555555555775,0.0032075014954979337,3,176.66666666666666,159,186
g2pre,AM/PM,congruency,time_resolved_trial_response,signal,balanced_accuracy,2,-0.8410428931875525,1.0351297146923724,0.5194444444444445,0.03918537772129417,0.022623688375686356,3,176.66666666666666,159,186
g2pre,AM/PM,congruency,time_resolved_trial_response,signal,balanced_accuracy,3,-0.7763472860192793,1.0351297146923724,0.49074074074074076,0.03219507157539577,0.01858783324063402,3,176.66666666666666,159,186
g2pre,AM/PM,congruency,time_resolved_trial_response,signal,balanced_accuracy,4,-0.711651678851006,1.0351297146923724,0.5203703703703705,0.006990587440065471,0.004036017540315417,3,176.66666666666666,159,186
g2pre,AM/PM,congruency,time_resolved_trial_response,signal,balanced_accuracy,5,-0.6469560716827327,1.0351297146923724,0.4768518518518518,0.033139870681802346,0.01913331325904797,3,176.66666666666666,159,186
g2pre,AM/PM,congruency,time_resolved_trial_response,signal,balanced_accuracy,6,-0.5822604645144595,1.0351297146923724,0.5203703703703703,0.028912027770363034,0.016692367016037032,3,176.66666666666666,159,186
g2pre,AM/PM,congruency,time_resolved_trial_response,signal,balanced_accuracy,7,-0.5175648573461862,1.0351297146923724,0.5222222222222223,0.032034896096307795,0.018495355884664996,3,176.66666666666666,159,186
g2pre,AM/PM,congruency,time_resolved_trial_response,signal,balanced_accuracy,8,-0.4528692501779129,1.0351297146923724,0.5185185185185186,0.03290621415540168,0.018998411600632637,3,176.66666666666666,159,186
g2pre,AM/PM,congruency,time_resolved_trial_response,signal,balanced_accuracy,9,-0.38817364300963964,1.0351297146923724,0.5268518518518518,0.05199220422728316,0.03001771310638393,3,176.66666666666666,159,186
g2pre,AM/PM,congruency,time_resolved_trial_response,signal,balanced_accuracy,10,-0.32347803584136636,1.0351297146923724,0.5148148148148148,0.037713725656326545,0.021774029659823828,3,176.66666666666666,159,186
g2pre,AM/PM,congruency,time_resolved_trial_response,signal,balanced_accuracy,11,-0.2587824286730931,1.0351297146923724,0.5407407407407407,0.04160489247900178,0.024020595872357116,3,176.66666666666666,159,186
g2pre,AM/PM,congruency,time_resolved_trial_response,signal,balanced_accuracy,12,-0.19408682150481982,1.0351297146923724,0.5120370370370371,0.013702452395322898,0.007911114578997708,3,176.66666666666666,159,186
g2pre,AM/PM,congruency,time_resolved_trial_response,signal,balanced_accuracy,13,-0.12939121433654655,1.0351297146923724,0.5398148148148149,0.015298807075794818,0.00883277038349029,3,176.66666666666666,159,186
g2pre,AM/PM,congruency,time_resolved_trial_response,signal,balanced_accuracy,14,-0.06469560716827327,1.0351297146923724,0.5185185185185185,0.050486318074872555,0.029148289330920736,3,176.66666666666666,159,186
g2pre,AM/PM,congruency,time_resolved_trial_response,signal,balanced_accuracy,15,0.0,1.0351297146923724,0.4953703703703704,0.026691732047036305,0.015410478682493772,3,176.66666666666666,159,186
g2pre,AM/PM,congruency,time_resolved_trial_response,signal,balanced_accuracy,16,0.06469560716827327,1.0351297146923724,0.5435185185185185,0.018073353051799163,0.01043465524961539,3,176.66666666666666,159,186
g2pre,AM/PM,congruency,time_resolved_trial_response,signal,balanced_accuracy,17,0.12939121433654655,1.0351297146923724,0.5046296296296297,0.01849535588466498,0.010678298698769257,3,176.66666666666666,159,186
g2pre,AM/PM,congruency,time_resolved_trial_response,signal,balanced_accuracy,18,0.19408682150481982,1.0351297146923724,0.4703703703703703,0.011226255234242685,0.00648148148148146,3,176.66666666666666,159,186
g2pre,AM/PM,congruency,time_resolved_trial_response,signal,balanced_accuracy,19,0.2587824286730931,1.0351297146923724,0.5083333333333333,0.034133904798457,0.019707219123882208,3,176.66666666666666,159,186
g2pre,AM/PM,congruency,time_resolved_trial_response,signal,balanced_accuracy,20,0.32347803584136636,1.0351297146923724,0.5296296296296297,0.009755234956345149,0.005632187528053919,3,176.66666666666666,159,186
g2pre,AM/PM,congruency,time_resolved_trial_response,signal,balanced_accuracy,21,0.38817364300963964,1.0351297146923724,0.5101851851851852,0.03699071176933,0.021356597397538535,3,176.66666666666666,159,186
g2pre,AM/PM,congruency,time_resolved_trial_response,signal,balanced_accuracy,22,0.4528692501779129,1.0351297146923724,0.5324074074074074,0.05338346409407252,0.03082095736498749,3,176.66666666666666,159,186
g2pre,AM/PM,congruency,time_resolved_trial_response,signal,balanced_accuracy,23,0.5175648573461862,1.0351297146923724,0.5277777777777778,0.044704102609530734,0.02580992567549322,3,176.66666666666666,159,186
g2pre,AM/PM,congruency,time_resolved_trial_response,signal,balanced_accuracy,24,0.5822604645144595,1.0351297146923724,0.5305555555555556,0.03737117790853805,0.02157625962542784,3,176.66666666666666,159,186
g2pre,AM/PM,congruency,time_resolved_trial_response,signal,balanced_accuracy,25,0.6469560716827327,1.0351297146923724,0.48148148148148145,0.02312962221629038,0.0133538936128296,3,176.66666666666666,159,186
g2pre,AM/PM,congruency,time_resolved_trial_response,signal,balanced_accuracy,26,0.711651678851006,1.0351297146923724,0.4740740740740741,0.022452510468485454,0.012962962962962968,3,176.66666666666666,159,186
g2pre,AM/PM,congruency,time_resolved_trial_response,signal,balanced_accuracy,27,0.7763472860192793,1.0351297146923724,0.5194444444444444,0.027357938338322438,0.015795113064103642,3,176.66666666666666,159,186
g2pre,AM/PM,congruency,time_resolved_trial_response,signal,balanced_accuracy,28,0.8410428931875525,1.0351297146923724,0.5305555555555556,0.04572799342542875,0.026401069313672726,3,176.66666666666666,159,186
g2pre,AM/PM,congruency,time_resolved_trial_response,signal,balanced_accuracy,29,0.9057385003558258,1.0351297146923724,0.5212962962962964,0.0195104699126903,0.011264375056107839,3,176.66666666666666,159,186
g2pre,AM/PM,congruency,time_resolved_trial_response,signal,balanced_accuracy,30,0.9704341075240991,1.0351297146923724,0.5203703703703705,0.04464653130089333,0.025776686864953813,3,176.66666666666666,159,186
g2pre,AM/PM,congruency,time_resolved_trial_response,signal,balanced_accuracy,31,1.0351297146923724,1.0351297146923724,0.5287037037037038,0.013981174880130953,0.008072035080630839,3,176.66666666666666,159,186
g2pre,AM/PM,congruency,time_resolved_trial_response,signal,balanced_accuracy,32,1.0998253218606455,1.0351297146923724,0.487037037037037,0.0347314802472427,0.02005222947009974,3,176.66666666666666,159,186
g2pre,AM/PM,congruency,time_resolved_trial_response,signal,balanced_accuracy,33,1.164520929028919,1.0351297146923724,0.5175925925925927,0.03450860213626711,0.01992355073273151,3,176.66666666666666,159,186
g2pre,AM/PM,congruency,time_resolved_trial_response,signal,balanced_accuracy,34,1.229216536197192,1.0351297146923724,0.525,0.053647799766188824,0.030973571636440256,3,176.66666666666666,159,186
g2pre,AM/PM,congruency,time_resolved_trial_response,signal,balanced_accuracy,35,1.2939121433654655,1.0351297146923724,0.48148148148148157,0.06896128215320527,0.039814814814814796,3,176.66666666666666,159,186
g2pre,AM/PM,congruency,time_resolved_trial_response,signal,balanced_accuracy,36,1.3586077505337386,1.0351297146923724,0.513888888888889,0.012108052620946394,0.006990587440065554,3,176.66666666666666,159,186
g2pre,AM/PM,congruency,time_resolved_trial_response,signal,balanced_accuracy,37,1.423303357702012,1.0351297146923724,0.5092592592592593,0.05445672575012076,0.03144060527101785,3,176.66666666666666,159,186
g2pre,AM/PM,congruency,time_resolved_trial_response,signal,balanced_accuracy,38,1.4879989648702852,1.0351297146923724,0.5111111111111111,0.024056261216234432,0.013888888888888904,3,176.66666666666666,159,186
g2pre,AM/PM,congruency,time_resolved_trial_response,signal,balanced_accuracy,39,1.5526945720385585,1.0351297146923724,0.49722222222222223,0.02735793833832251,0.015795113064103684,3,176.66666666666666,159,186
g2pre,AM/PM,congruency,time_resolved_trial_response,signal,balanced_accuracy,40,1.6173901792068317,1.0351297146923724,0.4953703703703704,0.030973571636440295,0.017882599922062963,3,176.66666666666666,159,186
g2pre,AM/PM,congruency,time_resolved_trial_response,signal,balanced_accuracy,41,1.682085786375105,1.0351297146923724,0.512037037037037,0.08100132092607841,0.04676613444138664,3,176.66666666666666,159,186
g2pre,AM/PM,congruency,time_resolved_trial_response,signal,balanced_accuracy,42,1.7467813935433782,1.0351297146923724,0.5092592592592593,0.010516496936667199,0.006071702337316682,3,176.66666666666666,159,186
g2pre,AM/PM,congruency,time_resolved_trial_response,signal,balanced_accuracy,43,1.8114770007116516,1.0351297146923724,0.48148148148148145,0.029177687512201306,0.016845745739500206,3,176.66666666666666,159,186
g2pre,AM/PM,congruency,time_resolved_trial_response,signal,balanced_accuracy,44,1.8761726078799248,1.0351297146923724,0.48888888888888893,0.041943524640393,0.024216105241892598,3,176.66666666666666,159,186
g2pre,AM/PM,congruency,time_resolved_trial_response,signal,balanced_accuracy,45,1.9408682150481982,1.0351297146923724,0.487962962962963,0.03892194362404386,0.02247159462872516,3,176.66666666666666,159,186
g2pre,AM/PM,congruency,time_resolved_trial_response,signal,balanced_accuracy,46,2.0055638222164713,1.0351297146923724,0.5083333333333333,0.07120003121097936,0.04110735718596868,3,176.66666666666666,159,186
g2pre,AM/PM,modality,time_resolved_trial_response,signal,balanced_accuracy,0,-0.9704341075240991,1.0351297146923724,0.31882716049382714,0.0059528708401191,0.003436891581993836,3,176.66666666666666,159,186
g2pre,AM/PM,modality,time_resolved_trial_response,signal,balanced_accuracy,1,-0.9057385003558258,1.0351297146923724,0.329320987654321,0.015391923012088483,0.00888653089437528,3,176.66666666666666,159,186
g2pre,AM/PM,modality,time_resolved_trial_response,signal,balanced_accuracy,2,-0.8410428931875525,1.0351297146923724,0.33580246913580253,0.012571241885442178,0.007258009886607941,3,176.66666666666666,159,186
g2pre,AM/PM,modality,time_resolved_trial_response,signal,balanced_accuracy,3,-0.7763472860192793,1.0351297146923724,0.35092592592592586,0.026707787225659165,0.015419748144193567,3,176.66666666666666,159,186
g2pre,AM/PM,modality,time_resolved_trial_response,signal,balanced_accuracy,4,-0.711651678851006,1.0351297146923724,0.3219135802469136,0.001069167165165931,0.0006172839506172593,3,176.66666666666666,159,186
g2pre,AM/PM,modality,time_resolved_trial_response,signal,balanced_accuracy,5,-0.6469560716827327,1.0351297146923724,0.33641975308641975,0.016572091060072586,0.009567901234567898,3,176.66666666666666,159,186
g2pre,AM/PM,modality,time_resolved_trial_response,signal,balanced_accuracy,6,-0.5822604645144595,1.0351297146923724,0.35493827160493824,0.02422200513362152,0.013984581184208884,3,176.66666666666666,159,186
g2pre,AM/PM,modality,time_resolved_trial_response,signal,balanced_accuracy,7,-0.5175648573461862,1.0351297146923724,0.32253086419753085,0.009320783253420662,0.005381356720420576,3,176.66666666666666,159,186
g2pre,AM/PM,modality,time_resolved_trial_response,signal,balanced_accuracy,8,-0.4528692501779129,1.0351297146923724,0.32623456790123456,0.019649128447403717,0.011344429598450069,3,176.66666666666666,159,186
g2pre,AM/PM,modality,time_resolved_trial_response,signal,balanced_accuracy,9,-0.38817364300963964,1.0351297146923724,0.3410493827160494,0.015749815829843316,0.009093160409047068,3,176.66666666666666,159,186
g2pre,AM/PM,modality,time_resolved_trial_response,signal,balanced_accuracy,10,-0.32347803584136636,1.0351297146923724,0.31049382716049384,0.03148602000691145,0.018178462126700268,3,176.66666666666666,159,186
g2pre,AM/PM,modality,time_resolved_trial_response,signal,balanced_accuracy,11,-0.2587824286730931,1.0351297146923724,0.3333333333333333,0.005155337372990791,0.0029764354200595713,3,176.66666666666666,159,186
g2pre,AM/PM,modality,time_resolved_trial_response,signal,balanced_accuracy,12,-0.19408682150481982,1.0351297146923724,0.3419753086419753,0.010157088069076755,0.0058641975308642,3,176.66666666666666,159,186
g2pre,AM/PM,modality,time_resolved_trial_response,signal,balanced_accuracy,13,-0.12939121433654655,1.0351297146923724,0.3327160493827161,0.01330028483112053,0.007678923027546135,3,176.66666666666666,159,186
g2pre,AM/PM,modality,time_resolved_trial_response,signal,balanced_accuracy,14,-0.06469560716827327,1.0351297146923724,0.3432098765432099,0.018269936527097196,0.010548152771996942,3,176.66666666666666,159,186
g2pre,AM/PM,modality,time_resolved_trial_response,signal,balanced_accuracy,15,0.0,1.0351297146923724,0.3435185185185185,0.03367876570272817,0.019444444444444445,3,176.66666666666666,159,186
g2pre,AM/PM,modality,time_resolved_trial_response,signal,balanced_accuracy,16,0.06469560716827327,1.0351297146923724,0.3358024691358024,0.035006041675945246,0.020210747584870247,3,176.66666666666666,159,186
g2pre,AM/PM,modality,time_resolved_trial_response,signal,balanced_accuracy,17,0.12939121433654655,1.0351297146923724,0.3410493827160494,0.0181994110960563,0.010507434895400767,3,176.66666666666666,159,186
g2pre,AM/PM,modality,time_resolved_trial_response,signal,balanced_accuracy,18,0.19408682150481982,1.0351297146923724,0.4351851851851851,0.008832770383490226,0.005099602358598236,3,176.66666666666666,159,186
g2pre,AM/PM,modality,time_resolved_trial_response,signal,balanced_accuracy,19,0.2587824286730931,1.0351297146923724,0.6064814814814814,0.06613081976173742,0.038180646591169716,3,176.66666666666666,159,186
g2pre,AM/PM,modality,time_resolved_trial_response,signal,balanced_accuracy,20,0.32347803584136636,1.0351297146923724,0.6648148148148149,0.09978113910035614,0.05760866751963812,3,176.66666666666666,159,186
g2pre,AM/PM,modality,time_resolved_trial_response,signal,balanced_accuracy,21,0.38817364300963964,1.0351297146923724,0.7024691358024691,0.10513371414982617,0.0606989781653073,3,176.66666666666666,159,186
g2pre,AM/PM,modality,time_resolved_trial_response,signal,balanced_accuracy,22,0.4528692501779129,1.0351297146923724,0.7604938271604939,0.08011444431802485,0.046254095992988936,3,176.66666666666666,159,186
g2pre,AM/PM,modality,time_resolved_trial_response,signal,balanced_accuracy,23,0.5175648573461862,1.0351297146923724,0.782716049382716,0.07375122545152234,0.042580289867501196,3,176.66666666666666,159,186
g2pre,AM/PM,modality,time_resolved_trial_response,signal,balanced_accuracy,24,0.5822604645144595,1.0351297146923724,0.7839506172839507,0.07076723697439011,0.040857483316970165,3,176.66666666666666,159,186
g2pre,AM/PM,modality,time_resolved_trial_response,signal,balanced_accuracy,25,0.6469560716827327,1.0351297146923724,0.7978395061728395,0.05130610059177406,0.029621590987730772,3,176.66666666666666,159,186
g2pre,AM/PM,modality,time_resolved_trial_response,signal,balanced_accuracy,26,0.711651678851006,1.0351297146923724,0.8037037037037038,0.056161815496743504,0.03242503929522296,3,176.66666666666666,159,186
g2pre,AM/PM,modality,time_resolved_trial_response,signal,balanced_accuracy,27,0.7763472860192793,1.0351297146923724,0.816358024691358,0.03750095258659027,0.021651185070735286,3,176.66666666666666,159,186
g2pre,AM/PM,modality,time_resolved_trial_response,signal,balanced_accuracy,28,0.8410428931875525,1.0351297146923724,0.8250000000000002,0.04698560909764919,0.02712715406056629,3,176.66666666666666,159,186
g2pre,AM/PM,modality,time_resolved_trial_response,signal,balanced_accuracy,29,0.9057385003558258,1.0351297146923724,0.8324074074074076,0.04351851851851851,0.02512542838140038,3,176.66666666666666,159,186
g2pre,AM/PM,modality,time_resolved_trial_response,signal,balanced_accuracy,30,0.9704341075240991,1.0351297146923724,0.8364197530864198,0.04770390978408041,0.027541865155236444,3,176.66666666666666,159,186
g2pre,AM/PM,modality,time_resolved_trial_response,signal,balanced_accuracy,31,1.0351297146923724,1.0351297146923724,0.8320987654320988,0.04329466988887285,0.024996189314816727,3,176.66666666666666,159,186
g2pre,AM/PM,modality,time_resolved_trial_response,signal,balanced_accuracy,32,1.0998253218606455,1.0351297146923724,0.8314814814814815,0.035729224780693854,0.020628277545070243,3,176.66666666666666,159,186
g2pre,AM/PM,modality,time_resolved_trial_response,signal,balanced_accuracy,33,1.164520929028919,1.0351297146923724,0.8212962962962963,0.06015668841029926,0.034731480247242714,3,176.66666666666666,159,186
g2pre,AM/PM,modality,time_resolved_trial_response,signal,balanced_accuracy,34,1.229216536197192,1.0351297146923724,0.8308641975308642,0.04357102165149351,0.025155741079356794,3,176.66666666666666,159,186
g2pre,AM/PM,modality,time_resolved_trial_response,signal,balanced_accuracy,35,1.2939121433654655,1.0351297146923724,0.8101851851851851,0.04582164085799487,0.026455136684073698,3,176.66666666666666,159,186
g2pre,AM/PM,modality,time_resolved_trial_response,signal,balanced_accuracy,36,1.3586077505337386,1.0351297146923724,0.8135802469135802,0.06234949872176233,0.03599749987084771,3,176.66666666666666,159,186
g2pre,AM/PM,modality,time_resolved_trial_response,signal,balanced_accuracy,37,1.423303357702012,1.0351297146923724,0.8089506172839506,0.02415111130801199,0.013943650614909337,3,176.66666666666666,159,186
g2pre,AM/PM,modality,time_resolved_trial_response,signal,balanced_accuracy,38,1.4879989648702852,1.0351297146923724,0.7959876543209875,0.04905077480910546,0.02831947803999675,3,176.66666666666666,159,186
g2pre,AM/PM,modality,time_resolved_trial_response,signal,balanced_accuracy,39,1.5526945720385585,1.0351297146923724,0.7925925925925926,0.03455825482689163,0.019952217727029566,3,176.66666666666666,159,186
g2pre,AM/PM,modality,time_resolved_trial_response,signal,balanced_accuracy,40,1.6173901792068317,1.0351297146923724,0.7901234567901234,0.022724518684197413,0.013120006979526058,3,176.66666666666666,159,186
g2pre,AM/PM,modality,time_resolved_trial_response,signal,balanced_accuracy,41,1.682085786375105,1.0351297146923724,0.778395061728395,0.03717950992056306,0.021465600060975448,3,176.66666666666666,159,186
g2pre,AM/PM,modality,time_resolved_trial_response,signal,balanced_accuracy,42,1.7467813935433782,1.0351297146923724,0.766358024691358,0.015280115795662411,0.008821978967874344,3,176.66666666666666,159,186
g2pre,AM/PM,modality,time_resolved_trial_response,signal,balanced_accuracy,43,1.8114770007116516,1.0351297146923724,0.7617283950617285,0.01496834031232367,0.008641975308641997,3,176.66666666666666,159,186
g2pre,AM/PM,modality,time_resolved_trial_response,signal,balanced_accuracy,44,1.8761726078799248,1.0351297146923724,0.7626543209876543,0.03521360126092117,0.020330582167128984,3,176.66666666666666,159,186
g2pre,AM/PM,modality,time_resolved_trial_response,signal,balanced_accuracy,45,1.9408682150481982,1.0351297146923724,0.7450617283950618,0.046897333119068046,0.02707618790056949,3,176.66666666666666,159,186
g2pre,AM/PM,modality,time_resolved_trial_response,signal,balanced_accuracy,46,2.0055638222164713,1.0351297146923724,0.7345679012345679,0.023594462782242448,0.013622269438712285,3,176.66666666666666,159,186
g2pre,AM/PM,trial_type,time_resolved_trial_response,signal,balanced_accuracy,0,-0.9704341075240991,1.0351297146923724,0.13333333333333333,0.012108052620946316,0.00699058744006551,3,176.66666666666666,159,186
g2pre,AM/PM,trial_type,time_resolved_trial_response,signal,balanced_accuracy,1,-0.9057385003558258,1.0351297146923724,0.11388888888888889,0.01111111111111111,0.006415002990995841,3,176.66666666666666,159,186
g2pre,AM/PM,trial_type,time_resolved_trial_response,signal,balanced_accuracy,2,-0.8410428931875525,1.0351297146923724,0.11666666666666665,0.011111111111111108,0.00641500299099584,3,176.66666666666666,159,186
g2pre,AM/PM,trial_type,time_resolved_trial_response,signal,balanced_accuracy,3,-0.7763472860192793,1.0351297146923724,0.12916666666666668,0.02182810228541904,0.012602460730385368,3,176.66666666666666,159,186
g2pre,AM/PM,trial_type,time_resolved_trial_response,signal,balanced_accuracy,4,-0.711651678851006,1.0351297146923724,0.1337962962962963,0.012904962837746625,0.00745068376825513,3,176.66666666666666,159,186
g2pre,AM/PM,trial_type,time_resolved_trial_response,signal,balanced_accuracy,5,-0.6469560716827327,1.0351297146923724,0.1111111111111111,0.014698618394803277,0.008486251286955257,3,176.66666666666666,159,186
g2pre,AM/PM,trial_type,time_resolved_trial_response,signal,balanced_accuracy,6,-0.5822604645144595,1.0351297146923724,0.14259259259259258,0.023295825232239113,0.013449850968827727,3,176.66666666666666,159,186
g2pre,AM/PM,trial_type,time_resolved_trial_response,signal,balanced_accuracy,7,-0.5175648573461862,1.0351297146923724,0.12175925925925928,0.0165699353409012,0.009566656629524,3,176.66666666666666,159,186
g2pre,AM/PM,trial_type,time_resolved_trial_response,signal,balanced_accuracy,8,-0.4528692501779129,1.0351297146923724,0.11944444444444442,0.008448281292080856,0.004877617478172562,3,176.66666666666666,159,186
g2pre,AM/PM,trial_type,time_resolved_trial_response,signal,balanced_accuracy,9,-0.38817364300963964,1.0351297146923724,0.12870370370370368,0.005258248468333574,0.0030358511686583265,3,176.66666666666666,159,186
g2pre,AM/PM,trial_type,time_resolved_trial_response,signal,balanced_accuracy,10,-0.32347803584136636,1.0351297146923724,0.12685185185185185,0.023908798766065463,0.013803751403588487,3,176.66666666666666,159,186
g2pre,AM/PM,trial_type,time_resolved_trial_response,signal,balanced_accuracy,11,-0.2587824286730931,1.0351297146923724,0.13055555555555556,0.015023130314433291,0.008673608331108888,3,176.66666666666666,159,186
g2pre,AM/PM,trial_type,time_resolved_trial_response,signal,balanced_accuracy,12,-0.19408682150481982,1.0351297146923724,0.1328703703703704,0.024896906777312492,0.014374235829870385,3,176.66666666666666,159,186
g2pre,AM/PM,trial_type,time_resolved_trial_response,signal,balanced_accuracy,13,-0.12939121433654655,1.0351297146923724,0.12638888888888888,0.002777777777777768,0.001603750747748955,3,176.66666666666666,159,186
g2pre,AM/PM,trial_type,time_resolved_trial_response,signal,balanced_accuracy,14,-0.06469560716827327,1.0351297146923724,0.1273148148148148,0.014850939752171716,0.008574194063635255,3,176.66666666666666,159,186
g2pre,AM/PM,trial_type,time_resolved_trial_response,signal,balanced_accuracy,15,0.0,1.0351297146923724,0.13194444444444445,0.006364688465216449,0.0036746545987008227,3,176.66666666666666,159,186
g2pre,AM/PM,trial_type,time_resolved_trial_response,signal,balanced_accuracy,16,0.06469560716827327,1.0351297146923724,0.13055555555555556,0.0048112522432468925,0.0027777777777777844,3,176.66666666666666,159,186
g2pre,AM/PM,trial_type,time_resolved_trial_response,signal,balanced_accuracy,17,0.12939121433654655,1.0351297146923724,0.1365740740740741,0.005258248468333566,0.0030358511686583217,3,176.66666666666666,159,186
g2pre,AM/PM,trial_type,time_resolved_trial_response,signal,balanced_accuracy,18,0.19408682150481982,1.0351297146923724,0.18333333333333335,0.026388888888888882,0.015235632103615119,3,176.66666666666666,159,186
g2pre,AM/PM,trial_type,time_resolved_trial_response,signal,balanced_accuracy,19,0.2587824286730931,1.0351297146923724,0.39351851851851855,0.050696029909251046,0.029269366514951413,3,176.66666666666666,159,186
g2pre,AM/PM,trial_type,time_resolved_trial_response,signal,balanced_accuracy,20,0.32347803584136636,1.0351297146923724,0.46296296296296297,0.07569550627865501,0.04370282092642648,3,176.66666666666666,159,186
g2pre,AM/PM,trial_type,time_resolved_trial_response,signal,balanced_accuracy,21,0.38817364300963964,1.0351297146923724,0.5064814814814814,0.08207773215206632,0.04738760075246949,3,176.66666666666666,159,186
g2pre,AM/PM,trial_type,time_resolved_trial_response,signal,balanced_accuracy,22,0.4528692501779129,1.0351297146923724,0.5472222222222223,0.0557115864448099,0.0321650994308921,3,176.66666666666666,159,186
g2pre,AM/PM,trial_type,time_resolved_trial_response,signal,balanced_accuracy,23,0.5175648573461862,1.0351297146923724,0.5768518518518518,0.06458457784543654,0.037287923404561135,3,176.66666666666666,159,186
g2pre,AM/PM,trial_type,time_resolved_trial_response,signal,balanced_accuracy,24,0.5822604645144595,1.0351297146923724,0.5648148148148148,0.059192308823598896,0.03417469543326028,3,176.66666666666666,159,186
g2pre,AM/PM,trial_type,time_resolved_trial_response,signal,balanced_accuracy,25,0.6469560716827327,1.0351297146923724,0.5736111111111111,0.055555555555555636,0.032075014954979254,3,176.66666666666666,159,186
g2pre,AM/PM,trial_type,time_resolved_trial_response,signal,balanced_accuracy,26,0.711651678851006,1.0351297146923724,0.5717592592592592,0.06540079032003819,0.03775916389648832,3,176.66666666666666,159,186
g2pre,AM/PM,trial_type,time_resolved_trial_response,signal,balanced_accuracy,27,0.7763472860192793,1.0351297146923724,0.547685185185185,0.059192308823598994,0.03417469543326034,3,176.66666666666666,159,186
g2pre,AM/PM,trial_type,time_resolved_trial_response,signal,balanced_accuracy,28,0.8410428931875525,1.0351297146923724,0.5527777777777777,0.0330718913883074,0.019094065395649343,3,176.66666666666666,159,186
g2pre,AM/PM,trial_type,time_resolved_trial_response,signal,balanced_accuracy,29,0.9057385003558258,1.0351297146923724,0.5393518518518519,0.06703217702866017,0.0387010454518636,3,176.66666666666666,159,186
g2pre,AM/PM,trial_type,time_resolved_trial_response,signal,balanced_accuracy,30,0.9704341075240991,1.0351297146923724,0.5324074074074074,0.052010751895710985,0.030028421607743577,3,176.66666666666666,159,186
g2pre,AM/PM,trial_type,time_resolved_trial_response,signal,balanced_accuracy,31,1.0351297146923724,1.0351297146923724,0.5268518518518519,0.06724766124101891,0.03882545531987503,3,176.66666666666666,159,186
g2pre,AM/PM,trial_type,time_resolved_trial_response,signal,balanced_accuracy,32,1.0998253218606455,1.0351297146923724,0.5226851851851851,0.054172601764111414,0.03127656621121212,3,176.66666666666666,159,186
g2pre,AM/PM,trial_type,time_resolved_trial_response,signal,balanced_accuracy,33,1.164520929028919,1.0351297146923724,0.5226851851851851,0.06813109941736537,0.039335508588801055,3,176.66666666666666,159,186
g2pre,AM/PM,trial_type,time_resolved_trial_response,signal,balanced_accuracy,34,1.229216536197192,1.0351297146923724,0.5587962962962963,0.06250514382125061,0.03608736161093531,3,176.66666666666666,159,186
g2pre,AM/PM,trial_type,time_resolved_trial_response,signal,balanced_accuracy,35,1.2939121433654655,1.0351297146923724,0.5319444444444444,0.05138888888888886,0.02966938883335575,3,176.66666666666666,159,186
g2pre,AM/PM,trial_type,time_resolved_trial_response,signal,balanced_accuracy,36,1.3586077505337386,1.0351297146923724,0.5356481481481481,0.04199714618954292,0.024247063657728673,3,176.66666666666666,159,186
g2pre,AM/PM,trial_type,time_resolved_trial_response,signal,balanced_accuracy,37,1.423303357702012,1.0351297146923724,0.525,0.04570689631084537,0.026388888888888885,3,176.66666666666666,159,186
g2pre,AM/PM,trial_type,time_resolved_trial_response,signal,balanced_accuracy,38,1.4879989648702852,1.0351297146923724,0.5097222222222223,0.08083046959417475,0.046667493378920656,3,176.66666666666666,159,186
g2pre,AM/PM,trial_type,time_resolved_trial_response,signal,balanced_accuracy,39,1.5526945720385585,1.0351297146923724,0.512962962962963,0.04702436764341842,0.027149531317399552,3,176.66666666666666,159,186
g2pre,AM/PM,trial_type,time_resolved_trial_response,signal,balanced_accuracy,40,1.6173901792068317,1.0351297146923724,0.5027777777777778,0.05653647899179891,0.032641351364948716,3,176.66666666666666,159,186
g2pre,AM/PM,trial_type,time_resolved_trial_response,signal,balanced_accuracy,41,1.682085786375105,1.0351297146923724,0.487962962962963,0.07195910046629057,0.041545606024856185,3,176.66666666666666,159,186
g2pre,AM/PM,trial_type,time_resolved_trial_response,signal,balanced_accuracy,42,1.7467813935433782,1.0351297146923724,0.4888888888888889,0.020459610920355944,0.011812361872382512,3,176.66666666666666,159,186
g2pre,AM/PM,trial_type,time_resolved_trial_response,signal,balanced_accuracy,43,1.8114770007116516,1.0351297146923724,0.4703703703703703,0.046570944597017064,0.02688774739950295,3,176.66666666666666,159,186
g2pre,AM/PM,trial_type,time_resolved_trial_response,signal,balanced_accuracy,44,1.8761726078799248,1.0351297146923724,0.46296296296296297,0.037276425432223495,0.021521554257721245,3,176.66666666666666,159,186
g2pre,AM/PM,trial_type,time_resolved_trial_response,signal,balanced_accuracy,45,1.9408682150481982,1.0351297146923724,0.4388888888888889,0.03370739194308776,0.01946097181202194,3,176.66666666666666,159,186
g2pre,AM/PM,trial_type,time_resolved_trial_response,signal,balanced_accuracy,46,2.0055638222164713,1.0351297146923724,0.42407407407407405,0.0340867780262962,0.019680010469289133,3,176.66666666666666,159,186
g2pre,AM/PM,visual_direction,time_resolved_trial_response,signal,balanced_accuracy,0,-0.9704341075240991,1.0351297146923724,0.5037037037037037,0.045849697789407236,0.026471335360977257,3,176.66666666666666,159,186
g2pre,AM/PM,visual_direction,time_resolved_trial_response,signal,balanced_accuracy,1,-0.9057385003558258,1.0351297146923724,0.48209876543209873,0.020398409434392965,0.01177702717798698,3,176.66666666666666,159,186
g2pre,AM/PM,visual_direction,time_resolved_trial_response,signal,balanced_accuracy,2,-0.8410428931875525,1.0351297146923724,0.4907407407407407,0.05293187380724612,0.03056023159132485,3,176.66666666666666,159,186
g2pre,AM/PM,visual_direction,time_resolved_trial_response,signal,balanced_accuracy,3,-0.7763472860192793,1.0351297146923724,0.5024691358024692,0.02882788747860658,0.01664378859594175,3,176.66666666666666,159,186
g2pre,AM/PM,visual_direction,time_resolved_trial_response,signal,balanced_accuracy,4,-0.711651678851006,1.0351297146923724,0.4851851851851852,0.053125882547337286,0.030672242589641623,3,176.66666666666666,159,186
g2pre,AM/PM,visual_direction,time_resolved_trial_response,signal,balanced_accuracy,5,-0.6469560716827327,1.0351297146923724,0.48518518518518516,0.027962349760262042,0.016144070161261757,3,176.66666666666666,159,186
g2pre,AM/PM,visual_direction,time_resolved_trial_response,signal,balanced_accuracy,6,-0.5822604645144595,1.0351297146923724,0.5135802469135803,0.0010691671651660312,0.0006172839506173172,3,176.66666666666666,159,186
g2pre,AM/PM,visual_direction,time_resolved_trial_response,signal,balanced_accuracy,7,-0.5175648573461862,1.0351297146923724,0.4969135802469136,0.010691671651659728,0.006172839506172835,3,176.66666666666666,159,186
g2pre,AM/PM,visual_direction,time_resolved_trial_response,signal,balanced_accuracy,8,-0.4528692501779129,1.0351297146923724,0.4858024691358025,0.019801253002895623,0.011432258751513673,3,176.66666666666666,159,186
g2pre,AM/PM,visual_direction,time_resolved_trial_response,signal,balanced_accuracy,9,-0.38817364300963964,1.0351297146923724,0.49506172839506174,0.01854935703866259,0.010709476279566324,3,176.66666666666666,159,186
g2pre,AM/PM,visual_direction,time_resolved_trial_response,signal,balanced_accuracy,10,-0.32347803584136636,1.0351297146923724,0.5450617283950617,0.004276668660663973,0.0024691358024691813,3,176.66666666666666,159,186
g2pre,AM/PM,visual_direction,time_resolved_trial_response,signal,balanced_accuracy,11,-0.2587824286730931,1.0351297146923724,0.5148148148148147,0.03758848727811929,0.021701723248452997,3,176.66666666666666,159,186
g2pre,AM/PM,visual_direction,time_resolved_trial_response,signal,balanced_accuracy,12,-0.19408682150481982,1.0351297146923724,0.5092592592592592,0.04728572346223597,0.02730042516974814,3,176.66666666666666,159,186
g2pre,AM/PM,visual_direction,time_resolved_trial_response,signal,balanced_accuracy,13,-0.12939121433654655,1.0351297146923724,0.49444444444444446,0.05465316504953225,0.03155401955341249,3,176.66666666666666,159,186
g2pre,AM/PM,visual_direction,time_resolved_trial_response,signal,balanced_accuracy,14,-0.06469560716827327,1.0351297146923724,0.5191358024691358,0.023594462782242538,0.013622269438712337,3,176.66666666666666,159,186
g2pre,AM/PM,visual_direction,time_resolved_trial_response,signal,balanced_accuracy,15,0.0,1.0351297146923724,0.5209876543209876,0.03416319531363378,0.019724130010704225,3,176.66666666666666,159,186
g2pre,AM/PM,visual_direction,time_resolved_trial_response,signal,balanced_accuracy,16,0.06469560716827327,1.0351297146923724,0.49074074074074076,0.0472494474895299,0.027279481227141175,3,176.66666666666666,159,186
g2pre,AM/PM,visual_direction,time_resolved_trial_response,signal,balanced_accuracy,17,0.12939121433654655,1.0351297146923724,0.5308641975308642,0.02330195813355167,0.013453391801051446,3,176.66666666666666,159,186
g2pre,AM/PM,visual_direction,time_resolved_trial_response,signal,balanced_accuracy,18,0.19408682150481982,1.0351297146923724,0.5395061728395062,0.04949447230963231,0.028575646911364695,3,176.66666666666666,159,186
g2pre,AM/PM,visual_direction,time_resolved_trial_response,signal,balanced_accuracy,19,0.2587824286730931,1.0351297146923724,0.9234567901234568,0.01760071287578186,0.010161776316761968,3,176.66666666666666,159,186
g2pre,AM/PM,visual_direction,time_resolved_trial_response,signal,balanced_accuracy,20,0.32347803584136636,1.0351297146923724,0.9648148148148148,0.03212842883869907,0.01854935703866264,3,176.66666666666666,159,186
g2pre,AM/PM,visual_direction,time_resolved_trial_response,signal,balanced_accuracy,21,0.38817364300963964,1.0351297146923724,0.9851851851851853,0.009259259259259231,0.005345835825829852,3,176.66666666666666,159,186
g2pre,AM/PM,visual_direction,time_resolved_trial_response,signal,balanced_accuracy,22,0.4528692501779129,1.0351297146923724,0.9913580246913579,0.005657500857970154,0.003266359643289607,3,176.66666666666666,159,186
g2pre,AM/PM,visual_direction,time_resolved_trial_response,signal,balanced_accuracy,23,0.5175648573461862,1.0351297146923724,0.9925925925925925,0.008072035080630997,0.004660391626710409,3,176.66666666666666,159,186
g2pre,AM/PM,visual_direction,time_resolved_trial_response,signal,balanced_accuracy,24,0.5822604645144595,1.0351297146923724,0.9925925925925926,0.006676946806414774,0.003854937036048382,3,176.66666666666666,159,186
g2pre,AM/PM,visual_direction,time_resolved_trial_response,signal,balanced_accuracy,25,0.6469560716827327,1.0351297146923724,0.9932098765432098,0.004660391626710319,0.0026906783602102806,3,176.66666666666666,159,186
g2pre,AM/PM,visual_direction,time_resolved_trial_response,signal,balanced_accuracy,26,0.711651678851006,1.0351297146923724,0.9888888888888889,0.0037037037037036535,0.0021383343303319185,3,176.66666666666666,159,186
g2pre,AM/PM,visual_direction,time_resolved_trial_response,signal,balanced_accuracy,27,0.7763472860192793,1.0351297146923724,0.9746913580246913,0.00913496826354856,0.005274076385998449,3,176.66666666666666,159,186
g2pre,AM/PM,visual_direction,time_resolved_trial_response,signal,balanced_accuracy,28,0.8410428931875525,1.0351297146923724,0.9493827160493827,0.02381148336047651,0.013747566327975408,3,176.66666666666666,159,186
g2pre,AM/PM,visual_direction,time_resolved_trial_response,signal,balanced_accuracy,29,0.9057385003558258,1.0351297146923724,0.9481481481481482,0.02910413638055871,0.016803280973847153,3,176.66666666666666,159,186
g2pre,AM/PM,visual_direction,time_resolved_trial_response,signal,balanced_accuracy,30,0.9704341075240991,1.0351297146923724,0.9530864197530864,0.023811483360476365,0.013747566327975325,3,176.66666666666666,159,186
g2pre,AM/PM,visual_direction,time_resolved_trial_response,signal,balanced_accuracy,31,1.0351297146923724,1.0351297146923724,0.9592592592592593,0.03048532895028581,0.017600712875781806,3,176.66666666666666,159,186
g2pre,AM/PM,visual_direction,time_resolved_trial_response,signal,balanced_accuracy,32,1.0998253218606455,1.0351297146923724,0.9679012345679011,0.023594462782242438,0.013622269438712278,3,176.66666666666666,159,186
g2pre,AM/PM,visual_direction,time_resolved_trial_response,signal,balanced_accuracy,33,1.164520929028919,1.0351297146923724,0.9814814814814814,0.00667694680641482,0.0038549370360484087,3,176.66666666666666,159,186
g2pre,AM/PM,visual_direction,time_resolved_trial_response,signal,balanced_accuracy,34,1.229216536197192,1.0351297146923724,0.987037037037037,0.007407407407407418,0.0042766686606639,3,176.66666666666666,159,186
g2pre,AM/PM,visual_direction,time_resolved_trial_response,signal,balanced_accuracy,35,1.2939121433654655,1.0351297146923724,0.9753086419753086,0.014968340312323716,0.008641975308642025,3,176.66666666666666,159,186
g2pre,AM/PM,visual_direction,time_resolved_trial_response,signal,balanced_accuracy,36,1.3586077505337386,1.0351297146923724,0.9722222222222222,0.011264375056107818,0.006503489970896755,3,176.66666666666666,159,186
g2pre,AM/PM,visual_direction,time_resolved_trial_response,signal,balanced_accuracy,37,1.423303357702012,1.0351297146923724,0.9703703703703704,0.01924500897298746,0.011111111111111072,3,176.66666666666666,159,186
g2pre,AM/PM,visual_direction,time_resolved_trial_response,signal,balanced_accuracy,38,1.4879989648702852,1.0351297146923724,0.9598765432098766,0.021303004847823954,0.012299295583439061,3,176.66666666666666,159,186
g2pre,AM/PM,visual_direction,time_resolved_trial_response,signal,balanced_accuracy,39,1.5526945720385585,1.0351297146923724,0.9561728395061729,0.021060150752138258,0.012159083705921123,3,176.66666666666666,159,186
g2pre,AM/PM,visual_direction,time_resolved_trial_response,signal,balanced_accuracy,40,1.6173901792068317,1.0351297146923724,0.9438271604938272,0.03187839835475397,0.01840500187145133,3,176.66666666666666,159,186
g2pre,AM/PM,visual_direction,time_resolved_trial_response,signal,balanced_accuracy,41,1.682085786375105,1.0351297146923724,0.9333333333333332,0.03379312516832338,0.01951046991269022,3,176.66666666666666,159,186
g2pre,AM/PM,visual_direction,time_resolved_trial_response,signal,balanced_accuracy,42,1.7467813935433782,1.0351297146923724,0.9234567901234568,0.040670534345751005,0.02348114395260526,3,176.66666666666666,159,186
g2pre,AM/PM,visual_direction,time_resolved_trial_response,signal,balanced_accuracy,43,1.8114770007116516,1.0351297146923724,0.9296296296296296,0.029802735073020534,0.017206617116995507,3,176.66666666666666,159,186
g2pre,AM/PM,visual_direction,time_resolved_trial_response,signal,balanced_accuracy,44,1.8761726078799248,1.0351297146923724,0.9049382716049382,0.046567109166771196,0.026885533012818038,3,176.66666666666666,159,186
g2pre,AM/PM,visual_direction,time_resolved_trial_response,signal,balanced_accuracy,45,1.9408682150481982,1.0351297146923724,0.8962962962962964,0.05013698655807738,0.028946602685662622,3,176.66666666666666,159,186
g2pre,AM/PM,visual_direction,time_resolved_trial_response,signal,balanced_accuracy,46,2.0055638222164713,1.0351297146923724,0.8759259259259259,0.06684646536214837,0.03859382477121136,3,176.66666666666666,159,186
g2pre,LM,auditory_direction,time_resolved_trial_response,signal,balanced_accuracy,0,-0.9704341075240991,1.0351297146923724,0.4925925925925926,,,1,71.0,71,71
g2pre,LM,auditory_direction,time_resolved_trial_response,signal,balanced_accuracy,1,-0.9057385003558258,1.0351297146923724,0.538888888888889,,,1,71.0,71,71
g2pre,LM,auditory_direction,time_resolved_trial_response,signal,balanced_accuracy,2,-0.8410428931875525,1.0351297146923724,0.45185185185185184,,,1,71.0,71,71
g2pre,LM,auditory_direction,time_resolved_trial_response,signal,balanced_accuracy,3,-0.7763472860192793,1.0351297146923724,0.537037037037037,,,1,71.0,71,71
g2pre,LM,auditory_direction,time_resolved_trial_response,signal,balanced_accuracy,4,-0.711651678851006,1.0351297146923724,0.5,,,1,71.0,71,71
g2pre,LM,auditory_direction,time_resolved_trial_response,signal,balanced_accuracy,5,-0.6469560716827327,1.0351297146923724,0.4962962962962963,,,1,71.0,71,71
g2pre,LM,auditory_direction,time_resolved_trial_response,signal,balanced_accuracy,6,-0.5822604645144595,1.0351297146923724,0.47777777777777775,,,1,71.0,71,71
g2pre,LM,auditory_direction,time_resolved_trial_response,signal,balanced_accuracy,7,-0.5175648573461862,1.0351297146923724,0.4796296296296296,,,1,71.0,71,71
g2pre,LM,auditory_direction,time_resolved_trial_response,signal,balanced_accuracy,8,-0.4528692501779129,1.0351297146923724,0.46296296296296297,,,1,71.0,71,71
g2pre,LM,auditory_direction,time_resolved_trial_response,signal,balanced_accuracy,9,-0.38817364300963964,1.0351297146923724,0.5185185185185186,,,1,71.0,71,71
g2pre,LM,auditory_direction,time_resolved_trial_response,signal,balanced_accuracy,10,-0.32347803584136636,1.0351297146923724,0.4962962962962963,,,1,71.0,71,71
g2pre,LM,auditory_direction,time_resolved_trial_response,signal,balanced_accuracy,11,-0.2587824286730931,1.0351297146923724,0.5111111111111112,,,1,71.0,71,71
g2pre,LM,auditory_direction,time_resolved_trial_response,signal,balanced_accuracy,12,-0.19408682150481982,1.0351297146923724,0.5111111111111111,,,1,71.0,71,71
g2pre,LM,auditory_direction,time_resolved_trial_response,signal,balanced_accuracy,13,-0.12939121433654655,1.0351297146923724,0.5055555555555555,,,1,71.0,71,71
g2pre,LM,auditory_direction,time_resolved_trial_response,signal,balanced_accuracy,14,-0.06469560716827327,1.0351297146923724,0.5111111111111111,,,1,71.0,71,71
g2pre,LM,auditory_direction,time_resolved_trial_response,signal,balanced_accuracy,15,0.0,1.0351297146923724,0.4851851851851852,,,1,71.0,71,71
g2pre,LM,auditory_direction,time_resolved_trial_response,signal,balanced_accuracy,16,0.06469560716827327,1.0351297146923724,0.49629629629629635,,,1,71.0,71,71
g2pre,LM,auditory_direction,time_resolved_trial_response,signal,balanced_accuracy,17,0.12939121433654655,1.0351297146923724,0.5,,,1,71.0,71,71
g2pre,LM,auditory_direction,time_resolved_trial_response,signal,balanced_accuracy,18,0.19408682150481982,1.0351297146923724,0.512962962962963,,,1,71.0,71,71
g2pre,LM,auditory_direction,time_resolved_trial_response,signal,balanced_accuracy,19,0.2587824286730931,1.0351297146923724,0.4648148148148148,,,1,71.0,71,71
g2pre,LM,auditory_direction,time_resolved_trial_response,signal,balanced_accuracy,20,0.32347803584136636,1.0351297146923724,0.5351851851851851,,,1,71.0,71,71
g2pre,LM,auditory_direction,time_resolved_trial_response,signal,balanced_accuracy,21,0.38817364300963964,1.0351297146923724,0.5111111111111111,,,1,71.0,71,71
g2pre,LM,auditory_direction,time_resolved_trial_response,signal,balanced_accuracy,22,0.4528692501779129,1.0351297146923724,0.4796296296296297,,,1,71.0,71,71
g2pre,LM,auditory_direction,time_resolved_trial_response,signal,balanced_accuracy,23,0.5175648573461862,1.0351297146923724,0.5333333333333333,,,1,71.0,71,71
g2pre,LM,auditory_direction,time_resolved_trial_response,signal,balanced_accuracy,24,0.5822604645144595,1.0351297146923724,0.49444444444444446,,,1,71.0,71,71
g2pre,LM,auditory_direction,time_resolved_trial_response,signal,balanced_accuracy,25,0.6469560716827327,1.0351297146923724,0.5444444444444445,,,1,71.0,71,71
g2pre,LM,auditory_direction,time_resolved_trial_response,signal,balanced_accuracy,26,0.711651678851006,1.0351297146923724,0.5185185185185185,,,1,71.0,71,71
g2pre,LM,auditory_direction,time_resolved_trial_response,signal,balanced_accuracy,27,0.7763472860192793,1.0351297146923724,0.5259259259259259,,,1,71.0,71,71
g2pre,LM,auditory_direction,time_resolved_trial_response,signal,balanced_accuracy,28,0.8410428931875525,1.0351297146923724,0.5277777777777779,,,1,71.0,71,71
g2pre,LM,auditory_direction,time_resolved_trial_response,signal,balanced_accuracy,29,0.9057385003558258,1.0351297146923724,0.46296296296296297,,,1,71.0,71,71
g2pre,LM,auditory_direction,time_resolved_trial_response,signal,balanced_accuracy,30,0.9704341075240991,1.0351297146923724,0.4796296296296296,,,1,71.0,71,71
g2pre,LM,auditory_direction,time_resolved_trial_response,signal,balanced_accuracy,31,1.0351297146923724,1.0351297146923724,0.4814814814814815,,,1,71.0,71,71
g2pre,LM,auditory_direction,time_resolved_trial_response,signal,balanced_accuracy,32,1.0998253218606455,1.0351297146923724,0.4981481481481482,,,1,71.0,71,71
g2pre,LM,auditory_direction,time_resolved_trial_response,signal,balanced_accuracy,33,1.164520929028919,1.0351297146923724,0.4685185185185185,,,1,71.0,71,71
g2pre,LM,auditory_direction,time_resolved_trial_response,signal,balanced_accuracy,34,1.229216536197192,1.0351297146923724,0.524074074074074,,,1,71.0,71,71
g2pre,LM,auditory_direction,time_resolved_trial_response,signal,balanced_accuracy,35,1.2939121433654655,1.0351297146923724,0.5092592592592593,,,1,71.0,71,71
g2pre,LM,auditory_direction,time_resolved_trial_response,signal,balanced_accuracy,36,1.3586077505337386,1.0351297146923724,0.5611111111111112,,,1,71.0,71,71
g2pre,LM,auditory_direction,time_resolved_trial_response,signal,balanced_accuracy,37,1.423303357702012,1.0351297146923724,0.5351851851851851,,,1,71.0,71,71
g2pre,LM,auditory_direction,time_resolved_trial_response,signal,balanced_accuracy,38,1.4879989648702852,1.0351297146923724,0.5018518518518519,,,1,71.0,71,71
g2pre,LM,auditory_direction,time_resolved_trial_response,signal,balanced_accuracy,39,1.5526945720385585,1.0351297146923724,0.512962962962963,,,1,71.0,71,71
g2pre,LM,auditory_direction,time_resolved_trial_response,signal,balanced_accuracy,40,1.6173901792068317,1.0351297146923724,0.5203703703703704,,,1,71.0,71,71
g2pre,LM,auditory_direction,time_resolved_trial_response,signal,balanced_accuracy,41,1.682085786375105,1.0351297146923724,0.512962962962963,,,1,71.0,71,71
g2pre,LM,auditory_direction,time_resolved_trial_response,signal,balanced_accuracy,42,1.7467813935433782,1.0351297146923724,0.4444444444444445,,,1,71.0,71,71
g2pre,LM,auditory_direction,time_resolved_trial_response,signal,balanced_accuracy,43,1.8114770007116516,1.0351297146923724,0.4962962962962963,,,1,71.0,71,71
g2pre,LM,auditory_direction,time_resolved_trial_response,signal,balanced_accuracy,44,1.8761726078799248,1.0351297146923724,0.49444444444444446,,,1,71.0,71,71
g2pre,LM,auditory_direction,time_resolved_trial_response,signal,balanced_accuracy,45,1.9408682150481982,1.0351297146923724,0.5092592592592593,,,1,71.0,71,71
g2pre,LM,auditory_direction,time_resolved_trial_response,signal,balanced_accuracy,46,2.0055638222164713,1.0351297146923724,0.5,,,1,71.0,71,71
g2pre,LM,congruency,time_resolved_trial_response,signal,balanced_accuracy,0,-0.9704341075240991,1.0351297146923724,0.5555555555555556,,,1,71.0,71,71
g2pre,LM,congruency,time_resolved_trial_response,signal,balanced_accuracy,1,-0.9057385003558258,1.0351297146923724,0.5138888888888888,,,1,71.0,71,71
g2pre,LM,congruency,time_resolved_trial_response,signal,balanced_accuracy,2,-0.8410428931875525,1.0351297146923724,0.5611111111111111,,,1,71.0,71,71
g2pre,LM,congruency,time_resolved_trial_response,signal,balanced_accuracy,3,-0.7763472860192793,1.0351297146923724,0.48888888888888893,,,1,71.0,71,71
g2pre,LM,congruency,time_resolved_trial_response,signal,balanced_accuracy,4,-0.711651678851006,1.0351297146923724,0.48611111111111105,,,1,71.0,71,71
g2pre,LM,congruency,time_resolved_trial_response,signal,balanced_accuracy,5,-0.6469560716827327,1.0351297146923724,0.45555555555555555,,,1,71.0,71,71
g2pre,LM,congruency,time_resolved_trial_response,signal,balanced_accuracy,6,-0.5822604645144595,1.0351297146923724,0.4722222222222222,,,1,71.0,71,71
g2pre,LM,congruency,time_resolved_trial_response,signal,balanced_accuracy,7,-0.5175648573461862,1.0351297146923724,0.48888888888888893,,,1,71.0,71,71
g2pre,LM,congruency,time_resolved_trial_response,signal,balanced_accuracy,8,-0.4528692501779129,1.0351297146923724,0.4666666666666667,,,1,71.0,71,71
g2pre,LM,congruency,time_resolved_trial_response,signal,balanced_accuracy,9,-0.38817364300963964,1.0351297146923724,0.4722222222222223,,,1,71.0,71,71
g2pre,LM,congruency,time_resolved_trial_response,signal,balanced_accuracy,10,-0.32347803584136636,1.0351297146923724,0.5166666666666667,,,1,71.0,71,71
g2pre,LM,congruency,time_resolved_trial_response,signal,balanced_accuracy,11,-0.2587824286730931,1.0351297146923724,0.47777777777777786,,,1,71.0,71,71
g2pre,LM,congruency,time_resolved_trial_response,signal,balanced_accuracy,12,-0.19408682150481982,1.0351297146923724,0.49722222222222223,,,1,71.0,71,71
g2pre,LM,congruency,time_resolved_trial_response,signal,balanced_accuracy,13,-0.12939121433654655,1.0351297146923724,0.55,,,1,71.0,71,71
g2pre,LM,congruency,time_resolved_trial_response,signal,balanced_accuracy,14,-0.06469560716827327,1.0351297146923724,0.5027777777777779,,,1,71.0,71,71
g2pre,LM,congruency,time_resolved_trial_response,signal,balanced_accuracy,15,0.0,1.0351297146923724,0.5,,,1,71.0,71,71
g2pre,LM,congruency,time_resolved_trial_response,signal,balanced_accuracy,16,0.06469560716827327,1.0351297146923724,0.47777777777777786,,,1,71.0,71,71
g2pre,LM,congruency,time_resolved_trial_response,signal,balanced_accuracy,17,0.12939121433654655,1.0351297146923724,0.5305555555555556,,,1,71.0,71,71
g2pre,LM,congruency,time_resolved_trial_response,signal,balanced_accuracy,18,0.19408682150481982,1.0351297146923724,0.5361111111111111,,,1,71.0,71,71
g2pre,LM,congruency,time_resolved_trial_response,signal,balanced_accuracy,19,0.2587824286730931,1.0351297146923724,0.4333333333333333,,,1,71.0,71,71
g2pre,LM,congruency,time_resolved_trial_response,signal,balanced_accuracy,20,0.32347803584136636,1.0351297146923724,0.5194444444444445,,,1,71.0,71,71
g2pre,LM,congruency,time_resolved_trial_response,signal,balanced_accuracy,21,0.38817364300963964,1.0351297146923724,0.586111111111111,,,1,71.0,71,71
g2pre,LM,congruency,time_resolved_trial_response,signal,balanced_accuracy,22,0.4528692501779129,1.0351297146923724,0.45555555555555555,,,1,71.0,71,71
g2pre,LM,congruency,time_resolved_trial_response,signal,balanced_accuracy,23,0.5175648573461862,1.0351297146923724,0.475,,,1,71.0,71,71
g2pre,LM,congruency,time_resolved_trial_response,signal,balanced_accuracy,24,0.5822604645144595,1.0351297146923724,0.45833333333333337,,,1,71.0,71,71
g2pre,LM,congruency,time_resolved_trial_response,signal,balanced_accuracy,25,0.6469560716827327,1.0351297146923724,0.4916666666666667,,,1,71.0,71,71
g2pre,LM,congruency,time_resolved_trial_response,signal,balanced_accuracy,26,0.711651678851006,1.0351297146923724,0.46944444444444444,,,1,71.0,71,71
g2pre,LM,congruency,time_resolved_trial_response,signal,balanced_accuracy,27,0.7763472860192793,1.0351297146923724,0.4833333333333333,,,1,71.0,71,71
g2pre,LM,congruency,time_resolved_trial_response,signal,balanced_accuracy,28,0.8410428931875525,1.0351297146923724,0.4638888888888889,,,1,71.0,71,71
g2pre,LM,congruency,time_resolved_trial_response,signal,balanced_accuracy,29,0.9057385003558258,1.0351297146923724,0.5083333333333333,,,1,71.0,71,71
g2pre,LM,congruency,time_resolved_trial_response,signal,balanced_accuracy,30,0.9704341075240991,1.0351297146923724,0.4694444444444444,,,1,71.0,71,71
g2pre,LM,congruency,time_resolved_trial_response,signal,balanced_accuracy,31,1.0351297146923724,1.0351297146923724,0.5166666666666666,,,1,71.0,71,71
g2pre,LM,congruency,time_resolved_trial_response,signal,balanced_accuracy,32,1.0998253218606455,1.0351297146923724,0.45277777777777783,,,1,71.0,71,71
g2pre,LM,congruency,time_resolved_trial_response,signal,balanced_accuracy,33,1.164520929028919,1.0351297146923724,0.4666666666666667,,,1,71.0,71,71
g2pre,LM,congruency,time_resolved_trial_response,signal,balanced_accuracy,34,1.229216536197192,1.0351297146923724,0.513888888888889,,,1,71.0,71,71
g2pre,LM,congruency,time_resolved_trial_response,signal,balanced_accuracy,35,1.2939121433654655,1.0351297146923724,0.4833333333333333,,,1,71.0,71,71
g2pre,LM,congruency,time_resolved_trial_response,signal,balanced_accuracy,36,1.3586077505337386,1.0351297146923724,0.5222222222222223,,,1,71.0,71,71
g2pre,LM,congruency,time_resolved_trial_response,signal,balanced_accuracy,37,1.423303357702012,1.0351297146923724,0.4638888888888889,,,1,71.0,71,71
g2pre,LM,congruency,time_resolved_trial_response,signal,balanced_accuracy,38,1.4879989648702852,1.0351297146923724,0.4638888888888889,,,1,71.0,71,71
g2pre,LM,congruency,time_resolved_trial_response,signal,balanced_accuracy,39,1.5526945720385585,1.0351297146923724,0.48611111111111105,,,1,71.0,71,71
g2pre,LM,congruency,time_resolved_trial_response,signal,balanced_accuracy,40,1.6173901792068317,1.0351297146923724,0.44722222222222224,,,1,71.0,71,71
g2pre,LM,congruency,time_resolved_trial_response,signal,balanced_accuracy,41,1.682085786375105,1.0351297146923724,0.4805555555555555,,,1,71.0,71,71
g2pre,LM,congruency,time_resolved_trial_response,signal,balanced_accuracy,42,1.7467813935433782,1.0351297146923724,0.48611111111111105,,,1,71.0,71,71
g2pre,LM,congruency,time_resolved_trial_response,signal,balanced_accuracy,43,1.8114770007116516,1.0351297146923724,0.5166666666666666,,,1,71.0,71,71
g2pre,LM,congruency,time_resolved_trial_response,signal,balanced_accuracy,44,1.8761726078799248,1.0351297146923724,0.4444444444444445,,,1,71.0,71,71
g2pre,LM,congruency,time_resolved_trial_response,signal,balanced_accuracy,45,1.9408682150481982,1.0351297146923724,0.5055555555555555,,,1,71.0,71,71
g2pre,LM,congruency,time_resolved_trial_response,signal,balanced_accuracy,46,2.0055638222164713,1.0351297146923724,0.5111111111111112,,,1,71.0,71,71
g2pre,LM,modality,time_resolved_trial_response,signal,balanced_accuracy,0,-0.9704341075240991,1.0351297146923724,0.3203703703703703,,,1,71.0,71,71
g2pre,LM,modality,time_resolved_trial_response,signal,balanced_accuracy,1,-0.9057385003558258,1.0351297146923724,0.32685185185185184,,,1,71.0,71,71
g2pre,LM,modality,time_resolved_trial_response,signal,balanced_accuracy,2,-0.8410428931875525,1.0351297146923724,0.35,,,1,71.0,71,71
g2pre,LM,modality,time_resolved_trial_response,signal,balanced_accuracy,3,-0.7763472860192793,1.0351297146923724,0.3351851851851852,,,1,71.0,71,71
g2pre,LM,modality,time_resolved_trial_response,signal,balanced_accuracy,4,-0.711651678851006,1.0351297146923724,0.3314814814814815,,,1,71.0,71,71
g2pre,LM,modality,time_resolved_trial_response,signal,balanced_accuracy,5,-0.6469560716827327,1.0351297146923724,0.33981481481481485,,,1,71.0,71,71
g2pre,LM,modality,time_resolved_trial_response,signal,balanced_accuracy,6,-0.5822604645144595,1.0351297146923724,0.32592592592592595,,,1,71.0,71,71
g2pre,LM,modality,time_resolved_trial_response,signal,balanced_accuracy,7,-0.5175648573461862,1.0351297146923724,0.32222222222222224,,,1,71.0,71,71
g2pre,LM,modality,time_resolved_trial_response,signal,balanced_accuracy,8,-0.4528692501779129,1.0351297146923724,0.32407407407407407,,,1,71.0,71,71
g2pre,LM,modality,time_resolved_trial_response,signal,balanced_accuracy,9,-0.38817364300963964,1.0351297146923724,0.3296296296296296,,,1,71.0,71,71
g2pre,LM,modality,time_resolved_trial_response,signal,balanced_accuracy,10,-0.32347803584136636,1.0351297146923724,0.3296296296296296,,,1,71.0,71,71
g2pre,LM,modality,time_resolved_trial_response,signal,balanced_accuracy,11,-0.2587824286730931,1.0351297146923724,0.33796296296296297,,,1,71.0,71,71
g2pre,LM,modality,time_resolved_trial_response,signal,balanced_accuracy,12,-0.19408682150481982,1.0351297146923724,0.31666666666666665,,,1,71.0,71,71
g2pre,LM,modality,time_resolved_trial_response,signal,balanced_accuracy,13,-0.12939121433654655,1.0351297146923724,0.31481481481481477,,,1,71.0,71,71
g2pre,LM,modality,time_resolved_trial_response,signal,balanced_accuracy,14,-0.06469560716827327,1.0351297146923724,0.3138888888888889,,,1,71.0,71,71
g2pre,LM,modality,time_resolved_trial_response,signal,balanced_accuracy,15,0.0,1.0351297146923724,0.30370370370370375,,,1,71.0,71,71
g2pre,LM,modality,time_resolved_trial_response,signal,balanced_accuracy,16,0.06469560716827327,1.0351297146923724,0.3305555555555555,,,1,71.0,71,71
g2pre,LM,modality,time_resolved_trial_response,signal,balanced_accuracy,17,0.12939121433654655,1.0351297146923724,0.32685185185185184,,,1,71.0,71,71
g2pre,LM,modality,time_resolved_trial_response,signal,balanced_accuracy,18,0.19408682150481982,1.0351297146923724,0.4731481481481482,,,1,71.0,71,71
g2pre,LM,modality,time_resolved_trial_response,signal,balanced_accuracy,19,0.2587824286730931,1.0351297146923724,0.6935185185185186,,,1,71.0,71,71
g2pre,LM,modality,time_resolved_trial_response,signal,balanced_accuracy,20,0.32347803584136636,1.0351297146923724,0.6842592592592591,,,1,71.0,71,71
g2pre,LM,modality,time_resolved_trial_response,signal,balanced_accuracy,21,0.38817364300963964,1.0351297146923724,0.6861111111111111,,,1,71.0,71,71
g2pre,LM,modality,time_resolved_trial_response,signal,balanced_accuracy,22,0.4528692501779129,1.0351297146923724,0.687962962962963,,,1,71.0,71,71
g2pre,LM,modality,time_resolved_trial_response,signal,balanced_accuracy,23,0.5175648573461862,1.0351297146923724,0.6703703703703704,,,1,71.0,71,71
g2pre,LM,modality,time_resolved_trial_response,signal,balanced_accuracy,24,0.5822604645144595,1.0351297146923724,0.7157407407407408,,,1,71.0,71,71
g2pre,LM,modality,time_resolved_trial_response,signal,balanced_accuracy,25,0.6469560716827327,1.0351297146923724,0.6990740740740742,,,1,71.0,71,71
g2pre,LM,modality,time_resolved_trial_response,signal,balanced_accuracy,26,0.711651678851006,1.0351297146923724,0.7018518518518518,,,1,71.0,71,71
g2pre,LM,modality,time_resolved_trial_response,signal,balanced_accuracy,27,0.7763472860192793,1.0351297146923724,0.7111111111111111,,,1,71.0,71,71
g2pre,LM,modality,time_resolved_trial_response,signal,balanced_accuracy,28,0.8410428931875525,1.0351297146923724,0.6898148148148148,,,1,71.0,71,71
g2pre,LM,modality,time_resolved_trial_response,signal,balanced_accuracy,29,0.9057385003558258,1.0351297146923724,0.7203703703703704,,,1,71.0,71,71
g2pre,LM,modality,time_resolved_trial_response,signal,balanced_accuracy,30,0.9704341075240991,1.0351297146923724,0.7092592592592593,,,1,71.0,71,71
g2pre,LM,modality,time_resolved_trial_response,signal,balanced_accuracy,31,1.0351297146923724,1.0351297146923724,0.7296296296296296,,,1,71.0,71,71
g2pre,LM,modality,time_resolved_trial_response,signal,balanced_accuracy,32,1.0998253218606455,1.0351297146923724,0.7481481481481481,,,1,71.0,71,71
g2pre,LM,modality,time_resolved_trial_response,signal,balanced_accuracy,33,1.164520929028919,1.0351297146923724,0.7157407407407408,,,1,71.0,71,71
g2pre,LM,modality,time_resolved_trial_response,signal,balanced_accuracy,34,1.229216536197192,1.0351297146923724,0.7277777777777779,,,1,71.0,71,71
g2pre,LM,modality,time_resolved_trial_response,signal,balanced_accuracy,35,1.2939121433654655,1.0351297146923724,0.7064814814814815,,,1,71.0,71,71
g2pre,LM,modality,time_resolved_trial_response,signal,balanced_accuracy,36,1.3586077505337386,1.0351297146923724,0.7601851851851853,,,1,71.0,71,71
g2pre,LM,modality,time_resolved_trial_response,signal,balanced_accuracy,37,1.423303357702012,1.0351297146923724,0.7407407407407407,,,1,71.0,71,71
g2pre,LM,modality,time_resolved_trial_response,signal,balanced_accuracy,38,1.4879989648702852,1.0351297146923724,0.7287037037037036,,,1,71.0,71,71
g2pre,LM,modality,time_resolved_trial_response,signal,balanced_accuracy,39,1.5526945720385585,1.0351297146923724,0.7194444444444444,,,1,71.0,71,71
g2pre,LM,modality,time_resolved_trial_response,signal,balanced_accuracy,40,1.6173901792068317,1.0351297146923724,0.701851851851852,,,1,71.0,71,71
g2pre,LM,modality,time_resolved_trial_response,signal,balanced_accuracy,41,1.682085786375105,1.0351297146923724,0.7166666666666666,,,1,71.0,71,71
g2pre,LM,modality,time_resolved_trial_response,signal,balanced_accuracy,42,1.7467813935433782,1.0351297146923724,0.7324074074074073,,,1,71.0,71,71
g2pre,LM,modality,time_resolved_trial_response,signal,balanced_accuracy,43,1.8114770007116516,1.0351297146923724,0.6990740740740741,,,1,71.0,71,71
g2pre,LM,modality,time_resolved_trial_response,signal,balanced_accuracy,44,1.8761726078799248,1.0351297146923724,0.687037037037037,,,1,71.0,71,71
g2pre,LM,modality,time_resolved_trial_response,signal,balanced_accuracy,45,1.9408682150481982,1.0351297146923724,0.6759259259259258,,,1,71.0,71,71
g2pre,LM,modality,time_resolved_trial_response,signal,balanced_accuracy,46,2.0055638222164713,1.0351297146923724,0.663888888888889,,,1,71.0,71,71
g2pre,LM,trial_type,time_resolved_trial_response,signal,balanced_accuracy,0,-0.9704341075240991,1.0351297146923724,0.14583333333333334,,,1,71.0,71,71
g2pre,LM,trial_type,time_resolved_trial_response,signal,balanced_accuracy,1,-0.9057385003558258,1.0351297146923724,0.12777777777777777,,,1,71.0,71,71
g2pre,LM,trial_type,time_resolved_trial_response,signal,balanced_accuracy,2,-0.8410428931875525,1.0351297146923724,0.12361111111111112,,,1,71.0,71,71
g2pre,LM,trial_type,time_resolved_trial_response,signal,balanced_accuracy,3,-0.7763472860192793,1.0351297146923724,0.11388888888888889,,,1,71.0,71,71
g2pre,LM,trial_type,time_resolved_trial_response,signal,balanced_accuracy,4,-0.711651678851006,1.0351297146923724,0.10555555555555556,,,1,71.0,71,71
g2pre,LM,trial_type,time_resolved_trial_response,signal,balanced_accuracy,5,-0.6469560716827327,1.0351297146923724,0.12916666666666665,,,1,71.0,71,71
g2pre,LM,trial_type,time_resolved_trial_response,signal,balanced_accuracy,6,-0.5822604645144595,1.0351297146923724,0.12777777777777777,,,1,71.0,71,71
g2pre,LM,trial_type,time_resolved_trial_response,signal,balanced_accuracy,7,-0.5175648573461862,1.0351297146923724,0.10555555555555556,,,1,71.0,71,71
g2pre,LM,trial_type,time_resolved_trial_response,signal,balanced_accuracy,8,-0.4528692501779129,1.0351297146923724,0.12361111111111112,,,1,71.0,71,71
g2pre,LM,trial_type,time_resolved_trial_response,signal,balanced_accuracy,9,-0.38817364300963964,1.0351297146923724,0.13194444444444442,,,1,71.0,71,71
g2pre,LM,trial_type,time_resolved_trial_response,signal,balanced_accuracy,10,-0.32347803584136636,1.0351297146923724,0.1291666666666667,,,1,71.0,71,71
g2pre,LM,trial_type,time_resolved_trial_response,signal,balanced_accuracy,11,-0.2587824286730931,1.0351297146923724,0.12083333333333335,,,1,71.0,71,71
g2pre,LM,trial_type,time_resolved_trial_response,signal,balanced_accuracy,12,-0.19408682150481982,1.0351297146923724,0.125,,,1,71.0,71,71
g2pre,LM,trial_type,time_resolved_trial_response,signal,balanced_accuracy,13,-0.12939121433654655,1.0351297146923724,0.11527777777777778,,,1,71.0,71,71
g2pre,LM,trial_type,time_resolved_trial_response,signal,balanced_accuracy,14,-0.06469560716827327,1.0351297146923724,0.10833333333333335,,,1,71.0,71,71
g2pre,LM,trial_type,time_resolved_trial_response,signal,balanced_accuracy,15,0.0,1.0351297146923724,0.125,,,1,71.0,71,71
g2pre,LM,trial_type,time_resolved_trial_response,signal,balanced_accuracy,16,0.06469560716827327,1.0351297146923724,0.1125,,,1,71.0,71,71
g2pre,LM,trial_type,time_resolved_trial_response,signal,balanced_accuracy,17,0.12939121433654655,1.0351297146923724,0.11388888888888889,,,1,71.0,71,71
g2pre,LM,trial_type,time_resolved_trial_response,signal,balanced_accuracy,18,0.19408682150481982,1.0351297146923724,0.2,,,1,71.0,71,71
g2pre,LM,trial_type,time_resolved_trial_response,signal,balanced_accuracy,19,0.2587824286730931,1.0351297146923724,0.27083333333333337,,,1,71.0,71,71
g2pre,LM,trial_type,time_resolved_trial_response,signal,balanced_accuracy,20,0.32347803584136636,1.0351297146923724,0.32777777777777783,,,1,71.0,71,71
g2pre,LM,trial_type,time_resolved_trial_response,signal,balanced_accuracy,21,0.38817364300963964,1.0351297146923724,0.36527777777777776,,,1,71.0,71,71
g2pre,LM,trial_type,time_resolved_trial_response,signal,balanced_accuracy,22,0.4528692501779129,1.0351297146923724,0.33611111111111114,,,1,71.0,71,71
g2pre,LM,trial_type,time_resolved_trial_response,signal,balanced_accuracy,23,0.5175648573461862,1.0351297146923724,0.39027777777777783,,,1,71.0,71,71
g2pre,LM,trial_type,time_resolved_trial_response,signal,balanced_accuracy,24,0.5822604645144595,1.0351297146923724,0.3902777777777778,,,1,71.0,71,71
g2pre,LM,trial_type,time_resolved_trial_response,signal,balanced_accuracy,25,0.6469560716827327,1.0351297146923724,0.43194444444444435,,,1,71.0,71,71
g2pre,LM,trial_type,time_resolved_trial_response,signal,balanced_accuracy,26,0.711651678851006,1.0351297146923724,0.4041666666666667,,,1,71.0,71,71
g2pre,LM,trial_type,time_resolved_trial_response,signal,balanced_accuracy,27,0.7763472860192793,1.0351297146923724,0.4013888888888889,,,1,71.0,71,71
g2pre,LM,trial_type,time_resolved_trial_response,signal,balanced_accuracy,28,0.8410428931875525,1.0351297146923724,0.3291666666666667,,,1,71.0,71,71
g2pre,LM,trial_type,time_resolved_trial_response,signal,balanced_accuracy,29,0.9057385003558258,1.0351297146923724,0.33472222222222225,,,1,71.0,71,71
g2pre,LM,trial_type,time_resolved_trial_response,signal,balanced_accuracy,30,0.9704341075240991,1.0351297146923724,0.3875,,,1,71.0,71,71
g2pre,LM,trial_type,time_resolved_trial_response,signal,balanced_accuracy,31,1.0351297146923724,1.0351297146923724,0.4138888888888889,,,1,71.0,71,71
g2pre,LM,trial_type,time_resolved_trial_response,signal,balanced_accuracy,32,1.0998253218606455,1.0351297146923724,0.40138888888888885,,,1,71.0,71,71
g2pre,LM,trial_type,time_resolved_trial_response,signal,balanced_accuracy,33,1.164520929028919,1.0351297146923724,0.4027777777777778,,,1,71.0,71,71
g2pre,LM,trial_type,time_resolved_trial_response,signal,balanced_accuracy,34,1.229216536197192,1.0351297146923724,0.3902777777777778,,,1,71.0,71,71
g2pre,LM,trial_type,time_resolved_trial_response,signal,balanced_accuracy,35,1.2939121433654655,1.0351297146923724,0.41944444444444445,,,1,71.0,71,71
g2pre,LM,trial_type,time_resolved_trial_response,signal,balanced_accuracy,36,1.3586077505337386,1.0351297146923724,0.4444444444444445,,,1,71.0,71,71
g2pre,LM,trial_type,time_resolved_trial_response,signal,balanced_accuracy,37,1.423303357702012,1.0351297146923724,0.41527777777777775,,,1,71.0,71,71
g2pre,LM,trial_type,time_resolved_trial_response,signal,balanced_accuracy,38,1.4879989648702852,1.0351297146923724,0.38888888888888895,,,1,71.0,71,71
g2pre,LM,trial_type,time_resolved_trial_response,signal,balanced_accuracy,39,1.5526945720385585,1.0351297146923724,0.4263888888888888,,,1,71.0,71,71
g2pre,LM,trial_type,time_resolved_trial_response,signal,balanced_accuracy,40,1.6173901792068317,1.0351297146923724,0.3888888888888889,,,1,71.0,71,71
g2pre,LM,trial_type,time_resolved_trial_response,signal,balanced_accuracy,41,1.682085786375105,1.0351297146923724,0.39861111111111114,,,1,71.0,71,71
g2pre,LM,trial_type,time_resolved_trial_response,signal,balanced_accuracy,42,1.7467813935433782,1.0351297146923724,0.37361111111111117,,,1,71.0,71,71
g2pre,LM,trial_type,time_resolved_trial_response,signal,balanced_accuracy,43,1.8114770007116516,1.0351297146923724,0.3680555555555555,,,1,71.0,71,71
g2pre,LM,trial_type,time_resolved_trial_response,signal,balanced_accuracy,44,1.8761726078799248,1.0351297146923724,0.3472222222222222,,,1,71.0,71,71
g2pre,LM,trial_type,time_resolved_trial_response,signal,balanced_accuracy,45,1.9408682150481982,1.0351297146923724,0.3472222222222222,,,1,71.0,71,71
g2pre,LM,trial_type,time_resolved_trial_response,signal,balanced_accuracy,46,2.0055638222164713,1.0351297146923724,0.3472222222222222,,,1,71.0,71,71
g2pre,LM,visual_direction,time_resolved_trial_response,signal,balanced_accuracy,0,-0.9704341075240991,1.0351297146923724,0.524074074074074,,,1,71.0,71,71
g2pre,LM,visual_direction,time_resolved_trial_response,signal,balanced_accuracy,1,-0.9057385003558258,1.0351297146923724,0.4851851851851852,,,1,71.0,71,71
g2pre,LM,visual_direction,time_resolved_trial_response,signal,balanced_accuracy,2,-0.8410428931875525,1.0351297146923724,0.4962962962962963,,,1,71.0,71,71
g2pre,LM,visual_direction,time_resolved_trial_response,signal,balanced_accuracy,3,-0.7763472860192793,1.0351297146923724,0.47407407407407404,,,1,71.0,71,71
g2pre,LM,visual_direction,time_resolved_trial_response,signal,balanced_accuracy,4,-0.711651678851006,1.0351297146923724,0.4981481481481481,,,1,71.0,71,71
g2pre,LM,visual_direction,time_resolved_trial_response,signal,balanced_accuracy,5,-0.6469560716827327,1.0351297146923724,0.45,,,1,71.0,71,71
g2pre,LM,visual_direction,time_resolved_trial_response,signal,balanced_accuracy,6,-0.5822604645144595,1.0351297146923724,0.5222222222222221,,,1,71.0,71,71
g2pre,LM,visual_direction,time_resolved_trial_response,signal,balanced_accuracy,7,-0.5175648573461862,1.0351297146923724,0.5111111111111111,,,1,71.0,71,71
g2pre,LM,visual_direction,time_resolved_trial_response,signal,balanced_accuracy,8,-0.4528692501779129,1.0351297146923724,0.47407407407407404,,,1,71.0,71,71
g2pre,LM,visual_direction,time_resolved_trial_response,signal,balanced_accuracy,9,-0.38817364300963964,1.0351297146923724,0.5111111111111112,,,1,71.0,71,71
g2pre,LM,visual_direction,time_resolved_trial_response,signal,balanced_accuracy,10,-0.32347803584136636,1.0351297146923724,0.5296296296296297,,,1,71.0,71,71
g2pre,LM,visual_direction,time_resolved_trial_response,signal,balanced_accuracy,11,-0.2587824286730931,1.0351297146923724,0.5092592592592593,,,1,71.0,71,71
g2pre,LM,visual_direction,time_resolved_trial_response,signal,balanced_accuracy,12,-0.19408682150481982,1.0351297146923724,0.5092592592592593,,,1,71.0,71,71
g2pre,LM,visual_direction,time_resolved_trial_response,signal,balanced_accuracy,13,-0.12939121433654655,1.0351297146923724,0.5092592592592593,,,1,71.0,71,71
g2pre,LM,visual_direction,time_resolved_trial_response,signal,balanced_accuracy,14,-0.06469560716827327,1.0351297146923724,0.537037037037037,,,1,71.0,71,71
g2pre,LM,visual_direction,time_resolved_trial_response,signal,balanced_accuracy,15,0.0,1.0351297146923724,0.5259259259259259,,,1,71.0,71,71
g2pre,LM,visual_direction,time_resolved_trial_response,signal,balanced_accuracy,16,0.06469560716827327,1.0351297146923724,0.4574074074074074,,,1,71.0,71,71
g2pre,LM,visual_direction,time_resolved_trial_response,signal,balanced_accuracy,17,0.12939121433654655,1.0351297146923724,0.45740740740740743,,,1,71.0,71,71
g2pre,LM,visual_direction,time_resolved_trial_response,signal,balanced_accuracy,18,0.19408682150481982,1.0351297146923724,0.49444444444444446,,,1,71.0,71,71
g2pre,LM,visual_direction,time_resolved_trial_response,signal,balanced_accuracy,19,0.2587824286730931,1.0351297146923724,0.6222222222222221,,,1,71.0,71,71
g2pre,LM,visual_direction,time_resolved_trial_response,signal,balanced_accuracy,20,0.32347803584136636,1.0351297146923724,0.7314814814814815,,,1,71.0,71,71
g2pre,LM,visual_direction,time_resolved_trial_response,signal,balanced_accuracy,21,0.38817364300963964,1.0351297146923724,0.8314814814814815,,,1,71.0,71,71
g2pre,LM,visual_direction,time_resolved_trial_response,signal,balanced_accuracy,22,0.4528692501779129,1.0351297146923724,0.8777777777777779,,,1,71.0,71,71
g2pre,LM,visual_direction,time_resolved_trial_response,signal,balanced_accuracy,23,0.5175648573461862,1.0351297146923724,0.9481481481481483,,,1,71.0,71,71
g2pre,LM,visual_direction,time_resolved_trial_response,signal,balanced_accuracy,24,0.5822604645144595,1.0351297146923724,0.975925925925926,,,1,71.0,71,71
g2pre,LM,visual_direction,time_resolved_trial_response,signal,balanced_accuracy,25,0.6469560716827327,1.0351297146923724,0.9685185185185186,,,1,71.0,71,71
g2pre,LM,visual_direction,time_resolved_trial_response,signal,balanced_accuracy,26,0.711651678851006,1.0351297146923724,0.9703703703703704,,,1,71.0,71,71
g2pre,LM,visual_direction,time_resolved_trial_response,signal,balanced_accuracy,27,0.7763472860192793,1.0351297146923724,0.8870370370370368,,,1,71.0,71,71
g2pre,LM,visual_direction,time_resolved_trial_response,signal,balanced_accuracy,28,0.8410428931875525,1.0351297146923724,0.8592592592592592,,,1,71.0,71,71
g2pre,LM,visual_direction,time_resolved_trial_response,signal,balanced_accuracy,29,0.9057385003558258,1.0351297146923724,0.8870370370370371,,,1,71.0,71,71
g2pre,LM,visual_direction,time_resolved_trial_response,signal,balanced_accuracy,30,0.9704341075240991,1.0351297146923724,0.8981481481481481,,,1,71.0,71,71
g2pre,LM,visual_direction,time_resolved_trial_response,signal,balanced_accuracy,31,1.0351297146923724,1.0351297146923724,0.9296296296296296,,,1,71.0,71,71
g2pre,LM,visual_direction,time_resolved_trial_response,signal,balanced_accuracy,32,1.0998253218606455,1.0351297146923724,0.9425925925925925,,,1,71.0,71,71
g2pre,LM,visual_direction,time_resolved_trial_response,signal,balanced_accuracy,33,1.164520929028919,1.0351297146923724,0.9296296296296296,,,1,71.0,71,71
g2pre,LM,visual_direction,time_resolved_trial_response,signal,balanced_accuracy,34,1.229216536197192,1.0351297146923724,0.937037037037037,,,1,71.0,71,71
g2pre,LM,visual_direction,time_resolved_trial_response,signal,balanced_accuracy,35,1.2939121433654655,1.0351297146923724,0.9166666666666667,,,1,71.0,71,71
g2pre,LM,visual_direction,time_resolved_trial_response,signal,balanced_accuracy,36,1.3586077505337386,1.0351297146923724,0.9277777777777777,,,1,71.0,71,71
g2pre,LM,visual_direction,time_resolved_trial_response,signal,balanced_accuracy,37,1.423303357702012,1.0351297146923724,0.9092592592592592,,,1,71.0,71,71
g2pre,LM,visual_direction,time_resolved_trial_response,signal,balanced_accuracy,38,1.4879989648702852,1.0351297146923724,0.888888888888889,,,1,71.0,71,71
g2pre,LM,visual_direction,time_resolved_trial_response,signal,balanced_accuracy,39,1.5526945720385585,1.0351297146923724,0.888888888888889,,,1,71.0,71,71
g2pre,LM,visual_direction,time_resolved_trial_response,signal,balanced_accuracy,40,1.6173901792068317,1.0351297146923724,0.8666666666666668,,,1,71.0,71,71
g2pre,LM,visual_direction,time_resolved_trial_response,signal,balanced_accuracy,41,1.682085786375105,1.0351297146923724,0.8462962962962963,,,1,71.0,71,71
g2pre,LM,visual_direction,time_resolved_trial_response,signal,balanced_accuracy,42,1.7467813935433782,1.0351297146923724,0.8222222222222222,,,1,71.0,71,71
g2pre,LM,visual_direction,time_resolved_trial_response,signal,balanced_accuracy,43,1.8114770007116516,1.0351297146923724,0.8111111111111111,,,1,71.0,71,71
g2pre,LM,visual_direction,time_resolved_trial_response,signal,balanced_accuracy,44,1.8761726078799248,1.0351297146923724,0.8222222222222223,,,1,71.0,71,71
g2pre,LM,visual_direction,time_resolved_trial_response,signal,balanced_accuracy,45,1.9408682150481982,1.0351297146923724,0.8018518518518519,,,1,71.0,71,71
g2pre,LM,visual_direction,time_resolved_trial_response,signal,balanced_accuracy,46,2.0055638222164713,1.0351297146923724,0.798148148148148,,,1,71.0,71,71
g2pre,V1,auditory_direction,time_resolved_trial_response,signal,balanced_accuracy,0,-0.9704341075240991,1.0351297146923724,0.4986772486772487,0.031092629094940434,0.011751909170340528,7,232.28571428571428,60,442
g2pre,V1,auditory_direction,time_resolved_trial_response,signal,balanced_accuracy,1,-0.9057385003558258,1.0351297146923724,0.5261904761904762,0.022207520121888345,0.008393653639711339,7,232.28571428571428,60,442
g2pre,V1,auditory_direction,time_resolved_trial_response,signal,balanced_accuracy,2,-0.8410428931875525,1.0351297146923724,0.491005291005291,0.03953647426997885,0.014943382662095427,7,232.28571428571428,60,442
g2pre,V1,auditory_direction,time_resolved_trial_response,signal,balanced_accuracy,3,-0.7763472860192793,1.0351297146923724,0.5190476190476191,0.020888863872300413,0.007895248425255512,7,232.28571428571428,60,442
g2pre,V1,auditory_direction,time_resolved_trial_response,signal,balanced_accuracy,4,-0.711651678851006,1.0351297146923724,0.5034391534391535,0.017647042813460176,0.006669955237160746,7,232.28571428571428,60,442
g2pre,V1,auditory_direction,time_resolved_trial_response,signal,balanced_accuracy,5,-0.6469560716827327,1.0351297146923724,0.48968253968253966,0.03178605648545596,0.012014000088566892,7,232.28571428571428,60,442
g2pre,V1,auditory_direction,time_resolved_trial_response,signal,balanced_accuracy,6,-0.5822604645144595,1.0351297146923724,0.5002645502645503,0.023410331788836062,0.008848273717538583,7,232.28571428571428,60,442
g2pre,V1,auditory_direction,time_resolved_trial_response,signal,balanced_accuracy,7,-0.5175648573461862,1.0351297146923724,0.5010582010582011,0.02636005882060092,0.009963165740620658,7,232.28571428571428,60,442
g2pre,V1,auditory_direction,time_resolved_trial_response,signal,balanced_accuracy,8,-0.4528692501779129,1.0351297146923724,0.5074074074074074,0.018915498081536555,0.007149386264095013,7,232.28571428571428,60,442
g2pre,V1,auditory_direction,time_resolved_trial_response,signal,balanced_accuracy,9,-0.38817364300963964,1.0351297146923724,0.49656084656084654,0.037473181561459394,0.014163531320856092,7,232.28571428571428,60,442
g2pre,V1,auditory_direction,time_resolved_trial_response,signal,balanced_accuracy,10,-0.32347803584136636,1.0351297146923724,0.485978835978836,0.02846590350154929,0.010759100215694593,7,232.28571428571428,60,442
g2pre,V1,auditory_direction,time_resolved_trial_response,signal,balanced_accuracy,11,-0.2587824286730931,1.0351297146923724,0.5007936507936508,0.035746931320474955,0.013511070058240355,7,232.28571428571428,60,442
g2pre,V1,auditory_direction,time_resolved_trial_response,signal,balanced_accuracy,12,-0.19408682150481982,1.0351297146923724,0.4984126984126984,0.02413166358284195,0.009120911508924818,7,232.28571428571428,60,442
g2pre,V1,auditory_direction,time_resolved_trial_response,signal,balanced_accuracy,13,-0.12939121433654655,1.0351297146923724,0.5013227513227513,0.017329556862605653,0.006549956827058183,7,232.28571428571428,60,442
g2pre,V1,auditory_direction,time_resolved_trial_response,signal,balanced_accuracy,14,-0.06469560716827327,1.0351297146923724,0.4883597883597884,0.023147266297135476,0.008748844307601056,7,232.28571428571428,60,442
g2pre,V1,auditory_direction,time_resolved_trial_response,signal,balanced_accuracy,15,0.0,1.0351297146923724,0.5076719576719577,0.03204700072401967,0.012112627740180418,7,232.28571428571428,60,442
g2pre,V1,auditory_direction,time_resolved_trial_response,signal,balanced_accuracy,16,0.06469560716827327,1.0351297146923724,0.4894179894179894,0.033139254716249684,0.01252546094474586,7,232.28571428571428,60,442
g2pre,V1,auditory_direction,time_resolved_trial_response,signal,balanced_accuracy,17,0.12939121433654655,1.0351297146923724,0.5018518518518519,0.029045161372885382,0.010978039111770586,7,232.28571428571428,60,442
g2pre,V1,auditory_direction,time_resolved_trial_response,signal,balanced_accuracy,18,0.19408682150481982,1.0351297146923724,0.5235449735449735,0.05910197380678689,0.022338446383687358,7,232.28571428571428,60,442
g2pre,V1,auditory_direction,time_resolved_trial_response,signal,balanced_accuracy,19,0.2587824286730931,1.0351297146923724,0.5177248677248677,0.034377625731818004,0.01299352119303504,7,232.28571428571428,60,442
g2pre,V1,auditory_direction,time_resolved_trial_response,signal,balanced_accuracy,20,0.32347803584136636,1.0351297146923724,0.524074074074074,0.04413472328819621,0.016681357429031148,7,232.28571428571428,60,442
g2pre,V1,auditory_direction,time_resolved_trial_response,signal,balanced_accuracy,21,0.38817364300963964,1.0351297146923724,0.5470899470899471,0.0369421182295764,0.013962808248486412,7,232.28571428571428,60,442
g2pre,V1,auditory_direction,time_resolved_trial_response,signal,balanced_accuracy,22,0.4528692501779129,1.0351297146923724,0.5312169312169311,0.040024977504316515,0.015128019529625168,7,232.28571428571428,60,442
g2pre,V1,auditory_direction,time_resolved_trial_response,signal,balanced_accuracy,23,0.5175648573461862,1.0351297146923724,0.5431216931216931,0.035536168288750815,0.013431409120024914,7,232.28571428571428,60,442
g2pre,V1,auditory_direction,time_resolved_trial_response,signal,balanced_accuracy,24,0.5822604645144595,1.0351297146923724,0.5380952380952381,0.0516514772891029,0.019522423393723846,7,232.28571428571428,60,442
g2pre,V1,auditory_direction,time_resolved_trial_response,signal,balanced_accuracy,25,0.6469560716827327,1.0351297146923724,0.5507936507936508,0.05746569266240535,0.021719990243256253,7,232.28571428571428,60,442
g2pre,V1,auditory_direction,time_resolved_trial_response,signal,balanced_accuracy,26,0.711651678851006,1.0351297146923724,0.5510582010582011,0.03552237943679709,0.013426197423862824,7,232.28571428571428,60,442
g2pre,V1,auditory_direction,time_resolved_trial_response,signal,balanced_accuracy,27,0.7763472860192793,1.0351297146923724,0.5605820105820106,0.053101285806602214,0.020070399506004765,7,232.28571428571428,60,442
g2pre,V1,auditory_direction,time_resolved_trial_response,signal,balanced_accuracy,28,0.8410428931875525,1.0351297146923724,0.5595238095238095,0.04785557561367966,0.018087707417377658,7,232.28571428571428,60,442
g2pre,V1,auditory_direction,time_resolved_trial_response,signal,balanced_accuracy,29,0.9057385003558258,1.0351297146923724,0.5314814814814814,0.04844401026724296,0.01831011481111208,7,232.28571428571428,60,442
g2pre,V1,auditory_direction,time_resolved_trial_response,signal,balanced_accuracy,30,0.9704341075240991,1.0351297146923724,0.5425925925925925,0.06215899197616842,0.02349389064505728,7,232.28571428571428,60,442
g2pre,V1,auditory_direction,time_resolved_trial_response,signal,balanced_accuracy,31,1.0351297146923724,1.0351297146923724,0.5370370370370371,0.03672709822381119,0.013881538325320922,7,232.28571428571428,60,442
g2pre,V1,auditory_direction,time_resolved_trial_response,signal,balanced_accuracy,32,1.0998253218606455,1.0351297146923724,0.5404761904761904,0.05031256409117089,0.019016361772462374,7,232.28571428571428,60,442
g2pre,V1,auditory_direction,time_resolved_trial_response,signal,balanced_accuracy,33,1.164520929028919,1.0351297146923724,0.5412698412698412,0.030517452593497935,0.011534512887085522,7,232.28571428571428,60,442
g2pre,V1,auditory_direction,time_resolved_trial_response,signal,balanced_accuracy,34,1.229216536197192,1.0351297146923724,0.5370370370370371,0.03446302432643917,0.01302579882784676,7,232.28571428571428,60,442
g2pre,V1,auditory_direction,time_resolved_trial_response,signal,balanced_accuracy,35,1.2939121433654655,1.0351297146923724,0.5182539682539683,0.05669035020520158,0.021426938340017552,7,232.28571428571428,60,442
g2pre,V1,auditory_direction,time_resolved_trial_response,signal,balanced_accuracy,36,1.3586077505337386,1.0351297146923724,0.5277777777777778,0.033555501049202165,0.012682787270622269,7,232.28571428571428,60,442
g2pre,V1,auditory_direction,time_resolved_trial_response,signal,balanced_accuracy,37,1.423303357702012,1.0351297146923724,0.5187830687830688,0.030976866662208488,0.01170815508345873,7,232.28571428571428,60,442
g2pre,V1,auditory_direction,time_resolved_trial_response,signal,balanced_accuracy,38,1.4879989648702852,1.0351297146923724,0.5198412698412699,0.0404551477848987,0.015290608613029643,7,232.28571428571428,60,442
g2pre,V1,auditory_direction,time_resolved_trial_response,signal,balanced_accuracy,39,1.5526945720385585,1.0351297146923724,0.5375661375661376,0.04573379621539709,0.017285750185263953,7,232.28571428571428,60,442
g2pre,V1,auditory_direction,time_resolved_trial_response,signal,balanced_accuracy,40,1.6173901792068317,1.0351297146923724,0.5113756613756614,0.04056399048971477,0.01533174728859635,7,232.28571428571428,60,442
g2pre,V1,auditory_direction,time_resolved_trial_response,signal,balanced_accuracy,41,1.682085786375105,1.0351297146923724,0.5322751322751322,0.033313731253817896,0.012591406877320304,7,232.28571428571428,60,442
g2pre,V1,auditory_direction,time_resolved_trial_response,signal,balanced_accuracy,42,1.7467813935433782,1.0351297146923724,0.511904761904762,0.049052023264569825,0.018539922123229486,7,232.28571428571428,60,442
g2pre,V1,auditory_direction,time_resolved_trial_response,signal,balanced_accuracy,43,1.8114770007116516,1.0351297146923724,0.5280423280423281,0.04377620805489024,0.016545851407808877,7,232.28571428571428,60,442
g2pre,V1,auditory_direction,time_resolved_trial_response,signal,balanced_accuracy,44,1.8761726078799248,1.0351297146923724,0.5055555555555555,0.04858538413862314,0.018363549111905565,7,232.28571428571428,60,442
g2pre,V1,auditory_direction,time_resolved_trial_response,signal,balanced_accuracy,45,1.9408682150481982,1.0351297146923724,0.5134920634920636,0.05055379508663526,0.019107538518536554,7,232.28571428571428,60,442
g2pre,V1,auditory_direction,time_resolved_trial_response,signal,balanced_accuracy,46,2.0055638222164713,1.0351297146923724,0.5134920634920636,0.04034196369639738,0.015247829048666213,7,232.28571428571428,60,442
g2pre,V1,congruency,time_resolved_trial_response,signal,balanced_accuracy,0,-0.9704341075240991,1.0351297146923724,0.5027777777777778,0.0346944333244356,0.013113263207824072,7,232.28571428571428,60,442
g2pre,V1,congruency,time_resolved_trial_response,signal,balanced_accuracy,1,-0.9057385003558258,1.0351297146923724,0.4892857142857143,0.02612827309465519,0.009875558970862518,7,232.28571428571428,60,442
g2pre,V1,congruency,time_resolved_trial_response,signal,balanced_accuracy,2,-0.8410428931875525,1.0351297146923724,0.4964285714285714,0.039437736966029945,0.01490606346904203,7,232.28571428571428,60,442
g2pre,V1,congruency,time_resolved_trial_response,signal,balanced_accuracy,3,-0.7763472860192793,1.0351297146923724,0.5035714285714287,0.038212177220727256,0.014442845425767376,7,232.28571428571428,60,442
g2pre,V1,congruency,time_resolved_trial_response,signal,balanced_accuracy,4,-0.711651678851006,1.0351297146923724,0.4920634920634921,0.02816528648403577,0.010645477663092491,7,232.28571428571428,60,442
g2pre,V1,congruency,time_resolved_trial_response,signal,balanced_accuracy,5,-0.6469560716827327,1.0351297146923724,0.503968253968254,0.03487400686880191,0.013181135627886885,7,232.28571428571428,60,442
g2pre,V1,congruency,time_resolved_trial_response,signal,balanced_accuracy,6,-0.5822604645144595,1.0351297146923724,0.4876984126984127,0.04423728174092507,0.016720120880569452,7,232.28571428571428,60,442
g2pre,V1,congruency,time_resolved_trial_response,signal,balanced_accuracy,7,-0.5175648573461862,1.0351297146923724,0.5087301587301587,0.030741378204648277,0.01161914881269723,7,232.28571428571428,60,442
g2pre,V1,congruency,time_resolved_trial_response,signal,balanced_accuracy,8,-0.4528692501779129,1.0351297146923724,0.5103174603174603,0.03198324076128554,0.012088528739466524,7,232.28571428571428,60,442
g2pre,V1,congruency,time_resolved_trial_response,signal,balanced_accuracy,9,-0.38817364300963964,1.0351297146923724,0.4976190476190476,0.04004333337664325,0.015134957397235766,7,232.28571428571428,60,442
g2pre,V1,congruency,time_resolved_trial_response,signal,balanced_accuracy,10,-0.32347803584136636,1.0351297146923724,0.49960317460317466,0.04491729286275781,0.016977140925873376,7,232.28571428571428,60,442
g2pre,V1,congruency,time_resolved_trial_response,signal,balanced_accuracy,11,-0.2587824286730931,1.0351297146923724,0.4876984126984127,0.02524861682115557,0.009543080151019975,7,232.28571428571428,60,442
g2pre,V1,congruency,time_resolved_trial_response,signal,balanced_accuracy,12,-0.19408682150481982,1.0351297146923724,0.5071428571428572,0.04955712147856876,0.018730831303501495,7,232.28571428571428,60,442
g2pre,V1,congruency,time_resolved_trial_response,signal,balanced_accuracy,13,-0.12939121433654655,1.0351297146923724,0.5123015873015874,0.024577559630479393,0.009289444373587,7,232.28571428571428,60,442
g2pre,V1,congruency,time_resolved_trial_response,signal,balanced_accuracy,14,-0.06469560716827327,1.0351297146923724,0.5265873015873016,0.02813918333988854,0.010635611601970999,7,232.28571428571428,60,442
g2pre,V1,congruency,time_resolved_trial_response,signal,balanced_accuracy,15,0.0,1.0351297146923724,0.4924603174603175,0.020645093137700167,0.007803111748017257,7,232.28571428571428,60,442
g2pre,V1,congruency,time_resolved_trial_response,signal,balanced_accuracy,16,0.06469560716827327,1.0351297146923724,0.4936507936507937,0.051086806965917886,0.019308998072597273,7,232.28571428571428,60,442
g2pre,V1,congruency,time_resolved_trial_response,signal,balanced_accuracy,17,0.12939121433654655,1.0351297146923724,0.5150793650793651,0.037572191925865195,0.01420095372106118,7,232.28571428571428,60,442
g2pre,V1,congruency,time_resolved_trial_response,signal,balanced_accuracy,18,0.19408682150481982,1.0351297146923724,0.49444444444444446,0.04811252243246881,0.018184824186332698,7,232.28571428571428,60,442
g2pre,V1,congruency,time_resolved_trial_response,signal,balanced_accuracy,19,0.2587824286730931,1.0351297146923724,0.49246031746031743,0.039077396483540264,0.014769867568473923,7,232.28571428571428,60,442
g2pre,V1,congruency,time_resolved_trial_response,signal,balanced_accuracy,20,0.32347803584136636,1.0351297146923724,0.5031746031746032,0.03672654242211435,0.013881328252025479,7,232.28571428571428,60,442
g2pre,V1,congruency,time_resolved_trial_response,signal,balanced_accuracy,21,0.38817364300963964,1.0351297146923724,0.5194444444444445,0.051395144764362646,0.019425538806095273,7,232.28571428571428,60,442
g2pre,V1,congruency,time_resolved_trial_response,signal,balanced_accuracy,22,0.4528692501779129,1.0351297146923724,0.5083333333333334,0.04145005423259145,0.01566664790422532,7,232.28571428571428,60,442
g2pre,V1,congruency,time_resolved_trial_response,signal,balanced_accuracy,23,0.5175648573461862,1.0351297146923724,0.5242063492063492,0.04937141625568684,0.01866064132679987,7,232.28571428571428,60,442
g2pre,V1,congruency,time_resolved_trial_response,signal,balanced_accuracy,24,0.5822604645144595,1.0351297146923724,0.5218253968253969,0.027189538742847342,0.010276679682304262,7,232.28571428571428,60,442
g2pre,V1,congruency,time_resolved_trial_response,signal,balanced_accuracy,25,0.6469560716827327,1.0351297146923724,0.5103174603174604,0.04355930768850876,0.016463870775133994,7,232.28571428571428,60,442
g2pre,V1,congruency,time_resolved_trial_response,signal,balanced_accuracy,26,0.711651678851006,1.0351297146923724,0.5003968253968254,0.03860440160957241,0.014591092310198598,7,232.28571428571428,60,442
g2pre,V1,congruency,time_resolved_trial_response,signal,balanced_accuracy,27,0.7763472860192793,1.0351297146923724,0.5063492063492063,0.03694598596457764,0.013964270114907895,7,232.28571428571428,60,442
g2pre,V1,congruency,time_resolved_trial_response,signal,balanced_accuracy,28,0.8410428931875525,1.0351297146923724,0.5186507936507937,0.03638479923704796,0.013752161469177364,7,232.28571428571428,60,442
g2pre,V1,congruency,time_resolved_trial_response,signal,balanced_accuracy,29,0.9057385003558258,1.0351297146923724,0.507936507936508,0.039166619760563334,0.014803590797354108,7,232.28571428571428,60,442
g2pre,V1,congruency,time_resolved_trial_response,signal,balanced_accuracy,30,0.9704341075240991,1.0351297146923724,0.4988095238095238,0.038115900481144785,0.01440645623862804,7,232.28571428571428,60,442
g2pre,V1,congruency,time_resolved_trial_response,signal,balanced_accuracy,31,1.0351297146923724,1.0351297146923724,0.5031746031746032,0.03522519307151261,0.013313871535922546,7,232.28571428571428,60,442
g2pre,V1,congruency,time_resolved_trial_response,signal,balanced_accuracy,32,1.0998253218606455,1.0351297146923724,0.5091269841269842,0.033245032957470944,0.012565441361944898,7,232.28571428571428,60,442
g2pre,V1,congruency,time_resolved_trial_response,signal,balanced_accuracy,33,1.164520929028919,1.0351297146923724,0.5202380952380953,0.05255103060042088,0.01986242258697985,7,232.28571428571428,60,442
g2pre,V1,congruency,time_resolved_trial_response,signal,balanced_accuracy,34,1.229216536197192,1.0351297146923724,0.5162698412698413,0.06329085180654934,0.023921693449367516,7,232.28571428571428,60,442
g2pre,V1,congruency,time_resolved_trial_response,signal,balanced_accuracy,35,1.2939121433654655,1.0351297146923724,0.5027777777777778,0.056791800834057944,0.021465283073489702,7,232.28571428571428,60,442
g2pre,V1,congruency,time_resolved_trial_response,signal,balanced_accuracy,36,1.3586077505337386,1.0351297146923724,0.49603174603174605,0.04368144666868053,0.0165100349704085,7,232.28571428571428,60,442
g2pre,V1,congruency,time_resolved_trial_response,signal,balanced_accuracy,37,1.423303357702012,1.0351297146923724,0.5246031746031746,0.042836316711342935,0.016190605871459086,7,232.28571428571428,60,442
g2pre,V1,congruency,time_resolved_trial_response,signal,balanced_accuracy,38,1.4879989648702852,1.0351297146923724,0.507936507936508,0.036621344444198733,0.013841567153740965,7,232.28571428571428,60,442
g2pre,V1,congruency,time_resolved_trial_response,signal,balanced_accuracy,39,1.5526945720385585,1.0351297146923724,0.513095238095238,0.043381807103171056,0.016396781859938,7,232.28571428571428,60,442
g2pre,V1,congruency,time_resolved_trial_response,signal,balanced_accuracy,40,1.6173901792068317,1.0351297146923724,0.5051587301587301,0.0331564974262292,0.012531978076536518,7,232.28571428571428,60,442
g2pre,V1,congruency,time_resolved_trial_response,signal,balanced_accuracy,41,1.682085786375105,1.0351297146923724,0.4988095238095238,0.040281198541109585,0.015224861978770538,7,232.28571428571428,60,442
g2pre,V1,congruency,time_resolved_trial_response,signal,balanced_accuracy,42,1.7467813935433782,1.0351297146923724,0.5055555555555555,0.023350963357256473,0.00882583455958322,7,232.28571428571428,60,442
g2pre,V1,congruency,time_resolved_trial_response,signal,balanced_accuracy,43,1.8114770007116516,1.0351297146923724,0.5218253968253969,0.05003672960166227,0.018912106134997483,7,232.28571428571428,60,442
g2pre,V1,congruency,time_resolved_trial_response,signal,balanced_accuracy,44,1.8761726078799248,1.0351297146923724,0.5130952380952382,0.03670152263419645,0.013871871661070286,7,232.28571428571428,60,442
g2pre,V1,congruency,time_resolved_trial_response,signal,balanced_accuracy,45,1.9408682150481982,1.0351297146923724,0.48928571428571427,0.03132156708043036,0.01183843959537802,7,232.28571428571428,60,442
g2pre,V1,congruency,time_resolved_trial_response,signal,balanced_accuracy,46,2.0055638222164713,1.0351297146923724,0.5198412698412699,0.03913377169412172,0.01479117539523213,7,232.28571428571428,60,442
g2pre,V1,modality,time_resolved_trial_response,signal,balanced_accuracy,0,-0.9704341075240991,1.0351297146923724,0.3402116402116402,0.01078292512707781,0.004075562613153919,7,232.28571428571428,60,442
g2pre,V1,modality,time_resolved_trial_response,signal,balanced_accuracy,1,-0.9057385003558258,1.0351297146923724,0.3308201058201058,0.018392427873889238,0.006951684308714768,7,232.28571428571428,60,442
g2pre,V1,modality,time_resolved_trial_response,signal,balanced_accuracy,2,-0.8410428931875525,1.0351297146923724,0.33611111111111114,0.014493033187498628,0.005477851651018159,7,232.28571428571428,60,442
g2pre,V1,modality,time_resolved_trial_response,signal,balanced_accuracy,3,-0.7763472860192793,1.0351297146923724,0.351058201058201,0.012610152193249938,0.004766189528287864,7,232.28571428571428,60,442
g2pre,V1,modality,time_resolved_trial_response,signal,balanced_accuracy,4,-0.711651678851006,1.0351297146923724,0.33425925925925926,0.008435586647355817,0.003188352061691515,7,232.28571428571428,60,442
g2pre,V1,modality,time_resolved_trial_response,signal,balanced_accuracy,5,-0.6469560716827327,1.0351297146923724,0.3297619047619048,0.018108331947928775,0.006844306141775053,7,232.28571428571428,60,442
g2pre,V1,modality,time_resolved_trial_response,signal,balanced_accuracy,6,-0.5822604645144595,1.0351297146923724,0.3294973544973545,0.016376316683614157,0.0061896659051544406,7,232.28571428571428,60,442
g2pre,V1,modality,time_resolved_trial_response,signal,balanced_accuracy,7,-0.5175648573461862,1.0351297146923724,0.3322751322751323,0.0196376975866155,0.0074223520194397,7,232.28571428571428,60,442
g2pre,V1,modality,time_resolved_trial_response,signal,balanced_accuracy,8,-0.4528692501779129,1.0351297146923724,0.3305555555555556,0.014834092395923329,0.005606759914995345,7,232.28571428571428,60,442
g2pre,V1,modality,time_resolved_trial_response,signal,balanced_accuracy,9,-0.38817364300963964,1.0351297146923724,0.3197089947089947,0.016664216947146315,0.00629848197653959,7,232.28571428571428,60,442
g2pre,V1,modality,time_resolved_trial_response,signal,balanced_accuracy,10,-0.32347803584136636,1.0351297146923724,0.332010582010582,0.020599560441700523,0.007785902006569063,7,232.28571428571428,60,442
g2pre,V1,modality,time_resolved_trial_response,signal,balanced_accuracy,11,-0.2587824286730931,1.0351297146923724,0.332010582010582,0.03340123888662333,0.012624481653637894,7,232.28571428571428,60,442
g2pre,V1,modality,time_resolved_trial_response,signal,balanced_accuracy,12,-0.19408682150481982,1.0351297146923724,0.33492063492063495,0.020949363347803517,0.007918115077631375,7,232.28571428571428,60,442
g2pre,V1,modality,time_resolved_trial_response,signal,balanced_accuracy,13,-0.12939121433654655,1.0351297146923724,0.32645502645502644,0.012153486373899638,0.004593586072535801,7,232.28571428571428,60,442
g2pre,V1,modality,time_resolved_trial_response,signal,balanced_accuracy,14,-0.06469560716827327,1.0351297146923724,0.330026455026455,0.01025310048874203,0.0038753077229380316,7,232.28571428571428,60,442
g2pre,V1,modality,time_resolved_trial_response,signal,balanced_accuracy,15,0.0,1.0351297146923724,0.3383597883597883,0.018385767570258258,0.006949166950562803,7,232.28571428571428,60,442
g2pre,V1,modality,time_resolved_trial_response,signal,balanced_accuracy,16,0.06469560716827327,1.0351297146923724,0.32857142857142857,0.011934853210007436,0.004510950503962945,7,232.28571428571428,60,442
g2pre,V1,modality,time_resolved_trial_response,signal,balanced_accuracy,17,0.12939121433654655,1.0351297146923724,0.3394179894179894,0.016458379068342497,0.006220682571152168,7,232.28571428571428,60,442
g2pre,V1,modality,time_resolved_trial_response,signal,balanced_accuracy,18,0.19408682150481982,1.0351297146923724,0.4652116402116402,0.09009098615365956,0.03405119210444952,7,232.28571428571428,60,442
g2pre,V1,modality,time_resolved_trial_response,signal,balanced_accuracy,19,0.2587824286730931,1.0351297146923724,0.7082010582010582,0.08336835438914525,0.03151027613233978,7,232.28571428571428,60,442
g2pre,V1,modality,time_resolved_trial_response,signal,balanced_accuracy,20,0.32347803584136636,1.0351297146923724,0.7756613756613756,0.06399774740467179,0.024188874871584415,7,232.28571428571428,60,442
g2pre,V1,modality,time_resolved_trial_response,signal,balanced_accuracy,21,0.38817364300963964,1.0351297146923724,0.8002645502645503,0.06425844603524071,0.024287409692101625,7,232.28571428571428,60,442
g2pre,V1,modality,time_resolved_trial_response,signal,balanced_accuracy,22,0.4528692501779129,1.0351297146923724,0.8119047619047619,0.053893419083873365,0.020369797742701628,7,232.28571428571428,60,442
g2pre,V1,modality,time_resolved_trial_response,signal,balanced_accuracy,23,0.5175648573461862,1.0351297146923724,0.7923280423280422,0.056191611685866845,0.021238432898387796,7,232.28571428571428,60,442
g2pre,V1,modality,time_resolved_trial_response,signal,balanced_accuracy,24,0.5822604645144595,1.0351297146923724,0.794973544973545,0.041919183870320946,0.015843962240522754,7,232.28571428571428,60,442
g2pre,V1,modality,time_resolved_trial_response,signal,balanced_accuracy,25,0.6469560716827327,1.0351297146923724,0.7891534391534393,0.04257821243330077,0.016093051624027452,7,232.28571428571428,60,442
g2pre,V1,modality,time_resolved_trial_response,signal,balanced_accuracy,26,0.711651678851006,1.0351297146923724,0.7765873015873017,0.038104652349394766,0.014402204844438805,7,232.28571428571428,60,442
g2pre,V1,modality,time_resolved_trial_response,signal,balanced_accuracy,27,0.7763472860192793,1.0351297146923724,0.7748677248677248,0.04043950280229228,0.01528469536542357,7,232.28571428571428,60,442
g2pre,V1,modality,time_resolved_trial_response,signal,balanced_accuracy,28,0.8410428931875525,1.0351297146923724,0.7735449735449735,0.043734220953792834,0.016529981775269414,7,232.28571428571428,60,442
g2pre,V1,modality,time_resolved_trial_response,signal,balanced_accuracy,29,0.9057385003558258,1.0351297146923724,0.7548941798941798,0.04574584581183773,0.017290304504632613,7,232.28571428571428,60,442
g2pre,V1,modality,time_resolved_trial_response,signal,balanced_accuracy,30,0.9704341075240991,1.0351297146923724,0.7507936507936508,0.060922427972469655,0.0230265133830571,7,232.28571428571428,60,442
g2pre,V1,modality,time_resolved_trial_response,signal,balanced_accuracy,31,1.0351297146923724,1.0351297146923724,0.7554232804232804,0.06549124227969252,0.024753362874963603,7,232.28571428571428,60,442
g2pre,V1,modality,time_resolved_trial_response,signal,balanced_accuracy,32,1.0998253218606455,1.0351297146923724,0.7468253968253968,0.061246243091057875,0.023148903993706713,7,232.28571428571428,60,442
g2pre,V1,modality,time_resolved_trial_response,signal,balanced_accuracy,33,1.164520929028919,1.0351297146923724,0.7469576719576719,0.05615091050149569,0.0212230492966861,7,232.28571428571428,60,442
g2pre,V1,modality,time_resolved_trial_response,signal,balanced_accuracy,34,1.229216536197192,1.0351297146923724,0.7535714285714284,0.052814121587155045,0.01996186163313431,7,232.28571428571428,60,442
g2pre,V1,modality,time_resolved_trial_response,signal,balanced_accuracy,35,1.2939121433654655,1.0351297146923724,0.7538359788359789,0.0608895829807201,0.023014099143059484,7,232.28571428571428,60,442
g2pre,V1,modality,time_resolved_trial_response,signal,balanced_accuracy,36,1.3586077505337386,1.0351297146923724,0.7433862433862435,0.05836132135607066,0.022058506070469407,7,232.28571428571428,60,442
g2pre,V1,modality,time_resolved_trial_response,signal,balanced_accuracy,37,1.423303357702012,1.0351297146923724,0.7321428571428571,0.0631413465384912,0.023865185769513818,7,232.28571428571428,60,442
g2pre,V1,modality,time_resolved_trial_response,signal,balanced_accuracy,38,1.4879989648702852,1.0351297146923724,0.7211640211640212,0.06568078593566105,0.024825003643003996,7,232.28571428571428,60,442
g2pre,V1,modality,time_resolved_trial_response,signal,balanced_accuracy,39,1.5526945720385585,1.0351297146923724,0.7199735449735449,0.07866349216551093,0.02973200536140281,7,232.28571428571428,60,442
g2pre,V1,modality,time_resolved_trial_response,signal,balanced_accuracy,40,1.6173901792068317,1.0351297146923724,0.7156084656084657,0.08392864960532714,0.03172204781845356,7,232.28571428571428,60,442
g2pre,V1,modality,time_resolved_trial_response,signal,balanced_accuracy,41,1.682085786375105,1.0351297146923724,0.6956349206349206,0.08331397972401618,0.03148972444068922,7,232.28571428571428,60,442
g2pre,V1,modality,time_resolved_trial_response,signal,balanced_accuracy,42,1.7467813935433782,1.0351297146923724,0.6952380952380953,0.08866101928533539,0.03351071543064272,7,232.28571428571428,60,442
g2pre,V1,modality,time_resolved_trial_response,signal,balanced_accuracy,43,1.8114770007116516,1.0351297146923724,0.702116402116402,0.07515552059854749,0.028406116736764127,7,232.28571428571428,60,442
g2pre,V1,modality,time_resolved_trial_response,signal,balanced_accuracy,44,1.8761726078799248,1.0351297146923724,0.683068783068783,0.08539579822316055,0.032276577872619186,7,232.28571428571428,60,442
g2pre,V1,modality,time_resolved_trial_response,signal,balanced_accuracy,45,1.9408682150481982,1.0351297146923724,0.693121693121693,0.08324387712759683,0.031463228149777,7,232.28571428571428,60,442
g2pre,V1,modality,time_resolved_trial_response,signal,balanced_accuracy,46,2.0055638222164713,1.0351297146923724,0.6714285714285715,0.07730313094873816,0.0292178371510031,7,232.28571428571428,60,442
g2pre,V1,trial_type,time_resolved_trial_response,signal,balanced_accuracy,0,-0.9704341075240991,1.0351297146923724,0.1238095238095238,0.007750803565327228,0.0029295283849669453,7,232.28571428571428,60,442
g2pre,V1,trial_type,time_resolved_trial_response,signal,balanced_accuracy,1,-0.9057385003558258,1.0351297146923724,0.12182539682539682,0.016349495297184654,0.006179528373967237,7,232.28571428571428,60,442
g2pre,V1,trial_type,time_resolved_trial_response,signal,balanced_accuracy,2,-0.8410428931875525,1.0351297146923724,0.13373015873015873,0.013601524536745584,0.005140893053653118,7,232.28571428571428,60,442
g2pre,V1,trial_type,time_resolved_trial_response,signal,balanced_accuracy,3,-0.7763472860192793,1.0351297146923724,0.13690476190476192,0.017381601664565677,0.0065696279132038725,7,232.28571428571428,60,442
g2pre,V1,trial_type,time_resolved_trial_response,signal,balanced_accuracy,4,-0.711651678851006,1.0351297146923724,0.13075396825396826,0.01820501833379477,0.0068808501606560605,7,232.28571428571428,60,442
g2pre,V1,trial_type,time_resolved_trial_response,signal,balanced_accuracy,5,-0.6469560716827327,1.0351297146923724,0.12678571428571428,0.006549622909654526,0.002475524771456734,7,232.28571428571428,60,442
g2pre,V1,trial_type,time_resolved_trial_response,signal,balanced_accuracy,6,-0.5822604645144595,1.0351297146923724,0.13035714285714287,0.012459517043681393,0.004709254793364523,7,232.28571428571428,60,442
g2pre,V1,trial_type,time_resolved_trial_response,signal,balanced_accuracy,7,-0.5175648573461862,1.0351297146923724,0.11746031746031746,0.019851187997271057,0.007503043809995651,7,232.28571428571428,60,442
g2pre,V1,trial_type,time_resolved_trial_response,signal,balanced_accuracy,8,-0.4528692501779129,1.0351297146923724,0.12182539682539682,0.008047341186775095,0.003041609070784898,7,232.28571428571428,60,442
g2pre,V1,trial_type,time_resolved_trial_response,signal,balanced_accuracy,9,-0.38817364300963964,1.0351297146923724,0.12440476190476189,0.018973414210310235,0.007171276503185692,7,232.28571428571428,60,442
g2pre,V1,trial_type,time_resolved_trial_response,signal,balanced_accuracy,10,-0.32347803584136636,1.0351297146923724,0.13075396825396826,0.0161060929970137,0.006087530951853888,7,232.28571428571428,60,442
g2pre,V1,trial_type,time_resolved_trial_response,signal,balanced_accuracy,11,-0.2587824286730931,1.0351297146923724,0.12896825396825398,0.010093077994249388,0.0038148249051374985,7,232.28571428571428,60,442
g2pre,V1,trial_type,time_resolved_trial_response,signal,balanced_accuracy,12,-0.19408682150481982,1.0351297146923724,0.12083333333333333,0.010206207261596578,0.0038575837490522984,7,232.28571428571428,60,442
g2pre,V1,trial_type,time_resolved_trial_response,signal,balanced_accuracy,13,-0.12939121433654655,1.0351297146923724,0.1140873015873016,0.012355871013444663,0.004670080276166598,7,232.28571428571428,60,442
g2pre,V1,trial_type,time_resolved_trial_response,signal,balanced_accuracy,14,-0.06469560716827327,1.0351297146923724,0.12956349206349205,0.018680672340855613,0.00706063047676954,7,232.28571428571428,60,442
g2pre,V1,trial_type,time_resolved_trial_response,signal,balanced_accuracy,15,0.0,1.0351297146923724,0.12837301587301586,0.01593407568024129,0.006022514517371543,7,232.28571428571428,60,442
g2pre,V1,trial_type,time_resolved_trial_response,signal,balanced_accuracy,16,0.06469560716827327,1.0351297146923724,0.1238095238095238,0.013356186323570631,0.005048163925201422,7,232.28571428571428,60,442
g2pre,V1,trial_type,time_resolved_trial_response,signal,balanced_accuracy,17,0.12939121433654655,1.0351297146923724,0.1349206349206349,0.00783332395211266,0.0029607181594708187,7,232.28571428571428,60,442
g2pre,V1,trial_type,time_resolved_trial_response,signal,balanced_accuracy,18,0.19408682150481982,1.0351297146923724,0.21746031746031744,0.0676948925066534,0.02558626437169354,7,232.28571428571428,60,442
g2pre,V1,trial_type,time_resolved_trial_response,signal,balanced_accuracy,19,0.2587824286730931,1.0351297146923724,0.3902777777777778,0.11354113574459629,0.042914515536575465,7,232.28571428571428,60,442
g2pre,V1,trial_type,time_resolved_trial_response,signal,balanced_accuracy,20,0.32347803584136636,1.0351297146923724,0.4597222222222222,0.1319298237513479,0.04986478630837844,7,232.28571428571428,60,442
g2pre,V1,trial_type,time_resolved_trial_response,signal,balanced_accuracy,21,0.38817364300963964,1.0351297146923724,0.5009920634920635,0.11632919192357526,0.04396830172098337,7,232.28571428571428,60,442
g2pre,V1,trial_type,time_resolved_trial_response,signal,balanced_accuracy,22,0.4528692501779129,1.0351297146923724,0.4996031746031746,0.09430720654514799,0.035644773622809205,7,232.28571428571428,60,442
g2pre,V1,trial_type,time_resolved_trial_response,signal,balanced_accuracy,23,0.5175648573461862,1.0351297146923724,0.5075396825396826,0.08003044504461287,0.030248664985981024,7,232.28571428571428,60,442
g2pre,V1,trial_type,time_resolved_trial_response,signal,balanced_accuracy,24,0.5822604645144595,1.0351297146923724,0.5041666666666667,0.06306840299857072,0.02383761570288835,7,232.28571428571428,60,442
g2pre,V1,trial_type,time_resolved_trial_response,signal,balanced_accuracy,25,0.6469560716827327,1.0351297146923724,0.5192460317460318,0.05839078173926324,0.022069641048677438,7,232.28571428571428,60,442
g2pre,V1,trial_type,time_resolved_trial_response,signal,balanced_accuracy,26,0.711651678851006,1.0351297146923724,0.48809523809523814,0.06688264178319275,0.025279262455049373,7,232.28571428571428,60,442
g2pre,V1,trial_type,time_resolved_trial_response,signal,balanced_accuracy,27,0.7763472860192793,1.0351297146923724,0.48432539682539677,0.08386678902282721,0.03169866671598893,7,232.28571428571428,60,442
g2pre,V1,trial_type,time_resolved_trial_response,signal,balanced_accuracy,28,0.8410428931875525,1.0351297146923724,0.47837301587301584,0.08200663499633136,0.03099559457964843,7,232.28571428571428,60,442
g2pre,V1,trial_type,time_resolved_trial_response,signal,balanced_accuracy,29,0.9057385003558258,1.0351297146923724,0.4474206349206349,0.07583735477834523,0.028663825833211056,7,232.28571428571428,60,442
g2pre,V1,trial_type,time_resolved_trial_response,signal,balanced_accuracy,30,0.9704341075240991,1.0351297146923724,0.4652777777777778,0.08013138645156595,0.030286817251664856,7,232.28571428571428,60,442
g2pre,V1,trial_type,time_resolved_trial_response,signal,balanced_accuracy,31,1.0351297146923724,1.0351297146923724,0.4601190476190476,0.07698301900146329,0.0290968462075474,7,232.28571428571428,60,442
g2pre,V1,trial_type,time_resolved_trial_response,signal,balanced_accuracy,32,1.0998253218606455,1.0351297146923724,0.46369047619047615,0.08768142776459754,0.033140464637742735,7,232.28571428571428,60,442
g2pre,V1,trial_type,time_resolved_trial_response,signal,balanced_accuracy,33,1.164520929028919,1.0351297146923724,0.46289682539682536,0.07897033112580162,0.02984797958732778,7,232.28571428571428,60,442
g2pre,V1,trial_type,time_resolved_trial_response,signal,balanced_accuracy,34,1.229216536197192,1.0351297146923724,0.4634920634920635,0.07697466600349241,0.02909368907107129,7,232.28571428571428,60,442
g2pre,V1,trial_type,time_resolved_trial_response,signal,balanced_accuracy,35,1.2939121433654655,1.0351297146923724,0.44742063492063494,0.08975786390541514,0.03392528372944417,7,232.28571428571428,60,442
g2pre,V1,trial_type,time_resolved_trial_response,signal,balanced_accuracy,36,1.3586077505337386,1.0351297146923724,0.44186507936507935,0.07803952555276643,0.029496168149441487,7,232.28571428571428,60,442
g2pre,V1,trial_type,time_resolved_trial_response,signal,balanced_accuracy,37,1.423303357702012,1.0351297146923724,0.4371031746031746,0.07131604893695973,0.026954932853558242,7,232.28571428571428,60,442
g2pre,V1,trial_type,time_resolved_trial_response,signal,balanced_accuracy,38,1.4879989648702852,1.0351297146923724,0.4253968253968254,0.07689108611565246,0.02906209884280969,7,232.28571428571428,60,442
g2pre,V1,trial_type,time_resolved_trial_response,signal,balanced_accuracy,39,1.5526945720385585,1.0351297146923724,0.41309523809523807,0.0722482909810098,0.027307287226454667,7,232.28571428571428,60,442
g2pre,V1,trial_type,time_resolved_trial_response,signal,balanced_accuracy,40,1.6173901792068317,1.0351297146923724,0.3992063492063492,0.07353620027797705,0.027794071185166587,7,232.28571428571428,60,442
g2pre,V1,trial_type,time_resolved_trial_response,signal,balanced_accuracy,41,1.682085786375105,1.0351297146923724,0.39781746031746035,0.07773583997852197,0.029381385791411672,7,232.28571428571428,60,442
g2pre,V1,trial_type,time_resolved_trial_response,signal,balanced_accuracy,42,1.7467813935433782,1.0351297146923724,0.3813492063492063,0.08644222906262033,0.0326720915533962,7,232.28571428571428,60,442
g2pre,V1,trial_type,time_resolved_trial_response,signal,balanced_accuracy,43,1.8114770007116516,1.0351297146923724,0.3906746031746032,0.07900696320676925,0.02986182521250595,7,232.28571428571428,60,442
g2pre,V1,trial_type,time_resolved_trial_response,signal,balanced_accuracy,44,1.8761726078799248,1.0351297146923724,0.3738095238095238,0.07773820327283977,0.029382279032703067,7,232.28571428571428,60,442
g2pre,V1,trial_type,time_resolved_trial_response,signal,balanced_accuracy,45,1.9408682150481982,1.0351297146923724,0.3603174603174603,0.07036362575586944,0.02659495072783568,7,232.28571428571428,60,442
g2pre,V1,trial_type,time_resolved_trial_response,signal,balanced_accuracy,46,2.0055638222164713,1.0351297146923724,0.35138888888888886,0.07829277253011721,0.029591886509777055,7,232.28571428571428,60,442
g2pre,V1,visual_direction,time_resolved_trial_response,signal,balanced_accuracy,0,-0.9704341075240991,1.0351297146923724,0.4928571428571428,0.01972688959518936,0.007456063429956954,7,232.28571428571428,60,442
g2pre,V1,visual_direction,time_resolved_trial_response,signal,balanced_accuracy,1,-0.9057385003558258,1.0351297146923724,0.5068783068783068,0.026378637508790513,0.009970187824711442,7,232.28571428571428,60,442
g2pre,V1,visual_direction,time_resolved_trial_response,signal,balanced_accuracy,2,-0.8410428931875525,1.0351297146923724,0.5095238095238095,0.03161606258147372,0.011949748432233462,7,232.28571428571428,60,442
g2pre,V1,visual_direction,time_resolved_trial_response,signal,balanced_accuracy,3,-0.7763472860192793,1.0351297146923724,0.5185185185185185,0.017239802523171567,0.006516032875453688,7,232.28571428571428,60,442
g2pre,V1,visual_direction,time_resolved_trial_response,signal,balanced_accuracy,4,-0.711651678851006,1.0351297146923724,0.5063492063492064,0.007318692741180449,0.0027662058450367254,7,232.28571428571428,60,442
g2pre,V1,visual_direction,time_resolved_trial_response,signal,balanced_accuracy,5,-0.6469560716827327,1.0351297146923724,0.503968253968254,0.01822070941943089,0.0068867808335694594,7,232.28571428571428,60,442
g2pre,V1,visual_direction,time_resolved_trial_response,signal,balanced_accuracy,6,-0.5822604645144595,1.0351297146923724,0.5029100529100529,0.01909165984409387,0.007215969151844365,7,232.28571428571428,60,442
g2pre,V1,visual_direction,time_resolved_trial_response,signal,balanced_accuracy,7,-0.5175648573461862,1.0351297146923724,0.4873015873015873,0.0348165972000496,0.013159436812691284,7,232.28571428571428,60,442
g2pre,V1,visual_direction,time_resolved_trial_response,signal,balanced_accuracy,8,-0.4528692501779129,1.0351297146923724,0.5169312169312169,0.02855754447422858,0.010793737247639375,7,232.28571428571428,60,442
g2pre,V1,visual_direction,time_resolved_trial_response,signal,balanced_accuracy,9,-0.38817364300963964,1.0351297146923724,0.4931216931216931,0.02404352966667045,0.009087600019744816,7,232.28571428571428,60,442
g2pre,V1,visual_direction,time_resolved_trial_response,signal,balanced_accuracy,10,-0.32347803584136636,1.0351297146923724,0.5248677248677248,0.02668331833621104,0.010085346353083455,7,232.28571428571428,60,442
g2pre,V1,visual_direction,time_resolved_trial_response,signal,balanced_accuracy,11,-0.2587824286730931,1.0351297146923724,0.5195767195767196,0.025878641688272988,0.009781207167902718,7,232.28571428571428,60,442
g2pre,V1,visual_direction,time_resolved_trial_response,signal,balanced_accuracy,12,-0.19408682150481982,1.0351297146923724,0.5092592592592593,0.017338977660726118,0.006553517554055111,7,232.28571428571428,60,442
g2pre,V1,visual_direction,time_resolved_trial_response,signal,balanced_accuracy,13,-0.12939121433654655,1.0351297146923724,0.5082010582010582,0.021933753786427684,0.008290179691001282,7,232.28571428571428,60,442
g2pre,V1,visual_direction,time_resolved_trial_response,signal,balanced_accuracy,14,-0.06469560716827327,1.0351297146923724,0.4939153439153439,0.027336291738973655,0.010332147101147668,7,232.28571428571428,60,442
g2pre,V1,visual_direction,time_resolved_trial_response,signal,balanced_accuracy,15,0.0,1.0351297146923724,0.5071428571428571,0.01732013094030779,0.006546394163304245,7,232.28571428571428,60,442
g2pre,V1,visual_direction,time_resolved_trial_response,signal,balanced_accuracy,16,0.06469560716827327,1.0351297146923724,0.508994708994709,0.021448158792285014,0.008106642034944229,7,232.28571428571428,60,442
g2pre,V1,visual_direction,time_resolved_trial_response,signal,balanced_accuracy,17,0.12939121433654655,1.0351297146923724,0.5010582010582011,0.03439424762055457,0.012999803676451774,7,232.28571428571428,60,442
g2pre,V1,visual_direction,time_resolved_trial_response,signal,balanced_accuracy,18,0.19408682150481982,1.0351297146923724,0.6021164021164022,0.10270366904090324,0.03881833814515907,7,232.28571428571428,60,442
g2pre,V1,visual_direction,time_resolved_trial_response,signal,balanced_accuracy,19,0.2587824286730931,1.0351297146923724,0.8150793650793651,0.20559845112270772,0.07770891023010759,7,232.28571428571428,60,442
g2pre,V1,visual_direction,time_resolved_trial_response,signal,balanced_accuracy,20,0.32347803584136636,1.0351297146923724,0.8772486772486773,0.18624914813918567,0.07039556112484481,7,232.28571428571428,60,442
g2pre,V1,visual_direction,time_resolved_trial_response,signal,balanced_accuracy,21,0.38817364300963964,1.0351297146923724,0.9063492063492063,0.15208825749909052,0.057483958096535406,7,232.28571428571428,60,442
g2pre,V1,visual_direction,time_resolved_trial_response,signal,balanced_accuracy,22,0.4528692501779129,1.0351297146923724,0.9293650793650794,0.12721484771799937,0.04808269287668273,7,232.28571428571428,60,442
g2pre,V1,visual_direction,time_resolved_trial_response,signal,balanced_accuracy,23,0.5175648573461862,1.0351297146923724,0.9674603174603175,0.06715235581984402,0.025381204778775455,7,232.28571428571428,60,442
g2pre,V1,visual_direction,time_resolved_trial_response,signal,balanced_accuracy,24,0.5822604645144595,1.0351297146923724,0.987037037037037,0.022579433528607307,0.008534223694486935,7,232.28571428571428,60,442
g2pre,V1,visual_direction,time_resolved_trial_response,signal,balanced_accuracy,25,0.6469560716827327,1.0351297146923724,0.9891534391534391,0.018531741311005528,0.00700433983855753,7,232.28571428571428,60,442
g2pre,V1,visual_direction,time_resolved_trial_response,signal,balanced_accuracy,26,0.711651678851006,1.0351297146923724,0.9711640211640212,0.0541895556035288,0.020481726826291978,7,232.28571428571428,60,442
g2pre,V1,visual_direction,time_resolved_trial_response,signal,balanced_accuracy,27,0.7763472860192793,1.0351297146923724,0.9534391534391534,0.0809143321032914,0.03058274289231413,7,232.28571428571428,60,442
g2pre,V1,visual_direction,time_resolved_trial_response,signal,balanced_accuracy,28,0.8410428931875525,1.0351297146923724,0.9507936507936507,0.07161710046927586,0.027068719637318727,7,232.28571428571428,60,442
g2pre,V1,visual_direction,time_resolved_trial_response,signal,balanced_accuracy,29,0.9057385003558258,1.0351297146923724,0.9531746031746031,0.06638929167805127,0.025092793642550525,7,232.28571428571428,60,442
g2pre,V1,visual_direction,time_resolved_trial_response,signal,balanced_accuracy,30,0.9704341075240991,1.0351297146923724,0.9544973544973546,0.05144079952753837,0.019442794684599345,7,232.28571428571428,60,442
g2pre,V1,visual_direction,time_resolved_trial_response,signal,balanced_accuracy,31,1.0351297146923724,1.0351297146923724,0.9515873015873016,0.05866239317804156,0.022172300522998564,7,232.28571428571428,60,442
g2pre,V1,visual_direction,time_resolved_trial_response,signal,balanced_accuracy,32,1.0998253218606455,1.0351297146923724,0.9539682539682539,0.05741167418859488,0.021699573179269717,7,232.28571428571428,60,442
g2pre,V1,visual_direction,time_resolved_trial_response,signal,balanced_accuracy,33,1.164520929028919,1.0351297146923724,0.9465608465608464,0.07304398405774802,0.02760803094088113,7,232.28571428571428,60,442
g2pre,V1,visual_direction,time_resolved_trial_response,signal,balanced_accuracy,34,1.229216536197192,1.0351297146923724,0.9447089947089947,0.07712415369997615,0.02915019010949413,7,232.28571428571428,60,442
g2pre,V1,visual_direction,time_resolved_trial_response,signal,balanced_accuracy,35,1.2939121433654655,1.0351297146923724,0.9288359788359788,0.10257797920868844,0.0387708318539634,7,232.28571428571428,60,442
g2pre,V1,visual_direction,time_resolved_trial_response,signal,balanced_accuracy,36,1.3586077505337386,1.0351297146923724,0.9185185185185185,0.10933247180897816,0.04132379009007662,7,232.28571428571428,60,442
g2pre,V1,visual_direction,time_resolved_trial_response,signal,balanced_accuracy,37,1.423303357702012,1.0351297146923724,0.9058201058201057,0.11838065173556332,0.04474368064772105,7,232.28571428571428,60,442
g2pre,V1,visual_direction,time_resolved_trial_response,signal,balanced_accuracy,38,1.4879989648702852,1.0351297146923724,0.8997354497354496,0.11079909158558915,0.041878120261048306,7,232.28571428571428,60,442
g2pre,V1,visual_direction,time_resolved_trial_response,signal,balanced_accuracy,39,1.5526945720385585,1.0351297146923724,0.8896825396825397,0.12048359889510832,0.04553851996264473,7,232.28571428571428,60,442
g2pre,V1,visual_direction,time_resolved_trial_response,signal,balanced_accuracy,40,1.6173901792068317,1.0351297146923724,0.8796296296296295,0.12046055500957331,0.045529810192592404,7,232.28571428571428,60,442
g2pre,V1,visual_direction,time_resolved_trial_response,signal,balanced_accuracy,41,1.682085786375105,1.0351297146923724,0.8693121693121694,0.13396565232309202,0.050634257181634834,7,232.28571428571428,60,442
g2pre,V1,visual_direction,time_resolved_trial_response,signal,balanced_accuracy,42,1.7467813935433782,1.0351297146923724,0.8523809523809524,0.1160019979060357,0.04384463400657226,7,232.28571428571428,60,442
g2pre,V1,visual_direction,time_resolved_trial_response,signal,balanced_accuracy,43,1.8114770007116516,1.0351297146923724,0.8468253968253968,0.11941555917225126,0.04513483889164214,7,232.28571428571428,60,442
g2pre,V1,visual_direction,time_resolved_trial_response,signal,balanced_accuracy,44,1.8761726078799248,1.0351297146923724,0.8298941798941799,0.1185109400134333,0.04479292498800546,7,232.28571428571428,60,442
g2pre,V1,visual_direction,time_resolved_trial_response,signal,balanced_accuracy,45,1.9408682150481982,1.0351297146923724,0.817989417989418,0.11810166993667619,0.04463823543912551,7,232.28571428571428,60,442
g2pre,V1,visual_direction,time_resolved_trial_response,signal,balanced_accuracy,46,2.0055638222164713,1.0351297146923724,0.8058201058201059,0.1315181159684058,0.049709175393164926,7,232.28571428571428,60,442
