,Group,Region,session_id,Predictor,FR
0,g1pre,V1,2,Adrive,0.012629885630610172
1,g1pre,V1,2,Adrive,-0.07200796553131997
2,g1pre,V1,2,Adrive,-0.13989689026365942
3,g1pre,V1,2,Adrive,0.0701459612585364
4,g1pre,V1,2,Adrive,0.18387069251427648
5,g1pre,V1,2,Adrive,0.07235533912205708
6,g1pre,V1,2,Adrive,0.08734794163222223
7,g1pre,V1,2,Adrive,-0.02879917375695893
8,g1pre,V1,2,Adrive,0.26684662184544017
9,g1pre,V1,2,Adrive,-0.07747903764891681
10,g1pre,V1,2,Adrive,-0.25363148570451244
11,g1pre,V1,2,Adrive,-0.059695897056861964
12,g1pre,V1,2,Adrive,0.06409541396102067
13,g1pre,V1,2,Adrive,-0.020847003476262494
14,g1pre,V1,2,Adrive,-0.10142646030716423
15,g1pre,V1,2,Adrive,-0.0933216806611542
16,g1pre,V1,2,Adrive,0.3273106953685114
17,g1pre,V1,2,Adrive,-0.05585593041090516
18,g1pre,V1,2,Adrive,-0.15658263184830537
19,g1pre,V1,2,Adrive,0.06253799271411319
20,g1pre,V1,2,Adrive,0.1436903278496508
21,g1pre,V1,2,Adrive,0.23132586878657108
22,g1pre,V1,2,Adrive,0.2248535643397034
23,g1pre,V1,2,Adrive,0.1796210730601019
24,g1pre,V1,2,Adrive,0.1286392136243857
25,g1pre,V1,2,Adrive,-0.023615087342420158
26,g1pre,V1,2,Adrive,0.0025471715884268133
27,g1pre,V1,2,Adrive,-0.07131533286787396
28,g1pre,V1,2,Adrive,-0.18491356205773915
29,g1pre,V1,2,Adrive,0.05627129715155638
30,g1pre,V1,2,Adrive,-0.0668614036283084
31,g1pre,V1,2,Adrive,-0.12249026032251492
32,g1pre,V1,2,Adrive,-0.030831750172043777
33,g1pre,V1,2,Adrive,-0.1466451550558991
34,g1pre,V1,2,Adrive,-0.04688039497848173
35,g1pre,V1,2,Adrive,-0.04646024178742006
36,g1pre,V1,2,Adrive,0.15329853347892697
37,g1pre,V1,2,Adrive,0.061564756898902444
38,g1pre,V1,2,Adrive,0.11357907762486442
39,g1pre,V1,2,Adrive,0.0643472431007677
40,g1pre,V1,2,Adrive,-0.0705327896126766
41,g1pre,V1,2,Adrive,-0.009939796446221272
42,g1pre,V1,2,Adrive,0.15489767943634372
43,g1pre,V1,2,Adrive,0.09299477685977948
44,g1pre,V1,2,Adrive,-0.004181387360286189
45,g1pre,V1,2,Adrive,-0.010624210190250997
46,g1pre,V1,2,Adrive,0.0016325349464001424
47,g1pre,V1,2,Adrive,0.0015348905944236432
48,g1pre,V1,2,Adrive,0.024738130192413818
49,g1pre,V1,2,Adrive,-0.03182394755932757
50,g1pre,V1,2,Adrive,-0.10610315584055184
51,g1pre,V1,2,Adrive,0.0440911427407706
52,g1pre,V1,2,Adrive,0.01349682178959992
53,g1pre,V1,2,Adrive,0.10635010795205047
54,g1pre,V1,2,Adrive,0.022687357083468297
55,g1pre,V1,2,Adrive,-0.05127851081964212
56,g1pre,V1,2,Adrive,-0.0012048142928519619
57,g1pre,V1,2,Adrive,-0.08965142897437618
58,g1pre,V1,2,Adrive,-0.015275447120462592
59,g1pre,V1,2,Adrive,-0.007783969887161097
60,g1pre,V1,2,Adrive,-0.06661433407446002
61,g1pre,V1,2,Adrive,0.1282812755585994
62,g1pre,V1,2,Adrive,0.00014773412185112577
63,g1pre,V1,2,Adrive,0.007709364053853445
64,g1pre,V1,2,Adrive,0.008832674689994052
65,g1pre,V1,2,Adrive,0.00816691196777639
66,g1pre,V1,2,Adrive,-0.08796308880719693
67,g1pre,V1,2,Adrive,-0.016791111339799016
68,g1pre,V1,2,Adrive,-0.09938818634753854
69,g1pre,V1,2,Adrive,0.09375136278723202
70,g1pre,V1,2,Adrive,0.0426996531087911
71,g1pre,V1,2,Adrive,-0.0815079449734114
72,g1pre,V1,2,Adrive,-0.01174588838141178
73,g1pre,V1,2,Adrive,-0.014565894537346096
74,g1pre,V1,2,Adrive,-0.07015370945489964
75,g1pre,V1,2,Adrive,0.04972672597886034
76,g1pre,V1,2,Adrive,0.07498728164629762
77,g1pre,V1,2,Adrive,0.11868026848357942
78,g1pre,V1,2,Adrive,0.06118435662698599
79,g1pre,V1,2,Adrive,0.02975830012325976
80,g1pre,V1,2,Adrive,0.0802791719397665
81,g1pre,V1,2,Adrive,-0.09780958626724952
82,g1pre,V1,2,Adrive,0.041783607602625485
83,g1pre,V1,2,Adrive,0.07160848815274447
84,g1pre,V1,2,Adrive,-0.0324785650879118
85,g1pre,V1,2,Adrive,0.043373005282305546
86,g1pre,V1,2,Adrive,-0.024545004791030837
87,g1pre,V1,2,Adrive,-0.0750032698435627
88,g1pre,V1,2,Adrive,0.06657455856251504
89,g1pre,V1,2,Adrive,-0.07360409542493847
90,g1pre,V1,2,Adrive,-0.0772277780155161
91,g1pre,V1,2,Adrive,0.045908074297998286
92,g1pre,V1,2,Adrive,0.04188154383828488
93,g1pre,V1,2,Adrive,-0.012857493943205182
94,g1pre,V1,2,Adrive,-0.054281944610782694
95,g1pre,V1,2,Adrive,0.23647194637268104
96,g1pre,V1,2,Adrive,0.05144758281830131
97,g1pre,V1,2,Adrive,0.1124431640986474
98,g1pre,V1,2,Adrive,0.06460272882321093
99,g1pre,V1,2,Adrive,-0.097930886358434
100,g1pre,V1,2,Adrive,0.05059719780635625
101,g1pre,V1,2,Adrive,0.16029471074113652
102,g1pre,V1,2,Adrive,-0.027221482518850662
103,g1pre,V1,2,Adrive,-0.03180885731311567
104,g1pre,V1,2,Adrive,0.17117638477559016
105,g1pre,V1,2,Adrive,-0.0006425156334753981
106,g1pre,V1,2,Adrive,-0.11535926404727906
107,g1pre,V1,2,Adrive,-0.1798443577185509
108,g1pre,V1,2,Adrive,-0.05658451810208918
109,g1pre,V1,2,Adrive,0.03217259239772553
110,g1pre,V1,2,Adrive,0.029138027987507753
111,g1pre,V1,2,Adrive,0.04125559213477036
112,g1pre,V1,2,Adrive,0.06756438672274565
113,g1pre,V1,2,Adrive,-0.0104393004645429
114,g1pre,V1,2,Adrive,-0.03674725415060725
115,g1pre,V1,2,Adrive,0.07477335091135937
116,g1pre,V1,2,Adrive,-0.13165238007825264
117,g1pre,V1,2,Adrive,-0.12354647710467923
118,g1pre,V1,2,Adrive,0.08254224562482457
119,g1pre,V1,2,Adrive,0.038402444720859394
120,g1pre,V1,2,Adrive,0.08329120076341162
121,g1pre,V1,2,Adrive,-0.0019371336083967177
122,g1pre,V1,2,Adrive,-0.0025854093706164944
123,g1pre,V1,2,Adrive,-0.005742566385597773
124,g1pre,V1,2,Adrive,0.07325749285269698
125,g1pre,V1,2,Adrive,-0.08380738217493403
126,g1pre,V1,2,Adrive,-0.12229029158053309
127,g1pre,V1,2,Adrive,-0.002729803016044587
128,g1pre,V1,2,Adrive,-0.11914988447175627
129,g1pre,V1,2,Adrive,-0.10706928782367846
130,g1pre,V1,2,Adrive,-0.0566256658835802
131,g1pre,V1,2,Adrive,0.06594620811648806
132,g1pre,V1,2,Adrive,0.0739993142910981
133,g1pre,V1,2,Adrive,-0.03265246913978184
134,g1pre,V1,2,Adrive,-0.024508150000712565
135,g1pre,V1,2,Adrive,0.12736512159317506
136,g1pre,V1,2,Adrive,-0.007223179165967486
137,g1pre,V1,2,Adrive,0.059751913005616594
138,g1pre,V1,2,Adrive,0.05203068004322275
139,g1pre,V1,2,Adrive,-0.13840378445088783
140,g1pre,V1,2,Adrive,0.16134234541113743
141,g1pre,V1,2,Adrive,-0.13167596121012182
142,g1pre,V1,2,Adrive,0.23017958964819643
143,g1pre,V1,2,Adrive,-0.05821257216820257
144,g1pre,V1,2,Adrive,-0.011443100860695075
145,g1pre,V1,2,Adrive,-0.15787580910325996
146,g1pre,V1,2,Adrive,-0.18166252460604934
147,g1pre,V1,2,Adrive,0.0023749956792187303
148,g1pre,V1,2,Adrive,-0.019061531152244276
149,g1pre,V1,2,Adrive,-0.07010945401184097
150,g1pre,V1,2,Adrive,0.016680015558908003
151,g1pre,V1,2,Adrive,-0.04642544638106654
152,g1pre,V1,2,Adrive,0.02082688742010227
153,g1pre,V1,2,Adrive,-0.12836969897901981
154,g1pre,V1,2,Adrive,0.20026045764957773
155,g1pre,V1,2,Adrive,-0.008329827510636054
156,g1pre,V1,2,Adrive,0.1506696944508701
157,g1pre,V1,2,Adrive,0.022177315649282648
158,g1pre,V1,2,Adrive,-0.09752660527103951
159,g1pre,V1,2,Adrive,-0.07003544274335582
160,g1pre,V1,2,Adrive,0.07547672117455828
161,g1pre,V1,2,Adrive,-0.08663260107110028
162,g1pre,V1,2,Adrive,0.05296635262761262
163,g1pre,V1,2,Adrive,-0.048645209651829405
164,g1pre,V1,2,Adrive,-0.09747753663523784
165,g1pre,V1,2,Adrive,-0.02209609009341259
166,g1pre,V1,3,Adrive,-0.1587370477542896
167,g1pre,V1,3,Adrive,0.009595505623824463
168,g1pre,V1,3,Adrive,-0.12785614122393113
169,g1pre,V1,3,Adrive,0.05065072561916023
170,g1pre,V1,3,Adrive,-0.02410598995616036
171,g1pre,V1,3,Adrive,0.0074848632116654235
172,g1pre,V1,3,Adrive,0.07132953731160196
173,g1pre,V1,3,Adrive,-0.0482268023229753
174,g1pre,V1,3,Adrive,0.011395678116260684
175,g1pre,V1,3,Adrive,0.05499379258675907
176,g1pre,V1,3,Adrive,0.021239242257612846
177,g1pre,V1,3,Adrive,-0.043385437178210175
178,g1pre,V1,3,Adrive,0.028993389498852842
179,g1pre,V1,3,Adrive,-0.05264973150088739
180,g1pre,V1,3,Adrive,-0.04335264276555349
181,g1pre,V1,3,Adrive,-0.0032511761879681226
182,g1pre,V1,3,Adrive,0.03886498361181281
183,g1pre,V1,3,Adrive,-0.002440899477570774
184,g1pre,V1,3,Adrive,-0.027547871212421388
185,g1pre,V1,3,Adrive,-0.03423625775235916
186,g1pre,V1,3,Adrive,-0.003991803099558396
187,g1pre,V1,3,Adrive,-0.03271951744429949
188,g1pre,V1,3,Adrive,0.026600982260819504
189,g1pre,V1,3,Adrive,-0.00037318479909814614
190,g1pre,V1,3,Adrive,0.0932243476823272
191,g1pre,V1,3,Adrive,-0.024135190626608075
192,g1pre,V1,3,Adrive,0.010287797668535088
193,g1pre,V1,3,Adrive,-0.02132903076827741
194,g1pre,V1,3,Adrive,-0.052487507734246895
195,g1pre,V1,3,Adrive,0.0437480249459561
196,g1pre,V1,3,Adrive,-0.056957920014541794
197,g1pre,V1,3,Adrive,0.029632966603233175
198,g1pre,V1,3,Adrive,-0.04106239159406949
199,g1pre,V1,3,Adrive,0.003979415636935265
200,g1pre,V1,3,Adrive,0.024229509852301743
201,g1pre,V1,3,Adrive,-0.056172420291885704
202,g1pre,V1,3,Adrive,0.10404246123651185
203,g1pre,V1,3,Adrive,-0.08223374271030659
204,g1pre,V1,3,Adrive,0.08915466903319916
205,g1pre,V1,3,Adrive,0.014349252376248072
206,g1pre,V1,3,Adrive,-0.03762727525932806
207,g1pre,V1,3,Adrive,-0.021883114174975224
208,g1pre,V1,3,Adrive,0.03664756151840763
209,g1pre,V1,3,Adrive,0.004760317445108305
210,g1pre,V1,3,Adrive,0.03020610217244714
211,g1pre,V1,3,Adrive,-0.0056959612644591155
212,g1pre,V1,3,Adrive,0.06954951636691532
213,g1pre,V1,3,Adrive,-0.09222819883423823
214,g1pre,V1,3,Adrive,-0.10851085089732651
215,g1pre,V1,3,Adrive,0.06099594452367798
216,g1pre,V1,3,Adrive,0.015743105409136867
217,g1pre,V1,3,Adrive,-0.14778539474528166
218,g1pre,V1,3,Adrive,0.012892814079273575
219,g1pre,V1,3,Adrive,-0.01953098983015197
220,g1pre,V1,3,Adrive,-0.056090906624412226
221,g1pre,V1,3,Adrive,-0.02346659766637579
222,g1pre,V1,3,Adrive,-0.01405392037466015
223,g1pre,V1,3,Adrive,0.14405177306698244
224,g1pre,V1,3,Adrive,-0.030982038898918096
225,g1pre,V1,3,Adrive,0.024111403555916466
226,g1pre,V1,3,Adrive,0.061133105746452504
227,g1pre,V1,3,Adrive,0.032985823769691475
228,g1pre,V1,3,Adrive,-0.08180973853406447
229,g1pre,V1,3,Adrive,0.002791996011069432
230,g1pre,V1,3,Adrive,0.08224569670197343
231,g1pre,V1,3,Adrive,-0.013542100243108927
232,g1pre,V1,3,Adrive,-0.06632461905972505
233,g1pre,V1,3,Adrive,-0.018088538504091478
234,g1pre,V1,3,Adrive,-0.09873250349727825
235,g1pre,V1,3,Adrive,0.035681832761105904
236,g1pre,V1,3,Adrive,0.0145942520528285
237,g1pre,V1,3,Adrive,0.09489424278752635
238,g1pre,V1,3,Adrive,-0.04419562771190369
239,g1pre,V1,3,Adrive,-0.05304490209705225
240,g1pre,V1,3,Adrive,0.05889275212376736
241,g1pre,V1,3,Adrive,-0.09768320241186126
242,g1pre,V1,3,Adrive,0.017270885859069246
243,g1pre,V1,3,Adrive,0.019916519099002588
244,g1pre,V1,3,Adrive,-0.03190336420911462
245,g1pre,V1,3,Adrive,0.0005744758720172284
246,g1pre,V1,3,Adrive,0.017877857526971172
247,g1pre,V1,3,Adrive,-0.05766157691372151
248,g1pre,V1,3,Adrive,-0.01957061756388206
249,g1pre,V1,3,Adrive,-0.06870957830662881
250,g1pre,V1,3,Adrive,0.04804322498878637
251,g1pre,V1,3,Adrive,-0.04928915055552515
252,g1pre,V1,3,Adrive,-0.0789188467779259
253,g1pre,V1,3,Adrive,-0.010328898376858001
254,g1pre,V1,3,Adrive,0.10002216392607198
255,g1pre,V1,3,Adrive,-0.0318590130433352
256,g1pre,V1,3,Adrive,0.051695962941642935
257,g1pre,V1,3,Adrive,-0.0624075544521279
258,g1pre,V1,3,Adrive,-0.035805900556638126
259,g1pre,V1,3,Adrive,0.058894197921982167
260,g1pre,V1,3,Adrive,0.02599686551304207
261,g1pre,V1,3,Adrive,0.06105896880730149
262,g1pre,V1,3,Adrive,-0.05434626033764272
263,g1pre,V1,3,Adrive,-0.11020225378847426
264,g1pre,V1,3,Adrive,0.0012229903561941106
265,g1pre,V1,3,Adrive,-0.11914786697322222
266,g1pre,V1,3,Adrive,0.02080299419740843
267,g1pre,V1,3,Adrive,0.061962888183276624
268,g1pre,V1,3,Adrive,-0.009653077763416038
269,g1pre,V1,3,Adrive,0.0013932492196564272
270,g1pre,V1,3,Adrive,-0.1304736160589958
271,g1pre,V1,3,Adrive,-0.06935658795357734
272,g1pre,V1,3,Adrive,-0.05468411594376973
273,g1pre,V1,3,Adrive,-0.00106656202432083
274,g1pre,V1,3,Adrive,-0.05293524693319528
275,g1pre,V1,3,Adrive,0.08366140248993671
276,g1pre,V1,3,Adrive,0.03184209678526339
277,g1pre,V1,3,Adrive,-0.021093652603658
278,g1pre,V1,3,Adrive,0.12677953178545276
279,g1pre,V1,3,Adrive,-0.013187794332472287
280,g1pre,V1,3,Adrive,0.06474050686567434
281,g1pre,V1,3,Adrive,0.022287921584856783
282,g1pre,V1,3,Adrive,0.017105237123186345
283,g1pre,V1,5,Adrive,0.05554586898509556
284,g1pre,V1,5,Adrive,0.05070765383316963
285,g1pre,V1,5,Adrive,0.08968902687202676
286,g1pre,V1,5,Adrive,0.1509269799245264
287,g1pre,V1,5,Adrive,0.023248919349217873
288,g1pre,V1,5,Adrive,0.06960681751209731
289,g1pre,V1,5,Adrive,0.31591560021335874
290,g1pre,V1,5,Adrive,0.07527463943404344
291,g1pre,V1,5,Adrive,0.20979906475664817
292,g1pre,V1,5,Adrive,0.11136470041930148
293,g1pre,V1,5,Adrive,0.13203464294494188
294,g1pre,V1,5,Adrive,0.12235199603201995
295,g1pre,V1,5,Adrive,-0.06651103059969368
296,g1pre,V1,5,Adrive,0.05184772562347324
297,g1pre,V1,5,Adrive,0.1713720641348359
298,g1pre,V1,5,Adrive,0.3237574080164662
299,g1pre,V1,5,Adrive,0.03548835073766383
300,g1pre,V1,5,Adrive,0.1882786110862418
301,g1pre,V1,5,Adrive,-0.11325238569076801
302,g1pre,V1,5,Adrive,-0.04376434978619575
303,g1pre,V1,5,Adrive,0.09005270233812585
304,g1pre,V1,5,Adrive,0.11205098264275569
305,g1pre,V1,5,Adrive,0.2506888596015591
306,g1pre,V1,5,Adrive,0.1439403479046901
307,g1pre,V1,5,Adrive,0.2470810686113585
308,g1pre,V1,5,Adrive,-0.001228042037164404
309,g1pre,V1,5,Adrive,0.048885796919284366
310,g1pre,V1,5,Adrive,0.30844485442645236
311,g1pre,V1,5,Adrive,0.013837332260107776
312,g1pre,V1,5,Adrive,0.13095948771500243
313,g1pre,V1,5,Adrive,-0.04181510743483244
314,g1pre,V1,5,Adrive,-0.028852053700669785
315,g1pre,V1,5,Adrive,0.25303976107891496
316,g1pre,V1,5,Adrive,0.12035061931532313
317,g1pre,V1,5,Adrive,0.24991494174251905
318,g1pre,V1,5,Adrive,0.06292437308686988
319,g1pre,V1,5,Adrive,-0.017244156761697046
320,g1pre,V1,5,Adrive,-0.040477014402383375
321,g1pre,V1,5,Adrive,-0.14622760821773953
322,g1pre,V1,5,Adrive,0.09137172468420203
323,g1pre,V1,5,Adrive,0.6247487782433054
324,g1pre,V1,5,Adrive,-0.0527345231658266
325,g1pre,V1,5,Adrive,-0.08053695196366042
326,g1pre,V1,5,Adrive,0.027556359439078627
327,g1pre,V1,5,Adrive,0.02131346818445949
328,g1pre,V1,5,Adrive,0.25103254074770315
329,g1pre,V1,5,Adrive,0.18190550224049587
330,g1pre,V1,5,Adrive,0.02142370209404703
331,g1pre,V1,5,Adrive,0.14196794901487594
332,g1pre,V1,5,Adrive,-0.07037120804364451
333,g1pre,V1,5,Adrive,0.19929130201863446
334,g1pre,V1,5,Adrive,0.06018480352429131
335,g1pre,V1,5,Adrive,0.164702636500426
336,g1pre,V1,5,Adrive,0.20478435128709138
337,g1pre,V1,5,Adrive,0.3005054406359045
338,g1pre,V1,5,Adrive,0.05188422436048067
339,g1pre,V1,5,Adrive,0.29930033634068515
340,g1pre,V1,5,Adrive,-0.004376428434095001
341,g1pre,V1,5,Adrive,-0.1036879968513693
342,g1pre,V1,5,Adrive,0.31204741677700315
343,g1pre,V1,5,Adrive,-0.20288163579581267
344,g1pre,V1,5,Adrive,-0.09731691486587372
345,g1pre,V1,5,Adrive,0.003779616266179709
346,g1pre,V1,5,Adrive,-0.029509407143176958
347,g1pre,V1,5,Adrive,0.07653605433813482
348,g1pre,V1,5,Adrive,0.10188615178651167
349,g1pre,V1,5,Adrive,0.13608686933812963
350,g1pre,V1,5,Adrive,0.05078585607904702
351,g1pre,V1,5,Adrive,0.019955560648456886
352,g1pre,V1,5,Adrive,0.17263658034536536
353,g1pre,V1,5,Adrive,-0.11848246977534116
354,g1pre,V1,5,Adrive,-0.014627519346512931
355,g1pre,V1,5,Adrive,0.10733388689941058
356,g1pre,V1,5,Adrive,-0.04407799757798392
357,g1pre,V1,5,Adrive,0.2364910228803167
358,g1pre,V1,5,Adrive,0.22573333565466314
359,g1pre,V1,5,Adrive,-0.0782484894517063
360,g1pre,V1,5,Adrive,0.022708803521276053
361,g1pre,V1,5,Adrive,-0.0785690656793167
362,g1pre,V1,5,Adrive,0.0813260064070444
363,g1pre,V1,5,Adrive,0.0766001885853732
364,g1pre,V1,5,Adrive,-0.015413692225191062
365,g1pre,V1,5,Adrive,0.09952143974075638
366,g1pre,V1,5,Adrive,0.04473239432193651
367,g1pre,V1,5,Adrive,-0.05938710885365195
368,g1pre,V1,5,Adrive,-0.1301825552769381
369,g1pre,V1,5,Adrive,0.1768927509315332
370,g1pre,V1,5,Adrive,-0.06962063170826698
371,g1pre,V1,5,Adrive,0.08350511216693894
372,g1pre,V1,5,Adrive,-0.22235692612627475
373,g1pre,V1,5,Adrive,0.11264843880554797
374,g1pre,V1,5,Adrive,-0.06573573344859415
375,g1pre,V1,5,Adrive,0.3104404514567424
376,g1pre,V1,5,Adrive,0.06481462172777842
377,g1pre,V1,5,Adrive,-0.03733750845442627
378,g1pre,V1,5,Adrive,0.1402855791478292
379,g1pre,V1,5,Adrive,-0.07621214390031976
380,g1pre,V1,5,Adrive,-0.12060178967714666
381,g1pre,V1,5,Adrive,0.17788525151090281
382,g1pre,V1,5,Adrive,0.06299398032558812
383,g1pre,V1,5,Adrive,0.23167719678976495
384,g1pre,V1,5,Adrive,0.1494037944978501
385,g1pre,V1,5,Adrive,0.2187777741292106
386,g1pre,V1,5,Adrive,-0.07524606861497544
387,g1pre,V1,5,Adrive,0.19216309875675847
388,g1pre,V1,5,Adrive,0.21662771433283742
389,g1pre,V1,5,Adrive,0.2153972034974202
390,g1pre,V1,5,Adrive,-0.07670459374254737
391,g1pre,V1,5,Adrive,0.6758623583719864
392,g1pre,V1,5,Adrive,0.23344346796637439
393,g1pre,V1,6,Adrive,0.015283555508832853
394,g1pre,V1,6,Adrive,0.042541026287571046
395,g1pre,V1,6,Adrive,0.04699017668134941
396,g1pre,V1,6,Adrive,-0.1216876595396435
397,g1pre,V1,6,Adrive,0.060805656226497126
398,g1pre,V1,6,Adrive,0.12289675334486053
399,g1pre,V1,6,Adrive,0.013584775962108563
400,g1pre,V1,6,Adrive,-0.005548572124049275
401,g1pre,V1,6,Adrive,0.05151328136031426
402,g1pre,V1,6,Adrive,0.036381738684536355
403,g1pre,V1,6,Adrive,-0.031365091360336855
404,g1pre,V1,6,Adrive,0.07501062177508956
405,g1pre,V1,6,Adrive,0.020743294622555735
406,g1pre,V1,6,Adrive,0.0868401940043385
407,g1pre,V1,6,Adrive,0.156544420051538
408,g1pre,V1,6,Adrive,0.16276367085952526
409,g1pre,V1,6,Adrive,0.07960495016188593
410,g1pre,V1,6,Adrive,0.10870570988382576
411,g1pre,V1,6,Adrive,-0.035669805958889356
412,g1pre,V1,7,Adrive,-0.12819635873119445
413,g1pre,V1,7,Adrive,0.15305713220833755
414,g1pre,V1,7,Adrive,0.25828733074102866
415,g1pre,V1,7,Adrive,0.4812002620849785
416,g1pre,V1,7,Adrive,0.3629800515953153
417,g1pre,V1,7,Adrive,0.08188829476890815
418,g1pre,V1,7,Adrive,0.05748183998782753
419,g1pre,V1,7,Adrive,-0.06863162013034975
420,g1pre,V1,7,Adrive,0.48466279682427127
421,g1pre,V1,7,Adrive,0.296633714701878
422,g1pre,V1,7,Adrive,0.49140410418349484
423,g1pre,V1,7,Adrive,0.07952556820292807
424,g1pre,V1,7,Adrive,0.524147903397773
425,g1pre,V1,7,Adrive,-0.11273173995325017
426,g1pre,V1,7,Adrive,0.04185610257454704
427,g1pre,V1,7,Adrive,0.32505393259300236
428,g1pre,V1,7,Adrive,0.46470875010281404
429,g1pre,V1,7,Adrive,-0.0061117584578509986
430,g1pre,V1,7,Adrive,0.6430008713604988
431,g1pre,V1,7,Adrive,-0.0196561887245347
432,g1pre,V1,7,Adrive,-0.05090567685350736
433,g1pre,V1,7,Adrive,0.44159281083518775
434,g1pre,V1,7,Adrive,0.05699142093826505
435,g1pre,V1,7,Adrive,-0.1880701712736238
436,g1pre,V1,7,Adrive,0.6795979221879171
437,g1pre,V1,7,Adrive,0.013938885092245319
438,g1pre,V1,7,Adrive,0.4294485812019637
439,g1pre,V1,7,Adrive,-0.1955238878646606
440,g1pre,V1,7,Adrive,-0.11415824752191037
441,g1pre,V1,7,Adrive,0.2891424908041628
442,g1pre,V1,7,Adrive,-0.11854008574635018
443,g1pre,V1,7,Adrive,0.31695708774575815
444,g1pre,V1,7,Adrive,0.43204369512034585
445,g1pre,V1,7,Adrive,0.5391620914678322
446,g1pre,V1,7,Adrive,0.07812388690107143
447,g1pre,V1,7,Adrive,0.5504160638870397
448,g1pre,V1,7,Adrive,0.0914169330351578
449,g1pre,V1,7,Adrive,-0.032813087394352965
450,g1pre,V1,7,Adrive,0.1523210615039093
451,g1pre,V1,7,Adrive,0.09031659184104204
452,g1pre,V1,7,Adrive,0.31933058945073217
453,g1pre,V1,7,Adrive,-0.0361502785606951
454,g1pre,V1,7,Adrive,-0.024685322398478284
455,g1pre,V1,7,Adrive,0.3202845152697503
456,g1pre,V1,7,Adrive,-0.17684022879562566
457,g1pre,V1,7,Adrive,-0.04327374124468968
458,g1pre,V1,7,Adrive,0.009095642939567522
459,g1pre,V1,7,Adrive,0.13110973170615534
460,g1pre,V1,7,Adrive,0.6365265324465816
461,g1pre,V1,7,Adrive,0.03039605621124575
462,g1pre,V1,7,Adrive,0.6064898035983168
463,g1pre,V1,7,Adrive,0.10609202969789389
464,g1pre,V1,7,Adrive,-0.19029143074771035
465,g1pre,V1,7,Adrive,0.16085986655897883
466,g1pre,V1,7,Adrive,0.2475657542739233
467,g1pre,V1,7,Adrive,0.43243826214353365
468,g1pre,V1,7,Adrive,-0.1915497570676436
469,g1pre,V1,7,Adrive,-0.223037481145975
470,g1pre,V1,7,Adrive,-0.09672510106672731
471,g1pre,V1,7,Adrive,0.2783741218099415
472,g1pre,V1,7,Adrive,0.11617574774866747
473,g1pre,V1,7,Adrive,-0.4045322043232555
474,g1pre,V1,7,Adrive,-0.19793575009590797
475,g1pre,V1,7,Adrive,-0.5779369644699477
476,g1pre,V1,7,Adrive,0.41033774143373986
477,g1pre,V1,7,Adrive,0.47100141794525785
478,g1pre,V1,7,Adrive,0.6579874726574998
479,g1pre,V1,7,Adrive,0.266511425182131
480,g1pre,V1,7,Adrive,-0.06964497261084059
481,g1pre,V1,7,Adrive,0.1856765466393789
482,g1pre,V1,7,Adrive,0.3593231671004165
483,g1pre,V1,7,Adrive,0.09196996435201575
484,g1pre,V1,7,Adrive,0.7030002517936406
485,g1pre,V1,7,Adrive,0.21727611883547307
486,g1pre,V1,7,Adrive,-0.14148827767595942
487,g1pre,V1,7,Adrive,-0.30203946171251955
488,g1pre,V1,7,Adrive,0.6507443423774565
489,g1pre,V1,7,Adrive,0.5734878909802329
490,g1pre,V1,7,Adrive,0.4621106182610438
491,g1pre,V1,7,Adrive,0.42271360934797636
492,g1pre,V1,7,Adrive,0.37900207654347673
493,g1pre,V1,7,Adrive,0.15557996179628655
494,g1pre,V1,7,Adrive,-0.30121221176852225
495,g1pre,V1,7,Adrive,-0.14821027241661816
496,g1pre,V1,7,Adrive,-0.15609944133041048
497,g1pre,V1,7,Adrive,-0.19260647843231338
498,g1pre,V1,7,Adrive,0.5980173071240701
499,g1pre,V1,7,Adrive,0.6515897368100333
500,g1pre,V1,7,Adrive,0.5890829903999995
501,g1pre,V1,7,Adrive,0.47817995728127244
502,g1pre,V1,7,Adrive,-0.15308247029622168
503,g1pre,V1,7,Adrive,0.8027223632949217
504,g1pre,V1,7,Adrive,-0.017134018889552568
505,g1pre,V1,7,Adrive,0.16986347169364613
506,g1pre,V1,7,Adrive,0.48146504406768664
507,g1pre,V1,7,Adrive,0.6659333369090246
508,g1pre,V1,7,Adrive,-0.08647245816021533
509,g1pre,V1,7,Adrive,-0.008293679600156287
510,g1pre,V1,7,Adrive,0.4763171515208863
511,g1pre,V1,7,Adrive,0.5593137390505734
512,g1pre,V1,7,Adrive,0.6570139429742904
513,g1pre,V1,7,Adrive,0.5275984338623089
514,g1pre,V1,7,Adrive,0.3731912069617458
515,g1pre,V1,7,Adrive,0.43307421541154434
516,g1pre,V1,8,Adrive,-0.052275888089715214
517,g1pre,V1,8,Adrive,0.2141754906268183
518,g1pre,V1,8,Adrive,0.192199852825758
519,g1pre,V1,8,Adrive,0.016848907675600436
520,g1pre,V1,8,Adrive,0.06640592607803565
521,g1pre,V1,8,Adrive,0.07205070374057843
522,g1pre,V1,8,Adrive,-0.08265641789936326
523,g1pre,V1,8,Adrive,-0.05103676502487815
524,g1pre,V1,8,Adrive,-0.06613762957069347
525,g1pre,V1,8,Adrive,0.13704173879137316
526,g1pre,V1,8,Adrive,-0.04929041280898028
527,g1pre,V1,8,Adrive,0.2848214467412224
528,g1pre,V1,8,Adrive,-0.15533732538004777
529,g1pre,V1,8,Adrive,0.13778959613554775
530,g1pre,V1,8,Adrive,0.06133061915046152
531,g1pre,V1,8,Adrive,0.017170951673797185
532,g1pre,V1,8,Adrive,0.17548048563038246
533,g1pre,V1,8,Adrive,0.008516512297498842
534,g1pre,V1,8,Adrive,0.06656121253970033
535,g1pre,V1,8,Adrive,0.02051212660436332
536,g1pre,V1,8,Adrive,0.23706379361364524
537,g1pre,V1,8,Adrive,0.13647226304249654
538,g1pre,V1,8,Adrive,0.32068450611893773
539,g1pre,V1,8,Adrive,0.1379430943764809
540,g1pre,V1,8,Adrive,0.05726551974991592
541,g1pre,V1,8,Adrive,-0.03429095102991608
542,g1pre,V1,8,Adrive,0.03421838422257333
543,g1pre,V1,8,Adrive,0.09452783961174052
544,g1pre,V1,8,Adrive,0.27696733757987574
545,g1pre,V1,8,Adrive,0.2796901825144929
546,g1pre,V1,8,Adrive,0.0694783473921192
547,g1pre,V1,8,Adrive,0.03720584382695739
548,g1pre,V1,8,Adrive,0.03881407422306878
549,g1pre,V1,8,Adrive,0.01871357799422169
550,g1pre,V1,8,Adrive,0.11129144726708105
551,g1pre,V1,8,Adrive,0.05812209014143536
552,g1pre,V1,8,Adrive,0.07992297970942006
553,g1pre,V1,8,Adrive,0.11665379261430664
554,g1pre,V1,8,Adrive,0.022035893057949847
555,g1pre,V1,8,Adrive,0.0403337318141495
556,g1pre,V1,8,Adrive,0.07745678326507721
557,g1pre,V1,8,Adrive,0.12311006791227673
558,g1pre,V1,8,Adrive,-0.0520983486776831
559,g1pre,V1,8,Adrive,0.22539748155714645
560,g1pre,V1,8,Adrive,0.1463587981654246
561,g1pre,V1,8,Adrive,0.0743486151679847
562,g1pre,V1,8,Adrive,0.12167334518958609
563,g1pre,V1,8,Adrive,0.08210124282937874
564,g1pre,V1,8,Adrive,0.0737201381416046
565,g1pre,V1,8,Adrive,0.31054428781908805
566,g1pre,V1,8,Adrive,0.10178020526599157
567,g1pre,V1,8,Adrive,-0.10735281614657549
568,g1pre,V1,8,Adrive,-0.06107794159053591
569,g1pre,V1,8,Adrive,-0.022130402869600573
570,g1pre,V1,8,Adrive,-0.0936884608198597
571,g1pre,V1,8,Adrive,0.14263113265577226
572,g1pre,V1,8,Adrive,-0.07877793980870598
573,g1pre,V1,8,Adrive,-0.18053322217565074
574,g1pre,V1,8,Adrive,0.34511727997481895
575,g1pre,V1,8,Adrive,0.35807945952219644
576,g1pre,V1,8,Adrive,0.1738674622837328
577,g1pre,V1,8,Adrive,0.18418065503216774
578,g1pre,V1,8,Adrive,0.1633243509294643
579,g1pre,V1,8,Adrive,0.03263349897056521
580,g1pre,V1,8,Adrive,-0.04800677666776252
581,g1pre,V1,8,Adrive,0.29868081913061495
582,g1pre,V1,8,Adrive,0.1000563940308152
583,g1pre,V1,8,Adrive,0.0759691533381379
584,g1pre,V1,8,Adrive,-0.03235527172654121
585,g1pre,V1,8,Adrive,0.19156447972770255
586,g1pre,V1,8,Adrive,-0.1384830592483323
587,g1pre,V1,8,Adrive,0.2431408502279072
588,g1pre,V1,8,Adrive,0.22186733616166482
589,g1pre,V1,8,Adrive,0.2771167480287619
590,g1pre,V1,8,Adrive,0.04285549855042127
591,g1pre,V1,8,Adrive,0.1867693273400316
592,g1pre,V1,8,Adrive,0.20785107211280288
593,g1pre,V1,8,Adrive,0.03397315651825272
594,g1pre,V1,8,Adrive,0.17044600271149846
595,g1pre,V1,8,Adrive,0.11697093543579654
596,g1pre,V1,8,Adrive,0.09985458147979283
597,g1pre,V1,8,Adrive,0.10180706793969704
598,g1pre,V1,8,Adrive,0.16534243352528663
599,g1pre,V1,8,Adrive,0.032103864390304604
600,g1pre,V1,8,Adrive,0.18658773346974528
601,g1pre,V1,8,Adrive,-0.09003376039157338
602,g1pre,V1,8,Adrive,0.33763874960179
603,g1pre,V1,8,Adrive,0.1319873697289694
604,g1pre,V1,8,Adrive,0.3026965292461471
605,g1pre,V1,8,Adrive,0.010177890800402675
606,g1pre,V1,8,Adrive,0.17741166054055849
607,g1pre,V1,8,Adrive,0.08996468064516173
608,g1pre,V1,8,Adrive,0.12422680244507528
609,g1pre,V1,8,Adrive,0.12421227426629354
610,g1pre,V1,8,Adrive,0.05285477937176931
611,g1pre,V1,8,Adrive,-0.0905093568405295
612,g1pre,V1,8,Adrive,0.11092603126476246
613,g1pre,V1,8,Adrive,0.010681928476104545
614,g1pre,V1,8,Adrive,0.0928443388823492
615,g1pre,V1,8,Adrive,-0.17164648568061766
616,g1pre,V1,8,Adrive,0.13701020657021287
617,g1pre,V1,8,Adrive,0.09583809730881473
618,g1pre,V1,8,Adrive,0.24260007567844347
619,g1pre,V1,8,Adrive,-0.019667916180416096
620,g1pre,V1,8,Adrive,0.07806147733960779
621,g1pre,V1,8,Adrive,0.16413561653278835
622,g1pre,V1,8,Adrive,0.08443592259510832
623,g1pre,V1,8,Adrive,0.07007000034227419
624,g1pre,V1,8,Adrive,-0.09900514974600615
625,g1pre,V1,8,Adrive,-0.015793949657851095
626,g1pre,V1,8,Adrive,0.255940998621149
627,g1pre,V1,8,Adrive,0.10093754810891811
628,g1pre,V1,8,Adrive,-0.031194877864222568
629,g1pre,V1,8,Adrive,0.07588602238343377
630,g1pre,V1,8,Adrive,0.23170404279417708
631,g1pre,V1,8,Adrive,-0.0006581308096199322
632,g1pre,V1,8,Adrive,0.08194960347750334
633,g1pre,V1,8,Adrive,-0.005674791457796602
634,g1pre,V1,8,Adrive,0.10433227423957002
635,g1pre,V1,8,Adrive,-0.028110896816832185
636,g1pre,V1,8,Adrive,0.24850764252901716
637,g1pre,V1,8,Adrive,0.022364021302947314
638,g1pre,V1,8,Adrive,0.20010878398280352
639,g1pre,V1,8,Adrive,0.16225163308392565
640,g1pre,V1,8,Adrive,0.0621449137936656
641,g1pre,V1,8,Adrive,0.17976131597872969
642,g1pre,V1,8,Adrive,0.09711653185779415
643,g1pre,V1,8,Adrive,-0.15307596928644937
644,g1pre,V1,8,Adrive,0.12719685279635837
645,g1pre,V1,8,Adrive,0.04100856069284462
646,g1pre,V1,8,Adrive,0.09075061425089538
647,g1pre,V1,8,Adrive,-0.0295207522752261
648,g1pre,V1,8,Adrive,0.10336501923120307
649,g1pre,V1,8,Adrive,0.14647657445036194
650,g1pre,V1,8,Adrive,0.08485500336681866
651,g1pre,V1,8,Adrive,-0.05373453278314993
652,g1pre,V1,8,Adrive,-0.045991582002111855
653,g1pre,V1,8,Adrive,0.04078314921600069
654,g1pre,V1,8,Adrive,0.1939426733585077
655,g1pre,V1,8,Adrive,0.012010835781834298
656,g1pre,V1,8,Adrive,0.07684174784184823
657,g1pre,V1,8,Adrive,0.12771702856379458
658,g1pre,V1,8,Adrive,-0.05611935833155481
659,g1pre,V1,8,Adrive,0.011205809546739765
660,g1pre,V1,8,Adrive,-0.0009103116706596535
661,g1pre,V1,8,Adrive,0.15738155488270147
662,g1pre,V1,8,Adrive,0.09712589951119696
663,g1pre,V1,8,Adrive,0.15405816999282076
664,g1pre,V1,8,Adrive,0.009489486843500615
665,g1pre,V1,8,Adrive,0.031221512546659665
666,g1pre,V1,8,Adrive,0.13394419475191174
667,g1pre,V1,8,Adrive,0.16354489125245836
668,g1pre,V1,8,Adrive,-0.03487573369972349
669,g1pre,V1,8,Adrive,-0.004367382301033284
670,g1pre,V1,8,Adrive,-0.0501614478453991
671,g1pre,V1,8,Adrive,0.2134257234924794
672,g1pre,V1,8,Adrive,-0.015033030731214578
673,g1pre,V1,8,Adrive,0.45962762297330817
674,g1pre,V1,8,Adrive,0.1681106749691418
675,g1pre,V1,8,Adrive,0.06772383648791935
676,g1pre,V1,8,Adrive,0.13337281453167807
677,g1pre,V1,8,Adrive,0.02080465751306686
678,g1pre,V1,8,Adrive,-0.005405393802120188
679,g1pre,V1,8,Adrive,-0.024840859430382035
680,g1pre,V1,8,Adrive,0.12556755183438117
681,g1pre,V1,8,Adrive,0.14063197307556816
682,g1pre,V1,8,Adrive,-0.1788479932502256
683,g1pre,V1,8,Adrive,-0.1317816066822991
684,g1pre,V1,8,Adrive,0.18241410161507055
685,g1pre,V1,8,Adrive,0.015589606953818818
686,g1pre,V1,8,Adrive,0.36409169597734364
687,g1pre,V1,8,Adrive,0.11798557024779605
688,g1pre,V1,8,Adrive,0.2687830820986057
689,g1pre,V1,8,Adrive,0.1022228853152133
690,g1pre,V1,8,Adrive,0.049252020984314845
691,g1pre,V1,8,Adrive,0.10460550652329124
692,g1pre,V1,8,Adrive,0.29334274459764426
693,g1pre,V1,8,Adrive,0.033199302088845035
694,g1pre,V1,8,Adrive,0.08901984993070237
695,g1pre,V1,8,Adrive,0.13531759832491544
696,g1pre,V1,8,Adrive,0.15654920876378967
697,g1pre,V1,8,Adrive,-0.08502535040321883
698,g1pre,V1,2,Motordrive,-0.014899052814199495
699,g1pre,V1,2,Motordrive,-0.0417787131243609
700,g1pre,V1,2,Motordrive,0.00895755769295557
701,g1pre,V1,2,Motordrive,-0.051306865874831194
702,g1pre,V1,2,Motordrive,0.049387129290908306
703,g1pre,V1,2,Motordrive,0.012722575718823674
704,g1pre,V1,2,Motordrive,0.04417002114178705
705,g1pre,V1,2,Motordrive,0.005632278319132475
706,g1pre,V1,2,Motordrive,0.055968479987051296
707,g1pre,V1,2,Motordrive,0.004994661919065966
708,g1pre,V1,2,Motordrive,-0.09236475995829184
709,g1pre,V1,2,Motordrive,-0.0056311589896953385
710,g1pre,V1,2,Motordrive,0.06230509618832692
711,g1pre,V1,2,Motordrive,-0.017761850756028076
712,g1pre,V1,2,Motordrive,0.05953943924517271
713,g1pre,V1,2,Motordrive,0.016734501272359942
714,g1pre,V1,2,Motordrive,0.1094582419469182
715,g1pre,V1,2,Motordrive,-0.001730419707207845
716,g1pre,V1,2,Motordrive,-0.01622460755169211
717,g1pre,V1,2,Motordrive,0.05286868627885673
718,g1pre,V1,2,Motordrive,0.07013099342744504
719,g1pre,V1,2,Motordrive,0.033356394127117016
720,g1pre,V1,2,Motordrive,-0.0023717543815907245
721,g1pre,V1,2,Motordrive,0.0463003816181522
722,g1pre,V1,2,Motordrive,0.015248169678088348
723,g1pre,V1,2,Motordrive,0.01970273118434692
724,g1pre,V1,2,Motordrive,0.06086171725910129
725,g1pre,V1,2,Motordrive,-0.02613714715114689
726,g1pre,V1,2,Motordrive,0.011565956357566427
727,g1pre,V1,2,Motordrive,0.07863293204929919
728,g1pre,V1,2,Motordrive,0.019422410439502324
729,g1pre,V1,2,Motordrive,-0.023083999893359863
730,g1pre,V1,2,Motordrive,-0.017050652956020707
731,g1pre,V1,2,Motordrive,-0.02508121589979095
732,g1pre,V1,2,Motordrive,0.01435920978529832
733,g1pre,V1,2,Motordrive,-0.028661717777047145
734,g1pre,V1,2,Motordrive,-0.029139457106144562
735,g1pre,V1,2,Motordrive,0.006156096964829935
736,g1pre,V1,2,Motordrive,0.01124586162645394
737,g1pre,V1,2,Motordrive,0.007393851486729573
738,g1pre,V1,2,Motordrive,0.0017064996814064226
739,g1pre,V1,2,Motordrive,-0.017526931679775266
740,g1pre,V1,2,Motordrive,0.031416863209211256
741,g1pre,V1,2,Motordrive,0.003500335799796395
742,g1pre,V1,2,Motordrive,-0.013386620739250543
743,g1pre,V1,2,Motordrive,-0.03164489126557141
744,g1pre,V1,2,Motordrive,0.040513860927593334
745,g1pre,V1,2,Motordrive,0.03274753754647001
746,g1pre,V1,2,Motordrive,-0.026619904919252216
747,g1pre,V1,2,Motordrive,0.055102102399691454
748,g1pre,V1,2,Motordrive,0.004239259963438244
749,g1pre,V1,2,Motordrive,0.03940747877097677
750,g1pre,V1,2,Motordrive,0.007343104485096095
751,g1pre,V1,2,Motordrive,0.07574704200494031
752,g1pre,V1,2,Motordrive,0.025888487604473483
753,g1pre,V1,2,Motordrive,0.008556605314827374
754,g1pre,V1,2,Motordrive,0.06011139922512809
755,g1pre,V1,2,Motordrive,-0.014817196814280304
756,g1pre,V1,2,Motordrive,0.04550301913963751
757,g1pre,V1,2,Motordrive,0.038557663530641564
758,g1pre,V1,2,Motordrive,-0.023493251233774718
759,g1pre,V1,2,Motordrive,-0.004692835004204208
760,g1pre,V1,2,Motordrive,-0.01982995196918013
761,g1pre,V1,2,Motordrive,0.00572101788695116
762,g1pre,V1,2,Motordrive,0.011667251431151835
763,g1pre,V1,2,Motordrive,0.02179333769333086
764,g1pre,V1,2,Motordrive,-0.024656325327558334
765,g1pre,V1,2,Motordrive,-0.01677251298992153
766,g1pre,V1,2,Motordrive,0.03427527821521893
767,g1pre,V1,2,Motordrive,-0.036061237177561316
768,g1pre,V1,2,Motordrive,-0.02840498476049266
769,g1pre,V1,2,Motordrive,-0.0017624731507422213
770,g1pre,V1,2,Motordrive,0.0016913954239229703
771,g1pre,V1,2,Motordrive,-0.07181796316662502
772,g1pre,V1,2,Motordrive,0.01335276332703792
773,g1pre,V1,2,Motordrive,0.020440200789715077
774,g1pre,V1,2,Motordrive,0.022818768532908543
775,g1pre,V1,2,Motordrive,0.010080894857997545
776,g1pre,V1,2,Motordrive,-0.01146237597073121
777,g1pre,V1,2,Motordrive,0.04995452163921368
778,g1pre,V1,2,Motordrive,0.0348559015094314
779,g1pre,V1,2,Motordrive,0.007971280589758687
780,g1pre,V1,2,Motordrive,0.014293067451296994
781,g1pre,V1,2,Motordrive,-0.005740780274355627
782,g1pre,V1,2,Motordrive,0.04816093070073298
783,g1pre,V1,2,Motordrive,0.008179804168252465
784,g1pre,V1,2,Motordrive,-0.015957599249171988
785,g1pre,V1,2,Motordrive,-0.041766074805896856
786,g1pre,V1,2,Motordrive,0.04215972452692413
787,g1pre,V1,2,Motordrive,-0.0042355413862917544
788,g1pre,V1,2,Motordrive,-0.019421676696163858
789,g1pre,V1,2,Motordrive,0.08876644178834953
790,g1pre,V1,2,Motordrive,-0.025538518480505305
791,g1pre,V1,2,Motordrive,-0.008882512437579817
792,g1pre,V1,2,Motordrive,-0.019029063754581896
793,g1pre,V1,2,Motordrive,0.044962641151991584
794,g1pre,V1,2,Motordrive,0.015573201867557238
795,g1pre,V1,2,Motordrive,0.03204316500014065
796,g1pre,V1,2,Motordrive,0.014434960495178655
797,g1pre,V1,2,Motordrive,-0.040205645844084766
798,g1pre,V1,2,Motordrive,0.10752847750354048
799,g1pre,V1,2,Motordrive,0.012271711641627011
800,g1pre,V1,2,Motordrive,0.010835998290401218
801,g1pre,V1,2,Motordrive,-0.008575697777984377
802,g1pre,V1,2,Motordrive,0.03693238849910684
803,g1pre,V1,2,Motordrive,0.0015337305661631895
804,g1pre,V1,2,Motordrive,-0.005060229850328992
805,g1pre,V1,2,Motordrive,0.011669258068726289
806,g1pre,V1,2,Motordrive,0.028929285467961554
807,g1pre,V1,2,Motordrive,-0.022519511075406222
808,g1pre,V1,2,Motordrive,0.012437667321250288
809,g1pre,V1,2,Motordrive,-0.04675666347250195
810,g1pre,V1,2,Motordrive,-0.029858002174962022
811,g1pre,V1,2,Motordrive,-0.016659887883724158
812,g1pre,V1,2,Motordrive,0.012968436383940324
813,g1pre,V1,2,Motordrive,-0.03319797015046198
814,g1pre,V1,2,Motordrive,0.006834819736830169
815,g1pre,V1,2,Motordrive,-0.01809585240580234
816,g1pre,V1,2,Motordrive,0.03192660825986151
817,g1pre,V1,2,Motordrive,0.032041155192092864
818,g1pre,V1,2,Motordrive,0.030413417333854456
819,g1pre,V1,2,Motordrive,0.02443864264262352
820,g1pre,V1,2,Motordrive,0.005545700603376949
821,g1pre,V1,2,Motordrive,0.04064035236674797
822,g1pre,V1,2,Motordrive,0.03205052920011126
823,g1pre,V1,2,Motordrive,-0.014322473265445019
824,g1pre,V1,2,Motordrive,-0.002735756380108086
825,g1pre,V1,2,Motordrive,-0.0338066214370245
826,g1pre,V1,2,Motordrive,-0.00575267586085957
827,g1pre,V1,2,Motordrive,-0.026173895917979077
828,g1pre,V1,2,Motordrive,0.008132586609569113
829,g1pre,V1,2,Motordrive,0.020313177546786316
830,g1pre,V1,2,Motordrive,0.002295918790158049
831,g1pre,V1,2,Motordrive,0.015246127257166434
832,g1pre,V1,2,Motordrive,-0.0007050932467369286
833,g1pre,V1,2,Motordrive,0.06889362738684543
834,g1pre,V1,2,Motordrive,-0.018670495019275975
835,g1pre,V1,2,Motordrive,-0.0204351303561254
836,g1pre,V1,2,Motordrive,-0.021292417553117348
837,g1pre,V1,2,Motordrive,-0.00774704609696779
838,g1pre,V1,2,Motordrive,0.01633671826624885
839,g1pre,V1,2,Motordrive,-0.05056156254176343
840,g1pre,V1,2,Motordrive,0.01912383652543968
841,g1pre,V1,2,Motordrive,-0.017987323548506674
842,g1pre,V1,2,Motordrive,-0.022245329935516887
843,g1pre,V1,2,Motordrive,0.018887746193300234
844,g1pre,V1,2,Motordrive,0.0034825128351629047
845,g1pre,V1,2,Motordrive,0.01265549613180883
846,g1pre,V1,2,Motordrive,-0.02809541109917036
847,g1pre,V1,2,Motordrive,-0.012653933751816289
848,g1pre,V1,2,Motordrive,0.027432956395350174
849,g1pre,V1,2,Motordrive,0.006204363101567894
850,g1pre,V1,2,Motordrive,-0.004864600364749307
851,g1pre,V1,2,Motordrive,0.01186558556317945
852,g1pre,V1,2,Motordrive,0.018509633816195865
853,g1pre,V1,2,Motordrive,0.03699665401243491
854,g1pre,V1,2,Motordrive,0.037977899249803854
855,g1pre,V1,2,Motordrive,0.013877206162611058
856,g1pre,V1,2,Motordrive,-0.012472408881906856
857,g1pre,V1,2,Motordrive,0.02717860923812563
858,g1pre,V1,2,Motordrive,0.036901529964522735
859,g1pre,V1,2,Motordrive,-0.008951564320231684
860,g1pre,V1,2,Motordrive,0.013044058474481224
861,g1pre,V1,2,Motordrive,-0.0006405551599845118
862,g1pre,V1,2,Motordrive,0.03369078268295129
863,g1pre,V1,2,Motordrive,-0.002445963384181372
864,g1pre,V1,3,Motordrive,0.173700032356113
865,g1pre,V1,3,Motordrive,0.025488027889804372
866,g1pre,V1,3,Motordrive,0.18358194452927146
867,g1pre,V1,3,Motordrive,0.09607659139157286
868,g1pre,V1,3,Motordrive,0.08354353216326493
869,g1pre,V1,3,Motordrive,0.0803723811549807
870,g1pre,V1,3,Motordrive,0.008744113092066276
871,g1pre,V1,3,Motordrive,0.09070128962828647
872,g1pre,V1,3,Motordrive,0.1002224786317596
873,g1pre,V1,3,Motordrive,0.06556549400418839
874,g1pre,V1,3,Motordrive,0.09349874486063332
875,g1pre,V1,3,Motordrive,0.12412582730247147
876,g1pre,V1,3,Motordrive,0.042297273148716064
877,g1pre,V1,3,Motordrive,0.05738272738905481
878,g1pre,V1,3,Motordrive,0.07175014386372343
879,g1pre,V1,3,Motordrive,0.012697902934959895
880,g1pre,V1,3,Motordrive,0.06572578689157872
881,g1pre,V1,3,Motordrive,0.16810975987814433
882,g1pre,V1,3,Motordrive,0.18848627644710944
883,g1pre,V1,3,Motordrive,-0.000428704656973761
884,g1pre,V1,3,Motordrive,0.03663849764837268
885,g1pre,V1,3,Motordrive,0.019860604530299156
886,g1pre,V1,3,Motordrive,0.03581803829231216
887,g1pre,V1,3,Motordrive,0.08809180073218328
888,g1pre,V1,3,Motordrive,0.06465366495213194
889,g1pre,V1,3,Motordrive,0.06542115478564892
890,g1pre,V1,3,Motordrive,0.09026876738275694
891,g1pre,V1,3,Motordrive,0.1124264694722525
892,g1pre,V1,3,Motordrive,0.09852585079360543
893,g1pre,V1,3,Motordrive,0.10248857482333489
894,g1pre,V1,3,Motordrive,0.045905900818243923
895,g1pre,V1,3,Motordrive,0.17607297649691062
896,g1pre,V1,3,Motordrive,-0.01565972915141198
897,g1pre,V1,3,Motordrive,0.07833443915406307
898,g1pre,V1,3,Motordrive,0.1292718470718862
899,g1pre,V1,3,Motordrive,0.13482841483381264
900,g1pre,V1,3,Motordrive,0.029398106466388338
901,g1pre,V1,3,Motordrive,-0.028096558977771677
902,g1pre,V1,3,Motordrive,0.05787005886692821
903,g1pre,V1,3,Motordrive,0.09383952614357297
904,g1pre,V1,3,Motordrive,0.24419594053733099
905,g1pre,V1,3,Motordrive,0.2533994782460824
906,g1pre,V1,3,Motordrive,0.08932400359032072
907,g1pre,V1,3,Motordrive,0.03659098588911396
908,g1pre,V1,3,Motordrive,0.01242633917777086
909,g1pre,V1,3,Motordrive,0.024928070362595308
910,g1pre,V1,3,Motordrive,0.15529377582558843
911,g1pre,V1,3,Motordrive,0.11248531696062886
912,g1pre,V1,3,Motordrive,0.1672226882598692
913,g1pre,V1,3,Motordrive,0.050994716953044875
914,g1pre,V1,3,Motordrive,0.11960448170316201
915,g1pre,V1,3,Motordrive,0.16617215128109433
916,g1pre,V1,3,Motordrive,0.09389806591885229
917,g1pre,V1,3,Motordrive,0.10747529506750707
918,g1pre,V1,3,Motordrive,0.11013499228872523
919,g1pre,V1,3,Motordrive,0.07748546980569983
920,g1pre,V1,3,Motordrive,0.0076972392373631454
921,g1pre,V1,3,Motordrive,-0.030824551319568173
922,g1pre,V1,3,Motordrive,0.09147808438218527
923,g1pre,V1,3,Motordrive,0.07947090782214938
924,g1pre,V1,3,Motordrive,0.04169425213659235
925,g1pre,V1,3,Motordrive,-0.027788944324426523
926,g1pre,V1,3,Motordrive,0.10423980912354147
927,g1pre,V1,3,Motordrive,-0.03132249250775433
928,g1pre,V1,3,Motordrive,0.03904910826814211
929,g1pre,V1,3,Motordrive,0.06026520063166642
930,g1pre,V1,3,Motordrive,-0.047508267039909874
931,g1pre,V1,3,Motordrive,0.021669207930760655
932,g1pre,V1,3,Motordrive,0.0731472234177164
933,g1pre,V1,3,Motordrive,0.07917407942389065
934,g1pre,V1,3,Motordrive,-0.028393403591838683
935,g1pre,V1,3,Motordrive,0.045787223831594344
936,g1pre,V1,3,Motordrive,0.012887962867719012
937,g1pre,V1,3,Motordrive,0.09056680472877046
938,g1pre,V1,3,Motordrive,-0.009583655436149597
939,g1pre,V1,3,Motordrive,0.1340023167961785
940,g1pre,V1,3,Motordrive,0.047321348858134576
941,g1pre,V1,3,Motordrive,0.04118421877245226
942,g1pre,V1,3,Motordrive,0.030456828751829753
943,g1pre,V1,3,Motordrive,0.0329172471951688
944,g1pre,V1,3,Motordrive,0.053889432822240756
945,g1pre,V1,3,Motordrive,0.13015952565905853
946,g1pre,V1,3,Motordrive,0.0891461477531906
947,g1pre,V1,3,Motordrive,0.08437996423019659
948,g1pre,V1,3,Motordrive,0.04287115369776593
949,g1pre,V1,3,Motordrive,0.10815451696646851
950,g1pre,V1,3,Motordrive,0.13281907869144416
951,g1pre,V1,3,Motordrive,0.02295972794392657
952,g1pre,V1,3,Motordrive,0.06002373269802828
953,g1pre,V1,3,Motordrive,0.18966481302118088
954,g1pre,V1,3,Motordrive,-0.04062029708361985
955,g1pre,V1,3,Motordrive,0.19741097194498147
956,g1pre,V1,3,Motordrive,-0.013002387257871844
957,g1pre,V1,3,Motordrive,0.11739149179995749
958,g1pre,V1,3,Motordrive,0.08103247654131292
959,g1pre,V1,3,Motordrive,0.04308592756389421
960,g1pre,V1,3,Motordrive,0.09761266652628502
961,g1pre,V1,3,Motordrive,0.07023704940320549
962,g1pre,V1,3,Motordrive,0.061014002232634736
963,g1pre,V1,3,Motordrive,0.10420125689845398
964,g1pre,V1,3,Motordrive,0.07908714275337557
965,g1pre,V1,3,Motordrive,0.11712143804726712
966,g1pre,V1,3,Motordrive,0.18685991882785946
967,g1pre,V1,3,Motordrive,0.10065073171944292
968,g1pre,V1,3,Motordrive,0.09648843269615927
969,g1pre,V1,3,Motordrive,0.05934409798146501
970,g1pre,V1,3,Motordrive,-0.00751782773577117
971,g1pre,V1,3,Motordrive,0.09289449961243398
972,g1pre,V1,3,Motordrive,0.24258143893875284
973,g1pre,V1,3,Motordrive,0.01956984745316069
974,g1pre,V1,3,Motordrive,0.11761381739906404
975,g1pre,V1,3,Motordrive,0.09580367383636476
976,g1pre,V1,3,Motordrive,0.03333864568325134
977,g1pre,V1,3,Motordrive,0.07699917927373223
978,g1pre,V1,3,Motordrive,0.07741040717868505
979,g1pre,V1,3,Motordrive,0.05642311977685981
980,g1pre,V1,3,Motordrive,0.07643174543515815
981,g1pre,V1,5,Motordrive,-0.0376609393748931
982,g1pre,V1,5,Motordrive,0.10378359272957921
983,g1pre,V1,5,Motordrive,0.0001090887363485768
984,g1pre,V1,5,Motordrive,-0.24778425183632125
985,g1pre,V1,5,Motordrive,0.07298020576699116
986,g1pre,V1,5,Motordrive,-0.1098920764409377
987,g1pre,V1,5,Motordrive,0.1539766112879467
988,g1pre,V1,5,Motordrive,-0.029249433062794632
989,g1pre,V1,5,Motordrive,-0.0064539047898531906
990,g1pre,V1,5,Motordrive,0.06526935178240797
991,g1pre,V1,5,Motordrive,0.14258324114893128
992,g1pre,V1,5,Motordrive,-0.06593422047110412
993,g1pre,V1,5,Motordrive,0.0987758146221265
994,g1pre,V1,5,Motordrive,-0.01259232971000712
995,g1pre,V1,5,Motordrive,0.012545250316821048
996,g1pre,V1,5,Motordrive,0.05803451175296345
997,g1pre,V1,5,Motordrive,0.1113480755148717
998,g1pre,V1,5,Motordrive,-0.04050870708885644
999,g1pre,V1,5,Motordrive,0.16676293996677757
1000,g1pre,V1,5,Motordrive,0.1559889502423441
1001,g1pre,V1,5,Motordrive,0.10581437286225227
1002,g1pre,V1,5,Motordrive,0.08193423431658324
1003,g1pre,V1,5,Motordrive,0.10248983117577902
1004,g1pre,V1,5,Motordrive,0.0715230080035379
1005,g1pre,V1,5,Motordrive,-0.0759257102440438
1006,g1pre,V1,5,Motordrive,0.16037607802272713
1007,g1pre,V1,5,Motordrive,-0.045647680691974446
1008,g1pre,V1,5,Motordrive,-0.15931021302568527
1009,g1pre,V1,5,Motordrive,0.05975192245596596
1010,g1pre,V1,5,Motordrive,0.09228295247292502
1011,g1pre,V1,5,Motordrive,0.22853801238480959
1012,g1pre,V1,5,Motordrive,0.20178934404276086
1013,g1pre,V1,5,Motordrive,0.1654970558917217
1014,g1pre,V1,5,Motordrive,0.059453974640808385
1015,g1pre,V1,5,Motordrive,-0.08730010798485233
1016,g1pre,V1,5,Motordrive,0.09961950801988002
1017,g1pre,V1,5,Motordrive,-0.05793057892877636
1018,g1pre,V1,5,Motordrive,0.06564000325908538
1019,g1pre,V1,5,Motordrive,0.17144592727645772
1020,g1pre,V1,5,Motordrive,0.11428032767184299
1021,g1pre,V1,5,Motordrive,0.012317119244971498
1022,g1pre,V1,5,Motordrive,0.17321612308214046
1023,g1pre,V1,5,Motordrive,0.038964336300283633
1024,g1pre,V1,5,Motordrive,0.11969417431823583
1025,g1pre,V1,5,Motordrive,0.10871307294045288
1026,g1pre,V1,5,Motordrive,0.01969741675199808
1027,g1pre,V1,5,Motordrive,0.07471055769832174
1028,g1pre,V1,5,Motordrive,0.13058269534332204
1029,g1pre,V1,5,Motordrive,0.045434431588712014
1030,g1pre,V1,5,Motordrive,0.09012272926819005
1031,g1pre,V1,5,Motordrive,-0.0678357391036129
1032,g1pre,V1,5,Motordrive,0.10925496694634577
1033,g1pre,V1,5,Motordrive,0.019698963383439967
1034,g1pre,V1,5,Motordrive,0.14839717739013622
1035,g1pre,V1,5,Motordrive,0.044913403273452474
1036,g1pre,V1,5,Motordrive,-0.06898509292395635
1037,g1pre,V1,5,Motordrive,-0.01373628045137592
1038,g1pre,V1,5,Motordrive,0.11678353264347224
1039,g1pre,V1,5,Motordrive,-0.010252872667274048
1040,g1pre,V1,5,Motordrive,0.02159070991711386
1041,g1pre,V1,5,Motordrive,-0.0036854194772840774
1042,g1pre,V1,5,Motordrive,0.06396114987577035
1043,g1pre,V1,5,Motordrive,0.09247654834368234
1044,g1pre,V1,5,Motordrive,0.04861482040783714
1045,g1pre,V1,5,Motordrive,-0.08388338671159559
1046,g1pre,V1,5,Motordrive,-0.15244968559246688
1047,g1pre,V1,5,Motordrive,0.09910082804950991
1048,g1pre,V1,5,Motordrive,0.14754360603296324
1049,g1pre,V1,5,Motordrive,0.14876086746823247
1050,g1pre,V1,5,Motordrive,0.09822631757647717
1051,g1pre,V1,5,Motordrive,0.06936251816070389
1052,g1pre,V1,5,Motordrive,0.19484034941409603
1053,g1pre,V1,5,Motordrive,0.016628365916449003
1054,g1pre,V1,5,Motordrive,0.08078846247858826
1055,g1pre,V1,5,Motordrive,0.3421336034737404
1056,g1pre,V1,5,Motordrive,-0.17875015066133315
1057,g1pre,V1,5,Motordrive,0.08255591845291775
1058,g1pre,V1,5,Motordrive,0.07563525337287082
1059,g1pre,V1,5,Motordrive,0.03685001039986387
1060,g1pre,V1,5,Motordrive,0.0821403062588116
1061,g1pre,V1,5,Motordrive,-0.15509742157847017
1062,g1pre,V1,5,Motordrive,0.12326224401390522
1063,g1pre,V1,5,Motordrive,0.07803465305700626
1064,g1pre,V1,5,Motordrive,0.08086637529850806
1065,g1pre,V1,5,Motordrive,-0.020512827199016984
1066,g1pre,V1,5,Motordrive,0.09814714045915862
1067,g1pre,V1,5,Motordrive,0.03509965200227987
1068,g1pre,V1,5,Motordrive,0.024135458155465868
1069,g1pre,V1,5,Motordrive,0.16314841514132372
1070,g1pre,V1,5,Motordrive,0.14198443752543366
1071,g1pre,V1,5,Motordrive,-0.07082133868235338
1072,g1pre,V1,5,Motordrive,0.004969083827958711
1073,g1pre,V1,5,Motordrive,-0.08911315501416443
1074,g1pre,V1,5,Motordrive,0.16618532926562607
1075,g1pre,V1,5,Motordrive,0.23849531184900152
1076,g1pre,V1,5,Motordrive,0.07976204090279197
1077,g1pre,V1,5,Motordrive,0.011488876644595624
1078,g1pre,V1,5,Motordrive,0.20651203624803116
1079,g1pre,V1,5,Motordrive,-0.015820072580098293
1080,g1pre,V1,5,Motordrive,0.04996091340479347
1081,g1pre,V1,5,Motordrive,0.23104899171573579
1082,g1pre,V1,5,Motordrive,-0.13079558732789465
1083,g1pre,V1,5,Motordrive,-0.0788200829681363
1084,g1pre,V1,5,Motordrive,0.05601375302643758
1085,g1pre,V1,5,Motordrive,0.08463497775890175
1086,g1pre,V1,5,Motordrive,0.03438654162376635
1087,g1pre,V1,5,Motordrive,-0.09426230004401187
1088,g1pre,V1,5,Motordrive,0.08788832185059413
1089,g1pre,V1,5,Motordrive,0.13136695461382855
1090,g1pre,V1,5,Motordrive,0.124439914490889
1091,g1pre,V1,6,Motordrive,0.004220549846257338
1092,g1pre,V1,6,Motordrive,0.03903765123821069
1093,g1pre,V1,6,Motordrive,0.047517587369678586
1094,g1pre,V1,6,Motordrive,0.09848341256865305
1095,g1pre,V1,6,Motordrive,0.04122288216515764
1096,g1pre,V1,6,Motordrive,0.08287288822643894
1097,g1pre,V1,6,Motordrive,0.059940148480790996
1098,g1pre,V1,6,Motordrive,0.05650437286404439
1099,g1pre,V1,6,Motordrive,0.025268793542729522
1100,g1pre,V1,6,Motordrive,-0.006682954577001394
1101,g1pre,V1,6,Motordrive,-0.0006619006774406289
1102,g1pre,V1,6,Motordrive,-0.004349312084560127
1103,g1pre,V1,6,Motordrive,0.14753115658333377
1104,g1pre,V1,6,Motordrive,-0.025059816486288463
1105,g1pre,V1,6,Motordrive,0.0472346384387879
1106,g1pre,V1,6,Motordrive,0.024897964542842668
1107,g1pre,V1,6,Motordrive,0.053149817874445913
1108,g1pre,V1,6,Motordrive,0.17383668321139858
1109,g1pre,V1,6,Motordrive,0.06972360470242496
1110,g1pre,V1,7,Motordrive,0.03669882449298595
1111,g1pre,V1,7,Motordrive,-0.07850097357983353
1112,g1pre,V1,7,Motordrive,-0.02209265262260161
1113,g1pre,V1,7,Motordrive,0.13007022654591258
1114,g1pre,V1,7,Motordrive,0.16881116629660914
1115,g1pre,V1,7,Motordrive,0.01770285787698307
1116,g1pre,V1,7,Motordrive,0.26856197864363984
1117,g1pre,V1,7,Motordrive,0.03384630223009483
1118,g1pre,V1,7,Motordrive,0.03910384025374525
1119,g1pre,V1,7,Motordrive,0.03525258050020715
1120,g1pre,V1,7,Motordrive,0.04100285024237866
1121,g1pre,V1,7,Motordrive,-0.06783062574390725
1122,g1pre,V1,7,Motordrive,0.036551087529818546
1123,g1pre,V1,7,Motordrive,0.13120383995828838
1124,g1pre,V1,7,Motordrive,0.0044550579288831155
1125,g1pre,V1,7,Motordrive,-0.17402661263527702
1126,g1pre,V1,7,Motordrive,0.09025960255588548
1127,g1pre,V1,7,Motordrive,0.14091828634634096
1128,g1pre,V1,7,Motordrive,0.014794654937340009
1129,g1pre,V1,7,Motordrive,-0.05658772041910957
1130,g1pre,V1,7,Motordrive,0.04746271651337004
1131,g1pre,V1,7,Motordrive,-0.012034697591930665
1132,g1pre,V1,7,Motordrive,0.23779701650821328
1133,g1pre,V1,7,Motordrive,0.22121425620388263
1134,g1pre,V1,7,Motordrive,0.0068513337607984046
1135,g1pre,V1,7,Motordrive,0.26355222896991276
1136,g1pre,V1,7,Motordrive,0.08046543406546447
1137,g1pre,V1,7,Motordrive,0.11681469305934049
1138,g1pre,V1,7,Motordrive,0.297829957571606
1139,g1pre,V1,7,Motordrive,-0.08558081810294921
1140,g1pre,V1,7,Motordrive,0.2912848981590637
1141,g1pre,V1,7,Motordrive,0.09488275710639346
1142,g1pre,V1,7,Motordrive,0.1538169879231364
1143,g1pre,V1,7,Motordrive,-0.13473483184279458
1144,g1pre,V1,7,Motordrive,0.26823749205643943
1145,g1pre,V1,7,Motordrive,-0.03959655522486278
1146,g1pre,V1,7,Motordrive,-0.012089814446239326
1147,g1pre,V1,7,Motordrive,0.04343957487194153
1148,g1pre,V1,7,Motordrive,0.011654812731352288
1149,g1pre,V1,7,Motordrive,-0.052381071046256375
1150,g1pre,V1,7,Motordrive,-0.06608316699469853
1151,g1pre,V1,7,Motordrive,-0.10735189478763149
1152,g1pre,V1,7,Motordrive,-0.16489731912503536
1153,g1pre,V1,7,Motordrive,-0.0620797278836455
1154,g1pre,V1,7,Motordrive,-0.02357045613995278
1155,g1pre,V1,7,Motordrive,0.26620992057457854
1156,g1pre,V1,7,Motordrive,0.13986468016477513
1157,g1pre,V1,7,Motordrive,-0.024288630986195766
1158,g1pre,V1,7,Motordrive,0.08383600187267513
1159,g1pre,V1,7,Motordrive,0.16532808078251465
1160,g1pre,V1,7,Motordrive,0.01943419807955105
1161,g1pre,V1,7,Motordrive,0.043020409348954375
1162,g1pre,V1,7,Motordrive,0.21573343838277037
1163,g1pre,V1,7,Motordrive,0.1438983334757061
1164,g1pre,V1,7,Motordrive,0.2688900879762883
1165,g1pre,V1,7,Motordrive,-0.19326256973606257
1166,g1pre,V1,7,Motordrive,0.21962334071563316
1167,g1pre,V1,7,Motordrive,0.12272917752179602
1168,g1pre,V1,7,Motordrive,-0.1913674832274457
1169,g1pre,V1,7,Motordrive,-0.0601617590094091
1170,g1pre,V1,7,Motordrive,0.21766635500345552
1171,g1pre,V1,7,Motordrive,0.24457413622318708
1172,g1pre,V1,7,Motordrive,0.1536243188238933
1173,g1pre,V1,7,Motordrive,0.02127958713315736
1174,g1pre,V1,7,Motordrive,-0.20229017406464445
1175,g1pre,V1,7,Motordrive,0.03701917579797351
1176,g1pre,V1,7,Motordrive,0.024521268203282424
1177,g1pre,V1,7,Motordrive,-0.09414511601047981
1178,g1pre,V1,7,Motordrive,0.1713095154309108
1179,g1pre,V1,7,Motordrive,0.23494161533203387
1180,g1pre,V1,7,Motordrive,-0.02176532644422064
1181,g1pre,V1,7,Motordrive,0.21634677582739092
1182,g1pre,V1,7,Motordrive,-0.07284469544347384
1183,g1pre,V1,7,Motordrive,-0.048748262506798264
1184,g1pre,V1,7,Motordrive,0.07209445323804596
1185,g1pre,V1,7,Motordrive,0.12842420378806557
1186,g1pre,V1,7,Motordrive,-0.1436235229118479
1187,g1pre,V1,7,Motordrive,-0.010387869398252468
1188,g1pre,V1,7,Motordrive,0.08688711952363422
1189,g1pre,V1,7,Motordrive,-0.11238123304187299
1190,g1pre,V1,7,Motordrive,-0.15980535655837166
1191,g1pre,V1,7,Motordrive,-0.11272933519546541
1192,g1pre,V1,7,Motordrive,0.18569071801585918
1193,g1pre,V1,7,Motordrive,-0.22303124293511503
1194,g1pre,V1,7,Motordrive,-0.06293006794769301
1195,g1pre,V1,7,Motordrive,0.16882961433238503
1196,g1pre,V1,7,Motordrive,-0.059287994508436914
1197,g1pre,V1,7,Motordrive,-0.26999965790667574
1198,g1pre,V1,7,Motordrive,0.2665706774495748
1199,g1pre,V1,7,Motordrive,-0.010489813217093797
1200,g1pre,V1,7,Motordrive,0.16900187750633994
1201,g1pre,V1,7,Motordrive,-0.03257342777672872
1202,g1pre,V1,7,Motordrive,0.23247313569768893
1203,g1pre,V1,7,Motordrive,0.14013048196220676
1204,g1pre,V1,7,Motordrive,0.13434417388074937
1205,g1pre,V1,7,Motordrive,-0.016113713109995993
1206,g1pre,V1,7,Motordrive,0.3185954028975286
1207,g1pre,V1,7,Motordrive,-0.15031209308072208
1208,g1pre,V1,7,Motordrive,0.3408689780670806
1209,g1pre,V1,7,Motordrive,0.05266996832373466
1210,g1pre,V1,7,Motordrive,-0.10978554920817901
1211,g1pre,V1,7,Motordrive,-0.16436254628105906
1212,g1pre,V1,7,Motordrive,-0.10294840002053658
1213,g1pre,V1,7,Motordrive,-0.009729998958116659
1214,g1pre,V1,8,Motordrive,0.13129318542676813
1215,g1pre,V1,8,Motordrive,0.03032576923074955
1216,g1pre,V1,8,Motordrive,0.08577469006360712
1217,g1pre,V1,8,Motordrive,0.011375764356839957
1218,g1pre,V1,8,Motordrive,0.13617601054402467
1219,g1pre,V1,8,Motordrive,0.004178271001395245
1220,g1pre,V1,8,Motordrive,0.006814707669866609
1221,g1pre,V1,8,Motordrive,0.09933726537753197
1222,g1pre,V1,8,Motordrive,0.046134527108969134
1223,g1pre,V1,8,Motordrive,0.0034068297961040964
1224,g1pre,V1,8,Motordrive,0.05996549083761037
1225,g1pre,V1,8,Motordrive,0.07585144353438761
1226,g1pre,V1,8,Motordrive,0.06428623275614824
1227,g1pre,V1,8,Motordrive,0.10145761871247196
1228,g1pre,V1,8,Motordrive,0.061596146983840014
1229,g1pre,V1,8,Motordrive,0.02368352326650746
1230,g1pre,V1,8,Motordrive,0.03728896781561691
1231,g1pre,V1,8,Motordrive,-0.0342977961051036
1232,g1pre,V1,8,Motordrive,-0.024432318561700365
1233,g1pre,V1,8,Motordrive,0.05869639817128371
1234,g1pre,V1,8,Motordrive,0.007793312614082283
1235,g1pre,V1,8,Motordrive,0.06060220067193816
1236,g1pre,V1,8,Motordrive,-0.009958270884436633
1237,g1pre,V1,8,Motordrive,0.09071819615370139
1238,g1pre,V1,8,Motordrive,0.09625784669844908
1239,g1pre,V1,8,Motordrive,0.029079983039456022
1240,g1pre,V1,8,Motordrive,0.031738186828118305
1241,g1pre,V1,8,Motordrive,0.06796742046148971
1242,g1pre,V1,8,Motordrive,-0.030259688883621492
1243,g1pre,V1,8,Motordrive,-0.0020407491072651175
1244,g1pre,V1,8,Motordrive,-0.02478316345211945
1245,g1pre,V1,8,Motordrive,-0.013673416358868627
1246,g1pre,V1,8,Motordrive,-0.028077609966560526
1247,g1pre,V1,8,Motordrive,-0.00964369073746789
1248,g1pre,V1,8,Motordrive,-0.08424427454352992
1249,g1pre,V1,8,Motordrive,0.054411667164123094
1250,g1pre,V1,8,Motordrive,-0.0105421074988525
1251,g1pre,V1,8,Motordrive,0.07137351072309858
1252,g1pre,V1,8,Motordrive,-0.010396301033024722
1253,g1pre,V1,8,Motordrive,0.06232212408125987
1254,g1pre,V1,8,Motordrive,-0.01514077069937788
1255,g1pre,V1,8,Motordrive,-0.10641447537554384
1256,g1pre,V1,8,Motordrive,-0.028233193455147947
1257,g1pre,V1,8,Motordrive,0.015685533573596516
1258,g1pre,V1,8,Motordrive,-0.007834653744762745
1259,g1pre,V1,8,Motordrive,0.06059475262262886
1260,g1pre,V1,8,Motordrive,-0.01693290011100838
1261,g1pre,V1,8,Motordrive,0.08199630821309803
1262,g1pre,V1,8,Motordrive,0.14372936039333728
1263,g1pre,V1,8,Motordrive,-0.05471214921200363
1264,g1pre,V1,8,Motordrive,0.06754047755491188
1265,g1pre,V1,8,Motordrive,0.042142319278927316
1266,g1pre,V1,8,Motordrive,-0.03140937444291672
1267,g1pre,V1,8,Motordrive,0.028793389855741522
1268,g1pre,V1,8,Motordrive,0.06277165393003066
1269,g1pre,V1,8,Motordrive,0.09834010078416719
1270,g1pre,V1,8,Motordrive,-0.1351881761375702
1271,g1pre,V1,8,Motordrive,0.06932531146167012
1272,g1pre,V1,8,Motordrive,-0.07081922980507152
1273,g1pre,V1,8,Motordrive,-0.02536858868625617
1274,g1pre,V1,8,Motordrive,-0.03808962034128685
1275,g1pre,V1,8,Motordrive,-0.030828431070800723
1276,g1pre,V1,8,Motordrive,0.10855938289226275
1277,g1pre,V1,8,Motordrive,0.05915183189939745
1278,g1pre,V1,8,Motordrive,0.01779661275905127
1279,g1pre,V1,8,Motordrive,0.006382719088994837
1280,g1pre,V1,8,Motordrive,0.06484553803571444
1281,g1pre,V1,8,Motordrive,-0.02710502370923104
1282,g1pre,V1,8,Motordrive,0.05527364664095147
1283,g1pre,V1,8,Motordrive,0.019776093080191993
1284,g1pre,V1,8,Motordrive,0.08685419407344444
1285,g1pre,V1,8,Motordrive,0.05745959399628901
1286,g1pre,V1,8,Motordrive,-0.0982242345128689
1287,g1pre,V1,8,Motordrive,-0.03968956833348128
1288,g1pre,V1,8,Motordrive,-0.015109199349675806
1289,g1pre,V1,8,Motordrive,0.008070703398682046
1290,g1pre,V1,8,Motordrive,0.014987930808181381
1291,g1pre,V1,8,Motordrive,0.13891435261477122
1292,g1pre,V1,8,Motordrive,0.06948740937001555
1293,g1pre,V1,8,Motordrive,-0.019298506834374268
1294,g1pre,V1,8,Motordrive,0.027452269942561905
1295,g1pre,V1,8,Motordrive,0.09181958793712389
1296,g1pre,V1,8,Motordrive,0.027694898552181994
1297,g1pre,V1,8,Motordrive,0.13181412137439052
1298,g1pre,V1,8,Motordrive,-0.0014981870697329148
1299,g1pre,V1,8,Motordrive,0.043878158576057695
1300,g1pre,V1,8,Motordrive,-0.03510269133220454
1301,g1pre,V1,8,Motordrive,0.03521502844520054
1302,g1pre,V1,8,Motordrive,-0.01720578603468577
1303,g1pre,V1,8,Motordrive,-0.10648521721265046
1304,g1pre,V1,8,Motordrive,0.08033068034352854
1305,g1pre,V1,8,Motordrive,-0.007040616884608022
1306,g1pre,V1,8,Motordrive,0.12500328281559298
1307,g1pre,V1,8,Motordrive,0.06118473607585755
1308,g1pre,V1,8,Motordrive,0.14158485526848238
1309,g1pre,V1,8,Motordrive,0.09759061543028336
1310,g1pre,V1,8,Motordrive,0.025109100196944154
1311,g1pre,V1,8,Motordrive,0.0016588295567345492
1312,g1pre,V1,8,Motordrive,0.054674804340912694
1313,g1pre,V1,8,Motordrive,0.041244173437853124
1314,g1pre,V1,8,Motordrive,0.04929338513097795
1315,g1pre,V1,8,Motordrive,0.029077156524393105
1316,g1pre,V1,8,Motordrive,-0.022832006821050507
1317,g1pre,V1,8,Motordrive,0.07383009627895067
1318,g1pre,V1,8,Motordrive,0.06908274138691688
1319,g1pre,V1,8,Motordrive,0.055136719232072015
1320,g1pre,V1,8,Motordrive,0.0730763618458398
1321,g1pre,V1,8,Motordrive,0.15568911610208674
1322,g1pre,V1,8,Motordrive,0.011368757533007508
1323,g1pre,V1,8,Motordrive,-0.007241592969216721
1324,g1pre,V1,8,Motordrive,0.07481928260072443
1325,g1pre,V1,8,Motordrive,0.02815027150046132
1326,g1pre,V1,8,Motordrive,0.09655794317647677
1327,g1pre,V1,8,Motordrive,0.029570275075151444
1328,g1pre,V1,8,Motordrive,0.023592940071396073
1329,g1pre,V1,8,Motordrive,0.08704297252819326
1330,g1pre,V1,8,Motordrive,0.04363353175934408
1331,g1pre,V1,8,Motordrive,0.027843461876865767
1332,g1pre,V1,8,Motordrive,0.08277720227586373
1333,g1pre,V1,8,Motordrive,-0.01723047193639262
1334,g1pre,V1,8,Motordrive,0.058652761000721004
1335,g1pre,V1,8,Motordrive,0.08463746195692061
1336,g1pre,V1,8,Motordrive,0.07606339914633603
1337,g1pre,V1,8,Motordrive,0.1665914572785106
1338,g1pre,V1,8,Motordrive,0.10457750466078625
1339,g1pre,V1,8,Motordrive,0.1008074474091907
1340,g1pre,V1,8,Motordrive,0.10199089806693656
1341,g1pre,V1,8,Motordrive,0.08271497119902536
1342,g1pre,V1,8,Motordrive,0.09272558416532785
1343,g1pre,V1,8,Motordrive,0.12818128452864389
1344,g1pre,V1,8,Motordrive,0.1291342274336476
1345,g1pre,V1,8,Motordrive,0.08800490989828597
1346,g1pre,V1,8,Motordrive,0.05513285571500637
1347,g1pre,V1,8,Motordrive,0.16106213420814564
1348,g1pre,V1,8,Motordrive,0.11401796917588379
1349,g1pre,V1,8,Motordrive,0.08171469202477984
1350,g1pre,V1,8,Motordrive,0.062424019733716286
1351,g1pre,V1,8,Motordrive,0.14810769337684845
1352,g1pre,V1,8,Motordrive,0.06250423546226111
1353,g1pre,V1,8,Motordrive,0.10448685927434058
1354,g1pre,V1,8,Motordrive,0.1275801788711123
1355,g1pre,V1,8,Motordrive,0.12659095208153864
1356,g1pre,V1,8,Motordrive,0.10219722344701102
1357,g1pre,V1,8,Motordrive,-0.032925850986723806
1358,g1pre,V1,8,Motordrive,0.06549492458535112
1359,g1pre,V1,8,Motordrive,0.08244252887654821
1360,g1pre,V1,8,Motordrive,0.13621105797531807
1361,g1pre,V1,8,Motordrive,0.01204095760480621
1362,g1pre,V1,8,Motordrive,0.09050277757936374
1363,g1pre,V1,8,Motordrive,0.03922534220268274
1364,g1pre,V1,8,Motordrive,0.09147258547363422
1365,g1pre,V1,8,Motordrive,0.019389816967359592
1366,g1pre,V1,8,Motordrive,0.1248726240777689
1367,g1pre,V1,8,Motordrive,0.08870593560856589
1368,g1pre,V1,8,Motordrive,0.0647554374088837
1369,g1pre,V1,8,Motordrive,0.14761723175241845
1370,g1pre,V1,8,Motordrive,0.10253718499229406
1371,g1pre,V1,8,Motordrive,0.07349878605186354
1372,g1pre,V1,8,Motordrive,-0.025220457302752543
1373,g1pre,V1,8,Motordrive,0.15979964392839502
1374,g1pre,V1,8,Motordrive,0.06489371247407164
1375,g1pre,V1,8,Motordrive,0.0327380792900482
1376,g1pre,V1,8,Motordrive,-0.012232749194115183
1377,g1pre,V1,8,Motordrive,0.044947129882079016
1378,g1pre,V1,8,Motordrive,0.08007173321422824
1379,g1pre,V1,8,Motordrive,0.12139853020489624
1380,g1pre,V1,8,Motordrive,0.1342477853837208
1381,g1pre,V1,8,Motordrive,0.0019993301171059774
1382,g1pre,V1,8,Motordrive,0.10469565839072546
1383,g1pre,V1,8,Motordrive,0.023682703790819472
1384,g1pre,V1,8,Motordrive,-0.20776581177506975
1385,g1pre,V1,8,Motordrive,0.03891068556530986
1386,g1pre,V1,8,Motordrive,0.004309109275664367
1387,g1pre,V1,8,Motordrive,0.05048168775042148
1388,g1pre,V1,8,Motordrive,0.04910003757379837
1389,g1pre,V1,8,Motordrive,0.06828962628081943
1390,g1pre,V1,8,Motordrive,0.04998591330135816
1391,g1pre,V1,8,Motordrive,-0.0195584775428688
1392,g1pre,V1,8,Motordrive,-0.06780731836852087
1393,g1pre,V1,8,Motordrive,0.050875843373096204
1394,g1pre,V1,8,Motordrive,0.06872959837092645
1395,g1pre,V1,8,Motordrive,-0.00802493957945103
1396,g1pre,AM/PM,0,Adrive,0.4448161041023988
1397,g1pre,AM/PM,0,Adrive,0.28825595158181205
1398,g1pre,AM/PM,0,Adrive,-0.053581466412850144
1399,g1pre,AM/PM,0,Adrive,0.22390578970598748
1400,g1pre,AM/PM,0,Adrive,0.17790641086863232
1401,g1pre,AM/PM,0,Adrive,-0.17630570623449765
1402,g1pre,AM/PM,0,Adrive,0.12805521560452388
1403,g1pre,AM/PM,0,Adrive,-0.013757902844680482
1404,g1pre,AM/PM,0,Adrive,-0.3246918583266598
1405,g1pre,AM/PM,0,Adrive,0.1846926757926187
1406,g1pre,AM/PM,0,Adrive,0.0684486000856759
1407,g1pre,AM/PM,0,Adrive,0.14588955145670118
1408,g1pre,AM/PM,0,Adrive,0.10335615514805511
1409,g1pre,AM/PM,0,Adrive,0.07324528329293212
1410,g1pre,AM/PM,0,Adrive,0.10324834015368925
1411,g1pre,AM/PM,0,Adrive,0.171075445439054
1412,g1pre,AM/PM,0,Adrive,-0.0912439121920286
1413,g1pre,AM/PM,0,Adrive,0.054203289730719736
1414,g1pre,AM/PM,0,Adrive,0.20317290289734247
1415,g1pre,AM/PM,0,Adrive,0.129105032222439
1416,g1pre,AM/PM,0,Adrive,-0.3355008042285532
1417,g1pre,AM/PM,0,Adrive,0.4387196130485173
1418,g1pre,AM/PM,0,Adrive,0.02083097039706062
1419,g1pre,AM/PM,0,Adrive,0.3342145025701181
1420,g1pre,AM/PM,0,Adrive,0.10550416076634407
1421,g1pre,AM/PM,0,Adrive,0.05188360610284464
1422,g1pre,AM/PM,0,Adrive,4.8775985508136875e-05
1423,g1pre,AM/PM,0,Adrive,0.2787435290264473
1424,g1pre,AM/PM,0,Adrive,0.06057153837372413
1425,g1pre,AM/PM,0,Adrive,0.20788840634238545
1426,g1pre,AM/PM,0,Adrive,-0.2585511966371545
1427,g1pre,AM/PM,0,Adrive,0.5940031668314169
1428,g1pre,AM/PM,0,Adrive,0.5446943750648298
1429,g1pre,AM/PM,0,Adrive,0.030819274418279575
1430,g1pre,AM/PM,0,Adrive,0.18119642506240818
1431,g1pre,AM/PM,0,Adrive,0.35270928150416253
1432,g1pre,AM/PM,0,Adrive,0.6271012797307594
1433,g1pre,AM/PM,0,Adrive,0.308182913517985
1434,g1pre,AM/PM,0,Adrive,0.05665157848379599
1435,g1pre,AM/PM,0,Adrive,-0.006879471987239091
1436,g1pre,AM/PM,0,Adrive,0.14475840839867435
1437,g1pre,AM/PM,0,Adrive,0.22567805515692396
1438,g1pre,AM/PM,0,Adrive,0.12304041281234819
1439,g1pre,AM/PM,0,Adrive,0.020003478361149594
1440,g1pre,AM/PM,0,Adrive,0.1033648616805796
1441,g1pre,AM/PM,0,Adrive,0.03102728214715439
1442,g1pre,AM/PM,0,Adrive,0.2481553700451501
1443,g1pre,AM/PM,0,Adrive,0.09649794130952039
1444,g1pre,AM/PM,0,Adrive,0.027447946343477428
1445,g1pre,AM/PM,0,Adrive,0.39660359898696035
1446,g1pre,AM/PM,0,Adrive,0.1385148568486295
1447,g1pre,AM/PM,0,Adrive,0.1862168869213986
1448,g1pre,AM/PM,0,Adrive,0.8292736351460103
1449,g1pre,AM/PM,0,Adrive,0.13981259635265644
1450,g1pre,AM/PM,0,Adrive,0.1257826997162237
1451,g1pre,AM/PM,0,Adrive,0.06881981800898396
1452,g1pre,AM/PM,0,Adrive,0.33029051500446677
1453,g1pre,AM/PM,0,Adrive,0.450456650251784
1454,g1pre,AM/PM,0,Adrive,0.11128907997169674
1455,g1pre,AM/PM,0,Adrive,0.16498981217822836
1456,g1pre,AM/PM,0,Adrive,0.3188837832763478
1457,g1pre,AM/PM,0,Adrive,0.5647299203918621
1458,g1pre,AM/PM,0,Adrive,0.03515020578315865
1459,g1pre,AM/PM,4,Adrive,0.03378943027906251
1460,g1pre,AM/PM,4,Adrive,0.08848397015706587
1461,g1pre,AM/PM,4,Adrive,0.00307405491838474
1462,g1pre,AM/PM,4,Adrive,-0.33603308377363894
1463,g1pre,AM/PM,4,Adrive,0.086812939239086
1464,g1pre,AM/PM,4,Adrive,0.06869888418199274
1465,g1pre,AM/PM,4,Adrive,0.039600971310964926
1466,g1pre,AM/PM,4,Adrive,0.03291500580985753
1467,g1pre,AM/PM,5,Adrive,0.01829091081780909
1468,g1pre,AM/PM,5,Adrive,0.06571447150044775
1469,g1pre,AM/PM,5,Adrive,-0.0074234004890011305
1470,g1pre,AM/PM,5,Adrive,0.25743785214614157
1471,g1pre,AM/PM,5,Adrive,-0.1344556557232757
1472,g1pre,AM/PM,5,Adrive,0.04349509549611908
1473,g1pre,AM/PM,5,Adrive,0.027507931731888955
1474,g1pre,AM/PM,5,Adrive,0.483363537232731
1475,g1pre,AM/PM,5,Adrive,0.22119472065315499
1476,g1pre,AM/PM,0,Motordrive,0.1395480996002291
1477,g1pre,AM/PM,0,Motordrive,0.08565751351894203
1478,g1pre,AM/PM,0,Motordrive,0.07090396573140328
1479,g1pre,AM/PM,0,Motordrive,0.0678714170065092
1480,g1pre,AM/PM,0,Motordrive,0.013498850345254125
1481,g1pre,AM/PM,0,Motordrive,0.018838187618969
1482,g1pre,AM/PM,0,Motordrive,0.029389782904366373
1483,g1pre,AM/PM,0,Motordrive,0.07081155703635227
1484,g1pre,AM/PM,0,Motordrive,0.06774798530672885
1485,g1pre,AM/PM,0,Motordrive,0.08524821892464411
1486,g1pre,AM/PM,0,Motordrive,0.029874401568204582
1487,g1pre,AM/PM,0,Motordrive,0.014495148299850541
1488,g1pre,AM/PM,0,Motordrive,0.12539398147160985
1489,g1pre,AM/PM,0,Motordrive,0.1155511381230578
1490,g1pre,AM/PM,0,Motordrive,0.01681829356072734
1491,g1pre,AM/PM,0,Motordrive,-0.05060717645321178
1492,g1pre,AM/PM,0,Motordrive,-0.02574152184428069
1493,g1pre,AM/PM,0,Motordrive,0.06788569112685783
1494,g1pre,AM/PM,0,Motordrive,0.029384950369759133
1495,g1pre,AM/PM,0,Motordrive,0.015503164768765482
1496,g1pre,AM/PM,0,Motordrive,0.19581326735350552
1497,g1pre,AM/PM,0,Motordrive,0.006505346374742272
1498,g1pre,AM/PM,0,Motordrive,0.14695285281633572
1499,g1pre,AM/PM,0,Motordrive,0.06779267111235468
1500,g1pre,AM/PM,0,Motordrive,-0.0887967934205559
1501,g1pre,AM/PM,0,Motordrive,0.029445168205524678
1502,g1pre,AM/PM,0,Motordrive,0.023582753400758334
1503,g1pre,AM/PM,0,Motordrive,0.022589215500861265
1504,g1pre,AM/PM,0,Motordrive,0.028548017115893665
1505,g1pre,AM/PM,0,Motordrive,-0.06910462634965744
1506,g1pre,AM/PM,0,Motordrive,0.21315714742744576
1507,g1pre,AM/PM,0,Motordrive,0.13520297441400655
1508,g1pre,AM/PM,0,Motordrive,-0.01917124738477377
1509,g1pre,AM/PM,0,Motordrive,-0.060324079550355895
1510,g1pre,AM/PM,0,Motordrive,-0.13928853391716756
1511,g1pre,AM/PM,0,Motordrive,0.2189803932838903
1512,g1pre,AM/PM,0,Motordrive,-0.025334574900930468
1513,g1pre,AM/PM,0,Motordrive,0.08917072195509212
1514,g1pre,AM/PM,0,Motordrive,0.023262866337244517
1515,g1pre,AM/PM,0,Motordrive,0.04329895126262088
1516,g1pre,AM/PM,0,Motordrive,-0.02767580497093751
1517,g1pre,AM/PM,0,Motordrive,0.11437767778049819
1518,g1pre,AM/PM,0,Motordrive,0.11552609362670033
1519,g1pre,AM/PM,0,Motordrive,0.1465121479198055
1520,g1pre,AM/PM,0,Motordrive,-0.033495453874596764
1521,g1pre,AM/PM,0,Motordrive,0.16578058413875923
1522,g1pre,AM/PM,0,Motordrive,0.0660627320115735
1523,g1pre,AM/PM,0,Motordrive,0.1017449414720592
1524,g1pre,AM/PM,0,Motordrive,0.14263651423919807
1525,g1pre,AM/PM,0,Motordrive,0.13299009721663646
1526,g1pre,AM/PM,0,Motordrive,0.08150551033522074
1527,g1pre,AM/PM,0,Motordrive,0.031969637366893865
1528,g1pre,AM/PM,0,Motordrive,-0.010695491586978597
1529,g1pre,AM/PM,0,Motordrive,0.012648967780906113
1530,g1pre,AM/PM,0,Motordrive,-0.06830930912881436
1531,g1pre,AM/PM,0,Motordrive,0.08742763604600955
1532,g1pre,AM/PM,0,Motordrive,0.013744223867261261
1533,g1pre,AM/PM,0,Motordrive,0.11455525378557772
1534,g1pre,AM/PM,0,Motordrive,0.18651770837228462
1535,g1pre,AM/PM,0,Motordrive,0.16454112592704348
1536,g1pre,AM/PM,0,Motordrive,0.04813833797884821
1537,g1pre,AM/PM,0,Motordrive,0.029631272388650882
1538,g1pre,AM/PM,0,Motordrive,0.046474738617076454
1539,g1pre,AM/PM,4,Motordrive,-0.057021443220768
1540,g1pre,AM/PM,4,Motordrive,-0.05611505445248488
1541,g1pre,AM/PM,4,Motordrive,-0.07459740286622078
1542,g1pre,AM/PM,4,Motordrive,0.15708830810685054
1543,g1pre,AM/PM,4,Motordrive,0.1363194662410759
1544,g1pre,AM/PM,4,Motordrive,-0.042152347770405364
1545,g1pre,AM/PM,4,Motordrive,0.11720685174265036
1546,g1pre,AM/PM,4,Motordrive,0.12146643813842414
1547,g1pre,AM/PM,5,Motordrive,0.11931810077397209
1548,g1pre,AM/PM,5,Motordrive,0.08945343326634572
1549,g1pre,AM/PM,5,Motordrive,0.02263514870778083
1550,g1pre,AM/PM,5,Motordrive,-0.011229690712794853
1551,g1pre,AM/PM,5,Motordrive,0.06786881402592213
1552,g1pre,AM/PM,5,Motordrive,-0.015542993829094189
1553,g1pre,AM/PM,5,Motordrive,0.015258654304442738
1554,g1pre,AM/PM,5,Motordrive,-0.12219240531086195
1555,g1pre,AM/PM,5,Motordrive,-0.07189969948505522
1556,g1pre,A/RL/AL,0,Adrive,0.46245727256901864
1557,g1pre,A/RL/AL,0,Adrive,0.13505062318350797
1558,g1pre,A/RL/AL,0,Adrive,-0.027385884048324646
1559,g1pre,A/RL/AL,0,Adrive,0.04494213232595995
1560,g1pre,A/RL/AL,0,Adrive,0.11030991716201607
1561,g1pre,A/RL/AL,0,Adrive,0.14691531467309019
1562,g1pre,A/RL/AL,0,Adrive,0.2545415899519485
1563,g1pre,A/RL/AL,0,Adrive,0.06748542501702785
1564,g1pre,A/RL/AL,0,Adrive,0.04925334036886465
1565,g1pre,A/RL/AL,0,Adrive,0.4100022570350248
1566,g1pre,A/RL/AL,0,Adrive,0.24848984409025204
1567,g1pre,A/RL/AL,0,Adrive,0.09633400884882921
1568,g1pre,A/RL/AL,0,Adrive,0.08107570169488185
1569,g1pre,A/RL/AL,0,Adrive,0.06217391054501628
1570,g1pre,A/RL/AL,0,Adrive,0.19669621883211116
1571,g1pre,A/RL/AL,0,Adrive,0.0008366781909258702
1572,g1pre,A/RL/AL,0,Adrive,-0.07974812127598074
1573,g1pre,A/RL/AL,0,Adrive,0.2360708091819726
1574,g1pre,A/RL/AL,0,Adrive,0.0946239390051056
1575,g1pre,A/RL/AL,0,Adrive,0.11339599192121105
1576,g1pre,A/RL/AL,0,Adrive,0.09049987634070222
1577,g1pre,A/RL/AL,0,Adrive,0.31588633589448956
1578,g1pre,A/RL/AL,0,Adrive,0.23994977346968405
1579,g1pre,A/RL/AL,0,Adrive,0.11095875440956807
1580,g1pre,A/RL/AL,0,Adrive,0.13231168812720914
1581,g1pre,A/RL/AL,0,Adrive,0.18364235681007854
1582,g1pre,A/RL/AL,0,Adrive,0.009948861745511073
1583,g1pre,A/RL/AL,0,Adrive,0.21080238896555617
1584,g1pre,A/RL/AL,0,Adrive,0.1654716492624788
1585,g1pre,A/RL/AL,0,Adrive,0.2900554118967466
1586,g1pre,A/RL/AL,0,Adrive,0.41457892450442685
1587,g1pre,A/RL/AL,0,Adrive,-0.08620603613833092
1588,g1pre,A/RL/AL,0,Adrive,-0.0164158193045769
1589,g1pre,A/RL/AL,0,Adrive,0.026405575270750686
1590,g1pre,A/RL/AL,0,Adrive,0.10070070964932523
1591,g1pre,A/RL/AL,0,Adrive,-0.05817803931356978
1592,g1pre,A/RL/AL,0,Adrive,0.10579713209352341
1593,g1pre,A/RL/AL,0,Adrive,0.09780157909542433
1594,g1pre,A/RL/AL,0,Adrive,-0.06089278987006917
1595,g1pre,A/RL/AL,0,Adrive,0.11997373315625158
1596,g1pre,A/RL/AL,0,Adrive,0.9212560595691659
1597,g1pre,A/RL/AL,0,Adrive,0.09250580792433036
1598,g1pre,A/RL/AL,0,Adrive,0.2741902755690658
1599,g1pre,A/RL/AL,0,Adrive,0.30113635570320746
1600,g1pre,A/RL/AL,0,Adrive,0.18207807167610796
1601,g1pre,A/RL/AL,0,Adrive,0.25718743694083185
1602,g1pre,A/RL/AL,0,Adrive,0.39852571897021927
1603,g1pre,A/RL/AL,0,Adrive,-0.2617399082347914
1604,g1pre,A/RL/AL,0,Adrive,0.07694827177053117
1605,g1pre,A/RL/AL,0,Adrive,0.052671091012415516
1606,g1pre,A/RL/AL,0,Adrive,0.20681771797755988
1607,g1pre,A/RL/AL,0,Adrive,0.015650443868694207
1608,g1pre,A/RL/AL,0,Adrive,-0.21972499162392342
1609,g1pre,A/RL/AL,0,Adrive,0.1369093722616184
1610,g1pre,A/RL/AL,0,Adrive,0.02416976442740196
1611,g1pre,A/RL/AL,0,Adrive,0.20902751967131708
1612,g1pre,A/RL/AL,0,Adrive,0.07778202181415575
1613,g1pre,A/RL/AL,0,Adrive,0.10660227181438159
1614,g1pre,A/RL/AL,0,Adrive,0.13234831055793533
1615,g1pre,A/RL/AL,0,Adrive,0.11441290825162032
1616,g1pre,A/RL/AL,0,Adrive,0.17416409165499958
1617,g1pre,A/RL/AL,0,Adrive,0.2950691827520255
1618,g1pre,A/RL/AL,0,Adrive,-0.09670912758115081
1619,g1pre,A/RL/AL,0,Adrive,0.25045243784715915
1620,g1pre,A/RL/AL,0,Adrive,0.174022874716655
1621,g1pre,A/RL/AL,0,Adrive,0.31470060595952487
1622,g1pre,A/RL/AL,0,Adrive,0.23781413479089583
1623,g1pre,A/RL/AL,0,Adrive,-0.14820612706359254
1624,g1pre,A/RL/AL,0,Adrive,-0.21889905995596767
1625,g1pre,A/RL/AL,0,Adrive,0.09434156546882821
1626,g1pre,A/RL/AL,0,Adrive,0.15298341458002176
1627,g1pre,A/RL/AL,0,Adrive,0.15895675542995136
1628,g1pre,A/RL/AL,0,Adrive,-0.15135686033595414
1629,g1pre,A/RL/AL,0,Adrive,0.6257644536671882
1630,g1pre,A/RL/AL,0,Adrive,0.3443626986894989
1631,g1pre,A/RL/AL,0,Adrive,-0.28416569848688933
1632,g1pre,A/RL/AL,0,Adrive,0.14850802826764228
1633,g1pre,A/RL/AL,0,Adrive,-0.2877550105980155
1634,g1pre,A/RL/AL,0,Adrive,0.26597206418287095
1635,g1pre,A/RL/AL,0,Adrive,0.23594962532854408
1636,g1pre,A/RL/AL,0,Adrive,-0.1283063313103747
1637,g1pre,A/RL/AL,0,Adrive,0.16094771942059333
1638,g1pre,A/RL/AL,0,Adrive,-0.002905336325297424
1639,g1pre,A/RL/AL,0,Adrive,0.1948220729577611
1640,g1pre,A/RL/AL,0,Adrive,0.13638433302772326
1641,g1pre,A/RL/AL,0,Adrive,0.017282757895073306
1642,g1pre,A/RL/AL,0,Adrive,0.3202550810818787
1643,g1pre,A/RL/AL,0,Adrive,-0.11100416105295965
1644,g1pre,A/RL/AL,0,Adrive,0.05172181884454855
1645,g1pre,A/RL/AL,0,Adrive,0.09355252606781832
1646,g1pre,A/RL/AL,0,Adrive,0.7517876437082486
1647,g1pre,A/RL/AL,0,Adrive,-0.10005120773984662
1648,g1pre,A/RL/AL,0,Adrive,-0.12154464998841827
1649,g1pre,A/RL/AL,0,Adrive,0.5272857629436204
1650,g1pre,A/RL/AL,0,Adrive,0.7874805024654928
1651,g1pre,A/RL/AL,0,Adrive,-0.0265869740210648
1652,g1pre,A/RL/AL,0,Adrive,0.2366048678167429
1653,g1pre,A/RL/AL,0,Adrive,0.024752201138253497
1654,g1pre,A/RL/AL,0,Adrive,0.12551456470465858
1655,g1pre,A/RL/AL,0,Adrive,0.07765768114297969
1656,g1pre,A/RL/AL,0,Adrive,0.5352476653515752
1657,g1pre,A/RL/AL,0,Adrive,0.23448251752568244
1658,g1pre,A/RL/AL,0,Adrive,0.19432506329013938
1659,g1pre,A/RL/AL,0,Adrive,-0.010828246210631533
1660,g1pre,A/RL/AL,0,Adrive,0.05288635116287292
1661,g1pre,A/RL/AL,0,Adrive,0.1677720458835826
1662,g1pre,A/RL/AL,0,Adrive,0.5088486560337525
1663,g1pre,A/RL/AL,0,Adrive,0.21887586832351838
1664,g1pre,A/RL/AL,0,Adrive,0.3012796388955362
1665,g1pre,A/RL/AL,0,Adrive,0.21795365251667506
1666,g1pre,A/RL/AL,0,Adrive,-0.10786585524116472
1667,g1pre,A/RL/AL,0,Adrive,0.09003914358227895
1668,g1pre,A/RL/AL,0,Adrive,0.1744594007905213
1669,g1pre,A/RL/AL,0,Adrive,0.00590140790698586
1670,g1pre,A/RL/AL,0,Adrive,0.4193993623327249
1671,g1pre,A/RL/AL,0,Adrive,0.6490870247143512
1672,g1pre,A/RL/AL,1,Adrive,-0.27941051894132757
1673,g1pre,A/RL/AL,1,Adrive,0.5071800592444681
1674,g1pre,A/RL/AL,1,Adrive,-0.2144808833389984
1675,g1pre,A/RL/AL,1,Adrive,-0.20197614406582384
1676,g1pre,A/RL/AL,1,Adrive,-0.12545820562741453
1677,g1pre,A/RL/AL,1,Adrive,-0.2104380158091727
1678,g1pre,A/RL/AL,1,Adrive,-0.01698217009885641
1679,g1pre,A/RL/AL,1,Adrive,0.07469507281892901
1680,g1pre,A/RL/AL,1,Adrive,0.0915893926971494
1681,g1pre,A/RL/AL,1,Adrive,0.8751521846708804
1682,g1pre,A/RL/AL,1,Adrive,0.15711406657830015
1683,g1pre,A/RL/AL,1,Adrive,0.2896322403008045
1684,g1pre,A/RL/AL,1,Adrive,0.07192883343857805
1685,g1pre,A/RL/AL,1,Adrive,-0.016582797511769706
1686,g1pre,A/RL/AL,1,Adrive,0.1407779521814642
1687,g1pre,A/RL/AL,1,Adrive,-0.21087561804534463
1688,g1pre,A/RL/AL,1,Adrive,-0.16680556158817345
1689,g1pre,A/RL/AL,1,Adrive,0.7125370145148436
1690,g1pre,A/RL/AL,1,Adrive,0.5954375262281295
1691,g1pre,A/RL/AL,1,Adrive,0.7813487096911159
1692,g1pre,A/RL/AL,1,Adrive,-0.188067685166694
1693,g1pre,A/RL/AL,1,Adrive,-0.3553503543528062
1694,g1pre,A/RL/AL,1,Adrive,0.8362768451013851
1695,g1pre,A/RL/AL,1,Adrive,0.17907588943107894
1696,g1pre,A/RL/AL,1,Adrive,0.25848538591389364
1697,g1pre,A/RL/AL,1,Adrive,0.1494010724190221
1698,g1pre,A/RL/AL,1,Adrive,0.4560547584878663
1699,g1pre,A/RL/AL,1,Adrive,0.3599831630232264
1700,g1pre,A/RL/AL,1,Adrive,-0.2097030623132298
1701,g1pre,A/RL/AL,1,Adrive,0.24518622666528245
1702,g1pre,A/RL/AL,1,Adrive,0.8735069053352428
1703,g1pre,A/RL/AL,1,Adrive,-0.22055130803260306
1704,g1pre,A/RL/AL,1,Adrive,0.812146024338924
1705,g1pre,A/RL/AL,1,Adrive,0.3686769193914045
1706,g1pre,A/RL/AL,1,Adrive,0.29001227244284905
1707,g1pre,A/RL/AL,1,Adrive,0.1373499656472683
1708,g1pre,A/RL/AL,1,Adrive,0.29515371204584084
1709,g1pre,A/RL/AL,1,Adrive,0.07501008083693167
1710,g1pre,A/RL/AL,1,Adrive,0.08165741197891402
1711,g1pre,A/RL/AL,1,Adrive,-0.045717684269205465
1712,g1pre,A/RL/AL,1,Adrive,0.12045204164813986
1713,g1pre,A/RL/AL,1,Adrive,-0.31767985628462764
1714,g1pre,A/RL/AL,1,Adrive,-0.22782868180133922
1715,g1pre,A/RL/AL,1,Adrive,0.21816992764508467
1716,g1pre,A/RL/AL,1,Adrive,-0.21629033517712312
1717,g1pre,A/RL/AL,1,Adrive,0.21995772290029336
1718,g1pre,A/RL/AL,1,Adrive,0.016344158747637696
1719,g1pre,A/RL/AL,1,Adrive,0.5490583453435252
1720,g1pre,A/RL/AL,1,Adrive,-0.11055049455859972
1721,g1pre,A/RL/AL,1,Adrive,-0.11291508385532922
1722,g1pre,A/RL/AL,1,Adrive,-0.13281194728084483
1723,g1pre,A/RL/AL,1,Adrive,0.8088530055160412
1724,g1pre,A/RL/AL,1,Adrive,-0.0691761051540755
1725,g1pre,A/RL/AL,1,Adrive,0.13467703489550956
1726,g1pre,A/RL/AL,1,Adrive,0.8743116777268376
1727,g1pre,A/RL/AL,1,Adrive,0.1136497649583971
1728,g1pre,A/RL/AL,1,Adrive,0.12089856020139471
1729,g1pre,A/RL/AL,1,Adrive,0.9492765704544014
1730,g1pre,A/RL/AL,1,Adrive,0.8892611935249112
1731,g1pre,A/RL/AL,1,Adrive,0.046626829114492035
1732,g1pre,A/RL/AL,1,Adrive,-0.05313399936898325
1733,g1pre,A/RL/AL,1,Adrive,0.5766219720305286
1734,g1pre,A/RL/AL,1,Adrive,1.6298436012077007
1735,g1pre,A/RL/AL,1,Adrive,0.08971723838262684
1736,g1pre,A/RL/AL,1,Adrive,-0.2594318925628697
1737,g1pre,A/RL/AL,1,Adrive,-0.009290041910634072
1738,g1pre,A/RL/AL,1,Adrive,-0.03876792616272992
1739,g1pre,A/RL/AL,1,Adrive,0.19316906732837294
1740,g1pre,A/RL/AL,1,Adrive,-0.23207501587986074
1741,g1pre,A/RL/AL,1,Adrive,-0.18450052117245122
1742,g1pre,A/RL/AL,1,Adrive,0.2230155629031188
1743,g1pre,A/RL/AL,2,Adrive,-0.13178142630251974
1744,g1pre,A/RL/AL,2,Adrive,0.002700208545351605
1745,g1pre,A/RL/AL,2,Adrive,0.01056733030224991
1746,g1pre,A/RL/AL,2,Adrive,0.0512598252158401
1747,g1pre,A/RL/AL,2,Adrive,0.01753393956039075
1748,g1pre,A/RL/AL,2,Adrive,-0.17650427616475034
1749,g1pre,A/RL/AL,2,Adrive,0.14033713003093076
1750,g1pre,A/RL/AL,2,Adrive,0.23719762385612775
1751,g1pre,A/RL/AL,2,Adrive,-0.028043911028506233
1752,g1pre,A/RL/AL,2,Adrive,-0.09277510740424057
1753,g1pre,A/RL/AL,2,Adrive,0.0798064932745263
1754,g1pre,A/RL/AL,2,Adrive,0.15656419370464528
1755,g1pre,A/RL/AL,2,Adrive,0.38214530621289083
1756,g1pre,A/RL/AL,2,Adrive,0.2429587412677401
1757,g1pre,A/RL/AL,2,Adrive,0.05637426926677004
1758,g1pre,A/RL/AL,2,Adrive,-0.03359743254970372
1759,g1pre,A/RL/AL,2,Adrive,0.072464747712113
1760,g1pre,A/RL/AL,2,Adrive,0.019253090001153907
1761,g1pre,A/RL/AL,2,Adrive,0.13982268508410017
1762,g1pre,A/RL/AL,2,Adrive,0.14043806966718037
1763,g1pre,A/RL/AL,2,Adrive,-0.12866222276175163
1764,g1pre,A/RL/AL,2,Adrive,0.04058316117046198
1765,g1pre,A/RL/AL,2,Adrive,0.11269097155754343
1766,g1pre,A/RL/AL,2,Adrive,0.056119170901618484
1767,g1pre,A/RL/AL,2,Adrive,0.1039602845617713
1768,g1pre,A/RL/AL,2,Adrive,0.3046189929369377
1769,g1pre,A/RL/AL,2,Adrive,0.2617742779250544
1770,g1pre,A/RL/AL,3,Adrive,0.06356571042823424
1771,g1pre,A/RL/AL,3,Adrive,-0.052566832140187855
1772,g1pre,A/RL/AL,3,Adrive,0.037443759806147905
1773,g1pre,A/RL/AL,3,Adrive,-0.04707488441590223
1774,g1pre,A/RL/AL,3,Adrive,-0.059953036295719415
1775,g1pre,A/RL/AL,3,Adrive,-0.1358888615983239
1776,g1pre,A/RL/AL,3,Adrive,0.0918351164221083
1777,g1pre,A/RL/AL,3,Adrive,0.03576708431509775
1778,g1pre,A/RL/AL,3,Adrive,0.02709597803131162
1779,g1pre,A/RL/AL,3,Adrive,0.043000493278510486
1780,g1pre,A/RL/AL,3,Adrive,0.03357948849600632
1781,g1pre,A/RL/AL,3,Adrive,0.004801414653230871
1782,g1pre,A/RL/AL,3,Adrive,0.09391653953118625
1783,g1pre,A/RL/AL,3,Adrive,0.010910431389934824
1784,g1pre,A/RL/AL,3,Adrive,0.04102469384863338
1785,g1pre,A/RL/AL,3,Adrive,0.03867237210747774
1786,g1pre,A/RL/AL,3,Adrive,0.03564681590070536
1787,g1pre,A/RL/AL,3,Adrive,-0.022688495092749058
1788,g1pre,A/RL/AL,3,Adrive,-0.12075146236711111
1789,g1pre,A/RL/AL,3,Adrive,0.04033265891485033
1790,g1pre,A/RL/AL,3,Adrive,-0.05081892001738387
1791,g1pre,A/RL/AL,3,Adrive,-0.05968545807589879
1792,g1pre,A/RL/AL,3,Adrive,-0.011364114879737874
1793,g1pre,A/RL/AL,3,Adrive,-0.13263687606083047
1794,g1pre,A/RL/AL,3,Adrive,-0.028711817964580354
1795,g1pre,A/RL/AL,3,Adrive,-0.09615678696350365
1796,g1pre,A/RL/AL,3,Adrive,0.008112837483513815
1797,g1pre,A/RL/AL,3,Adrive,-0.18919633208976908
1798,g1pre,A/RL/AL,3,Adrive,-0.05281943336064066
1799,g1pre,A/RL/AL,3,Adrive,-0.1753982971722188
1800,g1pre,A/RL/AL,3,Adrive,-0.08339896260716213
1801,g1pre,A/RL/AL,3,Adrive,-0.1387640896558201
1802,g1pre,A/RL/AL,3,Adrive,0.045923565587427086
1803,g1pre,A/RL/AL,3,Adrive,-0.05088594960460506
1804,g1pre,A/RL/AL,3,Adrive,-0.09195388738975568
1805,g1pre,A/RL/AL,3,Adrive,-0.017983391827053326
1806,g1pre,A/RL/AL,3,Adrive,-0.02726163076489329
1807,g1pre,A/RL/AL,3,Adrive,0.034135609889197664
1808,g1pre,A/RL/AL,3,Adrive,-0.03121760643538135
1809,g1pre,A/RL/AL,3,Adrive,0.015630760099509748
1810,g1pre,A/RL/AL,3,Adrive,0.021217771548431068
1811,g1pre,A/RL/AL,3,Adrive,0.14176245288682837
1812,g1pre,A/RL/AL,3,Adrive,-0.03600123572478968
1813,g1pre,A/RL/AL,3,Adrive,-0.0437849392235914
1814,g1pre,A/RL/AL,3,Adrive,0.07654470418235168
1815,g1pre,A/RL/AL,4,Adrive,-0.031500098555312
1816,g1pre,A/RL/AL,4,Adrive,0.11533148123956916
1817,g1pre,A/RL/AL,4,Adrive,-0.15847426006031015
1818,g1pre,A/RL/AL,4,Adrive,0.3537941647840998
1819,g1pre,A/RL/AL,4,Adrive,0.02199852255082457
1820,g1pre,A/RL/AL,4,Adrive,0.0452090098634508
1821,g1pre,A/RL/AL,4,Adrive,0.04298644172633782
1822,g1pre,A/RL/AL,4,Adrive,-0.09944809925642674
1823,g1pre,A/RL/AL,4,Adrive,-0.07236680981265103
1824,g1pre,A/RL/AL,4,Adrive,-0.1038872276002998
1825,g1pre,A/RL/AL,4,Adrive,0.026892326741019656
1826,g1pre,A/RL/AL,4,Adrive,0.06397381284062512
1827,g1pre,A/RL/AL,4,Adrive,-0.22347828626310548
1828,g1pre,A/RL/AL,4,Adrive,-0.12745809209062184
1829,g1pre,A/RL/AL,4,Adrive,-0.16958977163953642
1830,g1pre,A/RL/AL,4,Adrive,0.03615060025353371
1831,g1pre,A/RL/AL,4,Adrive,0.06457173423448372
1832,g1pre,A/RL/AL,4,Adrive,0.23357113999660808
1833,g1pre,A/RL/AL,4,Adrive,-0.14694857203789718
1834,g1pre,A/RL/AL,4,Adrive,-0.042261611541614605
1835,g1pre,A/RL/AL,4,Adrive,0.09178147513382834
1836,g1pre,A/RL/AL,4,Adrive,0.04769647487718602
1837,g1pre,A/RL/AL,4,Adrive,0.00963277068709031
1838,g1pre,A/RL/AL,4,Adrive,0.1418724061207851
1839,g1pre,A/RL/AL,4,Adrive,0.06403954265422952
1840,g1pre,A/RL/AL,4,Adrive,-0.09405115305554243
1841,g1pre,A/RL/AL,4,Adrive,0.06439312707957763
1842,g1pre,A/RL/AL,4,Adrive,0.19154940866821818
1843,g1pre,A/RL/AL,4,Adrive,0.07437368256857992
1844,g1pre,A/RL/AL,4,Adrive,0.19212526807803154
1845,g1pre,A/RL/AL,4,Adrive,-0.21612156750600628
1846,g1pre,A/RL/AL,4,Adrive,-0.04308238316852432
1847,g1pre,A/RL/AL,4,Adrive,0.15204010569383034
1848,g1pre,A/RL/AL,4,Adrive,-0.1396690279803492
1849,g1pre,A/RL/AL,4,Adrive,0.17817750970030663
1850,g1pre,A/RL/AL,4,Adrive,-0.14519236682817732
1851,g1pre,A/RL/AL,4,Adrive,-0.09907290665677806
1852,g1pre,A/RL/AL,4,Adrive,0.20094241966539997
1853,g1pre,A/RL/AL,4,Adrive,-0.0585699180093099
1854,g1pre,A/RL/AL,4,Adrive,0.12798589259570936
1855,g1pre,A/RL/AL,4,Adrive,-0.11025575078774708
1856,g1pre,A/RL/AL,4,Adrive,-0.11850077372437981
1857,g1pre,A/RL/AL,4,Adrive,0.07764085960004118
1858,g1pre,A/RL/AL,4,Adrive,-0.12018650542036743
1859,g1pre,A/RL/AL,4,Adrive,0.11056988658397947
1860,g1pre,A/RL/AL,4,Adrive,0.06425875942931467
1861,g1pre,A/RL/AL,4,Adrive,0.05449364440173366
1862,g1pre,A/RL/AL,4,Adrive,-0.01937868158153338
1863,g1pre,A/RL/AL,4,Adrive,-0.053247775074517466
1864,g1pre,A/RL/AL,4,Adrive,-0.00020386359902421392
1865,g1pre,A/RL/AL,4,Adrive,-0.056023708718553666
1866,g1pre,A/RL/AL,4,Adrive,-0.08740168255542899
1867,g1pre,A/RL/AL,4,Adrive,0.04587986058213595
1868,g1pre,A/RL/AL,4,Adrive,0.06050865863588747
1869,g1pre,A/RL/AL,4,Adrive,-0.17217057289308002
1870,g1pre,A/RL/AL,4,Adrive,0.08324846444800944
1871,g1pre,A/RL/AL,4,Adrive,-0.2297863243771371
1872,g1pre,A/RL/AL,4,Adrive,0.03179212970359348
1873,g1pre,A/RL/AL,4,Adrive,0.004067524239324902
1874,g1pre,A/RL/AL,4,Adrive,-0.07201148476482178
1875,g1pre,A/RL/AL,4,Adrive,-0.09716205974898603
1876,g1pre,A/RL/AL,4,Adrive,0.08174902489619516
1877,g1pre,A/RL/AL,4,Adrive,0.10517053382365395
1878,g1pre,A/RL/AL,4,Adrive,0.014533024648207061
1879,g1pre,A/RL/AL,4,Adrive,0.03864362798091126
1880,g1pre,A/RL/AL,4,Adrive,0.09142734712686412
1881,g1pre,A/RL/AL,4,Adrive,0.15244361096330586
1882,g1pre,A/RL/AL,4,Adrive,-0.24952661913642477
1883,g1pre,A/RL/AL,4,Adrive,0.13656282957514868
1884,g1pre,A/RL/AL,4,Adrive,0.023814405991891476
1885,g1pre,A/RL/AL,4,Adrive,0.28697024857516357
1886,g1pre,A/RL/AL,4,Adrive,0.13658067720444594
1887,g1pre,A/RL/AL,4,Adrive,-0.11438832578856462
1888,g1pre,A/RL/AL,4,Adrive,0.2553592337859135
1889,g1pre,A/RL/AL,4,Adrive,-0.05238426934739677
1890,g1pre,A/RL/AL,4,Adrive,-0.013913261247542537
1891,g1pre,A/RL/AL,4,Adrive,0.0556478792560866
1892,g1pre,A/RL/AL,4,Adrive,-0.0810570838085509
1893,g1pre,A/RL/AL,4,Adrive,0.046833749807558736
1894,g1pre,A/RL/AL,4,Adrive,0.03807608079672465
1895,g1pre,A/RL/AL,4,Adrive,0.02133259434321166
1896,g1pre,A/RL/AL,4,Adrive,-0.1906134887806887
1897,g1pre,A/RL/AL,4,Adrive,-0.01077270213090022
1898,g1pre,A/RL/AL,4,Adrive,-0.0825884523407133
1899,g1pre,A/RL/AL,4,Adrive,0.08381638574929083
1900,g1pre,A/RL/AL,4,Adrive,0.013215429873953966
1901,g1pre,A/RL/AL,4,Adrive,0.1078804044130833
1902,g1pre,A/RL/AL,4,Adrive,-0.22907548462956406
1903,g1pre,A/RL/AL,4,Adrive,-0.1263120848962512
1904,g1pre,A/RL/AL,4,Adrive,-0.27203807850237827
1905,g1pre,A/RL/AL,4,Adrive,0.005229846484186222
1906,g1pre,A/RL/AL,5,Adrive,0.14710587456504598
1907,g1pre,A/RL/AL,5,Adrive,0.1478732409723902
1908,g1pre,A/RL/AL,6,Adrive,0.004407008571849798
1909,g1pre,A/RL/AL,6,Adrive,0.02932745897044177
1910,g1pre,A/RL/AL,6,Adrive,0.11891732542803315
1911,g1pre,A/RL/AL,6,Adrive,-0.05951137656016878
1912,g1pre,A/RL/AL,6,Adrive,-0.05287443054320894
1913,g1pre,A/RL/AL,6,Adrive,0.022411198549661667
1914,g1pre,A/RL/AL,6,Adrive,0.11050816020145565
1915,g1pre,A/RL/AL,6,Adrive,0.022142669525909483
1916,g1pre,A/RL/AL,6,Adrive,0.08049234909992987
1917,g1pre,A/RL/AL,6,Adrive,-0.07341552715326449
1918,g1pre,A/RL/AL,6,Adrive,-0.07737210593524589
1919,g1pre,A/RL/AL,6,Adrive,-0.007556112698091032
1920,g1pre,A/RL/AL,6,Adrive,0.06383720090112219
1921,g1pre,A/RL/AL,6,Adrive,0.016461651171560652
1922,g1pre,A/RL/AL,6,Adrive,-0.14296785130647574
1923,g1pre,A/RL/AL,6,Adrive,0.10095436932300447
1924,g1pre,A/RL/AL,6,Adrive,0.03544022008155439
1925,g1pre,A/RL/AL,6,Adrive,0.1079687297422357
1926,g1pre,A/RL/AL,6,Adrive,0.021108640373056663
1927,g1pre,A/RL/AL,6,Adrive,0.08108215082546139
1928,g1pre,A/RL/AL,6,Adrive,-0.09190087540099605
1929,g1pre,A/RL/AL,6,Adrive,0.03706005609712812
1930,g1pre,A/RL/AL,6,Adrive,0.07174880103267699
1931,g1pre,A/RL/AL,6,Adrive,-0.10878795319748094
1932,g1pre,A/RL/AL,6,Adrive,0.02299700639500853
1933,g1pre,A/RL/AL,6,Adrive,-0.1882234347621117
1934,g1pre,A/RL/AL,6,Adrive,0.0274058087618935
1935,g1pre,A/RL/AL,6,Adrive,0.005018175935432195
1936,g1pre,A/RL/AL,6,Adrive,0.19804678971651488
1937,g1pre,A/RL/AL,6,Adrive,-0.062229594977049385
1938,g1pre,A/RL/AL,6,Adrive,-0.08925262205318375
1939,g1pre,A/RL/AL,6,Adrive,-0.028876946653084865
1940,g1pre,A/RL/AL,6,Adrive,-0.12699824098490345
1941,g1pre,A/RL/AL,6,Adrive,-0.13649883099148716
1942,g1pre,A/RL/AL,6,Adrive,-0.07471496196590445
1943,g1pre,A/RL/AL,6,Adrive,-0.041146591390511716
1944,g1pre,A/RL/AL,6,Adrive,-0.08429954804857943
1945,g1pre,A/RL/AL,6,Adrive,-0.11198825605498587
1946,g1pre,A/RL/AL,6,Adrive,-0.0312382727750324
1947,g1pre,A/RL/AL,7,Adrive,0.5784788862238659
1948,g1pre,A/RL/AL,7,Adrive,0.00362077474579728
1949,g1pre,A/RL/AL,7,Adrive,0.24551613018132248
1950,g1pre,A/RL/AL,7,Adrive,-0.020576421324180798
1951,g1pre,A/RL/AL,7,Adrive,-0.07344988648891945
1952,g1pre,A/RL/AL,7,Adrive,-0.12185377448490377
1953,g1pre,A/RL/AL,7,Adrive,-0.08374528161547057
1954,g1pre,A/RL/AL,7,Adrive,-0.19249120391648047
1955,g1pre,A/RL/AL,7,Adrive,0.12235872325138566
1956,g1pre,A/RL/AL,7,Adrive,0.4506535965950673
1957,g1pre,A/RL/AL,7,Adrive,0.004730987872098015
1958,g1pre,A/RL/AL,7,Adrive,0.20336850768781942
1959,g1pre,A/RL/AL,7,Adrive,0.3027394872644176
1960,g1pre,A/RL/AL,7,Adrive,-0.0447539860049296
1961,g1pre,A/RL/AL,7,Adrive,0.07937310537376874
1962,g1pre,A/RL/AL,7,Adrive,-0.020264053665208785
1963,g1pre,A/RL/AL,7,Adrive,0.019762232648192473
1964,g1pre,A/RL/AL,7,Adrive,0.0978517115993055
1965,g1pre,A/RL/AL,7,Adrive,-0.023516589133222916
1966,g1pre,A/RL/AL,7,Adrive,0.3655080706626137
1967,g1pre,A/RL/AL,7,Adrive,0.0034263768588358432
1968,g1pre,A/RL/AL,7,Adrive,-0.16069066378967634
1969,g1pre,A/RL/AL,7,Adrive,-0.12158811921675969
1970,g1pre,A/RL/AL,7,Adrive,0.05149409840401443
1971,g1pre,A/RL/AL,7,Adrive,0.03982414992755419
1972,g1pre,A/RL/AL,7,Adrive,0.2252059920589313
1973,g1pre,A/RL/AL,7,Adrive,0.26653012668915
1974,g1pre,A/RL/AL,7,Adrive,-0.11069905841964053
1975,g1pre,A/RL/AL,7,Adrive,0.07503855633581903
1976,g1pre,A/RL/AL,7,Adrive,0.4143327889463674
1977,g1pre,A/RL/AL,7,Adrive,-0.04349139390087942
1978,g1pre,A/RL/AL,0,Motordrive,-0.019480527407329532
1979,g1pre,A/RL/AL,0,Motordrive,-0.06209836059296363
1980,g1pre,A/RL/AL,0,Motordrive,-0.008144406079115428
1981,g1pre,A/RL/AL,0,Motordrive,0.03142809770831645
1982,g1pre,A/RL/AL,0,Motordrive,-0.06172978521301494
1983,g1pre,A/RL/AL,0,Motordrive,0.08359396047010118
1984,g1pre,A/RL/AL,0,Motordrive,0.016519408853791034
1985,g1pre,A/RL/AL,0,Motordrive,-0.007951802264047755
1986,g1pre,A/RL/AL,0,Motordrive,0.11494667783702804
1987,g1pre,A/RL/AL,0,Motordrive,-0.0008636761355804086
1988,g1pre,A/RL/AL,0,Motordrive,0.03831344467139811
1989,g1pre,A/RL/AL,0,Motordrive,-0.09062244216640075
1990,g1pre,A/RL/AL,0,Motordrive,0.16666468541928622
1991,g1pre,A/RL/AL,0,Motordrive,-0.1159382947945918
1992,g1pre,A/RL/AL,0,Motordrive,0.14663872434596123
1993,g1pre,A/RL/AL,0,Motordrive,0.2939128554098219
1994,g1pre,A/RL/AL,0,Motordrive,0.14149383945200297
1995,g1pre,A/RL/AL,0,Motordrive,0.018984807827613744
1996,g1pre,A/RL/AL,0,Motordrive,0.1013565246173711
1997,g1pre,A/RL/AL,0,Motordrive,0.06136034265013798
1998,g1pre,A/RL/AL,0,Motordrive,0.12981820089233287
1999,g1pre,A/RL/AL,0,Motordrive,0.005576708513102847
2000,g1pre,A/RL/AL,0,Motordrive,-0.012810496657126164
2001,g1pre,A/RL/AL,0,Motordrive,0.03811210068766148
2002,g1pre,A/RL/AL,0,Motordrive,0.16958137733530698
2003,g1pre,A/RL/AL,0,Motordrive,0.039790032990617105
2004,g1pre,A/RL/AL,0,Motordrive,0.11928835409256137
2005,g1pre,A/RL/AL,0,Motordrive,-0.026293080734346667
2006,g1pre,A/RL/AL,0,Motordrive,-0.01033961406154709
2007,g1pre,A/RL/AL,0,Motordrive,-0.023307979103320647
2008,g1pre,A/RL/AL,0,Motordrive,0.03411943563209256
2009,g1pre,A/RL/AL,0,Motordrive,0.08773207775663533
2010,g1pre,A/RL/AL,0,Motordrive,0.04269625680540835
2011,g1pre,A/RL/AL,0,Motordrive,-0.05109158903922409
2012,g1pre,A/RL/AL,0,Motordrive,-0.07245017823807665
2013,g1pre,A/RL/AL,0,Motordrive,0.20234439010135985
2014,g1pre,A/RL/AL,0,Motordrive,0.0006757461765817218
2015,g1pre,A/RL/AL,0,Motordrive,-0.009157456790141467
2016,g1pre,A/RL/AL,0,Motordrive,0.1959987957465974
2017,g1pre,A/RL/AL,0,Motordrive,0.08217405969686024
2018,g1pre,A/RL/AL,0,Motordrive,0.10491897686791928
2019,g1pre,A/RL/AL,0,Motordrive,0.008274592465575692
2020,g1pre,A/RL/AL,0,Motordrive,0.017356033409226233
2021,g1pre,A/RL/AL,0,Motordrive,0.04046257137729252
2022,g1pre,A/RL/AL,0,Motordrive,-0.02744319748851906
2023,g1pre,A/RL/AL,0,Motordrive,0.07180459958888497
2024,g1pre,A/RL/AL,0,Motordrive,0.08765033902906484
2025,g1pre,A/RL/AL,0,Motordrive,-0.18630894097182704
2026,g1pre,A/RL/AL,0,Motordrive,0.04987755645267051
2027,g1pre,A/RL/AL,0,Motordrive,0.16372221938451886
2028,g1pre,A/RL/AL,0,Motordrive,0.163542810436186
2029,g1pre,A/RL/AL,0,Motordrive,-0.03525659847774427
2030,g1pre,A/RL/AL,0,Motordrive,0.13238804431454249
2031,g1pre,A/RL/AL,0,Motordrive,0.029203699346654736
2032,g1pre,A/RL/AL,0,Motordrive,0.03972066776407761
2033,g1pre,A/RL/AL,0,Motordrive,0.03359860583682446
2034,g1pre,A/RL/AL,0,Motordrive,0.06473817980415955
2035,g1pre,A/RL/AL,0,Motordrive,0.12856046255301462
2036,g1pre,A/RL/AL,0,Motordrive,0.1721174590482702
2037,g1pre,A/RL/AL,0,Motordrive,0.0489050881745047
2038,g1pre,A/RL/AL,0,Motordrive,-0.19975257965856258
2039,g1pre,A/RL/AL,0,Motordrive,0.04188800793981515
2040,g1pre,A/RL/AL,0,Motordrive,-0.0881737196163669
2041,g1pre,A/RL/AL,0,Motordrive,0.12153950896951542
2042,g1pre,A/RL/AL,0,Motordrive,0.061319324524727666
2043,g1pre,A/RL/AL,0,Motordrive,-0.04343183132336776
2044,g1pre,A/RL/AL,0,Motordrive,0.050916958448283346
2045,g1pre,A/RL/AL,0,Motordrive,0.31155196707911287
2046,g1pre,A/RL/AL,0,Motordrive,0.2073365059350029
2047,g1pre,A/RL/AL,0,Motordrive,0.2012427649147101
2048,g1pre,A/RL/AL,0,Motordrive,-0.06745676217706233
2049,g1pre,A/RL/AL,0,Motordrive,0.16757001839658764
2050,g1pre,A/RL/AL,0,Motordrive,0.21192340696221035
2051,g1pre,A/RL/AL,0,Motordrive,0.04611982280722528
2052,g1pre,A/RL/AL,0,Motordrive,0.13462957117841753
2053,g1pre,A/RL/AL,0,Motordrive,0.10424148356241976
2054,g1pre,A/RL/AL,0,Motordrive,0.1645771460295013
2055,g1pre,A/RL/AL,0,Motordrive,0.2329421418396412
2056,g1pre,A/RL/AL,0,Motordrive,0.09846036704920279
2057,g1pre,A/RL/AL,0,Motordrive,0.2935123556896545
2058,g1pre,A/RL/AL,0,Motordrive,-0.013834057707866661
2059,g1pre,A/RL/AL,0,Motordrive,-0.039640711918907584
2060,g1pre,A/RL/AL,0,Motordrive,-0.1777118286921655
2061,g1pre,A/RL/AL,0,Motordrive,0.17264549260715165
2062,g1pre,A/RL/AL,0,Motordrive,0.08128880925951228
2063,g1pre,A/RL/AL,0,Motordrive,-0.11256713453440176
2064,g1pre,A/RL/AL,0,Motordrive,0.11056949636486454
2065,g1pre,A/RL/AL,0,Motordrive,0.06618596088599123
2066,g1pre,A/RL/AL,0,Motordrive,0.036052477468131824
2067,g1pre,A/RL/AL,0,Motordrive,0.2870404095170289
2068,g1pre,A/RL/AL,0,Motordrive,0.19059391991057545
2069,g1pre,A/RL/AL,0,Motordrive,-0.08144106861579792
2070,g1pre,A/RL/AL,0,Motordrive,0.04044845341853086
2071,g1pre,A/RL/AL,0,Motordrive,0.04373745190106708
2072,g1pre,A/RL/AL,0,Motordrive,0.21868842068511793
2073,g1pre,A/RL/AL,0,Motordrive,-0.046859968250929133
2074,g1pre,A/RL/AL,0,Motordrive,0.014327100345574429
2075,g1pre,A/RL/AL,0,Motordrive,-0.01588191506840264
2076,g1pre,A/RL/AL,0,Motordrive,0.2157837251705143
2077,g1pre,A/RL/AL,0,Motordrive,-0.0013616847284107399
2078,g1pre,A/RL/AL,0,Motordrive,0.022010585913939857
2079,g1pre,A/RL/AL,0,Motordrive,-0.03972871501228665
2080,g1pre,A/RL/AL,0,Motordrive,0.00996217605231702
2081,g1pre,A/RL/AL,0,Motordrive,0.026456324693001885
2082,g1pre,A/RL/AL,0,Motordrive,0.09444245933292247
2083,g1pre,A/RL/AL,0,Motordrive,0.07637417038366075
2084,g1pre,A/RL/AL,0,Motordrive,0.21503142807253026
2085,g1pre,A/RL/AL,0,Motordrive,-0.13498156121150673
2086,g1pre,A/RL/AL,0,Motordrive,0.04477569884963176
2087,g1pre,A/RL/AL,0,Motordrive,0.23748862734075327
2088,g1pre,A/RL/AL,0,Motordrive,0.2557179826803575
2089,g1pre,A/RL/AL,0,Motordrive,0.1326992759142655
2090,g1pre,A/RL/AL,0,Motordrive,0.11886989632446596
2091,g1pre,A/RL/AL,0,Motordrive,0.20984799486871186
2092,g1pre,A/RL/AL,0,Motordrive,-0.09619030128687067
2093,g1pre,A/RL/AL,0,Motordrive,-0.08601384641282073
2094,g1pre,A/RL/AL,1,Motordrive,0.1249949946543533
2095,g1pre,A/RL/AL,1,Motordrive,0.05836921810974525
2096,g1pre,A/RL/AL,1,Motordrive,0.11012429560870476
2097,g1pre,A/RL/AL,1,Motordrive,0.019381942837837753
2098,g1pre,A/RL/AL,1,Motordrive,-0.02703218432330611
2099,g1pre,A/RL/AL,1,Motordrive,0.20176325849694446
2100,g1pre,A/RL/AL,1,Motordrive,0.0606827550937272
2101,g1pre,A/RL/AL,1,Motordrive,0.022086260746109913
2102,g1pre,A/RL/AL,1,Motordrive,0.06118510029922427
2103,g1pre,A/RL/AL,1,Motordrive,0.11781274360948821
2104,g1pre,A/RL/AL,1,Motordrive,0.01259462774474456
2105,g1pre,A/RL/AL,1,Motordrive,0.10612471236344866
2106,g1pre,A/RL/AL,1,Motordrive,0.02739774326692896
2107,g1pre,A/RL/AL,1,Motordrive,-0.023760586992706372
2108,g1pre,A/RL/AL,1,Motordrive,0.07361622179634994
2109,g1pre,A/RL/AL,1,Motordrive,0.14973902046947063
2110,g1pre,A/RL/AL,1,Motordrive,0.00890615990639171
2111,g1pre,A/RL/AL,1,Motordrive,-0.03488338083035987
2112,g1pre,A/RL/AL,1,Motordrive,-0.014189320829868218
2113,g1pre,A/RL/AL,1,Motordrive,0.030048099104102007
2114,g1pre,A/RL/AL,1,Motordrive,-0.037659231559062284
2115,g1pre,A/RL/AL,1,Motordrive,0.1442594356532346
2116,g1pre,A/RL/AL,1,Motordrive,0.13124641258490338
2117,g1pre,A/RL/AL,1,Motordrive,0.10756404831204153
2118,g1pre,A/RL/AL,1,Motordrive,-0.020364966665961368
2119,g1pre,A/RL/AL,1,Motordrive,0.01753605219284232
2120,g1pre,A/RL/AL,1,Motordrive,-0.12155834486115104
2121,g1pre,A/RL/AL,1,Motordrive,-0.07220488561083258
2122,g1pre,A/RL/AL,1,Motordrive,0.1346253996128835
2123,g1pre,A/RL/AL,1,Motordrive,-0.054222169162777986
2124,g1pre,A/RL/AL,1,Motordrive,0.03632585289822455
2125,g1pre,A/RL/AL,1,Motordrive,0.07079572121048558
2126,g1pre,A/RL/AL,1,Motordrive,0.21041863599095298
2127,g1pre,A/RL/AL,1,Motordrive,0.01783973000600241
2128,g1pre,A/RL/AL,1,Motordrive,-0.04768915319930206
2129,g1pre,A/RL/AL,1,Motordrive,-0.03673332889926984
2130,g1pre,A/RL/AL,1,Motordrive,0.01220967510359034
2131,g1pre,A/RL/AL,1,Motordrive,-0.11657346924184324
2132,g1pre,A/RL/AL,1,Motordrive,-0.04250705613099854
2133,g1pre,A/RL/AL,1,Motordrive,0.1293629973779886
2134,g1pre,A/RL/AL,1,Motordrive,-0.08087111320196447
2135,g1pre,A/RL/AL,1,Motordrive,0.20066809803851085
2136,g1pre,A/RL/AL,1,Motordrive,0.05242724768629039
2137,g1pre,A/RL/AL,1,Motordrive,0.021695353292727284
2138,g1pre,A/RL/AL,1,Motordrive,0.13976079060375968
2139,g1pre,A/RL/AL,1,Motordrive,-0.1509491062639821
2140,g1pre,A/RL/AL,1,Motordrive,0.23758727235351587
2141,g1pre,A/RL/AL,1,Motordrive,-0.04877467939180114
2142,g1pre,A/RL/AL,1,Motordrive,-0.026121014626639516
2143,g1pre,A/RL/AL,1,Motordrive,0.11244325017085952
2144,g1pre,A/RL/AL,1,Motordrive,0.02605670238762816
2145,g1pre,A/RL/AL,1,Motordrive,-0.09780835384270055
2146,g1pre,A/RL/AL,1,Motordrive,0.01031582773006212
2147,g1pre,A/RL/AL,1,Motordrive,-0.03534299011296392
2148,g1pre,A/RL/AL,1,Motordrive,0.06685511914244364
2149,g1pre,A/RL/AL,1,Motordrive,-0.098568644005894
2150,g1pre,A/RL/AL,1,Motordrive,-0.01169039759637728
2151,g1pre,A/RL/AL,1,Motordrive,-0.039406197763127204
2152,g1pre,A/RL/AL,1,Motordrive,0.05144149648295353
2153,g1pre,A/RL/AL,1,Motordrive,-0.023358298467974065
2154,g1pre,A/RL/AL,1,Motordrive,-0.03361849567128066
2155,g1pre,A/RL/AL,1,Motordrive,0.17448698861589487
2156,g1pre,A/RL/AL,1,Motordrive,0.03484446749206618
2157,g1pre,A/RL/AL,1,Motordrive,0.054491715379552406
2158,g1pre,A/RL/AL,1,Motordrive,0.150263273372198
2159,g1pre,A/RL/AL,1,Motordrive,0.015312113730043498
2160,g1pre,A/RL/AL,1,Motordrive,0.030173636375981937
2161,g1pre,A/RL/AL,1,Motordrive,0.0720786480214217
2162,g1pre,A/RL/AL,1,Motordrive,-0.06879423296454282
2163,g1pre,A/RL/AL,1,Motordrive,-0.061532249649280404
2164,g1pre,A/RL/AL,1,Motordrive,0.03296709660643196
2165,g1pre,A/RL/AL,2,Motordrive,-0.043252521470848314
2166,g1pre,A/RL/AL,2,Motordrive,-0.00011643668941144599
2167,g1pre,A/RL/AL,2,Motordrive,0.04800181786564951
2168,g1pre,A/RL/AL,2,Motordrive,0.022030917767624288
2169,g1pre,A/RL/AL,2,Motordrive,-0.021446147311466594
2170,g1pre,A/RL/AL,2,Motordrive,-0.004853703218211652
2171,g1pre,A/RL/AL,2,Motordrive,0.055755002011707806
2172,g1pre,A/RL/AL,2,Motordrive,0.024038516257138716
2173,g1pre,A/RL/AL,2,Motordrive,0.041037588635531565
2174,g1pre,A/RL/AL,2,Motordrive,0.010477691259768933
2175,g1pre,A/RL/AL,2,Motordrive,0.031570451569367046
2176,g1pre,A/RL/AL,2,Motordrive,0.04126086112540052
2177,g1pre,A/RL/AL,2,Motordrive,0.07977517864184867
2178,g1pre,A/RL/AL,2,Motordrive,0.012484019777200216
2179,g1pre,A/RL/AL,2,Motordrive,0.03205700226329434
2180,g1pre,A/RL/AL,2,Motordrive,-0.017350217858833103
2181,g1pre,A/RL/AL,2,Motordrive,0.001274239024307541
2182,g1pre,A/RL/AL,2,Motordrive,0.03187723265520827
2183,g1pre,A/RL/AL,2,Motordrive,0.061024574035892835
2184,g1pre,A/RL/AL,2,Motordrive,-0.03357608353584918
2185,g1pre,A/RL/AL,2,Motordrive,-0.025000502522370682
2186,g1pre,A/RL/AL,2,Motordrive,0.008191282738166899
2187,g1pre,A/RL/AL,2,Motordrive,0.012124703564472383
2188,g1pre,A/RL/AL,2,Motordrive,-0.009533540595415009
2189,g1pre,A/RL/AL,2,Motordrive,0.04859648492062824
2190,g1pre,A/RL/AL,2,Motordrive,0.09083030007994441
2191,g1pre,A/RL/AL,2,Motordrive,0.09827878350083187
2192,g1pre,A/RL/AL,3,Motordrive,0.01964018277188347
2193,g1pre,A/RL/AL,3,Motordrive,0.06356436297935568
2194,g1pre,A/RL/AL,3,Motordrive,-0.056409829338996124
2195,g1pre,A/RL/AL,3,Motordrive,0.11830176555179135
2196,g1pre,A/RL/AL,3,Motordrive,0.05453758330519594
2197,g1pre,A/RL/AL,3,Motordrive,0.14864698642415933
2198,g1pre,A/RL/AL,3,Motordrive,0.007602991940647671
2199,g1pre,A/RL/AL,3,Motordrive,0.09022138800814154
2200,g1pre,A/RL/AL,3,Motordrive,-0.006047253731886321
2201,g1pre,A/RL/AL,3,Motordrive,0.048827308042690316
2202,g1pre,A/RL/AL,3,Motordrive,0.04124191210468526
2203,g1pre,A/RL/AL,3,Motordrive,0.05856416091201699
2204,g1pre,A/RL/AL,3,Motordrive,0.04820288568804029
2205,g1pre,A/RL/AL,3,Motordrive,0.07452763305248718
2206,g1pre,A/RL/AL,3,Motordrive,0.030271171459082823
2207,g1pre,A/RL/AL,3,Motordrive,0.0209321869777599
2208,g1pre,A/RL/AL,3,Motordrive,0.05060118941722449
2209,g1pre,A/RL/AL,3,Motordrive,0.04236055950277248
2210,g1pre,A/RL/AL,3,Motordrive,0.10344956926628507
2211,g1pre,A/RL/AL,3,Motordrive,0.039710040228038146
2212,g1pre,A/RL/AL,3,Motordrive,0.06265180231402183
2213,g1pre,A/RL/AL,3,Motordrive,0.06690717901616251
2214,g1pre,A/RL/AL,3,Motordrive,0.08553043431962269
2215,g1pre,A/RL/AL,3,Motordrive,0.06400730128339649
2216,g1pre,A/RL/AL,3,Motordrive,0.0982647678427087
2217,g1pre,A/RL/AL,3,Motordrive,0.11333257609322804
2218,g1pre,A/RL/AL,3,Motordrive,-0.005002314963404759
2219,g1pre,A/RL/AL,3,Motordrive,0.1661835527458147
2220,g1pre,A/RL/AL,3,Motordrive,0.07530744835303024
2221,g1pre,A/RL/AL,3,Motordrive,-0.12613031756122733
2222,g1pre,A/RL/AL,3,Motordrive,0.09097073782608035
2223,g1pre,A/RL/AL,3,Motordrive,-0.05699473825977996
2224,g1pre,A/RL/AL,3,Motordrive,0.09220792106430138
2225,g1pre,A/RL/AL,3,Motordrive,0.08839087855967888
2226,g1pre,A/RL/AL,3,Motordrive,0.04439609143778652
2227,g1pre,A/RL/AL,3,Motordrive,0.09234266330168707
2228,g1pre,A/RL/AL,3,Motordrive,0.0645825255604778
2229,g1pre,A/RL/AL,3,Motordrive,0.08344686673172926
2230,g1pre,A/RL/AL,3,Motordrive,0.13272658183649338
2231,g1pre,A/RL/AL,3,Motordrive,0.02335654171119948
2232,g1pre,A/RL/AL,3,Motordrive,0.06531808580546937
2233,g1pre,A/RL/AL,3,Motordrive,-0.0104470035108499
2234,g1pre,A/RL/AL,3,Motordrive,0.05573868075437777
2235,g1pre,A/RL/AL,3,Motordrive,0.05177001173745325
2236,g1pre,A/RL/AL,3,Motordrive,0.03925287982103354
2237,g1pre,A/RL/AL,4,Motordrive,0.03350940408002996
2238,g1pre,A/RL/AL,4,Motordrive,0.015555916531346177
2239,g1pre,A/RL/AL,4,Motordrive,0.017594330429681608
2240,g1pre,A/RL/AL,4,Motordrive,0.008042542111916856
2241,g1pre,A/RL/AL,4,Motordrive,0.10942227096045694
2242,g1pre,A/RL/AL,4,Motordrive,0.04944629474426587
2243,g1pre,A/RL/AL,4,Motordrive,-0.018311993713023708
2244,g1pre,A/RL/AL,4,Motordrive,0.06445372786650763
2245,g1pre,A/RL/AL,4,Motordrive,-0.04299421682977991
2246,g1pre,A/RL/AL,4,Motordrive,0.056908936801829756
2247,g1pre,A/RL/AL,4,Motordrive,0.11020750750988184
2248,g1pre,A/RL/AL,4,Motordrive,0.004709188339398823
2249,g1pre,A/RL/AL,4,Motordrive,0.10629337387551022
2250,g1pre,A/RL/AL,4,Motordrive,-0.13269811467844478
2251,g1pre,A/RL/AL,4,Motordrive,0.07337482266189961
2252,g1pre,A/RL/AL,4,Motordrive,0.096838887223891
2253,g1pre,A/RL/AL,4,Motordrive,0.03633821370528171
2254,g1pre,A/RL/AL,4,Motordrive,-0.028856708596295407
2255,g1pre,A/RL/AL,4,Motordrive,0.1824730703302122
2256,g1pre,A/RL/AL,4,Motordrive,0.0833779366806314
2257,g1pre,A/RL/AL,4,Motordrive,-0.08240937873331222
2258,g1pre,A/RL/AL,4,Motordrive,-0.09206238019729361
2259,g1pre,A/RL/AL,4,Motordrive,0.0186491828118332
2260,g1pre,A/RL/AL,4,Motordrive,0.0952549649018502
2261,g1pre,A/RL/AL,4,Motordrive,-0.0789111766477725
2262,g1pre,A/RL/AL,4,Motordrive,0.014513878672459176
2263,g1pre,A/RL/AL,4,Motordrive,-0.037543487607857993
2264,g1pre,A/RL/AL,4,Motordrive,-0.06353787345590933
2265,g1pre,A/RL/AL,4,Motordrive,-0.10621805473269193
2266,g1pre,A/RL/AL,4,Motordrive,0.08789837782473306
2267,g1pre,A/RL/AL,4,Motordrive,0.08041361924479769
2268,g1pre,A/RL/AL,4,Motordrive,0.09470852525072676
2269,g1pre,A/RL/AL,4,Motordrive,0.027378993497752916
2270,g1pre,A/RL/AL,4,Motordrive,-0.00978415263457019
2271,g1pre,A/RL/AL,4,Motordrive,0.17207191595759752
2272,g1pre,A/RL/AL,4,Motordrive,0.09295849644073399
2273,g1pre,A/RL/AL,4,Motordrive,0.11800493156114668
2274,g1pre,A/RL/AL,4,Motordrive,0.22557357977915046
2275,g1pre,A/RL/AL,4,Motordrive,-0.14367617505437774
2276,g1pre,A/RL/AL,4,Motordrive,0.0990443303688438
2277,g1pre,A/RL/AL,4,Motordrive,0.0659083325749763
2278,g1pre,A/RL/AL,4,Motordrive,0.06883000508388566
2279,g1pre,A/RL/AL,4,Motordrive,0.11197025129054763
2280,g1pre,A/RL/AL,4,Motordrive,-0.0012570566766164036
2281,g1pre,A/RL/AL,4,Motordrive,0.0956438433152074
2282,g1pre,A/RL/AL,4,Motordrive,0.13337963749457946
2283,g1pre,A/RL/AL,4,Motordrive,0.020174269316697836
2284,g1pre,A/RL/AL,4,Motordrive,0.0793091732116998
2285,g1pre,A/RL/AL,4,Motordrive,-0.020818347776224787
2286,g1pre,A/RL/AL,4,Motordrive,0.13858737934130072
2287,g1pre,A/RL/AL,4,Motordrive,0.013402484035738177
2288,g1pre,A/RL/AL,4,Motordrive,-0.0832514381031778
2289,g1pre,A/RL/AL,4,Motordrive,0.06419255460757896
2290,g1pre,A/RL/AL,4,Motordrive,0.048356811742102726
2291,g1pre,A/RL/AL,4,Motordrive,0.060602958599968844
2292,g1pre,A/RL/AL,4,Motordrive,0.06858411184586503
2293,g1pre,A/RL/AL,4,Motordrive,0.02695354917766451
2294,g1pre,A/RL/AL,4,Motordrive,0.1347070796829454
2295,g1pre,A/RL/AL,4,Motordrive,0.1313131912894715
2296,g1pre,A/RL/AL,4,Motordrive,0.09731823435312151
2297,g1pre,A/RL/AL,4,Motordrive,-0.08496651206610037
2298,g1pre,A/RL/AL,4,Motordrive,0.11866348820748593
2299,g1pre,A/RL/AL,4,Motordrive,0.1485669352905013
2300,g1pre,A/RL/AL,4,Motordrive,-0.022253987492987577
2301,g1pre,A/RL/AL,4,Motordrive,0.014246302734136046
2302,g1pre,A/RL/AL,4,Motordrive,-0.0016026007049812616
2303,g1pre,A/RL/AL,4,Motordrive,0.12865804486583238
2304,g1pre,A/RL/AL,4,Motordrive,0.0394950559392973
2305,g1pre,A/RL/AL,4,Motordrive,-0.02589981040503223
2306,g1pre,A/RL/AL,4,Motordrive,0.07163973196693164
2307,g1pre,A/RL/AL,4,Motordrive,0.02159150105549952
2308,g1pre,A/RL/AL,4,Motordrive,0.051113691473437695
2309,g1pre,A/RL/AL,4,Motordrive,0.15151346332715743
2310,g1pre,A/RL/AL,4,Motordrive,-0.06622361854592032
2311,g1pre,A/RL/AL,4,Motordrive,0.04341335475070824
2312,g1pre,A/RL/AL,4,Motordrive,0.0709262665357794
2313,g1pre,A/RL/AL,4,Motordrive,-0.012799480819724053
2314,g1pre,A/RL/AL,4,Motordrive,-0.017666531463606968
2315,g1pre,A/RL/AL,4,Motordrive,0.05479635358426111
2316,g1pre,A/RL/AL,4,Motordrive,0.1000843791908042
2317,g1pre,A/RL/AL,4,Motordrive,0.09062824769067988
2318,g1pre,A/RL/AL,4,Motordrive,0.07039501119949107
2319,g1pre,A/RL/AL,4,Motordrive,0.03317998891061026
2320,g1pre,A/RL/AL,4,Motordrive,0.056795074512373714
2321,g1pre,A/RL/AL,4,Motordrive,0.07869877940532477
2322,g1pre,A/RL/AL,4,Motordrive,0.08933643682996366
2323,g1pre,A/RL/AL,4,Motordrive,-0.001129511939129148
2324,g1pre,A/RL/AL,4,Motordrive,0.0350148067183138
2325,g1pre,A/RL/AL,4,Motordrive,0.039117270848106706
2326,g1pre,A/RL/AL,4,Motordrive,0.04916369785425658
2327,g1pre,A/RL/AL,4,Motordrive,-0.04953566470234794
2328,g1pre,A/RL/AL,5,Motordrive,-0.04394771720540434
2329,g1pre,A/RL/AL,5,Motordrive,-0.03588324492103647
2330,g1pre,A/RL/AL,6,Motordrive,-0.00737194597474626
2331,g1pre,A/RL/AL,6,Motordrive,-0.004167801998489514
2332,g1pre,A/RL/AL,6,Motordrive,0.08556123807512259
2333,g1pre,A/RL/AL,6,Motordrive,-0.02950919490901518
2334,g1pre,A/RL/AL,6,Motordrive,-0.0017545291549542316
2335,g1pre,A/RL/AL,6,Motordrive,0.024378725779592846
2336,g1pre,A/RL/AL,6,Motordrive,-0.014871928627396253
2337,g1pre,A/RL/AL,6,Motordrive,-0.05116001194842874
2338,g1pre,A/RL/AL,6,Motordrive,-0.05887230689087076
2339,g1pre,A/RL/AL,6,Motordrive,0.056356308243546926
2340,g1pre,A/RL/AL,6,Motordrive,0.05015862388110693
2341,g1pre,A/RL/AL,6,Motordrive,-0.016406661434050705
2342,g1pre,A/RL/AL,6,Motordrive,-0.009408072695412087
2343,g1pre,A/RL/AL,6,Motordrive,0.05854343696406577
2344,g1pre,A/RL/AL,6,Motordrive,0.10975397477927513
2345,g1pre,A/RL/AL,6,Motordrive,-0.033480933502960296
2346,g1pre,A/RL/AL,6,Motordrive,-0.011108819031431212
2347,g1pre,A/RL/AL,6,Motordrive,0.008474654656964406
2348,g1pre,A/RL/AL,6,Motordrive,-0.08081471745920804
2349,g1pre,A/RL/AL,6,Motordrive,0.01692011535929026
2350,g1pre,A/RL/AL,6,Motordrive,0.15395614437197785
2351,g1pre,A/RL/AL,6,Motordrive,0.002861697756725454
2352,g1pre,A/RL/AL,6,Motordrive,-0.003099539699530629
2353,g1pre,A/RL/AL,6,Motordrive,-0.012310927734612067
2354,g1pre,A/RL/AL,6,Motordrive,0.01743821474287248
2355,g1pre,A/RL/AL,6,Motordrive,0.15239450838709928
2356,g1pre,A/RL/AL,6,Motordrive,0.07604420834706901
2357,g1pre,A/RL/AL,6,Motordrive,0.03312765945349223
2358,g1pre,A/RL/AL,6,Motordrive,0.029950690084159213
2359,g1pre,A/RL/AL,6,Motordrive,-0.039077103946907346
2360,g1pre,A/RL/AL,6,Motordrive,0.06973101071839223
2361,g1pre,A/RL/AL,6,Motordrive,-0.01006640466473984
2362,g1pre,A/RL/AL,6,Motordrive,0.16181558102857566
2363,g1pre,A/RL/AL,6,Motordrive,0.09951339560949599
2364,g1pre,A/RL/AL,6,Motordrive,-0.03194162644763801
2365,g1pre,A/RL/AL,6,Motordrive,0.014774161228580492
2366,g1pre,A/RL/AL,6,Motordrive,-0.03667311295021699
2367,g1pre,A/RL/AL,6,Motordrive,0.005719358858966978
2368,g1pre,A/RL/AL,6,Motordrive,0.023158502627845582
2369,g1pre,A/RL/AL,7,Motordrive,-0.20060944491181085
2370,g1pre,A/RL/AL,7,Motordrive,0.11166854961983688
2371,g1pre,A/RL/AL,7,Motordrive,-0.25988499123376124
2372,g1pre,A/RL/AL,7,Motordrive,0.10052943001759694
2373,g1pre,A/RL/AL,7,Motordrive,0.11470664275251011
2374,g1pre,A/RL/AL,7,Motordrive,0.16458646159340737
2375,g1pre,A/RL/AL,7,Motordrive,0.12076615096874174
2376,g1pre,A/RL/AL,7,Motordrive,0.27826212664316535
2377,g1pre,A/RL/AL,7,Motordrive,-0.1763927914381627
2378,g1pre,A/RL/AL,7,Motordrive,-0.03878551408913374
2379,g1pre,A/RL/AL,7,Motordrive,0.26763156064533555
2380,g1pre,A/RL/AL,7,Motordrive,-0.09452031211224597
2381,g1pre,A/RL/AL,7,Motordrive,-0.021854919209044046
2382,g1pre,A/RL/AL,7,Motordrive,0.16501711205054892
2383,g1pre,A/RL/AL,7,Motordrive,-0.03770078938052938
2384,g1pre,A/RL/AL,7,Motordrive,-0.02993511107692376
2385,g1pre,A/RL/AL,7,Motordrive,-0.016639843812187496
2386,g1pre,A/RL/AL,7,Motordrive,0.07696294943879513
2387,g1pre,A/RL/AL,7,Motordrive,-0.15502780248078693
2388,g1pre,A/RL/AL,7,Motordrive,-0.13130279495305755
2389,g1pre,A/RL/AL,7,Motordrive,0.05840353206699196
2390,g1pre,A/RL/AL,7,Motordrive,0.18310529967138922
2391,g1pre,A/RL/AL,7,Motordrive,-0.18185527274282293
2392,g1pre,A/RL/AL,7,Motordrive,0.05977184953400943
2393,g1pre,A/RL/AL,7,Motordrive,0.08909874851490024
2394,g1pre,A/RL/AL,7,Motordrive,-0.1363784668434113
2395,g1pre,A/RL/AL,7,Motordrive,-0.08435508298287778
2396,g1pre,A/RL/AL,7,Motordrive,-0.10743353300166177
2397,g1pre,A/RL/AL,7,Motordrive,0.09508110136394587
2398,g1pre,A/RL/AL,7,Motordrive,-0.04670353085545051
2399,g1pre,A/RL/AL,7,Motordrive,-0.048249149999516454
2400,g1pre,LM,3,Adrive,0.055194861895747516
2401,g1pre,LM,3,Adrive,0.01514225223383596
2402,g1pre,LM,3,Adrive,0.04458351374649891
2403,g1pre,LM,3,Adrive,-0.01073462331790432
2404,g1pre,LM,3,Adrive,-0.011714470439926962
2405,g1pre,LM,3,Adrive,-0.05860462228557882
2406,g1pre,LM,3,Adrive,-0.027949305633551566
2407,g1pre,LM,3,Adrive,-0.04662914422068147
2408,g1pre,LM,3,Adrive,-0.06028376834089408
2409,g1pre,LM,3,Adrive,0.0520213995192062
2410,g1pre,LM,3,Adrive,0.05981835427807431
2411,g1pre,LM,3,Adrive,-0.030711337366062998
2412,g1pre,LM,3,Adrive,0.037572190736076434
2413,g1pre,LM,3,Adrive,0.042802904140328155
2414,g1pre,LM,3,Adrive,-0.01983506362530394
2415,g1pre,LM,3,Adrive,-0.0041328987593300575
2416,g1pre,LM,3,Adrive,-0.03048650240764594
2417,g1pre,LM,3,Adrive,0.08277828087997759
2418,g1pre,LM,3,Adrive,-0.043546128606416094
2419,g1pre,LM,6,Adrive,-0.12503178346008872
2420,g1pre,LM,6,Adrive,-0.04537565247638267
2421,g1pre,LM,6,Adrive,-0.05733616743927449
2422,g1pre,LM,6,Adrive,0.11582502463121316
2423,g1pre,LM,6,Adrive,0.034888716890041076
2424,g1pre,LM,6,Adrive,0.044570242521500734
2425,g1pre,LM,6,Adrive,-0.000352247347467598
2426,g1pre,LM,6,Adrive,0.012656261974768294
2427,g1pre,LM,6,Adrive,0.04115863578819095
2428,g1pre,LM,6,Adrive,-0.04533390071865286
2429,g1pre,LM,6,Adrive,0.07016211739444188
2430,g1pre,LM,6,Adrive,0.0028206112382877895
2431,g1pre,LM,6,Adrive,0.028509223631741888
2432,g1pre,LM,6,Adrive,-0.013107734959859342
2433,g1pre,LM,6,Adrive,-0.10829105309501193
2434,g1pre,LM,6,Adrive,-0.008788098215382682
2435,g1pre,LM,6,Adrive,0.14819712601118049
2436,g1pre,LM,6,Adrive,-0.032742004361790755
2437,g1pre,LM,6,Adrive,0.030359781826526093
2438,g1pre,LM,6,Adrive,-0.0356531172436669
2439,g1pre,LM,6,Adrive,0.07561814524921807
2440,g1pre,LM,6,Adrive,-0.0417376131008674
2441,g1pre,LM,6,Adrive,0.02416240022620664
2442,g1pre,LM,6,Adrive,0.0811286885530015
2443,g1pre,LM,6,Adrive,-0.14441379926646733
2444,g1pre,LM,6,Adrive,0.08893137725556333
2445,g1pre,LM,6,Adrive,0.0013837263384636322
2446,g1pre,LM,6,Adrive,0.07917620811525491
2447,g1pre,LM,6,Adrive,-0.08140380257520896
2448,g1pre,LM,6,Adrive,-0.07684299342061778
2449,g1pre,LM,6,Adrive,-0.04075881886383234
2450,g1pre,LM,6,Adrive,0.026148359689871944
2451,g1pre,LM,6,Adrive,0.07055055772227607
2452,g1pre,LM,6,Adrive,-0.02330349721786006
2453,g1pre,LM,6,Adrive,0.08787060903524554
2454,g1pre,LM,6,Adrive,0.09876654101186484
2455,g1pre,LM,6,Adrive,0.14376009601192807
2456,g1pre,LM,3,Motordrive,0.0855225368939849
2457,g1pre,LM,3,Motordrive,0.09310326411095764
2458,g1pre,LM,3,Motordrive,-0.0284459465669981
2459,g1pre,LM,3,Motordrive,0.11037945704716869
2460,g1pre,LM,3,Motordrive,0.08296523303173707
2461,g1pre,LM,3,Motordrive,0.13320977390988303
2462,g1pre,LM,3,Motordrive,0.06329562114852798
2463,g1pre,LM,3,Motordrive,0.10741798414088577
2464,g1pre,LM,3,Motordrive,0.07901614687703509
2465,g1pre,LM,3,Motordrive,0.072681007400215
2466,g1pre,LM,3,Motordrive,0.06586520565668179
2467,g1pre,LM,3,Motordrive,0.04989139656771723
2468,g1pre,LM,3,Motordrive,0.10486901135729138
2469,g1pre,LM,3,Motordrive,0.12464658068182377
2470,g1pre,LM,3,Motordrive,0.060443291410826765
2471,g1pre,LM,3,Motordrive,0.11117633466037291
2472,g1pre,LM,3,Motordrive,0.10557063148676471
2473,g1pre,LM,3,Motordrive,0.03189366763658754
2474,g1pre,LM,3,Motordrive,0.08529754321501497
2475,g1pre,LM,6,Motordrive,0.0478235444705813
2476,g1pre,LM,6,Motordrive,-0.040612894278651335
2477,g1pre,LM,6,Motordrive,0.09940448036771721
2478,g1pre,LM,6,Motordrive,-0.10873540627515903
2479,g1pre,LM,6,Motordrive,0.03501736134836587
2480,g1pre,LM,6,Motordrive,0.1553749276856145
2481,g1pre,LM,6,Motordrive,0.010421717144329488
2482,g1pre,LM,6,Motordrive,0.025611365965508195
2483,g1pre,LM,6,Motordrive,-0.007541589488299901
2484,g1pre,LM,6,Motordrive,-0.003064691680171889
2485,g1pre,LM,6,Motordrive,-0.017034124473929758
2486,g1pre,LM,6,Motordrive,0.05135769425973084
2487,g1pre,LM,6,Motordrive,-0.05726213783231664
2488,g1pre,LM,6,Motordrive,0.0017905997114056357
2489,g1pre,LM,6,Motordrive,0.08329467902113831
2490,g1pre,LM,6,Motordrive,-0.010964613114706704
2491,g1pre,LM,6,Motordrive,-0.04047063759305896
2492,g1pre,LM,6,Motordrive,-0.02205357928168665
2493,g1pre,LM,6,Motordrive,0.014376156911262686
2494,g1pre,LM,6,Motordrive,0.05263318117882031
2495,g1pre,LM,6,Motordrive,-0.033679585357096795
2496,g1pre,LM,6,Motordrive,0.06137080918960648
2497,g1pre,LM,6,Motordrive,0.005307186197455877
2498,g1pre,LM,6,Motordrive,0.08797794288531514
2499,g1pre,LM,6,Motordrive,0.07732217504680675
2500,g1pre,LM,6,Motordrive,0.030771070910829906
2501,g1pre,LM,6,Motordrive,0.01602161294880671
2502,g1pre,LM,6,Motordrive,0.10402278140215218
2503,g1pre,LM,6,Motordrive,0.0006852555368347305
2504,g1pre,LM,6,Motordrive,0.07107723768554931
2505,g1pre,LM,6,Motordrive,0.08036292952984994
2506,g1pre,LM,6,Motordrive,0.006944143287593419
2507,g1pre,LM,6,Motordrive,0.028500260073456428
2508,g1pre,LM,6,Motordrive,-0.041677379534747976
2509,g1pre,LM,6,Motordrive,-0.0576340056159819
2510,g1pre,LM,6,Motordrive,-0.015861718508828497
2511,g1pre,LM,6,Motordrive,-0.014464189077503638
2512,g1post,V1,2,Adrive,0.0621312389520713
2513,g1post,V1,2,Adrive,0.2547151062475455
2514,g1post,V1,2,Adrive,0.2957737114105095
2515,g1post,V1,2,Adrive,0.24189888299868814
2516,g1post,V1,2,Adrive,0.2572597297847986
2517,g1post,V1,2,Adrive,0.1974545697545612
2518,g1post,V1,2,Adrive,0.014186624542788174
2519,g1post,V1,2,Adrive,0.028962634697396985
2520,g1post,V1,2,Adrive,0.12360060892942328
2521,g1post,V1,2,Adrive,0.14572802442794272
2522,g1post,V1,2,Adrive,0.030531084132379958
2523,g1post,V1,2,Adrive,-0.03985098451952268
2524,g1post,V1,2,Adrive,-0.030359294463099824
2525,g1post,V1,2,Adrive,0.1502850400509102
2526,g1post,V1,2,Adrive,0.09415796989799831
2527,g1post,V1,2,Adrive,0.10267644537155733
2528,g1post,V1,2,Adrive,-0.13737149176911534
2529,g1post,V1,2,Adrive,0.07768765178536563
2530,g1post,V1,2,Adrive,0.07834704659816388
2531,g1post,V1,2,Adrive,-0.12986331174822768
2532,g1post,V1,2,Adrive,-0.044888992333709715
2533,g1post,V1,2,Adrive,0.1433308214108144
2534,g1post,V1,2,Adrive,-5.5472756803502665e-05
2535,g1post,V1,2,Adrive,-0.16257031596866303
2536,g1post,V1,2,Adrive,-0.05157429732412687
2537,g1post,V1,2,Adrive,0.17973730521488937
2538,g1post,V1,2,Adrive,0.13973288219993837
2539,g1post,V1,2,Adrive,0.27261346021059246
2540,g1post,V1,2,Adrive,0.16711356741211944
2541,g1post,V1,2,Adrive,-0.08515886856806398
2542,g1post,V1,2,Adrive,0.07557381013503194
2543,g1post,V1,2,Adrive,-0.11947304411789321
2544,g1post,V1,2,Adrive,0.09962572430944434
2545,g1post,V1,2,Adrive,-0.07125192893449984
2546,g1post,V1,2,Adrive,-0.18683919147356295
2547,g1post,V1,2,Adrive,-0.028681262447859877
2548,g1post,V1,2,Adrive,0.10995864668036859
2549,g1post,V1,2,Adrive,-0.08957785776397699
2550,g1post,V1,2,Adrive,-0.0018163604743620838
2551,g1post,V1,2,Adrive,-0.11405778814636885
2552,g1post,V1,2,Adrive,-0.019067559353732225
2553,g1post,V1,2,Adrive,0.2905702158313806
2554,g1post,V1,2,Adrive,0.16408887350951665
2555,g1post,V1,2,Adrive,0.042033761764793634
2556,g1post,V1,2,Adrive,-0.09327283426697747
2557,g1post,V1,2,Adrive,0.0854239553208582
2558,g1post,V1,2,Adrive,0.45783622308146893
2559,g1post,V1,2,Adrive,0.15676593693264892
2560,g1post,V1,2,Adrive,0.13489157140486085
2561,g1post,V1,2,Adrive,0.24705927101534092
2562,g1post,V1,2,Adrive,0.1974249492584547
2563,g1post,V1,2,Adrive,0.283204708863593
2564,g1post,V1,2,Adrive,0.11971001562405989
2565,g1post,V1,2,Adrive,-0.08572982071679519
2566,g1post,V1,2,Adrive,-0.03490169570083238
2567,g1post,V1,2,Adrive,-0.012871552161193938
2568,g1post,V1,2,Adrive,0.06467991043450283
2569,g1post,V1,2,Adrive,-0.04808648997082075
2570,g1post,V1,2,Adrive,0.022908133935861535
2571,g1post,V1,2,Adrive,0.09127115235750641
2572,g1post,V1,2,Adrive,0.04436561558826619
2573,g1post,V1,2,Adrive,0.08548297244765556
2574,g1post,V1,2,Adrive,0.16366766670577018
2575,g1post,V1,2,Adrive,0.3668785922582135
2576,g1post,V1,2,Adrive,0.15624268434286034
2577,g1post,V1,2,Adrive,0.12342999360560283
2578,g1post,V1,2,Adrive,0.21364854323487176
2579,g1post,V1,2,Adrive,-0.16677212243439307
2580,g1post,V1,2,Adrive,0.1332120073462609
2581,g1post,V1,2,Adrive,-0.16094595699395983
2582,g1post,V1,2,Adrive,0.4193856507615728
2583,g1post,V1,2,Adrive,0.19264809494076512
2584,g1post,V1,2,Adrive,0.13226001828627465
2585,g1post,V1,2,Adrive,0.10206731026843832
2586,g1post,V1,2,Adrive,0.018630306899211087
2587,g1post,V1,2,Adrive,0.19959547347694623
2588,g1post,V1,2,Adrive,0.309467396067142
2589,g1post,V1,2,Adrive,0.15227668402502043
2590,g1post,V1,2,Adrive,-0.10788826835174904
2591,g1post,V1,2,Adrive,0.07486106995078055
2592,g1post,V1,2,Adrive,0.04389186272785421
2593,g1post,V1,2,Adrive,0.02077818303836643
2594,g1post,V1,2,Adrive,0.12418967819985899
2595,g1post,V1,2,Adrive,0.14207974299927184
2596,g1post,V1,2,Adrive,0.08693479247754075
2597,g1post,V1,2,Adrive,0.5346989004430031
2598,g1post,V1,2,Adrive,0.07562019626924098
2599,g1post,V1,2,Adrive,0.1624565373694675
2600,g1post,V1,2,Adrive,0.09945336345324195
2601,g1post,V1,2,Adrive,0.08077680850863274
2602,g1post,V1,2,Adrive,0.17689279358104926
2603,g1post,V1,2,Adrive,0.14423509585175773
2604,g1post,V1,2,Adrive,0.07828754373091627
2605,g1post,V1,2,Adrive,0.16727382520565592
2606,g1post,V1,2,Adrive,0.18569110150811885
2607,g1post,V1,2,Adrive,-0.008154197553477231
2608,g1post,V1,2,Adrive,0.17403524391706804
2609,g1post,V1,2,Adrive,0.04571030972809467
2610,g1post,V1,2,Adrive,0.5388807950992446
2611,g1post,V1,2,Adrive,0.21845356852020892
2612,g1post,V1,2,Adrive,0.24603794041404153
2613,g1post,V1,2,Adrive,0.27845534618477724
2614,g1post,V1,2,Adrive,0.31675106753774607
2615,g1post,V1,2,Adrive,-0.00759380026137683
2616,g1post,V1,2,Adrive,0.1356553880061935
2617,g1post,V1,2,Adrive,0.47219425790323655
2618,g1post,V1,2,Adrive,0.3310663937034926
2619,g1post,V1,2,Adrive,0.29255540107913985
2620,g1post,V1,2,Adrive,0.11760852415631186
2621,g1post,V1,2,Adrive,0.28521011332085483
2622,g1post,V1,2,Adrive,0.06482961301768803
2623,g1post,V1,2,Adrive,0.21477351015002458
2624,g1post,V1,2,Adrive,-0.07314917451349562
2625,g1post,V1,2,Adrive,0.19318131381336548
2626,g1post,V1,2,Adrive,0.2772770195596526
2627,g1post,V1,2,Adrive,0.16902852604693758
2628,g1post,V1,2,Adrive,0.3625139360217165
2629,g1post,V1,2,Adrive,0.06039660347788477
2630,g1post,V1,2,Adrive,0.08870313232978741
2631,g1post,V1,2,Adrive,0.0544515419831189
2632,g1post,V1,2,Adrive,0.1468195319912056
2633,g1post,V1,2,Adrive,0.03370461393940669
2634,g1post,V1,2,Adrive,0.3042381556878069
2635,g1post,V1,2,Adrive,0.23980237181958597
2636,g1post,V1,2,Adrive,0.373437379844127
2637,g1post,V1,2,Adrive,0.30050356586459515
2638,g1post,V1,2,Adrive,-0.08514451538201623
2639,g1post,V1,2,Adrive,0.3070503430881076
2640,g1post,V1,2,Adrive,0.23233953030635648
2641,g1post,V1,2,Adrive,0.5164956182774815
2642,g1post,V1,2,Adrive,0.060962162129067514
2643,g1post,V1,2,Adrive,-0.22736425901597757
2644,g1post,V1,2,Adrive,0.18642463656623234
2645,g1post,V1,2,Adrive,0.25845417207784604
2646,g1post,V1,2,Adrive,0.23783882800689346
2647,g1post,V1,2,Adrive,0.494775510004165
2648,g1post,V1,2,Adrive,0.2496813309617322
2649,g1post,V1,2,Adrive,0.19172429909958244
2650,g1post,V1,2,Adrive,-0.101096736729604
2651,g1post,V1,2,Adrive,0.20089861127622657
2652,g1post,V1,2,Adrive,-0.004450178918176389
2653,g1post,V1,2,Adrive,0.05407062850324788
2654,g1post,V1,2,Adrive,0.40964229372906735
2655,g1post,V1,2,Adrive,0.3339794744358552
2656,g1post,V1,2,Adrive,0.41835275926779725
2657,g1post,V1,2,Adrive,0.3241594577084643
2658,g1post,V1,2,Adrive,0.24265347056028702
2659,g1post,V1,2,Adrive,0.23482185059322294
2660,g1post,V1,2,Adrive,0.23226239787261413
2661,g1post,V1,2,Adrive,0.16686132690371025
2662,g1post,V1,2,Adrive,-0.002707614425501258
2663,g1post,V1,2,Adrive,0.48202945387019963
2664,g1post,V1,2,Adrive,0.09563468842410519
2665,g1post,V1,2,Adrive,0.3011313685622507
2666,g1post,V1,2,Adrive,0.3188369356929202
2667,g1post,V1,2,Adrive,0.23612730880553914
2668,g1post,V1,2,Adrive,0.3468364461083605
2669,g1post,V1,2,Adrive,0.30376267873880713
2670,g1post,V1,2,Adrive,0.22891235930517664
2671,g1post,V1,2,Adrive,0.4021987400608165
2672,g1post,V1,2,Adrive,-0.10998472093396301
2673,g1post,V1,2,Adrive,0.17421215570947562
2674,g1post,V1,2,Adrive,0.11494224131019555
2675,g1post,V1,2,Adrive,0.11284593977442946
2676,g1post,V1,2,Adrive,0.12880700810065576
2677,g1post,V1,2,Adrive,0.12071334718720965
2678,g1post,V1,2,Adrive,0.015787748406430418
2679,g1post,V1,2,Adrive,0.07496280905683513
2680,g1post,V1,2,Adrive,0.4303550349900646
2681,g1post,V1,2,Adrive,0.26973970801078745
2682,g1post,V1,2,Adrive,-0.07638408539255216
2683,g1post,V1,2,Adrive,0.33130203518799567
2684,g1post,V1,2,Adrive,0.27897154051217077
2685,g1post,V1,2,Adrive,-0.0852281088533323
2686,g1post,V1,2,Adrive,0.20107850938997396
2687,g1post,V1,2,Adrive,0.20950939848565023
2688,g1post,V1,2,Adrive,-0.08670640930611516
2689,g1post,V1,2,Adrive,0.208664141629308
2690,g1post,V1,2,Adrive,0.21336456769132298
2691,g1post,V1,2,Adrive,-0.06971588622564663
2692,g1post,V1,2,Adrive,0.2653313822001178
2693,g1post,V1,2,Adrive,0.21385238079525493
2694,g1post,V1,2,Adrive,-0.00786867953771259
2695,g1post,V1,2,Adrive,0.06434191467832544
2696,g1post,V1,2,Adrive,0.48755312431897024
2697,g1post,V1,2,Adrive,-0.20641897544974724
2698,g1post,V1,2,Adrive,0.3275660381710694
2699,g1post,V1,2,Adrive,0.29077304693796124
2700,g1post,V1,2,Adrive,0.2930593541774868
2701,g1post,V1,2,Adrive,-0.17983043992264489
2702,g1post,V1,2,Adrive,0.2917487766502412
2703,g1post,V1,2,Adrive,-0.12282792527567464
2704,g1post,V1,2,Adrive,-0.04893756624544431
2705,g1post,V1,2,Adrive,0.24596876258146042
2706,g1post,V1,2,Adrive,0.16513546895005052
2707,g1post,V1,2,Adrive,-0.11138516210864484
2708,g1post,V1,2,Adrive,0.21549790660135093
2709,g1post,V1,2,Adrive,0.14578234547486885
2710,g1post,V1,2,Adrive,0.2540804610030791
2711,g1post,V1,2,Adrive,0.4442664305417618
2712,g1post,V1,2,Adrive,0.07645923529759828
2713,g1post,V1,2,Adrive,0.5532811680843086
2714,g1post,V1,2,Adrive,0.1987826828059733
2715,g1post,V1,2,Adrive,0.14410211764716244
2716,g1post,V1,2,Adrive,0.10064160244879042
2717,g1post,V1,2,Adrive,0.14583863294812208
2718,g1post,V1,2,Adrive,0.2324118189539956
2719,g1post,V1,2,Adrive,0.06053128083270945
2720,g1post,V1,2,Adrive,0.23876091351211848
2721,g1post,V1,2,Adrive,0.18734509147922035
2722,g1post,V1,2,Adrive,0.13073355873472714
2723,g1post,V1,2,Adrive,-0.1135425823726729
2724,g1post,V1,2,Adrive,0.18340444238944084
2725,g1post,V1,2,Adrive,0.3844664937351023
2726,g1post,V1,2,Adrive,0.14170083700587313
2727,g1post,V1,2,Adrive,-0.10037490260290192
2728,g1post,V1,2,Adrive,0.4683638827666613
2729,g1post,V1,2,Adrive,0.20911778931063185
2730,g1post,V1,2,Adrive,0.3690649749980181
2731,g1post,V1,2,Adrive,-0.021829719543977
2732,g1post,V1,2,Adrive,-0.03134413870763693
2733,g1post,V1,2,Adrive,-0.026886368409222792
2734,g1post,V1,2,Adrive,0.32506625308464593
2735,g1post,V1,2,Adrive,0.22664984947082353
2736,g1post,V1,2,Adrive,0.5085457803610772
2737,g1post,V1,2,Adrive,0.16891602919981724
2738,g1post,V1,2,Adrive,0.05615986256430807
2739,g1post,V1,2,Adrive,0.12240718058545713
2740,g1post,V1,2,Adrive,0.1724812266603026
2741,g1post,V1,2,Adrive,0.3273002740351657
2742,g1post,V1,2,Adrive,-0.040755015371140846
2743,g1post,V1,2,Adrive,0.11768585820633862
2744,g1post,V1,2,Adrive,-0.13337710261881003
2745,g1post,V1,2,Adrive,0.1499779839173076
2746,g1post,V1,2,Adrive,-0.09993609385153412
2747,g1post,V1,2,Adrive,0.20432055699211735
2748,g1post,V1,2,Adrive,-0.2066665785083608
2749,g1post,V1,2,Adrive,-0.09637359125977848
2750,g1post,V1,2,Adrive,-0.010499841107568112
2751,g1post,V1,2,Adrive,0.09061879459933589
2752,g1post,V1,2,Adrive,-0.13720501433230664
2753,g1post,V1,2,Adrive,0.25272725091558085
2754,g1post,V1,2,Adrive,-0.005887179831269102
2755,g1post,V1,2,Adrive,0.16252748893641367
2756,g1post,V1,2,Adrive,0.041700283284024545
2757,g1post,V1,2,Adrive,0.32907340992485956
2758,g1post,V1,2,Adrive,0.2605655712671996
2759,g1post,V1,2,Adrive,-0.009157862851642551
2760,g1post,V1,2,Adrive,0.4129493596457358
2761,g1post,V1,2,Adrive,0.20844795740641853
2762,g1post,V1,2,Adrive,0.6101746950954284
2763,g1post,V1,2,Adrive,0.10786674511721438
2764,g1post,V1,2,Adrive,0.6456421480062531
2765,g1post,V1,2,Adrive,0.046942561830395954
2766,g1post,V1,2,Adrive,0.01270283171175834
2767,g1post,V1,2,Adrive,0.3824197278103454
2768,g1post,V1,2,Adrive,0.31615432327936016
2769,g1post,V1,2,Adrive,-0.16491964783857788
2770,g1post,V1,2,Adrive,0.28709016499581114
2771,g1post,V1,2,Adrive,0.056627211241348833
2772,g1post,V1,2,Adrive,0.20438947794117268
2773,g1post,V1,2,Adrive,0.06431051467309623
2774,g1post,V1,2,Adrive,-0.17455034347851392
2775,g1post,V1,2,Adrive,0.15498113876695696
2776,g1post,V1,2,Adrive,0.23524957022242626
2777,g1post,V1,2,Adrive,0.08410506224905447
2778,g1post,V1,2,Adrive,0.22299718638288282
2779,g1post,V1,2,Adrive,0.22758897755685256
2780,g1post,V1,2,Adrive,0.3152169438655507
2781,g1post,V1,2,Adrive,-0.0045283189137560464
2782,g1post,V1,2,Adrive,0.14509935886075348
2783,g1post,V1,2,Adrive,0.09878969128873624
2784,g1post,V1,2,Adrive,0.19921033852792497
2785,g1post,V1,2,Adrive,0.26219154074728
2786,g1post,V1,2,Adrive,-7.592918034969783e-05
2787,g1post,V1,2,Adrive,0.2290000489116311
2788,g1post,V1,2,Adrive,-0.04482315924081508
2789,g1post,V1,2,Adrive,-0.10021460682237152
2790,g1post,V1,2,Adrive,-0.23550407975287102
2791,g1post,V1,2,Adrive,0.128924355645679
2792,g1post,V1,2,Adrive,0.23870372609237672
2793,g1post,V1,2,Adrive,0.18855193469200968
2794,g1post,V1,2,Adrive,-0.22514510815417824
2795,g1post,V1,2,Adrive,0.35183786962211583
2796,g1post,V1,2,Adrive,0.10621921542005423
2797,g1post,V1,2,Adrive,0.24538421199019644
2798,g1post,V1,2,Adrive,-0.04086555821793207
2799,g1post,V1,3,Adrive,-0.0284137637495256
2800,g1post,V1,3,Adrive,0.2439870143923389
2801,g1post,V1,3,Adrive,-0.14782503881417644
2802,g1post,V1,3,Adrive,0.08876262154417361
2803,g1post,V1,3,Adrive,-0.04537239117549776
2804,g1post,V1,3,Adrive,0.17119724579430676
2805,g1post,V1,3,Adrive,0.0442070396756232
2806,g1post,V1,3,Adrive,0.006414489074538518
2807,g1post,V1,3,Adrive,-0.04124091375117646
2808,g1post,V1,3,Adrive,0.009147493388301595
2809,g1post,V1,3,Adrive,-0.06965905903827867
2810,g1post,V1,3,Adrive,-0.13282726939792364
2811,g1post,V1,3,Adrive,-0.048110638116753646
2812,g1post,V1,3,Adrive,0.11520998831332767
2813,g1post,V1,3,Adrive,-9.062419127218384e-06
2814,g1post,V1,3,Adrive,0.22470695247760925
2815,g1post,V1,3,Adrive,0.1098466369255651
2816,g1post,V1,3,Adrive,-0.05397647650074361
2817,g1post,V1,3,Adrive,0.09188867536851711
2818,g1post,V1,3,Adrive,-0.0656190733431135
2819,g1post,V1,3,Adrive,-0.03736894987625062
2820,g1post,V1,3,Adrive,0.1344651908729932
2821,g1post,V1,3,Adrive,0.11887867210060692
2822,g1post,V1,3,Adrive,0.13474124824462866
2823,g1post,V1,3,Adrive,0.02945380424834414
2824,g1post,V1,3,Adrive,0.02416949967071156
2825,g1post,V1,3,Adrive,0.08881875814532268
2826,g1post,V1,3,Adrive,-0.027378424195971727
2827,g1post,V1,3,Adrive,0.003155512893899141
2828,g1post,V1,3,Adrive,-0.10818172422364693
2829,g1post,V1,3,Adrive,0.13538092833855087
2830,g1post,V1,3,Adrive,-0.12940446550088594
2831,g1post,V1,3,Adrive,0.05690950374023559
2832,g1post,V1,3,Adrive,0.036604592027608365
2833,g1post,V1,3,Adrive,0.2759369040565929
2834,g1post,V1,3,Adrive,0.061740181286975136
2835,g1post,V1,3,Adrive,0.0531296928142641
2836,g1post,V1,3,Adrive,0.038426664708739004
2837,g1post,V1,3,Adrive,0.01963959469534279
2838,g1post,V1,3,Adrive,-0.020483898057131196
2839,g1post,V1,3,Adrive,0.01545550789533837
2840,g1post,V1,3,Adrive,0.17269011473813714
2841,g1post,V1,3,Adrive,0.1897739383429239
2842,g1post,V1,3,Adrive,0.11717270028257074
2843,g1post,V1,3,Adrive,-0.004212630576895906
2844,g1post,V1,3,Adrive,0.07990128124253769
2845,g1post,V1,3,Adrive,0.2132495016106001
2846,g1post,V1,3,Adrive,0.13207700963837168
2847,g1post,V1,3,Adrive,0.05374896681755033
2848,g1post,V1,3,Adrive,-0.0736921289549089
2849,g1post,V1,3,Adrive,0.028974356329936352
2850,g1post,V1,3,Adrive,-0.06257624904729497
2851,g1post,V1,3,Adrive,-0.016993396463491846
2852,g1post,V1,3,Adrive,0.1717771817253562
2853,g1post,V1,3,Adrive,-0.0292995485287324
2854,g1post,V1,3,Adrive,-0.04021379938532026
2855,g1post,V1,3,Adrive,-0.023823490599654995
2856,g1post,V1,3,Adrive,0.08798877638791405
2857,g1post,V1,3,Adrive,0.0031759567955336582
2858,g1post,V1,3,Adrive,-0.019613577997209797
2859,g1post,V1,3,Adrive,0.01412723716643087
2860,g1post,V1,3,Adrive,0.03545243976723272
2861,g1post,V1,3,Adrive,-0.0186349075279319
2862,g1post,V1,3,Adrive,-0.043016945266764604
2863,g1post,V1,3,Adrive,0.07518664610177132
2864,g1post,V1,3,Adrive,-0.02776821207064402
2865,g1post,V1,3,Adrive,0.02880928329075215
2866,g1post,V1,3,Adrive,0.014799651101119962
2867,g1post,V1,3,Adrive,0.10521327852628765
2868,g1post,V1,3,Adrive,-0.006700560268972897
2869,g1post,V1,3,Adrive,-0.1873025144497937
2870,g1post,V1,3,Adrive,0.01850684767416282
2871,g1post,V1,3,Adrive,0.045069998968911416
2872,g1post,V1,3,Adrive,0.248070493504864
2873,g1post,V1,3,Adrive,-0.026593275006127706
2874,g1post,V1,3,Adrive,-0.005501512741037814
2875,g1post,V1,3,Adrive,-0.015333999104477383
2876,g1post,V1,3,Adrive,0.09621043634348207
2877,g1post,V1,3,Adrive,-0.025328141713283316
2878,g1post,V1,3,Adrive,-0.06979528636828235
2879,g1post,V1,3,Adrive,0.009692152254268917
2880,g1post,V1,3,Adrive,-0.07990975309518777
2881,g1post,V1,3,Adrive,0.044986211283819896
2882,g1post,V1,3,Adrive,0.20854205681885984
2883,g1post,V1,3,Adrive,0.2040475743100079
2884,g1post,V1,3,Adrive,0.011819429379640728
2885,g1post,V1,3,Adrive,0.10553203454527359
2886,g1post,V1,3,Adrive,-0.005969969700937593
2887,g1post,V1,3,Adrive,0.017302190916767327
2888,g1post,V1,3,Adrive,-0.0250381246096848
2889,g1post,V1,3,Adrive,0.06781602475951974
2890,g1post,V1,3,Adrive,-0.11461425752907227
2891,g1post,V1,3,Adrive,0.1046786241487666
2892,g1post,V1,3,Adrive,0.02882192534890191
2893,g1post,V1,3,Adrive,0.01841354939759659
2894,g1post,V1,3,Adrive,0.16586493452466544
2895,g1post,V1,3,Adrive,-0.06064868928402668
2896,g1post,V1,3,Adrive,0.021157149232274543
2897,g1post,V1,3,Adrive,0.0692672083940341
2898,g1post,V1,3,Adrive,0.05476745916001022
2899,g1post,V1,3,Adrive,0.11691981398360318
2900,g1post,V1,3,Adrive,0.033170599466402446
2901,g1post,V1,3,Adrive,0.033645618812757086
2902,g1post,V1,3,Adrive,0.08796597941549358
2903,g1post,V1,3,Adrive,-0.044483688102952695
2904,g1post,V1,3,Adrive,0.16455277060457446
2905,g1post,V1,3,Adrive,0.021047678869208726
2906,g1post,V1,3,Adrive,0.10047703712935548
2907,g1post,V1,3,Adrive,0.051371577670371524
2908,g1post,V1,3,Adrive,-0.007112969219178112
2909,g1post,V1,3,Adrive,-0.030648452623215125
2910,g1post,V1,3,Adrive,0.14568088674619725
2911,g1post,V1,3,Adrive,0.3124067392010796
2912,g1post,V1,3,Adrive,-0.04713768924648665
2913,g1post,V1,3,Adrive,0.09085271207693248
2914,g1post,V1,3,Adrive,0.05732974103635763
2915,g1post,V1,3,Adrive,0.19970728606548818
2916,g1post,V1,3,Adrive,-0.0015953664358038411
2917,g1post,V1,3,Adrive,0.07166183488701428
2918,g1post,V1,3,Adrive,0.07547381034683197
2919,g1post,V1,3,Adrive,0.1483805966254206
2920,g1post,V1,3,Adrive,-0.021946604450536762
2921,g1post,V1,3,Adrive,-0.07720267873846484
2922,g1post,V1,3,Adrive,0.026522094908787135
2923,g1post,V1,3,Adrive,0.005279278457048596
2924,g1post,V1,3,Adrive,0.11321043459566711
2925,g1post,V1,3,Adrive,-0.02526797409316725
2926,g1post,V1,3,Adrive,-0.10530707205130913
2927,g1post,V1,3,Adrive,0.055880265527054974
2928,g1post,V1,3,Adrive,-0.05425160524455108
2929,g1post,V1,3,Adrive,0.2583905534808308
2930,g1post,V1,3,Adrive,-0.03089031717022696
2931,g1post,V1,3,Adrive,0.12036839240157775
2932,g1post,V1,3,Adrive,0.11464147393744233
2933,g1post,V1,3,Adrive,0.1188210976786536
2934,g1post,V1,3,Adrive,0.2561918539045538
2935,g1post,V1,3,Adrive,-0.055783305510838654
2936,g1post,V1,3,Adrive,0.13653575443482685
2937,g1post,V1,3,Adrive,0.09882917730012523
2938,g1post,V1,3,Adrive,0.11338258890789749
2939,g1post,V1,3,Adrive,0.012199448831428468
2940,g1post,V1,3,Adrive,0.016359345154261025
2941,g1post,V1,3,Adrive,0.031153600862580157
2942,g1post,V1,3,Adrive,0.06579676389787723
2943,g1post,V1,3,Adrive,-0.0382331030717923
2944,g1post,V1,3,Adrive,-0.0227642608469187
2945,g1post,V1,3,Adrive,0.035623769996709714
2946,g1post,V1,3,Adrive,0.1209856260144161
2947,g1post,V1,3,Adrive,-0.013255853347786986
2948,g1post,V1,3,Adrive,0.39195771055821055
2949,g1post,V1,3,Adrive,0.1959596236104104
2950,g1post,V1,3,Adrive,0.008893115628910613
2951,g1post,V1,3,Adrive,0.017477930172244013
2952,g1post,V1,3,Adrive,-0.03334901197222849
2953,g1post,V1,3,Adrive,0.03517586083977417
2954,g1post,V1,3,Adrive,0.04160965153801749
2955,g1post,V1,3,Adrive,0.16298744487450983
2956,g1post,V1,3,Adrive,0.08821146011699446
2957,g1post,V1,3,Adrive,-0.055551186855106564
2958,g1post,V1,3,Adrive,0.09148536946600229
2959,g1post,V1,3,Adrive,-0.03439233474303167
2960,g1post,V1,3,Adrive,0.12495173446891611
2961,g1post,V1,3,Adrive,0.10445181298307121
2962,g1post,V1,3,Adrive,0.1130258034774103
2963,g1post,V1,3,Adrive,-0.022365368171819867
2964,g1post,V1,3,Adrive,0.0663074768659553
2965,g1post,V1,3,Adrive,-0.05572001006757998
2966,g1post,V1,3,Adrive,-0.10955243887279284
2967,g1post,V1,3,Adrive,0.10074135366642051
2968,g1post,V1,3,Adrive,0.0595839090331838
2969,g1post,V1,3,Adrive,0.1108773331442064
2970,g1post,V1,3,Adrive,-0.040384287224266395
2971,g1post,V1,3,Adrive,0.1301644564240266
2972,g1post,V1,3,Adrive,0.13585343503822694
2973,g1post,V1,3,Adrive,0.03968460169944194
2974,g1post,V1,3,Adrive,0.0993781012737173
2975,g1post,V1,3,Adrive,0.12166054355240383
2976,g1post,V1,3,Adrive,0.21997303560152445
2977,g1post,V1,3,Adrive,0.04812973407311743
2978,g1post,V1,3,Adrive,0.03003483712676658
2979,g1post,V1,3,Adrive,-0.01022748692034145
2980,g1post,V1,3,Adrive,0.0034283913639181034
2981,g1post,V1,3,Adrive,0.16895918864399626
2982,g1post,V1,3,Adrive,-0.05675852895032381
2983,g1post,V1,3,Adrive,0.10684654173052209
2984,g1post,V1,3,Adrive,-0.07307475563399775
2985,g1post,V1,3,Adrive,0.217017523326706
2986,g1post,V1,3,Adrive,-0.15434939682939583
2987,g1post,V1,3,Adrive,0.024375725165705686
2988,g1post,V1,3,Adrive,0.16348400833766458
2989,g1post,V1,3,Adrive,-0.09806786595474405
2990,g1post,V1,3,Adrive,0.02748256602582138
2991,g1post,V1,3,Adrive,-0.05858665931258634
2992,g1post,V1,3,Adrive,-0.09651018217819785
2993,g1post,V1,3,Adrive,-0.04591081592039735
2994,g1post,V1,3,Adrive,-0.025447006329801496
2995,g1post,V1,3,Adrive,0.2293384568129459
2996,g1post,V1,3,Adrive,0.055301613491539246
2997,g1post,V1,3,Adrive,0.10664464220400346
2998,g1post,V1,3,Adrive,-0.083763531293184
2999,g1post,V1,3,Adrive,-0.021783427826171563
3000,g1post,V1,3,Adrive,0.10565034607580312
3001,g1post,V1,3,Adrive,0.018552283457185285
3002,g1post,V1,3,Adrive,0.11192360409128911
3003,g1post,V1,3,Adrive,-0.15478485285524263
3004,g1post,V1,3,Adrive,-0.08115264581040994
3005,g1post,V1,3,Adrive,-0.0374813809265818
3006,g1post,V1,3,Adrive,-0.0687508505167475
3007,g1post,V1,3,Adrive,0.03703864622682748
3008,g1post,V1,3,Adrive,0.23500242497656917
3009,g1post,V1,3,Adrive,0.1219355993924501
3010,g1post,V1,3,Adrive,0.17575360283615601
3011,g1post,V1,3,Adrive,-0.03561597213983603
3012,g1post,V1,3,Adrive,-0.0697657338413489
3013,g1post,V1,3,Adrive,0.03694831399286481
3014,g1post,V1,3,Adrive,0.07387326282219504
3015,g1post,V1,3,Adrive,-0.10321882746142175
3016,g1post,V1,3,Adrive,0.1029506717115115
3017,g1post,V1,3,Adrive,0.10289099923496883
3018,g1post,V1,3,Adrive,-0.0638400412290613
3019,g1post,V1,3,Adrive,-0.07251992539962165
3020,g1post,V1,3,Adrive,-0.043973571802626545
3021,g1post,V1,3,Adrive,-0.017254117117506466
3022,g1post,V1,3,Adrive,-0.07391068052024029
3023,g1post,V1,3,Adrive,-0.0480764126505007
3024,g1post,V1,3,Adrive,-0.06144103007033649
3025,g1post,V1,3,Adrive,-0.04117261072240249
3026,g1post,V1,3,Adrive,0.15215559969156559
3027,g1post,V1,3,Adrive,-0.07441930329293547
3028,g1post,V1,3,Adrive,0.07408525066128985
3029,g1post,V1,3,Adrive,-0.12675547696115397
3030,g1post,V1,3,Adrive,0.03412220987517779
3031,g1post,V1,3,Adrive,-0.0030702373321161644
3032,g1post,V1,3,Adrive,-0.061255193959973774
3033,g1post,V1,3,Adrive,-0.1060142451846038
3034,g1post,V1,3,Adrive,-0.07975574148831119
3035,g1post,V1,3,Adrive,-0.017280323301530558
3036,g1post,V1,3,Adrive,0.07587848864319678
3037,g1post,V1,3,Adrive,-0.0387095640284227
3038,g1post,V1,3,Adrive,0.06906471969281704
3039,g1post,V1,3,Adrive,0.03165310115432932
3040,g1post,V1,3,Adrive,0.032743536118259566
3041,g1post,V1,3,Adrive,-0.10414936746794932
3042,g1post,V1,3,Adrive,0.04625696249398817
3043,g1post,V1,3,Adrive,0.07592915363822107
3044,g1post,V1,3,Adrive,0.02516665109720214
3045,g1post,V1,3,Adrive,0.3313429339052282
3046,g1post,V1,3,Adrive,-0.04994417708945363
3047,g1post,V1,3,Adrive,0.10073440804488651
3048,g1post,V1,3,Adrive,0.03488450296953158
3049,g1post,V1,3,Adrive,-0.06403812117460168
3050,g1post,V1,3,Adrive,0.0745243247787233
3051,g1post,V1,3,Adrive,-0.16626852505349277
3052,g1post,V1,3,Adrive,0.09244192647760494
3053,g1post,V1,3,Adrive,0.09086887175707484
3054,g1post,V1,3,Adrive,-0.09209855145089038
3055,g1post,V1,3,Adrive,-0.08210929371432966
3056,g1post,V1,3,Adrive,0.047188045648914795
3057,g1post,V1,3,Adrive,-0.07070018629782387
3058,g1post,V1,3,Adrive,-0.09254370588695736
3059,g1post,V1,3,Adrive,-0.047783874771501304
3060,g1post,V1,3,Adrive,-0.0313115880223608
3061,g1post,V1,3,Adrive,0.19219422199173725
3062,g1post,V1,3,Adrive,0.1061128045253033
3063,g1post,V1,3,Adrive,-0.0316936506600795
3064,g1post,V1,3,Adrive,0.08538779292047945
3065,g1post,V1,3,Adrive,0.14685163689255804
3066,g1post,V1,3,Adrive,0.05815914347230168
3067,g1post,V1,3,Adrive,0.1598278139550207
3068,g1post,V1,3,Adrive,-0.02709495519625464
3069,g1post,V1,3,Adrive,-0.0574621561837423
3070,g1post,V1,3,Adrive,-0.04104117490239473
3071,g1post,V1,3,Adrive,0.08833916246130018
3072,g1post,V1,3,Adrive,-0.11357290369304075
3073,g1post,V1,3,Adrive,-0.08592127875335465
3074,g1post,V1,3,Adrive,0.06397129732391764
3075,g1post,V1,4,Adrive,-0.05166204313315458
3076,g1post,V1,4,Adrive,0.23864237245920547
3077,g1post,V1,4,Adrive,-0.06987300011991328
3078,g1post,V1,4,Adrive,0.1070210032407312
3079,g1post,V1,4,Adrive,-0.010067698126958508
3080,g1post,V1,4,Adrive,0.13247870285216098
3081,g1post,V1,4,Adrive,0.07901372708274038
3082,g1post,V1,4,Adrive,-0.08726625502072977
3083,g1post,V1,4,Adrive,0.08337088514795216
3084,g1post,V1,4,Adrive,0.29931031914530043
3085,g1post,V1,4,Adrive,0.18335434233411602
3086,g1post,V1,4,Adrive,0.3306795181952355
3087,g1post,V1,4,Adrive,0.1062888677600455
3088,g1post,V1,4,Adrive,0.1398299214996866
3089,g1post,V1,4,Adrive,0.2320828062845425
3090,g1post,V1,4,Adrive,0.2662506922576355
3091,g1post,V1,4,Adrive,0.46669379843920067
3092,g1post,V1,4,Adrive,0.12034982832711869
3093,g1post,V1,4,Adrive,-0.2829189686901565
3094,g1post,V1,4,Adrive,-0.14244767628104776
3095,g1post,V1,4,Adrive,0.3918680166741744
3096,g1post,V1,4,Adrive,-0.10192144435543482
3097,g1post,V1,4,Adrive,-0.1671406287614241
3098,g1post,V1,4,Adrive,0.04732381797929238
3099,g1post,V1,4,Adrive,0.13609308182178795
3100,g1post,V1,4,Adrive,0.25824395492476476
3101,g1post,V1,4,Adrive,-0.08152302154996838
3102,g1post,V1,4,Adrive,0.0806175445224938
3103,g1post,V1,4,Adrive,0.04621914661035038
3104,g1post,V1,4,Adrive,-0.16026737260959945
3105,g1post,V1,4,Adrive,0.4623174779659621
3106,g1post,V1,4,Adrive,-0.00553461481695718
3107,g1post,V1,4,Adrive,0.17078921432854374
3108,g1post,V1,4,Adrive,-0.0012073214662022234
3109,g1post,V1,4,Adrive,-0.05932707471518385
3110,g1post,V1,4,Adrive,0.17436124693496005
3111,g1post,V1,4,Adrive,0.034455667909031186
3112,g1post,V1,4,Adrive,0.5351495270149722
3113,g1post,V1,4,Adrive,0.14548416941711384
3114,g1post,V1,4,Adrive,-0.12322778406490192
3115,g1post,V1,4,Adrive,0.22929126400524866
3116,g1post,V1,4,Adrive,0.13378286480338758
3117,g1post,V1,4,Adrive,0.16731403714087933
3118,g1post,V1,4,Adrive,0.1329668613761056
3119,g1post,V1,4,Adrive,0.060639830771457695
3120,g1post,V1,4,Adrive,0.38980131964578396
3121,g1post,V1,4,Adrive,0.060997400688818516
3122,g1post,V1,4,Adrive,0.15543931695414895
3123,g1post,V1,4,Adrive,-0.22970302217094712
3124,g1post,V1,4,Adrive,-0.18716946301571014
3125,g1post,V1,4,Adrive,-0.15248070824045112
3126,g1post,V1,4,Adrive,0.11180779116280709
3127,g1post,V1,4,Adrive,0.46650999138917515
3128,g1post,V1,4,Adrive,0.3060800504447686
3129,g1post,V1,4,Adrive,0.11950585904844763
3130,g1post,V1,4,Adrive,0.12409626085372313
3131,g1post,V1,4,Adrive,0.11358674939308964
3132,g1post,V1,4,Adrive,0.08172643221100014
3133,g1post,V1,4,Adrive,-0.10184889060151203
3134,g1post,V1,4,Adrive,0.09399562500113465
3135,g1post,V1,4,Adrive,-0.00974548037202939
3136,g1post,V1,4,Adrive,0.22966550653812176
3137,g1post,V1,4,Adrive,0.0807555979547647
3138,g1post,V1,4,Adrive,0.1874999622242876
3139,g1post,V1,4,Adrive,0.06383813248754944
3140,g1post,V1,4,Adrive,-0.038930333810038256
3141,g1post,V1,4,Adrive,0.17035851638208174
3142,g1post,V1,4,Adrive,0.11267948617004203
3143,g1post,V1,4,Adrive,0.15120819833585994
3144,g1post,V1,4,Adrive,0.31381302796081006
3145,g1post,V1,4,Adrive,0.43949428916290423
3146,g1post,V1,4,Adrive,-0.023116978851309814
3147,g1post,V1,4,Adrive,0.31829710555021185
3148,g1post,V1,4,Adrive,0.04489505261919527
3149,g1post,V1,4,Adrive,0.18812087259124752
3150,g1post,V1,4,Adrive,0.029660214603612664
3151,g1post,V1,4,Adrive,0.30433007389933514
3152,g1post,V1,4,Adrive,0.0981671164672189
3153,g1post,V1,4,Adrive,-0.159885068765381
3154,g1post,V1,4,Adrive,0.13748180916176322
3155,g1post,V1,4,Adrive,0.29821500237767357
3156,g1post,V1,4,Adrive,0.034739412913003975
3157,g1post,V1,4,Adrive,0.3624450888589247
3158,g1post,V1,4,Adrive,0.23507012494019716
3159,g1post,V1,4,Adrive,-0.08057755289431331
3160,g1post,V1,4,Adrive,0.2149760268575911
3161,g1post,V1,4,Adrive,0.6541188622728372
3162,g1post,V1,4,Adrive,0.06064946461013464
3163,g1post,V1,4,Adrive,0.3123288947371155
3164,g1post,V1,4,Adrive,0.038953979408454444
3165,g1post,V1,4,Adrive,0.18825978272944346
3166,g1post,V1,4,Adrive,-0.1582855970677477
3167,g1post,V1,4,Adrive,-0.08391201837979782
3168,g1post,V1,4,Adrive,-0.03734663444459661
3169,g1post,V1,4,Adrive,0.17809225516884256
3170,g1post,V1,4,Adrive,0.08052759293265536
3171,g1post,V1,4,Adrive,0.5557338240920845
3172,g1post,V1,4,Adrive,-0.13191424197957716
3173,g1post,V1,4,Adrive,0.33621032005369844
3174,g1post,V1,4,Adrive,0.2309097815672781
3175,g1post,V1,4,Adrive,-0.1484758374371184
3176,g1post,V1,4,Adrive,0.19804676189335152
3177,g1post,V1,4,Adrive,0.07748293153988156
3178,g1post,V1,4,Adrive,0.17577381589970645
3179,g1post,V1,4,Adrive,0.08366343169745256
3180,g1post,V1,4,Adrive,0.06967104573515674
3181,g1post,V1,4,Adrive,0.31423899420641577
3182,g1post,V1,4,Adrive,-0.23076583800667905
3183,g1post,V1,5,Adrive,-0.04916157341864962
3184,g1post,V1,5,Adrive,-0.059046684143942
3185,g1post,V1,5,Adrive,0.05286669186863951
3186,g1post,V1,5,Adrive,-0.030386147237439563
3187,g1post,V1,5,Adrive,0.044165455047195656
3188,g1post,V1,5,Adrive,0.053194901249431485
3189,g1post,V1,5,Adrive,0.027053416039245666
3190,g1post,V1,5,Adrive,0.04861893594627405
3191,g1post,V1,5,Adrive,0.04470757896195442
3192,g1post,V1,5,Adrive,0.020617494986215904
3193,g1post,V1,5,Adrive,0.038900961804600384
3194,g1post,V1,5,Adrive,-0.06708226413604773
3195,g1post,V1,5,Adrive,-0.04160618746920118
3196,g1post,V1,5,Adrive,0.1331530637113028
3197,g1post,V1,5,Adrive,0.04461742177589862
3198,g1post,V1,5,Adrive,-0.09150516023801107
3199,g1post,V1,5,Adrive,-0.04972919158288361
3200,g1post,V1,5,Adrive,-0.05103000129692308
3201,g1post,V1,5,Adrive,0.06791681417303151
3202,g1post,V1,5,Adrive,-0.10006816362242311
3203,g1post,V1,5,Adrive,-0.056558082326988036
3204,g1post,V1,5,Adrive,0.03323306328173847
3205,g1post,V1,5,Adrive,-0.09377562232524816
3206,g1post,V1,5,Adrive,0.05876502128361807
3207,g1post,V1,5,Adrive,0.06165565041090377
3208,g1post,V1,5,Adrive,0.07574993160273545
3209,g1post,V1,5,Adrive,-0.012047784173503325
3210,g1post,V1,5,Adrive,0.03176615225219703
3211,g1post,V1,5,Adrive,0.026198673135258276
3212,g1post,V1,5,Adrive,0.06106299289465893
3213,g1post,V1,5,Adrive,0.06389836123946963
3214,g1post,V1,5,Adrive,0.008894858825365089
3215,g1post,V1,5,Adrive,0.05358791645661272
3216,g1post,V1,5,Adrive,-0.03167516087695777
3217,g1post,V1,5,Adrive,0.10686027827397956
3218,g1post,V1,5,Adrive,0.1777506378722748
3219,g1post,V1,5,Adrive,0.044418327349468906
3220,g1post,V1,5,Adrive,0.1227416342602062
3221,g1post,V1,5,Adrive,0.1516081640590779
3222,g1post,V1,5,Adrive,-0.05466346611733046
3223,g1post,V1,5,Adrive,-0.1204168706937698
3224,g1post,V1,5,Adrive,-0.04175742807633057
3225,g1post,V1,5,Adrive,-0.033673464254112336
3226,g1post,V1,5,Adrive,-0.01612686687170723
3227,g1post,V1,5,Adrive,0.06668869982614345
3228,g1post,V1,5,Adrive,0.06495769918812772
3229,g1post,V1,5,Adrive,-0.04745709380275075
3230,g1post,V1,5,Adrive,0.08217625860625027
3231,g1post,V1,5,Adrive,0.1119874694570787
3232,g1post,V1,5,Adrive,-0.09654492986983397
3233,g1post,V1,5,Adrive,-0.0015655843604555815
3234,g1post,V1,6,Adrive,0.010353416895681826
3235,g1post,V1,6,Adrive,0.005043923051389434
3236,g1post,V1,6,Adrive,0.2047262159703247
3237,g1post,V1,6,Adrive,0.10614231657908187
3238,g1post,V1,6,Adrive,-0.11512437705290374
3239,g1post,V1,6,Adrive,-0.05106782605925128
3240,g1post,V1,6,Adrive,-0.04364862529838466
3241,g1post,V1,6,Adrive,0.06805267409746853
3242,g1post,V1,6,Adrive,0.13696465811765543
3243,g1post,V1,6,Adrive,0.10886090827350563
3244,g1post,V1,6,Adrive,0.022680569266420363
3245,g1post,V1,6,Adrive,0.36440799406167373
3246,g1post,V1,6,Adrive,0.05742110800623275
3247,g1post,V1,6,Adrive,0.15229493456198917
3248,g1post,V1,6,Adrive,0.03038441607549736
3249,g1post,V1,6,Adrive,0.12103696656139105
3250,g1post,V1,6,Adrive,-0.22949155152655898
3251,g1post,V1,6,Adrive,0.17163447044060176
3252,g1post,V1,6,Adrive,0.3357049230043362
3253,g1post,V1,6,Adrive,0.15283793088624992
3254,g1post,V1,6,Adrive,0.08239192735691639
3255,g1post,V1,6,Adrive,0.3550187344225523
3256,g1post,V1,6,Adrive,-0.04115584591365596
3257,g1post,V1,6,Adrive,0.013115201549715152
3258,g1post,V1,6,Adrive,0.06892755396254764
3259,g1post,V1,6,Adrive,0.051828270443664344
3260,g1post,V1,6,Adrive,0.19461332061247272
3261,g1post,V1,6,Adrive,-0.016834173251520253
3262,g1post,V1,6,Adrive,0.12629437486085665
3263,g1post,V1,6,Adrive,0.10974076927120843
3264,g1post,V1,6,Adrive,-0.0390350998354471
3265,g1post,V1,6,Adrive,0.07010634371285632
3266,g1post,V1,6,Adrive,-0.10760614264822982
3267,g1post,V1,6,Adrive,0.09576540646166032
3268,g1post,V1,6,Adrive,-0.21196470852420704
3269,g1post,V1,6,Adrive,-0.0325080458634806
3270,g1post,V1,6,Adrive,0.23747203051552526
3271,g1post,V1,6,Adrive,-0.021144842708913952
3272,g1post,V1,6,Adrive,0.2192670470160116
3273,g1post,V1,6,Adrive,0.03803190087282794
3274,g1post,V1,6,Adrive,-0.17417247089853832
3275,g1post,V1,6,Adrive,-0.04100916810358935
3276,g1post,V1,6,Adrive,0.39122409969177746
3277,g1post,V1,6,Adrive,0.28497303063793056
3278,g1post,V1,6,Adrive,-0.25574187856028735
3279,g1post,V1,6,Adrive,-0.007409485033094285
3280,g1post,V1,6,Adrive,-0.12577110395971583
3281,g1post,V1,6,Adrive,0.011768432124498284
3282,g1post,V1,6,Adrive,-0.01560898225618827
3283,g1post,V1,6,Adrive,-0.0981812357558543
3284,g1post,V1,6,Adrive,0.11185106926861585
3285,g1post,V1,6,Adrive,0.13817465711419635
3286,g1post,V1,6,Adrive,0.2511903513198343
3287,g1post,V1,6,Adrive,0.3373078862846856
3288,g1post,V1,6,Adrive,0.17029068436173117
3289,g1post,V1,6,Adrive,0.32147881218935886
3290,g1post,V1,6,Adrive,0.011724809830536254
3291,g1post,V1,6,Adrive,0.06305723177955853
3292,g1post,V1,6,Adrive,-0.03258249024579478
3293,g1post,V1,6,Adrive,0.1817164743171557
3294,g1post,V1,6,Adrive,0.24140273081901273
3295,g1post,V1,6,Adrive,0.11062831051148167
3296,g1post,V1,6,Adrive,-0.058899059739256215
3297,g1post,V1,6,Adrive,-0.11634840301845774
3298,g1post,V1,6,Adrive,0.029333714003984202
3299,g1post,V1,6,Adrive,0.15790775824272726
3300,g1post,V1,6,Adrive,0.02296454484823953
3301,g1post,V1,6,Adrive,0.07904926702245983
3302,g1post,V1,6,Adrive,-0.0661695504088129
3303,g1post,V1,6,Adrive,-0.09131794338081436
3304,g1post,V1,6,Adrive,-0.048769561763607396
3305,g1post,V1,6,Adrive,0.020770654060275156
3306,g1post,V1,6,Adrive,0.0038986393059715235
3307,g1post,V1,6,Adrive,0.06482231279598427
3308,g1post,V1,6,Adrive,-0.2516546864769124
3309,g1post,V1,6,Adrive,-0.1852918165613093
3310,g1post,V1,6,Adrive,0.8154695621007376
3311,g1post,V1,6,Adrive,-0.03448078478761911
3312,g1post,V1,6,Adrive,0.13309106826356593
3313,g1post,V1,6,Adrive,0.028222248942111457
3314,g1post,V1,6,Adrive,0.016613106650172967
3315,g1post,V1,6,Adrive,-0.01032638885066858
3316,g1post,V1,6,Adrive,0.039443803824957
3317,g1post,V1,6,Adrive,0.19772173726665557
3318,g1post,V1,6,Adrive,-0.0019445385078592818
3319,g1post,V1,6,Adrive,0.16740148861796025
3320,g1post,V1,6,Adrive,0.386871539071913
3321,g1post,V1,6,Adrive,0.16655748278889318
3322,g1post,V1,6,Adrive,0.5617608772297038
3323,g1post,V1,6,Adrive,0.04760674582492763
3324,g1post,V1,6,Adrive,-0.1928446277897759
3325,g1post,V1,6,Adrive,-0.08756944471794026
3326,g1post,V1,6,Adrive,0.0369302725940734
3327,g1post,V1,6,Adrive,0.22493734571695903
3328,g1post,V1,6,Adrive,-0.09835959145919347
3329,g1post,V1,6,Adrive,0.4814438939826186
3330,g1post,V1,6,Adrive,0.182812816189645
3331,g1post,V1,6,Adrive,0.08628361033385004
3332,g1post,V1,6,Adrive,0.6511295433203508
3333,g1post,V1,6,Adrive,0.30052384620618644
3334,g1post,V1,6,Adrive,0.09969150028621827
3335,g1post,V1,6,Adrive,0.16899281012892958
3336,g1post,V1,6,Adrive,0.07705853816931829
3337,g1post,V1,6,Adrive,0.1837236524051093
3338,g1post,V1,6,Adrive,0.33758057332258473
3339,g1post,V1,6,Adrive,-0.08306981340721155
3340,g1post,V1,6,Adrive,-0.24697448032523772
3341,g1post,V1,6,Adrive,-0.07514840117215192
3342,g1post,V1,6,Adrive,-0.23849459585863653
3343,g1post,V1,6,Adrive,0.17576660633887545
3344,g1post,V1,6,Adrive,0.2563027525793146
3345,g1post,V1,6,Adrive,0.2930120883774467
3346,g1post,V1,6,Adrive,0.2579451306049261
3347,g1post,V1,6,Adrive,-0.028587709230636103
3348,g1post,V1,6,Adrive,0.050367680792401635
3349,g1post,V1,6,Adrive,0.022275808028426554
3350,g1post,V1,6,Adrive,0.06361966870404223
3351,g1post,V1,6,Adrive,0.22440882730026424
3352,g1post,V1,6,Adrive,0.04487435620074655
3353,g1post,V1,6,Adrive,-0.17367527516180184
3354,g1post,V1,6,Adrive,0.0759964577832911
3355,g1post,V1,6,Adrive,0.12690996950371167
3356,g1post,V1,6,Adrive,-0.1501205662026126
3357,g1post,V1,6,Adrive,-0.12383359529376668
3358,g1post,V1,6,Adrive,0.0714089190016945
3359,g1post,V1,6,Adrive,0.05862252785582743
3360,g1post,V1,6,Adrive,0.48022498457294993
3361,g1post,V1,6,Adrive,-0.031018146920625156
3362,g1post,V1,6,Adrive,0.08772129943422195
3363,g1post,V1,6,Adrive,0.054265254097114836
3364,g1post,V1,6,Adrive,0.00255550985974709
3365,g1post,V1,6,Adrive,0.09194179444659457
3366,g1post,V1,6,Adrive,0.2896217414452632
3367,g1post,V1,6,Adrive,-0.02622635104368174
3368,g1post,V1,6,Adrive,1.0851654489972806
3369,g1post,V1,6,Adrive,0.1458437180818644
3370,g1post,V1,6,Adrive,0.29770445694493347
3371,g1post,V1,6,Adrive,-0.020964119239198775
3372,g1post,V1,6,Adrive,0.34889388626396567
3373,g1post,V1,6,Adrive,-0.057049252065632425
3374,g1post,V1,6,Adrive,0.19583466817688175
3375,g1post,V1,6,Adrive,-0.1349880368385051
3376,g1post,V1,6,Adrive,-0.18384511815637525
3377,g1post,V1,6,Adrive,0.10235830085618315
3378,g1post,V1,6,Adrive,0.19859133239718987
3379,g1post,V1,6,Adrive,-0.047416074687548715
3380,g1post,V1,6,Adrive,0.021199414775336718
3381,g1post,V1,6,Adrive,-0.08053700095390573
3382,g1post,V1,6,Adrive,0.05827200246301338
3383,g1post,V1,6,Adrive,0.22862934464551896
3384,g1post,V1,6,Adrive,-0.02591361906965892
3385,g1post,V1,6,Adrive,-0.19495036896914325
3386,g1post,V1,6,Adrive,-0.058270204704799905
3387,g1post,V1,6,Adrive,-0.06365585590582862
3388,g1post,V1,6,Adrive,0.2994920212906061
3389,g1post,V1,6,Adrive,0.09061471089967998
3390,g1post,V1,6,Adrive,0.1188424812341042
3391,g1post,V1,6,Adrive,0.058119310353632485
3392,g1post,V1,6,Adrive,-0.042190526774431365
3393,g1post,V1,6,Adrive,0.10438260907355651
3394,g1post,V1,6,Adrive,-0.09575062906581189
3395,g1post,V1,6,Adrive,-0.08860396083575649
3396,g1post,V1,6,Adrive,-0.14133827922910244
3397,g1post,V1,6,Adrive,0.31245245559689155
3398,g1post,V1,6,Adrive,0.27040726967670947
3399,g1post,V1,6,Adrive,0.6953558415604707
3400,g1post,V1,7,Adrive,0.12448507047219037
3401,g1post,V1,7,Adrive,0.145314943944616
3402,g1post,V1,7,Adrive,-0.11880300986293689
3403,g1post,V1,7,Adrive,0.27615929683784673
3404,g1post,V1,7,Adrive,0.10757551021759201
3405,g1post,V1,7,Adrive,0.28114892134976793
3406,g1post,V1,7,Adrive,-0.2025444555311104
3407,g1post,V1,7,Adrive,-0.019811573865306735
3408,g1post,V1,7,Adrive,-0.052115814225388656
3409,g1post,V1,7,Adrive,0.4053460020196201
3410,g1post,V1,7,Adrive,-0.07002715705055892
3411,g1post,V1,7,Adrive,0.21774129356523572
3412,g1post,V1,7,Adrive,0.20777274160473475
3413,g1post,V1,7,Adrive,0.09847301967676511
3414,g1post,V1,7,Adrive,0.18515636152962586
3415,g1post,V1,7,Adrive,0.15863291601432877
3416,g1post,V1,7,Adrive,0.19670153190600687
3417,g1post,V1,7,Adrive,0.30643679406435403
3418,g1post,V1,7,Adrive,0.03136575912789482
3419,g1post,V1,7,Adrive,-0.04823933966310078
3420,g1post,V1,7,Adrive,-0.13078585993788047
3421,g1post,V1,7,Adrive,0.25420222863098885
3422,g1post,V1,7,Adrive,0.5481281215929655
3423,g1post,V1,7,Adrive,-0.17476566577839783
3424,g1post,V1,7,Adrive,0.13083236830459866
3425,g1post,V1,7,Adrive,0.11058273196783207
3426,g1post,V1,7,Adrive,0.14975386512510624
3427,g1post,V1,7,Adrive,0.15694057990315088
3428,g1post,V1,7,Adrive,0.21145823587271861
3429,g1post,V1,7,Adrive,-0.15344385844226235
3430,g1post,V1,7,Adrive,0.3354251825021183
3431,g1post,V1,7,Adrive,-0.052817111744233675
3432,g1post,V1,7,Adrive,0.1807700368577498
3433,g1post,V1,7,Adrive,-0.01956436018426647
3434,g1post,V1,7,Adrive,-0.09521284417641535
3435,g1post,V1,7,Adrive,0.1146115891564423
3436,g1post,V1,7,Adrive,0.036091465922578274
3437,g1post,V1,7,Adrive,0.18184670645700862
3438,g1post,V1,7,Adrive,0.06835765619823979
3439,g1post,V1,7,Adrive,0.3867757616843023
3440,g1post,V1,7,Adrive,0.12106154973190779
3441,g1post,V1,7,Adrive,0.017953945026378676
3442,g1post,V1,7,Adrive,0.325712310344054
3443,g1post,V1,7,Adrive,0.24557576933088335
3444,g1post,V1,7,Adrive,0.1326034986941695
3445,g1post,V1,7,Adrive,-0.11585181358827076
3446,g1post,V1,7,Adrive,-0.016825758233035393
3447,g1post,V1,7,Adrive,0.19633690844581006
3448,g1post,V1,7,Adrive,0.2100543447237952
3449,g1post,V1,7,Adrive,0.032103297801328735
3450,g1post,V1,7,Adrive,0.012524670660551853
3451,g1post,V1,7,Adrive,0.08551508187536258
3452,g1post,V1,7,Adrive,0.3827512753246833
3453,g1post,V1,7,Adrive,-0.03688879875209412
3454,g1post,V1,7,Adrive,0.0897882549559522
3455,g1post,V1,7,Adrive,0.22048687729552524
3456,g1post,V1,7,Adrive,0.3091310764306133
3457,g1post,V1,7,Adrive,0.3318342989791119
3458,g1post,V1,7,Adrive,0.0649583862474225
3459,g1post,V1,7,Adrive,0.20774335509646874
3460,g1post,V1,7,Adrive,0.08275557118841137
3461,g1post,V1,7,Adrive,-0.16943579753145227
3462,g1post,V1,7,Adrive,0.008068490619073106
3463,g1post,V1,7,Adrive,0.01809949743859277
3464,g1post,V1,7,Adrive,0.16250267238930954
3465,g1post,V1,7,Adrive,0.2923403099580851
3466,g1post,V1,7,Adrive,0.1742684647323773
3467,g1post,V1,7,Adrive,0.16182783766662137
3468,g1post,V1,7,Adrive,0.1167070196249676
3469,g1post,V1,7,Adrive,0.1987037278136904
3470,g1post,V1,7,Adrive,0.11786560409615762
3471,g1post,V1,7,Adrive,-0.0005448285279943041
3472,g1post,V1,7,Adrive,0.22829664897950208
3473,g1post,V1,7,Adrive,0.0751110159571674
3474,g1post,V1,7,Adrive,0.16494514658153409
3475,g1post,V1,7,Adrive,0.1490087691102717
3476,g1post,V1,7,Adrive,-0.20386710484891535
3477,g1post,V1,7,Adrive,0.19943156842103563
3478,g1post,V1,7,Adrive,0.12276990043167403
3479,g1post,V1,7,Adrive,0.05550541324241759
3480,g1post,V1,7,Adrive,0.04093736871220251
3481,g1post,V1,7,Adrive,0.05764946289185732
3482,g1post,V1,7,Adrive,-0.019817999630112867
3483,g1post,V1,7,Adrive,0.36174825556652707
3484,g1post,V1,7,Adrive,0.17208295383184272
3485,g1post,V1,7,Adrive,-0.20816153152528688
3486,g1post,V1,7,Adrive,0.30499966530387806
3487,g1post,V1,7,Adrive,0.37843510780328476
3488,g1post,V1,7,Adrive,0.2609329609353692
3489,g1post,V1,7,Adrive,-0.07341488595977122
3490,g1post,V1,7,Adrive,0.30310737511259556
3491,g1post,V1,7,Adrive,0.3011424239017053
3492,g1post,V1,7,Adrive,0.2716895311782743
3493,g1post,V1,7,Adrive,0.26258134158963475
3494,g1post,V1,7,Adrive,0.11658955039096082
3495,g1post,V1,7,Adrive,0.12254650305433065
3496,g1post,V1,7,Adrive,0.2628854445876042
3497,g1post,V1,7,Adrive,-0.01639113780880433
3498,g1post,V1,7,Adrive,0.06862468039585136
3499,g1post,V1,7,Adrive,0.22337877177373733
3500,g1post,V1,7,Adrive,-0.16033517323823504
3501,g1post,V1,7,Adrive,0.34018106223359923
3502,g1post,V1,7,Adrive,0.37735260010426336
3503,g1post,V1,7,Adrive,0.4320604773979636
3504,g1post,V1,7,Adrive,0.029722237631600246
3505,g1post,V1,7,Adrive,0.3659191690170687
3506,g1post,V1,7,Adrive,-0.12370661053829994
3507,g1post,V1,7,Adrive,0.10954987147020405
3508,g1post,V1,7,Adrive,-0.02269832000911263
3509,g1post,V1,7,Adrive,-0.19511207087986718
3510,g1post,V1,7,Adrive,-0.10164380202245286
3511,g1post,V1,7,Adrive,-0.14169624283521112
3512,g1post,V1,7,Adrive,-0.0017103036767798878
3513,g1post,V1,7,Adrive,0.04658703422241915
3514,g1post,V1,7,Adrive,0.06334948748683034
3515,g1post,V1,7,Adrive,0.2649136193431444
3516,g1post,V1,7,Adrive,0.06130052231562763
3517,g1post,V1,7,Adrive,0.15162850989571905
3518,g1post,V1,7,Adrive,0.3239926310615933
3519,g1post,V1,7,Adrive,0.12681965153597385
3520,g1post,V1,7,Adrive,0.17238968445814778
3521,g1post,V1,7,Adrive,-0.11895925825019514
3522,g1post,V1,7,Adrive,0.10079569331339587
3523,g1post,V1,7,Adrive,0.1287498157150608
3524,g1post,V1,7,Adrive,-0.10595611425722183
3525,g1post,V1,7,Adrive,0.3548815632878809
3526,g1post,V1,7,Adrive,0.13850724538885353
3527,g1post,V1,7,Adrive,0.1644896307867836
3528,g1post,V1,7,Adrive,0.6000239907124431
3529,g1post,V1,7,Adrive,0.3041500055670952
3530,g1post,V1,7,Adrive,-0.08936202564476511
3531,g1post,V1,7,Adrive,-0.048855812758953565
3532,g1post,V1,7,Adrive,0.4565100544863747
3533,g1post,V1,7,Adrive,-0.12143890369820852
3534,g1post,V1,7,Adrive,-0.007604649176074773
3535,g1post,V1,7,Adrive,0.027419714180239366
3536,g1post,V1,7,Adrive,0.14905900227133834
3537,g1post,V1,7,Adrive,0.19111005633479297
3538,g1post,V1,7,Adrive,-0.12808617336836295
3539,g1post,V1,7,Adrive,0.2844516310985567
3540,g1post,V1,7,Adrive,0.0395581128350324
3541,g1post,V1,7,Adrive,0.008029698482829674
3542,g1post,V1,7,Adrive,-0.24143874787461336
3543,g1post,V1,7,Adrive,-0.14790404744599986
3544,g1post,V1,7,Adrive,0.3329349128362108
3545,g1post,V1,7,Adrive,-0.14585315041121957
3546,g1post,V1,7,Adrive,-0.10036908775730284
3547,g1post,V1,7,Adrive,0.5625434449363904
3548,g1post,V1,7,Adrive,0.16542094157685014
3549,g1post,V1,7,Adrive,0.02631511138915184
3550,g1post,V1,7,Adrive,0.1804462713074838
3551,g1post,V1,7,Adrive,0.24111005341644484
3552,g1post,V1,7,Adrive,0.1337153528370808
3553,g1post,V1,7,Adrive,0.13983409833308202
3554,g1post,V1,7,Adrive,0.2162769314156997
3555,g1post,V1,7,Adrive,0.47744370266115
3556,g1post,V1,7,Adrive,0.22940148209802622
3557,g1post,V1,7,Adrive,0.30753660638644514
3558,g1post,V1,7,Adrive,0.2526928874581502
3559,g1post,V1,7,Adrive,0.13532946645988364
3560,g1post,V1,7,Adrive,0.1399559930309553
3561,g1post,V1,7,Adrive,0.19131323962003136
3562,g1post,V1,7,Adrive,0.20362196573630958
3563,g1post,V1,7,Adrive,0.28193160998681455
3564,g1post,V1,7,Adrive,-0.12355631641081312
3565,g1post,V1,7,Adrive,-0.15135046496526072
3566,g1post,V1,7,Adrive,0.09249531305892583
3567,g1post,V1,7,Adrive,0.2819115168561108
3568,g1post,V1,7,Adrive,0.040481288595636024
3569,g1post,V1,7,Adrive,-0.11610455907210003
3570,g1post,V1,7,Adrive,0.2563549591223537
3571,g1post,V1,7,Adrive,0.19926899835691922
3572,g1post,V1,7,Adrive,-0.05431923736952093
3573,g1post,V1,7,Adrive,0.13713814548457828
3574,g1post,V1,7,Adrive,0.12694508899727763
3575,g1post,V1,7,Adrive,0.31995613643103543
3576,g1post,V1,7,Adrive,0.19709085565503648
3577,g1post,V1,7,Adrive,0.12936268190127767
3578,g1post,V1,7,Adrive,0.3657102693946043
3579,g1post,V1,2,Motordrive,0.05612528906571556
3580,g1post,V1,2,Motordrive,0.02117543402439552
3581,g1post,V1,2,Motordrive,0.046349506445157326
3582,g1post,V1,2,Motordrive,0.024048422263883394
3583,g1post,V1,2,Motordrive,0.017005485591332508
3584,g1post,V1,2,Motordrive,-0.020508676947602087
3585,g1post,V1,2,Motordrive,0.0024083893179569246
3586,g1post,V1,2,Motordrive,-0.0025856152429652585
3587,g1post,V1,2,Motordrive,0.033302475498670665
3588,g1post,V1,2,Motordrive,0.006316723561566619
3589,g1post,V1,2,Motordrive,0.02571707396487119
3590,g1post,V1,2,Motordrive,-0.0005542488112496529
3591,g1post,V1,2,Motordrive,0.011084948229869114
3592,g1post,V1,2,Motordrive,-0.022860334830116204
3593,g1post,V1,2,Motordrive,0.02003800409599856
3594,g1post,V1,2,Motordrive,0.014607644041439855
3595,g1post,V1,2,Motordrive,0.010634268497475476
3596,g1post,V1,2,Motordrive,0.0011801798056342077
3597,g1post,V1,2,Motordrive,0.009899176622349605
3598,g1post,V1,2,Motordrive,-0.0015823346887489217
3599,g1post,V1,2,Motordrive,-0.006665570593425548
3600,g1post,V1,2,Motordrive,0.023685441455983842
3601,g1post,V1,2,Motordrive,0.010195983287261633
3602,g1post,V1,2,Motordrive,0.004375587252017153
3603,g1post,V1,2,Motordrive,0.0040999466949168985
3604,g1post,V1,2,Motordrive,-0.011003333514964206
3605,g1post,V1,2,Motordrive,0.051912427484218676
3606,g1post,V1,2,Motordrive,0.00628593402676331
3607,g1post,V1,2,Motordrive,0.0027733467705532513
3608,g1post,V1,2,Motordrive,-0.013199700811745029
3609,g1post,V1,2,Motordrive,-0.010578862030980673
3610,g1post,V1,2,Motordrive,-0.009754918071130717
3611,g1post,V1,2,Motordrive,0.006458632837389926
3612,g1post,V1,2,Motordrive,0.013423680653403982
3613,g1post,V1,2,Motordrive,-0.023428449923415216
3614,g1post,V1,2,Motordrive,-0.019241775230844273
3615,g1post,V1,2,Motordrive,0.028382882019673206
3616,g1post,V1,2,Motordrive,-0.0017044337302977559
3617,g1post,V1,2,Motordrive,0.010657769574922763
3618,g1post,V1,2,Motordrive,0.00928866119326242
3619,g1post,V1,2,Motordrive,0.006725855688960224
3620,g1post,V1,2,Motordrive,-0.01636332766648756
3621,g1post,V1,2,Motordrive,0.002099564330966035
3622,g1post,V1,2,Motordrive,-0.0030540597843092708
3623,g1post,V1,2,Motordrive,0.01784514362754124
3624,g1post,V1,2,Motordrive,0.012676933601153571
3625,g1post,V1,2,Motordrive,0.022672518618027274
3626,g1post,V1,2,Motordrive,-0.025821653820856053
3627,g1post,V1,2,Motordrive,0.004099570705842677
3628,g1post,V1,2,Motordrive,0.001348643707668669
3629,g1post,V1,2,Motordrive,0.018811837096097243
3630,g1post,V1,2,Motordrive,0.04085638844994721
3631,g1post,V1,2,Motordrive,0.0218465646658567
3632,g1post,V1,2,Motordrive,0.02656579658729195
3633,g1post,V1,2,Motordrive,0.009400250443273668
3634,g1post,V1,2,Motordrive,0.014058469563501243
3635,g1post,V1,2,Motordrive,0.0041875059662069775
3636,g1post,V1,2,Motordrive,0.018257941305611307
3637,g1post,V1,2,Motordrive,-0.0013481269801801647
3638,g1post,V1,2,Motordrive,0.015252338560223486
3639,g1post,V1,2,Motordrive,0.05028529988504766
3640,g1post,V1,2,Motordrive,0.008805990999790767
3641,g1post,V1,2,Motordrive,0.003267552746701095
3642,g1post,V1,2,Motordrive,0.0455439440445903
3643,g1post,V1,2,Motordrive,0.01902628349016343
3644,g1post,V1,2,Motordrive,0.035615853172150665
3645,g1post,V1,2,Motordrive,0.017121618382303208
3646,g1post,V1,2,Motordrive,0.010118271023262512
3647,g1post,V1,2,Motordrive,0.013642545790706041
3648,g1post,V1,2,Motordrive,0.025407130730145076
3649,g1post,V1,2,Motordrive,0.013959314257094355
3650,g1post,V1,2,Motordrive,0.019426734635429287
3651,g1post,V1,2,Motordrive,0.001715424001027406
3652,g1post,V1,2,Motordrive,0.03329936598279967
3653,g1post,V1,2,Motordrive,0.0012931569656961584
3654,g1post,V1,2,Motordrive,0.03431960856370607
3655,g1post,V1,2,Motordrive,0.018451627897008535
3656,g1post,V1,2,Motordrive,-0.004925891003170787
3657,g1post,V1,2,Motordrive,0.02429094636977566
3658,g1post,V1,2,Motordrive,0.04909330908615252
3659,g1post,V1,2,Motordrive,0.026050378991491242
3660,g1post,V1,2,Motordrive,0.004283602000644756
3661,g1post,V1,2,Motordrive,0.018514046305128106
3662,g1post,V1,2,Motordrive,-0.013504263489511975
3663,g1post,V1,2,Motordrive,0.007894220059755574
3664,g1post,V1,2,Motordrive,-0.0099287735850631
3665,g1post,V1,2,Motordrive,0.0028755338925418664
3666,g1post,V1,2,Motordrive,0.038672947886304126
3667,g1post,V1,2,Motordrive,0.010147517976332258
3668,g1post,V1,2,Motordrive,-0.007820938662787399
3669,g1post,V1,2,Motordrive,-0.0023200577775967955
3670,g1post,V1,2,Motordrive,0.011020977473673891
3671,g1post,V1,2,Motordrive,0.024019901807572533
3672,g1post,V1,2,Motordrive,0.010634811381435837
3673,g1post,V1,2,Motordrive,-0.021187131210596892
3674,g1post,V1,2,Motordrive,0.011680703170456837
3675,g1post,V1,2,Motordrive,0.019136442899480504
3676,g1post,V1,2,Motordrive,-0.017383252981343033
3677,g1post,V1,2,Motordrive,0.008061266384220823
3678,g1post,V1,2,Motordrive,-0.012256387394491402
3679,g1post,V1,2,Motordrive,0.011995599442891448
3680,g1post,V1,2,Motordrive,-0.00202962113888193
3681,g1post,V1,2,Motordrive,-0.0062391346189759386
3682,g1post,V1,2,Motordrive,0.008852290671556675
3683,g1post,V1,2,Motordrive,-0.005824417381860879
3684,g1post,V1,2,Motordrive,0.003180952793706263
3685,g1post,V1,2,Motordrive,0.016198717396988995
3686,g1post,V1,2,Motordrive,0.02682319755835808
3687,g1post,V1,2,Motordrive,0.03521016093012306
3688,g1post,V1,2,Motordrive,0.020475417631416745
3689,g1post,V1,2,Motordrive,0.007747658084556992
3690,g1post,V1,2,Motordrive,-0.025059381255801143
3691,g1post,V1,2,Motordrive,-0.0025039521570409087
3692,g1post,V1,2,Motordrive,0.006405055721007199
3693,g1post,V1,2,Motordrive,0.018592937951796354
3694,g1post,V1,2,Motordrive,-0.00560036216217597
3695,g1post,V1,2,Motordrive,0.03144387772626836
3696,g1post,V1,2,Motordrive,-0.00931210893860887
3697,g1post,V1,2,Motordrive,0.00026539381079555293
3698,g1post,V1,2,Motordrive,-0.018280525887629368
3699,g1post,V1,2,Motordrive,0.001429518307003159
3700,g1post,V1,2,Motordrive,0.03245789840739337
3701,g1post,V1,2,Motordrive,-0.009824062136701905
3702,g1post,V1,2,Motordrive,0.021655617566908234
3703,g1post,V1,2,Motordrive,0.014202750240834557
3704,g1post,V1,2,Motordrive,-0.021185563212546263
3705,g1post,V1,2,Motordrive,0.03846746693203768
3706,g1post,V1,2,Motordrive,-0.008161545570157601
3707,g1post,V1,2,Motordrive,-0.03276792824099563
3708,g1post,V1,2,Motordrive,-0.02236429815480119
3709,g1post,V1,2,Motordrive,-0.006777614036244814
3710,g1post,V1,2,Motordrive,-0.031266200666241487
3711,g1post,V1,2,Motordrive,-0.006737954093049264
3712,g1post,V1,2,Motordrive,-0.0018408214232630477
3713,g1post,V1,2,Motordrive,0.04121114024857092
3714,g1post,V1,2,Motordrive,-0.009038898395707795
3715,g1post,V1,2,Motordrive,-0.013905001883498937
3716,g1post,V1,2,Motordrive,0.0018502404215842531
3717,g1post,V1,2,Motordrive,0.006753239319365181
3718,g1post,V1,2,Motordrive,-0.02525517394144826
3719,g1post,V1,2,Motordrive,-0.004553290306319494
3720,g1post,V1,2,Motordrive,-0.03662359918019112
3721,g1post,V1,2,Motordrive,0.013980181198210444
3722,g1post,V1,2,Motordrive,-0.0264871557730053
3723,g1post,V1,2,Motordrive,-0.022192397781826967
3724,g1post,V1,2,Motordrive,-0.006353368300660447
3725,g1post,V1,2,Motordrive,0.009298961655562387
3726,g1post,V1,2,Motordrive,-0.0038716022879379808
3727,g1post,V1,2,Motordrive,0.014321585041062665
3728,g1post,V1,2,Motordrive,0.023832739231181902
3729,g1post,V1,2,Motordrive,-0.002504762145676714
3730,g1post,V1,2,Motordrive,-0.006113843341427306
3731,g1post,V1,2,Motordrive,0.018255500206823542
3732,g1post,V1,2,Motordrive,-0.012026099622932798
3733,g1post,V1,2,Motordrive,0.07440680044552449
3734,g1post,V1,2,Motordrive,0.01189766781437182
3735,g1post,V1,2,Motordrive,0.02680880523281188
3736,g1post,V1,2,Motordrive,0.018769443094885468
3737,g1post,V1,2,Motordrive,0.014354062560445602
3738,g1post,V1,2,Motordrive,0.023093300876586495
3739,g1post,V1,2,Motordrive,-0.00225388851680953
3740,g1post,V1,2,Motordrive,0.01595520611614741
3741,g1post,V1,2,Motordrive,0.03113277758784009
3742,g1post,V1,2,Motordrive,0.03940788112200524
3743,g1post,V1,2,Motordrive,-0.001915196041572796
3744,g1post,V1,2,Motordrive,0.017076755684484152
3745,g1post,V1,2,Motordrive,0.0055167530472156265
3746,g1post,V1,2,Motordrive,0.01275142282536258
3747,g1post,V1,2,Motordrive,-0.026044722237687962
3748,g1post,V1,2,Motordrive,0.011203809636436501
3749,g1post,V1,2,Motordrive,0.010400930983456404
3750,g1post,V1,2,Motordrive,0.02128859795851229
3751,g1post,V1,2,Motordrive,-0.01611690699215157
3752,g1post,V1,2,Motordrive,-0.01284024062378406
3753,g1post,V1,2,Motordrive,-0.030643167262093613
3754,g1post,V1,2,Motordrive,0.05202499665428578
3755,g1post,V1,2,Motordrive,0.0012634776845609093
3756,g1post,V1,2,Motordrive,0.046370792799221336
3757,g1post,V1,2,Motordrive,-0.0027624793897129984
3758,g1post,V1,2,Motordrive,-0.01357916494142948
3759,g1post,V1,2,Motordrive,0.049594664443202215
3760,g1post,V1,2,Motordrive,0.003457695012210461
3761,g1post,V1,2,Motordrive,-0.000497472474579881
3762,g1post,V1,2,Motordrive,-0.013864139990521074
3763,g1post,V1,2,Motordrive,0.03250540932097035
3764,g1post,V1,2,Motordrive,0.007085609514697049
3765,g1post,V1,2,Motordrive,-0.01554482966833474
3766,g1post,V1,2,Motordrive,0.013960657225085916
3767,g1post,V1,2,Motordrive,0.028329176314418912
3768,g1post,V1,2,Motordrive,0.004438885926516951
3769,g1post,V1,2,Motordrive,-0.00427474410108165
3770,g1post,V1,2,Motordrive,-0.008045706464118958
3771,g1post,V1,2,Motordrive,-0.002954647795851305
3772,g1post,V1,2,Motordrive,0.013069207916482885
3773,g1post,V1,2,Motordrive,-0.015537152032308887
3774,g1post,V1,2,Motordrive,-0.0017280480621761287
3775,g1post,V1,2,Motordrive,0.010545145218712046
3776,g1post,V1,2,Motordrive,-0.005256227226311291
3777,g1post,V1,2,Motordrive,-0.006418557378062967
3778,g1post,V1,2,Motordrive,-0.027531977418412144
3779,g1post,V1,2,Motordrive,0.0029493997907024173
3780,g1post,V1,2,Motordrive,-0.03126254491596912
3781,g1post,V1,2,Motordrive,0.03986530284524445
3782,g1post,V1,2,Motordrive,0.011220313119550828
3783,g1post,V1,2,Motordrive,0.014748444718910675
3784,g1post,V1,2,Motordrive,0.021247665268796092
3785,g1post,V1,2,Motordrive,0.015164007363560793
3786,g1post,V1,2,Motordrive,0.02235808772254007
3787,g1post,V1,2,Motordrive,0.03358631970967543
3788,g1post,V1,2,Motordrive,-0.006046665321905616
3789,g1post,V1,2,Motordrive,-0.02139543316245163
3790,g1post,V1,2,Motordrive,-0.01342285055242634
3791,g1post,V1,2,Motordrive,0.01867592095421947
3792,g1post,V1,2,Motordrive,-0.04895431033426201
3793,g1post,V1,2,Motordrive,0.03165063625174419
3794,g1post,V1,2,Motordrive,0.040922635481426314
3795,g1post,V1,2,Motordrive,0.021783262052884406
3796,g1post,V1,2,Motordrive,0.022258352484281724
3797,g1post,V1,2,Motordrive,0.02007764984720239
3798,g1post,V1,2,Motordrive,0.02852363508908033
3799,g1post,V1,2,Motordrive,0.0067662355204049065
3800,g1post,V1,2,Motordrive,0.0006245629979140235
3801,g1post,V1,2,Motordrive,0.00873977984172761
3802,g1post,V1,2,Motordrive,-0.003132913907821372
3803,g1post,V1,2,Motordrive,0.03079147239154173
3804,g1post,V1,2,Motordrive,0.008556877325218886
3805,g1post,V1,2,Motordrive,0.05600666068298563
3806,g1post,V1,2,Motordrive,-0.005689609240434701
3807,g1post,V1,2,Motordrive,0.0011573330400906263
3808,g1post,V1,2,Motordrive,-0.0031392097198299704
3809,g1post,V1,2,Motordrive,-0.009424940773971172
3810,g1post,V1,2,Motordrive,0.03280571861265849
3811,g1post,V1,2,Motordrive,0.006620387744424166
3812,g1post,V1,2,Motordrive,0.015192235867910702
3813,g1post,V1,2,Motordrive,0.008959609887419296
3814,g1post,V1,2,Motordrive,0.030760959467685
3815,g1post,V1,2,Motordrive,0.08211778862537095
3816,g1post,V1,2,Motordrive,0.021940949780196325
3817,g1post,V1,2,Motordrive,0.007297954179835146
3818,g1post,V1,2,Motordrive,0.011428738376823953
3819,g1post,V1,2,Motordrive,-0.001281850546258323
3820,g1post,V1,2,Motordrive,-0.0019388567298762609
3821,g1post,V1,2,Motordrive,0.040758477084886516
3822,g1post,V1,2,Motordrive,0.004211827705644723
3823,g1post,V1,2,Motordrive,0.017458167440468953
3824,g1post,V1,2,Motordrive,0.00032783780417397495
3825,g1post,V1,2,Motordrive,-0.0026739342131435356
3826,g1post,V1,2,Motordrive,-0.010950050478567603
3827,g1post,V1,2,Motordrive,-0.011914390753021961
3828,g1post,V1,2,Motordrive,0.029789626273189703
3829,g1post,V1,2,Motordrive,-0.023284895530242315
3830,g1post,V1,2,Motordrive,0.014286722266067182
3831,g1post,V1,2,Motordrive,-0.023162504380612937
3832,g1post,V1,2,Motordrive,-0.004306248414699678
3833,g1post,V1,2,Motordrive,0.014922563306723608
3834,g1post,V1,2,Motordrive,0.010839822231112933
3835,g1post,V1,2,Motordrive,0.03585347648105395
3836,g1post,V1,2,Motordrive,-0.007334011457413795
3837,g1post,V1,2,Motordrive,0.030555676532140464
3838,g1post,V1,2,Motordrive,0.050898233448216236
3839,g1post,V1,2,Motordrive,-0.000604025551002604
3840,g1post,V1,2,Motordrive,0.03012191481853608
3841,g1post,V1,2,Motordrive,-0.011467291911685275
3842,g1post,V1,2,Motordrive,0.0005359687161294839
3843,g1post,V1,2,Motordrive,-0.015150326867481644
3844,g1post,V1,2,Motordrive,0.026145068565476187
3845,g1post,V1,2,Motordrive,0.007011899504322978
3846,g1post,V1,2,Motordrive,-0.011357469211581254
3847,g1post,V1,2,Motordrive,-0.012946618882790561
3848,g1post,V1,2,Motordrive,0.026385058728027728
3849,g1post,V1,2,Motordrive,0.014853768225047626
3850,g1post,V1,2,Motordrive,-0.021009682461150227
3851,g1post,V1,2,Motordrive,-0.012156308635184907
3852,g1post,V1,2,Motordrive,-0.0218522747784031
3853,g1post,V1,2,Motordrive,-0.00802682078163624
3854,g1post,V1,2,Motordrive,-0.009040014404028046
3855,g1post,V1,2,Motordrive,-0.004026831932761781
3856,g1post,V1,2,Motordrive,-0.004251698586290108
3857,g1post,V1,2,Motordrive,0.0005534628525540472
3858,g1post,V1,2,Motordrive,0.0353421556525573
3859,g1post,V1,2,Motordrive,-0.004757605073047748
3860,g1post,V1,2,Motordrive,0.03279802791593377
3861,g1post,V1,2,Motordrive,0.01085544337101327
3862,g1post,V1,2,Motordrive,-0.0034886298337706944
3863,g1post,V1,2,Motordrive,0.04722520754908798
3864,g1post,V1,2,Motordrive,-0.0020453236190036946
3865,g1post,V1,2,Motordrive,0.022175751229221552
3866,g1post,V1,3,Motordrive,0.023939817514363596
3867,g1post,V1,3,Motordrive,-0.00485819598988922
3868,g1post,V1,3,Motordrive,-0.07842313585779075
3869,g1post,V1,3,Motordrive,-0.0472696245410158
3870,g1post,V1,3,Motordrive,-0.04045342640322706
3871,g1post,V1,3,Motordrive,0.04674556851454652
3872,g1post,V1,3,Motordrive,0.008648672552402257
3873,g1post,V1,3,Motordrive,-0.004366242698339134
3874,g1post,V1,3,Motordrive,0.022777267995830113
3875,g1post,V1,3,Motordrive,-0.014912159430346067
3876,g1post,V1,3,Motordrive,0.017081105503527847
3877,g1post,V1,3,Motordrive,0.060372765457474706
3878,g1post,V1,3,Motordrive,-0.05081240854398596
3879,g1post,V1,3,Motordrive,0.10311342875749094
3880,g1post,V1,3,Motordrive,-0.07412168593888496
3881,g1post,V1,3,Motordrive,0.10227654839362962
3882,g1post,V1,3,Motordrive,0.12732718790033407
3883,g1post,V1,3,Motordrive,0.04725744702645026
3884,g1post,V1,3,Motordrive,-0.05542934472822372
3885,g1post,V1,3,Motordrive,-0.03683945328743291
3886,g1post,V1,3,Motordrive,0.0449306592457783
3887,g1post,V1,3,Motordrive,0.040236351541389916
3888,g1post,V1,3,Motordrive,-0.032500901053563326
3889,g1post,V1,3,Motordrive,-0.015009360265479074
3890,g1post,V1,3,Motordrive,0.00680075859272345
3891,g1post,V1,3,Motordrive,-0.042459170072077224
3892,g1post,V1,3,Motordrive,0.03639663248830393
3893,g1post,V1,3,Motordrive,0.021366104805597325
3894,g1post,V1,3,Motordrive,0.03239427236872291
3895,g1post,V1,3,Motordrive,0.026218990409234512
3896,g1post,V1,3,Motordrive,-0.25733156366834453
3897,g1post,V1,3,Motordrive,0.039681317858292195
3898,g1post,V1,3,Motordrive,0.01802805168847755
3899,g1post,V1,3,Motordrive,-0.0123956595772145
3900,g1post,V1,3,Motordrive,-0.17646804992692336
3901,g1post,V1,3,Motordrive,0.04773728011335067
3902,g1post,V1,3,Motordrive,-0.013014756104683056
3903,g1post,V1,3,Motordrive,0.04232247752065305
3904,g1post,V1,3,Motordrive,0.01550324277886903
3905,g1post,V1,3,Motordrive,-0.014611102354742956
3906,g1post,V1,3,Motordrive,0.03188564352205039
3907,g1post,V1,3,Motordrive,-0.011802131578843284
3908,g1post,V1,3,Motordrive,0.022604521109570005
3909,g1post,V1,3,Motordrive,0.1033031612477142
3910,g1post,V1,3,Motordrive,0.11966701274590867
3911,g1post,V1,3,Motordrive,-0.014841597363738253
3912,g1post,V1,3,Motordrive,0.038058585880079515
3913,g1post,V1,3,Motordrive,-0.015716192462668473
3914,g1post,V1,3,Motordrive,0.002513252255554955
3915,g1post,V1,3,Motordrive,0.028327483370459986
3916,g1post,V1,3,Motordrive,0.03465678531209095
3917,g1post,V1,3,Motordrive,0.023813761873095092
3918,g1post,V1,3,Motordrive,-0.009346053764613995
3919,g1post,V1,3,Motordrive,-0.13171632109122428
3920,g1post,V1,3,Motordrive,0.06390229750436839
3921,g1post,V1,3,Motordrive,-0.0797537854782752
3922,g1post,V1,3,Motordrive,-0.1801055774222177
3923,g1post,V1,3,Motordrive,0.03356591866624552
3924,g1post,V1,3,Motordrive,0.06635800979252143
3925,g1post,V1,3,Motordrive,0.07040801430598499
3926,g1post,V1,3,Motordrive,-0.015530564449089686
3927,g1post,V1,3,Motordrive,0.05151489552591772
3928,g1post,V1,3,Motordrive,-0.08011707524889314
3929,g1post,V1,3,Motordrive,0.005561104560205048
3930,g1post,V1,3,Motordrive,0.012814319343152494
3931,g1post,V1,3,Motordrive,0.05453231249325967
3932,g1post,V1,3,Motordrive,-0.020673532925656494
3933,g1post,V1,3,Motordrive,0.04721926374314163
3934,g1post,V1,3,Motordrive,-0.0006556047295754813
3935,g1post,V1,3,Motordrive,0.07943664169037311
3936,g1post,V1,3,Motordrive,-0.04947538825013213
3937,g1post,V1,3,Motordrive,0.0675387186094392
3938,g1post,V1,3,Motordrive,0.05400915210505518
3939,g1post,V1,3,Motordrive,-0.030360249677331124
3940,g1post,V1,3,Motordrive,0.06163831081708688
3941,g1post,V1,3,Motordrive,-0.03779404802955009
3942,g1post,V1,3,Motordrive,0.03359950512535478
3943,g1post,V1,3,Motordrive,-0.24056721374194123
3944,g1post,V1,3,Motordrive,0.04484122664644855
3945,g1post,V1,3,Motordrive,-0.06101040323649455
3946,g1post,V1,3,Motordrive,-0.00022750709379469665
3947,g1post,V1,3,Motordrive,0.01873996262154121
3948,g1post,V1,3,Motordrive,0.0036929167139784346
3949,g1post,V1,3,Motordrive,0.06262954829352119
3950,g1post,V1,3,Motordrive,0.045011545097990296
3951,g1post,V1,3,Motordrive,-0.0239568968607358
3952,g1post,V1,3,Motordrive,-0.011149669106339586
3953,g1post,V1,3,Motordrive,-0.08627644266708855
3954,g1post,V1,3,Motordrive,-0.07310536738639938
3955,g1post,V1,3,Motordrive,0.01382212593675492
3956,g1post,V1,3,Motordrive,0.04169082040980707
3957,g1post,V1,3,Motordrive,0.07988182058978202
3958,g1post,V1,3,Motordrive,0.05577549632096804
3959,g1post,V1,3,Motordrive,0.04358672923540895
3960,g1post,V1,3,Motordrive,0.036922393481348355
3961,g1post,V1,3,Motordrive,0.006740393366943311
3962,g1post,V1,3,Motordrive,0.07903951545521387
3963,g1post,V1,3,Motordrive,0.006905529462241602
3964,g1post,V1,3,Motordrive,0.11978099413943077
3965,g1post,V1,3,Motordrive,0.011224379661010817
3966,g1post,V1,3,Motordrive,-0.052124275228766385
3967,g1post,V1,3,Motordrive,0.04131623906051737
3968,g1post,V1,3,Motordrive,-0.011058624210350048
3969,g1post,V1,3,Motordrive,-0.07724596970871246
3970,g1post,V1,3,Motordrive,0.09191415284745559
3971,g1post,V1,3,Motordrive,0.02245195803790549
3972,g1post,V1,3,Motordrive,0.01937524218795618
3973,g1post,V1,3,Motordrive,-0.02077446897556884
3974,g1post,V1,3,Motordrive,0.022478917795302665
3975,g1post,V1,3,Motordrive,0.04125126754478758
3976,g1post,V1,3,Motordrive,0.03881509951303403
3977,g1post,V1,3,Motordrive,-0.2876226850465975
3978,g1post,V1,3,Motordrive,-0.06316609311666574
3979,g1post,V1,3,Motordrive,0.01266305773338088
3980,g1post,V1,3,Motordrive,0.056729673921239905
3981,g1post,V1,3,Motordrive,-0.044324129748082634
3982,g1post,V1,3,Motordrive,0.023844184890433502
3983,g1post,V1,3,Motordrive,-0.002766278540622325
3984,g1post,V1,3,Motordrive,0.022740657570884042
3985,g1post,V1,3,Motordrive,-0.020176984257652908
3986,g1post,V1,3,Motordrive,-0.0011055179734140897
3987,g1post,V1,3,Motordrive,0.030925215309529137
3988,g1post,V1,3,Motordrive,0.09735619472312948
3989,g1post,V1,3,Motordrive,0.0622201843966767
3990,g1post,V1,3,Motordrive,0.029736009332909367
3991,g1post,V1,3,Motordrive,-0.09159727127264268
3992,g1post,V1,3,Motordrive,0.06128606758474099
3993,g1post,V1,3,Motordrive,0.05732607781637249
3994,g1post,V1,3,Motordrive,0.10669473924614657
3995,g1post,V1,3,Motordrive,0.05122122997021004
3996,g1post,V1,3,Motordrive,0.038299335285066516
3997,g1post,V1,3,Motordrive,0.04008462604459883
3998,g1post,V1,3,Motordrive,0.005231979471710584
3999,g1post,V1,3,Motordrive,0.03602937741370022
4000,g1post,V1,3,Motordrive,0.10495719450148899
4001,g1post,V1,3,Motordrive,0.019444334032021532
4002,g1post,V1,3,Motordrive,0.061892415866699926
4003,g1post,V1,3,Motordrive,0.08256652847067601
4004,g1post,V1,3,Motordrive,0.05286885913073342
4005,g1post,V1,3,Motordrive,-0.07817245506502667
4006,g1post,V1,3,Motordrive,-0.006930623130503117
4007,g1post,V1,3,Motordrive,0.03313584083242113
4008,g1post,V1,3,Motordrive,-0.20982719263890393
4009,g1post,V1,3,Motordrive,0.04506431103173039
4010,g1post,V1,3,Motordrive,0.018557136561918385
4011,g1post,V1,3,Motordrive,0.0036281058342843516
4012,g1post,V1,3,Motordrive,0.013316119417699506
4013,g1post,V1,3,Motordrive,0.05556936873499651
4014,g1post,V1,3,Motordrive,-0.020046682785481253
4015,g1post,V1,3,Motordrive,-0.035830204707018296
4016,g1post,V1,3,Motordrive,0.03803267940222362
4017,g1post,V1,3,Motordrive,0.0004032176941896813
4018,g1post,V1,3,Motordrive,-0.01194137799837952
4019,g1post,V1,3,Motordrive,-0.005175364607273737
4020,g1post,V1,3,Motordrive,-0.01966151656812485
4021,g1post,V1,3,Motordrive,0.06727363561053559
4022,g1post,V1,3,Motordrive,-0.024592895526505003
4023,g1post,V1,3,Motordrive,0.008336341355032617
4024,g1post,V1,3,Motordrive,0.04795489197398837
4025,g1post,V1,3,Motordrive,-0.04080828748542154
4026,g1post,V1,3,Motordrive,-0.026227039839271493
4027,g1post,V1,3,Motordrive,-0.010194836114152367
4028,g1post,V1,3,Motordrive,0.06400422795932292
4029,g1post,V1,3,Motordrive,0.0011062486923661427
4030,g1post,V1,3,Motordrive,-0.03184555695865447
4031,g1post,V1,3,Motordrive,0.019130283942488814
4032,g1post,V1,3,Motordrive,0.044503065979769316
4033,g1post,V1,3,Motordrive,-0.028841009747916566
4034,g1post,V1,3,Motordrive,-0.024230123010351653
4035,g1post,V1,3,Motordrive,0.06167836268545716
4036,g1post,V1,3,Motordrive,-0.09539846826128648
4037,g1post,V1,3,Motordrive,0.08770903572515877
4038,g1post,V1,3,Motordrive,0.010661361300777935
4039,g1post,V1,3,Motordrive,0.11205814841545043
4040,g1post,V1,3,Motordrive,0.04069576426901375
4041,g1post,V1,3,Motordrive,0.040931300693505326
4042,g1post,V1,3,Motordrive,-0.18949896298218366
4043,g1post,V1,3,Motordrive,0.042599218794798305
4044,g1post,V1,3,Motordrive,0.05810303778449276
4045,g1post,V1,3,Motordrive,0.05416810885530066
4046,g1post,V1,3,Motordrive,0.0033719868267883123
4047,g1post,V1,3,Motordrive,0.020159717821760778
4048,g1post,V1,3,Motordrive,0.008121773297463867
4049,g1post,V1,3,Motordrive,0.04917478084514451
4050,g1post,V1,3,Motordrive,0.054305176674075514
4051,g1post,V1,3,Motordrive,0.0768428725441523
4052,g1post,V1,3,Motordrive,-0.01412917737822776
4053,g1post,V1,3,Motordrive,-0.016772454778853144
4054,g1post,V1,3,Motordrive,-0.04065121326953927
4055,g1post,V1,3,Motordrive,-0.021112227177263222
4056,g1post,V1,3,Motordrive,0.030671586498230166
4057,g1post,V1,3,Motordrive,0.079494082035814
4058,g1post,V1,3,Motordrive,-0.015560023126672484
4059,g1post,V1,3,Motordrive,0.0912415023122576
4060,g1post,V1,3,Motordrive,0.013823650083429388
4061,g1post,V1,3,Motordrive,-0.04685929445401966
4062,g1post,V1,3,Motordrive,0.06533135357753721
4063,g1post,V1,3,Motordrive,0.00032619150975404706
4064,g1post,V1,3,Motordrive,0.10628843559409966
4065,g1post,V1,3,Motordrive,0.06909075338666743
4066,g1post,V1,3,Motordrive,-0.03935929297572499
4067,g1post,V1,3,Motordrive,0.10187529602813679
4068,g1post,V1,3,Motordrive,-0.16760869242142523
4069,g1post,V1,3,Motordrive,0.066176573601077
4070,g1post,V1,3,Motordrive,0.0382888793463474
4071,g1post,V1,3,Motordrive,0.01564314745729677
4072,g1post,V1,3,Motordrive,-0.012328927736055048
4073,g1post,V1,3,Motordrive,-0.022691170687375854
4074,g1post,V1,3,Motordrive,-0.04849905817143674
4075,g1post,V1,3,Motordrive,-0.0057104672318881175
4076,g1post,V1,3,Motordrive,0.04960809071334402
4077,g1post,V1,3,Motordrive,-0.20964166326195838
4078,g1post,V1,3,Motordrive,0.027728815480604654
4079,g1post,V1,3,Motordrive,0.09785142064026549
4080,g1post,V1,3,Motordrive,0.041704987279932354
4081,g1post,V1,3,Motordrive,-0.03814137901701074
4082,g1post,V1,3,Motordrive,-0.009008895345033453
4083,g1post,V1,3,Motordrive,-0.16080666970312138
4084,g1post,V1,3,Motordrive,-0.054290975005479254
4085,g1post,V1,3,Motordrive,0.020386732964917345
4086,g1post,V1,3,Motordrive,-0.0067447393779673645
4087,g1post,V1,3,Motordrive,0.034784477088298606
4088,g1post,V1,3,Motordrive,-0.10679084112096664
4089,g1post,V1,3,Motordrive,0.0393143937557721
4090,g1post,V1,3,Motordrive,0.03884342162294718
4091,g1post,V1,3,Motordrive,-0.022453548135395296
4092,g1post,V1,3,Motordrive,0.003863502516969328
4093,g1post,V1,3,Motordrive,0.08712190866495235
4094,g1post,V1,3,Motordrive,0.03061043961754359
4095,g1post,V1,3,Motordrive,0.029540061648967143
4096,g1post,V1,3,Motordrive,-0.0030836904837753666
4097,g1post,V1,3,Motordrive,0.03448827298654338
4098,g1post,V1,3,Motordrive,0.08849135093901188
4099,g1post,V1,3,Motordrive,0.048286200173075174
4100,g1post,V1,3,Motordrive,0.051162338276275844
4101,g1post,V1,3,Motordrive,0.10534221467335071
4102,g1post,V1,3,Motordrive,-0.024740436345645482
4103,g1post,V1,3,Motordrive,-0.0547864014592626
4104,g1post,V1,3,Motordrive,0.011152755689091255
4105,g1post,V1,3,Motordrive,0.04046768980166602
4106,g1post,V1,3,Motordrive,-0.042372345589528015
4107,g1post,V1,3,Motordrive,0.04546623400602556
4108,g1post,V1,3,Motordrive,0.02570841731371794
4109,g1post,V1,3,Motordrive,-0.02245462488200787
4110,g1post,V1,3,Motordrive,0.049375501577075896
4111,g1post,V1,3,Motordrive,-0.023053494833360468
4112,g1post,V1,3,Motordrive,-0.04105728454331277
4113,g1post,V1,3,Motordrive,0.07868389417737316
4114,g1post,V1,3,Motordrive,-0.037316218714982
4115,g1post,V1,3,Motordrive,-0.09469186776439924
4116,g1post,V1,3,Motordrive,0.05025265823260686
4117,g1post,V1,3,Motordrive,0.058374297537480115
4118,g1post,V1,3,Motordrive,0.05597754858809709
4119,g1post,V1,3,Motordrive,-0.06936106483417104
4120,g1post,V1,3,Motordrive,-0.015622136133254798
4121,g1post,V1,3,Motordrive,0.002260160753373663
4122,g1post,V1,3,Motordrive,0.005509792596224778
4123,g1post,V1,3,Motordrive,0.10598038494404327
4124,g1post,V1,3,Motordrive,0.030700283377255333
4125,g1post,V1,3,Motordrive,-0.05766433227593941
4126,g1post,V1,3,Motordrive,0.03098351489740551
4127,g1post,V1,3,Motordrive,0.01648737662799706
4128,g1post,V1,3,Motordrive,-0.3350403268860516
4129,g1post,V1,3,Motordrive,-0.02112707290752159
4130,g1post,V1,3,Motordrive,0.03710553297156121
4131,g1post,V1,3,Motordrive,-0.2197680105497269
4132,g1post,V1,3,Motordrive,-0.20217584557616633
4133,g1post,V1,3,Motordrive,0.04715701984683808
4134,g1post,V1,3,Motordrive,-0.017274766242897185
4135,g1post,V1,3,Motordrive,0.1446265674227001
4136,g1post,V1,3,Motordrive,0.03559596179274436
4137,g1post,V1,3,Motordrive,0.08034683989743935
4138,g1post,V1,3,Motordrive,-0.03998947318669576
4139,g1post,V1,3,Motordrive,-0.09928972547804632
4140,g1post,V1,3,Motordrive,0.02201566366041448
4141,g1post,V1,3,Motordrive,-0.021002935109452555
4142,g1post,V1,4,Motordrive,-0.012841866796260426
4143,g1post,V1,4,Motordrive,-0.17764744936204527
4144,g1post,V1,4,Motordrive,0.3782444888387063
4145,g1post,V1,4,Motordrive,-0.03583992957568945
4146,g1post,V1,4,Motordrive,0.4087753594826524
4147,g1post,V1,4,Motordrive,-0.09006131388262793
4148,g1post,V1,4,Motordrive,-0.3255306102226894
4149,g1post,V1,4,Motordrive,0.20168377535839455
4150,g1post,V1,4,Motordrive,-0.20383169699277331
4151,g1post,V1,4,Motordrive,-0.22010122275164834
4152,g1post,V1,4,Motordrive,0.10774218372401827
4153,g1post,V1,4,Motordrive,-0.39494149785939964
4154,g1post,V1,4,Motordrive,0.15369009283013463
4155,g1post,V1,4,Motordrive,0.08268385695108366
4156,g1post,V1,4,Motordrive,0.29915471225555584
4157,g1post,V1,4,Motordrive,0.1437264136329672
4158,g1post,V1,4,Motordrive,-0.04474368369000868
4159,g1post,V1,4,Motordrive,-0.03068649556545554
4160,g1post,V1,4,Motordrive,0.11600171746401916
4161,g1post,V1,4,Motordrive,0.4985513547872899
4162,g1post,V1,4,Motordrive,0.20730851231122488
4163,g1post,V1,4,Motordrive,0.16379813049904932
4164,g1post,V1,4,Motordrive,0.0786743336328048
4165,g1post,V1,4,Motordrive,-0.16071818248595512
4166,g1post,V1,4,Motordrive,-0.13010408804784349
4167,g1post,V1,4,Motordrive,-0.38538791446195475
4168,g1post,V1,4,Motordrive,0.023577401131052663
4169,g1post,V1,4,Motordrive,0.16950977721284546
4170,g1post,V1,4,Motordrive,0.0192392315444322
4171,g1post,V1,4,Motordrive,0.05788670556044943
4172,g1post,V1,4,Motordrive,-0.28237368647694405
4173,g1post,V1,4,Motordrive,-0.06101304115660052
4174,g1post,V1,4,Motordrive,-0.036143521574232194
4175,g1post,V1,4,Motordrive,0.11308802682361237
4176,g1post,V1,4,Motordrive,0.10379724867150646
4177,g1post,V1,4,Motordrive,0.13202263246383644
4178,g1post,V1,4,Motordrive,-0.050216767035689384
4179,g1post,V1,4,Motordrive,0.006570062207838666
4180,g1post,V1,4,Motordrive,-0.06823978041601189
4181,g1post,V1,4,Motordrive,0.18636525143151875
4182,g1post,V1,4,Motordrive,0.077424747627898
4183,g1post,V1,4,Motordrive,-0.32084125228160887
4184,g1post,V1,4,Motordrive,-0.24713632731663004
4185,g1post,V1,4,Motordrive,0.04802764095138545
4186,g1post,V1,4,Motordrive,-0.08194020119024965
4187,g1post,V1,4,Motordrive,0.1345119216486898
4188,g1post,V1,4,Motordrive,-0.25629767790524227
4189,g1post,V1,4,Motordrive,-0.0984156074477155
4190,g1post,V1,4,Motordrive,0.18929775817161318
4191,g1post,V1,4,Motordrive,0.3571518190676838
4192,g1post,V1,4,Motordrive,0.2532530154733308
4193,g1post,V1,4,Motordrive,-0.16558779725315464
4194,g1post,V1,4,Motordrive,0.17609366906074048
4195,g1post,V1,4,Motordrive,-0.18943586212614846
4196,g1post,V1,4,Motordrive,0.1683647078932352
4197,g1post,V1,4,Motordrive,-0.16498320549189854
4198,g1post,V1,4,Motordrive,-0.02037364301365569
4199,g1post,V1,4,Motordrive,-0.056963516104131875
4200,g1post,V1,4,Motordrive,0.14384958496409522
4201,g1post,V1,4,Motordrive,-0.06338784728263723
4202,g1post,V1,4,Motordrive,-0.017710063492302912
4203,g1post,V1,4,Motordrive,0.16449434697145093
4204,g1post,V1,4,Motordrive,0.020643808034800204
4205,g1post,V1,4,Motordrive,-0.04622920421452477
4206,g1post,V1,4,Motordrive,0.134944081872077
4207,g1post,V1,4,Motordrive,0.5077191287409802
4208,g1post,V1,4,Motordrive,0.1882498342619476
4209,g1post,V1,4,Motordrive,-0.18480072911823697
4210,g1post,V1,4,Motordrive,-0.004517540113955721
4211,g1post,V1,4,Motordrive,-0.6681830683025853
4212,g1post,V1,4,Motordrive,-0.26677532790891006
4213,g1post,V1,4,Motordrive,-0.08526557070167722
4214,g1post,V1,4,Motordrive,-0.06288505838076025
4215,g1post,V1,4,Motordrive,0.30836611589333607
4216,g1post,V1,4,Motordrive,-0.07430153272434496
4217,g1post,V1,4,Motordrive,0.3605084878691722
4218,g1post,V1,4,Motordrive,-0.4603161006405102
4219,g1post,V1,4,Motordrive,0.1741366303356891
4220,g1post,V1,4,Motordrive,0.42729870613325055
4221,g1post,V1,4,Motordrive,0.15637925883228698
4222,g1post,V1,4,Motordrive,-0.4814135142079715
4223,g1post,V1,4,Motordrive,0.1934387971409501
4224,g1post,V1,4,Motordrive,-0.38398329740848763
4225,g1post,V1,4,Motordrive,-0.42794708754269567
4226,g1post,V1,4,Motordrive,0.06089097442445383
4227,g1post,V1,4,Motordrive,-0.3566889828753764
4228,g1post,V1,4,Motordrive,0.4366034431011018
4229,g1post,V1,4,Motordrive,0.11977215902769227
4230,g1post,V1,4,Motordrive,-0.1987778424287235
4231,g1post,V1,4,Motordrive,0.2606233473379058
4232,g1post,V1,4,Motordrive,-0.6540283000689335
4233,g1post,V1,4,Motordrive,0.2809581552053011
4234,g1post,V1,4,Motordrive,0.2126135338587023
4235,g1post,V1,4,Motordrive,0.07477335812986312
4236,g1post,V1,4,Motordrive,0.06133432003626855
4237,g1post,V1,4,Motordrive,-0.05482331474065598
4238,g1post,V1,4,Motordrive,0.17970441996396916
4239,g1post,V1,4,Motordrive,-0.12457860102751099
4240,g1post,V1,4,Motordrive,-0.22347773612274022
4241,g1post,V1,4,Motordrive,0.09687240475054607
4242,g1post,V1,4,Motordrive,0.051314262556718886
4243,g1post,V1,4,Motordrive,-0.05340436940891698
4244,g1post,V1,4,Motordrive,0.1088171317064568
4245,g1post,V1,4,Motordrive,-0.5143739335300839
4246,g1post,V1,4,Motordrive,-0.10716950409291272
4247,g1post,V1,4,Motordrive,-0.11739873433302266
4248,g1post,V1,4,Motordrive,-0.21481382565285165
4249,g1post,V1,4,Motordrive,0.07287360959332773
4250,g1post,V1,5,Motordrive,0.08018562663755602
4251,g1post,V1,5,Motordrive,0.03618636486959031
4252,g1post,V1,5,Motordrive,0.10642319459131074
4253,g1post,V1,5,Motordrive,0.12638773590992947
4254,g1post,V1,5,Motordrive,0.21251215617190813
4255,g1post,V1,5,Motordrive,0.024853787346525873
4256,g1post,V1,5,Motordrive,0.12549679130021732
4257,g1post,V1,5,Motordrive,0.14548708770434632
4258,g1post,V1,5,Motordrive,0.056577066244103275
4259,g1post,V1,5,Motordrive,0.014179575380754959
4260,g1post,V1,5,Motordrive,0.018692008709164515
4261,g1post,V1,5,Motordrive,0.12561374466436048
4262,g1post,V1,5,Motordrive,0.13852142329735745
4263,g1post,V1,5,Motordrive,0.04715275687133305
4264,g1post,V1,5,Motordrive,0.09500972314082008
4265,g1post,V1,5,Motordrive,-0.0025163211918981052
4266,g1post,V1,5,Motordrive,-0.023888342958892132
4267,g1post,V1,5,Motordrive,0.05882207792184985
4268,g1post,V1,5,Motordrive,0.1696851673269314
4269,g1post,V1,5,Motordrive,0.10013581535660393
4270,g1post,V1,5,Motordrive,-0.0313350010767348
4271,g1post,V1,5,Motordrive,0.08815765389739884
4272,g1post,V1,5,Motordrive,0.01733213527507543
4273,g1post,V1,5,Motordrive,0.1483276696075643
4274,g1post,V1,5,Motordrive,0.15970149636803946
4275,g1post,V1,5,Motordrive,0.04113351856843729
4276,g1post,V1,5,Motordrive,0.07347634619741786
4277,g1post,V1,5,Motordrive,0.1092623500392542
4278,g1post,V1,5,Motordrive,0.10254365884070289
4279,g1post,V1,5,Motordrive,0.005432549503168747
4280,g1post,V1,5,Motordrive,0.08455074998548068
4281,g1post,V1,5,Motordrive,0.02102699399613011
4282,g1post,V1,5,Motordrive,0.1487508204358798
4283,g1post,V1,5,Motordrive,0.15589031427977376
4284,g1post,V1,5,Motordrive,-0.13817292907660328
4285,g1post,V1,5,Motordrive,0.08109935630811041
4286,g1post,V1,5,Motordrive,0.06226960240052299
4287,g1post,V1,5,Motordrive,-0.006705495513924301
4288,g1post,V1,5,Motordrive,-0.06452228485514258
4289,g1post,V1,5,Motordrive,0.12581941947970765
4290,g1post,V1,5,Motordrive,0.23948205086876656
4291,g1post,V1,5,Motordrive,0.06534647769683809
4292,g1post,V1,5,Motordrive,0.16757463697319078
4293,g1post,V1,5,Motordrive,0.013553964882125997
4294,g1post,V1,5,Motordrive,-0.1315209453746431
4295,g1post,V1,5,Motordrive,0.13947072323645948
4296,g1post,V1,5,Motordrive,0.2580315666219282
4297,g1post,V1,5,Motordrive,0.00897403567077626
4298,g1post,V1,5,Motordrive,0.10918276581272257
4299,g1post,V1,5,Motordrive,-0.16716814266521757
4300,g1post,V1,5,Motordrive,0.10173330854930195
4301,g1post,V1,6,Motordrive,0.07652975601813042
4302,g1post,V1,6,Motordrive,0.09023750801383215
4303,g1post,V1,6,Motordrive,0.04486213624155192
4304,g1post,V1,6,Motordrive,-0.00031175441016016616
4305,g1post,V1,6,Motordrive,0.1317853930341191
4306,g1post,V1,6,Motordrive,0.060863821367025776
4307,g1post,V1,6,Motordrive,0.051609395835906485
4308,g1post,V1,6,Motordrive,-0.08058014889705165
4309,g1post,V1,6,Motordrive,-0.037344048605107885
4310,g1post,V1,6,Motordrive,-0.05803930915818149
4311,g1post,V1,6,Motordrive,0.047991336637625386
4312,g1post,V1,6,Motordrive,-0.029145145346474204
4313,g1post,V1,6,Motordrive,0.0009211545106963815
4314,g1post,V1,6,Motordrive,-0.08380032349908838
4315,g1post,V1,6,Motordrive,-0.04179927650455489
4316,g1post,V1,6,Motordrive,0.014093367269733433
4317,g1post,V1,6,Motordrive,0.06139185510496446
4318,g1post,V1,6,Motordrive,0.031596892938089
4319,g1post,V1,6,Motordrive,-0.0673647194606916
4320,g1post,V1,6,Motordrive,-0.08547680954000157
4321,g1post,V1,6,Motordrive,0.04510740832744174
4322,g1post,V1,6,Motordrive,-0.03518172916277137
4323,g1post,V1,6,Motordrive,0.01071181792226039
4324,g1post,V1,6,Motordrive,-0.008776805804790358
4325,g1post,V1,6,Motordrive,-0.02204486829266236
4326,g1post,V1,6,Motordrive,0.07457265370747594
4327,g1post,V1,6,Motordrive,-0.005043220836817514
4328,g1post,V1,6,Motordrive,0.012893733304637993
4329,g1post,V1,6,Motordrive,0.045892948989238645
4330,g1post,V1,6,Motordrive,0.0332751210813903
4331,g1post,V1,6,Motordrive,0.02632078098058609
4332,g1post,V1,6,Motordrive,0.005408609708242343
4333,g1post,V1,6,Motordrive,0.11392165634190729
4334,g1post,V1,6,Motordrive,0.020603145691602157
4335,g1post,V1,6,Motordrive,0.03731102545166937
4336,g1post,V1,6,Motordrive,0.3814197195267219
4337,g1post,V1,6,Motordrive,0.0035011186313279796
4338,g1post,V1,6,Motordrive,0.0972994980551898
4339,g1post,V1,6,Motordrive,-0.10075512449116876
4340,g1post,V1,6,Motordrive,0.028398126950470247
4341,g1post,V1,6,Motordrive,0.14088396368480477
4342,g1post,V1,6,Motordrive,0.06940471885846422
4343,g1post,V1,6,Motordrive,-0.11990287960566105
4344,g1post,V1,6,Motordrive,-0.05314833902437724
4345,g1post,V1,6,Motordrive,0.2542107821562711
4346,g1post,V1,6,Motordrive,0.13831770648037786
4347,g1post,V1,6,Motordrive,0.14412878991519423
4348,g1post,V1,6,Motordrive,0.12737063980178054
4349,g1post,V1,6,Motordrive,0.07715498657239418
4350,g1post,V1,6,Motordrive,0.087393751180233
4351,g1post,V1,6,Motordrive,0.08913097212542645
4352,g1post,V1,6,Motordrive,-0.006753893137116131
4353,g1post,V1,6,Motordrive,-0.0003813447151448831
4354,g1post,V1,6,Motordrive,-0.06835880212906366
4355,g1post,V1,6,Motordrive,0.04631531577871954
4356,g1post,V1,6,Motordrive,-0.006485184888878205
4357,g1post,V1,6,Motordrive,0.17237036401105982
4358,g1post,V1,6,Motordrive,-0.011656860223665204
4359,g1post,V1,6,Motordrive,-0.07514931985573464
4360,g1post,V1,6,Motordrive,-0.04510687794054541
4361,g1post,V1,6,Motordrive,-0.03112364975988282
4362,g1post,V1,6,Motordrive,-0.09713857950896067
4363,g1post,V1,6,Motordrive,0.014470029291369367
4364,g1post,V1,6,Motordrive,0.10956501937420779
4365,g1post,V1,6,Motordrive,-0.03575844405337577
4366,g1post,V1,6,Motordrive,0.005479667885707966
4367,g1post,V1,6,Motordrive,0.08821891739415774
4368,g1post,V1,6,Motordrive,0.08546779953906511
4369,g1post,V1,6,Motordrive,0.09344103637264445
4370,g1post,V1,6,Motordrive,0.047231459250401
4371,g1post,V1,6,Motordrive,0.04953081731114486
4372,g1post,V1,6,Motordrive,0.01557638885084218
4373,g1post,V1,6,Motordrive,-0.022620133412268442
4374,g1post,V1,6,Motordrive,0.07167267842776395
4375,g1post,V1,6,Motordrive,0.12704430163537833
4376,g1post,V1,6,Motordrive,0.08436372487959248
4377,g1post,V1,6,Motordrive,-0.23868560178281936
4378,g1post,V1,6,Motordrive,0.12874968800428033
4379,g1post,V1,6,Motordrive,-0.028906457958604123
4380,g1post,V1,6,Motordrive,0.1245336357244564
4381,g1post,V1,6,Motordrive,0.05232622289851222
4382,g1post,V1,6,Motordrive,-0.0984223331947408
4383,g1post,V1,6,Motordrive,0.18685090171449173
4384,g1post,V1,6,Motordrive,-0.15792151815894043
4385,g1post,V1,6,Motordrive,0.03559197206324055
4386,g1post,V1,6,Motordrive,-0.009053683649214871
4387,g1post,V1,6,Motordrive,-0.18366548986370546
4388,g1post,V1,6,Motordrive,0.01901585360629399
4389,g1post,V1,6,Motordrive,-0.12398608761755597
4390,g1post,V1,6,Motordrive,-0.0025456394636623777
4391,g1post,V1,6,Motordrive,0.11727321242489168
4392,g1post,V1,6,Motordrive,0.14997886684114933
4393,g1post,V1,6,Motordrive,0.07461633373755056
4394,g1post,V1,6,Motordrive,0.08796832602410633
4395,g1post,V1,6,Motordrive,0.17875911373448541
4396,g1post,V1,6,Motordrive,-0.020637558011752884
4397,g1post,V1,6,Motordrive,-0.061766852206106296
4398,g1post,V1,6,Motordrive,0.055883518967504014
4399,g1post,V1,6,Motordrive,-0.2570328724607394
4400,g1post,V1,6,Motordrive,-0.0022723025751460973
4401,g1post,V1,6,Motordrive,0.1571185531478703
4402,g1post,V1,6,Motordrive,-0.09504790055638189
4403,g1post,V1,6,Motordrive,0.037816385205200004
4404,g1post,V1,6,Motordrive,-0.16758240120147527
4405,g1post,V1,6,Motordrive,-0.015752874376478942
4406,g1post,V1,6,Motordrive,0.11321132138820246
4407,g1post,V1,6,Motordrive,0.009899439354532203
4408,g1post,V1,6,Motordrive,0.14437138234696534
4409,g1post,V1,6,Motordrive,0.053284625467312996
4410,g1post,V1,6,Motordrive,-0.09882587665491685
4411,g1post,V1,6,Motordrive,-0.13838775148798663
4412,g1post,V1,6,Motordrive,-0.13624387130310012
4413,g1post,V1,6,Motordrive,-0.08161155153646181
4414,g1post,V1,6,Motordrive,-0.12241538861731668
4415,g1post,V1,6,Motordrive,0.09016821128161187
4416,g1post,V1,6,Motordrive,-0.0331371322363678
4417,g1post,V1,6,Motordrive,0.029483461925956266
4418,g1post,V1,6,Motordrive,0.014299021641983845
4419,g1post,V1,6,Motordrive,-0.017351677622855298
4420,g1post,V1,6,Motordrive,0.12170387789676299
4421,g1post,V1,6,Motordrive,-0.18338051026654822
4422,g1post,V1,6,Motordrive,0.20115293372695928
4423,g1post,V1,6,Motordrive,0.1432782881493774
4424,g1post,V1,6,Motordrive,0.10167003514033666
4425,g1post,V1,6,Motordrive,0.24379059631727285
4426,g1post,V1,6,Motordrive,0.0033627504910534556
4427,g1post,V1,6,Motordrive,-0.1628576655758334
4428,g1post,V1,6,Motordrive,0.003360555149391235
4429,g1post,V1,6,Motordrive,0.005274792107044076
4430,g1post,V1,6,Motordrive,-0.22260994700612907
4431,g1post,V1,6,Motordrive,0.0746892372936053
4432,g1post,V1,6,Motordrive,0.09238863693773788
4433,g1post,V1,6,Motordrive,-0.182791598292103
4434,g1post,V1,6,Motordrive,-0.02804767383195281
4435,g1post,V1,6,Motordrive,-0.3502905549439697
4436,g1post,V1,6,Motordrive,0.01394887107154147
4437,g1post,V1,6,Motordrive,-0.035804315335153714
4438,g1post,V1,6,Motordrive,0.03767588511038203
4439,g1post,V1,6,Motordrive,-0.30456305618043505
4440,g1post,V1,6,Motordrive,0.07592944359987516
4441,g1post,V1,6,Motordrive,-0.12213343093050012
4442,g1post,V1,6,Motordrive,0.14307919672957078
4443,g1post,V1,6,Motordrive,-0.03309408587180223
4444,g1post,V1,6,Motordrive,-0.02807905051491651
4445,g1post,V1,6,Motordrive,0.06783904450107546
4446,g1post,V1,6,Motordrive,0.008710909949902772
4447,g1post,V1,6,Motordrive,0.07803377969566745
4448,g1post,V1,6,Motordrive,0.2407695577033663
4449,g1post,V1,6,Motordrive,-0.16714750752110183
4450,g1post,V1,6,Motordrive,-0.031602209664065836
4451,g1post,V1,6,Motordrive,-0.0756807978886297
4452,g1post,V1,6,Motordrive,0.14709834034061417
4453,g1post,V1,6,Motordrive,0.11125364721581693
4454,g1post,V1,6,Motordrive,0.09083582917793247
4455,g1post,V1,6,Motordrive,0.049104203148543094
4456,g1post,V1,6,Motordrive,0.018139698350161135
4457,g1post,V1,6,Motordrive,-0.03848357447587187
4458,g1post,V1,6,Motordrive,-0.018618062544189653
4459,g1post,V1,6,Motordrive,0.07383287679600853
4460,g1post,V1,6,Motordrive,0.22443421815049938
4461,g1post,V1,6,Motordrive,0.05949333115159696
4462,g1post,V1,6,Motordrive,0.016555352045170373
4463,g1post,V1,6,Motordrive,-0.04806200398155491
4464,g1post,V1,6,Motordrive,-0.04741036000948011
4465,g1post,V1,6,Motordrive,-0.11394937668117973
4466,g1post,V1,6,Motordrive,-0.17869331036061398
4467,g1post,V1,7,Motordrive,-0.004619756883038223
4468,g1post,V1,7,Motordrive,0.07368580475048823
4469,g1post,V1,7,Motordrive,0.1123414486825362
4470,g1post,V1,7,Motordrive,-0.051991677877763195
4471,g1post,V1,7,Motordrive,0.2401355119482198
4472,g1post,V1,7,Motordrive,-0.11207620282323363
4473,g1post,V1,7,Motordrive,0.02434427987235461
4474,g1post,V1,7,Motordrive,0.017736158477660965
4475,g1post,V1,7,Motordrive,0.009121018049512979
4476,g1post,V1,7,Motordrive,-0.19994791816013727
4477,g1post,V1,7,Motordrive,0.2801418565236152
4478,g1post,V1,7,Motordrive,-0.0941959067240374
4479,g1post,V1,7,Motordrive,-0.09599842067008477
4480,g1post,V1,7,Motordrive,-0.16205386399050695
4481,g1post,V1,7,Motordrive,-0.1071100944698583
4482,g1post,V1,7,Motordrive,0.051867850081812494
4483,g1post,V1,7,Motordrive,0.025449824544431534
4484,g1post,V1,7,Motordrive,-0.11151505799766578
4485,g1post,V1,7,Motordrive,0.025457387636038827
4486,g1post,V1,7,Motordrive,0.032690013310147606
4487,g1post,V1,7,Motordrive,0.1144064820603115
4488,g1post,V1,7,Motordrive,-0.07553549181088169
4489,g1post,V1,7,Motordrive,-0.1616840288416813
4490,g1post,V1,7,Motordrive,0.07643624196129904
4491,g1post,V1,7,Motordrive,0.0841649734004258
4492,g1post,V1,7,Motordrive,0.04630697663731219
4493,g1post,V1,7,Motordrive,-0.003749678310969308
4494,g1post,V1,7,Motordrive,-0.010232392221956703
4495,g1post,V1,7,Motordrive,-0.1257636485769313
4496,g1post,V1,7,Motordrive,0.053860249083038415
4497,g1post,V1,7,Motordrive,1.2179247899530657e-05
4498,g1post,V1,7,Motordrive,0.19660957601666867
4499,g1post,V1,7,Motordrive,0.1688411434418053
4500,g1post,V1,7,Motordrive,0.03141515686758471
4501,g1post,V1,7,Motordrive,0.05781404003230396
4502,g1post,V1,7,Motordrive,-0.050431569649972266
4503,g1post,V1,7,Motordrive,-0.055665020939073794
4504,g1post,V1,7,Motordrive,0.0893617749285017
4505,g1post,V1,7,Motordrive,0.1508546596980549
4506,g1post,V1,7,Motordrive,-0.06375144535471604
4507,g1post,V1,7,Motordrive,0.10031142410680677
4508,g1post,V1,7,Motordrive,0.07678278663989735
4509,g1post,V1,7,Motordrive,0.001802327644514023
4510,g1post,V1,7,Motordrive,-0.14505988136053471
4511,g1post,V1,7,Motordrive,0.09876482177776214
4512,g1post,V1,7,Motordrive,0.018013410455854494
4513,g1post,V1,7,Motordrive,-0.1319180626103494
4514,g1post,V1,7,Motordrive,0.14746889939792074
4515,g1post,V1,7,Motordrive,-0.16521930869857604
4516,g1post,V1,7,Motordrive,0.013575178941312174
4517,g1post,V1,7,Motordrive,0.03833241619592947
4518,g1post,V1,7,Motordrive,0.02764038709184221
4519,g1post,V1,7,Motordrive,-0.1621567076785396
4520,g1post,V1,7,Motordrive,0.10543899961192468
4521,g1post,V1,7,Motordrive,-0.08653946307892722
4522,g1post,V1,7,Motordrive,0.08944975135052464
4523,g1post,V1,7,Motordrive,-0.10746091672665121
4524,g1post,V1,7,Motordrive,-0.19762137753800113
4525,g1post,V1,7,Motordrive,0.045516187741394175
4526,g1post,V1,7,Motordrive,-0.01729529359631313
4527,g1post,V1,7,Motordrive,0.006942075114048699
4528,g1post,V1,7,Motordrive,0.10879533904503076
4529,g1post,V1,7,Motordrive,0.15329967807393957
4530,g1post,V1,7,Motordrive,0.06557594840960872
4531,g1post,V1,7,Motordrive,-0.03702514489012387
4532,g1post,V1,7,Motordrive,-0.10708711744162702
4533,g1post,V1,7,Motordrive,-0.07012969596291613
4534,g1post,V1,7,Motordrive,0.10364895088459794
4535,g1post,V1,7,Motordrive,-0.11850647242206133
4536,g1post,V1,7,Motordrive,0.1345514682330848
4537,g1post,V1,7,Motordrive,0.3756409581465501
4538,g1post,V1,7,Motordrive,0.46583267724448457
4539,g1post,V1,7,Motordrive,0.07089522644112842
4540,g1post,V1,7,Motordrive,0.4070298428531482
4541,g1post,V1,7,Motordrive,0.21015729827370638
4542,g1post,V1,7,Motordrive,-0.09313828575058264
4543,g1post,V1,7,Motordrive,0.15912584533856616
4544,g1post,V1,7,Motordrive,0.02101828420555079
4545,g1post,V1,7,Motordrive,0.09021451991941934
4546,g1post,V1,7,Motordrive,-0.05465901574844732
4547,g1post,V1,7,Motordrive,0.0845669801139843
4548,g1post,V1,7,Motordrive,0.024210628998269743
4549,g1post,V1,7,Motordrive,-0.06756105824639981
4550,g1post,V1,7,Motordrive,-0.04167229376675423
4551,g1post,V1,7,Motordrive,-0.14696336145519182
4552,g1post,V1,7,Motordrive,0.1288275745795881
4553,g1post,V1,7,Motordrive,-0.142207302156648
4554,g1post,V1,7,Motordrive,-0.01815965138517309
4555,g1post,V1,7,Motordrive,0.002944942962260343
4556,g1post,V1,7,Motordrive,-0.06486300780411071
4557,g1post,V1,7,Motordrive,-0.14698421425357408
4558,g1post,V1,7,Motordrive,-0.10679050556037797
4559,g1post,V1,7,Motordrive,-0.17239346108301842
4560,g1post,V1,7,Motordrive,-0.06906365961493374
4561,g1post,V1,7,Motordrive,-0.010249450558935856
4562,g1post,V1,7,Motordrive,-0.11536396569218063
4563,g1post,V1,7,Motordrive,-0.1504119782485248
4564,g1post,V1,7,Motordrive,-0.03030795454165384
4565,g1post,V1,7,Motordrive,-0.0813394616412185
4566,g1post,V1,7,Motordrive,0.025900836710952814
4567,g1post,V1,7,Motordrive,0.031197754348358402
4568,g1post,V1,7,Motordrive,-0.21521475647360275
4569,g1post,V1,7,Motordrive,-0.14834358625313784
4570,g1post,V1,7,Motordrive,-0.16141755132605365
4571,g1post,V1,7,Motordrive,0.16738673245437322
4572,g1post,V1,7,Motordrive,0.476264661852896
4573,g1post,V1,7,Motordrive,0.10076498934403051
4574,g1post,V1,7,Motordrive,0.05803914900048404
4575,g1post,V1,7,Motordrive,0.18498071198842905
4576,g1post,V1,7,Motordrive,0.04358571087833564
4577,g1post,V1,7,Motordrive,0.18855679998569908
4578,g1post,V1,7,Motordrive,-0.05717500361826595
4579,g1post,V1,7,Motordrive,0.08093618687869715
4580,g1post,V1,7,Motordrive,0.02096050365713745
4581,g1post,V1,7,Motordrive,-0.04250012089331428
4582,g1post,V1,7,Motordrive,0.145530745663991
4583,g1post,V1,7,Motordrive,0.08545219428960682
4584,g1post,V1,7,Motordrive,-0.21563924124321915
4585,g1post,V1,7,Motordrive,-0.1799784193513678
4586,g1post,V1,7,Motordrive,-0.09258696551922671
4587,g1post,V1,7,Motordrive,-0.23725249433160525
4588,g1post,V1,7,Motordrive,0.33723777582586006
4589,g1post,V1,7,Motordrive,0.21233459283871134
4590,g1post,V1,7,Motordrive,0.1558581134353867
4591,g1post,V1,7,Motordrive,0.13404308397360556
4592,g1post,V1,7,Motordrive,0.00882564198676935
4593,g1post,V1,7,Motordrive,-0.03309951712681714
4594,g1post,V1,7,Motordrive,0.1248653330955361
4595,g1post,V1,7,Motordrive,-0.1354536515152362
4596,g1post,V1,7,Motordrive,0.07317812741208464
4597,g1post,V1,7,Motordrive,0.11168722878723455
4598,g1post,V1,7,Motordrive,0.2159793022187945
4599,g1post,V1,7,Motordrive,0.14087855991769807
4600,g1post,V1,7,Motordrive,0.15398192534395055
4601,g1post,V1,7,Motordrive,-0.07621111229644204
4602,g1post,V1,7,Motordrive,-0.10636445507905115
4603,g1post,V1,7,Motordrive,-0.1408119244948517
4604,g1post,V1,7,Motordrive,0.29633643125607
4605,g1post,V1,7,Motordrive,0.0922667635811755
4606,g1post,V1,7,Motordrive,-0.12170382830105742
4607,g1post,V1,7,Motordrive,0.0034415968918912973
4608,g1post,V1,7,Motordrive,0.26586805962392623
4609,g1post,V1,7,Motordrive,0.124119105658796
4610,g1post,V1,7,Motordrive,0.08082635939777508
4611,g1post,V1,7,Motordrive,-0.10460416423244466
4612,g1post,V1,7,Motordrive,-0.00415355732774853
4613,g1post,V1,7,Motordrive,0.16485768409062604
4614,g1post,V1,7,Motordrive,-0.06532019407046552
4615,g1post,V1,7,Motordrive,0.14422692766616452
4616,g1post,V1,7,Motordrive,0.0654550329349655
4617,g1post,V1,7,Motordrive,0.1372893033256712
4618,g1post,V1,7,Motordrive,-0.23140072348460047
4619,g1post,V1,7,Motordrive,0.020580496654240544
4620,g1post,V1,7,Motordrive,-0.0317078287582731
4621,g1post,V1,7,Motordrive,-0.056382598018314925
4622,g1post,V1,7,Motordrive,-0.17425522069420868
4623,g1post,V1,7,Motordrive,0.13026091619009317
4624,g1post,V1,7,Motordrive,0.055831730852581335
4625,g1post,V1,7,Motordrive,-0.04552631227454168
4626,g1post,V1,7,Motordrive,0.07276130408219031
4627,g1post,V1,7,Motordrive,-0.030157173133407544
4628,g1post,V1,7,Motordrive,0.044879006764027715
4629,g1post,V1,7,Motordrive,0.009917185422478313
4630,g1post,V1,7,Motordrive,-0.03305214274224681
4631,g1post,V1,7,Motordrive,0.10107402193648891
4632,g1post,V1,7,Motordrive,0.01650499076006898
4633,g1post,V1,7,Motordrive,0.1253400607314644
4634,g1post,V1,7,Motordrive,-0.035272618346039786
4635,g1post,V1,7,Motordrive,-0.14281656438349535
4636,g1post,V1,7,Motordrive,0.06226299094469165
4637,g1post,V1,7,Motordrive,-0.03047016927411485
4638,g1post,V1,7,Motordrive,0.05505775593100329
4639,g1post,V1,7,Motordrive,0.056154705400063815
4640,g1post,V1,7,Motordrive,0.07656684488065844
4641,g1post,V1,7,Motordrive,-0.010484270701432753
4642,g1post,V1,7,Motordrive,-0.1293016074214559
4643,g1post,V1,7,Motordrive,0.2022347531198716
4644,g1post,V1,7,Motordrive,0.1269321711974438
4645,g1post,V1,7,Motordrive,-0.18174164871771312
4646,g1post,AM/PM,0,Adrive,0.06670072306180418
4647,g1post,AM/PM,0,Adrive,0.01946109674807336
4648,g1post,AM/PM,0,Adrive,0.1975575744193913
4649,g1post,AM/PM,0,Adrive,0.6963883423465866
4650,g1post,AM/PM,0,Adrive,0.02481661162168153
4651,g1post,AM/PM,0,Adrive,0.05102466708604248
4652,g1post,AM/PM,0,Adrive,-0.06775636254471543
4653,g1post,AM/PM,0,Adrive,0.1550920055279843
4654,g1post,AM/PM,0,Adrive,0.1692385165292445
4655,g1post,AM/PM,0,Adrive,-0.14406970335278554
4656,g1post,AM/PM,0,Adrive,0.2839901691768803
4657,g1post,AM/PM,0,Adrive,0.35521868013921665
4658,g1post,AM/PM,0,Adrive,0.18790337336361176
4659,g1post,AM/PM,0,Adrive,0.062121727377226106
4660,g1post,AM/PM,0,Adrive,0.11293023500054897
4661,g1post,AM/PM,0,Adrive,-0.2510003200296315
4662,g1post,AM/PM,0,Adrive,0.41907694691476954
4663,g1post,AM/PM,0,Adrive,-0.07969398378462787
4664,g1post,AM/PM,0,Adrive,0.04800120388869866
4665,g1post,AM/PM,0,Adrive,-0.06964108833395458
4666,g1post,AM/PM,0,Adrive,-0.006326137711425361
4667,g1post,AM/PM,0,Adrive,0.5658931694733453
4668,g1post,AM/PM,0,Adrive,-0.05731788405151017
4669,g1post,AM/PM,0,Adrive,0.13150061191004836
4670,g1post,AM/PM,0,Adrive,-0.1434205752506959
4671,g1post,AM/PM,0,Adrive,0.0285269998547862
4672,g1post,AM/PM,0,Adrive,0.3559560204718559
4673,g1post,AM/PM,0,Adrive,-0.1528594996056077
4674,g1post,AM/PM,0,Adrive,-0.11586282655373382
4675,g1post,AM/PM,0,Adrive,0.18443636891338658
4676,g1post,AM/PM,0,Adrive,0.1566060293404022
4677,g1post,AM/PM,0,Adrive,0.0660320848794381
4678,g1post,AM/PM,0,Adrive,-0.024592529769774416
4679,g1post,AM/PM,0,Adrive,0.30001095917771853
4680,g1post,AM/PM,0,Adrive,0.10489755784051777
4681,g1post,AM/PM,0,Adrive,0.36249357631032353
4682,g1post,AM/PM,0,Adrive,-0.08868723197308626
4683,g1post,AM/PM,0,Adrive,0.06612132552202356
4684,g1post,AM/PM,0,Adrive,0.013851318465952127
4685,g1post,AM/PM,0,Adrive,-0.007341481953633543
4686,g1post,AM/PM,0,Adrive,0.6849853640952891
4687,g1post,AM/PM,2,Adrive,0.21192314208181995
4688,g1post,AM/PM,2,Adrive,0.17257507477590914
4689,g1post,AM/PM,2,Adrive,0.29065319874128887
4690,g1post,AM/PM,2,Adrive,0.18322457553456858
4691,g1post,AM/PM,4,Adrive,0.227041485684974
4692,g1post,AM/PM,4,Adrive,0.16563165235211136
4693,g1post,AM/PM,4,Adrive,0.11625500906523406
4694,g1post,AM/PM,4,Adrive,0.34136057471706716
4695,g1post,AM/PM,4,Adrive,-0.2432610051892006
4696,g1post,AM/PM,4,Adrive,-0.040819949833599774
4697,g1post,AM/PM,4,Adrive,0.3612946485222679
4698,g1post,AM/PM,4,Adrive,0.24126805932999476
4699,g1post,AM/PM,4,Adrive,0.08661594903951886
4700,g1post,AM/PM,4,Adrive,0.10440667557429074
4701,g1post,AM/PM,4,Adrive,-0.022291173870417232
4702,g1post,AM/PM,4,Adrive,0.3729139015722913
4703,g1post,AM/PM,4,Adrive,-0.013304925732673507
4704,g1post,AM/PM,4,Adrive,0.4027310473172584
4705,g1post,AM/PM,4,Adrive,0.05936603568840208
4706,g1post,AM/PM,4,Adrive,-0.0014196147064939855
4707,g1post,AM/PM,4,Adrive,0.010043898166488483
4708,g1post,AM/PM,4,Adrive,0.036924985296964405
4709,g1post,AM/PM,4,Adrive,0.03061471749127075
4710,g1post,AM/PM,4,Adrive,0.15535208335409997
4711,g1post,AM/PM,4,Adrive,0.23105232363196448
4712,g1post,AM/PM,4,Adrive,-0.04361351738255562
4713,g1post,AM/PM,4,Adrive,-0.0593916162007526
4714,g1post,AM/PM,4,Adrive,0.13083417993248128
4715,g1post,AM/PM,0,Motordrive,0.03873587793151592
4716,g1post,AM/PM,0,Motordrive,0.0742763847087024
4717,g1post,AM/PM,0,Motordrive,0.010595288586343392
4718,g1post,AM/PM,0,Motordrive,0.07160642876648489
4719,g1post,AM/PM,0,Motordrive,0.17249863813101693
4720,g1post,AM/PM,0,Motordrive,0.007972931710023026
4721,g1post,AM/PM,0,Motordrive,0.10009698592620424
4722,g1post,AM/PM,0,Motordrive,0.26726783150588174
4723,g1post,AM/PM,0,Motordrive,0.03170093435532347
4724,g1post,AM/PM,0,Motordrive,0.1174952146914311
4725,g1post,AM/PM,0,Motordrive,-0.015878413541880076
4726,g1post,AM/PM,0,Motordrive,0.10307410714935736
4727,g1post,AM/PM,0,Motordrive,0.0871071800088997
4728,g1post,AM/PM,0,Motordrive,0.029496866499061986
4729,g1post,AM/PM,0,Motordrive,-0.009135921098340574
4730,g1post,AM/PM,0,Motordrive,0.1780656987753441
4731,g1post,AM/PM,0,Motordrive,0.026633837779842216
4732,g1post,AM/PM,0,Motordrive,0.09352648344209713
4733,g1post,AM/PM,0,Motordrive,0.030989176512619995
4734,g1post,AM/PM,0,Motordrive,0.11931285216042743
4735,g1post,AM/PM,0,Motordrive,-0.008656733626290141
4736,g1post,AM/PM,0,Motordrive,0.21661607531059618
4737,g1post,AM/PM,0,Motordrive,-0.001595737882489264
4738,g1post,AM/PM,0,Motordrive,0.13819014574699318
4739,g1post,AM/PM,0,Motordrive,-0.019877879541235727
4740,g1post,AM/PM,0,Motordrive,0.09213196271923038
4741,g1post,AM/PM,0,Motordrive,0.06107662968940205
4742,g1post,AM/PM,0,Motordrive,0.10391240301615919
4743,g1post,AM/PM,0,Motordrive,0.05147469038822905
4744,g1post,AM/PM,0,Motordrive,0.10544319798946009
4745,g1post,AM/PM,0,Motordrive,0.2020553520769142
4746,g1post,AM/PM,0,Motordrive,0.061889207686211596
4747,g1post,AM/PM,0,Motordrive,0.13573743030051913
4748,g1post,AM/PM,0,Motordrive,-0.04103960249458066
4749,g1post,AM/PM,0,Motordrive,0.1598305984538144
4750,g1post,AM/PM,0,Motordrive,0.08174638433244381
4751,g1post,AM/PM,0,Motordrive,0.036702397894862716
4752,g1post,AM/PM,0,Motordrive,0.14185215710099877
4753,g1post,AM/PM,0,Motordrive,0.07685577013394836
4754,g1post,AM/PM,0,Motordrive,-0.025060643645917122
4755,g1post,AM/PM,0,Motordrive,0.11719917977211247
4756,g1post,AM/PM,2,Motordrive,0.05403397871417149
4757,g1post,AM/PM,2,Motordrive,0.027238299015554645
4758,g1post,AM/PM,2,Motordrive,0.03337444724812435
4759,g1post,AM/PM,2,Motordrive,-0.02700519385911858
4760,g1post,AM/PM,4,Motordrive,0.07356386503947222
4761,g1post,AM/PM,4,Motordrive,-0.047836912669507785
4762,g1post,AM/PM,4,Motordrive,0.19048352558343887
4763,g1post,AM/PM,4,Motordrive,0.08503858014253919
4764,g1post,AM/PM,4,Motordrive,0.6127477529914704
4765,g1post,AM/PM,4,Motordrive,0.03152559543291173
4766,g1post,AM/PM,4,Motordrive,-0.24920956097929464
4767,g1post,AM/PM,4,Motordrive,0.29204476108503274
4768,g1post,AM/PM,4,Motordrive,0.42701277370432134
4769,g1post,AM/PM,4,Motordrive,-0.05940674011052671
4770,g1post,AM/PM,4,Motordrive,0.27731425490121797
4771,g1post,AM/PM,4,Motordrive,0.24146100768738937
4772,g1post,AM/PM,4,Motordrive,0.2797465907142573
4773,g1post,AM/PM,4,Motordrive,0.23430077383797665
4774,g1post,AM/PM,4,Motordrive,0.31777771207643224
4775,g1post,AM/PM,4,Motordrive,-0.319300144679733
4776,g1post,AM/PM,4,Motordrive,0.1404608407476808
4777,g1post,AM/PM,4,Motordrive,0.18776228322049174
4778,g1post,AM/PM,4,Motordrive,-0.029758064546975504
4779,g1post,AM/PM,4,Motordrive,-0.1063514688641962
4780,g1post,AM/PM,4,Motordrive,-0.022117178306775308
4781,g1post,AM/PM,4,Motordrive,0.07263527431168416
4782,g1post,AM/PM,4,Motordrive,0.48370303380819946
4783,g1post,AM/PM,4,Motordrive,-0.37923871281891347
4784,g1post,A/RL/AL,0,Adrive,0.07249926923367027
4785,g1post,A/RL/AL,0,Adrive,0.021520404593594625
4786,g1post,A/RL/AL,0,Adrive,0.07279595278883874
4787,g1post,A/RL/AL,0,Adrive,0.6952984765754282
4788,g1post,A/RL/AL,0,Adrive,0.5573989361659603
4789,g1post,A/RL/AL,0,Adrive,0.017551660957490244
4790,g1post,A/RL/AL,0,Adrive,0.15190792261196887
4791,g1post,A/RL/AL,0,Adrive,0.3665175127787829
4792,g1post,A/RL/AL,0,Adrive,0.9852564294869075
4793,g1post,A/RL/AL,0,Adrive,0.15424958320202112
4794,g1post,A/RL/AL,0,Adrive,0.11219483707684551
4795,g1post,A/RL/AL,0,Adrive,-0.15650910847491634
4796,g1post,A/RL/AL,0,Adrive,0.16254446267354442
4797,g1post,A/RL/AL,0,Adrive,0.17600349078031208
4798,g1post,A/RL/AL,0,Adrive,0.03545893963602512
4799,g1post,A/RL/AL,0,Adrive,0.3120367107719975
4800,g1post,A/RL/AL,0,Adrive,0.1551755039483303
4801,g1post,A/RL/AL,0,Adrive,0.18382309042355535
4802,g1post,A/RL/AL,0,Adrive,0.11870296975565575
4803,g1post,A/RL/AL,0,Adrive,0.11625619364090449
4804,g1post,A/RL/AL,0,Adrive,0.1401747887615278
4805,g1post,A/RL/AL,0,Adrive,0.12481456827685725
4806,g1post,A/RL/AL,0,Adrive,0.10681271992664064
4807,g1post,A/RL/AL,0,Adrive,0.3010746584881416
4808,g1post,A/RL/AL,0,Adrive,0.16063942344469395
4809,g1post,A/RL/AL,0,Adrive,-0.14770036711179138
4810,g1post,A/RL/AL,0,Adrive,0.19403699016071488
4811,g1post,A/RL/AL,0,Adrive,0.12491461518608214
4812,g1post,A/RL/AL,0,Adrive,0.024295542255982145
4813,g1post,A/RL/AL,0,Adrive,0.03908509025370203
4814,g1post,A/RL/AL,0,Adrive,0.16904350278643585
4815,g1post,A/RL/AL,0,Adrive,0.0837970555774281
4816,g1post,A/RL/AL,0,Adrive,0.042591062399712665
4817,g1post,A/RL/AL,0,Adrive,0.10952172042588015
4818,g1post,A/RL/AL,0,Adrive,0.05907083959011443
4819,g1post,A/RL/AL,0,Adrive,0.09897236270630208
4820,g1post,A/RL/AL,0,Adrive,0.06631728856110343
4821,g1post,A/RL/AL,0,Adrive,0.21129590098699055
4822,g1post,A/RL/AL,0,Adrive,0.20396593354341921
4823,g1post,A/RL/AL,0,Adrive,0.2974049493719699
4824,g1post,A/RL/AL,0,Adrive,0.21047373111262163
4825,g1post,A/RL/AL,0,Adrive,0.12178698455887994
4826,g1post,A/RL/AL,0,Adrive,0.0028104872449048355
4827,g1post,A/RL/AL,0,Adrive,0.03398267394026966
4828,g1post,A/RL/AL,0,Adrive,0.18361592670280827
4829,g1post,A/RL/AL,0,Adrive,0.3235169516452462
4830,g1post,A/RL/AL,0,Adrive,0.1638672015513139
4831,g1post,A/RL/AL,0,Adrive,0.18959692970579944
4832,g1post,A/RL/AL,0,Adrive,0.047231448024039294
4833,g1post,A/RL/AL,0,Adrive,0.037253378824148586
4834,g1post,A/RL/AL,0,Adrive,0.042476858989872295
4835,g1post,A/RL/AL,0,Adrive,0.20440594819327831
4836,g1post,A/RL/AL,0,Adrive,0.11421358912974701
4837,g1post,A/RL/AL,0,Adrive,0.04192803321337152
4838,g1post,A/RL/AL,0,Adrive,1.013809679389924
4839,g1post,A/RL/AL,0,Adrive,-0.07678541547759776
4840,g1post,A/RL/AL,0,Adrive,0.38483623704909714
4841,g1post,A/RL/AL,0,Adrive,0.18185305819051656
4842,g1post,A/RL/AL,0,Adrive,-0.07822762191733226
4843,g1post,A/RL/AL,0,Adrive,0.48228280252813704
4844,g1post,A/RL/AL,0,Adrive,0.24076536486519104
4845,g1post,A/RL/AL,0,Adrive,0.09926030898115626
4846,g1post,A/RL/AL,0,Adrive,0.08653535328171458
4847,g1post,A/RL/AL,0,Adrive,-0.13964939532942505
4848,g1post,A/RL/AL,0,Adrive,-0.18566916268516725
4849,g1post,A/RL/AL,0,Adrive,0.5664870519231268
4850,g1post,A/RL/AL,0,Adrive,-0.2763677454543323
4851,g1post,A/RL/AL,0,Adrive,0.27649053276802416
4852,g1post,A/RL/AL,0,Adrive,0.421487424003094
4853,g1post,A/RL/AL,0,Adrive,0.390753304033201
4854,g1post,A/RL/AL,0,Adrive,-0.35234606220188674
4855,g1post,A/RL/AL,0,Adrive,0.7500895196096017
4856,g1post,A/RL/AL,0,Adrive,0.18572732534426156
4857,g1post,A/RL/AL,0,Adrive,0.13477479636359543
4858,g1post,A/RL/AL,0,Adrive,0.23636277931822722
4859,g1post,A/RL/AL,0,Adrive,0.13299970709325015
4860,g1post,A/RL/AL,0,Adrive,0.18435082017084556
4861,g1post,A/RL/AL,0,Adrive,0.37376050221364093
4862,g1post,A/RL/AL,0,Adrive,0.21244989133723122
4863,g1post,A/RL/AL,0,Adrive,0.11455186142926096
4864,g1post,A/RL/AL,0,Adrive,0.36129759560384966
4865,g1post,A/RL/AL,0,Adrive,-0.08300773013589512
4866,g1post,A/RL/AL,0,Adrive,0.014622681432876365
4867,g1post,A/RL/AL,0,Adrive,0.15350476094610274
4868,g1post,A/RL/AL,0,Adrive,0.11739677832301204
4869,g1post,A/RL/AL,0,Adrive,0.2015662349878641
4870,g1post,A/RL/AL,0,Adrive,0.2714268795059945
4871,g1post,A/RL/AL,0,Adrive,0.303090142702193
4872,g1post,A/RL/AL,0,Adrive,0.368684216490758
4873,g1post,A/RL/AL,0,Adrive,0.03683356719581508
4874,g1post,A/RL/AL,0,Adrive,0.13214062661298112
4875,g1post,A/RL/AL,0,Adrive,0.2712267527574737
4876,g1post,A/RL/AL,0,Adrive,-0.0035440105517187508
4877,g1post,A/RL/AL,0,Adrive,0.29071192222186154
4878,g1post,A/RL/AL,0,Adrive,-0.12139552216493135
4879,g1post,A/RL/AL,0,Adrive,0.1832508113952118
4880,g1post,A/RL/AL,0,Adrive,0.17705287152412913
4881,g1post,A/RL/AL,0,Adrive,0.264754001957618
4882,g1post,A/RL/AL,0,Adrive,0.3051449726831094
4883,g1post,A/RL/AL,0,Adrive,0.3692058282145179
4884,g1post,A/RL/AL,0,Adrive,0.2812026009179985
4885,g1post,A/RL/AL,0,Adrive,0.05311131821810051
4886,g1post,A/RL/AL,0,Adrive,0.40671788090369493
4887,g1post,A/RL/AL,0,Adrive,0.05340925784557269
4888,g1post,A/RL/AL,0,Adrive,0.2198707143038258
4889,g1post,A/RL/AL,0,Adrive,0.11319267519735055
4890,g1post,A/RL/AL,0,Adrive,0.6117340729564898
4891,g1post,A/RL/AL,0,Adrive,0.18564279312472529
4892,g1post,A/RL/AL,0,Adrive,-0.06772929649473314
4893,g1post,A/RL/AL,0,Adrive,0.21300305198053707
4894,g1post,A/RL/AL,0,Adrive,0.649072648732254
4895,g1post,A/RL/AL,1,Adrive,0.004413862739321268
4896,g1post,A/RL/AL,1,Adrive,0.9210726100321021
4897,g1post,A/RL/AL,1,Adrive,-0.022533088691074107
4898,g1post,A/RL/AL,1,Adrive,-0.09970764422731071
4899,g1post,A/RL/AL,1,Adrive,-0.229802343599313
4900,g1post,A/RL/AL,1,Adrive,0.06988307158553429
4901,g1post,A/RL/AL,1,Adrive,-0.03439883087126064
4902,g1post,A/RL/AL,1,Adrive,0.438070068235482
4903,g1post,A/RL/AL,1,Adrive,-0.13406024329325308
4904,g1post,A/RL/AL,1,Adrive,-0.35204084292761256
4905,g1post,A/RL/AL,1,Adrive,-0.1409514928748032
4906,g1post,A/RL/AL,1,Adrive,-0.009993587346965177
4907,g1post,A/RL/AL,1,Adrive,-0.3622919677445092
4908,g1post,A/RL/AL,1,Adrive,0.21048761434154675
4909,g1post,A/RL/AL,1,Adrive,-0.019204883465206515
4910,g1post,A/RL/AL,1,Adrive,-0.24873717041051513
4911,g1post,A/RL/AL,1,Adrive,-0.22267323988877893
4912,g1post,A/RL/AL,1,Adrive,0.06181673528190436
4913,g1post,A/RL/AL,1,Adrive,0.2806584018835142
4914,g1post,A/RL/AL,1,Adrive,-0.07617846870628973
4915,g1post,A/RL/AL,1,Adrive,0.664307521064572
4916,g1post,A/RL/AL,1,Adrive,-0.140570500822941
4917,g1post,A/RL/AL,1,Adrive,-0.23356373541122433
4918,g1post,A/RL/AL,1,Adrive,-0.42070154204621907
4919,g1post,A/RL/AL,1,Adrive,-0.14702327768241835
4920,g1post,A/RL/AL,1,Adrive,0.04779365824907052
4921,g1post,A/RL/AL,1,Adrive,1.4062922455435531
4922,g1post,A/RL/AL,1,Adrive,-0.17710719116088772
4923,g1post,A/RL/AL,1,Adrive,0.28964766384127744
4924,g1post,A/RL/AL,1,Adrive,-0.10376662377749508
4925,g1post,A/RL/AL,1,Adrive,-0.0632996361542264
4926,g1post,A/RL/AL,1,Adrive,-0.2980007780680701
4927,g1post,A/RL/AL,1,Adrive,0.08316619192096245
4928,g1post,A/RL/AL,1,Adrive,0.13776206880451913
4929,g1post,A/RL/AL,1,Adrive,-0.291502341809689
4930,g1post,A/RL/AL,1,Adrive,-0.11268757817284289
4931,g1post,A/RL/AL,1,Adrive,0.1439442249666453
4932,g1post,A/RL/AL,1,Adrive,0.06982737746052813
4933,g1post,A/RL/AL,1,Adrive,-0.35902582449340625
4934,g1post,A/RL/AL,1,Adrive,0.0695848736025962
4935,g1post,A/RL/AL,1,Adrive,0.2578396030450063
4936,g1post,A/RL/AL,1,Adrive,-0.09160346349764671
4937,g1post,A/RL/AL,1,Adrive,1.611498568642091
4938,g1post,A/RL/AL,1,Adrive,-0.391113254231597
4939,g1post,A/RL/AL,1,Adrive,-0.28844331384366
4940,g1post,A/RL/AL,1,Adrive,0.18482212569074544
4941,g1post,A/RL/AL,1,Adrive,0.5291144820341626
4942,g1post,A/RL/AL,1,Adrive,0.634561017863238
4943,g1post,A/RL/AL,1,Adrive,0.07455632250318887
4944,g1post,A/RL/AL,1,Adrive,-0.17483379009284736
4945,g1post,A/RL/AL,1,Adrive,0.40884508678264553
4946,g1post,A/RL/AL,1,Adrive,0.3445411433044229
4947,g1post,A/RL/AL,1,Adrive,0.0290047241434026
4948,g1post,A/RL/AL,1,Adrive,-0.3164693175682165
4949,g1post,A/RL/AL,1,Adrive,0.6201223262345961
4950,g1post,A/RL/AL,1,Adrive,0.26311639440321605
4951,g1post,A/RL/AL,1,Adrive,0.6642450914984154
4952,g1post,A/RL/AL,1,Adrive,-0.2650801139132801
4953,g1post,A/RL/AL,1,Adrive,-0.27346176085559637
4954,g1post,A/RL/AL,1,Adrive,0.06105052093819917
4955,g1post,A/RL/AL,1,Adrive,-0.18735787543395455
4956,g1post,A/RL/AL,1,Adrive,-0.2250965469312104
4957,g1post,A/RL/AL,1,Adrive,0.3026703816291222
4958,g1post,A/RL/AL,1,Adrive,-0.23548743920134624
4959,g1post,A/RL/AL,1,Adrive,-0.14922936472877296
4960,g1post,A/RL/AL,1,Adrive,0.004586386912402333
4961,g1post,A/RL/AL,1,Adrive,0.7348418508865706
4962,g1post,A/RL/AL,1,Adrive,0.4301860143152905
4963,g1post,A/RL/AL,1,Adrive,1.3213752783041974
4964,g1post,A/RL/AL,1,Adrive,0.3108677659696135
4965,g1post,A/RL/AL,1,Adrive,1.1430646829818107
4966,g1post,A/RL/AL,1,Adrive,-0.15844603524530165
4967,g1post,A/RL/AL,1,Adrive,0.045110997524849546
4968,g1post,A/RL/AL,1,Adrive,1.2855751957616108
4969,g1post,A/RL/AL,2,Adrive,0.28505462487333894
4970,g1post,A/RL/AL,2,Adrive,-0.0846664204253634
4971,g1post,A/RL/AL,2,Adrive,0.29975526079630294
4972,g1post,A/RL/AL,2,Adrive,0.029498072778377984
4973,g1post,A/RL/AL,2,Adrive,0.16986452493094298
4974,g1post,A/RL/AL,2,Adrive,0.046051917828838766
4975,g1post,A/RL/AL,2,Adrive,0.2349430490178636
4976,g1post,A/RL/AL,2,Adrive,0.09714937737331843
4977,g1post,A/RL/AL,2,Adrive,-0.07306491293520627
4978,g1post,A/RL/AL,2,Adrive,0.25238078824454113
4979,g1post,A/RL/AL,2,Adrive,-0.012828314783634321
4980,g1post,A/RL/AL,2,Adrive,0.6264998489753272
4981,g1post,A/RL/AL,2,Adrive,-0.001294409313597598
4982,g1post,A/RL/AL,2,Adrive,0.19480088805901694
4983,g1post,A/RL/AL,2,Adrive,0.1278419658920876
4984,g1post,A/RL/AL,2,Adrive,0.21804228458513744
4985,g1post,A/RL/AL,2,Adrive,0.08495076760431299
4986,g1post,A/RL/AL,2,Adrive,-0.0791937288277859
4987,g1post,A/RL/AL,2,Adrive,0.014955850194823444
4988,g1post,A/RL/AL,2,Adrive,0.2946105562276212
4989,g1post,A/RL/AL,2,Adrive,0.3020461691529443
4990,g1post,A/RL/AL,2,Adrive,0.09045024730560414
4991,g1post,A/RL/AL,2,Adrive,-0.2520627081320621
4992,g1post,A/RL/AL,2,Adrive,-0.028422914393331646
4993,g1post,A/RL/AL,2,Adrive,0.29525513925182206
4994,g1post,A/RL/AL,2,Adrive,0.1900788279559012
4995,g1post,A/RL/AL,2,Adrive,0.4707111036541917
4996,g1post,A/RL/AL,2,Adrive,-0.41063301189584717
4997,g1post,A/RL/AL,2,Adrive,0.4781181614275373
4998,g1post,A/RL/AL,2,Adrive,0.130525307430694
4999,g1post,A/RL/AL,2,Adrive,0.00903242146673783
5000,g1post,A/RL/AL,2,Adrive,0.13664469632656248
5001,g1post,A/RL/AL,2,Adrive,-0.39724982400999814
5002,g1post,A/RL/AL,2,Adrive,0.4500200189143262
5003,g1post,A/RL/AL,2,Adrive,-0.25397071968160967
5004,g1post,A/RL/AL,2,Adrive,-0.3142589858831515
5005,g1post,A/RL/AL,2,Adrive,-0.02364039993350297
5006,g1post,A/RL/AL,2,Adrive,0.27895950837370453
5007,g1post,A/RL/AL,2,Adrive,0.43906700403327725
5008,g1post,A/RL/AL,2,Adrive,0.18386784804039868
5009,g1post,A/RL/AL,2,Adrive,0.04620613411846121
5010,g1post,A/RL/AL,3,Adrive,0.03765630397819613
5011,g1post,A/RL/AL,3,Adrive,-0.06378265187334324
5012,g1post,A/RL/AL,3,Adrive,-0.11431302821526472
5013,g1post,A/RL/AL,3,Adrive,0.051378156630331705
5014,g1post,A/RL/AL,3,Adrive,0.12611451560727355
5015,g1post,A/RL/AL,3,Adrive,-0.034090667081829534
5016,g1post,A/RL/AL,3,Adrive,0.11414640553441338
5017,g1post,A/RL/AL,3,Adrive,0.5467211705834597
5018,g1post,A/RL/AL,3,Adrive,0.07041517263147855
5019,g1post,A/RL/AL,3,Adrive,0.1326554029717514
5020,g1post,A/RL/AL,3,Adrive,0.10489376438903361
5021,g1post,A/RL/AL,3,Adrive,-0.0757289457439275
5022,g1post,A/RL/AL,3,Adrive,0.21698990022196646
5023,g1post,A/RL/AL,3,Adrive,-0.027209967080867762
5024,g1post,A/RL/AL,3,Adrive,0.08761926236944466
5025,g1post,A/RL/AL,3,Adrive,0.0039145589440371924
5026,g1post,A/RL/AL,3,Adrive,0.08043829258692295
5027,g1post,A/RL/AL,3,Adrive,0.02744138898622204
5028,g1post,A/RL/AL,3,Adrive,-0.020154844606072517
5029,g1post,A/RL/AL,3,Adrive,0.04530522173866195
5030,g1post,A/RL/AL,3,Adrive,0.17923818469832462
5031,g1post,A/RL/AL,3,Adrive,0.035319293625915696
5032,g1post,A/RL/AL,3,Adrive,0.10121735077609718
5033,g1post,A/RL/AL,3,Adrive,-0.01930763636478433
5034,g1post,A/RL/AL,3,Adrive,0.22300105879505294
5035,g1post,A/RL/AL,3,Adrive,0.06442425212006603
5036,g1post,A/RL/AL,3,Adrive,0.26212627945871264
5037,g1post,A/RL/AL,3,Adrive,0.007487716528968937
5038,g1post,A/RL/AL,3,Adrive,0.07501960425618541
5039,g1post,A/RL/AL,3,Adrive,-0.06545254817047184
5040,g1post,A/RL/AL,3,Adrive,-0.0461320444631741
5041,g1post,A/RL/AL,3,Adrive,-0.07496839773462999
5042,g1post,A/RL/AL,3,Adrive,0.1404323311734459
5043,g1post,A/RL/AL,3,Adrive,-0.0830446238990916
5044,g1post,A/RL/AL,3,Adrive,-0.08022392056665058
5045,g1post,A/RL/AL,3,Adrive,-0.06264107194019232
5046,g1post,A/RL/AL,3,Adrive,0.17490966865670204
5047,g1post,A/RL/AL,3,Adrive,0.011863149070240752
5048,g1post,A/RL/AL,3,Adrive,-0.07072820265766822
5049,g1post,A/RL/AL,3,Adrive,-0.04314690599314463
5050,g1post,A/RL/AL,3,Adrive,0.03563880374480701
5051,g1post,A/RL/AL,3,Adrive,0.056258963308610736
5052,g1post,A/RL/AL,3,Adrive,0.0213347574928602
5053,g1post,A/RL/AL,3,Adrive,0.03934342968337837
5054,g1post,A/RL/AL,3,Adrive,0.10529542971787796
5055,g1post,A/RL/AL,3,Adrive,-0.053715463789055444
5056,g1post,A/RL/AL,3,Adrive,-0.056526023911480115
5057,g1post,A/RL/AL,3,Adrive,-0.05743115158449559
5058,g1post,A/RL/AL,3,Adrive,-0.07009003556511087
5059,g1post,A/RL/AL,3,Adrive,-0.1239319634411708
5060,g1post,A/RL/AL,3,Adrive,0.06764937020599839
5061,g1post,A/RL/AL,3,Adrive,-0.0975520122213413
5062,g1post,A/RL/AL,3,Adrive,-0.03392453265491449
5063,g1post,A/RL/AL,3,Adrive,-0.06715771322649416
5064,g1post,A/RL/AL,3,Adrive,-0.06281048290820761
5065,g1post,A/RL/AL,3,Adrive,0.0008195117332089896
5066,g1post,A/RL/AL,3,Adrive,0.09808765958695516
5067,g1post,A/RL/AL,3,Adrive,0.04685401352232566
5068,g1post,A/RL/AL,3,Adrive,-0.06929433554494314
5069,g1post,A/RL/AL,3,Adrive,0.11493064480042149
5070,g1post,A/RL/AL,3,Adrive,-0.09164588913345019
5071,g1post,A/RL/AL,3,Adrive,0.07641270512919235
5072,g1post,A/RL/AL,3,Adrive,0.12470148323040765
5073,g1post,A/RL/AL,3,Adrive,-0.08376795518562642
5074,g1post,A/RL/AL,3,Adrive,0.004348367390853656
5075,g1post,A/RL/AL,3,Adrive,0.042610998079333724
5076,g1post,A/RL/AL,3,Adrive,-0.002056338683403389
5077,g1post,A/RL/AL,3,Adrive,0.015029686549143243
5078,g1post,A/RL/AL,3,Adrive,-0.13160764818851778
5079,g1post,A/RL/AL,3,Adrive,-0.056019648427450844
5080,g1post,A/RL/AL,3,Adrive,-0.10569388128911647
5081,g1post,A/RL/AL,3,Adrive,0.06215748760667758
5082,g1post,A/RL/AL,3,Adrive,-0.0054786822543025585
5083,g1post,A/RL/AL,3,Adrive,0.10108660726644914
5084,g1post,A/RL/AL,3,Adrive,0.026946522429284706
5085,g1post,A/RL/AL,3,Adrive,0.14662867591600112
5086,g1post,A/RL/AL,3,Adrive,-0.007906562079506982
5087,g1post,A/RL/AL,3,Adrive,-0.34550736641214425
5088,g1post,A/RL/AL,3,Adrive,-0.002725364880340295
5089,g1post,A/RL/AL,3,Adrive,0.2051434700563945
5090,g1post,A/RL/AL,3,Adrive,0.09021526747451877
5091,g1post,A/RL/AL,3,Adrive,0.10552872171934857
5092,g1post,A/RL/AL,3,Adrive,0.1438519292480964
5093,g1post,A/RL/AL,3,Adrive,0.022854006804334782
5094,g1post,A/RL/AL,3,Adrive,-0.03705593698231068
5095,g1post,A/RL/AL,3,Adrive,-0.10683401091115487
5096,g1post,A/RL/AL,3,Adrive,0.08610692691319007
5097,g1post,A/RL/AL,3,Adrive,0.1555682078257021
5098,g1post,A/RL/AL,3,Adrive,0.07858037221329114
5099,g1post,A/RL/AL,3,Adrive,-0.025799328725340798
5100,g1post,A/RL/AL,3,Adrive,-0.07288638968047847
5101,g1post,A/RL/AL,3,Adrive,0.03960971055945044
5102,g1post,A/RL/AL,3,Adrive,0.1254557542418707
5103,g1post,A/RL/AL,3,Adrive,-0.09666649907236853
5104,g1post,A/RL/AL,3,Adrive,0.11538469433625104
5105,g1post,A/RL/AL,3,Adrive,0.031183887860471913
5106,g1post,A/RL/AL,3,Adrive,0.010844101659383414
5107,g1post,A/RL/AL,3,Adrive,-0.12502178199760705
5108,g1post,A/RL/AL,3,Adrive,0.06251249248677852
5109,g1post,A/RL/AL,3,Adrive,0.02860082666923232
5110,g1post,A/RL/AL,3,Adrive,-0.0776547476839528
5111,g1post,A/RL/AL,3,Adrive,-0.03266779455601344
5112,g1post,A/RL/AL,3,Adrive,0.05850544145665703
5113,g1post,A/RL/AL,3,Adrive,-0.032948198373944915
5114,g1post,A/RL/AL,4,Adrive,0.18165542821650862
5115,g1post,A/RL/AL,4,Adrive,0.07431922196035559
5116,g1post,A/RL/AL,4,Adrive,0.637381634740085
5117,g1post,A/RL/AL,4,Adrive,0.3144894277381139
5118,g1post,A/RL/AL,4,Adrive,-0.16340684659804522
5119,g1post,A/RL/AL,4,Adrive,-0.07371604417521603
5120,g1post,A/RL/AL,4,Adrive,0.2981745448748553
5121,g1post,A/RL/AL,5,Adrive,-0.013858355960276765
5122,g1post,A/RL/AL,5,Adrive,0.012110554418109036
5123,g1post,A/RL/AL,5,Adrive,0.025481717679304572
5124,g1post,A/RL/AL,5,Adrive,-0.00865884698172324
5125,g1post,A/RL/AL,5,Adrive,0.10890177721022959
5126,g1post,A/RL/AL,5,Adrive,-0.06431045146066453
5127,g1post,A/RL/AL,5,Adrive,-0.08561880942325742
5128,g1post,A/RL/AL,5,Adrive,-0.08026665121824285
5129,g1post,A/RL/AL,5,Adrive,-0.10121373791225356
5130,g1post,A/RL/AL,5,Adrive,0.05873072160489147
5131,g1post,A/RL/AL,5,Adrive,-0.0791705746202244
5132,g1post,A/RL/AL,5,Adrive,0.006115342602989977
5133,g1post,A/RL/AL,5,Adrive,0.16129195788104503
5134,g1post,A/RL/AL,5,Adrive,0.13921169461619584
5135,g1post,A/RL/AL,5,Adrive,0.18143597115033366
5136,g1post,A/RL/AL,5,Adrive,-0.05187559983955919
5137,g1post,A/RL/AL,5,Adrive,-0.1387876011297999
5138,g1post,A/RL/AL,5,Adrive,0.015760771641179172
5139,g1post,A/RL/AL,5,Adrive,0.037283951398409475
5140,g1post,A/RL/AL,5,Adrive,0.05398323422021604
5141,g1post,A/RL/AL,5,Adrive,-0.10672720144969605
5142,g1post,A/RL/AL,5,Adrive,0.015297721873471266
5143,g1post,A/RL/AL,5,Adrive,0.060791193212367034
5144,g1post,A/RL/AL,5,Adrive,0.08618459328720851
5145,g1post,A/RL/AL,5,Adrive,0.052444110360470635
5146,g1post,A/RL/AL,5,Adrive,-0.02378086425789461
5147,g1post,A/RL/AL,5,Adrive,-0.18325671187042822
5148,g1post,A/RL/AL,5,Adrive,0.1433574079764677
5149,g1post,A/RL/AL,5,Adrive,-0.042331048132471835
5150,g1post,A/RL/AL,5,Adrive,0.04642654941421442
5151,g1post,A/RL/AL,5,Adrive,-0.05726708006374301
5152,g1post,A/RL/AL,5,Adrive,-0.0509684075503586
5153,g1post,A/RL/AL,5,Adrive,-0.18628936550909178
5154,g1post,A/RL/AL,5,Adrive,0.02108543898258343
5155,g1post,A/RL/AL,5,Adrive,-0.00881354679659423
5156,g1post,A/RL/AL,5,Adrive,-0.13817060450423777
5157,g1post,A/RL/AL,5,Adrive,-0.065006117373619
5158,g1post,A/RL/AL,5,Adrive,-0.11974506942518376
5159,g1post,A/RL/AL,5,Adrive,0.09231236681336882
5160,g1post,A/RL/AL,5,Adrive,-0.076309002281859
5161,g1post,A/RL/AL,5,Adrive,0.07822192179499053
5162,g1post,A/RL/AL,5,Adrive,-0.07819135393525746
5163,g1post,A/RL/AL,5,Adrive,-0.11401261986718403
5164,g1post,A/RL/AL,5,Adrive,0.11258785454285676
5165,g1post,A/RL/AL,5,Adrive,0.09539869460307303
5166,g1post,A/RL/AL,5,Adrive,-0.08251458259502178
5167,g1post,A/RL/AL,5,Adrive,0.17089091449925592
5168,g1post,A/RL/AL,5,Adrive,0.10850769129310797
5169,g1post,A/RL/AL,5,Adrive,-0.0542416708554455
5170,g1post,A/RL/AL,5,Adrive,-0.06425783443116996
5171,g1post,A/RL/AL,5,Adrive,0.01350235383411477
5172,g1post,A/RL/AL,5,Adrive,-0.010664729394809008
5173,g1post,A/RL/AL,5,Adrive,0.07209935386981675
5174,g1post,A/RL/AL,6,Adrive,0.13178206122666386
5175,g1post,A/RL/AL,6,Adrive,-0.0005584413067827031
5176,g1post,A/RL/AL,6,Adrive,-0.04379938609727181
5177,g1post,A/RL/AL,6,Adrive,-0.19921325684819297
5178,g1post,A/RL/AL,6,Adrive,0.1836363088452375
5179,g1post,A/RL/AL,6,Adrive,0.13753682590661737
5180,g1post,A/RL/AL,6,Adrive,0.15753372738858235
5181,g1post,A/RL/AL,6,Adrive,0.12003222411320023
5182,g1post,A/RL/AL,6,Adrive,0.14119521880653527
5183,g1post,A/RL/AL,6,Adrive,0.15165030505516344
5184,g1post,A/RL/AL,6,Adrive,0.16580272658370276
5185,g1post,A/RL/AL,6,Adrive,-0.012854942972298408
5186,g1post,A/RL/AL,6,Adrive,-0.1350190357129959
5187,g1post,A/RL/AL,6,Adrive,0.18127923701045837
5188,g1post,A/RL/AL,6,Adrive,0.1890637696250806
5189,g1post,A/RL/AL,6,Adrive,-0.03614041944524792
5190,g1post,A/RL/AL,6,Adrive,-0.09443891484667132
5191,g1post,A/RL/AL,6,Adrive,0.33055316829122466
5192,g1post,A/RL/AL,6,Adrive,0.014554633015061984
5193,g1post,A/RL/AL,6,Adrive,-0.20399720772380125
5194,g1post,A/RL/AL,6,Adrive,-0.003499838032077711
5195,g1post,A/RL/AL,6,Adrive,-0.167872125308105
5196,g1post,A/RL/AL,6,Adrive,-0.027426814161529627
5197,g1post,A/RL/AL,6,Adrive,0.217400408248172
5198,g1post,A/RL/AL,6,Adrive,0.06121933904970207
5199,g1post,A/RL/AL,6,Adrive,1.135625646107605
5200,g1post,A/RL/AL,6,Adrive,1.0732561567782875
5201,g1post,A/RL/AL,6,Adrive,-0.06520952825617622
5202,g1post,A/RL/AL,6,Adrive,-0.0953547448457889
5203,g1post,A/RL/AL,0,Motordrive,0.06633982596818376
5204,g1post,A/RL/AL,0,Motordrive,-0.10920395312402414
5205,g1post,A/RL/AL,0,Motordrive,0.042692245975517545
5206,g1post,A/RL/AL,0,Motordrive,0.1771115959893345
5207,g1post,A/RL/AL,0,Motordrive,0.0965414857552623
5208,g1post,A/RL/AL,0,Motordrive,0.07972209949130778
5209,g1post,A/RL/AL,0,Motordrive,0.053005184889800806
5210,g1post,A/RL/AL,0,Motordrive,0.25657735754709066
5211,g1post,A/RL/AL,0,Motordrive,0.14709973833915263
5212,g1post,A/RL/AL,0,Motordrive,0.047883314148413514
5213,g1post,A/RL/AL,0,Motordrive,0.08222715230746182
5214,g1post,A/RL/AL,0,Motordrive,0.018559788993855512
5215,g1post,A/RL/AL,0,Motordrive,0.0727072741372236
5216,g1post,A/RL/AL,0,Motordrive,-0.001845169449639385
5217,g1post,A/RL/AL,0,Motordrive,-0.03527544941168032
5218,g1post,A/RL/AL,0,Motordrive,0.10565062014655796
5219,g1post,A/RL/AL,0,Motordrive,0.11042580324802326
5220,g1post,A/RL/AL,0,Motordrive,0.1510565921346902
5221,g1post,A/RL/AL,0,Motordrive,0.11726890693514534
5222,g1post,A/RL/AL,0,Motordrive,0.1359229634702029
5223,g1post,A/RL/AL,0,Motordrive,-0.018056191613927106
5224,g1post,A/RL/AL,0,Motordrive,0.11943299315727374
5225,g1post,A/RL/AL,0,Motordrive,-0.00038595783847905445
5226,g1post,A/RL/AL,0,Motordrive,0.015314851655605012
5227,g1post,A/RL/AL,0,Motordrive,-0.011067987572692934
5228,g1post,A/RL/AL,0,Motordrive,0.09480227258650553
5229,g1post,A/RL/AL,0,Motordrive,0.10130704751628589
5230,g1post,A/RL/AL,0,Motordrive,0.14170194404304415
5231,g1post,A/RL/AL,0,Motordrive,-0.057283855430257595
5232,g1post,A/RL/AL,0,Motordrive,-0.01917440498438798
5233,g1post,A/RL/AL,0,Motordrive,0.07576177998044918
5234,g1post,A/RL/AL,0,Motordrive,0.10316416593084872
5235,g1post,A/RL/AL,0,Motordrive,-0.01980217419491684
5236,g1post,A/RL/AL,0,Motordrive,0.0743305528556656
5237,g1post,A/RL/AL,0,Motordrive,0.041454669162855985
5238,g1post,A/RL/AL,0,Motordrive,0.06717966080901519
5239,g1post,A/RL/AL,0,Motordrive,0.20339415870141755
5240,g1post,A/RL/AL,0,Motordrive,0.04333146850381885
5241,g1post,A/RL/AL,0,Motordrive,0.09814564432664584
5242,g1post,A/RL/AL,0,Motordrive,0.23873055339494637
5243,g1post,A/RL/AL,0,Motordrive,0.053924613072728556
5244,g1post,A/RL/AL,0,Motordrive,0.11805607590038253
5245,g1post,A/RL/AL,0,Motordrive,0.0379146760817352
5246,g1post,A/RL/AL,0,Motordrive,0.05643483406191609
5247,g1post,A/RL/AL,0,Motordrive,0.14151739731117913
5248,g1post,A/RL/AL,0,Motordrive,0.1586123932074649
5249,g1post,A/RL/AL,0,Motordrive,0.1141244422614816
5250,g1post,A/RL/AL,0,Motordrive,0.13034354403791282
5251,g1post,A/RL/AL,0,Motordrive,0.094798336445746
5252,g1post,A/RL/AL,0,Motordrive,0.19793514604480342
5253,g1post,A/RL/AL,0,Motordrive,0.07464793615086092
5254,g1post,A/RL/AL,0,Motordrive,0.1768230269362389
5255,g1post,A/RL/AL,0,Motordrive,0.15636180271730962
5256,g1post,A/RL/AL,0,Motordrive,0.12613807045105546
5257,g1post,A/RL/AL,0,Motordrive,0.06885400247029697
5258,g1post,A/RL/AL,0,Motordrive,-0.052151294404916095
5259,g1post,A/RL/AL,0,Motordrive,0.15979502150447827
5260,g1post,A/RL/AL,0,Motordrive,0.02842296459142722
5261,g1post,A/RL/AL,0,Motordrive,0.042128985831857674
5262,g1post,A/RL/AL,0,Motordrive,0.15532603228648764
5263,g1post,A/RL/AL,0,Motordrive,0.03979767905343788
5264,g1post,A/RL/AL,0,Motordrive,0.07769935357441
5265,g1post,A/RL/AL,0,Motordrive,0.09043180232920629
5266,g1post,A/RL/AL,0,Motordrive,0.09075875014144051
5267,g1post,A/RL/AL,0,Motordrive,-0.006926553530975967
5268,g1post,A/RL/AL,0,Motordrive,0.23780770798990586
5269,g1post,A/RL/AL,0,Motordrive,0.17534364633179517
5270,g1post,A/RL/AL,0,Motordrive,-0.005674330919878861
5271,g1post,A/RL/AL,0,Motordrive,0.14266944942486695
5272,g1post,A/RL/AL,0,Motordrive,0.11568233839321493
5273,g1post,A/RL/AL,0,Motordrive,0.04289875451105348
5274,g1post,A/RL/AL,0,Motordrive,0.1403578224853981
5275,g1post,A/RL/AL,0,Motordrive,0.16574900864187406
5276,g1post,A/RL/AL,0,Motordrive,-0.05319018200363309
5277,g1post,A/RL/AL,0,Motordrive,0.1777852722919625
5278,g1post,A/RL/AL,0,Motordrive,0.2024321865461249
5279,g1post,A/RL/AL,0,Motordrive,0.2112811786057326
5280,g1post,A/RL/AL,0,Motordrive,0.015184164690525224
5281,g1post,A/RL/AL,0,Motordrive,0.17284933783207398
5282,g1post,A/RL/AL,0,Motordrive,0.16465611349561093
5283,g1post,A/RL/AL,0,Motordrive,0.18984536676415678
5284,g1post,A/RL/AL,0,Motordrive,0.07500587208209163
5285,g1post,A/RL/AL,0,Motordrive,0.19899662990036504
5286,g1post,A/RL/AL,0,Motordrive,0.19609594972268915
5287,g1post,A/RL/AL,0,Motordrive,0.07385437426616427
5288,g1post,A/RL/AL,0,Motordrive,0.13293498719154348
5289,g1post,A/RL/AL,0,Motordrive,0.1403537510482096
5290,g1post,A/RL/AL,0,Motordrive,0.34379283673523664
5291,g1post,A/RL/AL,0,Motordrive,0.16302180857915288
5292,g1post,A/RL/AL,0,Motordrive,0.17853595983759749
5293,g1post,A/RL/AL,0,Motordrive,0.23853688258395617
5294,g1post,A/RL/AL,0,Motordrive,0.2469204280208216
5295,g1post,A/RL/AL,0,Motordrive,0.13716329721635462
5296,g1post,A/RL/AL,0,Motordrive,0.10405668125341257
5297,g1post,A/RL/AL,0,Motordrive,0.11373656690893927
5298,g1post,A/RL/AL,0,Motordrive,0.13368628008732342
5299,g1post,A/RL/AL,0,Motordrive,0.2222123668098821
5300,g1post,A/RL/AL,0,Motordrive,0.07480339930278368
5301,g1post,A/RL/AL,0,Motordrive,0.08814599925224936
5302,g1post,A/RL/AL,0,Motordrive,0.0929272244929579
5303,g1post,A/RL/AL,0,Motordrive,0.21691290668955882
5304,g1post,A/RL/AL,0,Motordrive,0.2216450817833794
5305,g1post,A/RL/AL,0,Motordrive,0.10380831783135164
5306,g1post,A/RL/AL,0,Motordrive,0.06849091866421267
5307,g1post,A/RL/AL,0,Motordrive,0.23633914131679706
5308,g1post,A/RL/AL,0,Motordrive,0.04832673379271177
5309,g1post,A/RL/AL,0,Motordrive,0.12122865272552183
5310,g1post,A/RL/AL,0,Motordrive,0.18453430517515734
5311,g1post,A/RL/AL,0,Motordrive,0.08018209112796211
5312,g1post,A/RL/AL,0,Motordrive,0.19251728954088618
5313,g1post,A/RL/AL,0,Motordrive,0.23257336243877885
5314,g1post,A/RL/AL,1,Motordrive,-0.04559278150170857
5315,g1post,A/RL/AL,1,Motordrive,0.046693671361656044
5316,g1post,A/RL/AL,1,Motordrive,0.3929908598105174
5317,g1post,A/RL/AL,1,Motordrive,-0.13063094164823322
5318,g1post,A/RL/AL,1,Motordrive,0.203984668587178
5319,g1post,A/RL/AL,1,Motordrive,0.025639332145000665
5320,g1post,A/RL/AL,1,Motordrive,0.09099125781185362
5321,g1post,A/RL/AL,1,Motordrive,0.20004389846041615
5322,g1post,A/RL/AL,1,Motordrive,-0.06646395795690745
5323,g1post,A/RL/AL,1,Motordrive,-0.18123551970589102
5324,g1post,A/RL/AL,1,Motordrive,0.03790774267731042
5325,g1post,A/RL/AL,1,Motordrive,-0.0551954248085148
5326,g1post,A/RL/AL,1,Motordrive,0.2522375634823964
5327,g1post,A/RL/AL,1,Motordrive,-0.1494928720169164
5328,g1post,A/RL/AL,1,Motordrive,-0.2809752430839956
5329,g1post,A/RL/AL,1,Motordrive,-0.008467933202676045
5330,g1post,A/RL/AL,1,Motordrive,0.15870907996768582
5331,g1post,A/RL/AL,1,Motordrive,-0.047999034861145894
5332,g1post,A/RL/AL,1,Motordrive,-0.18817695016234604
5333,g1post,A/RL/AL,1,Motordrive,0.06057089206127719
5334,g1post,A/RL/AL,1,Motordrive,0.11496929527023397
5335,g1post,A/RL/AL,1,Motordrive,0.07335246084778922
5336,g1post,A/RL/AL,1,Motordrive,0.06393834919678101
5337,g1post,A/RL/AL,1,Motordrive,0.2079769722320088
5338,g1post,A/RL/AL,1,Motordrive,0.09305629999368267
5339,g1post,A/RL/AL,1,Motordrive,0.1881492709520205
5340,g1post,A/RL/AL,1,Motordrive,-0.06761686201051657
5341,g1post,A/RL/AL,1,Motordrive,0.11870752834437895
5342,g1post,A/RL/AL,1,Motordrive,-0.32531381469285103
5343,g1post,A/RL/AL,1,Motordrive,0.12859243007481588
5344,g1post,A/RL/AL,1,Motordrive,-0.03503341130173186
5345,g1post,A/RL/AL,1,Motordrive,0.27389891562343427
5346,g1post,A/RL/AL,1,Motordrive,0.23294485444459911
5347,g1post,A/RL/AL,1,Motordrive,-0.006687601117823724
5348,g1post,A/RL/AL,1,Motordrive,0.3397371687013266
5349,g1post,A/RL/AL,1,Motordrive,0.08487814538276738
5350,g1post,A/RL/AL,1,Motordrive,0.0688298020814558
5351,g1post,A/RL/AL,1,Motordrive,0.12768874384687373
5352,g1post,A/RL/AL,1,Motordrive,-0.18737098046668438
5353,g1post,A/RL/AL,1,Motordrive,0.19199059237107996
5354,g1post,A/RL/AL,1,Motordrive,0.22966269193744912
5355,g1post,A/RL/AL,1,Motordrive,0.06558976847595159
5356,g1post,A/RL/AL,1,Motordrive,0.24443886462166378
5357,g1post,A/RL/AL,1,Motordrive,0.3953504163593401
5358,g1post,A/RL/AL,1,Motordrive,0.4627104049796419
5359,g1post,A/RL/AL,1,Motordrive,-0.10756146682075535
5360,g1post,A/RL/AL,1,Motordrive,0.19005121888375404
5361,g1post,A/RL/AL,1,Motordrive,0.08412830189368842
5362,g1post,A/RL/AL,1,Motordrive,-0.24721963443912612
5363,g1post,A/RL/AL,1,Motordrive,-0.04717170117777526
5364,g1post,A/RL/AL,1,Motordrive,0.3375044693091465
5365,g1post,A/RL/AL,1,Motordrive,-0.173976275353269
5366,g1post,A/RL/AL,1,Motordrive,0.08313785484647924
5367,g1post,A/RL/AL,1,Motordrive,0.3269567989190219
5368,g1post,A/RL/AL,1,Motordrive,0.20112515027403996
5369,g1post,A/RL/AL,1,Motordrive,0.16574559681622197
5370,g1post,A/RL/AL,1,Motordrive,0.12604318494112918
5371,g1post,A/RL/AL,1,Motordrive,0.04894215852818589
5372,g1post,A/RL/AL,1,Motordrive,0.08081810969929676
5373,g1post,A/RL/AL,1,Motordrive,0.11354473126181111
5374,g1post,A/RL/AL,1,Motordrive,0.11323075526883142
5375,g1post,A/RL/AL,1,Motordrive,0.22265191587511504
5376,g1post,A/RL/AL,1,Motordrive,0.14360608024782884
5377,g1post,A/RL/AL,1,Motordrive,-0.17281101650440864
5378,g1post,A/RL/AL,1,Motordrive,0.07985067448300653
5379,g1post,A/RL/AL,1,Motordrive,-0.06245390806750331
5380,g1post,A/RL/AL,1,Motordrive,0.17016655522993404
5381,g1post,A/RL/AL,1,Motordrive,0.13390803988929353
5382,g1post,A/RL/AL,1,Motordrive,-0.005555452511719284
5383,g1post,A/RL/AL,1,Motordrive,-0.06485725659631666
5384,g1post,A/RL/AL,1,Motordrive,-0.034859714537207126
5385,g1post,A/RL/AL,1,Motordrive,0.03730484938701451
5386,g1post,A/RL/AL,1,Motordrive,-0.09425438770390375
5387,g1post,A/RL/AL,1,Motordrive,0.20058463799183812
5388,g1post,A/RL/AL,2,Motordrive,-0.014635151885401558
5389,g1post,A/RL/AL,2,Motordrive,-0.0013638296622090161
5390,g1post,A/RL/AL,2,Motordrive,0.01595036659744546
5391,g1post,A/RL/AL,2,Motordrive,0.004988061716591336
5392,g1post,A/RL/AL,2,Motordrive,0.019250668561193222
5393,g1post,A/RL/AL,2,Motordrive,0.014888101160529597
5394,g1post,A/RL/AL,2,Motordrive,-0.001700116833902292
5395,g1post,A/RL/AL,2,Motordrive,0.0015507086943213292
5396,g1post,A/RL/AL,2,Motordrive,0.022066901802650467
5397,g1post,A/RL/AL,2,Motordrive,0.0038557595059378557
5398,g1post,A/RL/AL,2,Motordrive,0.006021050445039752
5399,g1post,A/RL/AL,2,Motordrive,-0.04455793319026678
5400,g1post,A/RL/AL,2,Motordrive,0.04210803792489921
5401,g1post,A/RL/AL,2,Motordrive,-0.0040624629608137204
5402,g1post,A/RL/AL,2,Motordrive,-0.015000969708537574
5403,g1post,A/RL/AL,2,Motordrive,-0.012132281421563447
5404,g1post,A/RL/AL,2,Motordrive,-0.0003697080025279415
5405,g1post,A/RL/AL,2,Motordrive,0.005263486843836572
5406,g1post,A/RL/AL,2,Motordrive,-0.017037405698604458
5407,g1post,A/RL/AL,2,Motordrive,-0.004295977956498364
5408,g1post,A/RL/AL,2,Motordrive,0.0057183043409358425
5409,g1post,A/RL/AL,2,Motordrive,-0.012451037800285518
5410,g1post,A/RL/AL,2,Motordrive,-0.0045060062925009105
5411,g1post,A/RL/AL,2,Motordrive,0.04889369091688679
5412,g1post,A/RL/AL,2,Motordrive,-0.008607013853216095
5413,g1post,A/RL/AL,2,Motordrive,0.01695805904660508
5414,g1post,A/RL/AL,2,Motordrive,-0.01067361754061133
5415,g1post,A/RL/AL,2,Motordrive,-0.004457955725599676
5416,g1post,A/RL/AL,2,Motordrive,0.0603765390431168
5417,g1post,A/RL/AL,2,Motordrive,-0.0007080095932847234
5418,g1post,A/RL/AL,2,Motordrive,0.03670382741991122
5419,g1post,A/RL/AL,2,Motordrive,0.034691821501589795
5420,g1post,A/RL/AL,2,Motordrive,-0.0012807953363967557
5421,g1post,A/RL/AL,2,Motordrive,-0.018457835647816778
5422,g1post,A/RL/AL,2,Motordrive,0.03051013739034798
5423,g1post,A/RL/AL,2,Motordrive,-0.009392338222086356
5424,g1post,A/RL/AL,2,Motordrive,-0.014002732983557743
5425,g1post,A/RL/AL,2,Motordrive,-0.003983481859282563
5426,g1post,A/RL/AL,2,Motordrive,-0.0075112749399686585
5427,g1post,A/RL/AL,2,Motordrive,-0.017639178320131194
5428,g1post,A/RL/AL,2,Motordrive,0.03812535344201962
5429,g1post,A/RL/AL,3,Motordrive,0.0764622520741254
5430,g1post,A/RL/AL,3,Motordrive,-0.023339021867507415
5431,g1post,A/RL/AL,3,Motordrive,-0.09096346677864772
5432,g1post,A/RL/AL,3,Motordrive,-0.08983104644981077
5433,g1post,A/RL/AL,3,Motordrive,0.134762938414935
5434,g1post,A/RL/AL,3,Motordrive,-0.04190326660583988
5435,g1post,A/RL/AL,3,Motordrive,-0.04765261143276353
5436,g1post,A/RL/AL,3,Motordrive,0.01713026839277439
5437,g1post,A/RL/AL,3,Motordrive,-0.01623249179999935
5438,g1post,A/RL/AL,3,Motordrive,0.03113572062278864
5439,g1post,A/RL/AL,3,Motordrive,-0.13759307735616624
5440,g1post,A/RL/AL,3,Motordrive,-0.0341080904063898
5441,g1post,A/RL/AL,3,Motordrive,-0.050311678455438755
5442,g1post,A/RL/AL,3,Motordrive,-0.0014051825529259173
5443,g1post,A/RL/AL,3,Motordrive,-0.04661627728889947
5444,g1post,A/RL/AL,3,Motordrive,-0.01688996486940355
5445,g1post,A/RL/AL,3,Motordrive,-0.0673026735686116
5446,g1post,A/RL/AL,3,Motordrive,-0.03435571751969143
5447,g1post,A/RL/AL,3,Motordrive,-0.015800108508185792
5448,g1post,A/RL/AL,3,Motordrive,-0.18864629166961572
5449,g1post,A/RL/AL,3,Motordrive,0.03781088563217489
5450,g1post,A/RL/AL,3,Motordrive,-0.028113415573787826
5451,g1post,A/RL/AL,3,Motordrive,-0.27360450846193884
5452,g1post,A/RL/AL,3,Motordrive,-0.012475823645059426
5453,g1post,A/RL/AL,3,Motordrive,0.017118449227218318
5454,g1post,A/RL/AL,3,Motordrive,-0.07906078765970202
5455,g1post,A/RL/AL,3,Motordrive,0.10979468545342969
5456,g1post,A/RL/AL,3,Motordrive,0.03377438398493386
5457,g1post,A/RL/AL,3,Motordrive,-0.20840007936355817
5458,g1post,A/RL/AL,3,Motordrive,-0.013399433559184678
5459,g1post,A/RL/AL,3,Motordrive,-0.04962340963431149
5460,g1post,A/RL/AL,3,Motordrive,-0.024839281135529266
5461,g1post,A/RL/AL,3,Motordrive,-0.03792683498775042
5462,g1post,A/RL/AL,3,Motordrive,0.04650616603544526
5463,g1post,A/RL/AL,3,Motordrive,-0.06890174699813029
5464,g1post,A/RL/AL,3,Motordrive,-0.016655623951573387
5465,g1post,A/RL/AL,3,Motordrive,-0.05135462492665442
5466,g1post,A/RL/AL,3,Motordrive,-0.06300333737097535
5467,g1post,A/RL/AL,3,Motordrive,0.02679230316279205
5468,g1post,A/RL/AL,3,Motordrive,-0.03703565408961726
5469,g1post,A/RL/AL,3,Motordrive,0.060555229757391124
5470,g1post,A/RL/AL,3,Motordrive,-0.18040942764617524
5471,g1post,A/RL/AL,3,Motordrive,-0.03309297865908915
5472,g1post,A/RL/AL,3,Motordrive,0.036575456522134266
5473,g1post,A/RL/AL,3,Motordrive,0.08567075505869304
5474,g1post,A/RL/AL,3,Motordrive,-0.012119085502768523
5475,g1post,A/RL/AL,3,Motordrive,-0.11336137174887594
5476,g1post,A/RL/AL,3,Motordrive,0.00740479852898016
5477,g1post,A/RL/AL,3,Motordrive,0.009216605481557883
5478,g1post,A/RL/AL,3,Motordrive,0.042153735666058
5479,g1post,A/RL/AL,3,Motordrive,0.1201183936534673
5480,g1post,A/RL/AL,3,Motordrive,0.0012574585527894428
5481,g1post,A/RL/AL,3,Motordrive,0.056290282206717356
5482,g1post,A/RL/AL,3,Motordrive,0.03866711728637687
5483,g1post,A/RL/AL,3,Motordrive,-0.012023233725255858
5484,g1post,A/RL/AL,3,Motordrive,-0.044884204204756945
5485,g1post,A/RL/AL,3,Motordrive,-0.08596956309034189
5486,g1post,A/RL/AL,3,Motordrive,-0.11699599396635349
5487,g1post,A/RL/AL,3,Motordrive,0.011435344875540746
5488,g1post,A/RL/AL,3,Motordrive,-0.15408067765390296
5489,g1post,A/RL/AL,3,Motordrive,0.07066127834808243
5490,g1post,A/RL/AL,3,Motordrive,0.11659795217177164
5491,g1post,A/RL/AL,3,Motordrive,-0.08547583202568326
5492,g1post,A/RL/AL,3,Motordrive,0.10607250270886595
5493,g1post,A/RL/AL,3,Motordrive,0.029027095274303975
5494,g1post,A/RL/AL,3,Motordrive,0.02239659789070995
5495,g1post,A/RL/AL,3,Motordrive,0.004616167737023005
5496,g1post,A/RL/AL,3,Motordrive,-0.15767640714751302
5497,g1post,A/RL/AL,3,Motordrive,-0.00521165318022274
5498,g1post,A/RL/AL,3,Motordrive,0.06584007192315029
5499,g1post,A/RL/AL,3,Motordrive,0.06445214636645498
5500,g1post,A/RL/AL,3,Motordrive,-0.03455793549637707
5501,g1post,A/RL/AL,3,Motordrive,0.08754875654164154
5502,g1post,A/RL/AL,3,Motordrive,-0.055605225240480505
5503,g1post,A/RL/AL,3,Motordrive,0.008982883691644334
5504,g1post,A/RL/AL,3,Motordrive,-0.06300086369772212
5505,g1post,A/RL/AL,3,Motordrive,-0.02672020858749241
5506,g1post,A/RL/AL,3,Motordrive,-0.00493232531689421
5507,g1post,A/RL/AL,3,Motordrive,0.15595403905070082
5508,g1post,A/RL/AL,3,Motordrive,-0.37755482575398996
5509,g1post,A/RL/AL,3,Motordrive,-0.2762860411871421
5510,g1post,A/RL/AL,3,Motordrive,-0.017144667062799678
5511,g1post,A/RL/AL,3,Motordrive,-0.016916418043925106
5512,g1post,A/RL/AL,3,Motordrive,0.03865827419728206
5513,g1post,A/RL/AL,3,Motordrive,-0.05512452670788848
5514,g1post,A/RL/AL,3,Motordrive,-0.010265954346186766
5515,g1post,A/RL/AL,3,Motordrive,-0.2815288017986357
5516,g1post,A/RL/AL,3,Motordrive,0.02561723431009669
5517,g1post,A/RL/AL,3,Motordrive,-0.045323700188840764
5518,g1post,A/RL/AL,3,Motordrive,-0.12337022286185216
5519,g1post,A/RL/AL,3,Motordrive,0.0713269111246064
5520,g1post,A/RL/AL,3,Motordrive,-0.08851389810156116
5521,g1post,A/RL/AL,3,Motordrive,0.001740777243133608
5522,g1post,A/RL/AL,3,Motordrive,0.10828254178437206
5523,g1post,A/RL/AL,3,Motordrive,-0.07343617456146204
5524,g1post,A/RL/AL,3,Motordrive,-0.03728942422674037
5525,g1post,A/RL/AL,3,Motordrive,0.01661466886378877
5526,g1post,A/RL/AL,3,Motordrive,0.13602721065058823
5527,g1post,A/RL/AL,3,Motordrive,0.03585580807148839
5528,g1post,A/RL/AL,3,Motordrive,-0.024431479472039122
5529,g1post,A/RL/AL,3,Motordrive,-0.017162319465364853
5530,g1post,A/RL/AL,3,Motordrive,-0.12273787742817556
5531,g1post,A/RL/AL,3,Motordrive,-0.01921680457463429
5532,g1post,A/RL/AL,3,Motordrive,-0.04233300402805036
5533,g1post,A/RL/AL,4,Motordrive,-0.03161898303329061
5534,g1post,A/RL/AL,4,Motordrive,-0.10836357172840637
5535,g1post,A/RL/AL,4,Motordrive,-0.09690203161806582
5536,g1post,A/RL/AL,4,Motordrive,-0.0802429590117038
5537,g1post,A/RL/AL,4,Motordrive,0.07545106531066283
5538,g1post,A/RL/AL,4,Motordrive,0.1677381497993054
5539,g1post,A/RL/AL,4,Motordrive,-0.04194414291525794
5540,g1post,A/RL/AL,5,Motordrive,0.0040248630050762155
5541,g1post,A/RL/AL,5,Motordrive,0.012348609954184303
5542,g1post,A/RL/AL,5,Motordrive,-0.015374449562806316
5543,g1post,A/RL/AL,5,Motordrive,0.042127099218148015
5544,g1post,A/RL/AL,5,Motordrive,0.05724201784069308
5545,g1post,A/RL/AL,5,Motordrive,-0.07283926936537638
5546,g1post,A/RL/AL,5,Motordrive,0.022203632512435175
5547,g1post,A/RL/AL,5,Motordrive,0.055123540476888874
5548,g1post,A/RL/AL,5,Motordrive,0.010209567463543295
5549,g1post,A/RL/AL,5,Motordrive,0.040690868601755935
5550,g1post,A/RL/AL,5,Motordrive,0.005038370174867785
5551,g1post,A/RL/AL,5,Motordrive,0.4234272176020551
5552,g1post,A/RL/AL,5,Motordrive,0.025400237110188694
5553,g1post,A/RL/AL,5,Motordrive,0.0012104097245980673
5554,g1post,A/RL/AL,5,Motordrive,0.10696680875076986
5555,g1post,A/RL/AL,5,Motordrive,0.02590242185570603
5556,g1post,A/RL/AL,5,Motordrive,0.10542946570010031
5557,g1post,A/RL/AL,5,Motordrive,0.08739537756212185
5558,g1post,A/RL/AL,5,Motordrive,0.11591550630536634
5559,g1post,A/RL/AL,5,Motordrive,0.05136693721860472
5560,g1post,A/RL/AL,5,Motordrive,-0.022999762385135257
5561,g1post,A/RL/AL,5,Motordrive,0.034780811259240256
5562,g1post,A/RL/AL,5,Motordrive,0.010467836037237698
5563,g1post,A/RL/AL,5,Motordrive,0.016171354779538172
5564,g1post,A/RL/AL,5,Motordrive,0.07916155766314854
5565,g1post,A/RL/AL,5,Motordrive,-0.06035087239585818
5566,g1post,A/RL/AL,5,Motordrive,0.16376828089069562
5567,g1post,A/RL/AL,5,Motordrive,0.020172913546829534
5568,g1post,A/RL/AL,5,Motordrive,0.013420473934143992
5569,g1post,A/RL/AL,5,Motordrive,-0.06108328130937381
5570,g1post,A/RL/AL,5,Motordrive,0.19913864614068494
5571,g1post,A/RL/AL,5,Motordrive,0.054265533298300334
5572,g1post,A/RL/AL,5,Motordrive,0.18419036875733438
5573,g1post,A/RL/AL,5,Motordrive,0.07804699896434422
5574,g1post,A/RL/AL,5,Motordrive,0.012564083504552502
5575,g1post,A/RL/AL,5,Motordrive,0.1322817466931072
5576,g1post,A/RL/AL,5,Motordrive,0.22477084832975155
5577,g1post,A/RL/AL,5,Motordrive,0.18567845099486577
5578,g1post,A/RL/AL,5,Motordrive,-0.018566580023404118
5579,g1post,A/RL/AL,5,Motordrive,0.13435132117700516
5580,g1post,A/RL/AL,5,Motordrive,0.12547696960599103
5581,g1post,A/RL/AL,5,Motordrive,0.019785149273977065
5582,g1post,A/RL/AL,5,Motordrive,0.19511037670012987
5583,g1post,A/RL/AL,5,Motordrive,0.07282281803882996
5584,g1post,A/RL/AL,5,Motordrive,0.04519956643239365
5585,g1post,A/RL/AL,5,Motordrive,0.15461747267888054
5586,g1post,A/RL/AL,5,Motordrive,-0.07568865483212023
5587,g1post,A/RL/AL,5,Motordrive,0.036046941354061536
5588,g1post,A/RL/AL,5,Motordrive,0.05480728183980858
5589,g1post,A/RL/AL,5,Motordrive,0.07328407813190857
5590,g1post,A/RL/AL,5,Motordrive,0.014487894344422244
5591,g1post,A/RL/AL,5,Motordrive,0.08593311827880735
5592,g1post,A/RL/AL,5,Motordrive,0.056590901669598966
5593,g1post,A/RL/AL,6,Motordrive,0.24906134050470363
5594,g1post,A/RL/AL,6,Motordrive,0.13122764008214663
5595,g1post,A/RL/AL,6,Motordrive,0.07597506900726168
5596,g1post,A/RL/AL,6,Motordrive,0.0015756108036692651
5597,g1post,A/RL/AL,6,Motordrive,-0.07422686121291378
5598,g1post,A/RL/AL,6,Motordrive,0.0027715512363405475
5599,g1post,A/RL/AL,6,Motordrive,-0.0905901959289799
5600,g1post,A/RL/AL,6,Motordrive,0.051312954335147855
5601,g1post,A/RL/AL,6,Motordrive,-0.0781873730937278
5602,g1post,A/RL/AL,6,Motordrive,0.031489056188532226
5603,g1post,A/RL/AL,6,Motordrive,-0.0276429104740071
5604,g1post,A/RL/AL,6,Motordrive,0.09381847422620257
5605,g1post,A/RL/AL,6,Motordrive,0.2354219972503245
5606,g1post,A/RL/AL,6,Motordrive,0.10533492149666593
5607,g1post,A/RL/AL,6,Motordrive,-0.1057889562173257
5608,g1post,A/RL/AL,6,Motordrive,-0.02158636124008894
5609,g1post,A/RL/AL,6,Motordrive,0.18033489647934992
5610,g1post,A/RL/AL,6,Motordrive,-0.07747477067050627
5611,g1post,A/RL/AL,6,Motordrive,0.06125989655491118
5612,g1post,A/RL/AL,6,Motordrive,0.023326813219905537
5613,g1post,A/RL/AL,6,Motordrive,0.03272682241690613
5614,g1post,A/RL/AL,6,Motordrive,0.09020419908789824
5615,g1post,A/RL/AL,6,Motordrive,0.14298984288788372
5616,g1post,A/RL/AL,6,Motordrive,-0.18263321524033696
5617,g1post,A/RL/AL,6,Motordrive,0.015001177770804284
5618,g1post,A/RL/AL,6,Motordrive,-0.280564149758144
5619,g1post,A/RL/AL,6,Motordrive,-0.32114618602834916
5620,g1post,A/RL/AL,6,Motordrive,-0.04558240510131518
5621,g1post,A/RL/AL,6,Motordrive,0.020532441381395358
5622,g1post,LM,3,Adrive,0.0055056775625043535
5623,g1post,LM,3,Adrive,0.017211226056583193
5624,g1post,LM,3,Adrive,-0.08670383361120375
5625,g1post,LM,3,Adrive,0.0006103238116557253
5626,g1post,LM,3,Adrive,-0.07929434771798466
5627,g1post,LM,3,Adrive,0.10128064909497943
5628,g1post,LM,3,Adrive,0.0018918345359309006
5629,g1post,LM,3,Adrive,-0.003050490950877521
5630,g1post,LM,3,Adrive,-0.16534947231153713
5631,g1post,LM,3,Adrive,0.05046889470071729
5632,g1post,LM,3,Adrive,0.05343329362612671
5633,g1post,LM,3,Adrive,-0.05047476251915946
5634,g1post,LM,3,Adrive,-0.01594046142739191
5635,g1post,LM,3,Adrive,0.07300863448202662
5636,g1post,LM,3,Adrive,0.06775672149762091
5637,g1post,LM,3,Adrive,0.05830093284691728
5638,g1post,LM,3,Adrive,-0.0037434214622340486
5639,g1post,LM,3,Adrive,0.0029072658447549496
5640,g1post,LM,3,Adrive,0.18990560943161883
5641,g1post,LM,3,Adrive,-0.05546130132698293
5642,g1post,LM,3,Adrive,0.07413753582123313
5643,g1post,LM,3,Adrive,-0.00014604434051085328
5644,g1post,LM,3,Adrive,0.11255243856022329
5645,g1post,LM,3,Adrive,-0.12320452210413742
5646,g1post,LM,3,Adrive,0.042103554299518314
5647,g1post,LM,3,Adrive,0.08057397422014405
5648,g1post,LM,3,Adrive,0.01873330423990495
5649,g1post,LM,3,Adrive,0.06427970534115522
5650,g1post,LM,3,Adrive,0.07463241482502748
5651,g1post,LM,3,Adrive,0.13370586548517147
5652,g1post,LM,3,Adrive,0.17772647677567535
5653,g1post,LM,3,Adrive,0.02872633362020113
5654,g1post,LM,3,Adrive,0.22535581045345318
5655,g1post,LM,3,Adrive,0.024215886416593134
5656,g1post,LM,3,Adrive,0.10974826570590936
5657,g1post,LM,3,Adrive,0.10763821928157478
5658,g1post,LM,3,Adrive,0.07359400885673023
5659,g1post,LM,3,Adrive,-0.043112653257809636
5660,g1post,LM,3,Adrive,0.05109893063286137
5661,g1post,LM,3,Adrive,0.05307869486654372
5662,g1post,LM,3,Adrive,0.13476174450384917
5663,g1post,LM,3,Adrive,0.11037717476851049
5664,g1post,LM,3,Adrive,0.03542326052308278
5665,g1post,LM,3,Adrive,-0.06327222246274176
5666,g1post,LM,3,Adrive,0.26144393334888444
5667,g1post,LM,3,Adrive,0.039035888675921594
5668,g1post,LM,3,Adrive,-0.11408153687575202
5669,g1post,LM,3,Adrive,-0.07668305061074202
5670,g1post,LM,3,Adrive,0.0256362437718471
5671,g1post,LM,3,Adrive,0.08635899897607764
5672,g1post,LM,3,Adrive,-0.17617949589900775
5673,g1post,LM,3,Adrive,0.04196550427253052
5674,g1post,LM,3,Adrive,0.005728517196002516
5675,g1post,LM,3,Adrive,-0.01295022486626054
5676,g1post,LM,3,Adrive,0.11011858547279793
5677,g1post,LM,3,Adrive,-0.11571816648333572
5678,g1post,LM,3,Adrive,-0.0020390858220133163
5679,g1post,LM,5,Adrive,0.08116355920961785
5680,g1post,LM,5,Adrive,-0.09383354438063578
5681,g1post,LM,5,Adrive,0.08692106948992509
5682,g1post,LM,5,Adrive,0.01788184269537085
5683,g1post,LM,5,Adrive,0.04449838424603537
5684,g1post,LM,5,Adrive,-0.13379286147813743
5685,g1post,LM,5,Adrive,0.03153553465791904
5686,g1post,LM,5,Adrive,0.02837268282746576
5687,g1post,LM,5,Adrive,0.07737266594182438
5688,g1post,LM,5,Adrive,0.07669898970759835
5689,g1post,LM,5,Adrive,0.024868856128728464
5690,g1post,LM,5,Adrive,-0.12187489844971065
5691,g1post,LM,5,Adrive,-0.08879049699323309
5692,g1post,LM,5,Adrive,-0.10522085024792083
5693,g1post,LM,5,Adrive,-0.0263774485020869
5694,g1post,LM,5,Adrive,-0.009599644477452388
5695,g1post,LM,5,Adrive,-0.10811011118572955
5696,g1post,LM,5,Adrive,0.001706145818488687
5697,g1post,LM,5,Adrive,0.0688490064474127
5698,g1post,LM,5,Adrive,0.0162658438777499
5699,g1post,LM,5,Adrive,0.06910770807888253
5700,g1post,LM,5,Adrive,0.02604898601406343
5701,g1post,LM,5,Adrive,-0.09563690237887133
5702,g1post,LM,5,Adrive,0.001019388669218022
5703,g1post,LM,5,Adrive,-0.056465991545817
5704,g1post,LM,5,Adrive,0.05675354203491742
5705,g1post,LM,5,Adrive,-0.050579923205346024
5706,g1post,LM,5,Adrive,0.011677880092892985
5707,g1post,LM,5,Adrive,-0.15972568591416114
5708,g1post,LM,5,Adrive,0.17364052634413105
5709,g1post,LM,5,Adrive,0.15126957488319628
5710,g1post,LM,5,Adrive,-0.0841157850747104
5711,g1post,LM,5,Adrive,-0.12497409830872558
5712,g1post,LM,5,Adrive,-0.1693132331904075
5713,g1post,LM,5,Adrive,-0.03279538744486648
5714,g1post,LM,5,Adrive,0.01482331006672637
5715,g1post,LM,5,Adrive,-0.05701218864183045
5716,g1post,LM,5,Adrive,-0.21102131739186997
5717,g1post,LM,5,Adrive,-0.1751037342357441
5718,g1post,LM,5,Adrive,-0.19980970463322423
5719,g1post,LM,5,Adrive,-0.08733061323741007
5720,g1post,LM,5,Adrive,0.007861429988795045
5721,g1post,LM,5,Adrive,0.1138724795983282
5722,g1post,LM,5,Adrive,-0.09148799476847415
5723,g1post,LM,5,Adrive,-0.13662580412794378
5724,g1post,LM,5,Adrive,0.013468229222843386
5725,g1post,LM,5,Adrive,-0.054155229451673045
5726,g1post,LM,3,Motordrive,0.03040492017710577
5727,g1post,LM,3,Motordrive,-0.09909665288509781
5728,g1post,LM,3,Motordrive,0.06488743481589006
5729,g1post,LM,3,Motordrive,-0.005713442689439477
5730,g1post,LM,3,Motordrive,0.09020481518424688
5731,g1post,LM,3,Motordrive,-0.033464437463645
5732,g1post,LM,3,Motordrive,0.012267443181461155
5733,g1post,LM,3,Motordrive,-0.0014680850506089554
5734,g1post,LM,3,Motordrive,0.11254457921716039
5735,g1post,LM,3,Motordrive,0.04279239627969989
5736,g1post,LM,3,Motordrive,-0.058413423218514685
5737,g1post,LM,3,Motordrive,0.033126001928564006
5738,g1post,LM,3,Motordrive,-0.03397222500176537
5739,g1post,LM,3,Motordrive,-0.08244286419846567
5740,g1post,LM,3,Motordrive,0.031955358595985264
5741,g1post,LM,3,Motordrive,-0.07403722792642335
5742,g1post,LM,3,Motordrive,0.03750495538759391
5743,g1post,LM,3,Motordrive,-0.022989506502006898
5744,g1post,LM,3,Motordrive,0.08019150448612893
5745,g1post,LM,3,Motordrive,-0.046365545559100954
5746,g1post,LM,3,Motordrive,-0.05317018658119581
5747,g1post,LM,3,Motordrive,-0.04367224097000734
5748,g1post,LM,3,Motordrive,0.049013087504285964
5749,g1post,LM,3,Motordrive,0.06081321204130142
5750,g1post,LM,3,Motordrive,0.033986292866916575
5751,g1post,LM,3,Motordrive,0.03912114050565575
5752,g1post,LM,3,Motordrive,0.037744904695988374
5753,g1post,LM,3,Motordrive,0.04545195335382098
5754,g1post,LM,3,Motordrive,0.07939111894010363
5755,g1post,LM,3,Motordrive,0.11960158386753815
5756,g1post,LM,3,Motordrive,-0.006195954803185779
5757,g1post,LM,3,Motordrive,0.15341475624329912
5758,g1post,LM,3,Motordrive,0.0051881714435480005
5759,g1post,LM,3,Motordrive,0.11388491822844998
5760,g1post,LM,3,Motordrive,-0.0627451026304314
5761,g1post,LM,3,Motordrive,0.035883852783600484
5762,g1post,LM,3,Motordrive,-0.0436012459630762
5763,g1post,LM,3,Motordrive,0.03244407056695849
5764,g1post,LM,3,Motordrive,-0.0608745703823296
5765,g1post,LM,3,Motordrive,-0.02432938224377903
5766,g1post,LM,3,Motordrive,0.04081891271906261
5767,g1post,LM,3,Motordrive,-0.0014940814246931894
5768,g1post,LM,3,Motordrive,0.024319097968526687
5769,g1post,LM,3,Motordrive,0.08899673754695632
5770,g1post,LM,3,Motordrive,-0.03491684643488244
5771,g1post,LM,3,Motordrive,-0.004331214603639942
5772,g1post,LM,3,Motordrive,0.10296870555862256
5773,g1post,LM,3,Motordrive,0.08107112395203842
5774,g1post,LM,3,Motordrive,-0.041634871181336984
5775,g1post,LM,3,Motordrive,0.0363634304334931
5776,g1post,LM,3,Motordrive,-0.042891982608088984
5777,g1post,LM,3,Motordrive,-0.10267917613162003
5778,g1post,LM,3,Motordrive,-0.002006142525133546
5779,g1post,LM,3,Motordrive,0.15401428554402477
5780,g1post,LM,3,Motordrive,0.0284889598741861
5781,g1post,LM,3,Motordrive,0.02566887741786959
5782,g1post,LM,3,Motordrive,0.024932130714721647
5783,g1post,LM,5,Motordrive,0.026504246507626478
5784,g1post,LM,5,Motordrive,-0.00011033015669836747
5785,g1post,LM,5,Motordrive,-0.05100307022517079
5786,g1post,LM,5,Motordrive,0.03159411750169029
5787,g1post,LM,5,Motordrive,0.00811038962038005
5788,g1post,LM,5,Motordrive,0.025936370850570902
5789,g1post,LM,5,Motordrive,0.08965871656289284
5790,g1post,LM,5,Motordrive,0.04471771372194317
5791,g1post,LM,5,Motordrive,0.13444519954683512
5792,g1post,LM,5,Motordrive,0.04490747336935422
5793,g1post,LM,5,Motordrive,0.060784383086007664
5794,g1post,LM,5,Motordrive,0.06424616104762618
5795,g1post,LM,5,Motordrive,0.026852536914589317
5796,g1post,LM,5,Motordrive,0.04137575175199867
5797,g1post,LM,5,Motordrive,0.04230714148063958
5798,g1post,LM,5,Motordrive,0.03498317921313225
5799,g1post,LM,5,Motordrive,0.13172337590249997
5800,g1post,LM,5,Motordrive,0.010388131513399483
5801,g1post,LM,5,Motordrive,0.11256366860732947
5802,g1post,LM,5,Motordrive,0.03188731685263527
5803,g1post,LM,5,Motordrive,0.16903493234685463
5804,g1post,LM,5,Motordrive,0.09646906949584597
5805,g1post,LM,5,Motordrive,0.09308676361056901
5806,g1post,LM,5,Motordrive,0.09875457785622643
5807,g1post,LM,5,Motordrive,0.052153379281779544
5808,g1post,LM,5,Motordrive,0.0297772035438336
5809,g1post,LM,5,Motordrive,0.07743546852155793
5810,g1post,LM,5,Motordrive,0.15404422873928408
5811,g1post,LM,5,Motordrive,0.15092154246850187
5812,g1post,LM,5,Motordrive,0.11614048370449541
5813,g1post,LM,5,Motordrive,0.049134750021813375
5814,g1post,LM,5,Motordrive,0.1114193577606104
5815,g1post,LM,5,Motordrive,-0.00761505608117324
5816,g1post,LM,5,Motordrive,0.07347463705263559
5817,g1post,LM,5,Motordrive,0.022703835903121916
5818,g1post,LM,5,Motordrive,0.0007486198323782531
5819,g1post,LM,5,Motordrive,0.10411070687806434
5820,g1post,LM,5,Motordrive,0.141976631686064
5821,g1post,LM,5,Motordrive,0.2119878451450963
5822,g1post,LM,5,Motordrive,0.0415491843743031
5823,g1post,LM,5,Motordrive,0.1744899558161633
5824,g1post,LM,5,Motordrive,0.035873122954795285
5825,g1post,LM,5,Motordrive,0.12472626066458631
5826,g1post,LM,5,Motordrive,0.13176146200716732
5827,g1post,LM,5,Motordrive,0.07632957390096513
5828,g1post,LM,5,Motordrive,0.03438462334188131
5829,g1post,LM,5,Motordrive,-0.011457679063502901
5830,g2pre,V1,2,Adrive,-0.010889236951328365
5831,g2pre,V1,2,Adrive,-0.05117373648031265
5832,g2pre,V1,2,Adrive,0.07949521634969119
5833,g2pre,V1,2,Adrive,0.08831995667223283
5834,g2pre,V1,2,Adrive,0.047180598335504254
5835,g2pre,V1,2,Adrive,0.06481379912974955
5836,g2pre,V1,2,Adrive,0.023699791541584598
5837,g2pre,V1,2,Adrive,0.10433848882789311
5838,g2pre,V1,2,Adrive,0.06908044896846087
5839,g2pre,V1,2,Adrive,0.03504923425866901
5840,g2pre,V1,2,Adrive,0.06771450341655935
5841,g2pre,V1,2,Adrive,-0.028261712089440616
5842,g2pre,V1,2,Adrive,0.007649602510098923
5843,g2pre,V1,2,Adrive,0.14578095759569545
5844,g2pre,V1,2,Adrive,0.015432295938555989
5845,g2pre,V1,2,Adrive,-0.07375981742601494
5846,g2pre,V1,2,Adrive,0.14207866504239422
5847,g2pre,V1,2,Adrive,0.04884755831987377
5848,g2pre,V1,2,Adrive,-0.038860498517967405
5849,g2pre,V1,2,Adrive,0.04852857118351823
5850,g2pre,V1,2,Adrive,0.010206217612810747
5851,g2pre,V1,2,Adrive,0.1280159689996316
5852,g2pre,V1,2,Adrive,0.13383475311764312
5853,g2pre,V1,2,Adrive,-0.03917503989230036
5854,g2pre,V1,2,Adrive,0.0896936656438303
5855,g2pre,V1,2,Adrive,0.11753914908444368
5856,g2pre,V1,2,Adrive,-0.06448121210873879
5857,g2pre,V1,2,Adrive,-0.0396248689395039
5858,g2pre,V1,2,Adrive,0.0036427421641701866
5859,g2pre,V1,2,Adrive,0.05545678452542249
5860,g2pre,V1,2,Adrive,0.1290001268107877
5861,g2pre,V1,2,Adrive,0.17301971769840546
5862,g2pre,V1,2,Adrive,-0.01980718898032277
5863,g2pre,V1,2,Adrive,-0.0835970776261261
5864,g2pre,V1,2,Adrive,0.027031862062168184
5865,g2pre,V1,2,Adrive,-0.08233253230522036
5866,g2pre,V1,2,Adrive,-0.031388958841400375
5867,g2pre,V1,2,Adrive,-0.05687537319104677
5868,g2pre,V1,2,Adrive,0.06342184123244869
5869,g2pre,V1,2,Adrive,-0.03378934457645014
5870,g2pre,V1,2,Adrive,0.06133977365796356
5871,g2pre,V1,2,Adrive,-0.12938368804961295
5872,g2pre,V1,2,Adrive,0.023400952118025505
5873,g2pre,V1,2,Adrive,-0.10626172107115467
5874,g2pre,V1,2,Adrive,-0.013039150644982306
5875,g2pre,V1,2,Adrive,-0.02619868220123901
5876,g2pre,V1,2,Adrive,-0.011942542863419744
5877,g2pre,V1,2,Adrive,0.07593509442552951
5878,g2pre,V1,2,Adrive,0.029633221560414764
5879,g2pre,V1,2,Adrive,-0.08950340563559846
5880,g2pre,V1,2,Adrive,0.037203451814086505
5881,g2pre,V1,2,Adrive,0.09776510318741485
5882,g2pre,V1,2,Adrive,0.04585203419396629
5883,g2pre,V1,2,Adrive,0.09005647868789085
5884,g2pre,V1,2,Adrive,0.141024253332809
5885,g2pre,V1,2,Adrive,0.10064514735973946
5886,g2pre,V1,2,Adrive,-0.0008168586367901545
5887,g2pre,V1,2,Adrive,-0.06576857889772235
5888,g2pre,V1,2,Adrive,-0.0465475682948678
5889,g2pre,V1,2,Adrive,-0.02532007306519014
5890,g2pre,V1,2,Adrive,0.05313960239824893
5891,g2pre,V1,2,Adrive,0.19315287147549798
5892,g2pre,V1,2,Adrive,-0.008009404749602765
5893,g2pre,V1,2,Adrive,-0.05314077396901784
5894,g2pre,V1,2,Adrive,0.024174039608028327
5895,g2pre,V1,2,Adrive,0.06168326810445635
5896,g2pre,V1,2,Adrive,-0.07031534979788358
5897,g2pre,V1,2,Adrive,-0.019279467811388267
5898,g2pre,V1,2,Adrive,0.07166048305096386
5899,g2pre,V1,2,Adrive,-0.007805756560451206
5900,g2pre,V1,2,Adrive,0.018906560561645632
5901,g2pre,V1,2,Adrive,0.03302576084240163
5902,g2pre,V1,2,Adrive,0.0707801698756346
5903,g2pre,V1,2,Adrive,-0.0021660452862389914
5904,g2pre,V1,2,Adrive,0.06793649889470783
5905,g2pre,V1,2,Adrive,0.0824454283534379
5906,g2pre,V1,2,Adrive,0.10959947245175795
5907,g2pre,V1,2,Adrive,0.15889654277852014
5908,g2pre,V1,2,Adrive,0.006972028271861131
5909,g2pre,V1,2,Adrive,0.01761039120651831
5910,g2pre,V1,2,Adrive,0.0801830358606786
5911,g2pre,V1,2,Adrive,0.04996922591646236
5912,g2pre,V1,2,Adrive,-0.037482065484099526
5913,g2pre,V1,2,Adrive,0.14536968976947415
5914,g2pre,V1,2,Adrive,0.096151476276709
5915,g2pre,V1,2,Adrive,0.09194862987339202
5916,g2pre,V1,2,Adrive,-0.030568219013880175
5917,g2pre,V1,2,Adrive,0.1938076440200899
5918,g2pre,V1,2,Adrive,0.042670959948903554
5919,g2pre,V1,2,Adrive,0.027218528557050245
5920,g2pre,V1,2,Adrive,0.2758697369722488
5921,g2pre,V1,2,Adrive,-0.0690038640188313
5922,g2pre,V1,2,Adrive,0.046353606742533714
5923,g2pre,V1,2,Adrive,0.06005210317218099
5924,g2pre,V1,2,Adrive,-0.051905173142021095
5925,g2pre,V1,2,Adrive,0.05859932467166137
5926,g2pre,V1,2,Adrive,0.10280234143146977
5927,g2pre,V1,2,Adrive,-0.11088538722400801
5928,g2pre,V1,2,Adrive,-0.018044438536315033
5929,g2pre,V1,2,Adrive,-0.031017623640041778
5930,g2pre,V1,2,Adrive,0.045123921595513525
5931,g2pre,V1,2,Adrive,0.11505897379941486
5932,g2pre,V1,2,Adrive,0.04951657987694327
5933,g2pre,V1,2,Adrive,0.05141608526079762
5934,g2pre,V1,2,Adrive,0.07145302711994184
5935,g2pre,V1,2,Adrive,0.05807038451893017
5936,g2pre,V1,2,Adrive,-0.1031212943049608
5937,g2pre,V1,2,Adrive,0.1068551448681802
5938,g2pre,V1,2,Adrive,-0.03288948593951397
5939,g2pre,V1,2,Adrive,0.1102232331674402
5940,g2pre,V1,2,Adrive,-0.10542845826644129
5941,g2pre,V1,2,Adrive,-0.0013764632508372022
5942,g2pre,V1,2,Adrive,0.005411427980833736
5943,g2pre,V1,2,Adrive,0.06044113965639138
5944,g2pre,V1,2,Adrive,-0.10032873920030383
5945,g2pre,V1,2,Adrive,0.02200159471854021
5946,g2pre,V1,2,Adrive,0.029664127436792045
5947,g2pre,V1,2,Adrive,0.09373837155782944
5948,g2pre,V1,2,Adrive,-0.10736778265493464
5949,g2pre,V1,2,Adrive,0.038323499817752855
5950,g2pre,V1,2,Adrive,0.06903634527802362
5951,g2pre,V1,2,Adrive,0.04043241363432333
5952,g2pre,V1,3,Adrive,-0.09249879912605202
5953,g2pre,V1,3,Adrive,-0.07405069429525084
5954,g2pre,V1,3,Adrive,-0.10268859202162949
5955,g2pre,V1,3,Adrive,-0.11856561791090453
5956,g2pre,V1,3,Adrive,-0.05486803961322595
5957,g2pre,V1,3,Adrive,-0.024521807749764434
5958,g2pre,V1,3,Adrive,-0.04014490241624967
5959,g2pre,V1,3,Adrive,-0.009278541859465686
5960,g2pre,V1,3,Adrive,-0.04653013487069388
5961,g2pre,V1,3,Adrive,-0.0322396611887978
5962,g2pre,V1,3,Adrive,-0.056068986878548506
5963,g2pre,V1,3,Adrive,0.05820665717824813
5964,g2pre,V1,3,Adrive,0.0674532290418157
5965,g2pre,V1,3,Adrive,-0.04741382086062985
5966,g2pre,V1,3,Adrive,-0.06251536510020264
5967,g2pre,V1,3,Adrive,-0.07904241805653851
5968,g2pre,V1,3,Adrive,0.041484843819874384
5969,g2pre,V1,3,Adrive,-0.0058445824460702026
5970,g2pre,V1,3,Adrive,-0.06173428214363845
5971,g2pre,V1,3,Adrive,-0.11179486874663053
5972,g2pre,V1,3,Adrive,-0.004370649942079172
5973,g2pre,V1,3,Adrive,0.18112625055320322
5974,g2pre,V1,3,Adrive,-0.05965888692703948
5975,g2pre,V1,3,Adrive,-0.11745972854893678
5976,g2pre,V1,3,Adrive,-0.0034219263811041917
5977,g2pre,V1,3,Adrive,-0.01222577128364307
5978,g2pre,V1,3,Adrive,0.07610667093885173
5979,g2pre,V1,3,Adrive,0.1349182390155538
5980,g2pre,V1,3,Adrive,0.022584161706465676
5981,g2pre,V1,3,Adrive,-0.144518218780868
5982,g2pre,V1,3,Adrive,-0.10736237357099201
5983,g2pre,V1,3,Adrive,-0.09635043804812164
5984,g2pre,V1,3,Adrive,-0.11253759057020896
5985,g2pre,V1,3,Adrive,0.08850963162319887
5986,g2pre,V1,3,Adrive,0.01858690342069608
5987,g2pre,V1,3,Adrive,-0.13454135717785032
5988,g2pre,V1,3,Adrive,-0.11373296565249687
5989,g2pre,V1,3,Adrive,-0.010019135225909833
5990,g2pre,V1,3,Adrive,-0.12277488676748502
5991,g2pre,V1,3,Adrive,0.10116849994195126
5992,g2pre,V1,3,Adrive,-0.056810291333056304
5993,g2pre,V1,3,Adrive,0.17759335826219452
5994,g2pre,V1,3,Adrive,-0.023509904925858482
5995,g2pre,V1,3,Adrive,-0.06954256870107445
5996,g2pre,V1,3,Adrive,-0.08795119103196561
5997,g2pre,V1,3,Adrive,0.07111241124755184
5998,g2pre,V1,3,Adrive,0.004813061306339663
5999,g2pre,V1,3,Adrive,0.04902239221953135
6000,g2pre,V1,3,Adrive,0.20853912170150934
6001,g2pre,V1,3,Adrive,0.11480707672559884
6002,g2pre,V1,3,Adrive,0.10106271280687817
6003,g2pre,V1,3,Adrive,0.092921873096949
6004,g2pre,V1,3,Adrive,0.0890106905325553
6005,g2pre,V1,3,Adrive,0.058004923586490384
6006,g2pre,V1,3,Adrive,0.10170378791153283
6007,g2pre,V1,3,Adrive,-0.08439263860763685
6008,g2pre,V1,3,Adrive,0.09966474569887769
6009,g2pre,V1,3,Adrive,-0.2526241932129392
6010,g2pre,V1,3,Adrive,0.09794366479951945
6011,g2pre,V1,3,Adrive,-0.006899434636216676
6012,g2pre,V1,3,Adrive,0.06706372382597035
6013,g2pre,V1,3,Adrive,0.008423811483781886
6014,g2pre,V1,3,Adrive,-0.0674014774875782
6015,g2pre,V1,3,Adrive,-0.07402919535469638
6016,g2pre,V1,3,Adrive,-0.04814866976851993
6017,g2pre,V1,3,Adrive,-0.13329364619882614
6018,g2pre,V1,3,Adrive,-0.1321070460410368
6019,g2pre,V1,3,Adrive,0.06171202561876543
6020,g2pre,V1,3,Adrive,-0.046314201872030815
6021,g2pre,V1,3,Adrive,0.016007538643730838
6022,g2pre,V1,3,Adrive,-0.13605979562979587
6023,g2pre,V1,3,Adrive,0.02778800125735188
6024,g2pre,V1,3,Adrive,-0.12323470444595529
6025,g2pre,V1,3,Adrive,0.13274783219731562
6026,g2pre,V1,3,Adrive,0.03757409782741959
6027,g2pre,V1,3,Adrive,0.09926736326718812
6028,g2pre,V1,3,Adrive,-0.009308391317094442
6029,g2pre,V1,3,Adrive,0.062412144978985416
6030,g2pre,V1,3,Adrive,-0.07974453568986205
6031,g2pre,V1,3,Adrive,0.09927003852307902
6032,g2pre,V1,3,Adrive,-0.041262268999576975
6033,g2pre,V1,3,Adrive,-0.158554758208048
6034,g2pre,V1,3,Adrive,-0.06374011912590019
6035,g2pre,V1,3,Adrive,0.3794219042287088
6036,g2pre,V1,3,Adrive,-0.03821164981062372
6037,g2pre,V1,3,Adrive,-0.045634747314464257
6038,g2pre,V1,3,Adrive,-0.11942905596856986
6039,g2pre,V1,3,Adrive,-0.1528113678171412
6040,g2pre,V1,3,Adrive,-0.11899717980200206
6041,g2pre,V1,3,Adrive,0.1522120540513244
6042,g2pre,V1,3,Adrive,0.22250007475347253
6043,g2pre,V1,3,Adrive,-0.19420879977307173
6044,g2pre,V1,3,Adrive,-0.028131021095917946
6045,g2pre,V1,3,Adrive,-0.08433917725772053
6046,g2pre,V1,3,Adrive,0.041735048424050944
6047,g2pre,V1,3,Adrive,0.0012112820491834422
6048,g2pre,V1,3,Adrive,-0.11873773796960753
6049,g2pre,V1,3,Adrive,-0.10507197435744493
6050,g2pre,V1,3,Adrive,-0.04525648190584348
6051,g2pre,V1,3,Adrive,-0.1113571231814399
6052,g2pre,V1,3,Adrive,0.08668954577699038
6053,g2pre,V1,3,Adrive,0.10839609813411501
6054,g2pre,V1,3,Adrive,0.13125706481898686
6055,g2pre,V1,3,Adrive,0.24140465964801178
6056,g2pre,V1,3,Adrive,0.17802973291385374
6057,g2pre,V1,3,Adrive,0.05869826320912193
6058,g2pre,V1,3,Adrive,0.0313798745300991
6059,g2pre,V1,3,Adrive,0.11348455845141095
6060,g2pre,V1,3,Adrive,-0.07866375438628123
6061,g2pre,V1,3,Adrive,-0.13052338929444865
6062,g2pre,V1,3,Adrive,-0.06631554006068177
6063,g2pre,V1,3,Adrive,-0.08373816375618526
6064,g2pre,V1,3,Adrive,-0.1955945398465788
6065,g2pre,V1,3,Adrive,0.12030618955563843
6066,g2pre,V1,3,Adrive,-0.05292560808220176
6067,g2pre,V1,3,Adrive,0.0024143127035010587
6068,g2pre,V1,3,Adrive,-0.26169177039064456
6069,g2pre,V1,3,Adrive,0.056082816633702404
6070,g2pre,V1,3,Adrive,0.36136977617176785
6071,g2pre,V1,3,Adrive,0.0016593218077246737
6072,g2pre,V1,3,Adrive,0.011541447777261958
6073,g2pre,V1,3,Adrive,-0.035513541954602504
6074,g2pre,V1,3,Adrive,-0.11075987644762725
6075,g2pre,V1,3,Adrive,-0.20166821953578523
6076,g2pre,V1,3,Adrive,0.06559286611481997
6077,g2pre,V1,3,Adrive,0.0947144353169255
6078,g2pre,V1,3,Adrive,-0.05881496204214422
6079,g2pre,V1,3,Adrive,-0.04514283499714568
6080,g2pre,V1,3,Adrive,-0.0020238904859707614
6081,g2pre,V1,3,Adrive,-0.15037636035277055
6082,g2pre,V1,3,Adrive,0.0492841797457746
6083,g2pre,V1,3,Adrive,-0.10657097373759196
6084,g2pre,V1,3,Adrive,-0.05692310323382951
6085,g2pre,V1,3,Adrive,-0.21417902409883566
6086,g2pre,V1,3,Adrive,-0.10516176221234787
6087,g2pre,V1,3,Adrive,0.06854644799767845
6088,g2pre,V1,3,Adrive,-0.03871529141862741
6089,g2pre,V1,3,Adrive,0.08165513600834187
6090,g2pre,V1,3,Adrive,-0.06158056881611622
6091,g2pre,V1,3,Adrive,0.03554241505108264
6092,g2pre,V1,3,Adrive,-0.3599769298033735
6093,g2pre,V1,3,Adrive,-0.10875674453028787
6094,g2pre,V1,3,Adrive,-0.2764890806428186
6095,g2pre,V1,3,Adrive,0.12125338916151168
6096,g2pre,V1,3,Adrive,-0.02957514724992847
6097,g2pre,V1,3,Adrive,-0.08506488161595584
6098,g2pre,V1,3,Adrive,0.06006358085248431
6099,g2pre,V1,3,Adrive,-0.07317695678553225
6100,g2pre,V1,3,Adrive,-0.18036226063955665
6101,g2pre,V1,3,Adrive,-0.07208972366396049
6102,g2pre,V1,3,Adrive,-0.15162968409360814
6103,g2pre,V1,3,Adrive,-0.1466424807402564
6104,g2pre,V1,3,Adrive,-0.09435716009778912
6105,g2pre,V1,3,Adrive,0.3827110498691138
6106,g2pre,V1,3,Adrive,-0.04575561741772433
6107,g2pre,V1,3,Adrive,-0.10282152770431785
6108,g2pre,V1,3,Adrive,-0.1666901536906664
6109,g2pre,V1,3,Adrive,-0.011720223171528573
6110,g2pre,V1,3,Adrive,-0.20336858340170438
6111,g2pre,V1,3,Adrive,0.11337714953027021
6112,g2pre,V1,3,Adrive,-0.057065409613954544
6113,g2pre,V1,3,Adrive,-0.16725210314776803
6114,g2pre,V1,3,Adrive,-0.09436517865119345
6115,g2pre,V1,3,Adrive,0.06267107977651086
6116,g2pre,V1,3,Adrive,0.285643464160394
6117,g2pre,V1,3,Adrive,-0.08821114878043951
6118,g2pre,V1,3,Adrive,0.04518579668062103
6119,g2pre,V1,3,Adrive,-0.17145000405641023
6120,g2pre,V1,3,Adrive,-0.188940936211168
6121,g2pre,V1,3,Adrive,0.12719696479113426
6122,g2pre,V1,3,Adrive,0.16886182171804087
6123,g2pre,V1,3,Adrive,-0.22263033934706158
6124,g2pre,V1,3,Adrive,0.06752554152294453
6125,g2pre,V1,3,Adrive,-0.17083818966972436
6126,g2pre,V1,3,Adrive,-0.05929168358994886
6127,g2pre,V1,3,Adrive,0.04712990471078136
6128,g2pre,V1,3,Adrive,-0.06696796125677597
6129,g2pre,V1,3,Adrive,0.023723813485898415
6130,g2pre,V1,3,Adrive,-0.012781403082162848
6131,g2pre,V1,3,Adrive,-0.013087877926463687
6132,g2pre,V1,3,Adrive,-0.026411438974267776
6133,g2pre,V1,3,Adrive,-0.005706671120474649
6134,g2pre,V1,3,Adrive,-0.18829823018609365
6135,g2pre,V1,3,Adrive,-0.10313946027885389
6136,g2pre,V1,3,Adrive,-0.1709329142688497
6137,g2pre,V1,3,Adrive,0.05974643710439196
6138,g2pre,V1,3,Adrive,-0.2874099985727422
6139,g2pre,V1,3,Adrive,-0.011044861595368239
6140,g2pre,V1,3,Adrive,-0.022453832456108387
6141,g2pre,V1,3,Adrive,-0.008638576887490718
6142,g2pre,V1,3,Adrive,0.0756558583508123
6143,g2pre,V1,3,Adrive,-0.05584648852789325
6144,g2pre,V1,3,Adrive,0.02640630291240351
6145,g2pre,V1,3,Adrive,0.29497196271542425
6146,g2pre,V1,3,Adrive,0.18237163594073488
6147,g2pre,V1,3,Adrive,-0.08616105326408172
6148,g2pre,V1,3,Adrive,0.05178629435868872
6149,g2pre,V1,3,Adrive,-0.1947987606751572
6150,g2pre,V1,3,Adrive,-0.09586921355248267
6151,g2pre,V1,3,Adrive,-0.08556090478821231
6152,g2pre,V1,3,Adrive,-0.10023623325640375
6153,g2pre,V1,3,Adrive,0.06520347292974996
6154,g2pre,V1,3,Adrive,-0.05826220632687994
6155,g2pre,V1,3,Adrive,-0.2004882369973619
6156,g2pre,V1,3,Adrive,0.019920653413295557
6157,g2pre,V1,3,Adrive,-0.13713654324804553
6158,g2pre,V1,3,Adrive,-0.0752555782007119
6159,g2pre,V1,3,Adrive,-0.04037780089240565
6160,g2pre,V1,3,Adrive,-0.024969920204263033
6161,g2pre,V1,3,Adrive,0.01632229226029346
6162,g2pre,V1,3,Adrive,-0.17544446139119613
6163,g2pre,V1,3,Adrive,0.20877246197565213
6164,g2pre,V1,3,Adrive,0.004202386620502693
6165,g2pre,V1,3,Adrive,-0.09753255719721954
6166,g2pre,V1,3,Adrive,-0.08261280964304474
6167,g2pre,V1,3,Adrive,-0.0407445909876733
6168,g2pre,V1,3,Adrive,-0.1927755677097358
6169,g2pre,V1,3,Adrive,-0.07604595802588719
6170,g2pre,V1,3,Adrive,-0.25107569883356184
6171,g2pre,V1,3,Adrive,-0.2359574664648694
6172,g2pre,V1,3,Adrive,-0.07723787093391266
6173,g2pre,V1,3,Adrive,-0.07050173271152801
6174,g2pre,V1,3,Adrive,0.0024423581333626243
6175,g2pre,V1,3,Adrive,-0.09298779840825779
6176,g2pre,V1,3,Adrive,-0.1567188846017821
6177,g2pre,V1,3,Adrive,-0.11375214898110259
6178,g2pre,V1,3,Adrive,0.09771500253645335
6179,g2pre,V1,3,Adrive,0.3048725494763462
6180,g2pre,V1,3,Adrive,-0.12071924722733367
6181,g2pre,V1,3,Adrive,-0.07671595180763144
6182,g2pre,V1,3,Adrive,-0.2019942783341822
6183,g2pre,V1,3,Adrive,0.08367697647426896
6184,g2pre,V1,3,Adrive,0.04175848312740851
6185,g2pre,V1,3,Adrive,-0.40007724038414477
6186,g2pre,V1,3,Adrive,-0.123547270145503
6187,g2pre,V1,3,Adrive,-0.08827511176842519
6188,g2pre,V1,3,Adrive,-0.07736039007853977
6189,g2pre,V1,3,Adrive,-0.1135891440017122
6190,g2pre,V1,3,Adrive,-0.14384674983121165
6191,g2pre,V1,3,Adrive,0.17527014915501565
6192,g2pre,V1,3,Adrive,-0.020330089887506196
6193,g2pre,V1,3,Adrive,-0.04452942373947449
6194,g2pre,V1,3,Adrive,-0.0897865089068794
6195,g2pre,V1,3,Adrive,-0.02218544025091224
6196,g2pre,V1,3,Adrive,0.16712282759790736
6197,g2pre,V1,3,Adrive,-0.06288772851691693
6198,g2pre,V1,3,Adrive,-0.05195809395143353
6199,g2pre,V1,3,Adrive,-0.02136803207458431
6200,g2pre,V1,3,Adrive,-0.16428867735640723
6201,g2pre,V1,3,Adrive,-0.047467809516905615
6202,g2pre,V1,3,Adrive,0.04757992763436558
6203,g2pre,V1,3,Adrive,-0.011494338743890014
6204,g2pre,V1,3,Adrive,-0.007415231337605117
6205,g2pre,V1,3,Adrive,-0.09281504299006657
6206,g2pre,V1,3,Adrive,-0.2563483360179131
6207,g2pre,V1,3,Adrive,-0.21373165385073875
6208,g2pre,V1,3,Adrive,0.0013001444463428208
6209,g2pre,V1,3,Adrive,0.07038625031118871
6210,g2pre,V1,3,Adrive,-0.030875030288086133
6211,g2pre,V1,3,Adrive,0.05990001805830887
6212,g2pre,V1,3,Adrive,-0.14126275513553294
6213,g2pre,V1,3,Adrive,-0.12135093013565985
6214,g2pre,V1,3,Adrive,-0.04383316725418849
6215,g2pre,V1,3,Adrive,0.10921131065992194
6216,g2pre,V1,4,Adrive,0.0543630533350748
6217,g2pre,V1,4,Adrive,0.04575834672141311
6218,g2pre,V1,4,Adrive,-0.09896015316760803
6219,g2pre,V1,4,Adrive,0.16559760937553072
6220,g2pre,V1,4,Adrive,0.08983541923126376
6221,g2pre,V1,4,Adrive,0.13137176335954143
6222,g2pre,V1,4,Adrive,0.16180689168899562
6223,g2pre,V1,4,Adrive,0.13818380956833054
6224,g2pre,V1,4,Adrive,0.07546589100577833
6225,g2pre,V1,4,Adrive,0.05593924579228827
6226,g2pre,V1,4,Adrive,0.09941457576545512
6227,g2pre,V1,4,Adrive,0.16677425475455657
6228,g2pre,V1,4,Adrive,0.14028380478178953
6229,g2pre,V1,4,Adrive,0.18874620332417374
6230,g2pre,V1,4,Adrive,0.25951749748727104
6231,g2pre,V1,4,Adrive,0.13317675164053605
6232,g2pre,V1,4,Adrive,-0.11893142139353395
6233,g2pre,V1,4,Adrive,0.29651757463470363
6234,g2pre,V1,4,Adrive,0.11541044922031111
6235,g2pre,V1,4,Adrive,0.06940488999216494
6236,g2pre,V1,4,Adrive,0.03515191405151796
6237,g2pre,V1,4,Adrive,0.07665142012351518
6238,g2pre,V1,4,Adrive,0.0870277505383269
6239,g2pre,V1,4,Adrive,0.11471960165571143
6240,g2pre,V1,4,Adrive,0.06508989633353475
6241,g2pre,V1,4,Adrive,0.073396274264498
6242,g2pre,V1,4,Adrive,0.01306684815942142
6243,g2pre,V1,4,Adrive,0.22799413271678115
6244,g2pre,V1,4,Adrive,-0.18762174972497334
6245,g2pre,V1,4,Adrive,0.07892572673173937
6246,g2pre,V1,4,Adrive,0.11424044854888149
6247,g2pre,V1,4,Adrive,0.13831357182244636
6248,g2pre,V1,4,Adrive,0.020382376480529703
6249,g2pre,V1,4,Adrive,-0.006179550721954969
6250,g2pre,V1,4,Adrive,0.2154661691628239
6251,g2pre,V1,4,Adrive,0.09644172191256156
6252,g2pre,V1,4,Adrive,0.22020642382694303
6253,g2pre,V1,4,Adrive,0.12742309023282736
6254,g2pre,V1,4,Adrive,0.2977895588068375
6255,g2pre,V1,4,Adrive,0.060945394945608
6256,g2pre,V1,4,Adrive,0.09965257833191825
6257,g2pre,V1,4,Adrive,0.18323105138085122
6258,g2pre,V1,4,Adrive,0.18284170323163282
6259,g2pre,V1,4,Adrive,0.02370972015997697
6260,g2pre,V1,4,Adrive,-0.054416384768855595
6261,g2pre,V1,4,Adrive,0.046958111743475514
6262,g2pre,V1,4,Adrive,0.05857809846152649
6263,g2pre,V1,4,Adrive,0.1437350250324873
6264,g2pre,V1,4,Adrive,0.12818647270886976
6265,g2pre,V1,4,Adrive,0.1636255230483662
6266,g2pre,V1,4,Adrive,0.16224305509528597
6267,g2pre,V1,4,Adrive,-2.3701635773558307e-05
6268,g2pre,V1,4,Adrive,0.13218191204041183
6269,g2pre,V1,4,Adrive,-0.13797505328254375
6270,g2pre,V1,6,Adrive,0.21853108156435286
6271,g2pre,V1,6,Adrive,0.1291667613187837
6272,g2pre,V1,6,Adrive,0.08025356308679754
6273,g2pre,V1,6,Adrive,-0.04402736751974486
6274,g2pre,V1,6,Adrive,0.252686837913594
6275,g2pre,V1,6,Adrive,0.25130307903352306
6276,g2pre,V1,6,Adrive,0.13794055823426607
6277,g2pre,V1,6,Adrive,0.1161068233343502
6278,g2pre,V1,6,Adrive,0.06075651349209288
6279,g2pre,V1,6,Adrive,-0.17049621251237848
6280,g2pre,V1,6,Adrive,-0.116566833121974
6281,g2pre,V1,6,Adrive,0.34095252210143556
6282,g2pre,V1,6,Adrive,-0.013045591267866481
6283,g2pre,V1,6,Adrive,0.15360523641596308
6284,g2pre,V1,6,Adrive,0.008227951067904958
6285,g2pre,V1,6,Adrive,0.024784214247814684
6286,g2pre,V1,6,Adrive,-0.08210699023766702
6287,g2pre,V1,6,Adrive,0.1632113744308408
6288,g2pre,V1,6,Adrive,0.2820498135096927
6289,g2pre,V1,6,Adrive,0.1435777856121288
6290,g2pre,V1,6,Adrive,0.1230354523290771
6291,g2pre,V1,6,Adrive,0.03768789944764946
6292,g2pre,V1,6,Adrive,0.18007709217505868
6293,g2pre,V1,6,Adrive,0.16215979931212557
6294,g2pre,V1,6,Adrive,0.41909485594903856
6295,g2pre,V1,6,Adrive,0.07005799733839066
6296,g2pre,V1,6,Adrive,-0.10826503751893846
6297,g2pre,V1,6,Adrive,-0.1545597963077737
6298,g2pre,V1,6,Adrive,-0.023328532766966007
6299,g2pre,V1,6,Adrive,0.0821186012109442
6300,g2pre,V1,6,Adrive,0.2161696405819533
6301,g2pre,V1,6,Adrive,0.11162478752134825
6302,g2pre,V1,6,Adrive,0.20197748311282632
6303,g2pre,V1,6,Adrive,0.016827740417094388
6304,g2pre,V1,6,Adrive,-0.016681956944496187
6305,g2pre,V1,6,Adrive,0.08411385362107779
6306,g2pre,V1,6,Adrive,0.1064381718324303
6307,g2pre,V1,6,Adrive,-0.029053544890691067
6308,g2pre,V1,6,Adrive,0.07429833382446209
6309,g2pre,V1,6,Adrive,-0.08799264387652196
6310,g2pre,V1,6,Adrive,-0.10057876397714646
6311,g2pre,V1,6,Adrive,0.10644721119574528
6312,g2pre,V1,6,Adrive,0.20818182172171376
6313,g2pre,V1,6,Adrive,0.13974657099256907
6314,g2pre,V1,6,Adrive,-0.027268736111643252
6315,g2pre,V1,6,Adrive,-0.0294245724457636
6316,g2pre,V1,6,Adrive,0.0033228550626738153
6317,g2pre,V1,6,Adrive,0.07574920695870621
6318,g2pre,V1,6,Adrive,0.1721928263104275
6319,g2pre,V1,6,Adrive,-0.13967912747788444
6320,g2pre,V1,6,Adrive,0.10719264779447543
6321,g2pre,V1,6,Adrive,-0.0007354987385996993
6322,g2pre,V1,6,Adrive,-0.18045383557697806
6323,g2pre,V1,6,Adrive,-0.007730017445272698
6324,g2pre,V1,6,Adrive,-0.0509144219689197
6325,g2pre,V1,6,Adrive,0.09413294520803626
6326,g2pre,V1,6,Adrive,0.010094227033032867
6327,g2pre,V1,6,Adrive,0.061751505280359914
6328,g2pre,V1,6,Adrive,-0.14174627092030506
6329,g2pre,V1,6,Adrive,-0.05769745692469408
6330,g2pre,V1,6,Adrive,0.23437524830775025
6331,g2pre,V1,6,Adrive,0.04730746257106282
6332,g2pre,V1,6,Adrive,0.06317078991653581
6333,g2pre,V1,6,Adrive,-0.15415196738231648
6334,g2pre,V1,6,Adrive,0.1568156358969652
6335,g2pre,V1,6,Adrive,0.12855647921630517
6336,g2pre,V1,6,Adrive,0.1281362258456315
6337,g2pre,V1,6,Adrive,0.08577690713416346
6338,g2pre,V1,6,Adrive,0.00243493667174169
6339,g2pre,V1,6,Adrive,0.08552483239095164
6340,g2pre,V1,6,Adrive,0.05789036792109539
6341,g2pre,V1,6,Adrive,0.012243339281594027
6342,g2pre,V1,6,Adrive,0.13895748965757743
6343,g2pre,V1,6,Adrive,-0.025145296328677416
6344,g2pre,V1,6,Adrive,0.36206749830366086
6345,g2pre,V1,6,Adrive,0.011229440560336378
6346,g2pre,V1,6,Adrive,-0.02056061623499079
6347,g2pre,V1,6,Adrive,0.0467301327557259
6348,g2pre,V1,6,Adrive,0.0760920908253578
6349,g2pre,V1,6,Adrive,0.23554495839226214
6350,g2pre,V1,6,Adrive,0.10805568714869196
6351,g2pre,V1,6,Adrive,0.10962416978393243
6352,g2pre,V1,6,Adrive,0.08560899250131757
6353,g2pre,V1,6,Adrive,-0.14313906516760233
6354,g2pre,V1,6,Adrive,0.027946826912407245
6355,g2pre,V1,6,Adrive,0.17167658347389775
6356,g2pre,V1,6,Adrive,0.11962016870019071
6357,g2pre,V1,6,Adrive,-0.04647220859549051
6358,g2pre,V1,6,Adrive,-0.015477166867862522
6359,g2pre,V1,6,Adrive,0.017534713097865494
6360,g2pre,V1,6,Adrive,-0.08155590500450229
6361,g2pre,V1,6,Adrive,0.1768995703588219
6362,g2pre,V1,6,Adrive,-0.09854342603998392
6363,g2pre,V1,6,Adrive,0.039980580835634494
6364,g2pre,V1,6,Adrive,0.11840022347052365
6365,g2pre,V1,6,Adrive,0.26598609480084723
6366,g2pre,V1,6,Adrive,0.1121516960659108
6367,g2pre,V1,6,Adrive,-0.16247578218735978
6368,g2pre,V1,6,Adrive,0.03519553797043218
6369,g2pre,V1,6,Adrive,0.11757615969251348
6370,g2pre,V1,6,Adrive,0.11973941799609636
6371,g2pre,V1,6,Adrive,0.05843538613842054
6372,g2pre,V1,6,Adrive,0.06068463346202737
6373,g2pre,V1,6,Adrive,-0.12481103146604348
6374,g2pre,V1,6,Adrive,0.05076442297625228
6375,g2pre,V1,6,Adrive,0.031656206605198384
6376,g2pre,V1,6,Adrive,0.20231642435663225
6377,g2pre,V1,6,Adrive,0.05969775429930122
6378,g2pre,V1,6,Adrive,-0.049194031373927
6379,g2pre,V1,6,Adrive,0.07315794039625215
6380,g2pre,V1,6,Adrive,0.09685649181545106
6381,g2pre,V1,6,Adrive,0.11465453986501556
6382,g2pre,V1,6,Adrive,0.08325589945282097
6383,g2pre,V1,6,Adrive,0.21356498832693643
6384,g2pre,V1,6,Adrive,-0.05757657014823891
6385,g2pre,V1,6,Adrive,0.3156571828078439
6386,g2pre,V1,6,Adrive,0.08951849490074036
6387,g2pre,V1,6,Adrive,-0.0005989942124151848
6388,g2pre,V1,6,Adrive,0.32484547132488667
6389,g2pre,V1,6,Adrive,0.04028162423084945
6390,g2pre,V1,6,Adrive,0.022430284860823227
6391,g2pre,V1,6,Adrive,0.35042295299832543
6392,g2pre,V1,6,Adrive,0.1375667492604345
6393,g2pre,V1,6,Adrive,0.23088643538457493
6394,g2pre,V1,6,Adrive,0.1191884136360872
6395,g2pre,V1,6,Adrive,0.20230897411941803
6396,g2pre,V1,6,Adrive,-0.12504991794196277
6397,g2pre,V1,6,Adrive,-0.16858034391931015
6398,g2pre,V1,6,Adrive,0.10434138963533089
6399,g2pre,V1,6,Adrive,0.06309282172539186
6400,g2pre,V1,6,Adrive,0.12533380172358932
6401,g2pre,V1,6,Adrive,0.04757358587069453
6402,g2pre,V1,6,Adrive,0.11838791827040368
6403,g2pre,V1,6,Adrive,0.09892739250117018
6404,g2pre,V1,6,Adrive,0.04349215550695486
6405,g2pre,V1,6,Adrive,-0.0025304055313431733
6406,g2pre,V1,6,Adrive,-0.1216496698650706
6407,g2pre,V1,6,Adrive,0.47477368062831526
6408,g2pre,V1,6,Adrive,-0.19173434939954023
6409,g2pre,V1,6,Adrive,-0.1499802485715815
6410,g2pre,V1,6,Adrive,-0.07942617964382553
6411,g2pre,V1,6,Adrive,0.04340754168416438
6412,g2pre,V1,6,Adrive,0.08484397545984698
6413,g2pre,V1,6,Adrive,0.24696476211015397
6414,g2pre,V1,6,Adrive,-0.06453366540928215
6415,g2pre,V1,6,Adrive,0.031457604499735045
6416,g2pre,V1,6,Adrive,0.17293680377800744
6417,g2pre,V1,6,Adrive,0.1543206539624091
6418,g2pre,V1,6,Adrive,0.04836163782553961
6419,g2pre,V1,6,Adrive,0.12395458543843271
6420,g2pre,V1,6,Adrive,0.12066085388672661
6421,g2pre,V1,6,Adrive,0.018392194836606736
6422,g2pre,V1,6,Adrive,0.005518181050254165
6423,g2pre,V1,6,Adrive,-0.06081502737684109
6424,g2pre,V1,6,Adrive,0.18437393793035087
6425,g2pre,V1,6,Adrive,0.06053709391876756
6426,g2pre,V1,6,Adrive,-0.12793334332680842
6427,g2pre,V1,6,Adrive,-0.174620487353499
6428,g2pre,V1,6,Adrive,-0.07481548964192183
6429,g2pre,V1,6,Adrive,0.014496156489551592
6430,g2pre,V1,6,Adrive,0.17817522263312804
6431,g2pre,V1,6,Adrive,0.2880825092652798
6432,g2pre,V1,6,Adrive,0.12066850523467654
6433,g2pre,V1,6,Adrive,0.005695148321375974
6434,g2pre,V1,6,Adrive,-0.03954401515624713
6435,g2pre,V1,6,Adrive,0.32552239045832815
6436,g2pre,V1,6,Adrive,0.24830862313318636
6437,g2pre,V1,6,Adrive,0.41323673570638736
6438,g2pre,V1,6,Adrive,-0.10989655749586894
6439,g2pre,V1,6,Adrive,-0.0943983414169418
6440,g2pre,V1,6,Adrive,0.1266625158053683
6441,g2pre,V1,6,Adrive,-0.11025128350000837
6442,g2pre,V1,6,Adrive,0.17517743412673395
6443,g2pre,V1,6,Adrive,-0.17553699628111016
6444,g2pre,V1,6,Adrive,0.07810367356432682
6445,g2pre,V1,6,Adrive,-0.010410008236628514
6446,g2pre,V1,6,Adrive,-0.05046282062816059
6447,g2pre,V1,6,Adrive,-0.1669837689617346
6448,g2pre,V1,6,Adrive,0.15754076978254342
6449,g2pre,V1,6,Adrive,-0.001147911171940598
6450,g2pre,V1,6,Adrive,0.10780522288338092
6451,g2pre,V1,6,Adrive,-0.07252992869159251
6452,g2pre,V1,6,Adrive,0.28208657607917675
6453,g2pre,V1,6,Adrive,0.23618717335060885
6454,g2pre,V1,6,Adrive,0.22192769346515995
6455,g2pre,V1,6,Adrive,0.2308842555387075
6456,g2pre,V1,6,Adrive,-0.022731080621805986
6457,g2pre,V1,6,Adrive,0.11786049524354662
6458,g2pre,V1,6,Adrive,0.10055541240304616
6459,g2pre,V1,6,Adrive,0.30963558287422327
6460,g2pre,V1,6,Adrive,-0.014314461038220292
6461,g2pre,V1,6,Adrive,0.3048508293053919
6462,g2pre,V1,6,Adrive,0.3313859891163547
6463,g2pre,V1,6,Adrive,0.14105617513907462
6464,g2pre,V1,6,Adrive,0.10058303596561366
6465,g2pre,V1,6,Adrive,0.06710483326958123
6466,g2pre,V1,6,Adrive,0.3557778185566019
6467,g2pre,V1,6,Adrive,0.04480493228877892
6468,g2pre,V1,6,Adrive,0.009541106351745566
6469,g2pre,V1,6,Adrive,-0.11427956859537997
6470,g2pre,V1,6,Adrive,0.11612864182939929
6471,g2pre,V1,6,Adrive,0.24112479978009557
6472,g2pre,V1,6,Adrive,0.13164738426614214
6473,g2pre,V1,6,Adrive,0.029989471548334295
6474,g2pre,V1,6,Adrive,0.05638350780352084
6475,g2pre,V1,6,Adrive,-0.11854108028021713
6476,g2pre,V1,6,Adrive,0.22725506176816784
6477,g2pre,V1,6,Adrive,0.18836166644805294
6478,g2pre,V1,6,Adrive,0.349538136011885
6479,g2pre,V1,6,Adrive,0.06945022206877106
6480,g2pre,V1,6,Adrive,0.28444822202879594
6481,g2pre,V1,6,Adrive,-0.0218615508700309
6482,g2pre,V1,6,Adrive,0.04373256629705046
6483,g2pre,V1,6,Adrive,0.037436746358168196
6484,g2pre,V1,6,Adrive,-0.1468229038612085
6485,g2pre,V1,6,Adrive,0.11600524401195089
6486,g2pre,V1,6,Adrive,0.28629703084378033
6487,g2pre,V1,6,Adrive,-0.06745853961108926
6488,g2pre,V1,6,Adrive,0.26393211654988813
6489,g2pre,V1,6,Adrive,0.12704780756566544
6490,g2pre,V1,6,Adrive,0.014899208036495007
6491,g2pre,V1,6,Adrive,0.02995172607765952
6492,g2pre,V1,6,Adrive,0.1945598169381993
6493,g2pre,V1,6,Adrive,-0.07364531742030171
6494,g2pre,V1,6,Adrive,0.017824430427224442
6495,g2pre,V1,6,Adrive,0.18157547811195293
6496,g2pre,V1,6,Adrive,-0.010483357810570105
6497,g2pre,V1,6,Adrive,0.16196848511636747
6498,g2pre,V1,6,Adrive,0.14091477041669095
6499,g2pre,V1,6,Adrive,0.10307138294240019
6500,g2pre,V1,6,Adrive,0.02762125192704733
6501,g2pre,V1,6,Adrive,0.2737740508998961
6502,g2pre,V1,6,Adrive,-0.12284025922931607
6503,g2pre,V1,6,Adrive,-0.013145389373177154
6504,g2pre,V1,6,Adrive,0.07445102436789999
6505,g2pre,V1,6,Adrive,0.2693116070026711
6506,g2pre,V1,6,Adrive,0.13020873801741742
6507,g2pre,V1,6,Adrive,0.32484463834197236
6508,g2pre,V1,6,Adrive,0.047017095987893165
6509,g2pre,V1,6,Adrive,0.22459425094987823
6510,g2pre,V1,6,Adrive,0.351626600444151
6511,g2pre,V1,6,Adrive,0.08632474589600977
6512,g2pre,V1,6,Adrive,0.15922151857199196
6513,g2pre,V1,6,Adrive,0.18471866047086957
6514,g2pre,V1,6,Adrive,0.2901133748030605
6515,g2pre,V1,6,Adrive,-0.2021938098866998
6516,g2pre,V1,6,Adrive,-0.1265860858869307
6517,g2pre,V1,6,Adrive,0.04074317823749921
6518,g2pre,V1,6,Adrive,0.12304185912713472
6519,g2pre,V1,6,Adrive,0.287984929977521
6520,g2pre,V1,6,Adrive,-0.08055087798459863
6521,g2pre,V1,6,Adrive,-0.0319700648117811
6522,g2pre,V1,6,Adrive,0.3480719821319079
6523,g2pre,V1,6,Adrive,-0.012294595231785473
6524,g2pre,V1,6,Adrive,0.18040514239625804
6525,g2pre,V1,6,Adrive,0.05348845423304093
6526,g2pre,V1,6,Adrive,0.39432520610618316
6527,g2pre,V1,6,Adrive,0.04398866137839845
6528,g2pre,V1,6,Adrive,0.31317251240489696
6529,g2pre,V1,6,Adrive,0.4106204559412855
6530,g2pre,V1,6,Adrive,-0.023643157733452533
6531,g2pre,V1,6,Adrive,0.08982529388185721
6532,g2pre,V1,6,Adrive,-0.011568715836104209
6533,g2pre,V1,6,Adrive,-0.06673236151263416
6534,g2pre,V1,6,Adrive,0.17464897239974708
6535,g2pre,V1,6,Adrive,0.2835547292557568
6536,g2pre,V1,6,Adrive,0.32177371294943186
6537,g2pre,V1,6,Adrive,0.09039473991574995
6538,g2pre,V1,6,Adrive,-0.011420450431329164
6539,g2pre,V1,6,Adrive,0.1837553093746971
6540,g2pre,V1,6,Adrive,0.0909351510296516
6541,g2pre,V1,6,Adrive,0.08720851691537536
6542,g2pre,V1,7,Adrive,0.24634159419665738
6543,g2pre,V1,7,Adrive,0.1981361706700044
6544,g2pre,V1,7,Adrive,0.07596008031638057
6545,g2pre,V1,7,Adrive,0.1741345264990624
6546,g2pre,V1,7,Adrive,0.21100769883105758
6547,g2pre,V1,7,Adrive,0.39037465412849226
6548,g2pre,V1,7,Adrive,0.048739814343314876
6549,g2pre,V1,7,Adrive,0.11515915279660717
6550,g2pre,V1,7,Adrive,0.1863407380947556
6551,g2pre,V1,7,Adrive,0.4355930057733256
6552,g2pre,V1,7,Adrive,-0.044605077344800764
6553,g2pre,V1,7,Adrive,0.30107553395552655
6554,g2pre,V1,7,Adrive,0.15864613515790985
6555,g2pre,V1,7,Adrive,0.07412145940140363
6556,g2pre,V1,7,Adrive,-0.09467759259332982
6557,g2pre,V1,7,Adrive,0.24076016295866742
6558,g2pre,V1,7,Adrive,0.1773819084298385
6559,g2pre,V1,7,Adrive,0.2559498597283217
6560,g2pre,V1,7,Adrive,-0.07332051213940158
6561,g2pre,V1,7,Adrive,0.047251344224050494
6562,g2pre,V1,7,Adrive,0.23514371716738758
6563,g2pre,V1,7,Adrive,0.108343296416649
6564,g2pre,V1,7,Adrive,0.012098760716752685
6565,g2pre,V1,7,Adrive,0.07742925349376853
6566,g2pre,V1,7,Adrive,0.14635358933985584
6567,g2pre,V1,7,Adrive,0.18244450085008349
6568,g2pre,V1,7,Adrive,0.416094308701137
6569,g2pre,V1,7,Adrive,-0.02089015179615593
6570,g2pre,V1,7,Adrive,0.1990069131532823
6571,g2pre,V1,7,Adrive,0.22690976342756108
6572,g2pre,V1,7,Adrive,0.11658049313823092
6573,g2pre,V1,7,Adrive,0.32577875486466673
6574,g2pre,V1,7,Adrive,0.12030171556994505
6575,g2pre,V1,7,Adrive,0.24709842617124164
6576,g2pre,V1,7,Adrive,-0.14203915560874533
6577,g2pre,V1,7,Adrive,0.21128920162013715
6578,g2pre,V1,7,Adrive,-0.2570152002455692
6579,g2pre,V1,7,Adrive,0.23829767328919743
6580,g2pre,V1,7,Adrive,0.16953986923031272
6581,g2pre,V1,7,Adrive,0.16399626778241402
6582,g2pre,V1,7,Adrive,0.29421497892798065
6583,g2pre,V1,7,Adrive,0.3431791061923391
6584,g2pre,V1,7,Adrive,0.33438630652015144
6585,g2pre,V1,7,Adrive,0.08603298802002808
6586,g2pre,V1,7,Adrive,0.19629954124579668
6587,g2pre,V1,7,Adrive,0.19217293629715806
6588,g2pre,V1,7,Adrive,-0.19211462827048287
6589,g2pre,V1,7,Adrive,0.5860473945553535
6590,g2pre,V1,7,Adrive,-0.025748070397733008
6591,g2pre,V1,7,Adrive,-0.05302114329959574
6592,g2pre,V1,7,Adrive,0.2322990460412862
6593,g2pre,V1,7,Adrive,0.25240914981402035
6594,g2pre,V1,7,Adrive,0.5400673500192575
6595,g2pre,V1,7,Adrive,-0.07470525442884123
6596,g2pre,V1,7,Adrive,-0.05106436903999001
6597,g2pre,V1,7,Adrive,0.23534386529284326
6598,g2pre,V1,7,Adrive,0.20798417045987938
6599,g2pre,V1,7,Adrive,0.006465075806419645
6600,g2pre,V1,7,Adrive,0.2143982429015006
6601,g2pre,V1,7,Adrive,0.44341763182162064
6602,g2pre,V1,7,Adrive,0.23058377237827005
6603,g2pre,V1,7,Adrive,0.1280137237752321
6604,g2pre,V1,7,Adrive,0.04145940291375712
6605,g2pre,V1,7,Adrive,-0.024323859310890397
6606,g2pre,V1,7,Adrive,0.449063520625286
6607,g2pre,V1,7,Adrive,0.3309475425152276
6608,g2pre,V1,7,Adrive,0.07459200914606404
6609,g2pre,V1,7,Adrive,0.049745514026179424
6610,g2pre,V1,7,Adrive,0.1279566703305784
6611,g2pre,V1,7,Adrive,0.027241290370171818
6612,g2pre,V1,7,Adrive,0.0023379357864122398
6613,g2pre,V1,7,Adrive,0.16858261398701105
6614,g2pre,V1,7,Adrive,0.22784141142858821
6615,g2pre,V1,7,Adrive,0.16983441878823477
6616,g2pre,V1,7,Adrive,0.16603794990642415
6617,g2pre,V1,7,Adrive,0.055103366373378995
6618,g2pre,V1,7,Adrive,-0.14470140875829454
6619,g2pre,V1,7,Adrive,0.0865942399073631
6620,g2pre,V1,7,Adrive,0.12119935764120197
6621,g2pre,V1,9,Adrive,0.006869911483630848
6622,g2pre,V1,9,Adrive,-0.05444318877832446
6623,g2pre,V1,9,Adrive,-0.07722458476651856
6624,g2pre,V1,9,Adrive,0.07881514042607664
6625,g2pre,V1,9,Adrive,-0.08942464070659326
6626,g2pre,V1,9,Adrive,0.0430832815542003
6627,g2pre,V1,9,Adrive,0.0208129784311718
6628,g2pre,V1,9,Adrive,0.10129591999744499
6629,g2pre,V1,10,Adrive,0.13209482099643619
6630,g2pre,V1,10,Adrive,0.15846798011797592
6631,g2pre,V1,10,Adrive,-0.11152920259283863
6632,g2pre,V1,10,Adrive,-0.018747470234863266
6633,g2pre,V1,10,Adrive,-0.05243277728238857
6634,g2pre,V1,10,Adrive,0.07901750019661213
6635,g2pre,V1,10,Adrive,0.07780351004104974
6636,g2pre,V1,10,Adrive,0.20379598946126443
6637,g2pre,V1,10,Adrive,-0.006174941919311124
6638,g2pre,V1,10,Adrive,0.08181858830570694
6639,g2pre,V1,10,Adrive,-0.17262638721107856
6640,g2pre,V1,10,Adrive,0.5623372488801303
6641,g2pre,V1,10,Adrive,0.04722650325986309
6642,g2pre,V1,10,Adrive,-0.04175359608168029
6643,g2pre,V1,10,Adrive,-0.1607153680079102
6644,g2pre,V1,10,Adrive,0.09350502751650414
6645,g2pre,V1,10,Adrive,-0.05791156087256162
6646,g2pre,V1,10,Adrive,0.039689867688563765
6647,g2pre,V1,10,Adrive,0.20933440236337814
6648,g2pre,V1,10,Adrive,0.17337257279801674
6649,g2pre,V1,10,Adrive,0.5346568503626159
6650,g2pre,V1,10,Adrive,0.11299984396237223
6651,g2pre,V1,10,Adrive,-0.06328751536133471
6652,g2pre,V1,10,Adrive,0.4146197181835567
6653,g2pre,V1,10,Adrive,0.05524650440571798
6654,g2pre,V1,10,Adrive,0.25486176926071696
6655,g2pre,V1,10,Adrive,0.07811422856220873
6656,g2pre,V1,10,Adrive,0.09198862860744404
6657,g2pre,V1,10,Adrive,-0.10249789249707332
6658,g2pre,V1,10,Adrive,-0.028938155732912918
6659,g2pre,V1,10,Adrive,-0.10028614324145381
6660,g2pre,V1,10,Adrive,0.08095943607232338
6661,g2pre,V1,10,Adrive,-0.11196689525230782
6662,g2pre,V1,10,Adrive,-0.004826594490410169
6663,g2pre,V1,10,Adrive,-0.06375972592982483
6664,g2pre,V1,10,Adrive,-0.062239057075262234
6665,g2pre,V1,10,Adrive,-0.13236144646414033
6666,g2pre,V1,10,Adrive,0.006481497167370188
6667,g2pre,V1,10,Adrive,-0.14846674409380697
6668,g2pre,V1,10,Adrive,0.002041755247990385
6669,g2pre,V1,10,Adrive,0.11095925755498032
6670,g2pre,V1,10,Adrive,0.1263631194470333
6671,g2pre,V1,10,Adrive,-0.020518088985423368
6672,g2pre,V1,10,Adrive,-0.11719749326763479
6673,g2pre,V1,10,Adrive,-0.014821514453159186
6674,g2pre,V1,10,Adrive,0.3485843837292448
6675,g2pre,V1,10,Adrive,0.14481698066357268
6676,g2pre,V1,10,Adrive,0.009266830110407088
6677,g2pre,V1,10,Adrive,0.10549421330856992
6678,g2pre,V1,10,Adrive,0.27618360781987705
6679,g2pre,V1,10,Adrive,0.056535920345109125
6680,g2pre,V1,10,Adrive,0.013543276328269642
6681,g2pre,V1,10,Adrive,0.0127608465303313
6682,g2pre,V1,10,Adrive,-0.06599639626843667
6683,g2pre,V1,10,Adrive,-0.03928893170819098
6684,g2pre,V1,10,Adrive,-0.01081167526026123
6685,g2pre,V1,10,Adrive,0.15282173463673543
6686,g2pre,V1,10,Adrive,0.14455147624381134
6687,g2pre,V1,10,Adrive,-0.09603490795071895
6688,g2pre,V1,10,Adrive,0.14232578507360735
6689,g2pre,V1,10,Adrive,0.15593304820559492
6690,g2pre,V1,10,Adrive,0.008595749270856427
6691,g2pre,V1,10,Adrive,0.37421651586619425
6692,g2pre,V1,10,Adrive,0.10492186385537693
6693,g2pre,V1,10,Adrive,0.023527217438030018
6694,g2pre,V1,10,Adrive,-0.16654585590867443
6695,g2pre,V1,10,Adrive,-0.03634635601736568
6696,g2pre,V1,10,Adrive,0.06470128659797761
6697,g2pre,V1,10,Adrive,-0.06732364763741154
6698,g2pre,V1,10,Adrive,-0.032823880330284466
6699,g2pre,V1,10,Adrive,0.20260185704346698
6700,g2pre,V1,10,Adrive,0.005851897750412132
6701,g2pre,V1,10,Adrive,-0.07908896465146431
6702,g2pre,V1,10,Adrive,0.3567628502250954
6703,g2pre,V1,10,Adrive,0.16642660324320654
6704,g2pre,V1,10,Adrive,0.2187005666864255
6705,g2pre,V1,10,Adrive,0.04294361323408393
6706,g2pre,V1,10,Adrive,-0.12254217459413036
6707,g2pre,V1,10,Adrive,0.057241783335868074
6708,g2pre,V1,10,Adrive,0.17808496329674767
6709,g2pre,V1,10,Adrive,0.006755427888580041
6710,g2pre,V1,10,Adrive,0.029607557299736686
6711,g2pre,V1,10,Adrive,0.14985251096100258
6712,g2pre,V1,10,Adrive,0.14934398182890457
6713,g2pre,V1,10,Adrive,0.1368070634710952
6714,g2pre,V1,10,Adrive,0.10809994287318282
6715,g2pre,V1,10,Adrive,0.08810379146613173
6716,g2pre,V1,10,Adrive,0.12225499868877014
6717,g2pre,V1,10,Adrive,0.19535990860326066
6718,g2pre,V1,10,Adrive,0.3343245174289529
6719,g2pre,V1,10,Adrive,-0.03852273031128836
6720,g2pre,V1,10,Adrive,0.23043978472794197
6721,g2pre,V1,10,Adrive,0.0388156721715136
6722,g2pre,V1,10,Adrive,-0.06661525135747928
6723,g2pre,V1,10,Adrive,0.16815510531530695
6724,g2pre,V1,10,Adrive,0.41272096709170114
6725,g2pre,V1,10,Adrive,0.21622276225564407
6726,g2pre,V1,10,Adrive,0.12220866846141218
6727,g2pre,V1,10,Adrive,-0.08599108112862192
6728,g2pre,V1,10,Adrive,0.07991052743028824
6729,g2pre,V1,10,Adrive,-0.08502126528296093
6730,g2pre,V1,10,Adrive,0.02442145751150493
6731,g2pre,V1,10,Adrive,0.06517994303387104
6732,g2pre,V1,10,Adrive,0.0617565058602835
6733,g2pre,V1,10,Adrive,-0.020476865033765928
6734,g2pre,V1,10,Adrive,-0.08024672905729127
6735,g2pre,V1,10,Adrive,0.09628980669638322
6736,g2pre,V1,10,Adrive,-0.15107660722759172
6737,g2pre,V1,10,Adrive,0.6822864929975656
6738,g2pre,V1,10,Adrive,-0.06642937722498875
6739,g2pre,V1,10,Adrive,-0.11140466226659829
6740,g2pre,V1,10,Adrive,-0.07020935132569225
6741,g2pre,V1,10,Adrive,0.0020941137718750768
6742,g2pre,V1,10,Adrive,-0.12900289006504403
6743,g2pre,V1,10,Adrive,-0.07826952330116085
6744,g2pre,V1,10,Adrive,-0.06091418108067612
6745,g2pre,V1,10,Adrive,-0.016576070503652878
6746,g2pre,V1,10,Adrive,0.3023210863064507
6747,g2pre,V1,10,Adrive,-0.10478455470995195
6748,g2pre,V1,10,Adrive,0.3775267101777054
6749,g2pre,V1,10,Adrive,0.12013641948045777
6750,g2pre,V1,10,Adrive,0.3800315868334181
6751,g2pre,V1,10,Adrive,0.4371980820000208
6752,g2pre,V1,10,Adrive,0.5135750008604537
6753,g2pre,V1,10,Adrive,0.279521606111149
6754,g2pre,V1,10,Adrive,-0.054788147791130684
6755,g2pre,V1,10,Adrive,0.1894799382417092
6756,g2pre,V1,10,Adrive,0.3101590789142565
6757,g2pre,V1,10,Adrive,0.0309856779853841
6758,g2pre,V1,10,Adrive,0.11587428426961696
6759,g2pre,V1,10,Adrive,-0.10235397834509848
6760,g2pre,V1,10,Adrive,-0.08547350594720318
6761,g2pre,V1,10,Adrive,0.003923269234217532
6762,g2pre,V1,10,Adrive,0.1718614929133357
6763,g2pre,V1,10,Adrive,0.06153190623521359
6764,g2pre,V1,10,Adrive,-0.10539331526429048
6765,g2pre,V1,10,Adrive,-0.12951133986642155
6766,g2pre,V1,10,Adrive,0.5468054095516921
6767,g2pre,V1,10,Adrive,0.2587603645097421
6768,g2pre,V1,10,Adrive,-0.06530018932076714
6769,g2pre,V1,10,Adrive,0.1045502766385619
6770,g2pre,V1,10,Adrive,0.01719918429684919
6771,g2pre,V1,10,Adrive,0.010008457030959523
6772,g2pre,V1,10,Adrive,-0.017602376826887953
6773,g2pre,V1,10,Adrive,0.14112370847072683
6774,g2pre,V1,10,Adrive,0.14649556920162643
6775,g2pre,V1,10,Adrive,-0.024455366206322528
6776,g2pre,V1,10,Adrive,0.07369794850748393
6777,g2pre,V1,10,Adrive,0.1109829133937679
6778,g2pre,V1,10,Adrive,0.09583065616979851
6779,g2pre,V1,10,Adrive,0.019195478786933253
6780,g2pre,V1,10,Adrive,-0.10440956478435215
6781,g2pre,V1,10,Adrive,-0.0026448004248651644
6782,g2pre,V1,11,Adrive,0.02451655015581312
6783,g2pre,V1,11,Adrive,0.027751053366066855
6784,g2pre,V1,11,Adrive,0.021977705473623415
6785,g2pre,V1,11,Adrive,-0.0029414724291611212
6786,g2pre,V1,11,Adrive,0.11570482435586327
6787,g2pre,V1,11,Adrive,0.09095403350791997
6788,g2pre,V1,11,Adrive,0.05321303063274769
6789,g2pre,V1,11,Adrive,0.21150171776081048
6790,g2pre,V1,11,Adrive,0.07513249200620851
6791,g2pre,V1,11,Adrive,0.09236153759633828
6792,g2pre,V1,11,Adrive,0.1367391172810532
6793,g2pre,V1,11,Adrive,-0.09353072847446421
6794,g2pre,V1,11,Adrive,0.19476742102496844
6795,g2pre,V1,11,Adrive,-0.04353364545249339
6796,g2pre,V1,11,Adrive,0.11346361823245311
6797,g2pre,V1,11,Adrive,0.060854131016642395
6798,g2pre,V1,11,Adrive,0.008348546648657551
6799,g2pre,V1,11,Adrive,0.18637872301803782
6800,g2pre,V1,11,Adrive,-0.07275804470465808
6801,g2pre,V1,11,Adrive,0.038655907666138606
6802,g2pre,V1,11,Adrive,0.11407994199567884
6803,g2pre,V1,11,Adrive,0.01850274155096733
6804,g2pre,V1,11,Adrive,0.0726146542879012
6805,g2pre,V1,11,Adrive,0.07402415946824008
6806,g2pre,V1,11,Adrive,0.13370537421715348
6807,g2pre,V1,11,Adrive,0.12802898153976028
6808,g2pre,V1,11,Adrive,0.0009596322173150348
6809,g2pre,V1,11,Adrive,0.06246632263910032
6810,g2pre,V1,11,Adrive,0.010371241660711962
6811,g2pre,V1,11,Adrive,0.22215876527843068
6812,g2pre,V1,11,Adrive,0.01834978645440438
6813,g2pre,V1,11,Adrive,0.08430365708438528
6814,g2pre,V1,11,Adrive,-0.047564603661038825
6815,g2pre,V1,11,Adrive,0.30910186564840164
6816,g2pre,V1,11,Adrive,0.1474010555251095
6817,g2pre,V1,11,Adrive,0.16827801022325733
6818,g2pre,V1,11,Adrive,0.11345550407277265
6819,g2pre,V1,11,Adrive,0.06495734337285392
6820,g2pre,V1,11,Adrive,0.22598066472737838
6821,g2pre,V1,11,Adrive,0.02559038962896988
6822,g2pre,V1,11,Adrive,0.07193129350369468
6823,g2pre,V1,11,Adrive,0.3711923432639229
6824,g2pre,V1,11,Adrive,0.08600687337830017
6825,g2pre,V1,11,Adrive,0.20006272761748198
6826,g2pre,V1,11,Adrive,0.28876831746469617
6827,g2pre,V1,11,Adrive,-0.08894030327713179
6828,g2pre,V1,11,Adrive,0.2282921355858303
6829,g2pre,V1,11,Adrive,0.239151580860136
6830,g2pre,V1,11,Adrive,0.2153875014643446
6831,g2pre,V1,11,Adrive,-0.06801452048917847
6832,g2pre,V1,11,Adrive,-0.1005962925672162
6833,g2pre,V1,11,Adrive,0.1662760303722136
6834,g2pre,V1,11,Adrive,0.19633851984293343
6835,g2pre,V1,11,Adrive,0.280428162681473
6836,g2pre,V1,11,Adrive,0.05004593754022338
6837,g2pre,V1,11,Adrive,-0.037672811312602146
6838,g2pre,V1,11,Adrive,0.12340511873193864
6839,g2pre,V1,11,Adrive,0.11831226583556936
6840,g2pre,V1,11,Adrive,0.2333966116091249
6841,g2pre,V1,11,Adrive,0.016043487821367202
6842,g2pre,V1,11,Adrive,0.240703374911124
6843,g2pre,V1,11,Adrive,0.36100409046415943
6844,g2pre,V1,11,Adrive,0.14624897645851703
6845,g2pre,V1,11,Adrive,0.13432565570878366
6846,g2pre,V1,11,Adrive,0.12173504302479861
6847,g2pre,V1,11,Adrive,0.23199334860034426
6848,g2pre,V1,11,Adrive,-0.058626815172413325
6849,g2pre,V1,11,Adrive,-0.052328555456087375
6850,g2pre,V1,11,Adrive,0.21187923984170665
6851,g2pre,V1,11,Adrive,0.13681074569599289
6852,g2pre,V1,11,Adrive,-0.1271545654374528
6853,g2pre,V1,11,Adrive,-0.04369316070889777
6854,g2pre,V1,11,Adrive,-0.02298991622157858
6855,g2pre,V1,11,Adrive,0.029459918345644983
6856,g2pre,V1,11,Adrive,0.14331799429810074
6857,g2pre,V1,11,Adrive,-0.10364593757642826
6858,g2pre,V1,11,Adrive,0.1908718879485696
6859,g2pre,V1,11,Adrive,0.19075975039689372
6860,g2pre,V1,11,Adrive,0.16275034030225383
6861,g2pre,V1,11,Adrive,-0.03156086685312708
6862,g2pre,V1,11,Adrive,-0.004984360926621221
6863,g2pre,V1,11,Adrive,0.04250451810007227
6864,g2pre,V1,11,Adrive,0.16387902870589574
6865,g2pre,V1,11,Adrive,0.04977827149033344
6866,g2pre,V1,11,Adrive,0.26226322727765944
6867,g2pre,V1,11,Adrive,0.11080567162764764
6868,g2pre,V1,11,Adrive,0.004103374244224102
6869,g2pre,V1,11,Adrive,-0.029106019773779326
6870,g2pre,V1,11,Adrive,0.030595104096928713
6871,g2pre,V1,11,Adrive,0.08983949216335149
6872,g2pre,V1,11,Adrive,0.14729050078193895
6873,g2pre,V1,11,Adrive,0.061177214216724715
6874,g2pre,V1,11,Adrive,0.13328450985930343
6875,g2pre,V1,11,Adrive,0.09886366461410631
6876,g2pre,V1,11,Adrive,-0.03602845905207333
6877,g2pre,V1,11,Adrive,-0.10285773537408249
6878,g2pre,V1,11,Adrive,0.12228579713793698
6879,g2pre,V1,11,Adrive,0.15458596952107606
6880,g2pre,V1,11,Adrive,0.04793505769274212
6881,g2pre,V1,11,Adrive,-0.10102865234132966
6882,g2pre,V1,11,Adrive,0.12105239971885638
6883,g2pre,V1,11,Adrive,0.008310830320768398
6884,g2pre,V1,11,Adrive,0.08937324297639214
6885,g2pre,V1,11,Adrive,0.30834260079359077
6886,g2pre,V1,11,Adrive,-0.015624153076034824
6887,g2pre,V1,11,Adrive,0.09665694928923338
6888,g2pre,V1,11,Adrive,0.08473207541748576
6889,g2pre,V1,11,Adrive,0.136767167791057
6890,g2pre,V1,11,Adrive,0.04684670537237655
6891,g2pre,V1,11,Adrive,0.06790489163588852
6892,g2pre,V1,11,Adrive,0.1751917966943296
6893,g2pre,V1,11,Adrive,0.06003211957412719
6894,g2pre,V1,11,Adrive,-0.07826244860545799
6895,g2pre,V1,11,Adrive,-0.13229501873829314
6896,g2pre,V1,11,Adrive,0.1560006781006731
6897,g2pre,V1,11,Adrive,-0.051768990247580866
6898,g2pre,V1,11,Adrive,0.32397474210169175
6899,g2pre,V1,11,Adrive,0.14609077360180894
6900,g2pre,V1,11,Adrive,0.15732704126665512
6901,g2pre,V1,11,Adrive,0.16693052958795365
6902,g2pre,V1,11,Adrive,0.2488579663245824
6903,g2pre,V1,11,Adrive,0.05690511107804995
6904,g2pre,V1,11,Adrive,0.13316380871622654
6905,g2pre,V1,11,Adrive,0.11220933580086208
6906,g2pre,V1,11,Adrive,0.02354009117894838
6907,g2pre,V1,11,Adrive,0.005036156223987723
6908,g2pre,V1,11,Adrive,0.13438037842739417
6909,g2pre,V1,11,Adrive,0.15670470211418935
6910,g2pre,V1,11,Adrive,0.22355899864766543
6911,g2pre,V1,11,Adrive,0.0024176416111196266
6912,g2pre,V1,11,Adrive,0.0389727972716571
6913,g2pre,V1,11,Adrive,0.10746431441861656
6914,g2pre,V1,11,Adrive,-0.09163375766645289
6915,g2pre,V1,11,Adrive,0.006193138770827205
6916,g2pre,V1,11,Adrive,0.017568604745004556
6917,g2pre,V1,11,Adrive,-0.04224161389906366
6918,g2pre,V1,11,Adrive,0.1594208605947766
6919,g2pre,V1,11,Adrive,-0.006421515609048944
6920,g2pre,V1,11,Adrive,0.3263479702229619
6921,g2pre,V1,11,Adrive,0.1501816840593075
6922,g2pre,V1,11,Adrive,-0.050952140639032334
6923,g2pre,V1,11,Adrive,0.027144695324133813
6924,g2pre,V1,11,Adrive,-0.03280756850962152
6925,g2pre,V1,11,Adrive,-0.14361983692806307
6926,g2pre,V1,11,Adrive,-0.012900195294743108
6927,g2pre,V1,11,Adrive,0.025536567027340848
6928,g2pre,V1,11,Adrive,0.24907739300181297
6929,g2pre,V1,11,Adrive,-0.06005822790192373
6930,g2pre,V1,11,Adrive,0.23348421365543556
6931,g2pre,V1,11,Adrive,-0.03218495937857713
6932,g2pre,V1,11,Adrive,0.076739670374578
6933,g2pre,V1,11,Adrive,0.11783230900064218
6934,g2pre,V1,11,Adrive,0.15173628121359245
6935,g2pre,V1,11,Adrive,0.08673573077224143
6936,g2pre,V1,11,Adrive,-0.12388301818585881
6937,g2pre,V1,11,Adrive,0.21071746112884623
6938,g2pre,V1,11,Adrive,0.2130959414752057
6939,g2pre,V1,11,Adrive,-0.06524533112889314
6940,g2pre,V1,11,Adrive,0.1503581373306722
6941,g2pre,V1,11,Adrive,0.19508243706739645
6942,g2pre,V1,11,Adrive,-0.11350973152176594
6943,g2pre,V1,11,Adrive,0.3291976733755076
6944,g2pre,V1,11,Adrive,0.25461911132148873
6945,g2pre,V1,11,Adrive,-0.06787482736403465
6946,g2pre,V1,11,Adrive,0.06519716658621301
6947,g2pre,V1,11,Adrive,0.1591316628348548
6948,g2pre,V1,11,Adrive,0.01198166638201603
6949,g2pre,V1,11,Adrive,0.03763283311573037
6950,g2pre,V1,11,Adrive,-0.040245901587473216
6951,g2pre,V1,11,Adrive,0.2538865889917572
6952,g2pre,V1,11,Adrive,0.15999305435526204
6953,g2pre,V1,11,Adrive,0.13082260616918506
6954,g2pre,V1,11,Adrive,0.06005884259114594
6955,g2pre,V1,11,Adrive,0.19688570842713865
6956,g2pre,V1,11,Adrive,-0.06132116541393274
6957,g2pre,V1,11,Adrive,0.20079455594168658
6958,g2pre,V1,11,Adrive,-0.13315892739948573
6959,g2pre,V1,11,Adrive,0.20097898260394365
6960,g2pre,V1,11,Adrive,-0.00045421422230401703
6961,g2pre,V1,11,Adrive,0.020559193817116038
6962,g2pre,V1,11,Adrive,-0.06710192135250222
6963,g2pre,V1,11,Adrive,0.19454189587506948
6964,g2pre,V1,11,Adrive,-0.053544795255694486
6965,g2pre,V1,11,Adrive,0.18246608025555228
6966,g2pre,V1,11,Adrive,0.17703008924655803
6967,g2pre,V1,11,Adrive,-0.09193352280816947
6968,g2pre,V1,11,Adrive,0.16651475946549435
6969,g2pre,V1,11,Adrive,0.14277447050766498
6970,g2pre,V1,11,Adrive,-0.01563717297408497
6971,g2pre,V1,11,Adrive,0.06297633166701683
6972,g2pre,V1,11,Adrive,0.12508976707921884
6973,g2pre,V1,11,Adrive,0.14181922445164857
6974,g2pre,V1,11,Adrive,0.10818515883586068
6975,g2pre,V1,11,Adrive,-0.09335295200110862
6976,g2pre,V1,11,Adrive,0.2076048910038232
6977,g2pre,V1,11,Adrive,0.04538714621433955
6978,g2pre,V1,11,Adrive,0.2983203848997496
6979,g2pre,V1,11,Adrive,-0.04117956488460938
6980,g2pre,V1,11,Adrive,-0.11262169254213715
6981,g2pre,V1,11,Adrive,0.2703141660223765
6982,g2pre,V1,11,Adrive,0.16120687057316105
6983,g2pre,V1,11,Adrive,0.10907666030560534
6984,g2pre,V1,11,Adrive,0.21389479457653152
6985,g2pre,V1,11,Adrive,0.09074890955042125
6986,g2pre,V1,11,Adrive,-0.11607801441181957
6987,g2pre,V1,11,Adrive,0.18348986142339005
6988,g2pre,V1,11,Adrive,-0.047969129536134816
6989,g2pre,V1,11,Adrive,-0.15087232385413646
6990,g2pre,V1,11,Adrive,0.2256380697200395
6991,g2pre,V1,11,Adrive,0.13052784405915582
6992,g2pre,V1,11,Adrive,-0.15581820093951926
6993,g2pre,V1,11,Adrive,-0.0537879096394629
6994,g2pre,V1,11,Adrive,-0.17893368751039324
6995,g2pre,V1,11,Adrive,-0.2756368674330775
6996,g2pre,V1,11,Adrive,0.0190528136234885
6997,g2pre,V1,11,Adrive,0.2017390395745934
6998,g2pre,V1,11,Adrive,-0.15245510904183754
6999,g2pre,V1,11,Adrive,0.0032078187516985917
7000,g2pre,V1,11,Adrive,0.20905892544219107
7001,g2pre,V1,11,Adrive,-0.03996322911635067
7002,g2pre,V1,11,Adrive,0.10883736968051794
7003,g2pre,V1,11,Adrive,0.11358833216903746
7004,g2pre,V1,11,Adrive,0.0868648335817799
7005,g2pre,V1,11,Adrive,0.09269580809952163
7006,g2pre,V1,11,Adrive,0.1687683798186263
7007,g2pre,V1,11,Adrive,-0.07182154260861583
7008,g2pre,V1,11,Adrive,0.14876338121267588
7009,g2pre,V1,11,Adrive,-0.10144492890250852
7010,g2pre,V1,11,Adrive,0.030905799207522792
7011,g2pre,V1,11,Adrive,0.10151734010193465
7012,g2pre,V1,11,Adrive,0.07445338461663684
7013,g2pre,V1,11,Adrive,0.19277570862200583
7014,g2pre,V1,11,Adrive,0.10458052612827798
7015,g2pre,V1,11,Adrive,0.12418550223965114
7016,g2pre,V1,11,Adrive,0.3080889794442018
7017,g2pre,V1,11,Adrive,0.4446917822242862
7018,g2pre,V1,11,Adrive,0.15790417523025085
7019,g2pre,V1,11,Adrive,-0.1730620511922336
7020,g2pre,V1,11,Adrive,-0.09956240034855846
7021,g2pre,V1,11,Adrive,0.2030681212174375
7022,g2pre,V1,11,Adrive,0.15684512295936603
7023,g2pre,V1,11,Adrive,-0.03165703657634961
7024,g2pre,V1,11,Adrive,0.23838921872373947
7025,g2pre,V1,11,Adrive,0.35897210644570915
7026,g2pre,V1,11,Adrive,-0.13290389141089853
7027,g2pre,V1,11,Adrive,0.1943751554156081
7028,g2pre,V1,11,Adrive,0.1482954194907039
7029,g2pre,V1,11,Adrive,0.0654423055461672
7030,g2pre,V1,11,Adrive,0.10536574316982847
7031,g2pre,V1,11,Adrive,0.1211031844015773
7032,g2pre,V1,11,Adrive,0.05444325615519165
7033,g2pre,V1,11,Adrive,-0.04219526269780615
7034,g2pre,V1,11,Adrive,0.12678331293115525
7035,g2pre,V1,11,Adrive,0.3501629395636168
7036,g2pre,V1,11,Adrive,0.14369708673740644
7037,g2pre,V1,11,Adrive,0.3002077903814826
7038,g2pre,V1,11,Adrive,0.13863237744251394
7039,g2pre,V1,11,Adrive,-0.06475710458067446
7040,g2pre,V1,11,Adrive,-0.06390109924215412
7041,g2pre,V1,11,Adrive,-0.15688285041264413
7042,g2pre,V1,11,Adrive,-0.12752496913435166
7043,g2pre,V1,11,Adrive,0.04633091704481426
7044,g2pre,V1,11,Adrive,0.20951312358412433
7045,g2pre,V1,11,Adrive,-0.11592860169332297
7046,g2pre,V1,11,Adrive,0.2368911872010446
7047,g2pre,V1,11,Adrive,0.23853203724798747
7048,g2pre,V1,11,Adrive,0.03333537286648827
7049,g2pre,V1,11,Adrive,0.19773795893510374
7050,g2pre,V1,11,Adrive,0.3130309395590468
7051,g2pre,V1,11,Adrive,0.12057136725763763
7052,g2pre,V1,11,Adrive,0.12289255261695463
7053,g2pre,V1,11,Adrive,0.10057292974405413
7054,g2pre,V1,11,Adrive,-0.0055106771752980715
7055,g2pre,V1,11,Adrive,0.03823446422375931
7056,g2pre,V1,11,Adrive,-0.03575659921707078
7057,g2pre,V1,11,Adrive,-0.1811227608731407
7058,g2pre,V1,11,Adrive,-0.10309512723136748
7059,g2pre,V1,11,Adrive,0.2264092967181281
7060,g2pre,V1,11,Adrive,-0.13576140223851463
7061,g2pre,V1,11,Adrive,0.005054150560259854
7062,g2pre,V1,11,Adrive,-0.06445139259206624
7063,g2pre,V1,11,Adrive,0.04894490149602271
7064,g2pre,V1,11,Adrive,0.15429357541963193
7065,g2pre,V1,11,Adrive,-0.05276589915868465
7066,g2pre,V1,11,Adrive,-0.21807889135747152
7067,g2pre,V1,11,Adrive,-0.04749031973769078
7068,g2pre,V1,11,Adrive,0.07180585473668667
7069,g2pre,V1,11,Adrive,-0.09704960796054903
7070,g2pre,V1,11,Adrive,0.14104845558977677
7071,g2pre,V1,11,Adrive,0.326560248198913
7072,g2pre,V1,11,Adrive,0.10845684823075033
7073,g2pre,V1,11,Adrive,0.2409960762457637
7074,g2pre,V1,11,Adrive,0.03076320136774152
7075,g2pre,V1,11,Adrive,0.27668521050194095
7076,g2pre,V1,11,Adrive,-0.2805654430205191
7077,g2pre,V1,11,Adrive,0.13004760973829083
7078,g2pre,V1,11,Adrive,-0.08536821122141883
7079,g2pre,V1,11,Adrive,-0.2128298744116346
7080,g2pre,V1,11,Adrive,0.10347447186778129
7081,g2pre,V1,11,Adrive,-0.026642863053753907
7082,g2pre,V1,11,Adrive,0.05536291276904029
7083,g2pre,V1,11,Adrive,-0.005451485296835821
7084,g2pre,V1,11,Adrive,-0.029175627699538006
7085,g2pre,V1,11,Adrive,0.04454711258447614
7086,g2pre,V1,11,Adrive,0.2333503952789795
7087,g2pre,V1,11,Adrive,-0.07480907307774123
7088,g2pre,V1,11,Adrive,0.10502125218515079
7089,g2pre,V1,11,Adrive,-0.08049225167525369
7090,g2pre,V1,11,Adrive,0.011477102940369235
7091,g2pre,V1,11,Adrive,0.15250149784394562
7092,g2pre,V1,11,Adrive,-0.148379581071985
7093,g2pre,V1,11,Adrive,-0.02653457745763367
7094,g2pre,V1,11,Adrive,0.03238263212130787
7095,g2pre,V1,11,Adrive,0.039552725929443616
7096,g2pre,V1,11,Adrive,-0.035805285679953974
7097,g2pre,V1,11,Adrive,-0.06079594225735484
7098,g2pre,V1,11,Adrive,0.09072684914969384
7099,g2pre,V1,2,Motordrive,0.0715529585886086
7100,g2pre,V1,2,Motordrive,0.02482461189761411
7101,g2pre,V1,2,Motordrive,0.12667624949862674
7102,g2pre,V1,2,Motordrive,0.0702258040539287
7103,g2pre,V1,2,Motordrive,0.04544236518641755
7104,g2pre,V1,2,Motordrive,0.00923747698156727
7105,g2pre,V1,2,Motordrive,0.07147446678174665
7106,g2pre,V1,2,Motordrive,0.01709332436455949
7107,g2pre,V1,2,Motordrive,0.07308240064986936
7108,g2pre,V1,2,Motordrive,0.07892070814225759
7109,g2pre,V1,2,Motordrive,0.055260671696214056
7110,g2pre,V1,2,Motordrive,-0.021651556591297562
7111,g2pre,V1,2,Motordrive,0.1281296453085551
7112,g2pre,V1,2,Motordrive,0.040691509428442484
7113,g2pre,V1,2,Motordrive,0.037776893325427156
7114,g2pre,V1,2,Motordrive,0.027100396346739147
7115,g2pre,V1,2,Motordrive,0.10788106078156091
7116,g2pre,V1,2,Motordrive,0.10535110378023088
7117,g2pre,V1,2,Motordrive,0.06855215194246705
7118,g2pre,V1,2,Motordrive,0.09253455141941648
7119,g2pre,V1,2,Motordrive,0.020332484643401712
7120,g2pre,V1,2,Motordrive,0.12159654862975013
7121,g2pre,V1,2,Motordrive,0.018967222035044567
7122,g2pre,V1,2,Motordrive,0.0203523590771716
7123,g2pre,V1,2,Motordrive,0.165448453967643
7124,g2pre,V1,2,Motordrive,0.10231899699932637
7125,g2pre,V1,2,Motordrive,0.10701438175039676
7126,g2pre,V1,2,Motordrive,0.03860320642441254
7127,g2pre,V1,2,Motordrive,0.12460705670792321
7128,g2pre,V1,2,Motordrive,0.04951984610063484
7129,g2pre,V1,2,Motordrive,0.12875263132270062
7130,g2pre,V1,2,Motordrive,0.08320404697810205
7131,g2pre,V1,2,Motordrive,0.013705545910048094
7132,g2pre,V1,2,Motordrive,0.0629765030066513
7133,g2pre,V1,2,Motordrive,0.03862677985139379
7134,g2pre,V1,2,Motordrive,0.020875225544354267
7135,g2pre,V1,2,Motordrive,0.08725170108201491
7136,g2pre,V1,2,Motordrive,-0.016127397862515016
7137,g2pre,V1,2,Motordrive,0.08994750691819225
7138,g2pre,V1,2,Motordrive,0.0398116654162541
7139,g2pre,V1,2,Motordrive,-0.014805160964233928
7140,g2pre,V1,2,Motordrive,0.026120643808725367
7141,g2pre,V1,2,Motordrive,0.0528369839507375
7142,g2pre,V1,2,Motordrive,0.124064749705963
7143,g2pre,V1,2,Motordrive,0.13605484956965652
7144,g2pre,V1,2,Motordrive,-0.02710878085889801
7145,g2pre,V1,2,Motordrive,0.0642829077643652
7146,g2pre,V1,2,Motordrive,0.10791814435676754
7147,g2pre,V1,2,Motordrive,-0.03246089535400174
7148,g2pre,V1,2,Motordrive,0.025160308715331016
7149,g2pre,V1,2,Motordrive,-0.003288553500007842
7150,g2pre,V1,2,Motordrive,-0.016724317267338477
7151,g2pre,V1,2,Motordrive,0.03979471297987059
7152,g2pre,V1,2,Motordrive,-0.012119375140471457
7153,g2pre,V1,2,Motordrive,0.09769238459521369
7154,g2pre,V1,2,Motordrive,0.03687841622243826
7155,g2pre,V1,2,Motordrive,-0.035596032356366346
7156,g2pre,V1,2,Motordrive,0.06537082108415239
7157,g2pre,V1,2,Motordrive,0.10050619787022853
7158,g2pre,V1,2,Motordrive,0.04687772488830105
7159,g2pre,V1,2,Motordrive,0.0405783665002121
7160,g2pre,V1,2,Motordrive,0.0676129481057862
7161,g2pre,V1,2,Motordrive,0.12162404413454427
7162,g2pre,V1,2,Motordrive,-0.02231081213575576
7163,g2pre,V1,2,Motordrive,-0.010769868156978082
7164,g2pre,V1,2,Motordrive,0.04438215394855431
7165,g2pre,V1,2,Motordrive,0.10959106387983894
7166,g2pre,V1,2,Motordrive,0.028355759616234176
7167,g2pre,V1,2,Motordrive,0.05744918380430615
7168,g2pre,V1,2,Motordrive,0.06311052437827958
7169,g2pre,V1,2,Motordrive,-0.045227212238230466
7170,g2pre,V1,2,Motordrive,-0.008304436260822674
7171,g2pre,V1,2,Motordrive,0.049167177671696864
7172,g2pre,V1,2,Motordrive,0.034136787774562034
7173,g2pre,V1,2,Motordrive,0.05015849527770907
7174,g2pre,V1,2,Motordrive,0.07351351050942537
7175,g2pre,V1,2,Motordrive,0.03879422454277154
7176,g2pre,V1,2,Motordrive,0.06069830339763898
7177,g2pre,V1,2,Motordrive,0.03877305598898983
7178,g2pre,V1,2,Motordrive,0.015536094087666822
7179,g2pre,V1,2,Motordrive,-0.016133411351428595
7180,g2pre,V1,2,Motordrive,0.08761930714194258
7181,g2pre,V1,2,Motordrive,0.010873513979510599
7182,g2pre,V1,2,Motordrive,0.09073708085930264
7183,g2pre,V1,2,Motordrive,0.044730975661305176
7184,g2pre,V1,2,Motordrive,-0.05554165563545313
7185,g2pre,V1,2,Motordrive,0.1918392978528206
7186,g2pre,V1,2,Motordrive,0.015161210521233986
7187,g2pre,V1,2,Motordrive,0.03185518561189707
7188,g2pre,V1,2,Motordrive,0.10770132362010486
7189,g2pre,V1,2,Motordrive,0.048008879832928245
7190,g2pre,V1,2,Motordrive,-0.018188650079877272
7191,g2pre,V1,2,Motordrive,0.04920777841790576
7192,g2pre,V1,2,Motordrive,0.07470107503668265
7193,g2pre,V1,2,Motordrive,0.09537327709149253
7194,g2pre,V1,2,Motordrive,0.040942352756081365
7195,g2pre,V1,2,Motordrive,0.09785936476439096
7196,g2pre,V1,2,Motordrive,0.08287924290720332
7197,g2pre,V1,2,Motordrive,-0.001623443779874794
7198,g2pre,V1,2,Motordrive,0.03853333966565349
7199,g2pre,V1,2,Motordrive,0.04419430003680513
7200,g2pre,V1,2,Motordrive,-0.0008520408082356658
7201,g2pre,V1,2,Motordrive,0.07282373243017186
7202,g2pre,V1,2,Motordrive,0.019740089769829716
7203,g2pre,V1,2,Motordrive,0.0023933221465310115
7204,g2pre,V1,2,Motordrive,0.04349497126784472
7205,g2pre,V1,2,Motordrive,0.051368102617612266
7206,g2pre,V1,2,Motordrive,0.14672478362037938
7207,g2pre,V1,2,Motordrive,0.0019262656214417686
7208,g2pre,V1,2,Motordrive,-0.03855031287963583
7209,g2pre,V1,2,Motordrive,0.10819581538334337
7210,g2pre,V1,2,Motordrive,0.15684886106306878
7211,g2pre,V1,2,Motordrive,-0.0356292509254474
7212,g2pre,V1,2,Motordrive,0.06947701743771724
7213,g2pre,V1,2,Motordrive,0.07950453234537655
7214,g2pre,V1,2,Motordrive,0.04400533491401574
7215,g2pre,V1,2,Motordrive,0.08137519242963304
7216,g2pre,V1,2,Motordrive,0.06499907913188634
7217,g2pre,V1,2,Motordrive,0.14653423242971747
7218,g2pre,V1,2,Motordrive,0.10474874155861427
7219,g2pre,V1,2,Motordrive,0.0832843801751099
7220,g2pre,V1,2,Motordrive,0.0585821686511007
7221,g2pre,V1,3,Motordrive,-0.0753473054301975
7222,g2pre,V1,3,Motordrive,0.2431659490386544
7223,g2pre,V1,3,Motordrive,0.06423184290305912
7224,g2pre,V1,3,Motordrive,0.03665030131008963
7225,g2pre,V1,3,Motordrive,0.09770170237913685
7226,g2pre,V1,3,Motordrive,0.06572809645716873
7227,g2pre,V1,3,Motordrive,0.24511705562708902
7228,g2pre,V1,3,Motordrive,0.20328926090644378
7229,g2pre,V1,3,Motordrive,0.027949497030326304
7230,g2pre,V1,3,Motordrive,0.04672367278151368
7231,g2pre,V1,3,Motordrive,-0.03277923745511095
7232,g2pre,V1,3,Motordrive,0.17606500539084655
7233,g2pre,V1,3,Motordrive,0.23389398561512562
7234,g2pre,V1,3,Motordrive,0.1286531260536034
7235,g2pre,V1,3,Motordrive,0.0009769954752106833
7236,g2pre,V1,3,Motordrive,-0.08978620489146362
7237,g2pre,V1,3,Motordrive,-0.0051942947492770964
7238,g2pre,V1,3,Motordrive,-0.042008210784517656
7239,g2pre,V1,3,Motordrive,0.06260026129538332
7240,g2pre,V1,3,Motordrive,0.13121328608456456
7241,g2pre,V1,3,Motordrive,-0.03937965178663568
7242,g2pre,V1,3,Motordrive,-0.036113263308304125
7243,g2pre,V1,3,Motordrive,-0.02792374570125394
7244,g2pre,V1,3,Motordrive,-0.10209675895075196
7245,g2pre,V1,3,Motordrive,0.07816412833544054
7246,g2pre,V1,3,Motordrive,0.0720648629278788
7247,g2pre,V1,3,Motordrive,-0.10211889360997516
7248,g2pre,V1,3,Motordrive,0.03974783914139533
7249,g2pre,V1,3,Motordrive,0.048853409886059566
7250,g2pre,V1,3,Motordrive,-0.051194196288027675
7251,g2pre,V1,3,Motordrive,0.014176097338997318
7252,g2pre,V1,3,Motordrive,-0.05586939539240008
7253,g2pre,V1,3,Motordrive,0.008062558427082778
7254,g2pre,V1,3,Motordrive,-0.06023342880703922
7255,g2pre,V1,3,Motordrive,0.003505138218785539
7256,g2pre,V1,3,Motordrive,0.09270861782254235
7257,g2pre,V1,3,Motordrive,-0.00021325971152995167
7258,g2pre,V1,3,Motordrive,0.09079760960701616
7259,g2pre,V1,3,Motordrive,0.3275528309407734
7260,g2pre,V1,3,Motordrive,0.14949046358033008
7261,g2pre,V1,3,Motordrive,0.14454780644598408
7262,g2pre,V1,3,Motordrive,-0.0303735236064945
7263,g2pre,V1,3,Motordrive,0.052362961296804796
7264,g2pre,V1,3,Motordrive,-0.012282963602750323
7265,g2pre,V1,3,Motordrive,0.013051224672542081
7266,g2pre,V1,3,Motordrive,-0.01583625304515792
7267,g2pre,V1,3,Motordrive,0.0888929853703527
7268,g2pre,V1,3,Motordrive,0.0474797445342977
7269,g2pre,V1,3,Motordrive,0.23193993053467363
7270,g2pre,V1,3,Motordrive,0.04235839695216305
7271,g2pre,V1,3,Motordrive,-0.04870193286705209
7272,g2pre,V1,3,Motordrive,0.02500263466581275
7273,g2pre,V1,3,Motordrive,-0.051587564351522834
7274,g2pre,V1,3,Motordrive,0.016861431136598853
7275,g2pre,V1,3,Motordrive,-0.025695566785459433
7276,g2pre,V1,3,Motordrive,0.1225770036742889
7277,g2pre,V1,3,Motordrive,0.05724943283035276
7278,g2pre,V1,3,Motordrive,0.062044560850392415
7279,g2pre,V1,3,Motordrive,-0.008611047859400771
7280,g2pre,V1,3,Motordrive,0.007095727461087398
7281,g2pre,V1,3,Motordrive,0.240834918197283
7282,g2pre,V1,3,Motordrive,0.21555809894786743
7283,g2pre,V1,3,Motordrive,-0.023331469602735307
7284,g2pre,V1,3,Motordrive,0.06885150986390633
7285,g2pre,V1,3,Motordrive,-0.033406003221025486
7286,g2pre,V1,3,Motordrive,0.13080158158494148
7287,g2pre,V1,3,Motordrive,0.06635046417242356
7288,g2pre,V1,3,Motordrive,0.2876126573541063
7289,g2pre,V1,3,Motordrive,0.14416768610360955
7290,g2pre,V1,3,Motordrive,-0.07621616970762106
7291,g2pre,V1,3,Motordrive,0.029841011659795722
7292,g2pre,V1,3,Motordrive,-0.11293339166242795
7293,g2pre,V1,3,Motordrive,-0.03326450354639281
7294,g2pre,V1,3,Motordrive,0.09031669473292886
7295,g2pre,V1,3,Motordrive,-0.08918793577583085
7296,g2pre,V1,3,Motordrive,0.03467390973042771
7297,g2pre,V1,3,Motordrive,-0.0307392707838387
7298,g2pre,V1,3,Motordrive,-0.04366635667781189
7299,g2pre,V1,3,Motordrive,-0.04918264914374433
7300,g2pre,V1,3,Motordrive,0.025093741779149595
7301,g2pre,V1,3,Motordrive,0.14120361769961864
7302,g2pre,V1,3,Motordrive,0.15096672517181933
7303,g2pre,V1,3,Motordrive,0.03477654813177744
7304,g2pre,V1,3,Motordrive,0.4396348079187816
7305,g2pre,V1,3,Motordrive,0.017675381466118734
7306,g2pre,V1,3,Motordrive,-0.04758851665617865
7307,g2pre,V1,3,Motordrive,0.01352944146423178
7308,g2pre,V1,3,Motordrive,0.18835713875404764
7309,g2pre,V1,3,Motordrive,0.10214472222957299
7310,g2pre,V1,3,Motordrive,0.004159837334775198
7311,g2pre,V1,3,Motordrive,0.21872773980294774
7312,g2pre,V1,3,Motordrive,-0.013138879760326874
7313,g2pre,V1,3,Motordrive,-0.07170465420112522
7314,g2pre,V1,3,Motordrive,-0.11226336243336908
7315,g2pre,V1,3,Motordrive,-0.04048304362961078
7316,g2pre,V1,3,Motordrive,0.07563209789939034
7317,g2pre,V1,3,Motordrive,-0.06027908621487753
7318,g2pre,V1,3,Motordrive,0.1072424913421345
7319,g2pre,V1,3,Motordrive,0.406150819380081
7320,g2pre,V1,3,Motordrive,0.04854431246305625
7321,g2pre,V1,3,Motordrive,-0.00595778742576202
7322,g2pre,V1,3,Motordrive,0.10403453431391932
7323,g2pre,V1,3,Motordrive,0.2029867004472572
7324,g2pre,V1,3,Motordrive,-0.08478478120054356
7325,g2pre,V1,3,Motordrive,0.15292097414181186
7326,g2pre,V1,3,Motordrive,0.22856977539360102
7327,g2pre,V1,3,Motordrive,-0.009633385370061205
7328,g2pre,V1,3,Motordrive,-0.06443730250644762
7329,g2pre,V1,3,Motordrive,0.1363472594438811
7330,g2pre,V1,3,Motordrive,-0.030542525253311092
7331,g2pre,V1,3,Motordrive,0.08354692310996115
7332,g2pre,V1,3,Motordrive,0.0051267793019166875
7333,g2pre,V1,3,Motordrive,-0.04830224324504546
7334,g2pre,V1,3,Motordrive,0.08826193021289973
7335,g2pre,V1,3,Motordrive,-0.07972916806195626
7336,g2pre,V1,3,Motordrive,-0.0929071837492276
7337,g2pre,V1,3,Motordrive,0.20637655883193223
7338,g2pre,V1,3,Motordrive,0.36818548621994646
7339,g2pre,V1,3,Motordrive,0.4669286502372101
7340,g2pre,V1,3,Motordrive,0.34513760425128426
7341,g2pre,V1,3,Motordrive,0.010421838787319298
7342,g2pre,V1,3,Motordrive,-0.08697057751359713
7343,g2pre,V1,3,Motordrive,-0.14532528760749103
7344,g2pre,V1,3,Motordrive,0.1554551750169905
7345,g2pre,V1,3,Motordrive,0.4006209759694395
7346,g2pre,V1,3,Motordrive,-0.07703268264929346
7347,g2pre,V1,3,Motordrive,0.4668202878472459
7348,g2pre,V1,3,Motordrive,0.08375301238793002
7349,g2pre,V1,3,Motordrive,0.2105416364369102
7350,g2pre,V1,3,Motordrive,0.5094270967160145
7351,g2pre,V1,3,Motordrive,0.0022892462363995106
7352,g2pre,V1,3,Motordrive,0.11480388772383515
7353,g2pre,V1,3,Motordrive,0.045237563716485595
7354,g2pre,V1,3,Motordrive,0.2387084408999688
7355,g2pre,V1,3,Motordrive,0.36946625075723943
7356,g2pre,V1,3,Motordrive,0.4165666184108425
7357,g2pre,V1,3,Motordrive,0.352427616912002
7358,g2pre,V1,3,Motordrive,-0.3304209967035323
7359,g2pre,V1,3,Motordrive,-0.01916634115432546
7360,g2pre,V1,3,Motordrive,-0.09462156284751701
7361,g2pre,V1,3,Motordrive,0.30605236043592227
7362,g2pre,V1,3,Motordrive,-0.1412625160207939
7363,g2pre,V1,3,Motordrive,-0.20965841963937373
7364,g2pre,V1,3,Motordrive,-0.0709688216380833
7365,g2pre,V1,3,Motordrive,0.006184848279025887
7366,g2pre,V1,3,Motordrive,0.05149730683201532
7367,g2pre,V1,3,Motordrive,0.3377705346994459
7368,g2pre,V1,3,Motordrive,-0.1287520921358016
7369,g2pre,V1,3,Motordrive,-0.05047192776573928
7370,g2pre,V1,3,Motordrive,-0.13230479792954522
7371,g2pre,V1,3,Motordrive,-0.22093646787563814
7372,g2pre,V1,3,Motordrive,-0.035955386004536356
7373,g2pre,V1,3,Motordrive,0.025055003584450213
7374,g2pre,V1,3,Motordrive,0.3880743052970285
7375,g2pre,V1,3,Motordrive,-0.027409888207943867
7376,g2pre,V1,3,Motordrive,0.034616610291765486
7377,g2pre,V1,3,Motordrive,-0.10968685436006509
7378,g2pre,V1,3,Motordrive,-0.06027000352075723
7379,g2pre,V1,3,Motordrive,0.07340353544454987
7380,g2pre,V1,3,Motordrive,-0.030419374960717106
7381,g2pre,V1,3,Motordrive,-0.10582064185105763
7382,g2pre,V1,3,Motordrive,-0.0412536726520436
7383,g2pre,V1,3,Motordrive,-0.15815024272517078
7384,g2pre,V1,3,Motordrive,-0.0940289663028588
7385,g2pre,V1,3,Motordrive,-0.08589897131950465
7386,g2pre,V1,3,Motordrive,0.20183857538235642
7387,g2pre,V1,3,Motordrive,-0.00021603856641341231
7388,g2pre,V1,3,Motordrive,0.36519351681903855
7389,g2pre,V1,3,Motordrive,-0.09756767117377375
7390,g2pre,V1,3,Motordrive,0.03612213782499843
7391,g2pre,V1,3,Motordrive,0.12167921826393362
7392,g2pre,V1,3,Motordrive,0.0978748637337412
7393,g2pre,V1,3,Motordrive,0.032243555044022106
7394,g2pre,V1,3,Motordrive,0.22334470402358977
7395,g2pre,V1,3,Motordrive,-0.015582744836430008
7396,g2pre,V1,3,Motordrive,-0.0038754923417025633
7397,g2pre,V1,3,Motordrive,0.26479785673191647
7398,g2pre,V1,3,Motordrive,0.14962768665414589
7399,g2pre,V1,3,Motordrive,-0.11459191611772612
7400,g2pre,V1,3,Motordrive,-0.06333698816203805
7401,g2pre,V1,3,Motordrive,0.01534260990704198
7402,g2pre,V1,3,Motordrive,0.06718720877432303
7403,g2pre,V1,3,Motordrive,0.10276676480334944
7404,g2pre,V1,3,Motordrive,0.0324808725767123
7405,g2pre,V1,3,Motordrive,-0.005428604870371183
7406,g2pre,V1,3,Motordrive,-0.00361811236921519
7407,g2pre,V1,3,Motordrive,0.1899267042324662
7408,g2pre,V1,3,Motordrive,0.12091387097235848
7409,g2pre,V1,3,Motordrive,0.04006874817803064
7410,g2pre,V1,3,Motordrive,-0.057864682067457415
7411,g2pre,V1,3,Motordrive,0.0502140495952051
7412,g2pre,V1,3,Motordrive,-0.10248360708052184
7413,g2pre,V1,3,Motordrive,-0.0023024359396658428
7414,g2pre,V1,3,Motordrive,0.3983266468931491
7415,g2pre,V1,3,Motordrive,0.015190429211507829
7416,g2pre,V1,3,Motordrive,0.1078349585236844
7417,g2pre,V1,3,Motordrive,-0.07970660345281112
7418,g2pre,V1,3,Motordrive,0.21527043335176338
7419,g2pre,V1,3,Motordrive,-0.05950531467445893
7420,g2pre,V1,3,Motordrive,0.09089724093131897
7421,g2pre,V1,3,Motordrive,-0.0431411243741541
7422,g2pre,V1,3,Motordrive,0.4300638916422744
7423,g2pre,V1,3,Motordrive,0.020511106469951274
7424,g2pre,V1,3,Motordrive,-0.1528276691932882
7425,g2pre,V1,3,Motordrive,-0.04342144247298923
7426,g2pre,V1,3,Motordrive,0.015718933859031538
7427,g2pre,V1,3,Motordrive,-0.0260950225179945
7428,g2pre,V1,3,Motordrive,0.05194752333142821
7429,g2pre,V1,3,Motordrive,-0.017322779692772187
7430,g2pre,V1,3,Motordrive,0.26424961663675084
7431,g2pre,V1,3,Motordrive,0.12944148297294716
7432,g2pre,V1,3,Motordrive,0.12851508396879366
7433,g2pre,V1,3,Motordrive,-0.05612174492259761
7434,g2pre,V1,3,Motordrive,0.24338810584906964
7435,g2pre,V1,3,Motordrive,0.097865986289062
7436,g2pre,V1,3,Motordrive,-0.11968088331829643
7437,g2pre,V1,3,Motordrive,0.09200817667515873
7438,g2pre,V1,3,Motordrive,-0.04285827583600903
7439,g2pre,V1,3,Motordrive,0.0713178805096612
7440,g2pre,V1,3,Motordrive,-0.08702810282566224
7441,g2pre,V1,3,Motordrive,-0.008880571749094086
7442,g2pre,V1,3,Motordrive,-0.062099321066686294
7443,g2pre,V1,3,Motordrive,-0.022292411233016205
7444,g2pre,V1,3,Motordrive,-0.07856648039293165
7445,g2pre,V1,3,Motordrive,0.1084084003701731
7446,g2pre,V1,3,Motordrive,0.2548991885890871
7447,g2pre,V1,3,Motordrive,0.1715866939234153
7448,g2pre,V1,3,Motordrive,0.40965959921018175
7449,g2pre,V1,3,Motordrive,0.10744901949900007
7450,g2pre,V1,3,Motordrive,-0.10474256657720636
7451,g2pre,V1,3,Motordrive,-0.027150287813010616
7452,g2pre,V1,3,Motordrive,-0.03430889193250134
7453,g2pre,V1,3,Motordrive,-0.05179193292569244
7454,g2pre,V1,3,Motordrive,-0.06663784889426394
7455,g2pre,V1,3,Motordrive,0.06312278474139323
7456,g2pre,V1,3,Motordrive,-0.0832318557003996
7457,g2pre,V1,3,Motordrive,-0.15343083953627065
7458,g2pre,V1,3,Motordrive,-0.15673057292303505
7459,g2pre,V1,3,Motordrive,-0.04590463443180802
7460,g2pre,V1,3,Motordrive,0.4287604985737327
7461,g2pre,V1,3,Motordrive,0.04780853931433879
7462,g2pre,V1,3,Motordrive,0.00845370212990329
7463,g2pre,V1,3,Motordrive,-0.04860003723531906
7464,g2pre,V1,3,Motordrive,-0.06786697634509618
7465,g2pre,V1,3,Motordrive,0.40953198482621717
7466,g2pre,V1,3,Motordrive,0.08089354417897718
7467,g2pre,V1,3,Motordrive,-0.0847105082182906
7468,g2pre,V1,3,Motordrive,-0.021806788432768277
7469,g2pre,V1,3,Motordrive,-0.06681114646591695
7470,g2pre,V1,3,Motordrive,0.05901649603919404
7471,g2pre,V1,3,Motordrive,-0.05019282470407964
7472,g2pre,V1,3,Motordrive,-0.11199704695196255
7473,g2pre,V1,3,Motordrive,0.0009644206474663297
7474,g2pre,V1,3,Motordrive,-0.10732126321902634
7475,g2pre,V1,3,Motordrive,0.31657939121557666
7476,g2pre,V1,3,Motordrive,0.23838487160465766
7477,g2pre,V1,3,Motordrive,-0.019421393571496574
7478,g2pre,V1,3,Motordrive,0.08400659594022408
7479,g2pre,V1,3,Motordrive,0.37769110877418033
7480,g2pre,V1,3,Motordrive,-0.1443784143918338
7481,g2pre,V1,3,Motordrive,-0.057765185552571346
7482,g2pre,V1,3,Motordrive,-0.055728359575512226
7483,g2pre,V1,3,Motordrive,-0.15396508703232
7484,g2pre,V1,3,Motordrive,-0.03038780258470001
7485,g2pre,V1,4,Motordrive,-0.035901401723163605
7486,g2pre,V1,4,Motordrive,0.14622135132936576
7487,g2pre,V1,4,Motordrive,-0.18748060896019597
7488,g2pre,V1,4,Motordrive,0.304743853307519
7489,g2pre,V1,4,Motordrive,0.03962780287878788
7490,g2pre,V1,4,Motordrive,-0.04510762695968497
7491,g2pre,V1,4,Motordrive,0.23723789492887823
7492,g2pre,V1,4,Motordrive,0.32344963436419677
7493,g2pre,V1,4,Motordrive,-0.0037328124891826994
7494,g2pre,V1,4,Motordrive,0.07430918034050846
7495,g2pre,V1,4,Motordrive,0.3049887364551299
7496,g2pre,V1,4,Motordrive,0.2951984365251008
7497,g2pre,V1,4,Motordrive,0.19608616262055495
7498,g2pre,V1,4,Motordrive,0.23457625107569266
7499,g2pre,V1,4,Motordrive,0.013672858314289086
7500,g2pre,V1,4,Motordrive,0.11857450444804568
7501,g2pre,V1,4,Motordrive,-0.02055221561987512
7502,g2pre,V1,4,Motordrive,0.25843731166744893
7503,g2pre,V1,4,Motordrive,0.019459390291108627
7504,g2pre,V1,4,Motordrive,0.05659391757520871
7505,g2pre,V1,4,Motordrive,-0.015345163655112105
7506,g2pre,V1,4,Motordrive,0.13446718532556542
7507,g2pre,V1,4,Motordrive,0.25036164804641603
7508,g2pre,V1,4,Motordrive,0.09797859409055767
7509,g2pre,V1,4,Motordrive,-0.0027535824093712223
7510,g2pre,V1,4,Motordrive,-0.08385951560665207
7511,g2pre,V1,4,Motordrive,0.014857253139157702
7512,g2pre,V1,4,Motordrive,0.3572704183242393
7513,g2pre,V1,4,Motordrive,0.001126510495304293
7514,g2pre,V1,4,Motordrive,0.2997969296919989
7515,g2pre,V1,4,Motordrive,-0.20139022353992336
7516,g2pre,V1,4,Motordrive,0.3742382104426031
7517,g2pre,V1,4,Motordrive,0.4584859904584336
7518,g2pre,V1,4,Motordrive,0.017209825444172655
7519,g2pre,V1,4,Motordrive,0.06394037325430886
7520,g2pre,V1,4,Motordrive,-0.04360640326135267
7521,g2pre,V1,4,Motordrive,0.30121147671139653
7522,g2pre,V1,4,Motordrive,0.35627756219420076
7523,g2pre,V1,4,Motordrive,0.13823932565278693
7524,g2pre,V1,4,Motordrive,0.08098460157381915
7525,g2pre,V1,4,Motordrive,0.1488560822255759
7526,g2pre,V1,4,Motordrive,-0.08089871504769422
7527,g2pre,V1,4,Motordrive,0.2813734613918794
7528,g2pre,V1,4,Motordrive,0.02237273331080731
7529,g2pre,V1,4,Motordrive,0.017068716864642505
7530,g2pre,V1,4,Motordrive,0.05631138905980739
7531,g2pre,V1,4,Motordrive,0.06931762095815579
7532,g2pre,V1,4,Motordrive,0.3354886512065325
7533,g2pre,V1,4,Motordrive,0.36255844300866874
7534,g2pre,V1,4,Motordrive,0.4094999071181095
7535,g2pre,V1,4,Motordrive,0.2919822309146191
7536,g2pre,V1,4,Motordrive,0.08629889585807209
7537,g2pre,V1,4,Motordrive,-0.07768720963607191
7538,g2pre,V1,4,Motordrive,0.42448812263061564
7539,g2pre,V1,6,Motordrive,0.02873093499616516
7540,g2pre,V1,6,Motordrive,0.007819297978591615
7541,g2pre,V1,6,Motordrive,-0.012235731110303356
7542,g2pre,V1,6,Motordrive,0.07144467419287356
7543,g2pre,V1,6,Motordrive,0.05588652494913984
7544,g2pre,V1,6,Motordrive,0.08456242700919103
7545,g2pre,V1,6,Motordrive,0.026513835422091517
7546,g2pre,V1,6,Motordrive,0.06681424328368263
7547,g2pre,V1,6,Motordrive,0.010566947301146766
7548,g2pre,V1,6,Motordrive,-0.01796672030140471
7549,g2pre,V1,6,Motordrive,0.010810410223396167
7550,g2pre,V1,6,Motordrive,0.12013713852046161
7551,g2pre,V1,6,Motordrive,-0.005076850091085454
7552,g2pre,V1,6,Motordrive,0.0235378967624602
7553,g2pre,V1,6,Motordrive,0.05124663061772276
7554,g2pre,V1,6,Motordrive,0.03588691601727815
7555,g2pre,V1,6,Motordrive,-0.07230341510569588
7556,g2pre,V1,6,Motordrive,0.05879090329505943
7557,g2pre,V1,6,Motordrive,0.03133841343610039
7558,g2pre,V1,6,Motordrive,0.10888755470273724
7559,g2pre,V1,6,Motordrive,-0.006132315533838417
7560,g2pre,V1,6,Motordrive,0.026379505713025796
7561,g2pre,V1,6,Motordrive,0.1875770393560894
7562,g2pre,V1,6,Motordrive,0.13525438001820678
7563,g2pre,V1,6,Motordrive,0.028948162935531648
7564,g2pre,V1,6,Motordrive,0.016672973478080173
7565,g2pre,V1,6,Motordrive,0.13120665397381256
7566,g2pre,V1,6,Motordrive,0.10137260009748557
7567,g2pre,V1,6,Motordrive,-0.028788224406018623
7568,g2pre,V1,6,Motordrive,0.05640707808862911
7569,g2pre,V1,6,Motordrive,0.18619242290564578
7570,g2pre,V1,6,Motordrive,-0.030132519140759432
7571,g2pre,V1,6,Motordrive,0.1386081568840794
7572,g2pre,V1,6,Motordrive,0.16195295409154117
7573,g2pre,V1,6,Motordrive,0.025736437432443443
7574,g2pre,V1,6,Motordrive,0.04998178780562428
7575,g2pre,V1,6,Motordrive,0.16218299661961563
7576,g2pre,V1,6,Motordrive,0.1004072676493069
7577,g2pre,V1,6,Motordrive,-0.03147025003791038
7578,g2pre,V1,6,Motordrive,0.05742024774013702
7579,g2pre,V1,6,Motordrive,0.0005567069413042005
7580,g2pre,V1,6,Motordrive,0.025370288977997143
7581,g2pre,V1,6,Motordrive,0.036738208133151734
7582,g2pre,V1,6,Motordrive,0.05384937571544352
7583,g2pre,V1,6,Motordrive,0.06246470865920473
7584,g2pre,V1,6,Motordrive,0.09419979303603646
7585,g2pre,V1,6,Motordrive,-0.037614699176191126
7586,g2pre,V1,6,Motordrive,0.01243632817618406
7587,g2pre,V1,6,Motordrive,0.04150979829973445
7588,g2pre,V1,6,Motordrive,0.105773443722859
7589,g2pre,V1,6,Motordrive,0.04299390738775151
7590,g2pre,V1,6,Motordrive,0.10341862740709418
7591,g2pre,V1,6,Motordrive,-0.007820822361184806
7592,g2pre,V1,6,Motordrive,0.058614907051556794
7593,g2pre,V1,6,Motordrive,-0.034383929392888764
7594,g2pre,V1,6,Motordrive,0.06907061319396693
7595,g2pre,V1,6,Motordrive,-0.01226451494483025
7596,g2pre,V1,6,Motordrive,-0.01971019759234255
7597,g2pre,V1,6,Motordrive,-0.04621098726395419
7598,g2pre,V1,6,Motordrive,0.049844738694288786
7599,g2pre,V1,6,Motordrive,0.12373902363264225
7600,g2pre,V1,6,Motordrive,0.04695026533163477
7601,g2pre,V1,6,Motordrive,0.11101684547709952
7602,g2pre,V1,6,Motordrive,0.053608036821823406
7603,g2pre,V1,6,Motordrive,0.10465367801035676
7604,g2pre,V1,6,Motordrive,-0.01076791741310386
7605,g2pre,V1,6,Motordrive,0.020870201402624692
7606,g2pre,V1,6,Motordrive,0.016425262928148596
7607,g2pre,V1,6,Motordrive,0.10169162528074292
7608,g2pre,V1,6,Motordrive,0.051963626484711
7609,g2pre,V1,6,Motordrive,0.008927707912359334
7610,g2pre,V1,6,Motordrive,0.009022465707769304
7611,g2pre,V1,6,Motordrive,0.09234656107340844
7612,g2pre,V1,6,Motordrive,-0.10668890229593105
7613,g2pre,V1,6,Motordrive,0.0786202353998982
7614,g2pre,V1,6,Motordrive,0.006022326351300258
7615,g2pre,V1,6,Motordrive,-0.1220025047202148
7616,g2pre,V1,6,Motordrive,-0.1519229367850589
7617,g2pre,V1,6,Motordrive,0.05261156608760982
7618,g2pre,V1,6,Motordrive,0.0722545660555726
7619,g2pre,V1,6,Motordrive,0.04466939489466824
7620,g2pre,V1,6,Motordrive,0.027989001091193504
7621,g2pre,V1,6,Motordrive,0.10034800555340326
7622,g2pre,V1,6,Motordrive,0.033288469763035046
7623,g2pre,V1,6,Motordrive,0.07038000299734747
7624,g2pre,V1,6,Motordrive,0.10868922148278808
7625,g2pre,V1,6,Motordrive,-0.07296714783362393
7626,g2pre,V1,6,Motordrive,0.03614345194520444
7627,g2pre,V1,6,Motordrive,0.045417652196610085
7628,g2pre,V1,6,Motordrive,0.02578272234847969
7629,g2pre,V1,6,Motordrive,0.05996297373483455
7630,g2pre,V1,6,Motordrive,0.052851260221578
7631,g2pre,V1,6,Motordrive,0.10770118083248136
7632,g2pre,V1,6,Motordrive,-0.013476737973026088
7633,g2pre,V1,6,Motordrive,0.09109829250937812
7634,g2pre,V1,6,Motordrive,0.11894066269971994
7635,g2pre,V1,6,Motordrive,0.0949028144373825
7636,g2pre,V1,6,Motordrive,0.012254189630425471
7637,g2pre,V1,6,Motordrive,-0.04356485699195374
7638,g2pre,V1,6,Motordrive,0.09112131470905854
7639,g2pre,V1,6,Motordrive,0.08333212579787205
7640,g2pre,V1,6,Motordrive,-0.06290640075288297
7641,g2pre,V1,6,Motordrive,0.012962557185712048
7642,g2pre,V1,6,Motordrive,0.15202016952608496
7643,g2pre,V1,6,Motordrive,-0.016635812120528084
7644,g2pre,V1,6,Motordrive,0.0979730217910477
7645,g2pre,V1,6,Motordrive,0.02775906804964255
7646,g2pre,V1,6,Motordrive,0.014081407898284803
7647,g2pre,V1,6,Motordrive,0.048756435320218824
7648,g2pre,V1,6,Motordrive,-0.04982341021075832
7649,g2pre,V1,6,Motordrive,0.057751284032411074
7650,g2pre,V1,6,Motordrive,0.009510017635636742
7651,g2pre,V1,6,Motordrive,0.028357914010778827
7652,g2pre,V1,6,Motordrive,0.07826701862475463
7653,g2pre,V1,6,Motordrive,-0.02245582775877536
7654,g2pre,V1,6,Motordrive,0.04617259035482722
7655,g2pre,V1,6,Motordrive,-0.036945109727056565
7656,g2pre,V1,6,Motordrive,-0.02266403175812824
7657,g2pre,V1,6,Motordrive,0.025383799875755307
7658,g2pre,V1,6,Motordrive,-0.0031084343097167407
7659,g2pre,V1,6,Motordrive,-0.0023301742654001146
7660,g2pre,V1,6,Motordrive,-0.013063217807312191
7661,g2pre,V1,6,Motordrive,0.11517567909243995
7662,g2pre,V1,6,Motordrive,0.020381655975588643
7663,g2pre,V1,6,Motordrive,-0.01158320468312585
7664,g2pre,V1,6,Motordrive,0.0722398234929566
7665,g2pre,V1,6,Motordrive,0.11316282991316749
7666,g2pre,V1,6,Motordrive,0.0439168258166965
7667,g2pre,V1,6,Motordrive,-0.024963244030773473
7668,g2pre,V1,6,Motordrive,5.600019668506443e-05
7669,g2pre,V1,6,Motordrive,0.013378664246126874
7670,g2pre,V1,6,Motordrive,0.008370192622429778
7671,g2pre,V1,6,Motordrive,-0.13814745363848122
7672,g2pre,V1,6,Motordrive,-0.03824270200165669
7673,g2pre,V1,6,Motordrive,0.016897061706800658
7674,g2pre,V1,6,Motordrive,-0.03554781787103063
7675,g2pre,V1,6,Motordrive,0.012912271934608498
7676,g2pre,V1,6,Motordrive,-0.035613470070829864
7677,g2pre,V1,6,Motordrive,0.015901784462769523
7678,g2pre,V1,6,Motordrive,0.11046526660462216
7679,g2pre,V1,6,Motordrive,-0.017785030890643927
7680,g2pre,V1,6,Motordrive,-0.006096919855490028
7681,g2pre,V1,6,Motordrive,0.0650905204541404
7682,g2pre,V1,6,Motordrive,0.02940451504331685
7683,g2pre,V1,6,Motordrive,0.09790043765717171
7684,g2pre,V1,6,Motordrive,0.053277455716598636
7685,g2pre,V1,6,Motordrive,0.12448133215785641
7686,g2pre,V1,6,Motordrive,0.09158446360393052
7687,g2pre,V1,6,Motordrive,0.14330536316002743
7688,g2pre,V1,6,Motordrive,-0.01919345042333615
7689,g2pre,V1,6,Motordrive,0.021826527814923172
7690,g2pre,V1,6,Motordrive,0.046583250322225656
7691,g2pre,V1,6,Motordrive,0.0035581691630968133
7692,g2pre,V1,6,Motordrive,0.04870982771151042
7693,g2pre,V1,6,Motordrive,0.038150338563751045
7694,g2pre,V1,6,Motordrive,0.041406040723976155
7695,g2pre,V1,6,Motordrive,0.11955356146472776
7696,g2pre,V1,6,Motordrive,0.10488803232632844
7697,g2pre,V1,6,Motordrive,0.03035746197464661
7698,g2pre,V1,6,Motordrive,0.08015795097413932
7699,g2pre,V1,6,Motordrive,0.021456902472508987
7700,g2pre,V1,6,Motordrive,0.029404945637953775
7701,g2pre,V1,6,Motordrive,0.16172133822770782
7702,g2pre,V1,6,Motordrive,0.031937175518360277
7703,g2pre,V1,6,Motordrive,-0.03481055885789119
7704,g2pre,V1,6,Motordrive,0.0932842948295922
7705,g2pre,V1,6,Motordrive,0.039040573710033485
7706,g2pre,V1,6,Motordrive,0.18088108186234228
7707,g2pre,V1,6,Motordrive,-0.01020150653307544
7708,g2pre,V1,6,Motordrive,-0.021960772497436422
7709,g2pre,V1,6,Motordrive,0.06094356783534861
7710,g2pre,V1,6,Motordrive,0.022953970102047114
7711,g2pre,V1,6,Motordrive,0.07263429075861359
7712,g2pre,V1,6,Motordrive,0.02878222057722303
7713,g2pre,V1,6,Motordrive,0.106598664004221
7714,g2pre,V1,6,Motordrive,0.15549716005017192
7715,g2pre,V1,6,Motordrive,-0.00671979349484977
7716,g2pre,V1,6,Motordrive,0.07216324979650654
7717,g2pre,V1,6,Motordrive,-0.062322153756520435
7718,g2pre,V1,6,Motordrive,0.08350694662495015
7719,g2pre,V1,6,Motordrive,-0.0002297541830974123
7720,g2pre,V1,6,Motordrive,0.05752833756755845
7721,g2pre,V1,6,Motordrive,0.01606465767269099
7722,g2pre,V1,6,Motordrive,0.06449366733057779
7723,g2pre,V1,6,Motordrive,0.02040994002047872
7724,g2pre,V1,6,Motordrive,0.03397111589066347
7725,g2pre,V1,6,Motordrive,0.04069130356520882
7726,g2pre,V1,6,Motordrive,0.04850824903623818
7727,g2pre,V1,6,Motordrive,-0.0015276874776348802
7728,g2pre,V1,6,Motordrive,0.020350971221984083
7729,g2pre,V1,6,Motordrive,0.04887857181373134
7730,g2pre,V1,6,Motordrive,0.034419226254949836
7731,g2pre,V1,6,Motordrive,-0.016282401652739836
7732,g2pre,V1,6,Motordrive,0.05001044014160137
7733,g2pre,V1,6,Motordrive,-0.03139671537979508
7734,g2pre,V1,6,Motordrive,0.17554877187052384
7735,g2pre,V1,6,Motordrive,0.15325256926771974
7736,g2pre,V1,6,Motordrive,0.09833847167557717
7737,g2pre,V1,6,Motordrive,-0.03321568868937438
7738,g2pre,V1,6,Motordrive,0.20286841643272097
7739,g2pre,V1,6,Motordrive,0.08524456937212972
7740,g2pre,V1,6,Motordrive,0.016615914233509943
7741,g2pre,V1,6,Motordrive,0.08174890020176771
7742,g2pre,V1,6,Motordrive,0.08458814136441135
7743,g2pre,V1,6,Motordrive,-0.031091482662734617
7744,g2pre,V1,6,Motordrive,0.06568765443000424
7745,g2pre,V1,6,Motordrive,0.11397089244922168
7746,g2pre,V1,6,Motordrive,0.007873288621944493
7747,g2pre,V1,6,Motordrive,-0.0034886832047439334
7748,g2pre,V1,6,Motordrive,0.14100426694704135
7749,g2pre,V1,6,Motordrive,0.1188639369769156
7750,g2pre,V1,6,Motordrive,0.17936047119015897
7751,g2pre,V1,6,Motordrive,0.15209836561730963
7752,g2pre,V1,6,Motordrive,0.09252222475181507
7753,g2pre,V1,6,Motordrive,0.08189287000376344
7754,g2pre,V1,6,Motordrive,0.14118738825148347
7755,g2pre,V1,6,Motordrive,0.18538855191289833
7756,g2pre,V1,6,Motordrive,0.004987247527224099
7757,g2pre,V1,6,Motordrive,0.05002523642176541
7758,g2pre,V1,6,Motordrive,0.024912306076246594
7759,g2pre,V1,6,Motordrive,0.07715299212825312
7760,g2pre,V1,6,Motordrive,0.06421189384648918
7761,g2pre,V1,6,Motordrive,0.13581454346720068
7762,g2pre,V1,6,Motordrive,0.09361463926639833
7763,g2pre,V1,6,Motordrive,-0.03059071759099999
7764,g2pre,V1,6,Motordrive,-0.008360984478603338
7765,g2pre,V1,6,Motordrive,-0.054896314460269394
7766,g2pre,V1,6,Motordrive,0.06205730753623761
7767,g2pre,V1,6,Motordrive,-0.04878724602058625
7768,g2pre,V1,6,Motordrive,-0.03632947152393103
7769,g2pre,V1,6,Motordrive,0.0098659432249248
7770,g2pre,V1,6,Motordrive,-0.00023721000966023693
7771,g2pre,V1,6,Motordrive,-0.006021120785973296
7772,g2pre,V1,6,Motordrive,0.06954402181779133
7773,g2pre,V1,6,Motordrive,0.04323600312626551
7774,g2pre,V1,6,Motordrive,-0.0035824940809923277
7775,g2pre,V1,6,Motordrive,0.06874157191162077
7776,g2pre,V1,6,Motordrive,0.06207178070474907
7777,g2pre,V1,6,Motordrive,-0.02521757868877194
7778,g2pre,V1,6,Motordrive,0.027797369682611085
7779,g2pre,V1,6,Motordrive,0.11047921011884003
7780,g2pre,V1,6,Motordrive,0.0520189302706231
7781,g2pre,V1,6,Motordrive,-0.048611567653552255
7782,g2pre,V1,6,Motordrive,0.05726767145684917
7783,g2pre,V1,6,Motordrive,0.08567983354930803
7784,g2pre,V1,6,Motordrive,0.09908784692964011
7785,g2pre,V1,6,Motordrive,-0.018187279585596582
7786,g2pre,V1,6,Motordrive,-0.0518697670884298
7787,g2pre,V1,6,Motordrive,0.18790374373844393
7788,g2pre,V1,6,Motordrive,0.1923105556247165
7789,g2pre,V1,6,Motordrive,0.020149212843166998
7790,g2pre,V1,6,Motordrive,0.03693507014276526
7791,g2pre,V1,6,Motordrive,0.10193320444639377
7792,g2pre,V1,6,Motordrive,-0.04691735968772482
7793,g2pre,V1,6,Motordrive,0.037865809001524725
7794,g2pre,V1,6,Motordrive,-0.03140968891499086
7795,g2pre,V1,6,Motordrive,-0.01836788043274418
7796,g2pre,V1,6,Motordrive,0.02770322855631793
7797,g2pre,V1,6,Motordrive,-0.01138806107867669
7798,g2pre,V1,6,Motordrive,0.060539704458998284
7799,g2pre,V1,6,Motordrive,-0.04490300449665691
7800,g2pre,V1,6,Motordrive,0.07214966997321408
7801,g2pre,V1,6,Motordrive,0.029332148326459966
7802,g2pre,V1,6,Motordrive,0.0545350866326196
7803,g2pre,V1,6,Motordrive,0.009458055386380972
7804,g2pre,V1,6,Motordrive,0.17480804424958543
7805,g2pre,V1,6,Motordrive,0.1482514468704739
7806,g2pre,V1,6,Motordrive,0.08615209623822652
7807,g2pre,V1,6,Motordrive,-0.026964074477804825
7808,g2pre,V1,6,Motordrive,0.05677915632061165
7809,g2pre,V1,6,Motordrive,0.13914073947080852
7810,g2pre,V1,6,Motordrive,-0.03250193686622245
7811,g2pre,V1,7,Motordrive,-0.04910863056039482
7812,g2pre,V1,7,Motordrive,0.052057818282935535
7813,g2pre,V1,7,Motordrive,0.02486003243784961
7814,g2pre,V1,7,Motordrive,0.07643138657544359
7815,g2pre,V1,7,Motordrive,0.07208125461329502
7816,g2pre,V1,7,Motordrive,0.016778379529182166
7817,g2pre,V1,7,Motordrive,0.01209809144906777
7818,g2pre,V1,7,Motordrive,-0.013565231708738882
7819,g2pre,V1,7,Motordrive,-0.052007518827491966
7820,g2pre,V1,7,Motordrive,0.009649598624803442
7821,g2pre,V1,7,Motordrive,0.016457101090519836
7822,g2pre,V1,7,Motordrive,0.03048435630957537
7823,g2pre,V1,7,Motordrive,0.07850377168159928
7824,g2pre,V1,7,Motordrive,-0.018638514233934755
7825,g2pre,V1,7,Motordrive,0.017814060394948216
7826,g2pre,V1,7,Motordrive,-0.0024950700414955855
7827,g2pre,V1,7,Motordrive,0.08227833038967347
7828,g2pre,V1,7,Motordrive,0.026998852393288603
7829,g2pre,V1,7,Motordrive,-0.013068233876762278
7830,g2pre,V1,7,Motordrive,0.013837954507446678
7831,g2pre,V1,7,Motordrive,0.03554856494583293
7832,g2pre,V1,7,Motordrive,0.1014604739568262
7833,g2pre,V1,7,Motordrive,0.10099439789716959
7834,g2pre,V1,7,Motordrive,-0.02842043973733528
7835,g2pre,V1,7,Motordrive,0.06773483767409501
7836,g2pre,V1,7,Motordrive,0.1199266402180031
7837,g2pre,V1,7,Motordrive,0.06390333480429604
7838,g2pre,V1,7,Motordrive,0.007553439385400002
7839,g2pre,V1,7,Motordrive,0.05027578791504803
7840,g2pre,V1,7,Motordrive,0.022564218584811002
7841,g2pre,V1,7,Motordrive,0.09843430236397586
7842,g2pre,V1,7,Motordrive,0.04788567990081825
7843,g2pre,V1,7,Motordrive,0.0618843188661844
7844,g2pre,V1,7,Motordrive,0.05627584979722534
7845,g2pre,V1,7,Motordrive,0.16727168491474287
7846,g2pre,V1,7,Motordrive,0.035772941118791673
7847,g2pre,V1,7,Motordrive,0.011778960009891848
7848,g2pre,V1,7,Motordrive,0.04803840286942351
7849,g2pre,V1,7,Motordrive,0.007751837031733334
7850,g2pre,V1,7,Motordrive,0.0513106920962225
7851,g2pre,V1,7,Motordrive,0.012792094221780825
7852,g2pre,V1,7,Motordrive,0.025903380111344364
7853,g2pre,V1,7,Motordrive,0.016991477469142275
7854,g2pre,V1,7,Motordrive,-0.05323437511587363
7855,g2pre,V1,7,Motordrive,0.10940301278728426
7856,g2pre,V1,7,Motordrive,0.16688262659940054
7857,g2pre,V1,7,Motordrive,0.038785560250524674
7858,g2pre,V1,7,Motordrive,-0.07237221376021585
7859,g2pre,V1,7,Motordrive,0.07756096839286351
7860,g2pre,V1,7,Motordrive,-0.0060304003023353625
7861,g2pre,V1,7,Motordrive,0.02595852149049997
7862,g2pre,V1,7,Motordrive,0.07699429778476043
7863,g2pre,V1,7,Motordrive,-0.052733025993559925
7864,g2pre,V1,7,Motordrive,0.08795197039678802
7865,g2pre,V1,7,Motordrive,0.11330497959081257
7866,g2pre,V1,7,Motordrive,0.03156655723689284
7867,g2pre,V1,7,Motordrive,0.03336857909449891
7868,g2pre,V1,7,Motordrive,0.05392658655946497
7869,g2pre,V1,7,Motordrive,0.004863027767940365
7870,g2pre,V1,7,Motordrive,0.01754868408573611
7871,g2pre,V1,7,Motordrive,0.10686612540286229
7872,g2pre,V1,7,Motordrive,-0.04449185529351028
7873,g2pre,V1,7,Motordrive,0.13528192485144538
7874,g2pre,V1,7,Motordrive,-0.02510166817940789
7875,g2pre,V1,7,Motordrive,-0.015168122691987324
7876,g2pre,V1,7,Motordrive,-0.061515894475400214
7877,g2pre,V1,7,Motordrive,0.14795911999982297
7878,g2pre,V1,7,Motordrive,0.05932818345772218
7879,g2pre,V1,7,Motordrive,-0.007638787298399231
7880,g2pre,V1,7,Motordrive,-0.011302968607761197
7881,g2pre,V1,7,Motordrive,0.06560337092309164
7882,g2pre,V1,7,Motordrive,-0.04242424629722514
7883,g2pre,V1,7,Motordrive,0.04423140135034068
7884,g2pre,V1,7,Motordrive,0.030814669255685365
7885,g2pre,V1,7,Motordrive,0.030090874051618272
7886,g2pre,V1,7,Motordrive,-0.03682289157593684
7887,g2pre,V1,7,Motordrive,0.03695608428099547
7888,g2pre,V1,7,Motordrive,-0.04305384283433638
7889,g2pre,V1,7,Motordrive,0.1248232828326953
7890,g2pre,V1,9,Motordrive,0.10769562613177427
7891,g2pre,V1,9,Motordrive,0.04791014403383794
7892,g2pre,V1,9,Motordrive,0.021715883732189592
7893,g2pre,V1,9,Motordrive,0.1875190800194266
7894,g2pre,V1,9,Motordrive,0.11867852807719304
7895,g2pre,V1,9,Motordrive,0.04500303514145756
7896,g2pre,V1,9,Motordrive,0.009289769445197932
7897,g2pre,V1,9,Motordrive,0.05545462246417088
7898,g2pre,V1,10,Motordrive,0.019613310075112855
7899,g2pre,V1,10,Motordrive,0.05430258229932054
7900,g2pre,V1,10,Motordrive,-0.010092224305252792
7901,g2pre,V1,10,Motordrive,0.05009460529876859
7902,g2pre,V1,10,Motordrive,0.009181296776518555
7903,g2pre,V1,10,Motordrive,0.02499489341190639
7904,g2pre,V1,10,Motordrive,0.05672400137747188
7905,g2pre,V1,10,Motordrive,0.03886814400671437
7906,g2pre,V1,10,Motordrive,-0.011521965820864667
7907,g2pre,V1,10,Motordrive,-0.03498736178600685
7908,g2pre,V1,10,Motordrive,0.011261106721956541
7909,g2pre,V1,10,Motordrive,0.009222968910618475
7910,g2pre,V1,10,Motordrive,-0.023745621399687163
7911,g2pre,V1,10,Motordrive,0.020269441019860616
7912,g2pre,V1,10,Motordrive,-0.006322851877820396
7913,g2pre,V1,10,Motordrive,0.010529044616394478
7914,g2pre,V1,10,Motordrive,0.018281886042711436
7915,g2pre,V1,10,Motordrive,-0.020284898830702818
7916,g2pre,V1,10,Motordrive,0.019207869311455048
7917,g2pre,V1,10,Motordrive,0.011223554385027925
7918,g2pre,V1,10,Motordrive,0.042162798037571655
7919,g2pre,V1,10,Motordrive,0.018643690860206955
7920,g2pre,V1,10,Motordrive,0.04064163451227232
7921,g2pre,V1,10,Motordrive,0.06400129573402202
7922,g2pre,V1,10,Motordrive,0.05481693593518404
7923,g2pre,V1,10,Motordrive,0.056194437934601764
7924,g2pre,V1,10,Motordrive,-0.003385492160981284
7925,g2pre,V1,10,Motordrive,-0.004735291618454311
7926,g2pre,V1,10,Motordrive,0.010465655987765254
7927,g2pre,V1,10,Motordrive,0.003714866642928624
7928,g2pre,V1,10,Motordrive,0.006026293498075848
7929,g2pre,V1,10,Motordrive,-0.01854669397350918
7930,g2pre,V1,10,Motordrive,0.042229486171351666
7931,g2pre,V1,10,Motordrive,0.033000168636368045
7932,g2pre,V1,10,Motordrive,-0.008912169820880528
7933,g2pre,V1,10,Motordrive,0.04099018910299028
7934,g2pre,V1,10,Motordrive,0.07345927081507779
7935,g2pre,V1,10,Motordrive,0.07022464848113495
7936,g2pre,V1,10,Motordrive,0.019354730055865986
7937,g2pre,V1,10,Motordrive,0.007144482183828644
7938,g2pre,V1,10,Motordrive,-0.013557582528862173
7939,g2pre,V1,10,Motordrive,0.009666133620203805
7940,g2pre,V1,10,Motordrive,-0.05902868878947819
7941,g2pre,V1,10,Motordrive,-0.010683575439198902
7942,g2pre,V1,10,Motordrive,-0.020034261877900597
7943,g2pre,V1,10,Motordrive,0.04681956607988176
7944,g2pre,V1,10,Motordrive,0.06667289037005202
7945,g2pre,V1,10,Motordrive,-0.023032775749754035
7946,g2pre,V1,10,Motordrive,-0.017011873008408354
7947,g2pre,V1,10,Motordrive,0.03485882667591662
7948,g2pre,V1,10,Motordrive,0.07543724733433546
7949,g2pre,V1,10,Motordrive,0.06734927306323092
7950,g2pre,V1,10,Motordrive,-0.011752441599969318
7951,g2pre,V1,10,Motordrive,0.015220150056683248
7952,g2pre,V1,10,Motordrive,0.03531251302885691
7953,g2pre,V1,10,Motordrive,0.015670951832781378
7954,g2pre,V1,10,Motordrive,-0.00703426046388886
7955,g2pre,V1,10,Motordrive,0.06689776997132853
7956,g2pre,V1,10,Motordrive,0.011670662784871038
7957,g2pre,V1,10,Motordrive,0.003917153607357635
7958,g2pre,V1,10,Motordrive,-0.03231407499043503
7959,g2pre,V1,10,Motordrive,-0.008467176076585687
7960,g2pre,V1,10,Motordrive,0.02541332391240125
7961,g2pre,V1,10,Motordrive,0.013604007422406935
7962,g2pre,V1,10,Motordrive,-0.005107526941409531
7963,g2pre,V1,10,Motordrive,-0.021934307072133744
7964,g2pre,V1,10,Motordrive,-0.013465539483980691
7965,g2pre,V1,10,Motordrive,0.051251722012074806
7966,g2pre,V1,10,Motordrive,-0.038314567613973845
7967,g2pre,V1,10,Motordrive,0.02321418664741082
7968,g2pre,V1,10,Motordrive,0.025998726415699173
7969,g2pre,V1,10,Motordrive,0.051328813431523436
7970,g2pre,V1,10,Motordrive,-0.0039716633529660395
7971,g2pre,V1,10,Motordrive,-0.012927850187415555
7972,g2pre,V1,10,Motordrive,-0.011375023181044481
7973,g2pre,V1,10,Motordrive,0.035296582524603284
7974,g2pre,V1,10,Motordrive,0.004536373050569318
7975,g2pre,V1,10,Motordrive,0.01673469718894158
7976,g2pre,V1,10,Motordrive,0.035251606910005076
7977,g2pre,V1,10,Motordrive,0.030493235609904832
7978,g2pre,V1,10,Motordrive,0.03584946680096275
7979,g2pre,V1,10,Motordrive,-0.021233262432854567
7980,g2pre,V1,10,Motordrive,0.06139946926017481
7981,g2pre,V1,10,Motordrive,-0.02681719509786015
7982,g2pre,V1,10,Motordrive,0.03140361636778835
7983,g2pre,V1,10,Motordrive,0.010785361410471341
7984,g2pre,V1,10,Motordrive,0.048812562640694585
7985,g2pre,V1,10,Motordrive,0.031531684435133836
7986,g2pre,V1,10,Motordrive,0.04860707666774013
7987,g2pre,V1,10,Motordrive,0.013192540048639767
7988,g2pre,V1,10,Motordrive,0.03639613503219488
7989,g2pre,V1,10,Motordrive,-0.0058363812180255645
7990,g2pre,V1,10,Motordrive,0.04816131365288504
7991,g2pre,V1,10,Motordrive,0.005148363389513438
7992,g2pre,V1,10,Motordrive,0.025136239506097894
7993,g2pre,V1,10,Motordrive,0.003061610269881465
7994,g2pre,V1,10,Motordrive,0.0323561135173766
7995,g2pre,V1,10,Motordrive,0.012344284342038396
7996,g2pre,V1,10,Motordrive,0.012725969645051472
7997,g2pre,V1,10,Motordrive,-0.06660254565063002
7998,g2pre,V1,10,Motordrive,0.008280169535079245
7999,g2pre,V1,10,Motordrive,0.023095537160686526
8000,g2pre,V1,10,Motordrive,0.06217892659312523
8001,g2pre,V1,10,Motordrive,0.025729692325158825
8002,g2pre,V1,10,Motordrive,0.008000995989875297
8003,g2pre,V1,10,Motordrive,-0.012498898475914483
8004,g2pre,V1,10,Motordrive,-0.0027314740262982503
8005,g2pre,V1,10,Motordrive,-0.03260145752862008
8006,g2pre,V1,10,Motordrive,-0.0032780377182101915
8007,g2pre,V1,10,Motordrive,0.05476541624656079
8008,g2pre,V1,10,Motordrive,0.02177110696474546
8009,g2pre,V1,10,Motordrive,0.006183755965607808
8010,g2pre,V1,10,Motordrive,0.035485418042465106
8011,g2pre,V1,10,Motordrive,-0.022340742473924754
8012,g2pre,V1,10,Motordrive,0.00013833929195177164
8013,g2pre,V1,10,Motordrive,0.011173230724564566
8014,g2pre,V1,10,Motordrive,0.04432068703901825
8015,g2pre,V1,10,Motordrive,0.03535924062726732
8016,g2pre,V1,10,Motordrive,0.04563402086949681
8017,g2pre,V1,10,Motordrive,-0.007809864983151607
8018,g2pre,V1,10,Motordrive,-0.011708148474230066
8019,g2pre,V1,10,Motordrive,-0.000867013440267666
8020,g2pre,V1,10,Motordrive,-0.009808102642946192
8021,g2pre,V1,10,Motordrive,0.01055812410609614
8022,g2pre,V1,10,Motordrive,0.015029962735167612
8023,g2pre,V1,10,Motordrive,-0.012169809846117603
8024,g2pre,V1,10,Motordrive,0.02928680749612534
8025,g2pre,V1,10,Motordrive,0.019080016528793584
8026,g2pre,V1,10,Motordrive,-0.025572743457373998
8027,g2pre,V1,10,Motordrive,0.013496634070986308
8028,g2pre,V1,10,Motordrive,0.05526105539449013
8029,g2pre,V1,10,Motordrive,0.018076517301017715
8030,g2pre,V1,10,Motordrive,0.0028887864606715677
8031,g2pre,V1,10,Motordrive,0.04641666589835701
8032,g2pre,V1,10,Motordrive,0.05086745417756471
8033,g2pre,V1,10,Motordrive,0.03909480646375679
8034,g2pre,V1,10,Motordrive,0.020998556986107895
8035,g2pre,V1,10,Motordrive,0.013190864869456006
8036,g2pre,V1,10,Motordrive,0.006528016569522477
8037,g2pre,V1,10,Motordrive,0.044393257414535106
8038,g2pre,V1,10,Motordrive,0.01030196834147877
8039,g2pre,V1,10,Motordrive,0.010429439846282003
8040,g2pre,V1,10,Motordrive,-0.01736058545018668
8041,g2pre,V1,10,Motordrive,-0.002116382071759654
8042,g2pre,V1,10,Motordrive,0.019786655511033684
8043,g2pre,V1,10,Motordrive,0.013990804492117648
8044,g2pre,V1,10,Motordrive,0.05143427218688809
8045,g2pre,V1,10,Motordrive,0.02464982587684074
8046,g2pre,V1,10,Motordrive,0.018501102846099026
8047,g2pre,V1,10,Motordrive,0.033074525566149565
8048,g2pre,V1,10,Motordrive,0.03164893001978528
8049,g2pre,V1,10,Motordrive,-0.011222446445137048
8050,g2pre,V1,10,Motordrive,0.02410291821595363
8051,g2pre,V1,11,Motordrive,0.02152676374906104
8052,g2pre,V1,11,Motordrive,-0.10744925965771632
8053,g2pre,V1,11,Motordrive,0.11578680707415552
8054,g2pre,V1,11,Motordrive,0.104623206224466
8055,g2pre,V1,11,Motordrive,0.12027643885838987
8056,g2pre,V1,11,Motordrive,0.077177039837821
8057,g2pre,V1,11,Motordrive,0.07399780499591473
8058,g2pre,V1,11,Motordrive,0.12430408488670189
8059,g2pre,V1,11,Motordrive,0.12422820410712647
8060,g2pre,V1,11,Motordrive,0.06315161621094915
8061,g2pre,V1,11,Motordrive,0.12118757151724703
8062,g2pre,V1,11,Motordrive,-0.03959973296601951
8063,g2pre,V1,11,Motordrive,0.11640020775080916
8064,g2pre,V1,11,Motordrive,0.10690016524384599
8065,g2pre,V1,11,Motordrive,0.1679104775476354
8066,g2pre,V1,11,Motordrive,0.3175662664143613
8067,g2pre,V1,11,Motordrive,0.1929326021331069
8068,g2pre,V1,11,Motordrive,0.17830906945743535
8069,g2pre,V1,11,Motordrive,0.2027234545453635
8070,g2pre,V1,11,Motordrive,0.034990565866258004
8071,g2pre,V1,11,Motordrive,0.1084560116855552
8072,g2pre,V1,11,Motordrive,0.09047906591226311
8073,g2pre,V1,11,Motordrive,0.10476494486957685
8074,g2pre,V1,11,Motordrive,0.03939203901707008
8075,g2pre,V1,11,Motordrive,0.03965171061246309
8076,g2pre,V1,11,Motordrive,0.16756135800089303
8077,g2pre,V1,11,Motordrive,0.1143101445028899
8078,g2pre,V1,11,Motordrive,0.10826069835476802
8079,g2pre,V1,11,Motordrive,0.07596092246365431
8080,g2pre,V1,11,Motordrive,0.08055696345466996
8081,g2pre,V1,11,Motordrive,0.0917163946249712
8082,g2pre,V1,11,Motordrive,0.20762684710837967
8083,g2pre,V1,11,Motordrive,0.05837894747309835
8084,g2pre,V1,11,Motordrive,0.10865127657454904
8085,g2pre,V1,11,Motordrive,0.08243419267055503
8086,g2pre,V1,11,Motordrive,-0.02765048756345515
8087,g2pre,V1,11,Motordrive,0.025294358360044924
8088,g2pre,V1,11,Motordrive,-0.0479846117192344
8089,g2pre,V1,11,Motordrive,0.09744241122422811
8090,g2pre,V1,11,Motordrive,0.049466022876326
8091,g2pre,V1,11,Motordrive,-0.05150728003680843
8092,g2pre,V1,11,Motordrive,0.29288899981186584
8093,g2pre,V1,11,Motordrive,-0.011761945108475157
8094,g2pre,V1,11,Motordrive,0.1454998064217887
8095,g2pre,V1,11,Motordrive,0.16788017521861331
8096,g2pre,V1,11,Motordrive,-0.03660265868476384
8097,g2pre,V1,11,Motordrive,0.11812191620572558
8098,g2pre,V1,11,Motordrive,0.19770632285600345
8099,g2pre,V1,11,Motordrive,0.07107100905797102
8100,g2pre,V1,11,Motordrive,-0.03798755007415908
8101,g2pre,V1,11,Motordrive,-0.09022569917642247
8102,g2pre,V1,11,Motordrive,0.17909727353323174
8103,g2pre,V1,11,Motordrive,-0.09783247008407434
8104,g2pre,V1,11,Motordrive,0.17775688241555926
8105,g2pre,V1,11,Motordrive,-0.02179500155336183
8106,g2pre,V1,11,Motordrive,-0.025361709934602884
8107,g2pre,V1,11,Motordrive,-0.03578763555454394
8108,g2pre,V1,11,Motordrive,0.02293973829050587
8109,g2pre,V1,11,Motordrive,0.24643544480374097
8110,g2pre,V1,11,Motordrive,-0.0058186226515884246
8111,g2pre,V1,11,Motordrive,0.04826982588798395
8112,g2pre,V1,11,Motordrive,0.13909502198205112
8113,g2pre,V1,11,Motordrive,0.04143826271381091
8114,g2pre,V1,11,Motordrive,0.2561111823965664
8115,g2pre,V1,11,Motordrive,0.09980777013002065
8116,g2pre,V1,11,Motordrive,0.18488610724408008
8117,g2pre,V1,11,Motordrive,0.04027176991679738
8118,g2pre,V1,11,Motordrive,0.18771744121480183
8119,g2pre,V1,11,Motordrive,0.1265664330143975
8120,g2pre,V1,11,Motordrive,0.0918673428982549
8121,g2pre,V1,11,Motordrive,-0.021615378875653284
8122,g2pre,V1,11,Motordrive,0.060871456766002426
8123,g2pre,V1,11,Motordrive,-0.08602830251075295
8124,g2pre,V1,11,Motordrive,0.06377389962861003
8125,g2pre,V1,11,Motordrive,0.0022587999060511774
8126,g2pre,V1,11,Motordrive,-0.01684510338428053
8127,g2pre,V1,11,Motordrive,0.09582982754948273
8128,g2pre,V1,11,Motordrive,0.2087154329259263
8129,g2pre,V1,11,Motordrive,-0.004180308020059855
8130,g2pre,V1,11,Motordrive,0.13473210405522848
8131,g2pre,V1,11,Motordrive,0.04908243133650138
8132,g2pre,V1,11,Motordrive,0.18314888717426692
8133,g2pre,V1,11,Motordrive,0.06479389835052152
8134,g2pre,V1,11,Motordrive,0.12221424289801928
8135,g2pre,V1,11,Motordrive,0.062104586308572185
8136,g2pre,V1,11,Motordrive,0.24066646040166056
8137,g2pre,V1,11,Motordrive,0.023777431491344116
8138,g2pre,V1,11,Motordrive,0.13889204542474012
8139,g2pre,V1,11,Motordrive,0.0214556827927727
8140,g2pre,V1,11,Motordrive,0.09101241588288554
8141,g2pre,V1,11,Motordrive,0.112050441903246
8142,g2pre,V1,11,Motordrive,0.02852458138959654
8143,g2pre,V1,11,Motordrive,0.11250246739738032
8144,g2pre,V1,11,Motordrive,0.0036168883741738117
8145,g2pre,V1,11,Motordrive,0.2604557177019599
8146,g2pre,V1,11,Motordrive,0.25413369602990526
8147,g2pre,V1,11,Motordrive,-0.044726413108127736
8148,g2pre,V1,11,Motordrive,0.15877834389538587
8149,g2pre,V1,11,Motordrive,0.19364709354600096
8150,g2pre,V1,11,Motordrive,0.2164682476837402
8151,g2pre,V1,11,Motordrive,0.3039903321603073
8152,g2pre,V1,11,Motordrive,0.16692635024015545
8153,g2pre,V1,11,Motordrive,0.16210744764380572
8154,g2pre,V1,11,Motordrive,0.3027090535097337
8155,g2pre,V1,11,Motordrive,0.07339405529024226
8156,g2pre,V1,11,Motordrive,0.12219586680246637
8157,g2pre,V1,11,Motordrive,0.0861146707190138
8158,g2pre,V1,11,Motordrive,0.17701897022001814
8159,g2pre,V1,11,Motordrive,-0.0007691329847645077
8160,g2pre,V1,11,Motordrive,0.14105102110004294
8161,g2pre,V1,11,Motordrive,0.38818495680032145
8162,g2pre,V1,11,Motordrive,0.06434043000934205
8163,g2pre,V1,11,Motordrive,0.1482461770579922
8164,g2pre,V1,11,Motordrive,0.13481846942692133
8165,g2pre,V1,11,Motordrive,0.06138191851285771
8166,g2pre,V1,11,Motordrive,0.2019482016005445
8167,g2pre,V1,11,Motordrive,0.14166152406131932
8168,g2pre,V1,11,Motordrive,0.08948913942531425
8169,g2pre,V1,11,Motordrive,0.03675588720177273
8170,g2pre,V1,11,Motordrive,0.023019112110003067
8171,g2pre,V1,11,Motordrive,0.21653283506687682
8172,g2pre,V1,11,Motordrive,0.09293596829749053
8173,g2pre,V1,11,Motordrive,-0.005931495614751521
8174,g2pre,V1,11,Motordrive,0.21926476166674685
8175,g2pre,V1,11,Motordrive,0.0024445731593927674
8176,g2pre,V1,11,Motordrive,0.13237316351871356
8177,g2pre,V1,11,Motordrive,0.05219793579916055
8178,g2pre,V1,11,Motordrive,0.21250264411525166
8179,g2pre,V1,11,Motordrive,0.07182874409696345
8180,g2pre,V1,11,Motordrive,-0.13170848865466847
8181,g2pre,V1,11,Motordrive,0.09685487559944508
8182,g2pre,V1,11,Motordrive,0.12507052908026334
8183,g2pre,V1,11,Motordrive,0.04389028561492474
8184,g2pre,V1,11,Motordrive,0.12819238183741918
8185,g2pre,V1,11,Motordrive,0.1613615572809945
8186,g2pre,V1,11,Motordrive,0.15660184205832992
8187,g2pre,V1,11,Motordrive,0.3168662046830504
8188,g2pre,V1,11,Motordrive,-0.03662668340282794
8189,g2pre,V1,11,Motordrive,0.14395200394019186
8190,g2pre,V1,11,Motordrive,0.13939814144876958
8191,g2pre,V1,11,Motordrive,0.1448949905429698
8192,g2pre,V1,11,Motordrive,0.014204585040623618
8193,g2pre,V1,11,Motordrive,0.1930351055526338
8194,g2pre,V1,11,Motordrive,-0.09286752438266291
8195,g2pre,V1,11,Motordrive,0.21082433481474064
8196,g2pre,V1,11,Motordrive,0.265848476025696
8197,g2pre,V1,11,Motordrive,0.2910882088303142
8198,g2pre,V1,11,Motordrive,0.11964446461547963
8199,g2pre,V1,11,Motordrive,-0.05265556193663667
8200,g2pre,V1,11,Motordrive,0.18072706539339112
8201,g2pre,V1,11,Motordrive,0.08721918809167063
8202,g2pre,V1,11,Motordrive,0.16665484056115068
8203,g2pre,V1,11,Motordrive,0.20221537914763602
8204,g2pre,V1,11,Motordrive,0.15334296168685987
8205,g2pre,V1,11,Motordrive,0.19422573218568323
8206,g2pre,V1,11,Motordrive,0.09738996629587818
8207,g2pre,V1,11,Motordrive,0.14090934917853776
8208,g2pre,V1,11,Motordrive,0.15227429724816843
8209,g2pre,V1,11,Motordrive,0.22020157093022263
8210,g2pre,V1,11,Motordrive,0.1287045804576474
8211,g2pre,V1,11,Motordrive,0.10495689568984044
8212,g2pre,V1,11,Motordrive,0.32979022990497664
8213,g2pre,V1,11,Motordrive,0.134892372163119
8214,g2pre,V1,11,Motordrive,0.12638199434700464
8215,g2pre,V1,11,Motordrive,-0.1123140330406223
8216,g2pre,V1,11,Motordrive,0.16505407855244086
8217,g2pre,V1,11,Motordrive,0.14808829354825284
8218,g2pre,V1,11,Motordrive,0.03095133411005501
8219,g2pre,V1,11,Motordrive,0.2122492973948597
8220,g2pre,V1,11,Motordrive,0.14879307558372493
8221,g2pre,V1,11,Motordrive,0.05871963981379066
8222,g2pre,V1,11,Motordrive,0.0290135869591566
8223,g2pre,V1,11,Motordrive,-0.03235706189986105
8224,g2pre,V1,11,Motordrive,0.14038554322890756
8225,g2pre,V1,11,Motordrive,-0.056038013818655356
8226,g2pre,V1,11,Motordrive,0.37158583482194124
8227,g2pre,V1,11,Motordrive,0.15966562755114808
8228,g2pre,V1,11,Motordrive,0.05994044116674506
8229,g2pre,V1,11,Motordrive,0.1534533242618761
8230,g2pre,V1,11,Motordrive,0.27348739150745655
8231,g2pre,V1,11,Motordrive,0.19015268015263484
8232,g2pre,V1,11,Motordrive,0.23929044185534817
8233,g2pre,V1,11,Motordrive,0.0306315335013466
8234,g2pre,V1,11,Motordrive,0.06158047034081157
8235,g2pre,V1,11,Motordrive,0.12358028089588793
8236,g2pre,V1,11,Motordrive,0.13774759938893058
8237,g2pre,V1,11,Motordrive,0.13361327440852408
8238,g2pre,V1,11,Motordrive,0.06728772396709416
8239,g2pre,V1,11,Motordrive,0.14012689527032943
8240,g2pre,V1,11,Motordrive,0.11172042069383961
8241,g2pre,V1,11,Motordrive,-0.018574421796537084
8242,g2pre,V1,11,Motordrive,-0.03910471414122102
8243,g2pre,V1,11,Motordrive,0.018064364049853246
8244,g2pre,V1,11,Motordrive,0.07853768964255872
8245,g2pre,V1,11,Motordrive,0.03783317478293353
8246,g2pre,V1,11,Motordrive,0.011054335376725486
8247,g2pre,V1,11,Motordrive,0.2410329284881055
8248,g2pre,V1,11,Motordrive,-0.013105552902701814
8249,g2pre,V1,11,Motordrive,0.2980185273600675
8250,g2pre,V1,11,Motordrive,-0.011585467469835126
8251,g2pre,V1,11,Motordrive,-0.0013698732766643231
8252,g2pre,V1,11,Motordrive,0.03746134346369125
8253,g2pre,V1,11,Motordrive,0.033011218108290837
8254,g2pre,V1,11,Motordrive,0.003649541504349235
8255,g2pre,V1,11,Motordrive,0.2480953891927068
8256,g2pre,V1,11,Motordrive,0.04452545355471567
8257,g2pre,V1,11,Motordrive,0.1239028856873509
8258,g2pre,V1,11,Motordrive,0.18662439203091646
8259,g2pre,V1,11,Motordrive,0.0077410936286637635
8260,g2pre,V1,11,Motordrive,0.06450235462163027
8261,g2pre,V1,11,Motordrive,0.12066371973032426
8262,g2pre,V1,11,Motordrive,0.12546445930509123
8263,g2pre,V1,11,Motordrive,0.09790969072763428
8264,g2pre,V1,11,Motordrive,0.15448112019682492
8265,g2pre,V1,11,Motordrive,0.20987873917735095
8266,g2pre,V1,11,Motordrive,0.19164509581609848
8267,g2pre,V1,11,Motordrive,0.07561499149858296
8268,g2pre,V1,11,Motordrive,0.026172590192114438
8269,g2pre,V1,11,Motordrive,0.14968744303289966
8270,g2pre,V1,11,Motordrive,0.1619338310876802
8271,g2pre,V1,11,Motordrive,0.11291216526998403
8272,g2pre,V1,11,Motordrive,0.03770600481210107
8273,g2pre,V1,11,Motordrive,0.0825257299326071
8274,g2pre,V1,11,Motordrive,0.17484254561582657
8275,g2pre,V1,11,Motordrive,0.1771640163044286
8276,g2pre,V1,11,Motordrive,-0.007334989153209844
8277,g2pre,V1,11,Motordrive,-0.06573373394188467
8278,g2pre,V1,11,Motordrive,0.28437856332346284
8279,g2pre,V1,11,Motordrive,0.12331091387876468
8280,g2pre,V1,11,Motordrive,0.1801349941652746
8281,g2pre,V1,11,Motordrive,0.23948770306604072
8282,g2pre,V1,11,Motordrive,0.022072801015464542
8283,g2pre,V1,11,Motordrive,0.12192005687324035
8284,g2pre,V1,11,Motordrive,0.35852041266918694
8285,g2pre,V1,11,Motordrive,0.1673996467935455
8286,g2pre,V1,11,Motordrive,-0.028118473909648257
8287,g2pre,V1,11,Motordrive,0.06845773489064844
8288,g2pre,V1,11,Motordrive,0.13046856090775735
8289,g2pre,V1,11,Motordrive,0.11254277439126292
8290,g2pre,V1,11,Motordrive,-0.02305518902401726
8291,g2pre,V1,11,Motordrive,0.08513553806359053
8292,g2pre,V1,11,Motordrive,0.2151504221363686
8293,g2pre,V1,11,Motordrive,0.18961588758020104
8294,g2pre,V1,11,Motordrive,0.0894261404330659
8295,g2pre,V1,11,Motordrive,0.3106979354781195
8296,g2pre,V1,11,Motordrive,-0.017523024149176506
8297,g2pre,V1,11,Motordrive,0.09350582142343193
8298,g2pre,V1,11,Motordrive,0.002139652029243951
8299,g2pre,V1,11,Motordrive,0.08164568411508512
8300,g2pre,V1,11,Motordrive,0.16230941146142783
8301,g2pre,V1,11,Motordrive,0.11011394381891206
8302,g2pre,V1,11,Motordrive,0.2540031975616186
8303,g2pre,V1,11,Motordrive,0.1004070794700237
8304,g2pre,V1,11,Motordrive,-0.052402874182301704
8305,g2pre,V1,11,Motordrive,0.045775824786576144
8306,g2pre,V1,11,Motordrive,-0.027124691831487673
8307,g2pre,V1,11,Motordrive,0.0025739749065557013
8308,g2pre,V1,11,Motordrive,0.32044039246592315
8309,g2pre,V1,11,Motordrive,0.14907721914207378
8310,g2pre,V1,11,Motordrive,0.112308721452875
8311,g2pre,V1,11,Motordrive,-0.012298976642930231
8312,g2pre,V1,11,Motordrive,0.041346847219647404
8313,g2pre,V1,11,Motordrive,-0.011901490787642882
8314,g2pre,V1,11,Motordrive,0.10566197573602526
8315,g2pre,V1,11,Motordrive,0.1965291048008526
8316,g2pre,V1,11,Motordrive,0.23578834862731837
8317,g2pre,V1,11,Motordrive,-0.04453845534505119
8318,g2pre,V1,11,Motordrive,0.1446479980257233
8319,g2pre,V1,11,Motordrive,0.2317619250638495
8320,g2pre,V1,11,Motordrive,0.10522370324186817
8321,g2pre,V1,11,Motordrive,0.1605325974458769
8322,g2pre,V1,11,Motordrive,0.1369588088467632
8323,g2pre,V1,11,Motordrive,0.03467798563283177
8324,g2pre,V1,11,Motordrive,0.025029091856656017
8325,g2pre,V1,11,Motordrive,-0.015813838247712254
8326,g2pre,V1,11,Motordrive,0.038408155079206314
8327,g2pre,V1,11,Motordrive,-0.00861601767666092
8328,g2pre,V1,11,Motordrive,0.16365095766179474
8329,g2pre,V1,11,Motordrive,0.16087274161169654
8330,g2pre,V1,11,Motordrive,0.04204879289274483
8331,g2pre,V1,11,Motordrive,0.18118794068005717
8332,g2pre,V1,11,Motordrive,-0.09372938302140736
8333,g2pre,V1,11,Motordrive,0.025627956439944283
8334,g2pre,V1,11,Motordrive,0.10242297322602811
8335,g2pre,V1,11,Motordrive,0.16755598059306925
8336,g2pre,V1,11,Motordrive,0.21113875421242012
8337,g2pre,V1,11,Motordrive,-0.056389364656951005
8338,g2pre,V1,11,Motordrive,0.15326988269010902
8339,g2pre,V1,11,Motordrive,0.010444131330586366
8340,g2pre,V1,11,Motordrive,0.11915459208012302
8341,g2pre,V1,11,Motordrive,0.13424523432877788
8342,g2pre,V1,11,Motordrive,0.10281142484295522
8343,g2pre,V1,11,Motordrive,-0.04117329333150091
8344,g2pre,V1,11,Motordrive,0.1706206574428871
8345,g2pre,V1,11,Motordrive,0.18687008697926508
8346,g2pre,V1,11,Motordrive,0.16250103242845615
8347,g2pre,V1,11,Motordrive,-0.05727816998212463
8348,g2pre,V1,11,Motordrive,0.036245581578999805
8349,g2pre,V1,11,Motordrive,0.058998969031091274
8350,g2pre,V1,11,Motordrive,0.13764236628697304
8351,g2pre,V1,11,Motordrive,0.1394019287807466
8352,g2pre,V1,11,Motordrive,0.09123447155012444
8353,g2pre,V1,11,Motordrive,0.20040647361417793
8354,g2pre,V1,11,Motordrive,0.03485542912114678
8355,g2pre,V1,11,Motordrive,0.0013576255724932628
8356,g2pre,V1,11,Motordrive,0.1437974485350533
8357,g2pre,V1,11,Motordrive,0.08182583199722135
8358,g2pre,V1,11,Motordrive,0.1330816794142033
8359,g2pre,V1,11,Motordrive,0.017495774624622804
8360,g2pre,V1,11,Motordrive,0.05421154324606734
8361,g2pre,V1,11,Motordrive,0.15579720911899847
8362,g2pre,V1,11,Motordrive,0.13517237102046314
8363,g2pre,V1,11,Motordrive,0.010638954148558456
8364,g2pre,V1,11,Motordrive,0.0037717647296576094
8365,g2pre,V1,11,Motordrive,0.07909322728908036
8366,g2pre,V1,11,Motordrive,0.16144168003264003
8367,g2pre,V1,11,Motordrive,0.1194184493349006
8368,g2pre,AM/PM,0,Adrive,0.15341935026829867
8369,g2pre,AM/PM,0,Adrive,0.06424224389303282
8370,g2pre,AM/PM,0,Adrive,0.2176781907805438
8371,g2pre,AM/PM,0,Adrive,0.15633247227161814
8372,g2pre,AM/PM,0,Adrive,0.1321261214319772
8373,g2pre,AM/PM,0,Adrive,0.07706877856563209
8374,g2pre,AM/PM,0,Adrive,0.08860657689633784
8375,g2pre,AM/PM,0,Adrive,0.08014874912730276
8376,g2pre,AM/PM,0,Adrive,0.18961255934930324
8377,g2pre,AM/PM,0,Adrive,0.5272706354730521
8378,g2pre,AM/PM,0,Adrive,0.09712990880165483
8379,g2pre,AM/PM,0,Adrive,0.5201214537203132
8380,g2pre,AM/PM,0,Adrive,0.08424296038240008
8381,g2pre,AM/PM,0,Adrive,0.2676256536130568
8382,g2pre,AM/PM,0,Adrive,0.19249502409368963
8383,g2pre,AM/PM,0,Adrive,-0.07111983550911129
8384,g2pre,AM/PM,0,Adrive,0.601927090779999
8385,g2pre,AM/PM,0,Adrive,0.14158359684889002
8386,g2pre,AM/PM,0,Adrive,-0.07084425840804086
8387,g2pre,AM/PM,0,Adrive,0.21890441399308874
8388,g2pre,AM/PM,0,Adrive,0.08219308466863777
8389,g2pre,AM/PM,0,Adrive,-0.07353492878370638
8390,g2pre,AM/PM,0,Adrive,0.16244714683930978
8391,g2pre,AM/PM,0,Adrive,0.0829177046948981
8392,g2pre,AM/PM,0,Adrive,-0.12757611548869072
8393,g2pre,AM/PM,0,Adrive,-0.09527847981559354
8394,g2pre,AM/PM,0,Adrive,0.17305996232126758
8395,g2pre,AM/PM,0,Adrive,0.14552662126433888
8396,g2pre,AM/PM,0,Adrive,-0.10702373909650682
8397,g2pre,AM/PM,0,Adrive,0.09759152709616985
8398,g2pre,AM/PM,0,Adrive,0.10729015013048711
8399,g2pre,AM/PM,0,Adrive,-0.0271014404434643
8400,g2pre,AM/PM,0,Adrive,-0.014293726147220973
8401,g2pre,AM/PM,0,Adrive,0.12023928052955851
8402,g2pre,AM/PM,0,Adrive,-0.010585860372755768
8403,g2pre,AM/PM,0,Adrive,0.003894282946302975
8404,g2pre,AM/PM,0,Adrive,-0.10660799258010312
8405,g2pre,AM/PM,0,Adrive,-0.20413323950458803
8406,g2pre,AM/PM,0,Adrive,-0.21743928236073629
8407,g2pre,AM/PM,0,Adrive,0.006631036389057586
8408,g2pre,AM/PM,0,Adrive,0.5446222223299657
8409,g2pre,AM/PM,0,Adrive,0.6373349078093133
8410,g2pre,AM/PM,0,Adrive,0.01798783020083182
8411,g2pre,AM/PM,0,Adrive,0.09208475606937937
8412,g2pre,AM/PM,0,Adrive,0.17340644503686226
8413,g2pre,AM/PM,0,Adrive,-0.09276568727946886
8414,g2pre,AM/PM,0,Adrive,0.15278774866205827
8415,g2pre,AM/PM,0,Adrive,-0.048773372681322515
8416,g2pre,AM/PM,0,Adrive,0.20915071755592338
8417,g2pre,AM/PM,0,Adrive,0.03809261928855463
8418,g2pre,AM/PM,0,Adrive,-0.1540380206009457
8419,g2pre,AM/PM,0,Adrive,-0.008004666645097188
8420,g2pre,AM/PM,0,Adrive,0.1551878416852676
8421,g2pre,AM/PM,0,Adrive,0.305047717322898
8422,g2pre,AM/PM,0,Adrive,-0.0017838716649334371
8423,g2pre,AM/PM,0,Adrive,-0.04232615126077949
8424,g2pre,AM/PM,0,Adrive,0.13901240582489088
8425,g2pre,AM/PM,0,Adrive,0.0022439438818859766
8426,g2pre,AM/PM,0,Adrive,-0.178678828191148
8427,g2pre,AM/PM,0,Adrive,0.045462243005310446
8428,g2pre,AM/PM,0,Adrive,0.14689704143151974
8429,g2pre,AM/PM,0,Adrive,0.30254190757129423
8430,g2pre,AM/PM,0,Adrive,-0.0507181750582021
8431,g2pre,AM/PM,0,Adrive,-0.08311625794257631
8432,g2pre,AM/PM,0,Adrive,0.07767702814181819
8433,g2pre,AM/PM,0,Adrive,-0.11711244068963789
8434,g2pre,AM/PM,0,Adrive,-0.03839024272414547
8435,g2pre,AM/PM,0,Adrive,0.20401835229910595
8436,g2pre,AM/PM,0,Adrive,-0.07696221540713219
8437,g2pre,AM/PM,0,Adrive,0.2977150596622131
8438,g2pre,AM/PM,0,Adrive,0.17251070976389274
8439,g2pre,AM/PM,0,Adrive,-0.09415907357965637
8440,g2pre,AM/PM,0,Adrive,0.23256200839969948
8441,g2pre,AM/PM,0,Adrive,0.14398933112955084
8442,g2pre,AM/PM,0,Adrive,-0.04741596494495544
8443,g2pre,AM/PM,0,Adrive,-0.03777741133660256
8444,g2pre,AM/PM,0,Adrive,0.2590555224761415
8445,g2pre,AM/PM,0,Adrive,-0.09051035168901969
8446,g2pre,AM/PM,0,Adrive,0.0905089937672339
8447,g2pre,AM/PM,0,Adrive,-0.009305317481881657
8448,g2pre,AM/PM,0,Adrive,0.10012941133592929
8449,g2pre,AM/PM,0,Adrive,0.639510334083051
8450,g2pre,AM/PM,0,Adrive,0.46030434102027346
8451,g2pre,AM/PM,0,Adrive,-0.172617813437857
8452,g2pre,AM/PM,0,Adrive,0.014885993184989448
8453,g2pre,AM/PM,0,Adrive,-0.08559335435766581
8454,g2pre,AM/PM,0,Adrive,0.18827367498843822
8455,g2pre,AM/PM,0,Adrive,-0.04505083346331418
8456,g2pre,AM/PM,0,Adrive,0.11252414390834217
8457,g2pre,AM/PM,0,Adrive,0.13483930863012544
8458,g2pre,AM/PM,0,Adrive,0.025016934968461822
8459,g2pre,AM/PM,0,Adrive,0.12205147248976106
8460,g2pre,AM/PM,0,Adrive,-0.05432175070625167
8461,g2pre,AM/PM,0,Adrive,0.42648828184211013
8462,g2pre,AM/PM,0,Adrive,0.010671623592817061
8463,g2pre,AM/PM,0,Adrive,0.052767794199079746
8464,g2pre,AM/PM,0,Adrive,0.08069710171370376
8465,g2pre,AM/PM,0,Adrive,-0.13499823827604363
8466,g2pre,AM/PM,0,Adrive,0.46366268180950604
8467,g2pre,AM/PM,0,Adrive,-0.08081995650091356
8468,g2pre,AM/PM,0,Adrive,-0.1762368719367196
8469,g2pre,AM/PM,0,Adrive,0.04062336816030094
8470,g2pre,AM/PM,0,Adrive,-0.01627580659331662
8471,g2pre,AM/PM,0,Adrive,0.1612006727133372
8472,g2pre,AM/PM,0,Adrive,-0.2314563373654574
8473,g2pre,AM/PM,0,Adrive,0.004687723038410389
8474,g2pre,AM/PM,0,Adrive,0.47791425787993297
8475,g2pre,AM/PM,0,Adrive,0.0505559338985235
8476,g2pre,AM/PM,0,Adrive,-0.050387319324864954
8477,g2pre,AM/PM,0,Adrive,0.009054390897055682
8478,g2pre,AM/PM,0,Adrive,0.22364148211315765
8479,g2pre,AM/PM,0,Adrive,0.26261386807684384
8480,g2pre,AM/PM,0,Adrive,-0.014912172753222862
8481,g2pre,AM/PM,0,Adrive,-0.1282400837106552
8482,g2pre,AM/PM,0,Adrive,-0.09774004138522656
8483,g2pre,AM/PM,0,Adrive,0.0875710522936496
8484,g2pre,AM/PM,0,Adrive,-0.11828036965215497
8485,g2pre,AM/PM,0,Adrive,0.06155430091357028
8486,g2pre,AM/PM,0,Adrive,0.11234159666427448
8487,g2pre,AM/PM,0,Adrive,0.1672017565853379
8488,g2pre,AM/PM,0,Adrive,-0.07065249969005254
8489,g2pre,AM/PM,0,Adrive,0.2622924085743538
8490,g2pre,AM/PM,0,Adrive,0.17308433508424426
8491,g2pre,AM/PM,0,Adrive,0.5283253001255639
8492,g2pre,AM/PM,0,Adrive,0.0404217541079323
8493,g2pre,AM/PM,0,Adrive,-0.1527945028414859
8494,g2pre,AM/PM,0,Adrive,-0.05117958877798433
8495,g2pre,AM/PM,0,Adrive,0.09445424645902727
8496,g2pre,AM/PM,0,Adrive,-0.003810518470739847
8497,g2pre,AM/PM,0,Adrive,0.1710306288710417
8498,g2pre,AM/PM,0,Adrive,0.10855522770095513
8499,g2pre,AM/PM,0,Adrive,0.10991891641558141
8500,g2pre,AM/PM,0,Adrive,0.0760199572074369
8501,g2pre,AM/PM,0,Adrive,-0.05484825505636985
8502,g2pre,AM/PM,0,Adrive,-0.13278419900381502
8503,g2pre,AM/PM,0,Adrive,-0.05939139744668686
8504,g2pre,AM/PM,0,Adrive,0.06456230381891108
8505,g2pre,AM/PM,0,Adrive,0.039394680509406546
8506,g2pre,AM/PM,0,Adrive,-0.28643632112456535
8507,g2pre,AM/PM,0,Adrive,0.002513165418510862
8508,g2pre,AM/PM,0,Adrive,-0.04681175915414846
8509,g2pre,AM/PM,0,Adrive,0.18967933423654212
8510,g2pre,AM/PM,0,Adrive,0.2243423070517742
8511,g2pre,AM/PM,0,Adrive,0.5420826040813332
8512,g2pre,AM/PM,0,Adrive,0.16627547921870284
8513,g2pre,AM/PM,0,Adrive,-0.07663459440838681
8514,g2pre,AM/PM,0,Adrive,0.12364748343299652
8515,g2pre,AM/PM,0,Adrive,0.08131163971331724
8516,g2pre,AM/PM,1,Adrive,-0.07160605064437225
8517,g2pre,AM/PM,1,Adrive,-0.06550512542694682
8518,g2pre,AM/PM,1,Adrive,0.026576413878446597
8519,g2pre,AM/PM,1,Adrive,0.1181351779231482
8520,g2pre,AM/PM,1,Adrive,0.04340024336699467
8521,g2pre,AM/PM,1,Adrive,0.1224808920488526
8522,g2pre,AM/PM,1,Adrive,0.14127460094919503
8523,g2pre,AM/PM,1,Adrive,-0.04285676265443474
8524,g2pre,AM/PM,1,Adrive,0.13503854632823512
8525,g2pre,AM/PM,1,Adrive,-0.004767980036226114
8526,g2pre,AM/PM,1,Adrive,0.24945439919520732
8527,g2pre,AM/PM,1,Adrive,0.07530238880453759
8528,g2pre,AM/PM,1,Adrive,0.05541492033116096
8529,g2pre,AM/PM,1,Adrive,0.05222658327373082
8530,g2pre,AM/PM,1,Adrive,-0.1031527862445939
8531,g2pre,AM/PM,1,Adrive,0.049803476311812124
8532,g2pre,AM/PM,1,Adrive,0.023505994220940046
8533,g2pre,AM/PM,1,Adrive,0.11199630504657064
8534,g2pre,AM/PM,1,Adrive,-0.059293085963532305
8535,g2pre,AM/PM,1,Adrive,0.050328407164292134
8536,g2pre,AM/PM,1,Adrive,0.17078653676140929
8537,g2pre,AM/PM,1,Adrive,0.031659886516790324
8538,g2pre,AM/PM,1,Adrive,0.13190145543938742
8539,g2pre,AM/PM,1,Adrive,0.12645735674664488
8540,g2pre,AM/PM,1,Adrive,0.002988016053687792
8541,g2pre,AM/PM,1,Adrive,-0.13344371297524063
8542,g2pre,AM/PM,1,Adrive,0.02608008348777834
8543,g2pre,AM/PM,1,Adrive,-0.0719763531112515
8544,g2pre,AM/PM,1,Adrive,0.05587469843149521
8545,g2pre,AM/PM,1,Adrive,-0.1317007363888827
8546,g2pre,AM/PM,1,Adrive,0.07073171481738233
8547,g2pre,AM/PM,1,Adrive,0.1215218157330436
8548,g2pre,AM/PM,1,Adrive,0.04209175870532782
8549,g2pre,AM/PM,1,Adrive,-0.05352506083262616
8550,g2pre,AM/PM,1,Adrive,-0.009279253682747074
8551,g2pre,AM/PM,1,Adrive,0.19362644175981908
8552,g2pre,AM/PM,1,Adrive,-0.11837258416562614
8553,g2pre,AM/PM,1,Adrive,-0.077872492412677
8554,g2pre,AM/PM,1,Adrive,0.06302608683888226
8555,g2pre,AM/PM,1,Adrive,0.021584268910003784
8556,g2pre,AM/PM,1,Adrive,0.06099319074114674
8557,g2pre,AM/PM,1,Adrive,0.12558640004557026
8558,g2pre,AM/PM,1,Adrive,0.058233038322419745
8559,g2pre,AM/PM,1,Adrive,0.0991475536268958
8560,g2pre,AM/PM,1,Adrive,0.07373165928106971
8561,g2pre,AM/PM,1,Adrive,0.004796523064169131
8562,g2pre,AM/PM,1,Adrive,0.0358941147402504
8563,g2pre,AM/PM,1,Adrive,0.1128781297449349
8564,g2pre,AM/PM,1,Adrive,0.11821201289267513
8565,g2pre,AM/PM,1,Adrive,0.4392973902282251
8566,g2pre,AM/PM,1,Adrive,-0.009125383840520657
8567,g2pre,AM/PM,1,Adrive,0.19500398445662692
8568,g2pre,AM/PM,1,Adrive,0.2862442150258803
8569,g2pre,AM/PM,1,Adrive,0.1057492179629464
8570,g2pre,AM/PM,1,Adrive,0.011654568620977603
8571,g2pre,AM/PM,1,Adrive,0.07148577071826542
8572,g2pre,AM/PM,1,Adrive,-0.14469316344062838
8573,g2pre,AM/PM,1,Adrive,-0.03981493067571551
8574,g2pre,AM/PM,1,Adrive,-0.1544518189263972
8575,g2pre,AM/PM,1,Adrive,0.07011002559303135
8576,g2pre,AM/PM,1,Adrive,-0.1264086046250486
8577,g2pre,AM/PM,1,Adrive,-0.12495363530777039
8578,g2pre,AM/PM,1,Adrive,-0.06592380622000371
8579,g2pre,AM/PM,1,Adrive,-0.020362183441806132
8580,g2pre,AM/PM,1,Adrive,0.04971496595691612
8581,g2pre,AM/PM,1,Adrive,-0.16828333417000693
8582,g2pre,AM/PM,1,Adrive,-0.14221286223158633
8583,g2pre,AM/PM,1,Adrive,-0.053266522302363395
8584,g2pre,AM/PM,1,Adrive,-0.04842581669608305
8585,g2pre,AM/PM,1,Adrive,-0.03719744018468962
8586,g2pre,AM/PM,1,Adrive,-0.029071493689838843
8587,g2pre,AM/PM,1,Adrive,0.4448448075574281
8588,g2pre,AM/PM,1,Adrive,0.0589947957835537
8589,g2pre,AM/PM,1,Adrive,0.024590103276413137
8590,g2pre,AM/PM,1,Adrive,-0.041175950761790786
8591,g2pre,AM/PM,1,Adrive,-0.005401864392894722
8592,g2pre,AM/PM,1,Adrive,0.14873358826510838
8593,g2pre,AM/PM,1,Adrive,0.13362784975708827
8594,g2pre,AM/PM,1,Adrive,0.0640407350343655
8595,g2pre,AM/PM,1,Adrive,0.2959924744474915
8596,g2pre,AM/PM,1,Adrive,-0.1235106934680482
8597,g2pre,AM/PM,1,Adrive,-0.1200006506668077
8598,g2pre,AM/PM,1,Adrive,0.14878898394441836
8599,g2pre,AM/PM,1,Adrive,-0.12124011528027706
8600,g2pre,AM/PM,1,Adrive,0.2258194703352378
8601,g2pre,AM/PM,1,Adrive,-0.14975654575017378
8602,g2pre,AM/PM,1,Adrive,0.0031595937597224556
8603,g2pre,AM/PM,1,Adrive,0.08168872368769142
8604,g2pre,AM/PM,1,Adrive,-0.13141684754202856
8605,g2pre,AM/PM,1,Adrive,0.12382975282958893
8606,g2pre,AM/PM,1,Adrive,-0.0793853032610956
8607,g2pre,AM/PM,1,Adrive,0.1249750371234614
8608,g2pre,AM/PM,1,Adrive,0.1672264004657985
8609,g2pre,AM/PM,1,Adrive,-0.16844054882941004
8610,g2pre,AM/PM,1,Adrive,-0.1052356844288479
8611,g2pre,AM/PM,1,Adrive,-0.098006967662131
8612,g2pre,AM/PM,1,Adrive,0.1383527654301619
8613,g2pre,AM/PM,1,Adrive,-0.0042710135984032754
8614,g2pre,AM/PM,1,Adrive,-0.0049640075214622435
8615,g2pre,AM/PM,1,Adrive,-0.03230789729549002
8616,g2pre,AM/PM,1,Adrive,0.09410746684327567
8617,g2pre,AM/PM,1,Adrive,0.17245109743735182
8618,g2pre,AM/PM,1,Adrive,-0.08623193766381478
8619,g2pre,AM/PM,1,Adrive,-0.05065088661296338
8620,g2pre,AM/PM,1,Adrive,-0.10168187457927698
8621,g2pre,AM/PM,1,Adrive,-0.14700353353359047
8622,g2pre,AM/PM,1,Adrive,0.04623385474088725
8623,g2pre,AM/PM,1,Adrive,-0.1772921439880611
8624,g2pre,AM/PM,1,Adrive,-0.13911986641310148
8625,g2pre,AM/PM,1,Adrive,-0.14442342634340655
8626,g2pre,AM/PM,1,Adrive,0.26881232206083894
8627,g2pre,AM/PM,1,Adrive,0.2610119430120967
8628,g2pre,AM/PM,1,Adrive,-0.1404302607141188
8629,g2pre,AM/PM,1,Adrive,-0.12675676768171984
8630,g2pre,AM/PM,1,Adrive,0.14208750408887819
8631,g2pre,AM/PM,1,Adrive,-0.14411023371444945
8632,g2pre,AM/PM,1,Adrive,0.1264855008437169
8633,g2pre,AM/PM,1,Adrive,-0.12636392956671857
8634,g2pre,AM/PM,1,Adrive,0.00020729837326990838
8635,g2pre,AM/PM,1,Adrive,0.08717793637266652
8636,g2pre,AM/PM,1,Adrive,0.48249479287305524
8637,g2pre,AM/PM,5,Adrive,-0.23407861500969263
8638,g2pre,AM/PM,5,Adrive,-0.017213974327576275
8639,g2pre,AM/PM,5,Adrive,-0.11605975223017215
8640,g2pre,AM/PM,5,Adrive,0.159875701676607
8641,g2pre,AM/PM,11,Adrive,-0.08245657849021527
8642,g2pre,AM/PM,11,Adrive,0.11240956531217779
8643,g2pre,AM/PM,11,Adrive,0.17196189934626993
8644,g2pre,AM/PM,11,Adrive,0.13449139116558792
8645,g2pre,AM/PM,11,Adrive,-0.002147085678248756
8646,g2pre,AM/PM,11,Adrive,0.19246675151690723
8647,g2pre,AM/PM,11,Adrive,-0.002955488200947569
8648,g2pre,AM/PM,11,Adrive,0.020096361424696826
8649,g2pre,AM/PM,11,Adrive,0.07478827330530069
8650,g2pre,AM/PM,11,Adrive,-0.006588313131914161
8651,g2pre,AM/PM,11,Adrive,-0.053317826428597774
8652,g2pre,AM/PM,11,Adrive,-0.10939348871133678
8653,g2pre,AM/PM,11,Adrive,0.03529132520900728
8654,g2pre,AM/PM,11,Adrive,0.26782867412479777
8655,g2pre,AM/PM,11,Adrive,0.12049770793081528
8656,g2pre,AM/PM,11,Adrive,0.09209547520213963
8657,g2pre,AM/PM,11,Adrive,0.03114017701636003
8658,g2pre,AM/PM,11,Adrive,-0.057522614154763056
8659,g2pre,AM/PM,11,Adrive,0.16557693171511897
8660,g2pre,AM/PM,11,Adrive,0.10307141575424718
8661,g2pre,AM/PM,11,Adrive,0.2797319100534673
8662,g2pre,AM/PM,11,Adrive,0.023671225616312835
8663,g2pre,AM/PM,11,Adrive,0.3010012919872001
8664,g2pre,AM/PM,11,Adrive,0.12163113108910806
8665,g2pre,AM/PM,11,Adrive,0.14302728801005044
8666,g2pre,AM/PM,11,Adrive,-0.11445789862905721
8667,g2pre,AM/PM,11,Adrive,0.12180690308289766
8668,g2pre,AM/PM,11,Adrive,0.13600496443154764
8669,g2pre,AM/PM,11,Adrive,-0.029058139634967194
8670,g2pre,AM/PM,11,Adrive,0.07223637677697115
8671,g2pre,AM/PM,11,Adrive,-0.005106124536871926
8672,g2pre,AM/PM,11,Adrive,-0.07196176039220953
8673,g2pre,AM/PM,11,Adrive,0.008175164040112252
8674,g2pre,AM/PM,11,Adrive,-0.09843123950137016
8675,g2pre,AM/PM,11,Adrive,0.05783408037840332
8676,g2pre,AM/PM,11,Adrive,-0.07734858090540088
8677,g2pre,AM/PM,11,Adrive,0.27355141014263334
8678,g2pre,AM/PM,11,Adrive,-0.10165983812542273
8679,g2pre,AM/PM,11,Adrive,0.15168235030975996
8680,g2pre,AM/PM,11,Adrive,-0.05492078170821339
8681,g2pre,AM/PM,11,Adrive,0.044099762623731636
8682,g2pre,AM/PM,11,Adrive,-0.09022792093564913
8683,g2pre,AM/PM,11,Adrive,0.09319128734211443
8684,g2pre,AM/PM,11,Adrive,-0.06602286684321607
8685,g2pre,AM/PM,11,Adrive,0.03627747924957101
8686,g2pre,AM/PM,11,Adrive,0.13805671385855012
8687,g2pre,AM/PM,11,Adrive,0.12337011622382235
8688,g2pre,AM/PM,11,Adrive,-0.08769483225508139
8689,g2pre,AM/PM,11,Adrive,0.04928653066178063
8690,g2pre,AM/PM,11,Adrive,-0.1530809182809997
8691,g2pre,AM/PM,11,Adrive,0.09234096073649657
8692,g2pre,AM/PM,11,Adrive,0.009875861880641988
8693,g2pre,AM/PM,11,Adrive,0.13694228309148243
8694,g2pre,AM/PM,11,Adrive,0.15653485528820246
8695,g2pre,AM/PM,11,Adrive,0.16685106930641982
8696,g2pre,AM/PM,11,Adrive,0.11215886531266285
8697,g2pre,AM/PM,11,Adrive,0.24811446324296377
8698,g2pre,AM/PM,11,Adrive,0.24590796015887778
8699,g2pre,AM/PM,11,Adrive,-0.17854316871010034
8700,g2pre,AM/PM,11,Adrive,0.1589030479864828
8701,g2pre,AM/PM,11,Adrive,0.15975121315978608
8702,g2pre,AM/PM,11,Adrive,0.08519045347162148
8703,g2pre,AM/PM,11,Adrive,0.04274625216088605
8704,g2pre,AM/PM,11,Adrive,0.1873508537730969
8705,g2pre,AM/PM,11,Adrive,0.1366955757548997
8706,g2pre,AM/PM,11,Adrive,0.1549729123330612
8707,g2pre,AM/PM,11,Adrive,-0.17067976573411495
8708,g2pre,AM/PM,11,Adrive,0.01749147622575716
8709,g2pre,AM/PM,11,Adrive,0.04238954091604526
8710,g2pre,AM/PM,11,Adrive,0.08883804966082653
8711,g2pre,AM/PM,11,Adrive,0.01935909546680708
8712,g2pre,AM/PM,11,Adrive,0.20656851954680036
8713,g2pre,AM/PM,11,Adrive,-0.00786500522552494
8714,g2pre,AM/PM,11,Adrive,0.15042329532503057
8715,g2pre,AM/PM,11,Adrive,-0.006326135720782528
8716,g2pre,AM/PM,11,Adrive,0.06148685803888095
8717,g2pre,AM/PM,11,Adrive,0.28653763414660294
8718,g2pre,AM/PM,11,Adrive,0.13723485179911038
8719,g2pre,AM/PM,11,Adrive,0.25038998188181766
8720,g2pre,AM/PM,11,Adrive,0.032574535540528665
8721,g2pre,AM/PM,11,Adrive,0.012172083185187086
8722,g2pre,AM/PM,11,Adrive,0.1825834854779326
8723,g2pre,AM/PM,11,Adrive,0.02013542703151555
8724,g2pre,AM/PM,11,Adrive,-0.07097155767145978
8725,g2pre,AM/PM,11,Adrive,0.12328393928677402
8726,g2pre,AM/PM,11,Adrive,-0.17099098024023204
8727,g2pre,AM/PM,11,Adrive,0.009787893402862659
8728,g2pre,AM/PM,11,Adrive,0.16767599311096154
8729,g2pre,AM/PM,11,Adrive,-0.02791183835614449
8730,g2pre,AM/PM,11,Adrive,-0.1388251793370438
8731,g2pre,AM/PM,11,Adrive,-0.07530156544953957
8732,g2pre,AM/PM,11,Adrive,0.1739414517893829
8733,g2pre,AM/PM,11,Adrive,-0.11471431658668975
8734,g2pre,AM/PM,11,Adrive,0.1568207008570083
8735,g2pre,AM/PM,11,Adrive,-0.08253989787236687
8736,g2pre,AM/PM,11,Adrive,0.15671054749704588
8737,g2pre,AM/PM,11,Adrive,-0.00530557774134001
8738,g2pre,AM/PM,11,Adrive,-0.08818601282434466
8739,g2pre,AM/PM,11,Adrive,0.35037942774414893
8740,g2pre,AM/PM,11,Adrive,-0.06464910928804889
8741,g2pre,AM/PM,11,Adrive,-0.0209113816987104
8742,g2pre,AM/PM,11,Adrive,0.10058428322242056
8743,g2pre,AM/PM,11,Adrive,0.24650707682664297
8744,g2pre,AM/PM,11,Adrive,0.13207828143480074
8745,g2pre,AM/PM,11,Adrive,0.22055281174115218
8746,g2pre,AM/PM,11,Adrive,0.10310390269392974
8747,g2pre,AM/PM,11,Adrive,-0.15436052038026452
8748,g2pre,AM/PM,11,Adrive,-0.15742752804013274
8749,g2pre,AM/PM,11,Adrive,-0.10343456530317445
8750,g2pre,AM/PM,11,Adrive,-0.11293730088997825
8751,g2pre,AM/PM,11,Adrive,0.09443533597689524
8752,g2pre,AM/PM,11,Adrive,-0.07097137340992496
8753,g2pre,AM/PM,11,Adrive,0.39315949263047145
8754,g2pre,AM/PM,11,Adrive,0.19041099898425023
8755,g2pre,AM/PM,11,Adrive,-0.030791753977500422
8756,g2pre,AM/PM,11,Adrive,-0.008353633264656154
8757,g2pre,AM/PM,11,Adrive,0.0070341970425709865
8758,g2pre,AM/PM,11,Adrive,0.1306455208345841
8759,g2pre,AM/PM,11,Adrive,0.16327428578993672
8760,g2pre,AM/PM,11,Adrive,0.08735352814481225
8761,g2pre,AM/PM,11,Adrive,-0.07370287237291796
8762,g2pre,AM/PM,11,Adrive,0.07805553143577026
8763,g2pre,AM/PM,11,Adrive,0.02694346264913161
8764,g2pre,AM/PM,11,Adrive,0.13827021889579585
8765,g2pre,AM/PM,11,Adrive,0.21400047812636513
8766,g2pre,AM/PM,11,Adrive,-0.1592127496348479
8767,g2pre,AM/PM,11,Adrive,0.48544389457921644
8768,g2pre,AM/PM,11,Adrive,-0.013978817450406985
8769,g2pre,AM/PM,11,Adrive,-0.12006596308267957
8770,g2pre,AM/PM,11,Adrive,-0.26232121116879076
8771,g2pre,AM/PM,11,Adrive,-0.1127987592713647
8772,g2pre,AM/PM,11,Adrive,0.34598381655048976
8773,g2pre,AM/PM,11,Adrive,0.07917859067187408
8774,g2pre,AM/PM,11,Adrive,-0.07257481669059349
8775,g2pre,AM/PM,11,Adrive,0.23659050525979325
8776,g2pre,AM/PM,0,Motordrive,0.07101605924610681
8777,g2pre,AM/PM,0,Motordrive,0.04504067872684182
8778,g2pre,AM/PM,0,Motordrive,0.05630324362222053
8779,g2pre,AM/PM,0,Motordrive,0.08350544905894462
8780,g2pre,AM/PM,0,Motordrive,0.04034236015998716
8781,g2pre,AM/PM,0,Motordrive,0.17152546216825332
8782,g2pre,AM/PM,0,Motordrive,0.09897803469519388
8783,g2pre,AM/PM,0,Motordrive,0.18066479054364304
8784,g2pre,AM/PM,0,Motordrive,0.10856348103838681
8785,g2pre,AM/PM,0,Motordrive,0.11324493975732328
8786,g2pre,AM/PM,0,Motordrive,0.1254835510578224
8787,g2pre,AM/PM,0,Motordrive,0.17364250381097868
8788,g2pre,AM/PM,0,Motordrive,0.05869134703182825
8789,g2pre,AM/PM,0,Motordrive,0.0331292690515325
8790,g2pre,AM/PM,0,Motordrive,0.10193509549855785
8791,g2pre,AM/PM,0,Motordrive,0.1589626129751952
8792,g2pre,AM/PM,0,Motordrive,0.16236051545685742
8793,g2pre,AM/PM,0,Motordrive,0.02082619840204105
8794,g2pre,AM/PM,0,Motordrive,0.040001600978400276
8795,g2pre,AM/PM,0,Motordrive,0.1449914120284661
8796,g2pre,AM/PM,0,Motordrive,0.33581173778903833
8797,g2pre,AM/PM,0,Motordrive,0.041668879354898755
8798,g2pre,AM/PM,0,Motordrive,0.1863756453447623
8799,g2pre,AM/PM,0,Motordrive,0.014542125447475171
8800,g2pre,AM/PM,0,Motordrive,0.19488203354046088
8801,g2pre,AM/PM,0,Motordrive,0.011414114103038607
8802,g2pre,AM/PM,0,Motordrive,0.18726391512148768
8803,g2pre,AM/PM,0,Motordrive,0.25509475450420865
8804,g2pre,AM/PM,0,Motordrive,-0.18744288574141982
8805,g2pre,AM/PM,0,Motordrive,0.24657161507077968
8806,g2pre,AM/PM,0,Motordrive,0.12045608467350026
8807,g2pre,AM/PM,0,Motordrive,0.027944483262413205
8808,g2pre,AM/PM,0,Motordrive,0.15170437995968375
8809,g2pre,AM/PM,0,Motordrive,0.25730106336444947
8810,g2pre,AM/PM,0,Motordrive,-0.2468624246564501
8811,g2pre,AM/PM,0,Motordrive,0.14866018869078826
8812,g2pre,AM/PM,0,Motordrive,0.11372276073208296
8813,g2pre,AM/PM,0,Motordrive,0.3022349089418633
8814,g2pre,AM/PM,0,Motordrive,0.25828249657494207
8815,g2pre,AM/PM,0,Motordrive,0.012704680292032382
8816,g2pre,AM/PM,0,Motordrive,0.07086848022256761
8817,g2pre,AM/PM,0,Motordrive,0.05546037827277557
8818,g2pre,AM/PM,0,Motordrive,0.26436611217892353
8819,g2pre,AM/PM,0,Motordrive,-0.013383988299019663
8820,g2pre,AM/PM,0,Motordrive,0.04123761101389837
8821,g2pre,AM/PM,0,Motordrive,0.2360852448835492
8822,g2pre,AM/PM,0,Motordrive,0.02802007429172086
8823,g2pre,AM/PM,0,Motordrive,0.2247201006533807
8824,g2pre,AM/PM,0,Motordrive,0.13527091528002666
8825,g2pre,AM/PM,0,Motordrive,0.14997642522934662
8826,g2pre,AM/PM,0,Motordrive,0.26936428170831567
8827,g2pre,AM/PM,0,Motordrive,0.21080210372463243
8828,g2pre,AM/PM,0,Motordrive,0.08085732033398652
8829,g2pre,AM/PM,0,Motordrive,0.08995825685366526
8830,g2pre,AM/PM,0,Motordrive,0.08537385588319965
8831,g2pre,AM/PM,0,Motordrive,0.1524262418254358
8832,g2pre,AM/PM,0,Motordrive,0.08763496801877423
8833,g2pre,AM/PM,0,Motordrive,-0.050727869827385974
8834,g2pre,AM/PM,0,Motordrive,-0.23346515739025414
8835,g2pre,AM/PM,0,Motordrive,0.1606424224337536
8836,g2pre,AM/PM,0,Motordrive,0.22219175385384465
8837,g2pre,AM/PM,0,Motordrive,0.02315842407791779
8838,g2pre,AM/PM,0,Motordrive,-0.37360096672229287
8839,g2pre,AM/PM,0,Motordrive,0.15888902481733488
8840,g2pre,AM/PM,0,Motordrive,0.15215754579509772
8841,g2pre,AM/PM,0,Motordrive,0.16184047459666592
8842,g2pre,AM/PM,0,Motordrive,0.09287242563123041
8843,g2pre,AM/PM,0,Motordrive,-0.044872765887454445
8844,g2pre,AM/PM,0,Motordrive,0.16847331809028357
8845,g2pre,AM/PM,0,Motordrive,0.06399926623151059
8846,g2pre,AM/PM,0,Motordrive,0.0039269107628360205
8847,g2pre,AM/PM,0,Motordrive,0.05955642075572684
8848,g2pre,AM/PM,0,Motordrive,0.07049049607824588
8849,g2pre,AM/PM,0,Motordrive,0.006505536351410602
8850,g2pre,AM/PM,0,Motordrive,0.14585472653525652
8851,g2pre,AM/PM,0,Motordrive,0.25369571185943357
8852,g2pre,AM/PM,0,Motordrive,0.06782591547587635
8853,g2pre,AM/PM,0,Motordrive,0.19459444390747677
8854,g2pre,AM/PM,0,Motordrive,-0.036588732800190496
8855,g2pre,AM/PM,0,Motordrive,0.09623901838690817
8856,g2pre,AM/PM,0,Motordrive,0.07818100007847281
8857,g2pre,AM/PM,0,Motordrive,-0.10024695723144368
8858,g2pre,AM/PM,0,Motordrive,0.03740019296299709
8859,g2pre,AM/PM,0,Motordrive,0.2685513143367428
8860,g2pre,AM/PM,0,Motordrive,0.11594382902913317
8861,g2pre,AM/PM,0,Motordrive,0.08076854679678976
8862,g2pre,AM/PM,0,Motordrive,0.09694381200956521
8863,g2pre,AM/PM,0,Motordrive,0.15345009156104442
8864,g2pre,AM/PM,0,Motordrive,0.09191131892827753
8865,g2pre,AM/PM,0,Motordrive,-0.05648667485671356
8866,g2pre,AM/PM,0,Motordrive,0.09131407323895377
8867,g2pre,AM/PM,0,Motordrive,-0.03359095028813436
8868,g2pre,AM/PM,0,Motordrive,0.16958285849712768
8869,g2pre,AM/PM,0,Motordrive,0.09058554135278515
8870,g2pre,AM/PM,0,Motordrive,0.03698503331089074
8871,g2pre,AM/PM,0,Motordrive,0.16016351830481446
8872,g2pre,AM/PM,0,Motordrive,0.031081868155283392
8873,g2pre,AM/PM,0,Motordrive,0.2394184698582453
8874,g2pre,AM/PM,0,Motordrive,0.27690311043236154
8875,g2pre,AM/PM,0,Motordrive,-0.05899044715907639
8876,g2pre,AM/PM,0,Motordrive,0.34910399520050006
8877,g2pre,AM/PM,0,Motordrive,0.19140444093599757
8878,g2pre,AM/PM,0,Motordrive,0.250297757486108
8879,g2pre,AM/PM,0,Motordrive,0.18752402764494558
8880,g2pre,AM/PM,0,Motordrive,0.2075344693964222
8881,g2pre,AM/PM,0,Motordrive,0.20042139471053388
8882,g2pre,AM/PM,0,Motordrive,0.11954292518755791
8883,g2pre,AM/PM,0,Motordrive,0.132286417717413
8884,g2pre,AM/PM,0,Motordrive,0.2050635963201111
8885,g2pre,AM/PM,0,Motordrive,0.008266026299670324
8886,g2pre,AM/PM,0,Motordrive,0.11021169022465126
8887,g2pre,AM/PM,0,Motordrive,0.15968832260867247
8888,g2pre,AM/PM,0,Motordrive,0.2620733870546677
8889,g2pre,AM/PM,0,Motordrive,0.2084988383757557
8890,g2pre,AM/PM,0,Motordrive,0.20972452490990282
8891,g2pre,AM/PM,0,Motordrive,0.0215382752179925
8892,g2pre,AM/PM,0,Motordrive,0.10042816933896462
8893,g2pre,AM/PM,0,Motordrive,0.12805807006436018
8894,g2pre,AM/PM,0,Motordrive,0.05254740334053235
8895,g2pre,AM/PM,0,Motordrive,0.1705126866445613
8896,g2pre,AM/PM,0,Motordrive,0.11134145988427681
8897,g2pre,AM/PM,0,Motordrive,0.13696943552820862
8898,g2pre,AM/PM,0,Motordrive,0.06800634206204545
8899,g2pre,AM/PM,0,Motordrive,-0.01506367272310964
8900,g2pre,AM/PM,0,Motordrive,0.1006024901507054
8901,g2pre,AM/PM,0,Motordrive,-0.19458446974535273
8902,g2pre,AM/PM,0,Motordrive,0.06658192347552627
8903,g2pre,AM/PM,0,Motordrive,0.047644271365066694
8904,g2pre,AM/PM,0,Motordrive,0.027714112733426482
8905,g2pre,AM/PM,0,Motordrive,0.09613393949879429
8906,g2pre,AM/PM,0,Motordrive,0.053483581020377376
8907,g2pre,AM/PM,0,Motordrive,0.16220403855363788
8908,g2pre,AM/PM,0,Motordrive,0.11144484116212888
8909,g2pre,AM/PM,0,Motordrive,0.26709001800420135
8910,g2pre,AM/PM,0,Motordrive,0.20070495623465337
8911,g2pre,AM/PM,0,Motordrive,0.005736168513667297
8912,g2pre,AM/PM,0,Motordrive,0.0032640035850945654
8913,g2pre,AM/PM,0,Motordrive,0.15379764214485886
8914,g2pre,AM/PM,0,Motordrive,-0.21010942754348458
8915,g2pre,AM/PM,0,Motordrive,0.06077101713764165
8916,g2pre,AM/PM,0,Motordrive,-0.28211296929487045
8917,g2pre,AM/PM,0,Motordrive,0.21199991524247241
8918,g2pre,AM/PM,0,Motordrive,0.05650339959722262
8919,g2pre,AM/PM,0,Motordrive,0.18678989560650028
8920,g2pre,AM/PM,0,Motordrive,0.01146348185843557
8921,g2pre,AM/PM,0,Motordrive,0.32016667391434295
8922,g2pre,AM/PM,0,Motordrive,0.028633366108424575
8923,g2pre,AM/PM,0,Motordrive,0.18717689819206257
8924,g2pre,AM/PM,1,Motordrive,0.17829655513379672
8925,g2pre,AM/PM,1,Motordrive,0.02885274229743617
8926,g2pre,AM/PM,1,Motordrive,0.19805974348249855
8927,g2pre,AM/PM,1,Motordrive,0.09737576069456676
8928,g2pre,AM/PM,1,Motordrive,0.01972914090715931
8929,g2pre,AM/PM,1,Motordrive,0.10156996697965857
8930,g2pre,AM/PM,1,Motordrive,0.07221244356722477
8931,g2pre,AM/PM,1,Motordrive,0.3015965770183625
8932,g2pre,AM/PM,1,Motordrive,0.14683767283161506
8933,g2pre,AM/PM,1,Motordrive,0.15859706949632407
8934,g2pre,AM/PM,1,Motordrive,0.10242364696634648
8935,g2pre,AM/PM,1,Motordrive,0.14291864636563606
8936,g2pre,AM/PM,1,Motordrive,0.08482757533791732
8937,g2pre,AM/PM,1,Motordrive,0.2783206199878241
8938,g2pre,AM/PM,1,Motordrive,0.06807588228757025
8939,g2pre,AM/PM,1,Motordrive,0.27329422460685027
8940,g2pre,AM/PM,1,Motordrive,0.18806840333950064
8941,g2pre,AM/PM,1,Motordrive,0.21951751071178094
8942,g2pre,AM/PM,1,Motordrive,0.3803766088350278
8943,g2pre,AM/PM,1,Motordrive,0.26362184965327307
8944,g2pre,AM/PM,1,Motordrive,0.2514174552083974
8945,g2pre,AM/PM,1,Motordrive,0.0480984159969297
8946,g2pre,AM/PM,1,Motordrive,-0.06348011890962119
8947,g2pre,AM/PM,1,Motordrive,0.10171977999029833
8948,g2pre,AM/PM,1,Motordrive,0.11973759225440508
8949,g2pre,AM/PM,1,Motordrive,0.21652762663573716
8950,g2pre,AM/PM,1,Motordrive,0.09609712471197034
8951,g2pre,AM/PM,1,Motordrive,0.07123721061618467
8952,g2pre,AM/PM,1,Motordrive,0.2542966273809752
8953,g2pre,AM/PM,1,Motordrive,0.3324865083388867
8954,g2pre,AM/PM,1,Motordrive,0.19338678724094516
8955,g2pre,AM/PM,1,Motordrive,0.1817570786952061
8956,g2pre,AM/PM,1,Motordrive,0.05027243478574526
8957,g2pre,AM/PM,1,Motordrive,0.10497229192163533
8958,g2pre,AM/PM,1,Motordrive,0.08072340134545451
8959,g2pre,AM/PM,1,Motordrive,0.12016775042775286
8960,g2pre,AM/PM,1,Motordrive,0.08718592973023147
8961,g2pre,AM/PM,1,Motordrive,-0.037318216087493444
8962,g2pre,AM/PM,1,Motordrive,0.20468613117999016
8963,g2pre,AM/PM,1,Motordrive,0.18989876630721497
8964,g2pre,AM/PM,1,Motordrive,0.1177551907289701
8965,g2pre,AM/PM,1,Motordrive,0.1336990109019483
8966,g2pre,AM/PM,1,Motordrive,0.31896704258979514
8967,g2pre,AM/PM,1,Motordrive,0.26223798206475796
8968,g2pre,AM/PM,1,Motordrive,0.2768585299136298
8969,g2pre,AM/PM,1,Motordrive,-0.06037094139971696
8970,g2pre,AM/PM,1,Motordrive,0.08689729442080595
8971,g2pre,AM/PM,1,Motordrive,0.12855507490579335
8972,g2pre,AM/PM,1,Motordrive,0.02241314117748884
8973,g2pre,AM/PM,1,Motordrive,0.27593642980922584
8974,g2pre,AM/PM,1,Motordrive,-0.004359792441340979
8975,g2pre,AM/PM,1,Motordrive,0.082502290572127
8976,g2pre,AM/PM,1,Motordrive,0.00628842473981514
8977,g2pre,AM/PM,1,Motordrive,0.0605398690663249
8978,g2pre,AM/PM,1,Motordrive,-0.02356590205789768
8979,g2pre,AM/PM,1,Motordrive,-0.135769329815379
8980,g2pre,AM/PM,1,Motordrive,0.3579286970350334
8981,g2pre,AM/PM,1,Motordrive,-0.02953443780369631
8982,g2pre,AM/PM,1,Motordrive,0.23303281791129524
8983,g2pre,AM/PM,1,Motordrive,0.10259095080313957
8984,g2pre,AM/PM,1,Motordrive,0.23373619965320339
8985,g2pre,AM/PM,1,Motordrive,0.08922447289241517
8986,g2pre,AM/PM,1,Motordrive,0.10231571152375465
8987,g2pre,AM/PM,1,Motordrive,-0.012965570331396966
8988,g2pre,AM/PM,1,Motordrive,0.3031560459528628
8989,g2pre,AM/PM,1,Motordrive,0.012885477935612252
8990,g2pre,AM/PM,1,Motordrive,0.23376998855327658
8991,g2pre,AM/PM,1,Motordrive,0.24645894181963432
8992,g2pre,AM/PM,1,Motordrive,0.34491784726158153
8993,g2pre,AM/PM,1,Motordrive,0.2695597809710651
8994,g2pre,AM/PM,1,Motordrive,0.1809825125961577
8995,g2pre,AM/PM,1,Motordrive,0.04028199903405716
8996,g2pre,AM/PM,1,Motordrive,-0.01669077894540964
8997,g2pre,AM/PM,1,Motordrive,0.4832153585011483
8998,g2pre,AM/PM,1,Motordrive,0.23775680844094896
8999,g2pre,AM/PM,1,Motordrive,0.06228991859320426
9000,g2pre,AM/PM,1,Motordrive,0.22354397416308952
9001,g2pre,AM/PM,1,Motordrive,-0.06738982960977898
9002,g2pre,AM/PM,1,Motordrive,0.13903927862772897
9003,g2pre,AM/PM,1,Motordrive,0.09137503530154754
9004,g2pre,AM/PM,1,Motordrive,0.06713861410775708
9005,g2pre,AM/PM,1,Motordrive,0.029116092723995405
9006,g2pre,AM/PM,1,Motordrive,0.006810631428977018
9007,g2pre,AM/PM,1,Motordrive,0.004074224399240599
9008,g2pre,AM/PM,1,Motordrive,-0.07896922630124065
9009,g2pre,AM/PM,1,Motordrive,0.14672629045832547
9010,g2pre,AM/PM,1,Motordrive,0.03448847850314586
9011,g2pre,AM/PM,1,Motordrive,0.23532577029811183
9012,g2pre,AM/PM,1,Motordrive,-0.00753278939798637
9013,g2pre,AM/PM,1,Motordrive,0.015899340885102406
9014,g2pre,AM/PM,1,Motordrive,0.04532384521917784
9015,g2pre,AM/PM,1,Motordrive,0.09841971922142824
9016,g2pre,AM/PM,1,Motordrive,0.14247320697010016
9017,g2pre,AM/PM,1,Motordrive,0.24245062434782705
9018,g2pre,AM/PM,1,Motordrive,0.5053199788716473
9019,g2pre,AM/PM,1,Motordrive,0.08735209437844718
9020,g2pre,AM/PM,1,Motordrive,0.03601151392236873
9021,g2pre,AM/PM,1,Motordrive,0.3119194024466862
9022,g2pre,AM/PM,1,Motordrive,0.03472305954521645
9023,g2pre,AM/PM,1,Motordrive,0.02876637157948423
9024,g2pre,AM/PM,1,Motordrive,0.33748335844702054
9025,g2pre,AM/PM,1,Motordrive,-0.07814339250340137
9026,g2pre,AM/PM,1,Motordrive,0.48216615922502065
9027,g2pre,AM/PM,1,Motordrive,-0.009926909071471767
9028,g2pre,AM/PM,1,Motordrive,0.14648067940051626
9029,g2pre,AM/PM,1,Motordrive,0.1080927019943064
9030,g2pre,AM/PM,1,Motordrive,0.0467935900528484
9031,g2pre,AM/PM,1,Motordrive,0.11431481848503368
9032,g2pre,AM/PM,1,Motordrive,0.05806549773769191
9033,g2pre,AM/PM,1,Motordrive,0.13361845506801087
9034,g2pre,AM/PM,1,Motordrive,-0.041345179438101926
9035,g2pre,AM/PM,1,Motordrive,0.06071171573822433
9036,g2pre,AM/PM,1,Motordrive,0.06377692485331864
9037,g2pre,AM/PM,1,Motordrive,0.025770443681970203
9038,g2pre,AM/PM,1,Motordrive,0.1411665532749996
9039,g2pre,AM/PM,1,Motordrive,0.20812158321453716
9040,g2pre,AM/PM,1,Motordrive,-0.021564228557675202
9041,g2pre,AM/PM,1,Motordrive,0.050545052777233375
9042,g2pre,AM/PM,1,Motordrive,-0.03586574540148321
9043,g2pre,AM/PM,1,Motordrive,0.34977046604403295
9044,g2pre,AM/PM,1,Motordrive,0.11351091804031073
9045,g2pre,AM/PM,5,Motordrive,-0.1618864140386505
9046,g2pre,AM/PM,5,Motordrive,-0.04700308560864385
9047,g2pre,AM/PM,5,Motordrive,-0.11684475715922314
9048,g2pre,AM/PM,5,Motordrive,0.024524211939816902
9049,g2pre,AM/PM,11,Motordrive,0.04662213999775842
9050,g2pre,AM/PM,11,Motordrive,-0.05566182997347303
9051,g2pre,AM/PM,11,Motordrive,0.1405497620083609
9052,g2pre,AM/PM,11,Motordrive,0.024660107177268603
9053,g2pre,AM/PM,11,Motordrive,0.015558994670383118
9054,g2pre,AM/PM,11,Motordrive,-0.05432354163888668
9055,g2pre,AM/PM,11,Motordrive,0.04847647311788499
9056,g2pre,AM/PM,11,Motordrive,0.020371007390083185
9057,g2pre,AM/PM,11,Motordrive,0.022607893865391727
9058,g2pre,AM/PM,11,Motordrive,0.008733264546772614
9059,g2pre,AM/PM,11,Motordrive,0.017955270438353932
9060,g2pre,AM/PM,11,Motordrive,0.1564429498819554
9061,g2pre,AM/PM,11,Motordrive,-0.0026238351376325457
9062,g2pre,AM/PM,11,Motordrive,0.07713300135101847
9063,g2pre,AM/PM,11,Motordrive,0.07230116396034533
9064,g2pre,AM/PM,11,Motordrive,0.03644489973178092
9065,g2pre,AM/PM,11,Motordrive,0.08753006639388645
9066,g2pre,AM/PM,11,Motordrive,-0.021413391819364205
9067,g2pre,AM/PM,11,Motordrive,0.08858578114739048
9068,g2pre,AM/PM,11,Motordrive,0.07044767372916683
9069,g2pre,AM/PM,11,Motordrive,0.1111190866910777
9070,g2pre,AM/PM,11,Motordrive,0.020065118178363917
9071,g2pre,AM/PM,11,Motordrive,0.007015333658357154
9072,g2pre,AM/PM,11,Motordrive,0.036365877434310995
9073,g2pre,AM/PM,11,Motordrive,0.10861179107482466
9074,g2pre,AM/PM,11,Motordrive,0.24795582566520863
9075,g2pre,AM/PM,11,Motordrive,0.05542385565015746
9076,g2pre,AM/PM,11,Motordrive,0.011083853545232595
9077,g2pre,AM/PM,11,Motordrive,0.17105445249372303
9078,g2pre,AM/PM,11,Motordrive,-0.008033772981973218
9079,g2pre,AM/PM,11,Motordrive,0.08139453603065287
9080,g2pre,AM/PM,11,Motordrive,0.017544526670824352
9081,g2pre,AM/PM,11,Motordrive,-0.06559714387130033
9082,g2pre,AM/PM,11,Motordrive,0.0004061472565430002
9083,g2pre,AM/PM,11,Motordrive,0.09261798022590512
9084,g2pre,AM/PM,11,Motordrive,0.11222260952503925
9085,g2pre,AM/PM,11,Motordrive,0.27848184225766104
9086,g2pre,AM/PM,11,Motordrive,0.032037657305752816
9087,g2pre,AM/PM,11,Motordrive,-2.993995021045797e-05
9088,g2pre,AM/PM,11,Motordrive,-0.010364682901277154
9089,g2pre,AM/PM,11,Motordrive,-0.020569724872652923
9090,g2pre,AM/PM,11,Motordrive,0.049997435143393255
9091,g2pre,AM/PM,11,Motordrive,0.10201400117034447
9092,g2pre,AM/PM,11,Motordrive,0.10250061443197117
9093,g2pre,AM/PM,11,Motordrive,-0.0688841922325803
9094,g2pre,AM/PM,11,Motordrive,0.21763518806631216
9095,g2pre,AM/PM,11,Motordrive,-0.0010599393638809846
9096,g2pre,AM/PM,11,Motordrive,-0.05727971356329072
9097,g2pre,AM/PM,11,Motordrive,0.009831239330020159
9098,g2pre,AM/PM,11,Motordrive,0.19701053640854171
9099,g2pre,AM/PM,11,Motordrive,0.060298098086498934
9100,g2pre,AM/PM,11,Motordrive,-0.007723899376080612
9101,g2pre,AM/PM,11,Motordrive,0.17149854496489347
9102,g2pre,AM/PM,11,Motordrive,0.07446040240264663
9103,g2pre,AM/PM,11,Motordrive,0.014612385790698403
9104,g2pre,AM/PM,11,Motordrive,0.16596762473047463
9105,g2pre,AM/PM,11,Motordrive,0.1746251913680022
9106,g2pre,AM/PM,11,Motordrive,0.10543161173276351
9107,g2pre,AM/PM,11,Motordrive,0.28221372261256483
9108,g2pre,AM/PM,11,Motordrive,0.034608613167567616
9109,g2pre,AM/PM,11,Motordrive,0.04585146291456025
9110,g2pre,AM/PM,11,Motordrive,0.08703624292147638
9111,g2pre,AM/PM,11,Motordrive,0.07763545313302708
9112,g2pre,AM/PM,11,Motordrive,-0.02080055445680246
9113,g2pre,AM/PM,11,Motordrive,0.08715396859294007
9114,g2pre,AM/PM,11,Motordrive,0.1579371567833038
9115,g2pre,AM/PM,11,Motordrive,0.27609674960043673
9116,g2pre,AM/PM,11,Motordrive,0.09032094975370435
9117,g2pre,AM/PM,11,Motordrive,0.14266655868122594
9118,g2pre,AM/PM,11,Motordrive,0.14053521524099338
9119,g2pre,AM/PM,11,Motordrive,0.11498260408964406
9120,g2pre,AM/PM,11,Motordrive,0.1481990525678421
9121,g2pre,AM/PM,11,Motordrive,-0.02576850466390081
9122,g2pre,AM/PM,11,Motordrive,0.005184228530468448
9123,g2pre,AM/PM,11,Motordrive,0.03510116810476455
9124,g2pre,AM/PM,11,Motordrive,0.12806582324072674
9125,g2pre,AM/PM,11,Motordrive,0.28296635061960385
9126,g2pre,AM/PM,11,Motordrive,0.21373929506147352
9127,g2pre,AM/PM,11,Motordrive,0.13458088248239836
9128,g2pre,AM/PM,11,Motordrive,0.352902105736065
9129,g2pre,AM/PM,11,Motordrive,0.1418316803702591
9130,g2pre,AM/PM,11,Motordrive,0.05846500241764967
9131,g2pre,AM/PM,11,Motordrive,-0.057790535262727614
9132,g2pre,AM/PM,11,Motordrive,0.017115161102309845
9133,g2pre,AM/PM,11,Motordrive,0.10430974079145425
9134,g2pre,AM/PM,11,Motordrive,-0.05613413684439346
9135,g2pre,AM/PM,11,Motordrive,0.22013632464180377
9136,g2pre,AM/PM,11,Motordrive,0.235581811879168
9137,g2pre,AM/PM,11,Motordrive,0.08587345824272744
9138,g2pre,AM/PM,11,Motordrive,0.10495033734995879
9139,g2pre,AM/PM,11,Motordrive,0.02669615390967722
9140,g2pre,AM/PM,11,Motordrive,0.1404931982703068
9141,g2pre,AM/PM,11,Motordrive,-0.19883276340146952
9142,g2pre,AM/PM,11,Motordrive,0.159812917396047
9143,g2pre,AM/PM,11,Motordrive,0.16096800774886752
9144,g2pre,AM/PM,11,Motordrive,0.16847627880418423
9145,g2pre,AM/PM,11,Motordrive,0.09923398582887999
9146,g2pre,AM/PM,11,Motordrive,-0.07153736627913913
9147,g2pre,AM/PM,11,Motordrive,0.22263651417682628
9148,g2pre,AM/PM,11,Motordrive,0.06407928993081065
9149,g2pre,AM/PM,11,Motordrive,-0.033372128985160454
9150,g2pre,AM/PM,11,Motordrive,0.0943868703941365
9151,g2pre,AM/PM,11,Motordrive,0.03542184950210994
9152,g2pre,AM/PM,11,Motordrive,-0.0011487525825028084
9153,g2pre,AM/PM,11,Motordrive,0.15386775314009962
9154,g2pre,AM/PM,11,Motordrive,-0.05750116537247228
9155,g2pre,AM/PM,11,Motordrive,0.07319360697308912
9156,g2pre,AM/PM,11,Motordrive,0.11604260116793227
9157,g2pre,AM/PM,11,Motordrive,0.07797333745792812
9158,g2pre,AM/PM,11,Motordrive,0.09549728273427505
9159,g2pre,AM/PM,11,Motordrive,0.07837223542254186
9160,g2pre,AM/PM,11,Motordrive,0.0754458689535995
9161,g2pre,AM/PM,11,Motordrive,0.2570081226258162
9162,g2pre,AM/PM,11,Motordrive,0.12986568187692618
9163,g2pre,AM/PM,11,Motordrive,0.05187372689001224
9164,g2pre,AM/PM,11,Motordrive,0.023629208295427535
9165,g2pre,AM/PM,11,Motordrive,0.1907461080059014
9166,g2pre,AM/PM,11,Motordrive,-0.04260120471764914
9167,g2pre,AM/PM,11,Motordrive,0.050736877544728956
9168,g2pre,AM/PM,11,Motordrive,-0.0236595033922063
9169,g2pre,AM/PM,11,Motordrive,-0.015176216458418138
9170,g2pre,AM/PM,11,Motordrive,0.01561911934118722
9171,g2pre,AM/PM,11,Motordrive,-0.14109160776003596
9172,g2pre,AM/PM,11,Motordrive,0.140789409380695
9173,g2pre,AM/PM,11,Motordrive,0.06036361374112184
9174,g2pre,AM/PM,11,Motordrive,0.06768489616458152
9175,g2pre,AM/PM,11,Motordrive,0.2702684990815517
9176,g2pre,AM/PM,11,Motordrive,0.04474653539452146
9177,g2pre,AM/PM,11,Motordrive,0.13199667074707092
9178,g2pre,AM/PM,11,Motordrive,0.23805866297732833
9179,g2pre,AM/PM,11,Motordrive,0.03153856286901305
9180,g2pre,AM/PM,11,Motordrive,0.20146911478653012
9181,g2pre,AM/PM,11,Motordrive,0.1451703107359955
9182,g2pre,AM/PM,11,Motordrive,0.10658803576953023
9183,g2pre,AM/PM,11,Motordrive,0.12281846276006407
9184,g2pre,A/RL/AL,1,Adrive,0.08287657687458341
9185,g2pre,A/RL/AL,1,Adrive,0.14227778493537713
9186,g2pre,A/RL/AL,1,Adrive,0.024289793538843762
9187,g2pre,A/RL/AL,1,Adrive,0.3273352294526665
9188,g2pre,A/RL/AL,1,Adrive,0.03137180257361874
9189,g2pre,A/RL/AL,1,Adrive,0.5403565878631456
9190,g2pre,A/RL/AL,1,Adrive,0.2984832232273002
9191,g2pre,A/RL/AL,1,Adrive,0.17388612315797564
9192,g2pre,A/RL/AL,1,Adrive,0.30633009844758213
9193,g2pre,A/RL/AL,1,Adrive,0.09345863452128812
9194,g2pre,A/RL/AL,1,Adrive,-0.09894202455383891
9195,g2pre,A/RL/AL,1,Adrive,0.10349566306459936
9196,g2pre,A/RL/AL,1,Adrive,0.5467289651484074
9197,g2pre,A/RL/AL,1,Adrive,-0.05022081500892299
9198,g2pre,A/RL/AL,1,Adrive,-0.11570531280239216
9199,g2pre,A/RL/AL,1,Adrive,-0.12043045069504092
9200,g2pre,A/RL/AL,1,Adrive,0.043763049993219526
9201,g2pre,A/RL/AL,1,Adrive,0.13039385191948272
9202,g2pre,A/RL/AL,1,Adrive,0.154170882074453
9203,g2pre,A/RL/AL,1,Adrive,0.019758500037860293
9204,g2pre,A/RL/AL,1,Adrive,-0.06359217199816947
9205,g2pre,A/RL/AL,1,Adrive,0.08254775959292406
9206,g2pre,A/RL/AL,1,Adrive,0.08467994648499841
9207,g2pre,A/RL/AL,1,Adrive,0.08489831961819663
9208,g2pre,A/RL/AL,1,Adrive,-0.09245104237394476
9209,g2pre,A/RL/AL,1,Adrive,0.04665972645810266
9210,g2pre,A/RL/AL,1,Adrive,0.041997361487960454
9211,g2pre,A/RL/AL,1,Adrive,0.1695197554161234
9212,g2pre,A/RL/AL,1,Adrive,0.2569153116878454
9213,g2pre,A/RL/AL,1,Adrive,0.22355759806279682
9214,g2pre,A/RL/AL,1,Adrive,-0.10327675723400401
9215,g2pre,A/RL/AL,1,Adrive,-0.15835066131337
9216,g2pre,A/RL/AL,1,Adrive,0.19068242627570564
9217,g2pre,A/RL/AL,1,Adrive,0.11114145363423314
9218,g2pre,A/RL/AL,1,Adrive,0.0925849870082047
9219,g2pre,A/RL/AL,1,Adrive,0.036768426980411294
9220,g2pre,A/RL/AL,1,Adrive,0.07821721329862986
9221,g2pre,A/RL/AL,1,Adrive,-0.1151774545690184
9222,g2pre,A/RL/AL,1,Adrive,0.13421069346715347
9223,g2pre,A/RL/AL,1,Adrive,0.08891900023826022
9224,g2pre,A/RL/AL,1,Adrive,-0.10762373506448733
9225,g2pre,A/RL/AL,1,Adrive,-0.0973850441016122
9226,g2pre,A/RL/AL,1,Adrive,-0.18776941900502658
9227,g2pre,A/RL/AL,1,Adrive,0.019061806498750427
9228,g2pre,A/RL/AL,1,Adrive,-0.061491145144215435
9229,g2pre,A/RL/AL,1,Adrive,0.04951159450749963
9230,g2pre,A/RL/AL,1,Adrive,0.019209561326656393
9231,g2pre,A/RL/AL,1,Adrive,0.09525473498275837
9232,g2pre,A/RL/AL,1,Adrive,0.0030942862323637683
9233,g2pre,A/RL/AL,1,Adrive,-0.11922948707423776
9234,g2pre,A/RL/AL,1,Adrive,0.18131589665831713
9235,g2pre,A/RL/AL,1,Adrive,0.016078996046109923
9236,g2pre,A/RL/AL,1,Adrive,0.07033311896088904
9237,g2pre,A/RL/AL,1,Adrive,0.007247078491390018
9238,g2pre,A/RL/AL,1,Adrive,-0.03301761788996193
9239,g2pre,A/RL/AL,1,Adrive,0.025084453533221366
9240,g2pre,A/RL/AL,1,Adrive,0.3998826769410443
9241,g2pre,A/RL/AL,1,Adrive,-0.09618195641025691
9242,g2pre,A/RL/AL,1,Adrive,0.12106059483856
9243,g2pre,A/RL/AL,1,Adrive,-0.09557884159078173
9244,g2pre,A/RL/AL,1,Adrive,0.429227274329339
9245,g2pre,A/RL/AL,1,Adrive,0.020226882425825817
9246,g2pre,A/RL/AL,1,Adrive,0.12824226791673457
9247,g2pre,A/RL/AL,1,Adrive,0.28422951132832275
9248,g2pre,A/RL/AL,1,Adrive,-0.013521167401209337
9249,g2pre,A/RL/AL,1,Adrive,0.01058717211574884
9250,g2pre,A/RL/AL,1,Adrive,-0.11335137696893789
9251,g2pre,A/RL/AL,1,Adrive,0.19934497004014481
9252,g2pre,A/RL/AL,1,Adrive,-0.0482231687367657
9253,g2pre,A/RL/AL,1,Adrive,-0.08900691982629208
9254,g2pre,A/RL/AL,1,Adrive,-0.10882627959396095
9255,g2pre,A/RL/AL,1,Adrive,-0.046917037821170314
9256,g2pre,A/RL/AL,1,Adrive,-0.24888351483336493
9257,g2pre,A/RL/AL,1,Adrive,0.0809926778135693
9258,g2pre,A/RL/AL,1,Adrive,0.4395695182395514
9259,g2pre,A/RL/AL,1,Adrive,-0.12847243902508992
9260,g2pre,A/RL/AL,1,Adrive,-0.11317553689854713
9261,g2pre,A/RL/AL,1,Adrive,0.7286257960403318
9262,g2pre,A/RL/AL,1,Adrive,-0.04836914905039387
9263,g2pre,A/RL/AL,1,Adrive,0.031077660777961084
9264,g2pre,A/RL/AL,1,Adrive,0.0355024786789481
9265,g2pre,A/RL/AL,1,Adrive,0.21530844934108784
9266,g2pre,A/RL/AL,1,Adrive,-0.1841775940181032
9267,g2pre,A/RL/AL,1,Adrive,0.7840210154726575
9268,g2pre,A/RL/AL,1,Adrive,0.11659979397269819
9269,g2pre,A/RL/AL,2,Adrive,0.06150921511414782
9270,g2pre,A/RL/AL,2,Adrive,0.040922919993872535
9271,g2pre,A/RL/AL,2,Adrive,0.0938902044562637
9272,g2pre,A/RL/AL,2,Adrive,-0.071833539291303
9273,g2pre,A/RL/AL,2,Adrive,0.1761805825065663
9274,g2pre,A/RL/AL,2,Adrive,-0.15605541142817853
9275,g2pre,A/RL/AL,2,Adrive,0.0462417385622565
9276,g2pre,A/RL/AL,2,Adrive,-0.014591903081767067
9277,g2pre,A/RL/AL,2,Adrive,-0.14505891744876995
9278,g2pre,A/RL/AL,2,Adrive,0.017087477920154227
9279,g2pre,A/RL/AL,2,Adrive,0.07934822805974459
9280,g2pre,A/RL/AL,2,Adrive,0.010036098420002425
9281,g2pre,A/RL/AL,2,Adrive,-0.028218771754259905
9282,g2pre,A/RL/AL,2,Adrive,0.0034825889602828034
9283,g2pre,A/RL/AL,2,Adrive,0.0261141780129236
9284,g2pre,A/RL/AL,2,Adrive,0.025095863055131225
9285,g2pre,A/RL/AL,2,Adrive,-0.05505233006281102
9286,g2pre,A/RL/AL,2,Adrive,0.16609563618422046
9287,g2pre,A/RL/AL,2,Adrive,0.14591811337597552
9288,g2pre,A/RL/AL,2,Adrive,-0.03552955551587782
9289,g2pre,A/RL/AL,2,Adrive,0.048147643676190545
9290,g2pre,A/RL/AL,2,Adrive,0.0056372524387585925
9291,g2pre,A/RL/AL,2,Adrive,0.3049007743284502
9292,g2pre,A/RL/AL,2,Adrive,-0.06041111269927249
9293,g2pre,A/RL/AL,2,Adrive,0.12786917026763023
9294,g2pre,A/RL/AL,2,Adrive,0.27057979527573134
9295,g2pre,A/RL/AL,2,Adrive,-0.05060018416554039
9296,g2pre,A/RL/AL,2,Adrive,-0.014424740856293397
9297,g2pre,A/RL/AL,2,Adrive,0.05862545815083896
9298,g2pre,A/RL/AL,2,Adrive,0.021570879419163146
9299,g2pre,A/RL/AL,2,Adrive,-0.03650742937038073
9300,g2pre,A/RL/AL,2,Adrive,0.15600979190818703
9301,g2pre,A/RL/AL,2,Adrive,-0.08643721044375371
9302,g2pre,A/RL/AL,2,Adrive,0.04218760800907768
9303,g2pre,A/RL/AL,2,Adrive,-0.08104281879607188
9304,g2pre,A/RL/AL,2,Adrive,0.0444628685365315
9305,g2pre,A/RL/AL,2,Adrive,0.14884047716073912
9306,g2pre,A/RL/AL,2,Adrive,0.27622360521306166
9307,g2pre,A/RL/AL,2,Adrive,0.033874640151947404
9308,g2pre,A/RL/AL,2,Adrive,-0.045788849663221075
9309,g2pre,A/RL/AL,2,Adrive,0.013598360625906646
9310,g2pre,A/RL/AL,2,Adrive,0.014148842174460325
9311,g2pre,A/RL/AL,2,Adrive,0.13679175546353586
9312,g2pre,A/RL/AL,2,Adrive,0.00646064473909009
9313,g2pre,A/RL/AL,2,Adrive,0.04268023840939173
9314,g2pre,A/RL/AL,2,Adrive,0.07767794333540258
9315,g2pre,A/RL/AL,4,Adrive,0.3382597703165171
9316,g2pre,A/RL/AL,4,Adrive,0.13219168691430255
9317,g2pre,A/RL/AL,4,Adrive,-0.11102214114950083
9318,g2pre,A/RL/AL,4,Adrive,-0.005391486295742348
9319,g2pre,A/RL/AL,4,Adrive,0.03739634796360086
9320,g2pre,A/RL/AL,4,Adrive,0.08680135635612808
9321,g2pre,A/RL/AL,4,Adrive,0.0035261612204334943
9322,g2pre,A/RL/AL,4,Adrive,0.22490720666871414
9323,g2pre,A/RL/AL,4,Adrive,-0.06610368701403416
9324,g2pre,A/RL/AL,4,Adrive,0.1513992433031938
9325,g2pre,A/RL/AL,4,Adrive,0.07012529430319892
9326,g2pre,A/RL/AL,4,Adrive,0.032661003785504975
9327,g2pre,A/RL/AL,4,Adrive,0.2433781738435711
9328,g2pre,A/RL/AL,5,Adrive,0.19848478907542938
9329,g2pre,A/RL/AL,5,Adrive,0.21034269718030707
9330,g2pre,A/RL/AL,5,Adrive,-0.13091382486957578
9331,g2pre,A/RL/AL,5,Adrive,0.17755900415961393
9332,g2pre,A/RL/AL,5,Adrive,0.013170804675523961
9333,g2pre,A/RL/AL,5,Adrive,-0.009598593014537738
9334,g2pre,A/RL/AL,5,Adrive,0.26744205676000565
9335,g2pre,A/RL/AL,5,Adrive,-0.056555874311858316
9336,g2pre,A/RL/AL,5,Adrive,0.09320633387470356
9337,g2pre,A/RL/AL,5,Adrive,-0.22852779995200834
9338,g2pre,A/RL/AL,5,Adrive,0.2486490727144888
9339,g2pre,A/RL/AL,5,Adrive,0.10504856484172244
9340,g2pre,A/RL/AL,5,Adrive,0.043927770150119276
9341,g2pre,A/RL/AL,5,Adrive,0.00023265187724685877
9342,g2pre,A/RL/AL,5,Adrive,-0.0835297379201796
9343,g2pre,A/RL/AL,5,Adrive,-0.007032847750134177
9344,g2pre,A/RL/AL,5,Adrive,0.15387692202436906
9345,g2pre,A/RL/AL,5,Adrive,0.12632293093926789
9346,g2pre,A/RL/AL,5,Adrive,0.15380339785795424
9347,g2pre,A/RL/AL,5,Adrive,0.13011603504664707
9348,g2pre,A/RL/AL,5,Adrive,-0.10529476954503482
9349,g2pre,A/RL/AL,5,Adrive,0.03870823406374186
9350,g2pre,A/RL/AL,5,Adrive,0.06320869934779319
9351,g2pre,A/RL/AL,5,Adrive,0.0028102573070761163
9352,g2pre,A/RL/AL,5,Adrive,-0.021341402279182978
9353,g2pre,A/RL/AL,5,Adrive,-0.14982992667166695
9354,g2pre,A/RL/AL,5,Adrive,0.16071066388784175
9355,g2pre,A/RL/AL,5,Adrive,0.28222107453413436
9356,g2pre,A/RL/AL,5,Adrive,-0.07739621348920292
9357,g2pre,A/RL/AL,5,Adrive,0.18416128315918262
9358,g2pre,A/RL/AL,5,Adrive,-0.05917420865308541
9359,g2pre,A/RL/AL,5,Adrive,0.09416440928586371
9360,g2pre,A/RL/AL,5,Adrive,0.019925484800111744
9361,g2pre,A/RL/AL,5,Adrive,-0.030958784556136137
9362,g2pre,A/RL/AL,5,Adrive,0.12634373519774666
9363,g2pre,A/RL/AL,5,Adrive,0.07411388020073413
9364,g2pre,A/RL/AL,5,Adrive,0.10096208594145442
9365,g2pre,A/RL/AL,5,Adrive,0.09755705729457773
9366,g2pre,A/RL/AL,5,Adrive,0.12852771163511265
9367,g2pre,A/RL/AL,5,Adrive,0.041559847823134335
9368,g2pre,A/RL/AL,5,Adrive,-0.0179829943148365
9369,g2pre,A/RL/AL,5,Adrive,0.028004746061086824
9370,g2pre,A/RL/AL,5,Adrive,0.11686859754905841
9371,g2pre,A/RL/AL,5,Adrive,0.041563738911151366
9372,g2pre,A/RL/AL,5,Adrive,0.12958440121326506
9373,g2pre,A/RL/AL,5,Adrive,0.09649449474690565
9374,g2pre,A/RL/AL,5,Adrive,-0.08235543353887023
9375,g2pre,A/RL/AL,5,Adrive,-0.21982746828956085
9376,g2pre,A/RL/AL,5,Adrive,-0.07856835426328922
9377,g2pre,A/RL/AL,5,Adrive,0.3975771534611276
9378,g2pre,A/RL/AL,5,Adrive,0.14722418949744046
9379,g2pre,A/RL/AL,5,Adrive,0.18105094683344716
9380,g2pre,A/RL/AL,5,Adrive,0.21400078665264316
9381,g2pre,A/RL/AL,5,Adrive,0.027020464563687268
9382,g2pre,A/RL/AL,5,Adrive,0.32622938962966685
9383,g2pre,A/RL/AL,5,Adrive,0.18386707070412744
9384,g2pre,A/RL/AL,5,Adrive,0.11188583022049553
9385,g2pre,A/RL/AL,5,Adrive,-0.07125490222142548
9386,g2pre,A/RL/AL,5,Adrive,0.14798715336692772
9387,g2pre,A/RL/AL,5,Adrive,0.2430663570304335
9388,g2pre,A/RL/AL,5,Adrive,-0.0971985048672411
9389,g2pre,A/RL/AL,5,Adrive,0.04263602498736115
9390,g2pre,A/RL/AL,5,Adrive,0.18140684276943442
9391,g2pre,A/RL/AL,5,Adrive,0.21116880754281375
9392,g2pre,A/RL/AL,5,Adrive,0.15486496025542093
9393,g2pre,A/RL/AL,8,Adrive,-0.19491710420087746
9394,g2pre,A/RL/AL,8,Adrive,0.15953784708818033
9395,g2pre,A/RL/AL,8,Adrive,0.13638244348533063
9396,g2pre,A/RL/AL,8,Adrive,0.07571058230546421
9397,g2pre,A/RL/AL,8,Adrive,0.4750536663789817
9398,g2pre,A/RL/AL,8,Adrive,0.058939617694437015
9399,g2pre,A/RL/AL,8,Adrive,0.03508142127500144
9400,g2pre,A/RL/AL,8,Adrive,0.29556506399991805
9401,g2pre,A/RL/AL,8,Adrive,0.31453254012982323
9402,g2pre,A/RL/AL,8,Adrive,0.3653699282109846
9403,g2pre,A/RL/AL,8,Adrive,-0.18436128906779947
9404,g2pre,A/RL/AL,8,Adrive,0.026722991562341224
9405,g2pre,A/RL/AL,8,Adrive,0.16882955629823312
9406,g2pre,A/RL/AL,8,Adrive,0.4174874574793396
9407,g2pre,A/RL/AL,8,Adrive,0.24211248527367982
9408,g2pre,A/RL/AL,8,Adrive,0.28497011864090643
9409,g2pre,A/RL/AL,8,Adrive,0.11694807773124227
9410,g2pre,A/RL/AL,8,Adrive,0.3347081979627881
9411,g2pre,A/RL/AL,8,Adrive,0.20549704032262442
9412,g2pre,A/RL/AL,8,Adrive,0.144093631187151
9413,g2pre,A/RL/AL,8,Adrive,0.25561063781802384
9414,g2pre,A/RL/AL,8,Adrive,-0.2846578379949922
9415,g2pre,A/RL/AL,8,Adrive,-0.10996577051371058
9416,g2pre,A/RL/AL,8,Adrive,-0.030689918438787402
9417,g2pre,A/RL/AL,8,Adrive,0.4086830004208718
9418,g2pre,A/RL/AL,8,Adrive,-0.13629668329776448
9419,g2pre,A/RL/AL,8,Adrive,-0.13632803649539313
9420,g2pre,A/RL/AL,8,Adrive,0.35259060055397023
9421,g2pre,A/RL/AL,8,Adrive,0.23023026144026557
9422,g2pre,A/RL/AL,8,Adrive,0.3360350076087662
9423,g2pre,A/RL/AL,8,Adrive,0.4455802161804669
9424,g2pre,A/RL/AL,8,Adrive,-0.25461127319239824
9425,g2pre,A/RL/AL,8,Adrive,-0.025508452759689777
9426,g2pre,A/RL/AL,8,Adrive,0.16873649640796526
9427,g2pre,A/RL/AL,8,Adrive,0.2259094801555777
9428,g2pre,A/RL/AL,8,Adrive,0.45715240014922087
9429,g2pre,A/RL/AL,8,Adrive,0.34161559077736253
9430,g2pre,A/RL/AL,8,Adrive,0.05957157457706066
9431,g2pre,A/RL/AL,8,Adrive,0.03415176634636734
9432,g2pre,A/RL/AL,8,Adrive,0.12267871558409228
9433,g2pre,A/RL/AL,8,Adrive,0.23318853673391132
9434,g2pre,A/RL/AL,8,Adrive,-0.2292653918987515
9435,g2pre,A/RL/AL,8,Adrive,0.5903028175342263
9436,g2pre,A/RL/AL,8,Adrive,-0.1479369573728349
9437,g2pre,A/RL/AL,8,Adrive,-0.27167210640858697
9438,g2pre,A/RL/AL,8,Adrive,0.022028904988036082
9439,g2pre,A/RL/AL,8,Adrive,0.3527706614030986
9440,g2pre,A/RL/AL,8,Adrive,0.3185863294306443
9441,g2pre,A/RL/AL,8,Adrive,0.24664401034109862
9442,g2pre,A/RL/AL,8,Adrive,0.3080352719508835
9443,g2pre,A/RL/AL,8,Adrive,0.14494180128817735
9444,g2pre,A/RL/AL,8,Adrive,-0.14715232713740534
9445,g2pre,A/RL/AL,8,Adrive,0.12587987203696885
9446,g2pre,A/RL/AL,8,Adrive,-0.08108802024770347
9447,g2pre,A/RL/AL,8,Adrive,0.28499310600800437
9448,g2pre,A/RL/AL,8,Adrive,0.3258877858395692
9449,g2pre,A/RL/AL,8,Adrive,-0.10746146380645911
9450,g2pre,A/RL/AL,8,Adrive,0.16838020186782982
9451,g2pre,A/RL/AL,8,Adrive,0.056088287185892496
9452,g2pre,A/RL/AL,8,Adrive,0.1984210177357507
9453,g2pre,A/RL/AL,8,Adrive,0.24177016804587176
9454,g2pre,A/RL/AL,8,Adrive,0.1298705207266719
9455,g2pre,A/RL/AL,8,Adrive,0.14385459502752043
9456,g2pre,A/RL/AL,8,Adrive,-0.19714517389563616
9457,g2pre,A/RL/AL,8,Adrive,0.2201387472484615
9458,g2pre,A/RL/AL,8,Adrive,-0.12990478221248303
9459,g2pre,A/RL/AL,8,Adrive,-0.07017788639270474
9460,g2pre,A/RL/AL,8,Adrive,0.08423572852987185
9461,g2pre,A/RL/AL,8,Adrive,0.5800855816560193
9462,g2pre,A/RL/AL,8,Adrive,-0.007293676235328886
9463,g2pre,A/RL/AL,8,Adrive,0.18400037598703398
9464,g2pre,A/RL/AL,8,Adrive,0.3254478620075436
9465,g2pre,A/RL/AL,8,Adrive,0.295497880920882
9466,g2pre,A/RL/AL,8,Adrive,0.2372723885627796
9467,g2pre,A/RL/AL,8,Adrive,-0.2793693381195445
9468,g2pre,A/RL/AL,8,Adrive,0.3006011329151913
9469,g2pre,A/RL/AL,8,Adrive,0.0665717195838192
9470,g2pre,A/RL/AL,8,Adrive,0.08870595735228022
9471,g2pre,A/RL/AL,8,Adrive,0.8777340376081799
9472,g2pre,A/RL/AL,8,Adrive,0.2671330671545631
9473,g2pre,A/RL/AL,8,Adrive,0.1604693717099603
9474,g2pre,A/RL/AL,8,Adrive,-0.020373542236234318
9475,g2pre,A/RL/AL,8,Adrive,0.005607783204364335
9476,g2pre,A/RL/AL,8,Adrive,-0.08666972960909579
9477,g2pre,A/RL/AL,8,Adrive,0.30779302679860965
9478,g2pre,A/RL/AL,8,Adrive,-0.14099558528376208
9479,g2pre,A/RL/AL,8,Adrive,0.22217883404932084
9480,g2pre,A/RL/AL,8,Adrive,0.3051168176024481
9481,g2pre,A/RL/AL,8,Adrive,0.42126210054036056
9482,g2pre,A/RL/AL,8,Adrive,0.3163638334415873
9483,g2pre,A/RL/AL,8,Adrive,0.20405531950983063
9484,g2pre,A/RL/AL,8,Adrive,0.3044416135590548
9485,g2pre,A/RL/AL,8,Adrive,0.1723969889329357
9486,g2pre,A/RL/AL,8,Adrive,-0.0816521378159152
9487,g2pre,A/RL/AL,8,Adrive,0.2321783467716612
9488,g2pre,A/RL/AL,8,Adrive,0.40935819463915235
9489,g2pre,A/RL/AL,8,Adrive,0.1203682430034872
9490,g2pre,A/RL/AL,8,Adrive,0.2854865257095386
9491,g2pre,A/RL/AL,8,Adrive,0.2340514214400623
9492,g2pre,A/RL/AL,8,Adrive,0.17163048438756764
9493,g2pre,A/RL/AL,8,Adrive,-0.05868999739285559
9494,g2pre,A/RL/AL,9,Adrive,0.05046671556237422
9495,g2pre,A/RL/AL,9,Adrive,-0.021541370871293705
9496,g2pre,A/RL/AL,9,Adrive,0.009330509201589328
9497,g2pre,A/RL/AL,9,Adrive,-0.16781735001706186
9498,g2pre,A/RL/AL,9,Adrive,0.03301632444055291
9499,g2pre,A/RL/AL,9,Adrive,-0.07241517912498932
9500,g2pre,A/RL/AL,9,Adrive,-0.008659843104195982
9501,g2pre,A/RL/AL,9,Adrive,-0.007276521840010592
9502,g2pre,A/RL/AL,9,Adrive,0.05143592207030166
9503,g2pre,A/RL/AL,9,Adrive,0.09745182685195054
9504,g2pre,A/RL/AL,9,Adrive,-0.041777388035812095
9505,g2pre,A/RL/AL,9,Adrive,-0.1288516788261687
9506,g2pre,A/RL/AL,9,Adrive,-0.010483226596294817
9507,g2pre,A/RL/AL,9,Adrive,0.09815027717702694
9508,g2pre,A/RL/AL,9,Adrive,-0.09130954791192826
9509,g2pre,A/RL/AL,9,Adrive,-0.06263389185462574
9510,g2pre,A/RL/AL,9,Adrive,0.07239712503185212
9511,g2pre,A/RL/AL,9,Adrive,0.13923641521208535
9512,g2pre,A/RL/AL,9,Adrive,0.0875734708126719
9513,g2pre,A/RL/AL,9,Adrive,0.06220998667670055
9514,g2pre,A/RL/AL,9,Adrive,-0.0873535090840498
9515,g2pre,A/RL/AL,9,Adrive,-0.03030734038644336
9516,g2pre,A/RL/AL,9,Adrive,-0.025505737330163702
9517,g2pre,A/RL/AL,9,Adrive,0.01390228815938971
9518,g2pre,A/RL/AL,9,Adrive,0.009973708097566952
9519,g2pre,A/RL/AL,9,Adrive,0.04039951530656046
9520,g2pre,A/RL/AL,9,Adrive,0.004496562421017217
9521,g2pre,A/RL/AL,9,Adrive,0.011507471370979926
9522,g2pre,A/RL/AL,9,Adrive,-0.08460805077536471
9523,g2pre,A/RL/AL,9,Adrive,0.06704507672884143
9524,g2pre,A/RL/AL,9,Adrive,0.10959596047307169
9525,g2pre,A/RL/AL,9,Adrive,0.035601950410505886
9526,g2pre,A/RL/AL,9,Adrive,-0.008557614988817238
9527,g2pre,A/RL/AL,9,Adrive,0.10698683376625855
9528,g2pre,A/RL/AL,9,Adrive,0.08887838453748888
9529,g2pre,A/RL/AL,9,Adrive,-0.1805021136960521
9530,g2pre,A/RL/AL,9,Adrive,-0.012095182601104428
9531,g2pre,A/RL/AL,9,Adrive,-0.042057281162284306
9532,g2pre,A/RL/AL,9,Adrive,0.12552066335682724
9533,g2pre,A/RL/AL,9,Adrive,0.0041671961480027045
9534,g2pre,A/RL/AL,9,Adrive,-0.04768160751699961
9535,g2pre,A/RL/AL,9,Adrive,-0.08322404460626898
9536,g2pre,A/RL/AL,9,Adrive,0.06412383507645018
9537,g2pre,A/RL/AL,9,Adrive,-0.0014913589735183876
9538,g2pre,A/RL/AL,9,Adrive,-0.0891685081976697
9539,g2pre,A/RL/AL,9,Adrive,-0.06886157962485387
9540,g2pre,A/RL/AL,9,Adrive,0.15010474766403895
9541,g2pre,A/RL/AL,9,Adrive,-0.07110940195823634
9542,g2pre,A/RL/AL,9,Adrive,0.10924739248852632
9543,g2pre,A/RL/AL,9,Adrive,-0.07813217467780133
9544,g2pre,A/RL/AL,9,Adrive,-0.014664356118302347
9545,g2pre,A/RL/AL,9,Adrive,-0.12586128073609884
9546,g2pre,A/RL/AL,9,Adrive,0.09462213856817889
9547,g2pre,A/RL/AL,9,Adrive,-0.07393757407041823
9548,g2pre,A/RL/AL,9,Adrive,-0.1475923256831136
9549,g2pre,A/RL/AL,9,Adrive,-0.05838041991270921
9550,g2pre,A/RL/AL,9,Adrive,-0.16962680604995917
9551,g2pre,A/RL/AL,9,Adrive,-0.13618781116166506
9552,g2pre,A/RL/AL,9,Adrive,-0.12186331581045422
9553,g2pre,A/RL/AL,9,Adrive,-0.01547949596450309
9554,g2pre,A/RL/AL,9,Adrive,-0.056677581285578635
9555,g2pre,A/RL/AL,9,Adrive,-0.087115265457082
9556,g2pre,A/RL/AL,9,Adrive,-0.01379810393544289
9557,g2pre,A/RL/AL,9,Adrive,-0.10077813016095231
9558,g2pre,A/RL/AL,9,Adrive,-0.08443126675531733
9559,g2pre,A/RL/AL,9,Adrive,0.04448252895398296
9560,g2pre,A/RL/AL,9,Adrive,-0.09834501346649518
9561,g2pre,A/RL/AL,9,Adrive,-0.10818976134599703
9562,g2pre,A/RL/AL,9,Adrive,0.1041260662505996
9563,g2pre,A/RL/AL,9,Adrive,-0.12518577581757623
9564,g2pre,A/RL/AL,9,Adrive,-0.17092760183198827
9565,g2pre,A/RL/AL,11,Adrive,0.2224007737560053
9566,g2pre,A/RL/AL,11,Adrive,0.18401387259582344
9567,g2pre,A/RL/AL,11,Adrive,0.12361732720941009
9568,g2pre,A/RL/AL,11,Adrive,0.09373540105228463
9569,g2pre,A/RL/AL,11,Adrive,-0.06435714908792668
9570,g2pre,A/RL/AL,11,Adrive,-0.030006002471352364
9571,g2pre,A/RL/AL,11,Adrive,0.09189602406475315
9572,g2pre,A/RL/AL,11,Adrive,-0.01691542763769644
9573,g2pre,A/RL/AL,11,Adrive,0.0723308527334557
9574,g2pre,A/RL/AL,11,Adrive,0.08169722679697686
9575,g2pre,A/RL/AL,11,Adrive,0.1092573462572523
9576,g2pre,A/RL/AL,11,Adrive,0.16840554837753527
9577,g2pre,A/RL/AL,11,Adrive,0.12416895271335458
9578,g2pre,A/RL/AL,11,Adrive,0.18427822932030952
9579,g2pre,A/RL/AL,11,Adrive,-0.053794086430975975
9580,g2pre,A/RL/AL,11,Adrive,-0.17513213258599156
9581,g2pre,A/RL/AL,11,Adrive,-0.013654346595003912
9582,g2pre,A/RL/AL,11,Adrive,0.10384710969975947
9583,g2pre,A/RL/AL,11,Adrive,-0.07144387875581425
9584,g2pre,A/RL/AL,11,Adrive,-0.12750455832570712
9585,g2pre,A/RL/AL,11,Adrive,-0.19882059924889914
9586,g2pre,A/RL/AL,11,Adrive,-0.022496629779162423
9587,g2pre,A/RL/AL,11,Adrive,-0.09238207617726563
9588,g2pre,A/RL/AL,11,Adrive,0.0034153051786837787
9589,g2pre,A/RL/AL,11,Adrive,0.09077420172567369
9590,g2pre,A/RL/AL,11,Adrive,0.03240296443950296
9591,g2pre,A/RL/AL,11,Adrive,-0.01506608609276172
9592,g2pre,A/RL/AL,11,Adrive,0.2242555567548621
9593,g2pre,A/RL/AL,11,Adrive,-0.05229223916758498
9594,g2pre,A/RL/AL,11,Adrive,0.24669973941104845
9595,g2pre,A/RL/AL,11,Adrive,0.02374140099621726
9596,g2pre,A/RL/AL,11,Adrive,0.14313247975592386
9597,g2pre,A/RL/AL,11,Adrive,-0.10187108183580017
9598,g2pre,A/RL/AL,11,Adrive,-0.23007974287151714
9599,g2pre,A/RL/AL,11,Adrive,-0.07398800209363633
9600,g2pre,A/RL/AL,11,Adrive,-0.016549395638080108
9601,g2pre,A/RL/AL,11,Adrive,0.042116412894151654
9602,g2pre,A/RL/AL,11,Adrive,0.19264337467216078
9603,g2pre,A/RL/AL,11,Adrive,-0.22508673793174852
9604,g2pre,A/RL/AL,11,Adrive,-0.06536290664251963
9605,g2pre,A/RL/AL,11,Adrive,0.12355439284503039
9606,g2pre,A/RL/AL,11,Adrive,-0.04829099670106638
9607,g2pre,A/RL/AL,11,Adrive,0.012332114761242123
9608,g2pre,A/RL/AL,11,Adrive,-0.17000464478770808
9609,g2pre,A/RL/AL,11,Adrive,-0.0294240269738967
9610,g2pre,A/RL/AL,11,Adrive,0.07157010792044363
9611,g2pre,A/RL/AL,11,Adrive,0.2000995368273125
9612,g2pre,A/RL/AL,11,Adrive,0.0900308253657577
9613,g2pre,A/RL/AL,11,Adrive,-0.0800532606040525
9614,g2pre,A/RL/AL,11,Adrive,0.042784058898125504
9615,g2pre,A/RL/AL,11,Adrive,-0.018999636283417613
9616,g2pre,A/RL/AL,11,Adrive,0.09824199206961605
9617,g2pre,A/RL/AL,1,Motordrive,0.31602938495830224
9618,g2pre,A/RL/AL,1,Motordrive,0.20626058846925907
9619,g2pre,A/RL/AL,1,Motordrive,0.23793158937699224
9620,g2pre,A/RL/AL,1,Motordrive,0.13492559393913467
9621,g2pre,A/RL/AL,1,Motordrive,0.5050012962548608
9622,g2pre,A/RL/AL,1,Motordrive,0.151724110689108
9623,g2pre,A/RL/AL,1,Motordrive,0.3328098851136069
9624,g2pre,A/RL/AL,1,Motordrive,0.20514249182153013
9625,g2pre,A/RL/AL,1,Motordrive,0.1119817774207983
9626,g2pre,A/RL/AL,1,Motordrive,0.35640850742674335
9627,g2pre,A/RL/AL,1,Motordrive,0.2901700872412873
9628,g2pre,A/RL/AL,1,Motordrive,0.10443522811829499
9629,g2pre,A/RL/AL,1,Motordrive,0.2397646436617634
9630,g2pre,A/RL/AL,1,Motordrive,0.39681592749408723
9631,g2pre,A/RL/AL,1,Motordrive,0.38714249968850406
9632,g2pre,A/RL/AL,1,Motordrive,0.423156977852221
9633,g2pre,A/RL/AL,1,Motordrive,0.16711019726718263
9634,g2pre,A/RL/AL,1,Motordrive,0.29081726785939827
9635,g2pre,A/RL/AL,1,Motordrive,0.4182205421991719
9636,g2pre,A/RL/AL,1,Motordrive,0.3918109335501648
9637,g2pre,A/RL/AL,1,Motordrive,0.15765250387372196
9638,g2pre,A/RL/AL,1,Motordrive,0.1750060117046046
9639,g2pre,A/RL/AL,1,Motordrive,0.0826040741599798
9640,g2pre,A/RL/AL,1,Motordrive,0.021745588657873845
9641,g2pre,A/RL/AL,1,Motordrive,0.1958291011890116
9642,g2pre,A/RL/AL,1,Motordrive,0.2059076398804439
9643,g2pre,A/RL/AL,1,Motordrive,0.2314150026991625
9644,g2pre,A/RL/AL,1,Motordrive,-0.14646719940955913
9645,g2pre,A/RL/AL,1,Motordrive,0.12601774040824182
9646,g2pre,A/RL/AL,1,Motordrive,0.06596158677585164
9647,g2pre,A/RL/AL,1,Motordrive,0.11810054784957874
9648,g2pre,A/RL/AL,1,Motordrive,0.3915729446731514
9649,g2pre,A/RL/AL,1,Motordrive,0.08909513235841063
9650,g2pre,A/RL/AL,1,Motordrive,0.34494675974022304
9651,g2pre,A/RL/AL,1,Motordrive,0.04317016618857061
9652,g2pre,A/RL/AL,1,Motordrive,0.11995046785736817
9653,g2pre,A/RL/AL,1,Motordrive,0.17655620535388014
9654,g2pre,A/RL/AL,1,Motordrive,0.3330669703295188
9655,g2pre,A/RL/AL,1,Motordrive,0.4053008054929958
9656,g2pre,A/RL/AL,1,Motordrive,-0.0002754537580924315
9657,g2pre,A/RL/AL,1,Motordrive,0.13341780592865773
9658,g2pre,A/RL/AL,1,Motordrive,0.3418358580553399
9659,g2pre,A/RL/AL,1,Motordrive,0.266126692105782
9660,g2pre,A/RL/AL,1,Motordrive,-0.0025948797363045503
9661,g2pre,A/RL/AL,1,Motordrive,0.29415245251685723
9662,g2pre,A/RL/AL,1,Motordrive,0.2321033689031913
9663,g2pre,A/RL/AL,1,Motordrive,0.40642545303296923
9664,g2pre,A/RL/AL,1,Motordrive,0.04424147525146659
9665,g2pre,A/RL/AL,1,Motordrive,0.1225448385392029
9666,g2pre,A/RL/AL,1,Motordrive,0.3544449294484967
9667,g2pre,A/RL/AL,1,Motordrive,-0.0772214042774648
9668,g2pre,A/RL/AL,1,Motordrive,0.3731435932739987
9669,g2pre,A/RL/AL,1,Motordrive,0.06923746894678189
9670,g2pre,A/RL/AL,1,Motordrive,0.14885968428699076
9671,g2pre,A/RL/AL,1,Motordrive,-0.0032095250037068724
9672,g2pre,A/RL/AL,1,Motordrive,0.14671269870897158
9673,g2pre,A/RL/AL,1,Motordrive,0.026440942635469665
9674,g2pre,A/RL/AL,1,Motordrive,0.22615115396359767
9675,g2pre,A/RL/AL,1,Motordrive,0.22719019258219358
9676,g2pre,A/RL/AL,1,Motordrive,0.22406728293640607
9677,g2pre,A/RL/AL,1,Motordrive,0.055972385496031105
9678,g2pre,A/RL/AL,1,Motordrive,0.30706673966120684
9679,g2pre,A/RL/AL,1,Motordrive,0.041720047742231904
9680,g2pre,A/RL/AL,1,Motordrive,-0.06562939076250503
9681,g2pre,A/RL/AL,1,Motordrive,-0.10741738290577361
9682,g2pre,A/RL/AL,1,Motordrive,-0.14155169677134552
9683,g2pre,A/RL/AL,1,Motordrive,0.3808849730494802
9684,g2pre,A/RL/AL,1,Motordrive,-0.07494714504017048
9685,g2pre,A/RL/AL,1,Motordrive,0.09519945724651446
9686,g2pre,A/RL/AL,1,Motordrive,0.24523315147820293
9687,g2pre,A/RL/AL,1,Motordrive,0.003623121833538054
9688,g2pre,A/RL/AL,1,Motordrive,0.07784979059975429
9689,g2pre,A/RL/AL,1,Motordrive,-0.13082032274837188
9690,g2pre,A/RL/AL,1,Motordrive,0.11577794890412994
9691,g2pre,A/RL/AL,1,Motordrive,0.09848575552215648
9692,g2pre,A/RL/AL,1,Motordrive,0.2509292636199135
9693,g2pre,A/RL/AL,1,Motordrive,0.5074112979153876
9694,g2pre,A/RL/AL,1,Motordrive,0.06888454790445006
9695,g2pre,A/RL/AL,1,Motordrive,0.028997439812646228
9696,g2pre,A/RL/AL,1,Motordrive,0.2708041699541644
9697,g2pre,A/RL/AL,1,Motordrive,0.4089752082818857
9698,g2pre,A/RL/AL,1,Motordrive,0.34243504229083693
9699,g2pre,A/RL/AL,1,Motordrive,-0.008755053370418701
9700,g2pre,A/RL/AL,1,Motordrive,0.12197693354407958
9701,g2pre,A/RL/AL,1,Motordrive,0.08020438059414486
9702,g2pre,A/RL/AL,2,Motordrive,0.05348476310431854
9703,g2pre,A/RL/AL,2,Motordrive,-0.0007538538281909086
9704,g2pre,A/RL/AL,2,Motordrive,-0.0544710051996063
9705,g2pre,A/RL/AL,2,Motordrive,-0.0405266101018519
9706,g2pre,A/RL/AL,2,Motordrive,-0.0028015484621095486
9707,g2pre,A/RL/AL,2,Motordrive,0.12258363911559825
9708,g2pre,A/RL/AL,2,Motordrive,0.07027848074228056
9709,g2pre,A/RL/AL,2,Motordrive,0.07249487821367137
9710,g2pre,A/RL/AL,2,Motordrive,0.03920350132225374
9711,g2pre,A/RL/AL,2,Motordrive,0.0697760712924408
9712,g2pre,A/RL/AL,2,Motordrive,-0.013886393356965909
9713,g2pre,A/RL/AL,2,Motordrive,0.10363492331113772
9714,g2pre,A/RL/AL,2,Motordrive,0.10082758159427352
9715,g2pre,A/RL/AL,2,Motordrive,0.04869778943553049
9716,g2pre,A/RL/AL,2,Motordrive,-0.04752522721885971
9717,g2pre,A/RL/AL,2,Motordrive,-0.001520466867130941
9718,g2pre,A/RL/AL,2,Motordrive,0.08262982794026102
9719,g2pre,A/RL/AL,2,Motordrive,0.0647959135917222
9720,g2pre,A/RL/AL,2,Motordrive,0.036580168386323934
9721,g2pre,A/RL/AL,2,Motordrive,0.03482418331656771
9722,g2pre,A/RL/AL,2,Motordrive,0.056122883278525874
9723,g2pre,A/RL/AL,2,Motordrive,-0.061379126620120635
9724,g2pre,A/RL/AL,2,Motordrive,0.04834654107673458
9725,g2pre,A/RL/AL,2,Motordrive,-0.0011953442836692648
9726,g2pre,A/RL/AL,2,Motordrive,0.01795150422021842
9727,g2pre,A/RL/AL,2,Motordrive,-0.036258929320915685
9728,g2pre,A/RL/AL,2,Motordrive,0.0009250664726232421
9729,g2pre,A/RL/AL,2,Motordrive,0.04188575811245825
9730,g2pre,A/RL/AL,2,Motordrive,0.09398861747478533
9731,g2pre,A/RL/AL,2,Motordrive,0.06085127939161559
9732,g2pre,A/RL/AL,2,Motordrive,0.07663538801457058
9733,g2pre,A/RL/AL,2,Motordrive,0.06155482658832136
9734,g2pre,A/RL/AL,2,Motordrive,0.0731952386581127
9735,g2pre,A/RL/AL,2,Motordrive,0.014392831934266858
9736,g2pre,A/RL/AL,2,Motordrive,0.07707924740901999
9737,g2pre,A/RL/AL,2,Motordrive,0.017300621891157626
9738,g2pre,A/RL/AL,2,Motordrive,0.058942432943084926
9739,g2pre,A/RL/AL,2,Motordrive,-0.07906521278541366
9740,g2pre,A/RL/AL,2,Motordrive,0.14324754565936357
9741,g2pre,A/RL/AL,2,Motordrive,-9.992935221394796e-06
9742,g2pre,A/RL/AL,2,Motordrive,0.002446412340222064
9743,g2pre,A/RL/AL,2,Motordrive,0.008126333862234207
9744,g2pre,A/RL/AL,2,Motordrive,0.0548755607338135
9745,g2pre,A/RL/AL,2,Motordrive,-0.018319995278547066
9746,g2pre,A/RL/AL,2,Motordrive,0.14280373444523356
9747,g2pre,A/RL/AL,2,Motordrive,0.015974009569909704
9748,g2pre,A/RL/AL,4,Motordrive,0.39176453550216195
9749,g2pre,A/RL/AL,4,Motordrive,0.35597327035584275
9750,g2pre,A/RL/AL,4,Motordrive,-0.026119485475975198
9751,g2pre,A/RL/AL,4,Motordrive,0.24105542177509628
9752,g2pre,A/RL/AL,4,Motordrive,0.12435144375103854
9753,g2pre,A/RL/AL,4,Motordrive,-0.029269015994696786
9754,g2pre,A/RL/AL,4,Motordrive,0.01373975465688235
9755,g2pre,A/RL/AL,4,Motordrive,0.12101181454264565
9756,g2pre,A/RL/AL,4,Motordrive,-0.010709457115960089
9757,g2pre,A/RL/AL,4,Motordrive,0.12385407036167921
9758,g2pre,A/RL/AL,4,Motordrive,0.05688905672752557
9759,g2pre,A/RL/AL,4,Motordrive,-0.07473722615956764
9760,g2pre,A/RL/AL,4,Motordrive,0.1962333413026497
9761,g2pre,A/RL/AL,5,Motordrive,0.04278771399434681
9762,g2pre,A/RL/AL,5,Motordrive,-0.05551571946812846
9763,g2pre,A/RL/AL,5,Motordrive,0.004008355783332146
9764,g2pre,A/RL/AL,5,Motordrive,0.018522297596037515
9765,g2pre,A/RL/AL,5,Motordrive,0.05688571617888913
9766,g2pre,A/RL/AL,5,Motordrive,0.06593958479711004
9767,g2pre,A/RL/AL,5,Motordrive,0.07380860697309395
9768,g2pre,A/RL/AL,5,Motordrive,0.1344009171654668
9769,g2pre,A/RL/AL,5,Motordrive,0.011472430778819138
9770,g2pre,A/RL/AL,5,Motordrive,0.17528987199567278
9771,g2pre,A/RL/AL,5,Motordrive,-0.09565486082670725
9772,g2pre,A/RL/AL,5,Motordrive,-0.05539496714551332
9773,g2pre,A/RL/AL,5,Motordrive,0.022869727747010165
9774,g2pre,A/RL/AL,5,Motordrive,-0.04275570336025932
9775,g2pre,A/RL/AL,5,Motordrive,-0.010889498748980191
9776,g2pre,A/RL/AL,5,Motordrive,0.05185621794379454
9777,g2pre,A/RL/AL,5,Motordrive,0.046286037182524414
9778,g2pre,A/RL/AL,5,Motordrive,0.02741037116657456
9779,g2pre,A/RL/AL,5,Motordrive,0.056646675535413256
9780,g2pre,A/RL/AL,5,Motordrive,-0.005897625083116003
9781,g2pre,A/RL/AL,5,Motordrive,-0.002197547451737955
9782,g2pre,A/RL/AL,5,Motordrive,-0.045479963262147365
9783,g2pre,A/RL/AL,5,Motordrive,0.0641764599364171
9784,g2pre,A/RL/AL,5,Motordrive,0.055513598700227915
9785,g2pre,A/RL/AL,5,Motordrive,0.06876485443964152
9786,g2pre,A/RL/AL,5,Motordrive,0.07145158864493154
9787,g2pre,A/RL/AL,5,Motordrive,0.10037329562248909
9788,g2pre,A/RL/AL,5,Motordrive,0.05108678385247353
9789,g2pre,A/RL/AL,5,Motordrive,-0.12684697894634203
9790,g2pre,A/RL/AL,5,Motordrive,0.08168124639771886
9791,g2pre,A/RL/AL,5,Motordrive,-0.013285213800409559
9792,g2pre,A/RL/AL,5,Motordrive,0.009627381448869982
9793,g2pre,A/RL/AL,5,Motordrive,-0.14149881795069388
9794,g2pre,A/RL/AL,5,Motordrive,-0.03960408081899846
9795,g2pre,A/RL/AL,5,Motordrive,-0.039133372619483804
9796,g2pre,A/RL/AL,5,Motordrive,0.019799330337120537
9797,g2pre,A/RL/AL,5,Motordrive,0.008221786211602059
9798,g2pre,A/RL/AL,5,Motordrive,0.03255512317727871
9799,g2pre,A/RL/AL,5,Motordrive,0.014451102272771032
9800,g2pre,A/RL/AL,5,Motordrive,0.030506670585263452
9801,g2pre,A/RL/AL,5,Motordrive,0.010424092430676274
9802,g2pre,A/RL/AL,5,Motordrive,0.02008350714506481
9803,g2pre,A/RL/AL,5,Motordrive,0.029227654940418162
9804,g2pre,A/RL/AL,5,Motordrive,-0.002864390639314746
9805,g2pre,A/RL/AL,5,Motordrive,-0.08083393771866318
9806,g2pre,A/RL/AL,5,Motordrive,0.11350127841082733
9807,g2pre,A/RL/AL,5,Motordrive,0.11756557580445653
9808,g2pre,A/RL/AL,5,Motordrive,-0.11497633694583091
9809,g2pre,A/RL/AL,5,Motordrive,-0.1667005428767355
9810,g2pre,A/RL/AL,5,Motordrive,0.11418317945950661
9811,g2pre,A/RL/AL,5,Motordrive,0.009718587975444533
9812,g2pre,A/RL/AL,5,Motordrive,0.12692059198731098
9813,g2pre,A/RL/AL,5,Motordrive,0.08070789198476007
9814,g2pre,A/RL/AL,5,Motordrive,0.09766059967812875
9815,g2pre,A/RL/AL,5,Motordrive,0.11042990246661402
9816,g2pre,A/RL/AL,5,Motordrive,0.00859441530431839
9817,g2pre,A/RL/AL,5,Motordrive,0.01275764114354973
9818,g2pre,A/RL/AL,5,Motordrive,-0.1448760031423598
9819,g2pre,A/RL/AL,5,Motordrive,0.040305832630891686
9820,g2pre,A/RL/AL,5,Motordrive,0.10137646998918591
9821,g2pre,A/RL/AL,5,Motordrive,0.060754967866304965
9822,g2pre,A/RL/AL,5,Motordrive,0.0034349971659500106
9823,g2pre,A/RL/AL,5,Motordrive,0.08908648675963854
9824,g2pre,A/RL/AL,5,Motordrive,-0.052409326722852465
9825,g2pre,A/RL/AL,5,Motordrive,0.07812977223731214
9826,g2pre,A/RL/AL,8,Motordrive,0.014360038457241847
9827,g2pre,A/RL/AL,8,Motordrive,-0.00122440153413606
9828,g2pre,A/RL/AL,8,Motordrive,0.0020428174473937828
9829,g2pre,A/RL/AL,8,Motordrive,-0.013995944404804683
9830,g2pre,A/RL/AL,8,Motordrive,-0.003691324142301263
9831,g2pre,A/RL/AL,8,Motordrive,0.0009231520912250864
9832,g2pre,A/RL/AL,8,Motordrive,-0.005150877722294354
9833,g2pre,A/RL/AL,8,Motordrive,0.0008071607743501288
9834,g2pre,A/RL/AL,8,Motordrive,-0.0009085727713705851
9835,g2pre,A/RL/AL,8,Motordrive,0.0016880692583232698
9836,g2pre,A/RL/AL,8,Motordrive,0.006923148091388317
9837,g2pre,A/RL/AL,8,Motordrive,0.002714986529364472
9838,g2pre,A/RL/AL,8,Motordrive,0.06170733968105617
9839,g2pre,A/RL/AL,8,Motordrive,-0.015841653406731826
9840,g2pre,A/RL/AL,8,Motordrive,-0.008168385056947612
9841,g2pre,A/RL/AL,8,Motordrive,0.0031415199847769086
9842,g2pre,A/RL/AL,8,Motordrive,0.05448471149385232
9843,g2pre,A/RL/AL,8,Motordrive,-0.017129099341240798
9844,g2pre,A/RL/AL,8,Motordrive,0.0410869977255587
9845,g2pre,A/RL/AL,8,Motordrive,0.006926533038401783
9846,g2pre,A/RL/AL,8,Motordrive,-0.0053595495705975014
9847,g2pre,A/RL/AL,8,Motordrive,-0.0010361632759373347
9848,g2pre,A/RL/AL,8,Motordrive,-0.01292714478068528
9849,g2pre,A/RL/AL,8,Motordrive,0.035234483347591425
9850,g2pre,A/RL/AL,8,Motordrive,-0.0012972394887611621
9851,g2pre,A/RL/AL,8,Motordrive,0.006690555164855929
9852,g2pre,A/RL/AL,8,Motordrive,0.016070303840346058
9853,g2pre,A/RL/AL,8,Motordrive,0.0035194723830690587
9854,g2pre,A/RL/AL,8,Motordrive,0.0011378808252352445
9855,g2pre,A/RL/AL,8,Motordrive,-0.009215486918607546
9856,g2pre,A/RL/AL,8,Motordrive,-0.007691685525970072
9857,g2pre,A/RL/AL,8,Motordrive,0.013907911190711457
9858,g2pre,A/RL/AL,8,Motordrive,0.03763706120094032
9859,g2pre,A/RL/AL,8,Motordrive,0.03587563948330368
9860,g2pre,A/RL/AL,8,Motordrive,0.0011367316610783188
9861,g2pre,A/RL/AL,8,Motordrive,-0.02148108352755909
9862,g2pre,A/RL/AL,8,Motordrive,0.009816332452397292
9863,g2pre,A/RL/AL,8,Motordrive,0.011762034489336892
9864,g2pre,A/RL/AL,8,Motordrive,-0.003860754717137078
9865,g2pre,A/RL/AL,8,Motordrive,0.0032403003327518645
9866,g2pre,A/RL/AL,8,Motordrive,0.0014558567832529802
9867,g2pre,A/RL/AL,8,Motordrive,0.02188945711770353
9868,g2pre,A/RL/AL,8,Motordrive,-0.010196323109570466
9869,g2pre,A/RL/AL,8,Motordrive,0.006979434652698781
9870,g2pre,A/RL/AL,8,Motordrive,0.026828773604326277
9871,g2pre,A/RL/AL,8,Motordrive,0.005684278446651808
9872,g2pre,A/RL/AL,8,Motordrive,0.0036698210665356266
9873,g2pre,A/RL/AL,8,Motordrive,-0.001877536190574929
9874,g2pre,A/RL/AL,8,Motordrive,-0.004431230424715245
9875,g2pre,A/RL/AL,8,Motordrive,0.009483057385156406
9876,g2pre,A/RL/AL,8,Motordrive,0.0009769689203191572
9877,g2pre,A/RL/AL,8,Motordrive,0.0038613996690665094
9878,g2pre,A/RL/AL,8,Motordrive,0.008662893328694195
9879,g2pre,A/RL/AL,8,Motordrive,-0.02120522641123668
9880,g2pre,A/RL/AL,8,Motordrive,-0.012071890143619132
9881,g2pre,A/RL/AL,8,Motordrive,0.015174134015389583
9882,g2pre,A/RL/AL,8,Motordrive,0.012759643538550976
9883,g2pre,A/RL/AL,8,Motordrive,0.010305123590463561
9884,g2pre,A/RL/AL,8,Motordrive,-0.0016244187919401262
9885,g2pre,A/RL/AL,8,Motordrive,0.0203353882750709
9886,g2pre,A/RL/AL,8,Motordrive,0.016178917500342282
9887,g2pre,A/RL/AL,8,Motordrive,0.05090390817031562
9888,g2pre,A/RL/AL,8,Motordrive,-0.0007934965299974454
9889,g2pre,A/RL/AL,8,Motordrive,0.0006949409347255329
9890,g2pre,A/RL/AL,8,Motordrive,-0.02716441341879579
9891,g2pre,A/RL/AL,8,Motordrive,-0.0007678517930246083
9892,g2pre,A/RL/AL,8,Motordrive,0.002912565373205713
9893,g2pre,A/RL/AL,8,Motordrive,-0.005393007502387459
9894,g2pre,A/RL/AL,8,Motordrive,-0.026897584083253007
9895,g2pre,A/RL/AL,8,Motordrive,0.005921688158546629
9896,g2pre,A/RL/AL,8,Motordrive,0.00554150121476336
9897,g2pre,A/RL/AL,8,Motordrive,0.005104165677591585
9898,g2pre,A/RL/AL,8,Motordrive,0.02847503812909989
9899,g2pre,A/RL/AL,8,Motordrive,0.01808070768270705
9900,g2pre,A/RL/AL,8,Motordrive,-0.0033327744695846877
9901,g2pre,A/RL/AL,8,Motordrive,-0.020654103393967508
9902,g2pre,A/RL/AL,8,Motordrive,0.027488081924636153
9903,g2pre,A/RL/AL,8,Motordrive,-0.014809974548956046
9904,g2pre,A/RL/AL,8,Motordrive,-0.037686818436691506
9905,g2pre,A/RL/AL,8,Motordrive,-0.0014661253726787676
9906,g2pre,A/RL/AL,8,Motordrive,0.010373013577479249
9907,g2pre,A/RL/AL,8,Motordrive,0.020725479158972743
9908,g2pre,A/RL/AL,8,Motordrive,-0.018090718090789742
9909,g2pre,A/RL/AL,8,Motordrive,0.027592522447776373
9910,g2pre,A/RL/AL,8,Motordrive,-0.009484448514645326
9911,g2pre,A/RL/AL,8,Motordrive,-0.021478972703059988
9912,g2pre,A/RL/AL,8,Motordrive,-0.016118424306635133
9913,g2pre,A/RL/AL,8,Motordrive,-0.010926724195712228
9914,g2pre,A/RL/AL,8,Motordrive,-0.00913437124134878
9915,g2pre,A/RL/AL,8,Motordrive,-0.02611641195123449
9916,g2pre,A/RL/AL,8,Motordrive,-0.024643920304904667
9917,g2pre,A/RL/AL,8,Motordrive,-0.0012939103401708753
9918,g2pre,A/RL/AL,8,Motordrive,0.06950327304730945
9919,g2pre,A/RL/AL,8,Motordrive,0.017502421798399195
9920,g2pre,A/RL/AL,8,Motordrive,0.013516650969708659
9921,g2pre,A/RL/AL,8,Motordrive,-0.006381018687723882
9922,g2pre,A/RL/AL,8,Motordrive,0.010860648877068689
9923,g2pre,A/RL/AL,8,Motordrive,0.011320323223364591
9924,g2pre,A/RL/AL,8,Motordrive,0.007582970287050345
9925,g2pre,A/RL/AL,8,Motordrive,-0.013421046071898165
9926,g2pre,A/RL/AL,8,Motordrive,0.011646956139123997
9927,g2pre,A/RL/AL,9,Motordrive,-0.07674621167082822
9928,g2pre,A/RL/AL,9,Motordrive,0.03653461866799186
9929,g2pre,A/RL/AL,9,Motordrive,0.0917104360860367
9930,g2pre,A/RL/AL,9,Motordrive,0.0310138465282001
9931,g2pre,A/RL/AL,9,Motordrive,-0.02037537179792004
9932,g2pre,A/RL/AL,9,Motordrive,0.006649999925656628
9933,g2pre,A/RL/AL,9,Motordrive,0.1480591350668927
9934,g2pre,A/RL/AL,9,Motordrive,-0.0248340434789496
9935,g2pre,A/RL/AL,9,Motordrive,0.00916497341557582
9936,g2pre,A/RL/AL,9,Motordrive,-0.09825404416880543
9937,g2pre,A/RL/AL,9,Motordrive,-0.04775810156470728
9938,g2pre,A/RL/AL,9,Motordrive,-0.019587598231825543
9939,g2pre,A/RL/AL,9,Motordrive,0.0113885355670301
9940,g2pre,A/RL/AL,9,Motordrive,-0.08705705894730803
9941,g2pre,A/RL/AL,9,Motordrive,-0.07955391451191048
9942,g2pre,A/RL/AL,9,Motordrive,-0.06472086780903887
9943,g2pre,A/RL/AL,9,Motordrive,-0.038803279268548166
9944,g2pre,A/RL/AL,9,Motordrive,-0.02280536043719908
9945,g2pre,A/RL/AL,9,Motordrive,0.01957809284481577
9946,g2pre,A/RL/AL,9,Motordrive,0.10781061360674117
9947,g2pre,A/RL/AL,9,Motordrive,0.07554657201181819
9948,g2pre,A/RL/AL,9,Motordrive,-0.006008519810397659
9949,g2pre,A/RL/AL,9,Motordrive,0.06319259863645546
9950,g2pre,A/RL/AL,9,Motordrive,-0.02681559342022519
9951,g2pre,A/RL/AL,9,Motordrive,0.11841136947588571
9952,g2pre,A/RL/AL,9,Motordrive,-0.13696797142887668
9953,g2pre,A/RL/AL,9,Motordrive,0.022090156346773502
9954,g2pre,A/RL/AL,9,Motordrive,0.022547699132262938
9955,g2pre,A/RL/AL,9,Motordrive,-0.09157188177837669
9956,g2pre,A/RL/AL,9,Motordrive,-0.05361201267634172
9957,g2pre,A/RL/AL,9,Motordrive,-0.0546569022802411
9958,g2pre,A/RL/AL,9,Motordrive,0.10333807165005685
9959,g2pre,A/RL/AL,9,Motordrive,0.20000847959516574
9960,g2pre,A/RL/AL,9,Motordrive,0.1571002362129941
9961,g2pre,A/RL/AL,9,Motordrive,0.033161228300348906
9962,g2pre,A/RL/AL,9,Motordrive,0.20710275442099174
9963,g2pre,A/RL/AL,9,Motordrive,-0.031919481264503544
9964,g2pre,A/RL/AL,9,Motordrive,0.022033603833484152
9965,g2pre,A/RL/AL,9,Motordrive,-0.11505880074139978
9966,g2pre,A/RL/AL,9,Motordrive,0.07066379987627076
9967,g2pre,A/RL/AL,9,Motordrive,-0.02219719509718695
9968,g2pre,A/RL/AL,9,Motordrive,0.11986212324588048
9969,g2pre,A/RL/AL,9,Motordrive,0.12478556890993059
9970,g2pre,A/RL/AL,9,Motordrive,-0.013672878906903111
9971,g2pre,A/RL/AL,9,Motordrive,0.10690262228569752
9972,g2pre,A/RL/AL,9,Motordrive,0.005246272997385589
9973,g2pre,A/RL/AL,9,Motordrive,0.09503061556533132
9974,g2pre,A/RL/AL,9,Motordrive,-0.06456272194755247
9975,g2pre,A/RL/AL,9,Motordrive,-0.009636569607026335
9976,g2pre,A/RL/AL,9,Motordrive,-0.007921152697297571
9977,g2pre,A/RL/AL,9,Motordrive,0.11415132973463771
9978,g2pre,A/RL/AL,9,Motordrive,-0.09301033719232783
9979,g2pre,A/RL/AL,9,Motordrive,0.18972294293859027
9980,g2pre,A/RL/AL,9,Motordrive,0.022545356944086218
9981,g2pre,A/RL/AL,9,Motordrive,0.23159592273671292
9982,g2pre,A/RL/AL,9,Motordrive,0.05199000005258606
9983,g2pre,A/RL/AL,9,Motordrive,0.20537453883925072
9984,g2pre,A/RL/AL,9,Motordrive,0.12105602527136562
9985,g2pre,A/RL/AL,9,Motordrive,0.07615087317389069
9986,g2pre,A/RL/AL,9,Motordrive,0.0007882739574352424
9987,g2pre,A/RL/AL,9,Motordrive,0.06489920038014065
9988,g2pre,A/RL/AL,9,Motordrive,0.020946742352600654
9989,g2pre,A/RL/AL,9,Motordrive,0.12410372810646199
9990,g2pre,A/RL/AL,9,Motordrive,-0.09331670823914852
9991,g2pre,A/RL/AL,9,Motordrive,-0.08376793150175024
9992,g2pre,A/RL/AL,9,Motordrive,-0.06952038973795495
9993,g2pre,A/RL/AL,9,Motordrive,0.09186971464391269
9994,g2pre,A/RL/AL,9,Motordrive,-0.0041532652077510175
9995,g2pre,A/RL/AL,9,Motordrive,-0.024434462196157893
9996,g2pre,A/RL/AL,9,Motordrive,0.007518885057485527
9997,g2pre,A/RL/AL,9,Motordrive,-0.052411739368197735
9998,g2pre,A/RL/AL,11,Motordrive,0.11606767309703206
9999,g2pre,A/RL/AL,11,Motordrive,0.1724422618309722
10000,g2pre,A/RL/AL,11,Motordrive,0.08175203296313564
10001,g2pre,A/RL/AL,11,Motordrive,0.1954661623347662
10002,g2pre,A/RL/AL,11,Motordrive,0.1490781428355301
10003,g2pre,A/RL/AL,11,Motordrive,0.02858676416584891
10004,g2pre,A/RL/AL,11,Motordrive,0.21268378129527138
10005,g2pre,A/RL/AL,11,Motordrive,0.1616999761651692
10006,g2pre,A/RL/AL,11,Motordrive,0.02953779044977064
10007,g2pre,A/RL/AL,11,Motordrive,0.20322799247999548
10008,g2pre,A/RL/AL,11,Motordrive,0.2988065952812547
10009,g2pre,A/RL/AL,11,Motordrive,0.022378297240418836
10010,g2pre,A/RL/AL,11,Motordrive,0.23317710008858994
10011,g2pre,A/RL/AL,11,Motordrive,0.1268526101194144
10012,g2pre,A/RL/AL,11,Motordrive,0.06760008867406408
10013,g2pre,A/RL/AL,11,Motordrive,0.06773448847343354
10014,g2pre,A/RL/AL,11,Motordrive,-0.04388716325617624
10015,g2pre,A/RL/AL,11,Motordrive,0.029585481200025167
10016,g2pre,A/RL/AL,11,Motordrive,0.11956762889331686
10017,g2pre,A/RL/AL,11,Motordrive,0.020055695900051643
10018,g2pre,A/RL/AL,11,Motordrive,0.02568628473441808
10019,g2pre,A/RL/AL,11,Motordrive,-0.02172602031144758
10020,g2pre,A/RL/AL,11,Motordrive,0.15004415039682126
10021,g2pre,A/RL/AL,11,Motordrive,0.09153535846929678
10022,g2pre,A/RL/AL,11,Motordrive,0.01904869521712146
10023,g2pre,A/RL/AL,11,Motordrive,0.2547025761274621
10024,g2pre,A/RL/AL,11,Motordrive,0.04817081223273865
10025,g2pre,A/RL/AL,11,Motordrive,0.1714281818807235
10026,g2pre,A/RL/AL,11,Motordrive,0.08397221042513991
10027,g2pre,A/RL/AL,11,Motordrive,0.06928653611060238
10028,g2pre,A/RL/AL,11,Motordrive,0.13040329002234005
10029,g2pre,A/RL/AL,11,Motordrive,0.09190599949051255
10030,g2pre,A/RL/AL,11,Motordrive,0.0872454558603829
10031,g2pre,A/RL/AL,11,Motordrive,0.17866666530170477
10032,g2pre,A/RL/AL,11,Motordrive,0.16007558846687592
10033,g2pre,A/RL/AL,11,Motordrive,0.1811081435840667
10034,g2pre,A/RL/AL,11,Motordrive,0.036532374259736426
10035,g2pre,A/RL/AL,11,Motordrive,0.12289995382899861
10036,g2pre,A/RL/AL,11,Motordrive,0.18934443616180366
10037,g2pre,A/RL/AL,11,Motordrive,0.25720327766172285
10038,g2pre,A/RL/AL,11,Motordrive,0.0061260198218500645
10039,g2pre,A/RL/AL,11,Motordrive,-0.11028107010836913
10040,g2pre,A/RL/AL,11,Motordrive,0.1856684395816615
10041,g2pre,A/RL/AL,11,Motordrive,0.252528029921419
10042,g2pre,A/RL/AL,11,Motordrive,0.10774622399015386
10043,g2pre,A/RL/AL,11,Motordrive,0.13883412689849017
10044,g2pre,A/RL/AL,11,Motordrive,0.17712720592113707
10045,g2pre,A/RL/AL,11,Motordrive,0.0838628016319534
10046,g2pre,A/RL/AL,11,Motordrive,-0.23526912729054747
10047,g2pre,A/RL/AL,11,Motordrive,0.12283932510088588
10048,g2pre,A/RL/AL,11,Motordrive,0.23066885893144856
10049,g2pre,A/RL/AL,11,Motordrive,-0.03136056389641766
10050,g2pre,LM,2,Adrive,0.01980272954276367
10051,g2pre,LM,4,Adrive,0.17523599292986408
10052,g2pre,LM,4,Adrive,0.49345117306811137
10053,g2pre,LM,4,Adrive,0.3089771853441726
10054,g2pre,LM,4,Adrive,0.04683245179147815
10055,g2pre,LM,4,Adrive,0.07678784748747844
10056,g2pre,LM,4,Adrive,-0.07153112806232106
10057,g2pre,LM,4,Adrive,-0.0042831912788854455
10058,g2pre,LM,4,Adrive,-0.09789532953656077
10059,g2pre,LM,4,Adrive,-0.09698764380695027
10060,g2pre,LM,4,Adrive,0.09069456464083102
10061,g2pre,LM,4,Adrive,0.042051889747461386
10062,g2pre,LM,4,Adrive,-0.01120969902370526
10063,g2pre,LM,4,Adrive,0.08347302914731813
10064,g2pre,LM,4,Adrive,0.04508353215383516
10065,g2pre,LM,4,Adrive,0.09715448475268554
10066,g2pre,LM,4,Adrive,0.014902587003873124
10067,g2pre,LM,4,Adrive,0.12849700748572113
10068,g2pre,LM,4,Adrive,0.23713052491707445
10069,g2pre,LM,4,Adrive,0.17716301600900036
10070,g2pre,LM,4,Adrive,-0.016938106473626115
10071,g2pre,LM,4,Adrive,-0.08432470471118282
10072,g2pre,LM,4,Adrive,0.2596442419515857
10073,g2pre,LM,4,Adrive,0.014523207647725656
10074,g2pre,LM,4,Adrive,0.1522318159295981
10075,g2pre,LM,4,Adrive,0.03254373229130008
10076,g2pre,LM,4,Adrive,0.209534078877765
10077,g2pre,LM,4,Adrive,0.005483054539786532
10078,g2pre,LM,4,Adrive,-0.10537238990267934
10079,g2pre,LM,4,Adrive,-0.0011515532314482343
10080,g2pre,LM,4,Adrive,0.053393541914157225
10081,g2pre,LM,4,Adrive,-0.03663006187227021
10082,g2pre,LM,4,Adrive,-0.11013271357106982
10083,g2pre,LM,4,Adrive,-0.12421834374385914
10084,g2pre,LM,4,Adrive,0.04017963335608468
10085,g2pre,LM,4,Adrive,0.04218903892069485
10086,g2pre,LM,4,Adrive,0.025293122798914762
10087,g2pre,LM,4,Adrive,-0.07667100667447906
10088,g2pre,LM,4,Adrive,0.09444297230727425
10089,g2pre,LM,4,Adrive,0.023990887496463074
10090,g2pre,LM,4,Adrive,-0.07516468985833125
10091,g2pre,LM,4,Adrive,0.0902880899947176
10092,g2pre,LM,4,Adrive,0.2484976799356051
10093,g2pre,LM,4,Adrive,0.05975657294527447
10094,g2pre,LM,4,Adrive,0.036106415017708914
10095,g2pre,LM,4,Adrive,0.0402997542342715
10096,g2pre,LM,4,Adrive,0.03387771192524503
10097,g2pre,LM,4,Adrive,-0.17942183019728772
10098,g2pre,LM,4,Adrive,0.12960615686231583
10099,g2pre,LM,4,Adrive,-0.093152278762921
10100,g2pre,LM,4,Adrive,0.003639757475739538
10101,g2pre,LM,4,Adrive,0.00863997962832139
10102,g2pre,LM,4,Adrive,-0.17566704773976857
10103,g2pre,LM,4,Adrive,-0.21464207634408336
10104,g2pre,LM,4,Adrive,0.009836101610942002
10105,g2pre,LM,4,Adrive,0.07085461006028118
10106,g2pre,LM,4,Adrive,-0.007858224768051581
10107,g2pre,LM,4,Adrive,0.016912410422113368
10108,g2pre,LM,4,Adrive,0.07231351323968463
10109,g2pre,LM,4,Adrive,0.043771422475088605
10110,g2pre,LM,4,Adrive,-0.0811873567624873
10111,g2pre,LM,4,Adrive,0.04937929087017318
10112,g2pre,LM,4,Adrive,-0.26345894007457643
10113,g2pre,LM,4,Adrive,-0.20583682268463302
10114,g2pre,LM,4,Adrive,-0.09917137811141177
10115,g2pre,LM,9,Adrive,-0.023031207060434596
10116,g2pre,LM,2,Motordrive,0.17912360288784665
10117,g2pre,LM,4,Motordrive,0.26148928633084695
10118,g2pre,LM,4,Motordrive,0.38970507451236436
10119,g2pre,LM,4,Motordrive,0.2109670700808722
10120,g2pre,LM,4,Motordrive,-0.12008358168982664
10121,g2pre,LM,4,Motordrive,-0.10712599947909483
10122,g2pre,LM,4,Motordrive,0.3459802358567126
10123,g2pre,LM,4,Motordrive,-0.14089569769317556
10124,g2pre,LM,4,Motordrive,0.020822460340849926
10125,g2pre,LM,4,Motordrive,0.07730551983593024
10126,g2pre,LM,4,Motordrive,-0.03692769066493593
10127,g2pre,LM,4,Motordrive,-0.07745466603484624
10128,g2pre,LM,4,Motordrive,0.14007113943981203
10129,g2pre,LM,4,Motordrive,0.08468188707882657
10130,g2pre,LM,4,Motordrive,-0.021473702869855293
10131,g2pre,LM,4,Motordrive,-0.02989711017518971
10132,g2pre,LM,4,Motordrive,-0.07545521347219307
10133,g2pre,LM,4,Motordrive,0.12744599120152103
10134,g2pre,LM,4,Motordrive,0.0031995640969395274
10135,g2pre,LM,4,Motordrive,-0.020907196859011216
10136,g2pre,LM,4,Motordrive,0.09356830348517704
10137,g2pre,LM,4,Motordrive,0.11582327831915307
10138,g2pre,LM,4,Motordrive,0.0595572659394654
10139,g2pre,LM,4,Motordrive,-0.0582208622747044
10140,g2pre,LM,4,Motordrive,0.27546542536384844
10141,g2pre,LM,4,Motordrive,-0.2485187571530685
10142,g2pre,LM,4,Motordrive,-0.05994638640222479
10143,g2pre,LM,4,Motordrive,0.1609946066230045
10144,g2pre,LM,4,Motordrive,0.06402389570368143
10145,g2pre,LM,4,Motordrive,0.12370365188882945
10146,g2pre,LM,4,Motordrive,-0.06925098500289231
10147,g2pre,LM,4,Motordrive,0.035567093354670634
10148,g2pre,LM,4,Motordrive,0.05652271692759085
10149,g2pre,LM,4,Motordrive,-0.052358914564584885
10150,g2pre,LM,4,Motordrive,-0.06995511681716923
10151,g2pre,LM,4,Motordrive,-0.0782514418376989
10152,g2pre,LM,4,Motordrive,-0.015983571256184447
10153,g2pre,LM,4,Motordrive,0.008842688742754559
10154,g2pre,LM,4,Motordrive,0.004883120513281782
10155,g2pre,LM,4,Motordrive,-0.15461413683216535
10156,g2pre,LM,4,Motordrive,0.20412417474852315
10157,g2pre,LM,4,Motordrive,-0.10246234613109582
10158,g2pre,LM,4,Motordrive,0.4163582315804419
10159,g2pre,LM,4,Motordrive,-0.006884741165251376
10160,g2pre,LM,4,Motordrive,0.0005823041440800989
10161,g2pre,LM,4,Motordrive,0.02886591118721212
10162,g2pre,LM,4,Motordrive,0.02473950196415952
10163,g2pre,LM,4,Motordrive,0.15656753126955086
10164,g2pre,LM,4,Motordrive,0.09006229526901197
10165,g2pre,LM,4,Motordrive,-0.02880814106552077
10166,g2pre,LM,4,Motordrive,0.083595895770349
10167,g2pre,LM,4,Motordrive,-0.010360073887605304
10168,g2pre,LM,4,Motordrive,0.08190695100248949
10169,g2pre,LM,4,Motordrive,0.11635615188838694
10170,g2pre,LM,4,Motordrive,0.482562445555719
10171,g2pre,LM,4,Motordrive,-0.08023077424699464
10172,g2pre,LM,4,Motordrive,-0.1336849790572562
10173,g2pre,LM,4,Motordrive,0.2657837202621926
10174,g2pre,LM,4,Motordrive,0.3549784158488419
10175,g2pre,LM,4,Motordrive,0.10618082897108382
10176,g2pre,LM,4,Motordrive,0.18912615160588958
10177,g2pre,LM,4,Motordrive,0.01694841511894283
10178,g2pre,LM,4,Motordrive,0.1227156524132864
10179,g2pre,LM,4,Motordrive,0.09385227022708587
10180,g2pre,LM,4,Motordrive,0.14298701511378964
10181,g2pre,LM,9,Motordrive,0.015492181053867812
10182,g2post,V1,0,Adrive,0.04752851401040147
10183,g2post,V1,0,Adrive,0.19579881300691346
10184,g2post,V1,1,Adrive,-0.003975995171187562
10185,g2post,V1,1,Adrive,0.24755725721683344
10186,g2post,V1,1,Adrive,0.026580095063328497
10187,g2post,V1,1,Adrive,0.01524023581318155
10188,g2post,V1,1,Adrive,0.3057627004270337
10189,g2post,V1,1,Adrive,0.1606896953999415
10190,g2post,V1,1,Adrive,-0.03931057818820794
10191,g2post,V1,1,Adrive,0.1126168721813146
10192,g2post,V1,1,Adrive,0.051213947886884895
10193,g2post,V1,1,Adrive,0.11737180838950712
10194,g2post,V1,1,Adrive,0.13417974084408518
10195,g2post,V1,1,Adrive,-0.0039011556630259682
10196,g2post,V1,1,Adrive,0.0561366797119088
10197,g2post,V1,1,Adrive,-0.04163459621300219
10198,g2post,V1,1,Adrive,0.16811950468796577
10199,g2post,V1,1,Adrive,0.06959443334356968
10200,g2post,V1,1,Adrive,0.11727716301609065
10201,g2post,V1,1,Adrive,0.12236695275707407
10202,g2post,V1,1,Adrive,-0.051565817247114835
10203,g2post,V1,1,Adrive,0.05251684415283911
10204,g2post,V1,1,Adrive,0.06358021077969657
10205,g2post,V1,1,Adrive,0.1959669784254553
10206,g2post,V1,1,Adrive,0.11472095693627195
10207,g2post,V1,1,Adrive,0.04392445446741067
10208,g2post,V1,1,Adrive,0.20662363071604534
10209,g2post,V1,1,Adrive,0.08580931414827797
10210,g2post,V1,1,Adrive,0.012267274692838667
10211,g2post,V1,1,Adrive,-0.05038765945681157
10212,g2post,V1,1,Adrive,0.13499294180217686
10213,g2post,V1,1,Adrive,0.12375178226595553
10214,g2post,V1,1,Adrive,0.04386832030882195
10215,g2post,V1,1,Adrive,0.1741530967306853
10216,g2post,V1,1,Adrive,0.06317701810679523
10217,g2post,V1,1,Adrive,0.13313793477486302
10218,g2post,V1,1,Adrive,0.07672128655562585
10219,g2post,V1,1,Adrive,0.10735766409920719
10220,g2post,V1,1,Adrive,-0.013361278036226065
10221,g2post,V1,1,Adrive,0.012450087692100069
10222,g2post,V1,1,Adrive,0.09191899203062182
10223,g2post,V1,1,Adrive,0.058831856002108204
10224,g2post,V1,1,Adrive,-0.04904734697070279
10225,g2post,V1,1,Adrive,0.11694737551805721
10226,g2post,V1,1,Adrive,0.09472525020111267
10227,g2post,V1,1,Adrive,0.09117218497211703
10228,g2post,V1,1,Adrive,0.06262884780550461
10229,g2post,V1,1,Adrive,0.004793587053771758
10230,g2post,V1,1,Adrive,0.26549497704728986
10231,g2post,V1,1,Adrive,0.20371742268882012
10232,g2post,V1,1,Adrive,-0.04331946485037742
10233,g2post,V1,1,Adrive,-0.005650532877212843
10234,g2post,V1,1,Adrive,0.17268040513493155
10235,g2post,V1,1,Adrive,0.06986148997461686
10236,g2post,V1,1,Adrive,0.11770269049803184
10237,g2post,V1,1,Adrive,0.07249419835585776
10238,g2post,V1,1,Adrive,-0.03134726909437013
10239,g2post,V1,1,Adrive,0.2848377089809298
10240,g2post,V1,1,Adrive,0.1312692275259356
10241,g2post,V1,1,Adrive,0.2592950935523708
10242,g2post,V1,1,Adrive,-0.05430061140495139
10243,g2post,V1,1,Adrive,0.15905558207671552
10244,g2post,V1,1,Adrive,-0.0030032889566033658
10245,g2post,V1,1,Adrive,0.00346379305577159
10246,g2post,V1,1,Adrive,-0.0005068897573156656
10247,g2post,V1,1,Adrive,0.10064504725983614
10248,g2post,V1,1,Adrive,-0.07016677483834498
10249,g2post,V1,1,Adrive,-0.06437317608396212
10250,g2post,V1,1,Adrive,0.21763537835093372
10251,g2post,V1,1,Adrive,0.14417287663689565
10252,g2post,V1,1,Adrive,0.09135115519284308
10253,g2post,V1,1,Adrive,0.057905995705770874
10254,g2post,V1,1,Adrive,-0.07391281819967495
10255,g2post,V1,1,Adrive,0.18690662502890462
10256,g2post,V1,1,Adrive,0.01048840441147436
10257,g2post,V1,1,Adrive,0.14229646695019957
10258,g2post,V1,1,Adrive,-0.005976867548337967
10259,g2post,V1,1,Adrive,-0.10066722816954597
10260,g2post,V1,1,Adrive,0.2052908755076161
10261,g2post,V1,1,Adrive,0.08646206186106341
10262,g2post,V1,1,Adrive,0.0852051880014635
10263,g2post,V1,1,Adrive,0.06876324040480863
10264,g2post,V1,1,Adrive,-0.020403689735674885
10265,g2post,V1,1,Adrive,0.1753446341390941
10266,g2post,V1,1,Adrive,-0.07175393302312247
10267,g2post,V1,1,Adrive,0.08149987350039646
10268,g2post,V1,1,Adrive,-0.027881782151742904
10269,g2post,V1,1,Adrive,0.08549104537782132
10270,g2post,V1,1,Adrive,0.14554398214656608
10271,g2post,V1,1,Adrive,0.1127772315851488
10272,g2post,V1,1,Adrive,0.10240976283242663
10273,g2post,V1,1,Adrive,0.07235071255231727
10274,g2post,V1,1,Adrive,0.06553255071402159
10275,g2post,V1,1,Adrive,0.09901821368912296
10276,g2post,V1,1,Adrive,0.300313906971388
10277,g2post,V1,1,Adrive,0.1613086284149758
10278,g2post,V1,1,Adrive,-0.18413529291635627
10279,g2post,V1,1,Adrive,0.3137279679345368
10280,g2post,V1,1,Adrive,0.2716743790055763
10281,g2post,V1,1,Adrive,0.12510096738494936
10282,g2post,V1,1,Adrive,-0.03815366594280093
10283,g2post,V1,1,Adrive,0.18089144543301391
10284,g2post,V1,1,Adrive,0.06451260792316348
10285,g2post,V1,1,Adrive,0.10747716070624623
10286,g2post,V1,1,Adrive,0.04651687001317163
10287,g2post,V1,1,Adrive,-0.1051230155892118
10288,g2post,V1,1,Adrive,0.28927247809196815
10289,g2post,V1,1,Adrive,0.1521362814422097
10290,g2post,V1,1,Adrive,0.13309902742561516
10291,g2post,V1,1,Adrive,0.047956012868722406
10292,g2post,V1,1,Adrive,0.004445195251346076
10293,g2post,V1,1,Adrive,-0.07616513895347045
10294,g2post,V1,1,Adrive,0.08310373171788843
10295,g2post,V1,1,Adrive,0.052235979595807724
10296,g2post,V1,1,Adrive,-0.060936705904851104
10297,g2post,V1,1,Adrive,-0.0038482168866483734
10298,g2post,V1,1,Adrive,0.10084345777916957
10299,g2post,V1,1,Adrive,0.05743331486121946
10300,g2post,V1,1,Adrive,-0.020310528124922754
10301,g2post,V1,1,Adrive,-0.014660893865731363
10302,g2post,V1,1,Adrive,0.17761964124154442
10303,g2post,V1,1,Adrive,-0.14171767517381118
10304,g2post,V1,1,Adrive,-0.036038510959988494
10305,g2post,V1,1,Adrive,0.08763115668102353
10306,g2post,V1,1,Adrive,0.5321409963207364
10307,g2post,V1,1,Adrive,0.0077921048528913316
10308,g2post,V1,1,Adrive,0.3027080096277854
10309,g2post,V1,1,Adrive,0.09940599192427158
10310,g2post,V1,1,Adrive,0.1255925075377815
10311,g2post,V1,1,Adrive,-0.0825502111209155
10312,g2post,V1,1,Adrive,0.11916978333691797
10313,g2post,V1,1,Adrive,-0.08746865624195403
10314,g2post,V1,1,Adrive,0.24364217883959263
10315,g2post,V1,1,Adrive,0.03489209720581451
10316,g2post,V1,1,Adrive,-0.12028368977491581
10317,g2post,V1,1,Adrive,-0.11603375374831852
10318,g2post,V1,1,Adrive,0.14837085674190148
10319,g2post,V1,1,Adrive,-0.005535236469793954
10320,g2post,V1,1,Adrive,-0.06592994684796114
10321,g2post,V1,1,Adrive,-0.1568664760892107
10322,g2post,V1,1,Adrive,0.12340613483436119
10323,g2post,V1,1,Adrive,0.0717717103280093
10324,g2post,V1,1,Adrive,-0.033386559742034444
10325,g2post,V1,1,Adrive,-0.04216854416854752
10326,g2post,V1,1,Adrive,0.02001297227657447
10327,g2post,V1,1,Adrive,0.08424929860001916
10328,g2post,V1,1,Adrive,-0.1402886261162565
10329,g2post,V1,1,Adrive,-0.14959849119470006
10330,g2post,V1,1,Adrive,-0.10529517949492681
10331,g2post,V1,1,Adrive,0.03614220483549315
10332,g2post,V1,1,Adrive,0.017089760630030464
10333,g2post,V1,1,Adrive,0.19965790010854764
10334,g2post,V1,1,Adrive,0.2242339610487198
10335,g2post,V1,1,Adrive,0.03680019446776546
10336,g2post,V1,1,Adrive,-0.0449661325358749
10337,g2post,V1,1,Adrive,0.1678338878695754
10338,g2post,V1,1,Adrive,-0.060808910451411506
10339,g2post,V1,1,Adrive,0.07839872238526882
10340,g2post,V1,1,Adrive,0.0898894208520198
10341,g2post,V1,1,Adrive,0.02548413746337515
10342,g2post,V1,1,Adrive,-0.07981990812693765
10343,g2post,V1,1,Adrive,0.2808425987078654
10344,g2post,V1,1,Adrive,-0.10073391686629489
10345,g2post,V1,1,Adrive,0.1545265659849378
10346,g2post,V1,1,Adrive,0.14636021338141908
10347,g2post,V1,1,Adrive,0.14723198296198972
10348,g2post,V1,1,Adrive,0.15135366143570744
10349,g2post,V1,1,Adrive,0.05668903799882522
10350,g2post,V1,1,Adrive,0.11006642031121479
10351,g2post,V1,1,Adrive,-0.18669160419317923
10352,g2post,V1,1,Adrive,0.2896396757473224
10353,g2post,V1,1,Adrive,-0.11170807378248693
10354,g2post,V1,1,Adrive,-0.05125388805422669
10355,g2post,V1,1,Adrive,0.18411641752029068
10356,g2post,V1,1,Adrive,0.17417036546936232
10357,g2post,V1,1,Adrive,0.09625426585331216
10358,g2post,V1,1,Adrive,0.0675528130165833
10359,g2post,V1,1,Adrive,0.12839953219850145
10360,g2post,V1,1,Adrive,0.18984513737799588
10361,g2post,V1,1,Adrive,0.11769080466040104
10362,g2post,V1,1,Adrive,-0.02595170160851617
10363,g2post,V1,1,Adrive,0.18167800203356765
10364,g2post,V1,1,Adrive,0.061077038027021184
10365,g2post,V1,1,Adrive,0.11685955063095255
10366,g2post,V1,1,Adrive,-0.010948885101481688
10367,g2post,V1,1,Adrive,-0.036183852502418457
10368,g2post,V1,1,Adrive,-0.017241139279606788
10369,g2post,V1,1,Adrive,0.059556822418044095
10370,g2post,V1,1,Adrive,0.12179849692619055
10371,g2post,V1,1,Adrive,-0.13845663341404227
10372,g2post,V1,1,Adrive,0.02679843275533763
10373,g2post,V1,1,Adrive,0.11969641668303371
10374,g2post,V1,1,Adrive,-0.14180307582808716
10375,g2post,V1,1,Adrive,0.1532329816444857
10376,g2post,V1,1,Adrive,0.07050709023921899
10377,g2post,V1,1,Adrive,0.20341339297309244
10378,g2post,V1,1,Adrive,0.1595980878427685
10379,g2post,V1,1,Adrive,0.11229897913596529
10380,g2post,V1,1,Adrive,0.1657525819738846
10381,g2post,V1,1,Adrive,0.13632718412425807
10382,g2post,V1,1,Adrive,-0.006930374283667917
10383,g2post,V1,1,Adrive,-0.03982419187789238
10384,g2post,V1,1,Adrive,-0.16080341226154382
10385,g2post,V1,1,Adrive,-0.043353163793129625
10386,g2post,V1,1,Adrive,0.06220533139681087
10387,g2post,V1,1,Adrive,0.024731146714321865
10388,g2post,V1,1,Adrive,-0.24637534756399176
10389,g2post,V1,1,Adrive,0.11211144103320822
10390,g2post,V1,1,Adrive,0.044512296774521065
10391,g2post,V1,1,Adrive,-0.03813012279489301
10392,g2post,V1,1,Adrive,0.2533701946952643
10393,g2post,V1,1,Adrive,0.14081416289115992
10394,g2post,V1,1,Adrive,0.04401010337816524
10395,g2post,V1,1,Adrive,0.1746613722709283
10396,g2post,V1,1,Adrive,-0.0843577268704496
10397,g2post,V1,1,Adrive,0.04537930163378797
10398,g2post,V1,1,Adrive,0.1339776746246366
10399,g2post,V1,1,Adrive,-0.0830448993297595
10400,g2post,V1,1,Adrive,0.15191440161904357
10401,g2post,V1,1,Adrive,0.12266520969977526
10402,g2post,V1,1,Adrive,-0.12990074920946465
10403,g2post,V1,1,Adrive,-0.05539003489178614
10404,g2post,V1,1,Adrive,-0.10831098222976399
10405,g2post,V1,1,Adrive,0.07437549552742807
10406,g2post,V1,1,Adrive,0.18958611709304105
10407,g2post,V1,1,Adrive,0.009775660563362423
10408,g2post,V1,1,Adrive,-0.06859776407606435
10409,g2post,V1,1,Adrive,0.061853544430536665
10410,g2post,V1,1,Adrive,0.12052665155653566
10411,g2post,V1,1,Adrive,0.089480569632102
10412,g2post,V1,1,Adrive,0.0638225649142093
10413,g2post,V1,1,Adrive,-0.02906871982026294
10414,g2post,V1,1,Adrive,0.08405416280482762
10415,g2post,V1,1,Adrive,0.0013198521750486664
10416,g2post,V1,1,Adrive,0.21540565858464672
10417,g2post,V1,1,Adrive,0.10899460572860872
10418,g2post,V1,1,Adrive,0.10671030137582252
10419,g2post,V1,1,Adrive,0.08869017644473912
10420,g2post,V1,1,Adrive,-0.03185667135064934
10421,g2post,V1,1,Adrive,0.0800339302820716
10422,g2post,V1,1,Adrive,0.1848334073172842
10423,g2post,V1,1,Adrive,-0.08092831612646598
10424,g2post,V1,1,Adrive,0.10567055508563905
10425,g2post,V1,1,Adrive,0.13433971198228709
10426,g2post,V1,1,Adrive,0.1641305813137689
10427,g2post,V1,1,Adrive,0.09173851794638882
10428,g2post,V1,1,Adrive,-0.04553714508941202
10429,g2post,V1,1,Adrive,0.1468470700484057
10430,g2post,V1,1,Adrive,0.026629441079447286
10431,g2post,V1,1,Adrive,0.12615359342743268
10432,g2post,V1,1,Adrive,-0.023069100636889953
10433,g2post,V1,1,Adrive,0.1323604346716636
10434,g2post,V1,2,Adrive,0.0351775784459084
10435,g2post,V1,2,Adrive,0.08515961911715565
10436,g2post,V1,2,Adrive,-0.11650613224176708
10437,g2post,V1,2,Adrive,-0.06869512022149721
10438,g2post,V1,2,Adrive,0.04021930224276839
10439,g2post,V1,2,Adrive,0.0014307731536980315
10440,g2post,V1,2,Adrive,-0.18049266833295088
10441,g2post,V1,2,Adrive,-0.15657113944290552
10442,g2post,V1,2,Adrive,0.11551574176918565
10443,g2post,V1,2,Adrive,0.053255174415865796
10444,g2post,V1,2,Adrive,0.03561871395547461
10445,g2post,V1,2,Adrive,0.09632662754168962
10446,g2post,V1,2,Adrive,-0.07399617746770412
10447,g2post,V1,2,Adrive,-0.024488860900161537
10448,g2post,V1,2,Adrive,0.1237456541963467
10449,g2post,V1,2,Adrive,-0.017357998922463733
10450,g2post,V1,2,Adrive,-0.013209433322780937
10451,g2post,V1,2,Adrive,0.04245164950649632
10452,g2post,V1,2,Adrive,-0.056257458085459344
10453,g2post,V1,2,Adrive,0.11025861949472186
10454,g2post,V1,2,Adrive,0.05166446206181741
10455,g2post,V1,2,Adrive,-0.07589962927353872
10456,g2post,V1,2,Adrive,-0.12072799061247219
10457,g2post,V1,2,Adrive,-0.04525691938316239
10458,g2post,V1,2,Adrive,-0.05162166396872132
10459,g2post,V1,2,Adrive,-0.0814192081987419
10460,g2post,V1,2,Adrive,-0.05049660349573308
10461,g2post,V1,2,Adrive,0.030638309156570523
10462,g2post,V1,2,Adrive,-0.06739327182459823
10463,g2post,V1,2,Adrive,0.06809130253662651
10464,g2post,V1,2,Adrive,-0.027824425910759558
10465,g2post,V1,2,Adrive,-0.04938119155830103
10466,g2post,V1,2,Adrive,-0.0811238663793162
10467,g2post,V1,2,Adrive,-0.05007951942796256
10468,g2post,V1,2,Adrive,0.05157430919815546
10469,g2post,V1,2,Adrive,-0.17539599861966174
10470,g2post,V1,2,Adrive,0.02396853641745537
10471,g2post,V1,2,Adrive,0.05594972133294244
10472,g2post,V1,2,Adrive,-0.0802351432756092
10473,g2post,V1,2,Adrive,0.054427739592509176
10474,g2post,V1,2,Adrive,0.024136354964377882
10475,g2post,V1,2,Adrive,0.1860773648062316
10476,g2post,V1,2,Adrive,-0.010922461734369953
10477,g2post,V1,2,Adrive,-0.0643567594827864
10478,g2post,V1,2,Adrive,0.07706328318880085
10479,g2post,V1,2,Adrive,-0.05822348180795775
10480,g2post,V1,2,Adrive,0.15420715370968252
10481,g2post,V1,2,Adrive,-0.06581505836100686
10482,g2post,V1,2,Adrive,-0.017473051533786775
10483,g2post,V1,2,Adrive,-0.024919586005426052
10484,g2post,V1,2,Adrive,-0.10558991399061052
10485,g2post,V1,2,Adrive,0.03996616452848287
10486,g2post,V1,2,Adrive,-0.06882961201394058
10487,g2post,V1,2,Adrive,0.08237178040383197
10488,g2post,V1,2,Adrive,0.09110651750644463
10489,g2post,V1,2,Adrive,-0.0651095859701969
10490,g2post,V1,2,Adrive,0.058454481772862533
10491,g2post,V1,2,Adrive,0.09089354209750004
10492,g2post,V1,2,Adrive,0.06284054391001608
10493,g2post,V1,2,Adrive,-0.1085275710518277
10494,g2post,V1,2,Adrive,0.012180936847949393
10495,g2post,V1,2,Adrive,-0.009777321752390504
10496,g2post,V1,2,Adrive,-0.03753521123708806
10497,g2post,V1,2,Adrive,0.09798411417331392
10498,g2post,V1,2,Adrive,0.08163494911704573
10499,g2post,V1,2,Adrive,0.10310686532742154
10500,g2post,V1,2,Adrive,-0.04283478380727554
10501,g2post,V1,2,Adrive,0.0002085371944693159
10502,g2post,V1,2,Adrive,-0.023299651673471984
10503,g2post,V1,2,Adrive,0.042806132506152575
10504,g2post,V1,2,Adrive,0.0437015960803731
10505,g2post,V1,2,Adrive,0.09307608675098009
10506,g2post,V1,2,Adrive,0.02224227525587433
10507,g2post,V1,2,Adrive,0.06576339762300966
10508,g2post,V1,2,Adrive,0.053901424850081085
10509,g2post,V1,2,Adrive,-0.02327318414400046
10510,g2post,V1,2,Adrive,0.06443188054612749
10511,g2post,V1,2,Adrive,0.07576356301665048
10512,g2post,V1,2,Adrive,-0.11390737640027028
10513,g2post,V1,2,Adrive,0.005967922603329687
10514,g2post,V1,2,Adrive,0.0656138015052291
10515,g2post,V1,2,Adrive,0.0358305553667581
10516,g2post,V1,2,Adrive,0.10384709790212367
10517,g2post,V1,2,Adrive,-0.05423127313597201
10518,g2post,V1,2,Adrive,0.07795592329808249
10519,g2post,V1,2,Adrive,0.04018008296383766
10520,g2post,V1,2,Adrive,-0.003904119637518175
10521,g2post,V1,2,Adrive,-0.060202744179429946
10522,g2post,V1,2,Adrive,0.15209654682070292
10523,g2post,V1,2,Adrive,0.08731812231995278
10524,g2post,V1,2,Adrive,0.10846456202354982
10525,g2post,V1,2,Adrive,0.048715288210788986
10526,g2post,V1,2,Adrive,-0.09142234619881823
10527,g2post,V1,2,Adrive,0.08836240225951313
10528,g2post,V1,2,Adrive,0.09714763794467185
10529,g2post,V1,2,Adrive,0.016750213830963555
10530,g2post,V1,2,Adrive,-0.1441248789160596
10531,g2post,V1,2,Adrive,0.048010653679741104
10532,g2post,V1,2,Adrive,-0.051040455987604254
10533,g2post,V1,2,Adrive,0.0007592080573823027
10534,g2post,V1,2,Adrive,0.06504772384976601
10535,g2post,V1,2,Adrive,-0.02566712151893471
10536,g2post,V1,2,Adrive,0.10515581759268536
10537,g2post,V1,2,Adrive,0.06398229943762164
10538,g2post,V1,2,Adrive,0.06228983554407152
10539,g2post,V1,2,Adrive,0.1689589702675161
10540,g2post,V1,2,Adrive,-0.05664237817941652
10541,g2post,V1,2,Adrive,0.07234755984955847
10542,g2post,V1,2,Adrive,-0.19757817546737877
10543,g2post,V1,2,Adrive,0.13445709030293126
10544,g2post,V1,2,Adrive,-0.04979441197433529
10545,g2post,V1,2,Adrive,-0.0031889078149215213
10546,g2post,V1,2,Adrive,0.1172176302939949
10547,g2post,V1,2,Adrive,-0.11524593817987575
10548,g2post,V1,2,Adrive,-0.01358621860640697
10549,g2post,V1,2,Adrive,-0.12886409438414428
10550,g2post,V1,2,Adrive,0.16592684989640039
10551,g2post,V1,2,Adrive,-0.208772003826087
10552,g2post,V1,2,Adrive,0.11628038893067527
10553,g2post,V1,2,Adrive,-0.09833253719936857
10554,g2post,V1,2,Adrive,0.013001401374099572
10555,g2post,V1,2,Adrive,-0.015953232524330053
10556,g2post,V1,2,Adrive,-0.10457559289928074
10557,g2post,V1,2,Adrive,0.10403409177083274
10558,g2post,V1,2,Adrive,0.07485011325198294
10559,g2post,V1,2,Adrive,-0.2771393912506786
10560,g2post,V1,2,Adrive,-0.05604378625836562
10561,g2post,V1,2,Adrive,-0.07375122299413552
10562,g2post,V1,2,Adrive,0.0664659827816791
10563,g2post,V1,2,Adrive,0.03147020127009826
10564,g2post,V1,2,Adrive,-0.11081055602942722
10565,g2post,V1,2,Adrive,0.17180215524592965
10566,g2post,V1,2,Adrive,-0.09226617959964839
10567,g2post,V1,2,Adrive,0.11265283761215523
10568,g2post,V1,2,Adrive,-0.10810381686279022
10569,g2post,V1,2,Adrive,-0.04615855569512137
10570,g2post,V1,2,Adrive,-0.029804802409932198
10571,g2post,V1,2,Adrive,0.2272246787641237
10572,g2post,V1,2,Adrive,0.038117202062394995
10573,g2post,V1,2,Adrive,0.011489308961705547
10574,g2post,V1,2,Adrive,-0.021567313640882498
10575,g2post,V1,2,Adrive,-0.10841716722077602
10576,g2post,V1,2,Adrive,-0.10146741301702938
10577,g2post,V1,2,Adrive,-0.07232078457633097
10578,g2post,V1,2,Adrive,0.1861939362334129
10579,g2post,V1,2,Adrive,0.046988902882769475
10580,g2post,V1,2,Adrive,-0.023397848968967662
10581,g2post,V1,2,Adrive,-0.03366947802676347
10582,g2post,V1,2,Adrive,-0.07183591400813365
10583,g2post,V1,2,Adrive,0.0935554139369743
10584,g2post,V1,2,Adrive,-0.04281984998413813
10585,g2post,V1,2,Adrive,0.1271557930514182
10586,g2post,V1,2,Adrive,-0.019702962085432534
10587,g2post,V1,2,Adrive,0.06127197242637155
10588,g2post,V1,2,Adrive,-0.04164137970706442
10589,g2post,V1,2,Adrive,-0.02133762629825385
10590,g2post,V1,2,Adrive,-0.08590376386771229
10591,g2post,V1,2,Adrive,-0.022030961594945643
10592,g2post,V1,2,Adrive,0.10626152603280811
10593,g2post,V1,2,Adrive,-0.07864519360644036
10594,g2post,V1,2,Adrive,0.04876515651442391
10595,g2post,V1,2,Adrive,0.05608501473355028
10596,g2post,V1,2,Adrive,0.10395097361834199
10597,g2post,V1,2,Adrive,0.03425662096351267
10598,g2post,V1,2,Adrive,-0.11265221528131085
10599,g2post,V1,2,Adrive,0.014809093751282885
10600,g2post,V1,2,Adrive,0.014115120945790476
10601,g2post,V1,2,Adrive,-0.02111587322859299
10602,g2post,V1,2,Adrive,0.045121203122562764
10603,g2post,V1,2,Adrive,-0.009669483463908371
10604,g2post,V1,2,Adrive,-0.05208685505322904
10605,g2post,V1,2,Adrive,-0.014503700462245256
10606,g2post,V1,2,Adrive,-0.03094403725401718
10607,g2post,V1,2,Adrive,0.16694097061885566
10608,g2post,V1,2,Adrive,-0.06917125856734192
10609,g2post,V1,2,Adrive,0.050500267409141465
10610,g2post,V1,2,Adrive,0.021974860378058608
10611,g2post,V1,2,Adrive,-0.01031148472331602
10612,g2post,V1,2,Adrive,0.08468637120747184
10613,g2post,V1,2,Adrive,0.04426740399647815
10614,g2post,V1,2,Adrive,0.0911624694252142
10615,g2post,V1,2,Adrive,-0.25732165277112234
10616,g2post,V1,2,Adrive,-0.0659646704765929
10617,g2post,V1,2,Adrive,0.060420060790088964
10618,g2post,V1,2,Adrive,-0.08536714545034084
10619,g2post,V1,2,Adrive,-0.029695847395347977
10620,g2post,V1,2,Adrive,-0.15247666399317794
10621,g2post,V1,2,Adrive,-0.1362978060521944
10622,g2post,V1,2,Adrive,0.03742741094867529
10623,g2post,V1,2,Adrive,-0.016084311074331344
10624,g2post,V1,2,Adrive,-0.09982151155494778
10625,g2post,V1,2,Adrive,0.13111973981861078
10626,g2post,V1,2,Adrive,-0.008541734342776804
10627,g2post,V1,2,Adrive,-0.1415328613039805
10628,g2post,V1,2,Adrive,-0.1492549046998042
10629,g2post,V1,2,Adrive,-0.07781278148323209
10630,g2post,V1,2,Adrive,0.08640407861544983
10631,g2post,V1,2,Adrive,-0.057467082075051884
10632,g2post,V1,2,Adrive,-0.06398173609716884
10633,g2post,V1,2,Adrive,0.06470937612645189
10634,g2post,V1,2,Adrive,0.027614530431635757
10635,g2post,V1,2,Adrive,0.12476168332628566
10636,g2post,V1,2,Adrive,-0.03637507037833334
10637,g2post,V1,2,Adrive,0.013544957591627093
10638,g2post,V1,2,Adrive,0.0012076110303123318
10639,g2post,V1,2,Adrive,-0.23377620830558404
10640,g2post,V1,2,Adrive,-0.0622523933985525
10641,g2post,V1,2,Adrive,-0.05993340568749269
10642,g2post,V1,2,Adrive,-0.09338145571180656
10643,g2post,V1,2,Adrive,0.02582763655361572
10644,g2post,V1,2,Adrive,-0.04805509036638371
10645,g2post,V1,2,Adrive,0.0456594018167273
10646,g2post,V1,2,Adrive,-0.006133749827541161
10647,g2post,V1,2,Adrive,0.08795985812181126
10648,g2post,V1,2,Adrive,0.08973008291245883
10649,g2post,V1,2,Adrive,-0.09005287453978593
10650,g2post,V1,2,Adrive,-0.06264915246057609
10651,g2post,V1,2,Adrive,-0.09181477914620145
10652,g2post,V1,2,Adrive,0.09318170051619726
10653,g2post,V1,2,Adrive,-0.043709983037438
10654,g2post,V1,2,Adrive,-0.0748686667318813
10655,g2post,V1,2,Adrive,-0.08903621300255074
10656,g2post,V1,2,Adrive,-0.13046530999004904
10657,g2post,V1,2,Adrive,-0.11110964825454231
10658,g2post,V1,2,Adrive,-0.10706436963646004
10659,g2post,V1,2,Adrive,-0.13652993578534156
10660,g2post,V1,2,Adrive,-0.12629916333089483
10661,g2post,V1,2,Adrive,-0.08568988338746605
10662,g2post,V1,2,Adrive,-0.050325544113789
10663,g2post,V1,2,Adrive,0.014680535359978958
10664,g2post,V1,2,Adrive,-0.16999623646713155
10665,g2post,V1,2,Adrive,-0.09231364651934511
10666,g2post,V1,2,Adrive,-0.133765240753029
10667,g2post,V1,2,Adrive,-0.1271302070547932
10668,g2post,V1,2,Adrive,0.09008405875256033
10669,g2post,V1,2,Adrive,-0.07591413093899715
10670,g2post,V1,2,Adrive,-0.11238425404834372
10671,g2post,V1,2,Adrive,-0.11388134608760922
10672,g2post,V1,2,Adrive,-0.003628196126073139
10673,g2post,V1,2,Adrive,-0.0015193225076341225
10674,g2post,V1,2,Adrive,0.029280240887002824
10675,g2post,V1,2,Adrive,0.009355695271484603
10676,g2post,V1,2,Adrive,0.06013641744418061
10677,g2post,V1,2,Adrive,0.07456578663263236
10678,g2post,V1,2,Adrive,0.10258909805339414
10679,g2post,V1,2,Adrive,-0.09231347429391668
10680,g2post,V1,2,Adrive,0.03951761514293149
10681,g2post,V1,2,Adrive,0.07120371240312551
10682,g2post,V1,2,Adrive,-0.1018255562784965
10683,g2post,V1,2,Adrive,-0.040894837193843576
10684,g2post,V1,2,Adrive,-0.07096681323510484
10685,g2post,V1,2,Adrive,-0.02284516506782499
10686,g2post,V1,2,Adrive,-0.03457707119067878
10687,g2post,V1,3,Adrive,-0.005445505432647511
10688,g2post,V1,3,Adrive,-0.26027047114415064
10689,g2post,V1,3,Adrive,0.02666002040730781
10690,g2post,V1,3,Adrive,0.006279392890961706
10691,g2post,V1,3,Adrive,-0.01747667943963986
10692,g2post,V1,3,Adrive,0.03392669233312322
10693,g2post,V1,3,Adrive,-0.030421009842938516
10694,g2post,V1,3,Adrive,-0.065490273454905
10695,g2post,V1,3,Adrive,0.12444659191300186
10696,g2post,V1,3,Adrive,-0.051762772776775094
10697,g2post,V1,3,Adrive,0.07889839824563483
10698,g2post,V1,3,Adrive,-0.08600760855996689
10699,g2post,V1,3,Adrive,-0.10488880955643412
10700,g2post,V1,3,Adrive,-0.05926202149398511
10701,g2post,V1,3,Adrive,-0.14382563699637355
10702,g2post,V1,3,Adrive,0.05445517726639216
10703,g2post,V1,3,Adrive,-0.03973488042855818
10704,g2post,V1,3,Adrive,0.05455233517973257
10705,g2post,V1,3,Adrive,-0.010084929475086308
10706,g2post,V1,3,Adrive,0.02275645694695011
10707,g2post,V1,3,Adrive,-0.03283572513141242
10708,g2post,V1,3,Adrive,0.005014085832900083
10709,g2post,V1,3,Adrive,-0.15858521331341155
10710,g2post,V1,3,Adrive,0.02571468390590786
10711,g2post,V1,3,Adrive,0.0027464291812191047
10712,g2post,V1,3,Adrive,-0.06794665396646205
10713,g2post,V1,3,Adrive,0.12711166149471012
10714,g2post,V1,3,Adrive,-0.0012640273953791945
10715,g2post,V1,3,Adrive,-0.11071955697533056
10716,g2post,V1,3,Adrive,-0.106789998558867
10717,g2post,V1,3,Adrive,0.02423672576401765
10718,g2post,V1,3,Adrive,-0.0467563251014117
10719,g2post,V1,3,Adrive,0.065166069090831
10720,g2post,V1,3,Adrive,0.030454481360324717
10721,g2post,V1,3,Adrive,-0.019720123016557192
10722,g2post,V1,3,Adrive,-0.02168731947518259
10723,g2post,V1,3,Adrive,-0.1244646174360951
10724,g2post,V1,3,Adrive,-0.0018099613298823594
10725,g2post,V1,3,Adrive,-0.03780331303254548
10726,g2post,V1,3,Adrive,-0.04371782656342394
10727,g2post,V1,3,Adrive,-0.035709755795595016
10728,g2post,V1,3,Adrive,-0.06279211973008303
10729,g2post,V1,3,Adrive,-0.11260415033359698
10730,g2post,V1,3,Adrive,-0.07870678800710318
10731,g2post,V1,3,Adrive,0.23790330886166322
10732,g2post,V1,3,Adrive,-0.1532026355830612
10733,g2post,V1,3,Adrive,0.019973589628994474
10734,g2post,V1,3,Adrive,0.09969807188226408
10735,g2post,V1,3,Adrive,-0.09448468243954801
10736,g2post,V1,3,Adrive,0.05960427359873937
10737,g2post,V1,3,Adrive,-0.18658081188673586
10738,g2post,V1,3,Adrive,-0.003752015814946184
10739,g2post,V1,3,Adrive,0.32758422723102726
10740,g2post,V1,3,Adrive,-0.0630765031640168
10741,g2post,V1,3,Adrive,-0.046891412277676896
10742,g2post,V1,3,Adrive,-0.09051507202993049
10743,g2post,V1,3,Adrive,-0.07811257943400761
10744,g2post,V1,3,Adrive,-0.24202964926791873
10745,g2post,V1,3,Adrive,-0.12700012046880302
10746,g2post,V1,3,Adrive,-0.12579990086271314
10747,g2post,V1,3,Adrive,0.13300205509957833
10748,g2post,V1,3,Adrive,-0.08433502015982426
10749,g2post,V1,3,Adrive,0.2737626672314282
10750,g2post,V1,3,Adrive,-0.2297332541379583
10751,g2post,V1,3,Adrive,-0.05837889121724081
10752,g2post,V1,3,Adrive,-0.1945701100804288
10753,g2post,V1,3,Adrive,0.07231244867179183
10754,g2post,V1,3,Adrive,0.22597361173668976
10755,g2post,V1,3,Adrive,-0.13132559817161282
10756,g2post,V1,3,Adrive,0.09442427216626975
10757,g2post,V1,3,Adrive,0.04546264756801042
10758,g2post,V1,3,Adrive,-0.10024093469393501
10759,g2post,V1,3,Adrive,-0.1413355540568579
10760,g2post,V1,3,Adrive,-0.06702454701284855
10761,g2post,V1,3,Adrive,0.10169132722650166
10762,g2post,V1,3,Adrive,0.27690495010757177
10763,g2post,V1,3,Adrive,0.0949777979490989
10764,g2post,V1,3,Adrive,0.06859611865439158
10765,g2post,V1,3,Adrive,-0.07067664340235863
10766,g2post,V1,3,Adrive,0.02889644193123932
10767,g2post,V1,3,Adrive,-0.14478499875853298
10768,g2post,V1,3,Adrive,-0.25723415527644367
10769,g2post,V1,3,Adrive,-0.12418307575113462
10770,g2post,V1,3,Adrive,-0.09610106795168666
10771,g2post,V1,3,Adrive,-0.4066090937901248
10772,g2post,V1,3,Adrive,-0.0981804896642131
10773,g2post,V1,3,Adrive,-0.23995915302170798
10774,g2post,V1,3,Adrive,-0.10627894133394789
10775,g2post,V1,3,Adrive,-0.034945885351693025
10776,g2post,V1,3,Adrive,-0.1238291181150731
10777,g2post,V1,3,Adrive,0.20005477868457788
10778,g2post,V1,3,Adrive,0.026671125906654866
10779,g2post,V1,3,Adrive,-0.0932753213659587
10780,g2post,V1,3,Adrive,-0.15252247284854079
10781,g2post,V1,3,Adrive,-0.18230979084087579
10782,g2post,V1,3,Adrive,-0.1424785179512291
10783,g2post,V1,3,Adrive,-0.06629145965851885
10784,g2post,V1,3,Adrive,-0.1417255604655177
10785,g2post,V1,3,Adrive,0.04776996076532888
10786,g2post,V1,3,Adrive,-0.16690313755197986
10787,g2post,V1,3,Adrive,-0.17100083756666754
10788,g2post,V1,3,Adrive,0.08675062463107516
10789,g2post,V1,3,Adrive,-0.14032090646922168
10790,g2post,V1,3,Adrive,-0.07633957792869595
10791,g2post,V1,3,Adrive,0.026557148873234734
10792,g2post,V1,3,Adrive,0.029735068002676435
10793,g2post,V1,3,Adrive,-0.19413451831335107
10794,g2post,V1,3,Adrive,-0.3615057162040725
10795,g2post,V1,3,Adrive,-0.1936154412229731
10796,g2post,V1,3,Adrive,0.043883706652087226
10797,g2post,V1,3,Adrive,0.1286435609864298
10798,g2post,V1,3,Adrive,-0.01756499015287583
10799,g2post,V1,3,Adrive,-0.007681306057976976
10800,g2post,V1,3,Adrive,0.06608318008629675
10801,g2post,V1,3,Adrive,0.008167534507951863
10802,g2post,V1,3,Adrive,0.09023940999816729
10803,g2post,V1,3,Adrive,-0.041287881485155754
10804,g2post,V1,3,Adrive,-0.05039871148349784
10805,g2post,V1,3,Adrive,-0.10454713395328114
10806,g2post,V1,3,Adrive,0.058414231347439
10807,g2post,V1,3,Adrive,-0.09133816728888403
10808,g2post,V1,3,Adrive,0.08453442274617293
10809,g2post,V1,3,Adrive,0.19913672501548993
10810,g2post,V1,3,Adrive,0.024446398378432634
10811,g2post,V1,3,Adrive,-0.07599100682056698
10812,g2post,V1,3,Adrive,-0.13328776156335567
10813,g2post,V1,3,Adrive,0.003966287500006412
10814,g2post,V1,3,Adrive,-0.11074842918691345
10815,g2post,V1,3,Adrive,0.04928396979005977
10816,g2post,V1,3,Adrive,-0.0714458514965943
10817,g2post,V1,3,Adrive,-0.1380282975433926
10818,g2post,V1,3,Adrive,-0.16463120560414723
10819,g2post,V1,3,Adrive,-0.17207803366881724
10820,g2post,V1,3,Adrive,-0.030812641641323937
10821,g2post,V1,3,Adrive,-0.028698915524666226
10822,g2post,V1,3,Adrive,-0.07532712361677844
10823,g2post,V1,3,Adrive,-0.04498144440002228
10824,g2post,V1,3,Adrive,0.038573276853110634
10825,g2post,V1,3,Adrive,-0.08215971377852765
10826,g2post,V1,3,Adrive,0.06737069607290665
10827,g2post,V1,3,Adrive,0.0026623754811344515
10828,g2post,V1,3,Adrive,-0.10917483589048624
10829,g2post,V1,3,Adrive,0.01655225191062881
10830,g2post,V1,3,Adrive,-0.15935688078154203
10831,g2post,V1,3,Adrive,-0.23350696060749002
10832,g2post,V1,3,Adrive,-0.04270269783354243
10833,g2post,V1,3,Adrive,0.012749112872659722
10834,g2post,V1,3,Adrive,-0.09173107181556368
10835,g2post,V1,3,Adrive,-0.18690991255068504
10836,g2post,V1,3,Adrive,0.017920622793467553
10837,g2post,V1,3,Adrive,0.16974860009789872
10838,g2post,V1,3,Adrive,0.0054689004977586135
10839,g2post,V1,3,Adrive,-0.016780868423745092
10840,g2post,V1,3,Adrive,-0.09851322742330575
10841,g2post,V1,3,Adrive,0.13148956934837636
10842,g2post,V1,3,Adrive,-0.0625565594671473
10843,g2post,V1,3,Adrive,-0.0730725013383172
10844,g2post,V1,3,Adrive,-0.1382738603852681
10845,g2post,V1,3,Adrive,-0.280260526228883
10846,g2post,V1,3,Adrive,0.010163954942153504
10847,g2post,V1,3,Adrive,0.072997964612631
10848,g2post,V1,3,Adrive,0.029860834899964526
10849,g2post,V1,3,Adrive,0.02835454761218198
10850,g2post,V1,3,Adrive,0.060799657157240956
10851,g2post,V1,3,Adrive,0.08901896710185342
10852,g2post,V1,3,Adrive,-0.10232309672217027
10853,g2post,V1,3,Adrive,-0.029014619877961993
10854,g2post,V1,3,Adrive,-0.07009544374636542
10855,g2post,V1,3,Adrive,0.0388108257598216
10856,g2post,V1,3,Adrive,0.0017516200386463769
10857,g2post,V1,3,Adrive,-0.04686384779729862
10858,g2post,V1,3,Adrive,0.1768099047104712
10859,g2post,V1,3,Adrive,-0.18909899414706915
10860,g2post,V1,3,Adrive,0.0015319851931897956
10861,g2post,V1,3,Adrive,0.04755137188771489
10862,g2post,V1,3,Adrive,-0.11806526700247885
10863,g2post,V1,3,Adrive,-0.10867702598394828
10864,g2post,V1,3,Adrive,-0.07312617928883591
10865,g2post,V1,3,Adrive,-0.07292816371392966
10866,g2post,V1,3,Adrive,-0.06255716933005648
10867,g2post,V1,3,Adrive,0.09889429611124277
10868,g2post,V1,3,Adrive,0.07772211189350504
10869,g2post,V1,3,Adrive,-0.13385727231974262
10870,g2post,V1,3,Adrive,-0.03163869527844059
10871,g2post,V1,3,Adrive,0.078380383701536
10872,g2post,V1,3,Adrive,0.12969463205349932
10873,g2post,V1,3,Adrive,-0.021007452323324984
10874,g2post,V1,3,Adrive,-0.02455376134500828
10875,g2post,V1,3,Adrive,-0.15958715122722889
10876,g2post,V1,3,Adrive,0.043543894278933896
10877,g2post,V1,3,Adrive,0.15896342682902542
10878,g2post,V1,3,Adrive,-0.030697645963098673
10879,g2post,V1,3,Adrive,-0.09184099260566786
10880,g2post,V1,3,Adrive,-0.24898270877555945
10881,g2post,V1,3,Adrive,-0.06499638742452651
10882,g2post,V1,3,Adrive,0.037699902166907405
10883,g2post,V1,3,Adrive,-0.04987065497683588
10884,g2post,V1,3,Adrive,-0.08607113888318463
10885,g2post,V1,3,Adrive,-0.11228393809615823
10886,g2post,V1,3,Adrive,-0.15832276909713267
10887,g2post,V1,3,Adrive,-0.05948468475423111
10888,g2post,V1,3,Adrive,-0.020847985548712613
10889,g2post,V1,3,Adrive,-0.0570701115577147
10890,g2post,V1,3,Adrive,-0.12783948211932428
10891,g2post,V1,3,Adrive,-0.03563350775902486
10892,g2post,V1,3,Adrive,-0.07410797718408649
10893,g2post,V1,3,Adrive,-0.1276550464094975
10894,g2post,V1,3,Adrive,-0.2508273188938818
10895,g2post,V1,3,Adrive,-0.32372870915062346
10896,g2post,V1,3,Adrive,-0.1039713036170135
10897,g2post,V1,3,Adrive,0.08019779780252809
10898,g2post,V1,3,Adrive,-0.11586572594622549
10899,g2post,V1,3,Adrive,-0.06512441309788358
10900,g2post,V1,4,Adrive,-0.01074876018857477
10901,g2post,V1,4,Adrive,0.11808068518545672
10902,g2post,V1,4,Adrive,0.030596290471491913
10903,g2post,V1,4,Adrive,0.05431561106366312
10904,g2post,V1,4,Adrive,-0.008271259214873499
10905,g2post,V1,4,Adrive,-0.02854848648902026
10906,g2post,V1,4,Adrive,0.02310774413924338
10907,g2post,V1,4,Adrive,0.02807804239581395
10908,g2post,V1,4,Adrive,0.10088675358092881
10909,g2post,V1,4,Adrive,-0.023358075254373997
10910,g2post,V1,4,Adrive,0.005981177998524239
10911,g2post,V1,4,Adrive,-0.03909518004817914
10912,g2post,V1,4,Adrive,0.28292334074166503
10913,g2post,V1,4,Adrive,-0.002938289926988381
10914,g2post,V1,4,Adrive,0.3209214204315906
10915,g2post,V1,4,Adrive,0.009083984979857653
10916,g2post,V1,4,Adrive,-0.04933699397069241
10917,g2post,V1,4,Adrive,0.10147872909771599
10918,g2post,V1,4,Adrive,-0.0027246453492549257
10919,g2post,V1,4,Adrive,0.034649165724454214
10920,g2post,V1,4,Adrive,0.022862823758142633
10921,g2post,V1,4,Adrive,0.07395589673962713
10922,g2post,V1,4,Adrive,0.027937425101615718
10923,g2post,V1,4,Adrive,0.04808091023031778
10924,g2post,V1,4,Adrive,0.03833465881936119
10925,g2post,V1,4,Adrive,0.31512933656439474
10926,g2post,V1,4,Adrive,-0.13035401339169944
10927,g2post,V1,4,Adrive,-0.07156894197507759
10928,g2post,V1,4,Adrive,-0.012530327532205012
10929,g2post,V1,4,Adrive,0.25132044579187657
10930,g2post,V1,4,Adrive,0.013758873458907219
10931,g2post,V1,4,Adrive,0.04461552495339017
10932,g2post,V1,4,Adrive,-0.2503675650972572
10933,g2post,V1,4,Adrive,-0.12429653919486303
10934,g2post,V1,4,Adrive,0.4005287938582582
10935,g2post,V1,4,Adrive,0.32978557031363925
10936,g2post,V1,4,Adrive,0.14996887081705268
10937,g2post,V1,4,Adrive,-0.0749712809918828
10938,g2post,V1,4,Adrive,-0.19445201015311311
10939,g2post,V1,4,Adrive,0.07788878582596132
10940,g2post,V1,4,Adrive,0.04354887967294822
10941,g2post,V1,4,Adrive,0.0817876041955451
10942,g2post,V1,4,Adrive,-0.08429196631643235
10943,g2post,V1,4,Adrive,0.09708874704437864
10944,g2post,V1,4,Adrive,-0.02739766374911713
10945,g2post,V1,4,Adrive,0.07694113098162149
10946,g2post,V1,4,Adrive,0.24146503589826795
10947,g2post,V1,4,Adrive,0.042862192194010364
10948,g2post,V1,4,Adrive,-0.0037095355537474653
10949,g2post,V1,4,Adrive,-0.015172010951218187
10950,g2post,V1,4,Adrive,0.18659288705838645
10951,g2post,V1,4,Adrive,0.23440417961287027
10952,g2post,V1,4,Adrive,-0.07753968829931722
10953,g2post,V1,4,Adrive,-0.0748771498470793
10954,g2post,V1,4,Adrive,0.08182817347192319
10955,g2post,V1,4,Adrive,0.04708556114228221
10956,g2post,V1,4,Adrive,0.12272757710119997
10957,g2post,V1,4,Adrive,0.1718861690645822
10958,g2post,V1,4,Adrive,-0.041849386935707264
10959,g2post,V1,4,Adrive,0.030830591511623293
10960,g2post,V1,4,Adrive,-0.01220814552772401
10961,g2post,V1,4,Adrive,-0.10365644205891446
10962,g2post,V1,4,Adrive,-0.08030357480928352
10963,g2post,V1,4,Adrive,-0.0038546199352618425
10964,g2post,V1,4,Adrive,0.1388008005535438
10965,g2post,V1,4,Adrive,-0.06519436099165521
10966,g2post,V1,5,Adrive,0.14297640981338913
10967,g2post,V1,5,Adrive,0.1068741368410529
10968,g2post,V1,5,Adrive,-0.04034900615156626
10969,g2post,V1,5,Adrive,0.030706541839458958
10970,g2post,V1,5,Adrive,0.30561048784047123
10971,g2post,V1,5,Adrive,0.10333915718018119
10972,g2post,V1,5,Adrive,-0.007711104604702443
10973,g2post,V1,5,Adrive,0.1077587515336505
10974,g2post,V1,5,Adrive,0.23221785197657047
10975,g2post,V1,5,Adrive,0.15429702498954512
10976,g2post,V1,5,Adrive,-0.08697772932924755
10977,g2post,V1,5,Adrive,-0.1527354286238506
10978,g2post,V1,5,Adrive,0.0009134195500160576
10979,g2post,V1,5,Adrive,-0.010661425729811295
10980,g2post,V1,5,Adrive,0.3180159467518428
10981,g2post,V1,5,Adrive,0.04056377047801439
10982,g2post,V1,5,Adrive,0.05517633109762368
10983,g2post,V1,5,Adrive,-0.08244487335417745
10984,g2post,V1,5,Adrive,-0.0880169499485677
10985,g2post,V1,5,Adrive,0.2577472715385215
10986,g2post,V1,5,Adrive,-0.03348045974505263
10987,g2post,V1,5,Adrive,0.04621402106754191
10988,g2post,V1,5,Adrive,-0.05638860110141911
10989,g2post,V1,5,Adrive,-0.09232622968661701
10990,g2post,V1,5,Adrive,-0.08320229777116901
10991,g2post,V1,5,Adrive,-0.09919575944371999
10992,g2post,V1,5,Adrive,-0.056058604756715535
10993,g2post,V1,5,Adrive,-0.16099055758544276
10994,g2post,V1,5,Adrive,0.0026040743075510632
10995,g2post,V1,5,Adrive,-0.015827970003239794
10996,g2post,V1,5,Adrive,0.06689407236015885
10997,g2post,V1,5,Adrive,-0.06242173692784014
10998,g2post,V1,5,Adrive,-0.1449496304297115
10999,g2post,V1,5,Adrive,-0.10735310791789077
11000,g2post,V1,5,Adrive,0.22561372018969977
11001,g2post,V1,5,Adrive,0.051613603325188544
11002,g2post,V1,5,Adrive,-0.10220427723857597
11003,g2post,V1,5,Adrive,0.027806795737223243
11004,g2post,V1,5,Adrive,-0.11730261655702715
11005,g2post,V1,5,Adrive,0.12729848981512917
11006,g2post,V1,5,Adrive,0.0705202786588144
11007,g2post,V1,5,Adrive,0.1703503064935933
11008,g2post,V1,5,Adrive,0.2749272045024684
11009,g2post,V1,5,Adrive,0.1115184866003807
11010,g2post,V1,5,Adrive,0.08713988325639614
11011,g2post,V1,5,Adrive,0.12871273439893197
11012,g2post,V1,5,Adrive,0.04338594313296244
11013,g2post,V1,5,Adrive,-0.11013528619014722
11014,g2post,V1,5,Adrive,0.19967986684762384
11015,g2post,V1,5,Adrive,0.19118382639485
11016,g2post,V1,5,Adrive,-0.08459022303223752
11017,g2post,V1,5,Adrive,0.29629669941743425
11018,g2post,V1,5,Adrive,0.04515071984826962
11019,g2post,V1,5,Adrive,-0.054783316103850566
11020,g2post,V1,5,Adrive,0.2235952708189823
11021,g2post,V1,5,Adrive,-0.10059367846897399
11022,g2post,V1,5,Adrive,0.1483415934107301
11023,g2post,V1,5,Adrive,0.09915644008743449
11024,g2post,V1,5,Adrive,-0.09594218703348079
11025,g2post,V1,5,Adrive,0.00013544835804513264
11026,g2post,V1,5,Adrive,0.13463939835352184
11027,g2post,V1,5,Adrive,-0.16738012802922994
11028,g2post,V1,5,Adrive,0.11371003524228308
11029,g2post,V1,5,Adrive,0.12980062151710203
11030,g2post,V1,5,Adrive,0.2318054375382272
11031,g2post,V1,5,Adrive,0.04493393777145133
11032,g2post,V1,5,Adrive,0.11981598731250666
11033,g2post,V1,5,Adrive,0.09497646987520986
11034,g2post,V1,5,Adrive,-0.12503302931177926
11035,g2post,V1,5,Adrive,0.12391531192976024
11036,g2post,V1,5,Adrive,0.014130548877398431
11037,g2post,V1,5,Adrive,0.1381372749920908
11038,g2post,V1,5,Adrive,0.10769314661169485
11039,g2post,V1,5,Adrive,0.02679420212306088
11040,g2post,V1,5,Adrive,-0.10958149720885398
11041,g2post,V1,5,Adrive,-0.21483598931570877
11042,g2post,V1,5,Adrive,0.06627823550591752
11043,g2post,V1,5,Adrive,0.004471211940670081
11044,g2post,V1,5,Adrive,0.043939474666856805
11045,g2post,V1,5,Adrive,0.11632239653009488
11046,g2post,V1,5,Adrive,-0.20288354192319352
11047,g2post,V1,5,Adrive,-0.13688879084787334
11048,g2post,V1,5,Adrive,0.01369612321581259
11049,g2post,V1,5,Adrive,-0.1098037751121348
11050,g2post,V1,5,Adrive,-0.049172039221627536
11051,g2post,V1,5,Adrive,-0.059217740595783545
11052,g2post,V1,5,Adrive,0.06922565777928695
11053,g2post,V1,5,Adrive,-0.05032927470324894
11054,g2post,V1,5,Adrive,0.2899662778295073
11055,g2post,V1,5,Adrive,0.09532874624370083
11056,g2post,V1,5,Adrive,-0.0071657196896913475
11057,g2post,V1,5,Adrive,-0.077903552159563
11058,g2post,V1,5,Adrive,0.22049999179641006
11059,g2post,V1,5,Adrive,-0.11493518186399275
11060,g2post,V1,5,Adrive,-0.007317972969894906
11061,g2post,V1,5,Adrive,0.07746374580387656
11062,g2post,V1,5,Adrive,-0.09460478456985086
11063,g2post,V1,5,Adrive,0.031610836107727275
11064,g2post,V1,5,Adrive,-0.1890896696497981
11065,g2post,V1,5,Adrive,-0.19221651677877033
11066,g2post,V1,5,Adrive,0.0160251435542877
11067,g2post,V1,5,Adrive,-0.09791877177423094
11068,g2post,V1,5,Adrive,-0.07673363814428734
11069,g2post,V1,5,Adrive,-0.03261656956377835
11070,g2post,V1,5,Adrive,0.015802153419220845
11071,g2post,V1,5,Adrive,-0.15514609279104083
11072,g2post,V1,5,Adrive,-0.07850323577448262
11073,g2post,V1,5,Adrive,-0.041215044999605314
11074,g2post,V1,5,Adrive,-0.04600501939295575
11075,g2post,V1,5,Adrive,0.14201628746812237
11076,g2post,V1,5,Adrive,0.24503127754334622
11077,g2post,V1,5,Adrive,0.19925711423210338
11078,g2post,V1,5,Adrive,-0.004305341678802636
11079,g2post,V1,5,Adrive,-0.05387975254892949
11080,g2post,V1,5,Adrive,-0.0777106786465204
11081,g2post,V1,5,Adrive,0.0014533853437208933
11082,g2post,V1,5,Adrive,-0.11743318200613259
11083,g2post,V1,5,Adrive,-0.12151850497080433
11084,g2post,V1,5,Adrive,0.27085004899219983
11085,g2post,V1,5,Adrive,-0.06187798768647238
11086,g2post,V1,5,Adrive,0.15443103442163225
11087,g2post,V1,5,Adrive,0.32516722696064054
11088,g2post,V1,5,Adrive,-0.12242810300576575
11089,g2post,V1,5,Adrive,-0.12064637563745693
11090,g2post,V1,5,Adrive,-0.16272324907285873
11091,g2post,V1,5,Adrive,-0.08096327665617416
11092,g2post,V1,5,Adrive,-0.10378613542484505
11093,g2post,V1,5,Adrive,-0.14904436146768935
11094,g2post,V1,5,Adrive,0.12053079669324096
11095,g2post,V1,5,Adrive,0.37874930679506963
11096,g2post,V1,5,Adrive,-0.23347468061788137
11097,g2post,V1,5,Adrive,0.14302393302112526
11098,g2post,V1,5,Adrive,-0.09823913128944692
11099,g2post,V1,5,Adrive,0.18476176785410206
11100,g2post,V1,5,Adrive,-0.008859161566217195
11101,g2post,V1,5,Adrive,-0.1731207600337301
11102,g2post,V1,5,Adrive,-0.1289608705672132
11103,g2post,V1,5,Adrive,0.0912158616038292
11104,g2post,V1,5,Adrive,-0.1081901218362607
11105,g2post,V1,5,Adrive,-0.10557371409827532
11106,g2post,V1,5,Adrive,-0.14252514413722484
11107,g2post,V1,5,Adrive,-0.09861487177051215
11108,g2post,V1,5,Adrive,-0.0914851410001675
11109,g2post,V1,5,Adrive,-0.05326678669735482
11110,g2post,V1,5,Adrive,-0.14958094657410398
11111,g2post,V1,5,Adrive,-0.22060987117985617
11112,g2post,V1,5,Adrive,0.022423507708529255
11113,g2post,V1,5,Adrive,-0.13161495299892514
11114,g2post,V1,5,Adrive,-0.01828336612746641
11115,g2post,V1,5,Adrive,0.1099511953537675
11116,g2post,V1,5,Adrive,0.19371376704426405
11117,g2post,V1,5,Adrive,-0.08895975859697726
11118,g2post,V1,5,Adrive,-0.111867107759748
11119,g2post,V1,5,Adrive,0.09048190076990616
11120,g2post,V1,5,Adrive,-0.012527336657197897
11121,g2post,V1,5,Adrive,-0.12217603453490636
11122,g2post,V1,5,Adrive,0.029419032795338747
11123,g2post,V1,5,Adrive,-0.04217567832140718
11124,g2post,V1,5,Adrive,-0.12255148991827514
11125,g2post,V1,5,Adrive,0.07754573754275505
11126,g2post,V1,5,Adrive,0.03573846124241341
11127,g2post,V1,5,Adrive,0.0734927964749464
11128,g2post,V1,5,Adrive,-0.05042093999032119
11129,g2post,V1,5,Adrive,0.018909708250536544
11130,g2post,V1,5,Adrive,-0.2304747859080998
11131,g2post,V1,5,Adrive,-0.08079706891717339
11132,g2post,V1,5,Adrive,-0.059762223064869245
11133,g2post,V1,5,Adrive,-0.05382444294183568
11134,g2post,V1,5,Adrive,0.1835672533467563
11135,g2post,V1,5,Adrive,0.5102682357164368
11136,g2post,V1,5,Adrive,-0.1783033083413352
11137,g2post,V1,5,Adrive,0.07019337224087714
11138,g2post,V1,5,Adrive,0.1343687461557226
11139,g2post,V1,5,Adrive,-0.09031018192546389
11140,g2post,V1,5,Adrive,-0.10717594568009241
11141,g2post,V1,5,Adrive,0.2403409457225553
11142,g2post,V1,5,Adrive,-0.00546290509874527
11143,g2post,V1,5,Adrive,-0.046545482742103024
11144,g2post,V1,5,Adrive,0.22723967232693099
11145,g2post,V1,5,Adrive,-0.0816616173352592
11146,g2post,V1,5,Adrive,0.026948847406236612
11147,g2post,V1,5,Adrive,0.3957259658172865
11148,g2post,V1,5,Adrive,0.09337437391528622
11149,g2post,V1,5,Adrive,2.7645702302876103e-05
11150,g2post,V1,5,Adrive,0.3412704028125543
11151,g2post,V1,5,Adrive,-0.14272856614416496
11152,g2post,V1,5,Adrive,-0.02736683052876551
11153,g2post,V1,5,Adrive,0.004091015547895829
11154,g2post,V1,5,Adrive,-0.09668393908365479
11155,g2post,V1,5,Adrive,-0.03940133920889271
11156,g2post,V1,5,Adrive,-0.11264462748827339
11157,g2post,V1,5,Adrive,0.09338382170632889
11158,g2post,V1,5,Adrive,0.00270373655420077
11159,g2post,V1,5,Adrive,-0.1951561639413629
11160,g2post,V1,5,Adrive,0.19375209174358554
11161,g2post,V1,5,Adrive,0.14540707937480396
11162,g2post,V1,5,Adrive,-0.03167511645622914
11163,g2post,V1,5,Adrive,-0.20567196482575506
11164,g2post,V1,5,Adrive,-0.11544390196436263
11165,g2post,V1,5,Adrive,0.10387728205507264
11166,g2post,V1,5,Adrive,0.201155478254244
11167,g2post,V1,5,Adrive,-0.18824562993995791
11168,g2post,V1,5,Adrive,-0.10377089719215046
11169,g2post,V1,5,Adrive,-0.26881840322724687
11170,g2post,V1,5,Adrive,0.1282814247873629
11171,g2post,V1,5,Adrive,-0.10458087869973541
11172,g2post,V1,5,Adrive,0.041956274915990584
11173,g2post,V1,5,Adrive,-0.10131682792821013
11174,g2post,V1,5,Adrive,-0.08897240420977182
11175,g2post,V1,5,Adrive,0.34489503513405007
11176,g2post,V1,5,Adrive,-0.16801856370796567
11177,g2post,V1,5,Adrive,-0.13019444496106086
11178,g2post,V1,5,Adrive,0.019230127480446932
11179,g2post,V1,5,Adrive,0.02774486957001896
11180,g2post,V1,5,Adrive,-0.177568815699459
11181,g2post,V1,5,Adrive,0.09682665159099009
11182,g2post,V1,5,Adrive,0.10752402877723627
11183,g2post,V1,5,Adrive,0.04625530767806822
11184,g2post,V1,5,Adrive,0.031805364675758466
11185,g2post,V1,5,Adrive,-0.2956506965492535
11186,g2post,V1,5,Adrive,-0.08803860640065816
11187,g2post,V1,5,Adrive,-0.01745620318554443
11188,g2post,V1,5,Adrive,-0.08331605974127433
11189,g2post,V1,5,Adrive,0.0024043698314192654
11190,g2post,V1,5,Adrive,0.21956981462671285
11191,g2post,V1,5,Adrive,0.21755490123224502
11192,g2post,V1,5,Adrive,0.1448955110982369
11193,g2post,V1,5,Adrive,-0.22617129617967366
11194,g2post,V1,5,Adrive,-0.04213845992091327
11195,g2post,V1,5,Adrive,-0.037943127249629297
11196,g2post,V1,5,Adrive,0.035826348744722916
11197,g2post,V1,5,Adrive,0.012883489669646713
11198,g2post,V1,5,Adrive,0.08601680523203392
11199,g2post,V1,5,Adrive,0.037109863809543786
11200,g2post,V1,5,Adrive,0.048143273129897524
11201,g2post,V1,5,Adrive,0.28146152797975754
11202,g2post,V1,6,Adrive,0.02354849431103245
11203,g2post,V1,6,Adrive,-0.016122494239683836
11204,g2post,V1,6,Adrive,0.02270712192187951
11205,g2post,V1,6,Adrive,0.041973717513842865
11206,g2post,V1,6,Adrive,-0.04177783155387448
11207,g2post,V1,6,Adrive,0.006334077383111735
11208,g2post,V1,6,Adrive,0.04680023088959479
11209,g2post,V1,6,Adrive,-0.10320844208871893
11210,g2post,V1,6,Adrive,0.06247656702999006
11211,g2post,V1,6,Adrive,0.022668548547681442
11212,g2post,V1,6,Adrive,-0.07136667902209061
11213,g2post,V1,6,Adrive,0.07218554474857877
11214,g2post,V1,7,Adrive,-0.057001651446768095
11215,g2post,V1,7,Adrive,0.09134255885506085
11216,g2post,V1,7,Adrive,0.015552483950399484
11217,g2post,V1,7,Adrive,0.19885497146717254
11218,g2post,V1,7,Adrive,0.07648965487633011
11219,g2post,V1,7,Adrive,0.17560427568291298
11220,g2post,V1,7,Adrive,-0.05618928940775917
11221,g2post,V1,7,Adrive,-0.06651506211825706
11222,g2post,V1,7,Adrive,0.18133114664355554
11223,g2post,V1,7,Adrive,-0.05170375098650229
11224,g2post,V1,7,Adrive,0.049547399429048705
11225,g2post,V1,7,Adrive,0.002081266050584797
11226,g2post,V1,7,Adrive,0.12098959704336255
11227,g2post,V1,7,Adrive,0.05367041039502867
11228,g2post,V1,7,Adrive,0.120389180889757
11229,g2post,V1,7,Adrive,0.17597602459614398
11230,g2post,V1,7,Adrive,0.3415369913951323
11231,g2post,V1,7,Adrive,0.11174344558273377
11232,g2post,V1,7,Adrive,0.135450011399395
11233,g2post,V1,7,Adrive,0.13756366807254772
11234,g2post,V1,7,Adrive,0.05006660240509993
11235,g2post,V1,7,Adrive,0.09974720006236813
11236,g2post,V1,7,Adrive,0.06904530294863763
11237,g2post,V1,7,Adrive,0.10672897621415013
11238,g2post,V1,7,Adrive,0.06381206232164935
11239,g2post,V1,7,Adrive,0.09366076784690605
11240,g2post,V1,7,Adrive,0.04389032201417936
11241,g2post,V1,7,Adrive,0.034493174132645965
11242,g2post,V1,7,Adrive,0.1439693770618157
11243,g2post,V1,7,Adrive,0.14899732673869548
11244,g2post,V1,7,Adrive,0.08618690569788966
11245,g2post,V1,7,Adrive,0.039263746706803854
11246,g2post,V1,7,Adrive,0.008889299655238506
11247,g2post,V1,7,Adrive,0.1747080313111087
11248,g2post,V1,7,Adrive,0.12985635905943035
11249,g2post,V1,7,Adrive,0.17932392597218066
11250,g2post,V1,7,Adrive,-0.054710963649142644
11251,g2post,V1,7,Adrive,0.08589102647804917
11252,g2post,V1,7,Adrive,0.12156666609032249
11253,g2post,V1,7,Adrive,0.05249947507159973
11254,g2post,V1,7,Adrive,-0.04332371728836531
11255,g2post,V1,7,Adrive,0.07688778405228446
11256,g2post,V1,7,Adrive,-0.004859932194117196
11257,g2post,V1,7,Adrive,0.23795480922560425
11258,g2post,V1,7,Adrive,-0.03189047039536644
11259,g2post,V1,7,Adrive,0.11521711446884188
11260,g2post,V1,7,Adrive,0.02340045257412284
11261,g2post,V1,7,Adrive,0.13497094787775055
11262,g2post,V1,7,Adrive,0.00826986849148615
11263,g2post,V1,7,Adrive,0.14387647034781006
11264,g2post,V1,7,Adrive,0.01513027536009531
11265,g2post,V1,7,Adrive,0.046552094582366324
11266,g2post,V1,7,Adrive,-0.008172243647441001
11267,g2post,V1,7,Adrive,0.05742079243241866
11268,g2post,V1,7,Adrive,0.03254121377582567
11269,g2post,V1,7,Adrive,0.1521633650941341
11270,g2post,V1,7,Adrive,0.100855361343421
11271,g2post,V1,7,Adrive,0.13831789984403908
11272,g2post,V1,7,Adrive,0.21952126193601984
11273,g2post,V1,7,Adrive,0.0948374341306749
11274,g2post,V1,7,Adrive,0.08810471554265278
11275,g2post,V1,7,Adrive,-0.04908703467723677
11276,g2post,V1,7,Adrive,0.07359285905566273
11277,g2post,V1,7,Adrive,0.20842818244656103
11278,g2post,V1,7,Adrive,0.08595910412359804
11279,g2post,V1,7,Adrive,0.13876340361252562
11280,g2post,V1,7,Adrive,0.1674266320506656
11281,g2post,V1,7,Adrive,0.1269107287110764
11282,g2post,V1,7,Adrive,0.1339183767619092
11283,g2post,V1,7,Adrive,0.11912850352010429
11284,g2post,V1,7,Adrive,-0.03825707294727969
11285,g2post,V1,7,Adrive,0.03518082389667103
11286,g2post,V1,7,Adrive,0.029331372381240665
11287,g2post,V1,7,Adrive,0.2625223804557628
11288,g2post,V1,7,Adrive,0.1757606419767184
11289,g2post,V1,7,Adrive,0.06757240059377832
11290,g2post,V1,7,Adrive,0.08556141221527934
11291,g2post,V1,7,Adrive,0.1595067946903548
11292,g2post,V1,7,Adrive,0.13493239353064523
11293,g2post,V1,7,Adrive,-0.011923103811015362
11294,g2post,V1,7,Adrive,0.2167288846161325
11295,g2post,V1,7,Adrive,-0.0342091183917328
11296,g2post,V1,7,Adrive,0.053034457674770476
11297,g2post,V1,7,Adrive,0.18503924744547914
11298,g2post,V1,7,Adrive,0.12722330183215916
11299,g2post,V1,7,Adrive,0.094104436281549
11300,g2post,V1,7,Adrive,0.03249554894234424
11301,g2post,V1,7,Adrive,0.12625663979485066
11302,g2post,V1,7,Adrive,0.1611838815196762
11303,g2post,V1,7,Adrive,0.30936529315189837
11304,g2post,V1,7,Adrive,0.09973974285782897
11305,g2post,V1,7,Adrive,0.08578994194154661
11306,g2post,V1,7,Adrive,0.10388712663489279
11307,g2post,V1,7,Adrive,0.18769488038292156
11308,g2post,V1,7,Adrive,0.12358769177390608
11309,g2post,V1,7,Adrive,0.020157087619587732
11310,g2post,V1,7,Adrive,0.2889184308285238
11311,g2post,V1,7,Adrive,0.14036733508092508
11312,g2post,V1,7,Adrive,0.03762915675231584
11313,g2post,V1,7,Adrive,0.014648866318792258
11314,g2post,V1,7,Adrive,0.4458158522889039
11315,g2post,V1,7,Adrive,-0.05465090170745532
11316,g2post,V1,7,Adrive,0.16054341154077173
11317,g2post,V1,7,Adrive,0.09455756125182811
11318,g2post,V1,7,Adrive,0.005324883109199121
11319,g2post,V1,7,Adrive,-0.002984398214627214
11320,g2post,V1,7,Adrive,-0.03093096150969658
11321,g2post,V1,7,Adrive,-0.1190857301273658
11322,g2post,V1,7,Adrive,0.28899044135429175
11323,g2post,V1,7,Adrive,0.24681040271917057
11324,g2post,V1,7,Adrive,0.11618957979735622
11325,g2post,V1,7,Adrive,0.0405054700170138
11326,g2post,V1,7,Adrive,-0.04766731077081274
11327,g2post,V1,7,Adrive,0.05684947879262563
11328,g2post,V1,7,Adrive,0.10044628587654036
11329,g2post,V1,7,Adrive,-0.008293406868357642
11330,g2post,V1,7,Adrive,0.12786064686776227
11331,g2post,V1,7,Adrive,0.1595305271923534
11332,g2post,V1,7,Adrive,0.16328732704962357
11333,g2post,V1,7,Adrive,0.11625556017066561
11334,g2post,V1,7,Adrive,0.10327776060763909
11335,g2post,V1,7,Adrive,0.033981739476155993
11336,g2post,V1,7,Adrive,0.11710035895135426
11337,g2post,V1,7,Adrive,0.02571127973227278
11338,g2post,V1,7,Adrive,0.12967052086478786
11339,g2post,V1,7,Adrive,0.024157834236784293
11340,g2post,V1,7,Adrive,0.21580283527949318
11341,g2post,V1,7,Adrive,0.09939779946010509
11342,g2post,V1,7,Adrive,0.07177938158017785
11343,g2post,V1,7,Adrive,0.04741572750214855
11344,g2post,V1,7,Adrive,0.0543964881755929
11345,g2post,V1,7,Adrive,-0.0019169525522141231
11346,g2post,V1,7,Adrive,0.03387304021762673
11347,g2post,V1,7,Adrive,-0.08672564083953709
11348,g2post,V1,7,Adrive,0.059262224618981556
11349,g2post,V1,7,Adrive,0.18163019208996706
11350,g2post,V1,7,Adrive,0.03281098208107187
11351,g2post,V1,7,Adrive,0.03748045065350885
11352,g2post,V1,7,Adrive,0.07969550041796312
11353,g2post,V1,7,Adrive,-0.04115380756888865
11354,g2post,V1,7,Adrive,0.16263106117772164
11355,g2post,V1,7,Adrive,-0.02924529708630223
11356,g2post,V1,7,Adrive,0.11843278101321236
11357,g2post,V1,7,Adrive,0.17447597487569055
11358,g2post,V1,7,Adrive,0.0661410791774317
11359,g2post,V1,7,Adrive,0.19226737457724774
11360,g2post,V1,7,Adrive,0.050151014347953556
11361,g2post,V1,7,Adrive,0.09560829304173253
11362,g2post,V1,7,Adrive,-0.021608734121947717
11363,g2post,V1,7,Adrive,-0.1787982557176013
11364,g2post,V1,7,Adrive,0.13414403131678745
11365,g2post,V1,7,Adrive,0.14754789950610908
11366,g2post,V1,7,Adrive,-0.0660092808106631
11367,g2post,V1,7,Adrive,-0.09735375480103846
11368,g2post,V1,7,Adrive,0.03602777991296524
11369,g2post,V1,7,Adrive,0.037612784035347555
11370,g2post,V1,7,Adrive,-0.02424483358915096
11371,g2post,V1,7,Adrive,0.02495762011399754
11372,g2post,V1,7,Adrive,0.1395158247972
11373,g2post,V1,7,Adrive,0.18501335364658086
11374,g2post,V1,7,Adrive,-0.059507893370914375
11375,g2post,V1,7,Adrive,0.06154738577560448
11376,g2post,V1,7,Adrive,0.18230447715881656
11377,g2post,V1,7,Adrive,0.28088153589853
11378,g2post,V1,7,Adrive,-0.09392584518606745
11379,g2post,V1,7,Adrive,0.058949361743051217
11380,g2post,V1,7,Adrive,0.07555941552627803
11381,g2post,V1,7,Adrive,-0.059182669385374934
11382,g2post,V1,7,Adrive,-0.06570823527940504
11383,g2post,V1,7,Adrive,0.19482338632927185
11384,g2post,V1,7,Adrive,0.18033814293601316
11385,g2post,V1,7,Adrive,0.3424452241176933
11386,g2post,V1,7,Adrive,0.14715410897799602
11387,g2post,V1,7,Adrive,0.31390256513740417
11388,g2post,V1,7,Adrive,0.24381802739279065
11389,g2post,V1,7,Adrive,0.14401174504478356
11390,g2post,V1,7,Adrive,0.15908057328312103
11391,g2post,V1,7,Adrive,0.2903260261718897
11392,g2post,V1,7,Adrive,0.09055205006496071
11393,g2post,V1,7,Adrive,0.055968910079244594
11394,g2post,V1,7,Adrive,-0.07620309272404137
11395,g2post,V1,7,Adrive,0.1749692928330668
11396,g2post,V1,7,Adrive,0.1518702276988104
11397,g2post,V1,7,Adrive,0.17577102909480938
11398,g2post,V1,7,Adrive,0.10144869927496981
11399,g2post,V1,7,Adrive,0.04399474065292304
11400,g2post,V1,7,Adrive,0.09589192134806185
11401,g2post,V1,7,Adrive,0.3440324488009808
11402,g2post,V1,7,Adrive,0.07621198584544596
11403,g2post,V1,7,Adrive,0.10294874490843614
11404,g2post,V1,7,Adrive,0.28350171069138863
11405,g2post,V1,7,Adrive,-0.065285704832585
11406,g2post,V1,7,Adrive,-0.14629756273388825
11407,g2post,V1,7,Adrive,-0.006449596476106644
11408,g2post,V1,7,Adrive,0.11453545513683844
11409,g2post,V1,7,Adrive,0.011138674816963352
11410,g2post,V1,7,Adrive,0.13266114539218016
11411,g2post,V1,7,Adrive,0.041269440017845035
11412,g2post,V1,7,Adrive,0.13164795735672408
11413,g2post,V1,7,Adrive,0.14120380033692134
11414,g2post,V1,7,Adrive,-0.07976338160293425
11415,g2post,V1,7,Adrive,0.22865775987953568
11416,g2post,V1,7,Adrive,-0.08451438949569179
11417,g2post,V1,7,Adrive,0.04259018694994277
11418,g2post,V1,7,Adrive,0.12359773893930019
11419,g2post,V1,7,Adrive,0.31550829735086394
11420,g2post,V1,7,Adrive,-0.017712564696304656
11421,g2post,V1,7,Adrive,0.07895114117775758
11422,g2post,V1,7,Adrive,-0.07623600417742618
11423,g2post,V1,7,Adrive,0.10328854339083615
11424,g2post,V1,7,Adrive,-0.005121057159236411
11425,g2post,V1,7,Adrive,0.10544111609397198
11426,g2post,V1,7,Adrive,0.3916510016733819
11427,g2post,V1,7,Adrive,0.14192618544282684
11428,g2post,V1,7,Adrive,0.09158760400525737
11429,g2post,V1,7,Adrive,0.047714735106647053
11430,g2post,V1,7,Adrive,0.1604212990689707
11431,g2post,V1,7,Adrive,0.0649469825346545
11432,g2post,V1,7,Adrive,0.10488415957977135
11433,g2post,V1,7,Adrive,0.10169727537901165
11434,g2post,V1,7,Adrive,0.08185136205368967
11435,g2post,V1,7,Adrive,-0.0607060347488755
11436,g2post,V1,7,Adrive,0.0742055396531924
11437,g2post,V1,7,Adrive,0.15543392516670176
11438,g2post,V1,7,Adrive,-0.06622570287393718
11439,g2post,V1,7,Adrive,0.17832609202118108
11440,g2post,V1,7,Adrive,0.18244130289090918
11441,g2post,V1,7,Adrive,0.12757561536973297
11442,g2post,V1,7,Adrive,0.3751425088728482
11443,g2post,V1,7,Adrive,0.057958190435272054
11444,g2post,V1,7,Adrive,0.021196237909729933
11445,g2post,V1,7,Adrive,0.07194378956947033
11446,g2post,V1,7,Adrive,0.09555809761644157
11447,g2post,V1,7,Adrive,0.010168243199625107
11448,g2post,V1,7,Adrive,0.13385553168041583
11449,g2post,V1,7,Adrive,0.12804621755197715
11450,g2post,V1,7,Adrive,0.00021849306950844815
11451,g2post,V1,7,Adrive,-0.08405354945292717
11452,g2post,V1,7,Adrive,0.005915321406389983
11453,g2post,V1,7,Adrive,0.22230700807535714
11454,g2post,V1,7,Adrive,0.13392582000141265
11455,g2post,V1,7,Adrive,0.09388728751776812
11456,g2post,V1,7,Adrive,0.047515695840161014
11457,g2post,V1,7,Adrive,0.05149165908386112
11458,g2post,V1,7,Adrive,-0.20099142336715461
11459,g2post,V1,7,Adrive,-0.08018631942497237
11460,g2post,V1,7,Adrive,0.16032132854363398
11461,g2post,V1,7,Adrive,0.1733667272024071
11462,g2post,V1,7,Adrive,0.13362902930558174
11463,g2post,V1,7,Adrive,0.13288080023794832
11464,g2post,V1,7,Adrive,0.11175402229943039
11465,g2post,V1,7,Adrive,-0.03245939936036831
11466,g2post,V1,7,Adrive,0.10388559618822323
11467,g2post,V1,7,Adrive,0.13810577143321723
11468,g2post,V1,7,Adrive,0.1468562108716303
11469,g2post,V1,7,Adrive,0.35104868674162737
11470,g2post,V1,7,Adrive,0.074246624580471
11471,g2post,V1,7,Adrive,0.23605338228647513
11472,g2post,V1,7,Adrive,-0.11956095845586108
11473,g2post,V1,7,Adrive,0.2319062220484718
11474,g2post,V1,7,Adrive,0.22506249193621497
11475,g2post,V1,7,Adrive,0.10848184674129092
11476,g2post,V1,7,Adrive,0.08668370669997297
11477,g2post,V1,7,Adrive,-0.08966040422886883
11478,g2post,V1,7,Adrive,0.3086497842692957
11479,g2post,V1,7,Adrive,-0.020186879540256438
11480,g2post,V1,7,Adrive,0.4099307517962337
11481,g2post,V1,7,Adrive,-0.03121698113456223
11482,g2post,V1,7,Adrive,-0.035920829142719185
11483,g2post,V1,7,Adrive,0.025522656958261752
11484,g2post,V1,7,Adrive,0.060717144638598626
11485,g2post,V1,7,Adrive,0.029576640805399852
11486,g2post,V1,7,Adrive,0.01446032488637532
11487,g2post,V1,7,Adrive,0.10660822365746928
11488,g2post,V1,7,Adrive,0.11570239311727758
11489,g2post,V1,7,Adrive,-0.08376499983349446
11490,g2post,V1,7,Adrive,0.25528714986504486
11491,g2post,V1,7,Adrive,-0.01289415578975899
11492,g2post,V1,7,Adrive,0.007734085821543048
11493,g2post,V1,7,Adrive,0.2653921322635576
11494,g2post,V1,7,Adrive,0.14039692389662975
11495,g2post,V1,7,Adrive,0.08019971933572247
11496,g2post,V1,7,Adrive,0.07943518000421027
11497,g2post,V1,7,Adrive,0.20167701952838932
11498,g2post,V1,7,Adrive,-0.03860489031136099
11499,g2post,V1,7,Adrive,0.16761994680204473
11500,g2post,V1,7,Adrive,0.09613676340052459
11501,g2post,V1,7,Adrive,0.27089159355205034
11502,g2post,V1,7,Adrive,0.27248256986266384
11503,g2post,V1,7,Adrive,0.19873483968963954
11504,g2post,V1,7,Adrive,0.09352541382272982
11505,g2post,V1,7,Adrive,-0.14767066240517726
11506,g2post,V1,7,Adrive,0.06990315735993549
11507,g2post,V1,7,Adrive,0.15849323376886218
11508,g2post,V1,7,Adrive,0.11583743242152442
11509,g2post,V1,7,Adrive,-0.003912798764647831
11510,g2post,V1,7,Adrive,-0.04544015336868251
11511,g2post,V1,7,Adrive,0.10550968539232176
11512,g2post,V1,7,Adrive,0.25077568119385757
11513,g2post,V1,7,Adrive,-0.028609484180306857
11514,g2post,V1,7,Adrive,0.16667862009861767
11515,g2post,V1,7,Adrive,0.2871952211682519
11516,g2post,V1,7,Adrive,0.13615666788425965
11517,g2post,V1,7,Adrive,-0.017922696679547715
11518,g2post,V1,7,Adrive,-0.07458935124084566
11519,g2post,V1,7,Adrive,0.11561866888097616
11520,g2post,V1,7,Adrive,0.1258820531989993
11521,g2post,V1,7,Adrive,0.04078678481619518
11522,g2post,V1,7,Adrive,0.06198424166388395
11523,g2post,V1,7,Adrive,0.039938467309605305
11524,g2post,V1,7,Adrive,-0.06472841366780961
11525,g2post,V1,7,Adrive,-0.06280147613806791
11526,g2post,V1,7,Adrive,0.0531562874491569
11527,g2post,V1,7,Adrive,0.17228396933613446
11528,g2post,V1,7,Adrive,0.1411297157763638
11529,g2post,V1,7,Adrive,0.2280758203236522
11530,g2post,V1,7,Adrive,0.15047311088024237
11531,g2post,V1,7,Adrive,0.2474514579134423
11532,g2post,V1,7,Adrive,-0.1242077525511305
11533,g2post,V1,7,Adrive,0.18253137624250068
11534,g2post,V1,7,Adrive,0.03183594086727105
11535,g2post,V1,7,Adrive,0.11617987271282987
11536,g2post,V1,7,Adrive,0.057685963957145404
11537,g2post,V1,7,Adrive,-0.07920447243453353
11538,g2post,V1,7,Adrive,0.12847032567574226
11539,g2post,V1,7,Adrive,0.287388772937818
11540,g2post,V1,7,Adrive,0.10822759522510252
11541,g2post,V1,7,Adrive,-0.03317877919518391
11542,g2post,V1,7,Adrive,0.09338705145171884
11543,g2post,V1,7,Adrive,0.389961169843167
11544,g2post,V1,7,Adrive,0.10143847295798461
11545,g2post,V1,7,Adrive,-0.096459993333339
11546,g2post,V1,7,Adrive,0.07586750029360581
11547,g2post,V1,7,Adrive,-0.07633331139316477
11548,g2post,V1,7,Adrive,0.01466357130116125
11549,g2post,V1,7,Adrive,0.11794867755992963
11550,g2post,V1,7,Adrive,-0.04023944424571547
11551,g2post,V1,7,Adrive,0.14864418464584264
11552,g2post,V1,7,Adrive,-0.051555127352673105
11553,g2post,V1,7,Adrive,0.32971394426296285
11554,g2post,V1,7,Adrive,0.11371418100358008
11555,g2post,V1,7,Adrive,0.3978327030854911
11556,g2post,V1,7,Adrive,-0.00219581281137585
11557,g2post,V1,7,Adrive,0.002681963805855503
11558,g2post,V1,7,Adrive,0.0899483950590091
11559,g2post,V1,7,Adrive,-0.06221531010197534
11560,g2post,V1,7,Adrive,0.0005590906126134742
11561,g2post,V1,7,Adrive,0.2740600215595449
11562,g2post,V1,7,Adrive,0.001938308123729559
11563,g2post,V1,7,Adrive,0.16317890745806793
11564,g2post,V1,7,Adrive,0.2287795128259796
11565,g2post,V1,7,Adrive,0.10481481225930482
11566,g2post,V1,7,Adrive,0.20493784572780996
11567,g2post,V1,7,Adrive,0.2932378342028911
11568,g2post,V1,7,Adrive,0.10928363084148926
11569,g2post,V1,7,Adrive,0.10783821368181079
11570,g2post,V1,7,Adrive,0.10015917652397081
11571,g2post,V1,7,Adrive,-0.06609183780917084
11572,g2post,V1,7,Adrive,-0.1100338726760361
11573,g2post,V1,7,Adrive,0.044984130749565594
11574,g2post,V1,7,Adrive,-0.021370245498349382
11575,g2post,V1,7,Adrive,0.18574217247272545
11576,g2post,V1,7,Adrive,0.045023295946017
11577,g2post,V1,7,Adrive,0.3753997660107048
11578,g2post,V1,7,Adrive,0.14439924697093817
11579,g2post,V1,7,Adrive,-0.04192193583710909
11580,g2post,V1,7,Adrive,0.2955287900077708
11581,g2post,V1,7,Adrive,0.14252651711309558
11582,g2post,V1,7,Adrive,-0.08431846339893452
11583,g2post,V1,7,Adrive,0.1684147628058802
11584,g2post,V1,7,Adrive,0.19716747543231655
11585,g2post,V1,7,Adrive,0.08507964276443448
11586,g2post,V1,7,Adrive,0.09966269594872329
11587,g2post,V1,7,Adrive,0.39838247042504304
11588,g2post,V1,7,Adrive,0.05136993418659459
11589,g2post,V1,7,Adrive,0.20268827736117423
11590,g2post,V1,7,Adrive,0.18559815174921943
11591,g2post,V1,7,Adrive,0.10078185156545189
11592,g2post,V1,7,Adrive,0.09666796865811433
11593,g2post,V1,7,Adrive,0.004661846886019299
11594,g2post,V1,7,Adrive,0.18182937676230357
11595,g2post,V1,7,Adrive,-0.05059069363784322
11596,g2post,V1,7,Adrive,0.12441641158269698
11597,g2post,V1,7,Adrive,0.07928470656433982
11598,g2post,V1,7,Adrive,0.13794195096796175
11599,g2post,V1,7,Adrive,0.1012836044663672
11600,g2post,V1,7,Adrive,0.09482557457614244
11601,g2post,V1,7,Adrive,0.1443703875152054
11602,g2post,V1,7,Adrive,-0.20633514863490754
11603,g2post,V1,7,Adrive,0.1349528267138284
11604,g2post,V1,7,Adrive,0.2371521437140926
11605,g2post,V1,7,Adrive,0.1821467643411382
11606,g2post,V1,7,Adrive,0.19805995151325423
11607,g2post,V1,7,Adrive,0.22580998813400532
11608,g2post,V1,7,Adrive,0.04580521482905598
11609,g2post,V1,7,Adrive,0.21486771143143057
11610,g2post,V1,7,Adrive,0.07532340810297647
11611,g2post,V1,7,Adrive,0.09151412383497001
11612,g2post,V1,7,Adrive,0.06062530136254185
11613,g2post,V1,7,Adrive,0.018850334632617653
11614,g2post,V1,7,Adrive,-0.07420158977836933
11615,g2post,V1,7,Adrive,0.20791853618383635
11616,g2post,V1,7,Adrive,0.041322801685581306
11617,g2post,V1,7,Adrive,0.07694326451982715
11618,g2post,V1,7,Adrive,-0.07890742253250801
11619,g2post,V1,7,Adrive,0.004040272799046128
11620,g2post,V1,7,Adrive,0.23646531553002734
11621,g2post,V1,0,Motordrive,0.0711193281150298
11622,g2post,V1,0,Motordrive,0.13756198426585647
11623,g2post,V1,1,Motordrive,0.1275008354064092
11624,g2post,V1,1,Motordrive,-0.008928051394104927
11625,g2post,V1,1,Motordrive,0.08954175952807358
11626,g2post,V1,1,Motordrive,0.06957243349838858
11627,g2post,V1,1,Motordrive,0.07447208538848495
11628,g2post,V1,1,Motordrive,-0.062039887748104594
11629,g2post,V1,1,Motordrive,0.17434651053004346
11630,g2post,V1,1,Motordrive,0.055398688706645896
11631,g2post,V1,1,Motordrive,-0.04544716533286626
11632,g2post,V1,1,Motordrive,0.03102578918530938
11633,g2post,V1,1,Motordrive,-0.0359067765896384
11634,g2post,V1,1,Motordrive,0.07111325985098285
11635,g2post,V1,1,Motordrive,0.19831804518355764
11636,g2post,V1,1,Motordrive,0.013115389165636348
11637,g2post,V1,1,Motordrive,0.13817624881395343
11638,g2post,V1,1,Motordrive,-0.026247377672276886
11639,g2post,V1,1,Motordrive,0.08307224928886188
11640,g2post,V1,1,Motordrive,0.1488580118978085
11641,g2post,V1,1,Motordrive,0.19852893695812565
11642,g2post,V1,1,Motordrive,0.15799022255387854
11643,g2post,V1,1,Motordrive,0.18898060968656116
11644,g2post,V1,1,Motordrive,0.02450905739505196
11645,g2post,V1,1,Motordrive,0.10996261627342692
11646,g2post,V1,1,Motordrive,0.04461021625868571
11647,g2post,V1,1,Motordrive,0.05618046486600388
11648,g2post,V1,1,Motordrive,-0.1783397989800351
11649,g2post,V1,1,Motordrive,0.10411927237309151
11650,g2post,V1,1,Motordrive,0.06024955241865025
11651,g2post,V1,1,Motordrive,0.04381425703271384
11652,g2post,V1,1,Motordrive,0.06415832703827648
11653,g2post,V1,1,Motordrive,0.12724489635066374
11654,g2post,V1,1,Motordrive,0.20923500224647895
11655,g2post,V1,1,Motordrive,0.004151387506509698
11656,g2post,V1,1,Motordrive,-0.017942921525269325
11657,g2post,V1,1,Motordrive,0.07491936941828754
11658,g2post,V1,1,Motordrive,0.12201874762425151
11659,g2post,V1,1,Motordrive,0.030602324222183293
11660,g2post,V1,1,Motordrive,0.1604425578016576
11661,g2post,V1,1,Motordrive,0.1808428406736537
11662,g2post,V1,1,Motordrive,0.0005731120050352028
11663,g2post,V1,1,Motordrive,0.15943280681489505
11664,g2post,V1,1,Motordrive,0.0837964146007316
11665,g2post,V1,1,Motordrive,-0.08863337432107724
11666,g2post,V1,1,Motordrive,0.3408405414188114
11667,g2post,V1,1,Motordrive,0.060315838020246836
11668,g2post,V1,1,Motordrive,-0.03019769287202702
11669,g2post,V1,1,Motordrive,0.15936505029242104
11670,g2post,V1,1,Motordrive,0.027911595695069544
11671,g2post,V1,1,Motordrive,0.19522353566928521
11672,g2post,V1,1,Motordrive,0.18253628289630172
11673,g2post,V1,1,Motordrive,0.048347374430051104
11674,g2post,V1,1,Motordrive,0.0438172219665581
11675,g2post,V1,1,Motordrive,0.048016979029035955
11676,g2post,V1,1,Motordrive,-0.07128245775323837
11677,g2post,V1,1,Motordrive,0.21936308967137594
11678,g2post,V1,1,Motordrive,0.012430860659486677
11679,g2post,V1,1,Motordrive,-0.0437468280363095
11680,g2post,V1,1,Motordrive,0.022402159844931314
11681,g2post,V1,1,Motordrive,-0.07239023159996007
11682,g2post,V1,1,Motordrive,0.05545377926257337
11683,g2post,V1,1,Motordrive,0.011078911256137074
11684,g2post,V1,1,Motordrive,-0.0994089238597239
11685,g2post,V1,1,Motordrive,0.13489824151629456
11686,g2post,V1,1,Motordrive,0.2938581057466868
11687,g2post,V1,1,Motordrive,0.14795520205728385
11688,g2post,V1,1,Motordrive,0.017280515997044787
11689,g2post,V1,1,Motordrive,-0.029363885093807898
11690,g2post,V1,1,Motordrive,-0.031931383657022416
11691,g2post,V1,1,Motordrive,0.016336222033550552
11692,g2post,V1,1,Motordrive,-0.11910245306709416
11693,g2post,V1,1,Motordrive,0.4916542500415227
11694,g2post,V1,1,Motordrive,-0.09399095373442928
11695,g2post,V1,1,Motordrive,-0.028473881295113898
11696,g2post,V1,1,Motordrive,-0.03621472073231414
11697,g2post,V1,1,Motordrive,0.08057885158647414
11698,g2post,V1,1,Motordrive,0.21519802521703282
11699,g2post,V1,1,Motordrive,-0.014080322329555322
11700,g2post,V1,1,Motordrive,0.014800321796094758
11701,g2post,V1,1,Motordrive,0.06284038033084992
11702,g2post,V1,1,Motordrive,0.3817090588558658
11703,g2post,V1,1,Motordrive,-0.08345588666765535
11704,g2post,V1,1,Motordrive,0.12274433221710492
11705,g2post,V1,1,Motordrive,-0.09429814951595991
11706,g2post,V1,1,Motordrive,-0.10106127561688247
11707,g2post,V1,1,Motordrive,0.016505983135701317
11708,g2post,V1,1,Motordrive,0.03873123617974307
11709,g2post,V1,1,Motordrive,-0.10865300730433941
11710,g2post,V1,1,Motordrive,0.2080621225543942
11711,g2post,V1,1,Motordrive,0.11537720932961679
11712,g2post,V1,1,Motordrive,-0.08381928922406592
11713,g2post,V1,1,Motordrive,0.12396413573532115
11714,g2post,V1,1,Motordrive,0.13222909701732796
11715,g2post,V1,1,Motordrive,0.10535473775002507
11716,g2post,V1,1,Motordrive,0.27114824506070206
11717,g2post,V1,1,Motordrive,0.2957655155038532
11718,g2post,V1,1,Motordrive,0.013235394822112534
11719,g2post,V1,1,Motordrive,0.19441304292041367
11720,g2post,V1,1,Motordrive,0.16062740092471894
11721,g2post,V1,1,Motordrive,0.11853486259777557
11722,g2post,V1,1,Motordrive,0.12063312468124941
11723,g2post,V1,1,Motordrive,0.04099458964281972
11724,g2post,V1,1,Motordrive,0.15274300893781104
11725,g2post,V1,1,Motordrive,0.11088454521294641
11726,g2post,V1,1,Motordrive,-0.017168240605351652
11727,g2post,V1,1,Motordrive,-0.05163735627330279
11728,g2post,V1,1,Motordrive,0.00953087391651351
11729,g2post,V1,1,Motordrive,0.10538866185354748
11730,g2post,V1,1,Motordrive,-0.11208812415820588
11731,g2post,V1,1,Motordrive,-0.053903820001116744
11732,g2post,V1,1,Motordrive,0.3590320585171158
11733,g2post,V1,1,Motordrive,0.3712935652465123
11734,g2post,V1,1,Motordrive,0.11259248997334449
11735,g2post,V1,1,Motordrive,0.24584517656988558
11736,g2post,V1,1,Motordrive,0.30989283881506496
11737,g2post,V1,1,Motordrive,0.1987413145726502
11738,g2post,V1,1,Motordrive,-0.028759903556003566
11739,g2post,V1,1,Motordrive,0.1122893413961488
11740,g2post,V1,1,Motordrive,0.048603679788795914
11741,g2post,V1,1,Motordrive,0.0937846844522358
11742,g2post,V1,1,Motordrive,-0.20894958942006384
11743,g2post,V1,1,Motordrive,-0.006273928488852563
11744,g2post,V1,1,Motordrive,0.10469941541673751
11745,g2post,V1,1,Motordrive,-0.17217772173909457
11746,g2post,V1,1,Motordrive,0.014539411461987253
11747,g2post,V1,1,Motordrive,-0.145372357456324
11748,g2post,V1,1,Motordrive,0.03219294089755997
11749,g2post,V1,1,Motordrive,0.18213933928296247
11750,g2post,V1,1,Motordrive,0.17303639944327667
11751,g2post,V1,1,Motordrive,0.06017597770650569
11752,g2post,V1,1,Motordrive,0.20446033487929308
11753,g2post,V1,1,Motordrive,-0.05933683430144231
11754,g2post,V1,1,Motordrive,-0.03571249446677334
11755,g2post,V1,1,Motordrive,0.19205758187391217
11756,g2post,V1,1,Motordrive,0.01584975487649287
11757,g2post,V1,1,Motordrive,0.13854423025656729
11758,g2post,V1,1,Motordrive,-0.10559235824044055
11759,g2post,V1,1,Motordrive,0.038356790673463995
11760,g2post,V1,1,Motordrive,0.02790485692933575
11761,g2post,V1,1,Motordrive,0.14832518247489107
11762,g2post,V1,1,Motordrive,-0.05619681955937767
11763,g2post,V1,1,Motordrive,-0.046720022524383724
11764,g2post,V1,1,Motordrive,0.02900017796425109
11765,g2post,V1,1,Motordrive,-0.035794207773459354
11766,g2post,V1,1,Motordrive,0.13824056693351802
11767,g2post,V1,1,Motordrive,0.2273957992246935
11768,g2post,V1,1,Motordrive,0.12339117344270674
11769,g2post,V1,1,Motordrive,0.07324327621898674
11770,g2post,V1,1,Motordrive,0.01492785571510519
11771,g2post,V1,1,Motordrive,0.21364816753510096
11772,g2post,V1,1,Motordrive,-0.06946883057670855
11773,g2post,V1,1,Motordrive,-0.03455709883192011
11774,g2post,V1,1,Motordrive,0.177521294440599
11775,g2post,V1,1,Motordrive,0.07026455789013064
11776,g2post,V1,1,Motordrive,0.001868707946876881
11777,g2post,V1,1,Motordrive,0.1140432724888027
11778,g2post,V1,1,Motordrive,-0.12499259415003644
11779,g2post,V1,1,Motordrive,0.2671605720705015
11780,g2post,V1,1,Motordrive,0.20354595572068637
11781,g2post,V1,1,Motordrive,0.033943383913247395
11782,g2post,V1,1,Motordrive,-0.170777945406526
11783,g2post,V1,1,Motordrive,0.285750563674562
11784,g2post,V1,1,Motordrive,-0.006780730213778976
11785,g2post,V1,1,Motordrive,-0.0077452127240948
11786,g2post,V1,1,Motordrive,0.00779077732931911
11787,g2post,V1,1,Motordrive,0.05877695328832295
11788,g2post,V1,1,Motordrive,0.1753318086384535
11789,g2post,V1,1,Motordrive,0.051610404057045735
11790,g2post,V1,1,Motordrive,0.3003995490293474
11791,g2post,V1,1,Motordrive,-0.035552349022283436
11792,g2post,V1,1,Motordrive,0.13334941856786908
11793,g2post,V1,1,Motordrive,-0.06980301002301431
11794,g2post,V1,1,Motordrive,0.06754563345353638
11795,g2post,V1,1,Motordrive,0.04401771324938187
11796,g2post,V1,1,Motordrive,0.0650359780470453
11797,g2post,V1,1,Motordrive,0.16834266969825862
11798,g2post,V1,1,Motordrive,0.16965428949265546
11799,g2post,V1,1,Motordrive,-0.03236196290916472
11800,g2post,V1,1,Motordrive,0.07763858017208383
11801,g2post,V1,1,Motordrive,-0.015164498499957326
11802,g2post,V1,1,Motordrive,-0.046260543543271825
11803,g2post,V1,1,Motordrive,0.12422298931050715
11804,g2post,V1,1,Motordrive,-0.0891138468390226
11805,g2post,V1,1,Motordrive,-0.015245461071444415
11806,g2post,V1,1,Motordrive,0.04621089993198306
11807,g2post,V1,1,Motordrive,-0.2848436686880961
11808,g2post,V1,1,Motordrive,0.02426662476594654
11809,g2post,V1,1,Motordrive,-0.09462004992374826
11810,g2post,V1,1,Motordrive,0.2723282934266035
11811,g2post,V1,1,Motordrive,0.14999419559031837
11812,g2post,V1,1,Motordrive,0.24480650285092578
11813,g2post,V1,1,Motordrive,0.3088524264069437
11814,g2post,V1,1,Motordrive,0.14290744164574803
11815,g2post,V1,1,Motordrive,-0.01711236508816729
11816,g2post,V1,1,Motordrive,0.18112485648032764
11817,g2post,V1,1,Motordrive,0.11391068333688524
11818,g2post,V1,1,Motordrive,0.004513181075701724
11819,g2post,V1,1,Motordrive,0.0313034584159193
11820,g2post,V1,1,Motordrive,0.28806119729460966
11821,g2post,V1,1,Motordrive,0.05183423542822117
11822,g2post,V1,1,Motordrive,-0.012447287103997244
11823,g2post,V1,1,Motordrive,0.04376820184296564
11824,g2post,V1,1,Motordrive,0.20918900949621858
11825,g2post,V1,1,Motordrive,-0.0025889942078448137
11826,g2post,V1,1,Motordrive,0.014584361294534108
11827,g2post,V1,1,Motordrive,0.18041670462876636
11828,g2post,V1,1,Motordrive,0.2711119318809995
11829,g2post,V1,1,Motordrive,0.028749308193981568
11830,g2post,V1,1,Motordrive,0.044158688355640824
11831,g2post,V1,1,Motordrive,0.025766520017122662
11832,g2post,V1,1,Motordrive,0.2279539739289898
11833,g2post,V1,1,Motordrive,-0.007829441525723053
11834,g2post,V1,1,Motordrive,0.07495239762654902
11835,g2post,V1,1,Motordrive,-0.07354807570697261
11836,g2post,V1,1,Motordrive,0.4936089067753382
11837,g2post,V1,1,Motordrive,0.04495254499022067
11838,g2post,V1,1,Motordrive,0.34991785831960787
11839,g2post,V1,1,Motordrive,0.09745825304482662
11840,g2post,V1,1,Motordrive,0.05932928570964812
11841,g2post,V1,1,Motordrive,0.13631981768301832
11842,g2post,V1,1,Motordrive,0.11376372580022791
11843,g2post,V1,1,Motordrive,0.13514022312732735
11844,g2post,V1,1,Motordrive,0.08368627014012811
11845,g2post,V1,1,Motordrive,-0.02795912216907283
11846,g2post,V1,1,Motordrive,-0.029853087468314006
11847,g2post,V1,1,Motordrive,0.11296274702687707
11848,g2post,V1,1,Motordrive,0.3743431382772633
11849,g2post,V1,1,Motordrive,0.1326086578246651
11850,g2post,V1,1,Motordrive,0.15550706787217933
11851,g2post,V1,1,Motordrive,0.0981454330108491
11852,g2post,V1,1,Motordrive,0.06930247129424887
11853,g2post,V1,1,Motordrive,-0.008774019930687552
11854,g2post,V1,1,Motordrive,0.13734853113673626
11855,g2post,V1,1,Motordrive,-0.035561248129289014
11856,g2post,V1,1,Motordrive,0.12333404647565173
11857,g2post,V1,1,Motordrive,0.029975260866295234
11858,g2post,V1,1,Motordrive,0.2662364235354863
11859,g2post,V1,1,Motordrive,0.051280186897803254
11860,g2post,V1,1,Motordrive,0.11039371242442958
11861,g2post,V1,1,Motordrive,0.014342941763730497
11862,g2post,V1,1,Motordrive,0.17042661041862026
11863,g2post,V1,1,Motordrive,0.06131139781192544
11864,g2post,V1,1,Motordrive,0.06976857389873761
11865,g2post,V1,1,Motordrive,0.0279297660924612
11866,g2post,V1,1,Motordrive,0.09629105039408638
11867,g2post,V1,1,Motordrive,0.08008998845400189
11868,g2post,V1,1,Motordrive,0.018258447726127773
11869,g2post,V1,1,Motordrive,0.11404552961450036
11870,g2post,V1,1,Motordrive,0.10820508504383047
11871,g2post,V1,1,Motordrive,0.390172946265077
11872,g2post,V1,1,Motordrive,0.09783540621231397
11873,g2post,V1,2,Motordrive,-0.04659062554364009
11874,g2post,V1,2,Motordrive,0.2618019805101491
11875,g2post,V1,2,Motordrive,0.0696542688527083
11876,g2post,V1,2,Motordrive,-0.08206701637585498
11877,g2post,V1,2,Motordrive,-0.07066442423973444
11878,g2post,V1,2,Motordrive,-0.026980033910360142
11879,g2post,V1,2,Motordrive,0.06818555619923863
11880,g2post,V1,2,Motordrive,0.02980868417535841
11881,g2post,V1,2,Motordrive,0.09495532803552968
11882,g2post,V1,2,Motordrive,0.04769145596549055
11883,g2post,V1,2,Motordrive,0.010628987036461758
11884,g2post,V1,2,Motordrive,0.00042909172603073595
11885,g2post,V1,2,Motordrive,0.26355486717886095
11886,g2post,V1,2,Motordrive,-0.1274166471303019
11887,g2post,V1,2,Motordrive,0.08304572058590234
11888,g2post,V1,2,Motordrive,-0.036188468579427924
11889,g2post,V1,2,Motordrive,0.09039654709718715
11890,g2post,V1,2,Motordrive,0.21583396466537674
11891,g2post,V1,2,Motordrive,-0.04492469913618758
11892,g2post,V1,2,Motordrive,0.0822251537740184
11893,g2post,V1,2,Motordrive,-0.053613033552992045
11894,g2post,V1,2,Motordrive,0.0702424109159599
11895,g2post,V1,2,Motordrive,0.0878015024277661
11896,g2post,V1,2,Motordrive,0.12578954106297519
11897,g2post,V1,2,Motordrive,0.056622366321797825
11898,g2post,V1,2,Motordrive,0.14490034854991193
11899,g2post,V1,2,Motordrive,0.15412649421292612
11900,g2post,V1,2,Motordrive,0.007378258856269775
11901,g2post,V1,2,Motordrive,-0.066291583830016
11902,g2post,V1,2,Motordrive,0.111265903992603
11903,g2post,V1,2,Motordrive,0.009739821313969863
11904,g2post,V1,2,Motordrive,-0.12043577612865874
11905,g2post,V1,2,Motordrive,-0.026263872373800044
11906,g2post,V1,2,Motordrive,0.056576574317427665
11907,g2post,V1,2,Motordrive,-0.09619771048556366
11908,g2post,V1,2,Motordrive,0.05055220797244278
11909,g2post,V1,2,Motordrive,0.1665575324778816
11910,g2post,V1,2,Motordrive,0.16357477807954443
11911,g2post,V1,2,Motordrive,-0.03756723708516164
11912,g2post,V1,2,Motordrive,0.16087944870316584
11913,g2post,V1,2,Motordrive,-0.03188892756666499
11914,g2post,V1,2,Motordrive,0.1423918886380898
11915,g2post,V1,2,Motordrive,-0.05168472007573743
11916,g2post,V1,2,Motordrive,0.19531614114820622
11917,g2post,V1,2,Motordrive,0.2536748377967555
11918,g2post,V1,2,Motordrive,0.1470584430628539
11919,g2post,V1,2,Motordrive,0.04793255468049482
11920,g2post,V1,2,Motordrive,0.19859562221175012
11921,g2post,V1,2,Motordrive,-0.014279299390256867
11922,g2post,V1,2,Motordrive,-0.09788138116048956
11923,g2post,V1,2,Motordrive,0.058157464153645144
11924,g2post,V1,2,Motordrive,0.08123544818403358
11925,g2post,V1,2,Motordrive,-0.04481935572043653
11926,g2post,V1,2,Motordrive,-0.16202213611384328
11927,g2post,V1,2,Motordrive,0.14501918443557138
11928,g2post,V1,2,Motordrive,0.09573562527500126
11929,g2post,V1,2,Motordrive,0.04474599797457063
11930,g2post,V1,2,Motordrive,-0.10273576559967332
11931,g2post,V1,2,Motordrive,-0.026964946778726354
11932,g2post,V1,2,Motordrive,0.049483718956221376
11933,g2post,V1,2,Motordrive,-0.07357142294638763
11934,g2post,V1,2,Motordrive,-0.11970421560292384
11935,g2post,V1,2,Motordrive,-0.047014374105983234
11936,g2post,V1,2,Motordrive,-0.03174256149540522
11937,g2post,V1,2,Motordrive,0.10258159074723774
11938,g2post,V1,2,Motordrive,0.2239541373239344
11939,g2post,V1,2,Motordrive,0.02360157729745339
11940,g2post,V1,2,Motordrive,-0.1286858088945732
11941,g2post,V1,2,Motordrive,-0.0456026508313841
11942,g2post,V1,2,Motordrive,-0.024869020787429634
11943,g2post,V1,2,Motordrive,0.0085738731788838
11944,g2post,V1,2,Motordrive,0.02292785872870817
11945,g2post,V1,2,Motordrive,-0.07822079697983615
11946,g2post,V1,2,Motordrive,-0.03345233862521605
11947,g2post,V1,2,Motordrive,0.34492452090926917
11948,g2post,V1,2,Motordrive,0.17670299590836028
11949,g2post,V1,2,Motordrive,-0.006234778597055095
11950,g2post,V1,2,Motordrive,0.1364358695400474
11951,g2post,V1,2,Motordrive,0.1651927762704782
11952,g2post,V1,2,Motordrive,-0.08718521253006294
11953,g2post,V1,2,Motordrive,-0.13573632364058633
11954,g2post,V1,2,Motordrive,0.10258689995040401
11955,g2post,V1,2,Motordrive,-0.016164797479770763
11956,g2post,V1,2,Motordrive,0.04910060203055935
11957,g2post,V1,2,Motordrive,0.21345392247904885
11958,g2post,V1,2,Motordrive,0.16561466883909326
11959,g2post,V1,2,Motordrive,0.1861444876226408
11960,g2post,V1,2,Motordrive,0.1229046720914739
11961,g2post,V1,2,Motordrive,-0.03279521923648905
11962,g2post,V1,2,Motordrive,0.08928729892530074
11963,g2post,V1,2,Motordrive,0.024095981828649866
11964,g2post,V1,2,Motordrive,0.07459564561517057
11965,g2post,V1,2,Motordrive,0.14027617025827158
11966,g2post,V1,2,Motordrive,-3.4262253031159477e-06
11967,g2post,V1,2,Motordrive,0.10788039668099063
11968,g2post,V1,2,Motordrive,0.1609763706425974
11969,g2post,V1,2,Motordrive,0.09917758681060361
11970,g2post,V1,2,Motordrive,-0.03359518632570246
11971,g2post,V1,2,Motordrive,0.015198360777378345
11972,g2post,V1,2,Motordrive,0.12117998649842245
11973,g2post,V1,2,Motordrive,0.31916383587921243
11974,g2post,V1,2,Motordrive,0.13709903365699608
11975,g2post,V1,2,Motordrive,0.15285467833315608
11976,g2post,V1,2,Motordrive,0.016148912917232007
11977,g2post,V1,2,Motordrive,0.17732744346695853
11978,g2post,V1,2,Motordrive,0.20853120408850268
11979,g2post,V1,2,Motordrive,0.15260211360611375
11980,g2post,V1,2,Motordrive,0.20914266674122048
11981,g2post,V1,2,Motordrive,0.22030870527346144
11982,g2post,V1,2,Motordrive,0.1683411431061134
11983,g2post,V1,2,Motordrive,0.23576394230765146
11984,g2post,V1,2,Motordrive,0.14254609060934745
11985,g2post,V1,2,Motordrive,0.10488555481534793
11986,g2post,V1,2,Motordrive,0.29249542048986754
11987,g2post,V1,2,Motordrive,0.02306660055877448
11988,g2post,V1,2,Motordrive,0.09571289337367489
11989,g2post,V1,2,Motordrive,0.17743015384807295
11990,g2post,V1,2,Motordrive,0.22744097361984084
11991,g2post,V1,2,Motordrive,0.04171154282487238
11992,g2post,V1,2,Motordrive,0.15962911123008972
11993,g2post,V1,2,Motordrive,0.13760118629389276
11994,g2post,V1,2,Motordrive,0.049564274203502595
11995,g2post,V1,2,Motordrive,0.1605581628343496
11996,g2post,V1,2,Motordrive,0.29227093291708434
11997,g2post,V1,2,Motordrive,0.1901233387844521
11998,g2post,V1,2,Motordrive,0.0748340986031868
11999,g2post,V1,2,Motordrive,0.05188134785233114
12000,g2post,V1,2,Motordrive,0.048250112324910166
12001,g2post,V1,2,Motordrive,0.09917899939345823
12002,g2post,V1,2,Motordrive,-0.06822997311180692
12003,g2post,V1,2,Motordrive,0.12732660124136774
12004,g2post,V1,2,Motordrive,0.1860680253766489
12005,g2post,V1,2,Motordrive,0.015123812885261205
12006,g2post,V1,2,Motordrive,-0.07874920972267437
12007,g2post,V1,2,Motordrive,0.1240617191643092
12008,g2post,V1,2,Motordrive,0.07204019561004381
12009,g2post,V1,2,Motordrive,0.10716099719448226
12010,g2post,V1,2,Motordrive,-0.004082487127186778
12011,g2post,V1,2,Motordrive,-0.08403535757381601
12012,g2post,V1,2,Motordrive,0.05374090727314379
12013,g2post,V1,2,Motordrive,0.12181367943830695
12014,g2post,V1,2,Motordrive,-0.03457969878671854
12015,g2post,V1,2,Motordrive,-0.03654003986836481
12016,g2post,V1,2,Motordrive,-0.090442337794313
12017,g2post,V1,2,Motordrive,0.18236792146430622
12018,g2post,V1,2,Motordrive,0.1772458960637081
12019,g2post,V1,2,Motordrive,0.10590149483553708
12020,g2post,V1,2,Motordrive,0.17649349388542387
12021,g2post,V1,2,Motordrive,-0.06338574930325738
12022,g2post,V1,2,Motordrive,-0.06143235507381897
12023,g2post,V1,2,Motordrive,0.17956252508275017
12024,g2post,V1,2,Motordrive,0.22149594572592995
12025,g2post,V1,2,Motordrive,0.0985898134602724
12026,g2post,V1,2,Motordrive,-0.029211539819913573
12027,g2post,V1,2,Motordrive,0.19934075766227433
12028,g2post,V1,2,Motordrive,-0.018534102633584265
12029,g2post,V1,2,Motordrive,0.08177376081455616
12030,g2post,V1,2,Motordrive,-0.03940692791218861
12031,g2post,V1,2,Motordrive,0.014247530496749726
12032,g2post,V1,2,Motordrive,-0.10335018215306369
12033,g2post,V1,2,Motordrive,-0.03143155438708222
12034,g2post,V1,2,Motordrive,0.08184572987389663
12035,g2post,V1,2,Motordrive,-0.0012486147333753556
12036,g2post,V1,2,Motordrive,-0.08283265224198197
12037,g2post,V1,2,Motordrive,0.12368888115153184
12038,g2post,V1,2,Motordrive,-0.023859642748146368
12039,g2post,V1,2,Motordrive,-0.08020631039975575
12040,g2post,V1,2,Motordrive,-0.022750667426551536
12041,g2post,V1,2,Motordrive,0.04915825437769358
12042,g2post,V1,2,Motordrive,0.008614219107170872
12043,g2post,V1,2,Motordrive,0.06355624526655546
12044,g2post,V1,2,Motordrive,0.1848338236655516
12045,g2post,V1,2,Motordrive,-0.08739236652710923
12046,g2post,V1,2,Motordrive,0.19220253669135157
12047,g2post,V1,2,Motordrive,0.19853306440528032
12048,g2post,V1,2,Motordrive,0.09376440065893214
12049,g2post,V1,2,Motordrive,-0.08930942101831943
12050,g2post,V1,2,Motordrive,-0.10803886285638438
12051,g2post,V1,2,Motordrive,0.17112641553508362
12052,g2post,V1,2,Motordrive,-0.02606853814358358
12053,g2post,V1,2,Motordrive,-0.06314763260060133
12054,g2post,V1,2,Motordrive,0.10308222396552892
12055,g2post,V1,2,Motordrive,0.14597685348078013
12056,g2post,V1,2,Motordrive,-0.12214704269215673
12057,g2post,V1,2,Motordrive,0.012122141871193483
12058,g2post,V1,2,Motordrive,-0.027413852820670662
12059,g2post,V1,2,Motordrive,0.2038606142143193
12060,g2post,V1,2,Motordrive,0.10571251257912115
12061,g2post,V1,2,Motordrive,-0.11195106105409784
12062,g2post,V1,2,Motordrive,-0.07744482910485226
12063,g2post,V1,2,Motordrive,0.09646829290458082
12064,g2post,V1,2,Motordrive,0.014001769561323069
12065,g2post,V1,2,Motordrive,-0.03321744923847612
12066,g2post,V1,2,Motordrive,0.2759736427580919
12067,g2post,V1,2,Motordrive,0.12726354418884891
12068,g2post,V1,2,Motordrive,0.12662144432058572
12069,g2post,V1,2,Motordrive,-0.06849276201167044
12070,g2post,V1,2,Motordrive,0.08397311579417323
12071,g2post,V1,2,Motordrive,0.03955771247627486
12072,g2post,V1,2,Motordrive,-0.08676982612779345
12073,g2post,V1,2,Motordrive,0.10496936463221947
12074,g2post,V1,2,Motordrive,0.12838244045338323
12075,g2post,V1,2,Motordrive,0.21552842897750812
12076,g2post,V1,2,Motordrive,0.0563968314072018
12077,g2post,V1,2,Motordrive,0.03428457914299536
12078,g2post,V1,2,Motordrive,0.2012585216350895
12079,g2post,V1,2,Motordrive,-0.0005989478859798633
12080,g2post,V1,2,Motordrive,0.05939796600076396
12081,g2post,V1,2,Motordrive,0.10233783789239577
12082,g2post,V1,2,Motordrive,-0.12427653198363606
12083,g2post,V1,2,Motordrive,-0.07474059297743432
12084,g2post,V1,2,Motordrive,0.09847184575284952
12085,g2post,V1,2,Motordrive,0.012499949208535472
12086,g2post,V1,2,Motordrive,-0.12777335276453927
12087,g2post,V1,2,Motordrive,0.019088188589136742
12088,g2post,V1,2,Motordrive,0.047725959144781054
12089,g2post,V1,2,Motordrive,-0.11753084472460719
12090,g2post,V1,2,Motordrive,0.12008008402797708
12091,g2post,V1,2,Motordrive,0.2871323766921198
12092,g2post,V1,2,Motordrive,-0.10105713814314268
12093,g2post,V1,2,Motordrive,-0.029613043104247217
12094,g2post,V1,2,Motordrive,-0.01831566132660187
12095,g2post,V1,2,Motordrive,0.07992576547900468
12096,g2post,V1,2,Motordrive,-0.028068797337240273
12097,g2post,V1,2,Motordrive,0.03112945779468222
12098,g2post,V1,2,Motordrive,0.0074066689385248186
12099,g2post,V1,2,Motordrive,0.050881117100721046
12100,g2post,V1,2,Motordrive,-0.017422640388773666
12101,g2post,V1,2,Motordrive,-0.057763856021429215
12102,g2post,V1,2,Motordrive,0.030277487943934884
12103,g2post,V1,2,Motordrive,0.21079768794913897
12104,g2post,V1,2,Motordrive,0.0886000205370677
12105,g2post,V1,2,Motordrive,0.21299014703172076
12106,g2post,V1,2,Motordrive,0.0665037910819739
12107,g2post,V1,2,Motordrive,0.08535515763084918
12108,g2post,V1,2,Motordrive,0.11051768384398651
12109,g2post,V1,2,Motordrive,0.23815922021722552
12110,g2post,V1,2,Motordrive,0.08257822172153097
12111,g2post,V1,2,Motordrive,0.21089690267814068
12112,g2post,V1,2,Motordrive,-0.09008067135070504
12113,g2post,V1,2,Motordrive,-0.10372920406968025
12114,g2post,V1,2,Motordrive,-0.06276277160967647
12115,g2post,V1,2,Motordrive,0.030355800994506327
12116,g2post,V1,2,Motordrive,0.0373201835911936
12117,g2post,V1,2,Motordrive,-0.04003365351014579
12118,g2post,V1,2,Motordrive,-0.00555289023627052
12119,g2post,V1,2,Motordrive,0.21720901598173675
12120,g2post,V1,2,Motordrive,0.00867424267240562
12121,g2post,V1,2,Motordrive,0.03198708046535122
12122,g2post,V1,2,Motordrive,0.04507099544855642
12123,g2post,V1,2,Motordrive,-0.00532323325229995
12124,g2post,V1,2,Motordrive,0.11115215844681789
12125,g2post,V1,2,Motordrive,0.06360350026260855
12126,g2post,V1,3,Motordrive,-0.03140989715325488
12127,g2post,V1,3,Motordrive,0.014296221997279868
12128,g2post,V1,3,Motordrive,0.07519718022730076
12129,g2post,V1,3,Motordrive,-0.014662999766520633
12130,g2post,V1,3,Motordrive,-0.041900312591086536
12131,g2post,V1,3,Motordrive,0.043135858197580555
12132,g2post,V1,3,Motordrive,0.002094462550083712
12133,g2post,V1,3,Motordrive,0.08110595895980348
12134,g2post,V1,3,Motordrive,0.13746235329824066
12135,g2post,V1,3,Motordrive,0.14514044043248714
12136,g2post,V1,3,Motordrive,0.2032638396550541
12137,g2post,V1,3,Motordrive,0.20097101779169885
12138,g2post,V1,3,Motordrive,-0.013983764541213337
12139,g2post,V1,3,Motordrive,0.04212789757906846
12140,g2post,V1,3,Motordrive,0.21821940204534976
12141,g2post,V1,3,Motordrive,0.03313895849218143
12142,g2post,V1,3,Motordrive,0.07061152136220386
12143,g2post,V1,3,Motordrive,0.12160422280711201
12144,g2post,V1,3,Motordrive,0.014417620162866423
12145,g2post,V1,3,Motordrive,-0.02652493894027495
12146,g2post,V1,3,Motordrive,-0.02066419846916849
12147,g2post,V1,3,Motordrive,0.05740700835403286
12148,g2post,V1,3,Motordrive,0.11204960189291613
12149,g2post,V1,3,Motordrive,0.014496104653838788
12150,g2post,V1,3,Motordrive,0.2555425215953645
12151,g2post,V1,3,Motordrive,-0.000998737703580556
12152,g2post,V1,3,Motordrive,0.03597145038279264
12153,g2post,V1,3,Motordrive,0.01793886650322748
12154,g2post,V1,3,Motordrive,0.08671675328141995
12155,g2post,V1,3,Motordrive,-0.013026319370986826
12156,g2post,V1,3,Motordrive,0.03844469724256438
12157,g2post,V1,3,Motordrive,0.09353761723457463
12158,g2post,V1,3,Motordrive,0.2696725071871664
12159,g2post,V1,3,Motordrive,0.10364067862021623
12160,g2post,V1,3,Motordrive,-0.04099117177007575
12161,g2post,V1,3,Motordrive,0.07640107194546064
12162,g2post,V1,3,Motordrive,0.09447471028057755
12163,g2post,V1,3,Motordrive,0.0529926819057738
12164,g2post,V1,3,Motordrive,0.03917692502617257
12165,g2post,V1,3,Motordrive,-0.04312907537019452
12166,g2post,V1,3,Motordrive,0.16822331484635977
12167,g2post,V1,3,Motordrive,0.22532152959838841
12168,g2post,V1,3,Motordrive,0.22833581945910322
12169,g2post,V1,3,Motordrive,0.13653994788611035
12170,g2post,V1,3,Motordrive,0.382409910018055
12171,g2post,V1,3,Motordrive,0.11077250361121044
12172,g2post,V1,3,Motordrive,0.19704885139995873
12173,g2post,V1,3,Motordrive,0.24808576263101
12174,g2post,V1,3,Motordrive,0.11566042828458267
12175,g2post,V1,3,Motordrive,0.3887540328286674
12176,g2post,V1,3,Motordrive,0.4006973820078074
12177,g2post,V1,3,Motordrive,0.34382912645769403
12178,g2post,V1,3,Motordrive,0.37134105977348475
12179,g2post,V1,3,Motordrive,-0.036072898569000776
12180,g2post,V1,3,Motordrive,0.3629751378046752
12181,g2post,V1,3,Motordrive,0.3674817520439311
12182,g2post,V1,3,Motordrive,0.005819175695264368
12183,g2post,V1,3,Motordrive,0.2551302804621799
12184,g2post,V1,3,Motordrive,0.3837272307007157
12185,g2post,V1,3,Motordrive,0.05760592339885573
12186,g2post,V1,3,Motordrive,-0.023790282440542813
12187,g2post,V1,3,Motordrive,0.07966228808194485
12188,g2post,V1,3,Motordrive,0.48544964871198154
12189,g2post,V1,3,Motordrive,0.1145294712659512
12190,g2post,V1,3,Motordrive,0.21912165563240127
12191,g2post,V1,3,Motordrive,-0.08361796368971741
12192,g2post,V1,3,Motordrive,0.07999048036698744
12193,g2post,V1,3,Motordrive,0.26498796658354523
12194,g2post,V1,3,Motordrive,-0.10662938201288139
12195,g2post,V1,3,Motordrive,-0.04517304478018289
12196,g2post,V1,3,Motordrive,0.0902895250047257
12197,g2post,V1,3,Motordrive,0.1573431018782499
12198,g2post,V1,3,Motordrive,0.375249410637131
12199,g2post,V1,3,Motordrive,0.029076213024592124
12200,g2post,V1,3,Motordrive,-0.09013495748418965
12201,g2post,V1,3,Motordrive,0.0595235459280376
12202,g2post,V1,3,Motordrive,-0.1465681155251791
12203,g2post,V1,3,Motordrive,-0.08417933689264415
12204,g2post,V1,3,Motordrive,-0.04613135788136114
12205,g2post,V1,3,Motordrive,-0.033990882234446906
12206,g2post,V1,3,Motordrive,0.07072575382519848
12207,g2post,V1,3,Motordrive,0.23955190978340712
12208,g2post,V1,3,Motordrive,0.07779255680085377
12209,g2post,V1,3,Motordrive,0.137027078422484
12210,g2post,V1,3,Motordrive,0.16642106376233579
12211,g2post,V1,3,Motordrive,0.2271030333581974
12212,g2post,V1,3,Motordrive,-0.0142016785820188
12213,g2post,V1,3,Motordrive,0.23293854816949705
12214,g2post,V1,3,Motordrive,-0.02455073794399071
12215,g2post,V1,3,Motordrive,0.015209627570064463
12216,g2post,V1,3,Motordrive,0.08285215878170987
12217,g2post,V1,3,Motordrive,0.09287463869907849
12218,g2post,V1,3,Motordrive,0.026501204367584727
12219,g2post,V1,3,Motordrive,0.14529646185855208
12220,g2post,V1,3,Motordrive,0.17225037855436923
12221,g2post,V1,3,Motordrive,-0.15776602496612618
12222,g2post,V1,3,Motordrive,0.1244033357830116
12223,g2post,V1,3,Motordrive,-0.052393361563184214
12224,g2post,V1,3,Motordrive,0.04724372026496949
12225,g2post,V1,3,Motordrive,0.0643505674230974
12226,g2post,V1,3,Motordrive,0.21564812287261828
12227,g2post,V1,3,Motordrive,0.02307013974694737
12228,g2post,V1,3,Motordrive,-0.09540067009578491
12229,g2post,V1,3,Motordrive,0.19259996454702472
12230,g2post,V1,3,Motordrive,-0.10970166931682536
12231,g2post,V1,3,Motordrive,-0.09390681575833995
12232,g2post,V1,3,Motordrive,0.0945858257002946
12233,g2post,V1,3,Motordrive,0.19319309272977073
12234,g2post,V1,3,Motordrive,0.2493200919770362
12235,g2post,V1,3,Motordrive,0.0043766719513383835
12236,g2post,V1,3,Motordrive,-0.08285882666055286
12237,g2post,V1,3,Motordrive,0.07676061364669517
12238,g2post,V1,3,Motordrive,0.20645307548851474
12239,g2post,V1,3,Motordrive,-0.06640083347276118
12240,g2post,V1,3,Motordrive,0.1508965516710751
12241,g2post,V1,3,Motordrive,0.23976093633216747
12242,g2post,V1,3,Motordrive,-0.09817257353595162
12243,g2post,V1,3,Motordrive,-0.12637697605871065
12244,g2post,V1,3,Motordrive,0.04437127447332454
12245,g2post,V1,3,Motordrive,0.031193901118291026
12246,g2post,V1,3,Motordrive,-0.056690358014449535
12247,g2post,V1,3,Motordrive,0.031245745808295484
12248,g2post,V1,3,Motordrive,-0.04616395757089091
12249,g2post,V1,3,Motordrive,0.2149014517112233
12250,g2post,V1,3,Motordrive,0.027277731182540232
12251,g2post,V1,3,Motordrive,0.2626018246326195
12252,g2post,V1,3,Motordrive,0.07117856947609508
12253,g2post,V1,3,Motordrive,-0.043575558041172205
12254,g2post,V1,3,Motordrive,-0.15408337695016489
12255,g2post,V1,3,Motordrive,0.12962258138284072
12256,g2post,V1,3,Motordrive,0.17002721525800585
12257,g2post,V1,3,Motordrive,0.23721882884115794
12258,g2post,V1,3,Motordrive,0.1354267395851568
12259,g2post,V1,3,Motordrive,0.22086945075587414
12260,g2post,V1,3,Motordrive,0.01616501848500151
12261,g2post,V1,3,Motordrive,0.05800395254099697
12262,g2post,V1,3,Motordrive,-0.053825811179976125
12263,g2post,V1,3,Motordrive,0.012583625856061684
12264,g2post,V1,3,Motordrive,0.018290706839949298
12265,g2post,V1,3,Motordrive,-0.1283366821456222
12266,g2post,V1,3,Motordrive,0.004407326455987584
12267,g2post,V1,3,Motordrive,0.1563701742268169
12268,g2post,V1,3,Motordrive,0.0033070105304642905
12269,g2post,V1,3,Motordrive,0.16472481533947178
12270,g2post,V1,3,Motordrive,0.29376127201685187
12271,g2post,V1,3,Motordrive,-0.21563407594278267
12272,g2post,V1,3,Motordrive,0.1424066681001296
12273,g2post,V1,3,Motordrive,0.008843297567045947
12274,g2post,V1,3,Motordrive,0.15750924299903338
12275,g2post,V1,3,Motordrive,-0.05367226127400538
12276,g2post,V1,3,Motordrive,0.25651250257399255
12277,g2post,V1,3,Motordrive,-0.08475941790101327
12278,g2post,V1,3,Motordrive,0.11048336956193769
12279,g2post,V1,3,Motordrive,0.022567187824539727
12280,g2post,V1,3,Motordrive,-0.06972371948354505
12281,g2post,V1,3,Motordrive,0.02399461786434835
12282,g2post,V1,3,Motordrive,0.14738322400411336
12283,g2post,V1,3,Motordrive,0.3861025424928376
12284,g2post,V1,3,Motordrive,0.2090692743992656
12285,g2post,V1,3,Motordrive,0.0013479175887606987
12286,g2post,V1,3,Motordrive,0.024902357672675096
12287,g2post,V1,3,Motordrive,0.13765872513774652
12288,g2post,V1,3,Motordrive,0.01988147874298266
12289,g2post,V1,3,Motordrive,0.0012121355299729443
12290,g2post,V1,3,Motordrive,-0.0730483851485105
12291,g2post,V1,3,Motordrive,0.1447608294851104
12292,g2post,V1,3,Motordrive,0.025552883955823166
12293,g2post,V1,3,Motordrive,0.08704252112318268
12294,g2post,V1,3,Motordrive,-0.023726639045919432
12295,g2post,V1,3,Motordrive,0.07456563220372786
12296,g2post,V1,3,Motordrive,0.09029342542225859
12297,g2post,V1,3,Motordrive,0.08912914811095497
12298,g2post,V1,3,Motordrive,0.14190916045841664
12299,g2post,V1,3,Motordrive,0.33095352872160705
12300,g2post,V1,3,Motordrive,-0.035204612234342916
12301,g2post,V1,3,Motordrive,0.030373882419143655
12302,g2post,V1,3,Motordrive,0.009051416733334072
12303,g2post,V1,3,Motordrive,0.0013958056081908084
12304,g2post,V1,3,Motordrive,-0.024413938431413415
12305,g2post,V1,3,Motordrive,0.01722084287896974
12306,g2post,V1,3,Motordrive,0.11129630871830434
12307,g2post,V1,3,Motordrive,0.027934290703709713
12308,g2post,V1,3,Motordrive,0.11214866499001654
12309,g2post,V1,3,Motordrive,0.08760365044134776
12310,g2post,V1,3,Motordrive,-0.03295167072752994
12311,g2post,V1,3,Motordrive,0.09910666398535142
12312,g2post,V1,3,Motordrive,-0.05359237358348745
12313,g2post,V1,3,Motordrive,0.02794180573850766
12314,g2post,V1,3,Motordrive,0.12836321115649876
12315,g2post,V1,3,Motordrive,-0.06086498243084786
12316,g2post,V1,3,Motordrive,-0.0441172346566527
12317,g2post,V1,3,Motordrive,0.049231603498734136
12318,g2post,V1,3,Motordrive,0.24615318276009357
12319,g2post,V1,3,Motordrive,0.25610454426110807
12320,g2post,V1,3,Motordrive,0.014575663686135812
12321,g2post,V1,3,Motordrive,0.09735835336811548
12322,g2post,V1,3,Motordrive,0.19444756198912677
12323,g2post,V1,3,Motordrive,0.09674555618526241
12324,g2post,V1,3,Motordrive,0.16240360312345667
12325,g2post,V1,3,Motordrive,0.12390987908411481
12326,g2post,V1,3,Motordrive,-0.013524088264880716
12327,g2post,V1,3,Motordrive,0.1441335005206198
12328,g2post,V1,3,Motordrive,0.19424010976625064
12329,g2post,V1,3,Motordrive,0.16027300700193142
12330,g2post,V1,3,Motordrive,0.1383639159430654
12331,g2post,V1,3,Motordrive,0.08930988358407715
12332,g2post,V1,3,Motordrive,0.009892920134672696
12333,g2post,V1,3,Motordrive,0.06726919227700431
12334,g2post,V1,3,Motordrive,-0.004443963505402567
12335,g2post,V1,3,Motordrive,0.16558404285115785
12336,g2post,V1,3,Motordrive,0.0703119585793144
12337,g2post,V1,3,Motordrive,0.08216204025779149
12338,g2post,V1,3,Motordrive,0.10734072344318708
12339,g2post,V1,4,Motordrive,0.10364449069907944
12340,g2post,V1,4,Motordrive,0.13015999312162202
12341,g2post,V1,4,Motordrive,0.1559358549270275
12342,g2post,V1,4,Motordrive,0.038241261454947724
12343,g2post,V1,4,Motordrive,-0.008295188446175003
12344,g2post,V1,4,Motordrive,0.04171433717744615
12345,g2post,V1,4,Motordrive,0.0687008254488088
12346,g2post,V1,4,Motordrive,0.12524025111431408
12347,g2post,V1,4,Motordrive,0.18461857971417125
12348,g2post,V1,4,Motordrive,0.022630324152375567
12349,g2post,V1,4,Motordrive,0.0741064465817653
12350,g2post,V1,4,Motordrive,0.002662456928173293
12351,g2post,V1,4,Motordrive,0.28457884578244147
12352,g2post,V1,4,Motordrive,0.16049935227333081
12353,g2post,V1,4,Motordrive,0.44617418822170507
12354,g2post,V1,4,Motordrive,0.02930729151982464
12355,g2post,V1,4,Motordrive,0.14355079621365868
12356,g2post,V1,4,Motordrive,0.09588810256112136
12357,g2post,V1,4,Motordrive,0.04883815081816077
12358,g2post,V1,4,Motordrive,0.08794741230965121
12359,g2post,V1,4,Motordrive,0.2430778550903445
12360,g2post,V1,4,Motordrive,0.12494299048240905
12361,g2post,V1,4,Motordrive,-0.010676091895666118
12362,g2post,V1,4,Motordrive,0.36422234127376485
12363,g2post,V1,4,Motordrive,0.4407036460038178
12364,g2post,V1,4,Motordrive,0.4569520839879936
12365,g2post,V1,4,Motordrive,0.2991743297554336
12366,g2post,V1,4,Motordrive,0.38414056154144977
12367,g2post,V1,4,Motordrive,0.25270093339804933
12368,g2post,V1,4,Motordrive,0.37746584960659874
12369,g2post,V1,4,Motordrive,0.23835177493289023
12370,g2post,V1,4,Motordrive,0.3899792140373362
12371,g2post,V1,4,Motordrive,-0.11845546744434607
12372,g2post,V1,4,Motordrive,-0.05085495654816077
12373,g2post,V1,4,Motordrive,0.2707157889272586
12374,g2post,V1,4,Motordrive,0.38217053487935365
12375,g2post,V1,4,Motordrive,0.1893734609229819
12376,g2post,V1,4,Motordrive,-0.07384636650568918
12377,g2post,V1,4,Motordrive,-0.008951650254880041
12378,g2post,V1,4,Motordrive,-0.11090938261602003
12379,g2post,V1,4,Motordrive,0.22575267940693172
12380,g2post,V1,4,Motordrive,0.049520669125643166
12381,g2post,V1,4,Motordrive,0.09976419847780282
12382,g2post,V1,4,Motordrive,0.025371432733077896
12383,g2post,V1,4,Motordrive,0.029684152863837868
12384,g2post,V1,4,Motordrive,0.20412653645369802
12385,g2post,V1,4,Motordrive,0.279186962626249
12386,g2post,V1,4,Motordrive,0.2620436843176686
12387,g2post,V1,4,Motordrive,0.2414695103485604
12388,g2post,V1,4,Motordrive,0.18634688339090863
12389,g2post,V1,4,Motordrive,0.12961521572043716
12390,g2post,V1,4,Motordrive,0.10737171135018199
12391,g2post,V1,4,Motordrive,0.1360009528427911
12392,g2post,V1,4,Motordrive,0.05806995007781259
12393,g2post,V1,4,Motordrive,0.19511506530534684
12394,g2post,V1,4,Motordrive,0.002550574230099959
12395,g2post,V1,4,Motordrive,0.011659516165425984
12396,g2post,V1,4,Motordrive,0.15205073425147997
12397,g2post,V1,4,Motordrive,-0.014910632774139966
12398,g2post,V1,4,Motordrive,-0.07556505814470521
12399,g2post,V1,4,Motordrive,-0.01198934383047635
12400,g2post,V1,4,Motordrive,0.08769424820324752
12401,g2post,V1,4,Motordrive,0.23403703798074535
12402,g2post,V1,4,Motordrive,0.139128493205851
12403,g2post,V1,4,Motordrive,0.028143505923091085
12404,g2post,V1,4,Motordrive,0.21108563751010972
12405,g2post,V1,5,Motordrive,0.311320312766114
12406,g2post,V1,5,Motordrive,0.04174335990823019
12407,g2post,V1,5,Motordrive,-0.042147864025271264
12408,g2post,V1,5,Motordrive,0.17288064924159208
12409,g2post,V1,5,Motordrive,0.3381028173440555
12410,g2post,V1,5,Motordrive,0.2069983388417751
12411,g2post,V1,5,Motordrive,0.03107791128782618
12412,g2post,V1,5,Motordrive,0.05885487127542804
12413,g2post,V1,5,Motordrive,0.2722289838485145
12414,g2post,V1,5,Motordrive,0.09869046717511745
12415,g2post,V1,5,Motordrive,-0.0002151258540291463
12416,g2post,V1,5,Motordrive,-0.01243528432650623
12417,g2post,V1,5,Motordrive,-0.061551950359928706
12418,g2post,V1,5,Motordrive,0.033967887133797454
12419,g2post,V1,5,Motordrive,0.2113744033647755
12420,g2post,V1,5,Motordrive,-0.075400060752324
12421,g2post,V1,5,Motordrive,0.2089337612071817
12422,g2post,V1,5,Motordrive,0.12357952505706729
12423,g2post,V1,5,Motordrive,-0.0482120421179283
12424,g2post,V1,5,Motordrive,0.35953946074880666
12425,g2post,V1,5,Motordrive,0.035183189455906455
12426,g2post,V1,5,Motordrive,0.0008179816349731737
12427,g2post,V1,5,Motordrive,0.05537936562692685
12428,g2post,V1,5,Motordrive,-0.04015999661393401
12429,g2post,V1,5,Motordrive,0.10995304878155827
12430,g2post,V1,5,Motordrive,-0.13002199899737613
12431,g2post,V1,5,Motordrive,-0.050974884468122705
12432,g2post,V1,5,Motordrive,-0.07041035149882575
12433,g2post,V1,5,Motordrive,0.1636264800698883
12434,g2post,V1,5,Motordrive,0.25033140149807126
12435,g2post,V1,5,Motordrive,-0.24133136294807336
12436,g2post,V1,5,Motordrive,-0.13158497586807294
12437,g2post,V1,5,Motordrive,0.16151379580470213
12438,g2post,V1,5,Motordrive,0.09896469452286358
12439,g2post,V1,5,Motordrive,0.06899419623130905
12440,g2post,V1,5,Motordrive,0.1681733813725766
12441,g2post,V1,5,Motordrive,0.010393551098603446
12442,g2post,V1,5,Motordrive,0.2126337293330138
12443,g2post,V1,5,Motordrive,0.13430959620179206
12444,g2post,V1,5,Motordrive,0.039765404414798984
12445,g2post,V1,5,Motordrive,0.20701878048649358
12446,g2post,V1,5,Motordrive,0.1598721101980318
12447,g2post,V1,5,Motordrive,0.13838795444571497
12448,g2post,V1,5,Motordrive,0.29398355098900764
12449,g2post,V1,5,Motordrive,0.06096542724231964
12450,g2post,V1,5,Motordrive,0.1768285294916427
12451,g2post,V1,5,Motordrive,0.22518623248834096
12452,g2post,V1,5,Motordrive,0.02645746617901381
12453,g2post,V1,5,Motordrive,0.106109175213882
12454,g2post,V1,5,Motordrive,0.24354170456742294
12455,g2post,V1,5,Motordrive,0.03947965337219215
12456,g2post,V1,5,Motordrive,-0.049327637809248516
12457,g2post,V1,5,Motordrive,-0.039271148253738904
12458,g2post,V1,5,Motordrive,0.010399375488524796
12459,g2post,V1,5,Motordrive,0.11872036198126404
12460,g2post,V1,5,Motordrive,-0.0025978956159324286
12461,g2post,V1,5,Motordrive,0.04570087996434754
12462,g2post,V1,5,Motordrive,0.050964877643482745
12463,g2post,V1,5,Motordrive,-0.008838102660280482
12464,g2post,V1,5,Motordrive,0.09755597518430824
12465,g2post,V1,5,Motordrive,0.13566423652872042
12466,g2post,V1,5,Motordrive,-0.07790864456035129
12467,g2post,V1,5,Motordrive,0.0011307427030416235
12468,g2post,V1,5,Motordrive,0.019973445335538326
12469,g2post,V1,5,Motordrive,0.25128162055555614
12470,g2post,V1,5,Motordrive,0.0021624336514980257
12471,g2post,V1,5,Motordrive,0.09528905237289965
12472,g2post,V1,5,Motordrive,0.1003460161353687
12473,g2post,V1,5,Motordrive,-0.09836135458706746
12474,g2post,V1,5,Motordrive,0.04273483692170049
12475,g2post,V1,5,Motordrive,0.1358485608049192
12476,g2post,V1,5,Motordrive,0.25052408430620726
12477,g2post,V1,5,Motordrive,0.027142106477618215
12478,g2post,V1,5,Motordrive,0.038933790215853546
12479,g2post,V1,5,Motordrive,-0.05777691235419932
12480,g2post,V1,5,Motordrive,0.17541813034306844
12481,g2post,V1,5,Motordrive,0.13571520349707117
12482,g2post,V1,5,Motordrive,-0.04470831892439869
12483,g2post,V1,5,Motordrive,0.18452791457626302
12484,g2post,V1,5,Motordrive,0.07952916548946888
12485,g2post,V1,5,Motordrive,0.24662747399990145
12486,g2post,V1,5,Motordrive,0.2126445995723376
12487,g2post,V1,5,Motordrive,-0.05878656779132061
12488,g2post,V1,5,Motordrive,-0.08443235320716595
12489,g2post,V1,5,Motordrive,-0.08970765504376084
12490,g2post,V1,5,Motordrive,-0.15956484082839184
12491,g2post,V1,5,Motordrive,0.0955578476947399
12492,g2post,V1,5,Motordrive,-0.10009103639710663
12493,g2post,V1,5,Motordrive,0.10121490700757371
12494,g2post,V1,5,Motordrive,0.009537382195459996
12495,g2post,V1,5,Motordrive,-0.06930630009781358
12496,g2post,V1,5,Motordrive,-0.058925084173283584
12497,g2post,V1,5,Motordrive,0.2062529366273626
12498,g2post,V1,5,Motordrive,-0.08632894484875857
12499,g2post,V1,5,Motordrive,-0.04797179060697976
12500,g2post,V1,5,Motordrive,0.2666333484767052
12501,g2post,V1,5,Motordrive,0.17463801903950296
12502,g2post,V1,5,Motordrive,-0.03479458257442237
12503,g2post,V1,5,Motordrive,0.011602494084699634
12504,g2post,V1,5,Motordrive,0.24795955568920192
12505,g2post,V1,5,Motordrive,0.13910560849948347
12506,g2post,V1,5,Motordrive,-0.009763638088047885
12507,g2post,V1,5,Motordrive,-0.07246444971059299
12508,g2post,V1,5,Motordrive,0.06868101157771957
12509,g2post,V1,5,Motordrive,0.312798655385459
12510,g2post,V1,5,Motordrive,0.13599894427741793
12511,g2post,V1,5,Motordrive,0.06691561341998402
12512,g2post,V1,5,Motordrive,-0.0841448306896289
12513,g2post,V1,5,Motordrive,0.15611887546096936
12514,g2post,V1,5,Motordrive,0.14110042760974767
12515,g2post,V1,5,Motordrive,0.05375268593169489
12516,g2post,V1,5,Motordrive,0.13779403419840247
12517,g2post,V1,5,Motordrive,0.16142306691586797
12518,g2post,V1,5,Motordrive,-0.013044551074399285
12519,g2post,V1,5,Motordrive,0.008673449337130289
12520,g2post,V1,5,Motordrive,0.18180328412241648
12521,g2post,V1,5,Motordrive,0.18897801601927858
12522,g2post,V1,5,Motordrive,0.222790979476315
12523,g2post,V1,5,Motordrive,0.15146242366745805
12524,g2post,V1,5,Motordrive,-0.040458108938203355
12525,g2post,V1,5,Motordrive,0.20448507273155356
12526,g2post,V1,5,Motordrive,0.01568243951800171
12527,g2post,V1,5,Motordrive,0.18187174786846624
12528,g2post,V1,5,Motordrive,0.3517887534695533
12529,g2post,V1,5,Motordrive,0.19814445509690928
12530,g2post,V1,5,Motordrive,0.20539458850829095
12531,g2post,V1,5,Motordrive,0.2823144006415706
12532,g2post,V1,5,Motordrive,0.17932894929146725
12533,g2post,V1,5,Motordrive,0.0692018728645685
12534,g2post,V1,5,Motordrive,0.233860411841705
12535,g2post,V1,5,Motordrive,0.046712281468239476
12536,g2post,V1,5,Motordrive,0.10851986404696462
12537,g2post,V1,5,Motordrive,0.04909371323664697
12538,g2post,V1,5,Motordrive,0.2764930731371241
12539,g2post,V1,5,Motordrive,-0.06387952570564141
12540,g2post,V1,5,Motordrive,0.1752313459023351
12541,g2post,V1,5,Motordrive,0.08358698382491796
12542,g2post,V1,5,Motordrive,0.08045356867241976
12543,g2post,V1,5,Motordrive,0.09625061529675563
12544,g2post,V1,5,Motordrive,-0.06393852162618122
12545,g2post,V1,5,Motordrive,-0.117594725051328
12546,g2post,V1,5,Motordrive,-0.09529807251977113
12547,g2post,V1,5,Motordrive,-0.015647155359615007
12548,g2post,V1,5,Motordrive,0.09531418550948004
12549,g2post,V1,5,Motordrive,-0.1295419257245022
12550,g2post,V1,5,Motordrive,-0.0016034670546789822
12551,g2post,V1,5,Motordrive,0.03988500477184882
12552,g2post,V1,5,Motordrive,0.02521661338604987
12553,g2post,V1,5,Motordrive,-0.2701509200442313
12554,g2post,V1,5,Motordrive,0.016369655458481066
12555,g2post,V1,5,Motordrive,0.15307081316674082
12556,g2post,V1,5,Motordrive,0.08899507926560604
12557,g2post,V1,5,Motordrive,0.1938208874224799
12558,g2post,V1,5,Motordrive,-0.04053566762795557
12559,g2post,V1,5,Motordrive,0.16837161412126506
12560,g2post,V1,5,Motordrive,0.11212585997903086
12561,g2post,V1,5,Motordrive,0.11268830539451975
12562,g2post,V1,5,Motordrive,0.040813771085979576
12563,g2post,V1,5,Motordrive,0.2157982617919034
12564,g2post,V1,5,Motordrive,-0.18193597683399423
12565,g2post,V1,5,Motordrive,0.024315044149888554
12566,g2post,V1,5,Motordrive,0.1311402262923037
12567,g2post,V1,5,Motordrive,-0.0933813883565741
12568,g2post,V1,5,Motordrive,0.05478181862443253
12569,g2post,V1,5,Motordrive,-0.06219276841601879
12570,g2post,V1,5,Motordrive,-0.1573173882138253
12571,g2post,V1,5,Motordrive,-0.0312165951382338
12572,g2post,V1,5,Motordrive,0.0746749951499145
12573,g2post,V1,5,Motordrive,0.16893477272570995
12574,g2post,V1,5,Motordrive,0.1390462136959192
12575,g2post,V1,5,Motordrive,-0.059477196159219356
12576,g2post,V1,5,Motordrive,-0.045916734888376186
12577,g2post,V1,5,Motordrive,0.08642740210913774
12578,g2post,V1,5,Motordrive,0.03293752257847164
12579,g2post,V1,5,Motordrive,-0.08867308375104892
12580,g2post,V1,5,Motordrive,0.03607570571720482
12581,g2post,V1,5,Motordrive,-0.09195094729370762
12582,g2post,V1,5,Motordrive,-0.015620019834066053
12583,g2post,V1,5,Motordrive,0.1640405809523635
12584,g2post,V1,5,Motordrive,0.01668723602958975
12585,g2post,V1,5,Motordrive,0.06990887944074832
12586,g2post,V1,5,Motordrive,0.30903536973425005
12587,g2post,V1,5,Motordrive,0.20690674528162806
12588,g2post,V1,5,Motordrive,0.03633225193165224
12589,g2post,V1,5,Motordrive,0.2636103304236579
12590,g2post,V1,5,Motordrive,-0.020668793678813385
12591,g2post,V1,5,Motordrive,0.03898157430067595
12592,g2post,V1,5,Motordrive,0.04176251191854364
12593,g2post,V1,5,Motordrive,0.19019344072929886
12594,g2post,V1,5,Motordrive,0.018940903855069666
12595,g2post,V1,5,Motordrive,0.14617921301633355
12596,g2post,V1,5,Motordrive,0.0564518296662094
12597,g2post,V1,5,Motordrive,0.14451438134403635
12598,g2post,V1,5,Motordrive,0.09829374768219255
12599,g2post,V1,5,Motordrive,0.15382771424126154
12600,g2post,V1,5,Motordrive,0.08109502575721923
12601,g2post,V1,5,Motordrive,0.07523318335008752
12602,g2post,V1,5,Motordrive,0.29913012013257967
12603,g2post,V1,5,Motordrive,0.010548773179434782
12604,g2post,V1,5,Motordrive,-0.03524684990312273
12605,g2post,V1,5,Motordrive,0.050534392457641145
12606,g2post,V1,5,Motordrive,0.20604156823895792
12607,g2post,V1,5,Motordrive,0.2123848853859216
12608,g2post,V1,5,Motordrive,0.06016925281252572
12609,g2post,V1,5,Motordrive,0.08740918136140233
12610,g2post,V1,5,Motordrive,0.001172999435593657
12611,g2post,V1,5,Motordrive,-0.10941286141116148
12612,g2post,V1,5,Motordrive,0.032872808372423304
12613,g2post,V1,5,Motordrive,0.1593420575900728
12614,g2post,V1,5,Motordrive,0.13956764434944866
12615,g2post,V1,5,Motordrive,0.1589907592906506
12616,g2post,V1,5,Motordrive,0.15193531599993226
12617,g2post,V1,5,Motordrive,0.21495467286774506
12618,g2post,V1,5,Motordrive,0.12192708001958087
12619,g2post,V1,5,Motordrive,-0.02431022121730911
12620,g2post,V1,5,Motordrive,0.17748359409441872
12621,g2post,V1,5,Motordrive,-0.016821073670190687
12622,g2post,V1,5,Motordrive,-0.017720195160160983
12623,g2post,V1,5,Motordrive,-0.03699094442623399
12624,g2post,V1,5,Motordrive,0.23480043834012937
12625,g2post,V1,5,Motordrive,0.024409427897448415
12626,g2post,V1,5,Motordrive,-0.02373199541629078
12627,g2post,V1,5,Motordrive,0.13922452249801784
12628,g2post,V1,5,Motordrive,0.01893405797030629
12629,g2post,V1,5,Motordrive,0.39858687443470375
12630,g2post,V1,5,Motordrive,0.23848608880352826
12631,g2post,V1,5,Motordrive,0.005136957010899125
12632,g2post,V1,5,Motordrive,-0.16466588184929265
12633,g2post,V1,5,Motordrive,0.06704004384401274
12634,g2post,V1,5,Motordrive,-0.07538031572059593
12635,g2post,V1,5,Motordrive,0.10775620240612577
12636,g2post,V1,5,Motordrive,0.1584400647633945
12637,g2post,V1,5,Motordrive,0.21721489192341517
12638,g2post,V1,5,Motordrive,0.14767388268619291
12639,g2post,V1,5,Motordrive,0.002965368699235101
12640,g2post,V1,5,Motordrive,0.13574926231659104
12641,g2post,V1,6,Motordrive,-0.006450476654654261
12642,g2post,V1,6,Motordrive,-0.07831604495086887
12643,g2post,V1,6,Motordrive,0.08058572408607456
12644,g2post,V1,6,Motordrive,0.27216620776617834
12645,g2post,V1,6,Motordrive,0.08711964618657327
12646,g2post,V1,6,Motordrive,-0.05555487473126501
12647,g2post,V1,6,Motordrive,0.006676047503124282
12648,g2post,V1,6,Motordrive,0.07246386282853219
12649,g2post,V1,6,Motordrive,0.14658422467729879
12650,g2post,V1,6,Motordrive,-0.07842236288656987
12651,g2post,V1,6,Motordrive,-0.035098449470365695
12652,g2post,V1,6,Motordrive,-0.059873152219580124
12653,g2post,V1,7,Motordrive,0.04899048193713466
12654,g2post,V1,7,Motordrive,-0.08122987009351029
12655,g2post,V1,7,Motordrive,-0.06049271403559618
12656,g2post,V1,7,Motordrive,-0.031602013040485495
12657,g2post,V1,7,Motordrive,-0.010084821038730582
12658,g2post,V1,7,Motordrive,-0.021491531008105733
12659,g2post,V1,7,Motordrive,-0.07500794483162057
12660,g2post,V1,7,Motordrive,0.05168158639982428
12661,g2post,V1,7,Motordrive,0.06581957373042768
12662,g2post,V1,7,Motordrive,0.0788189594512513
12663,g2post,V1,7,Motordrive,-0.0861476629752882
12664,g2post,V1,7,Motordrive,-0.18459443030532366
12665,g2post,V1,7,Motordrive,0.14583350354588343
12666,g2post,V1,7,Motordrive,-0.12572718033702215
12667,g2post,V1,7,Motordrive,-0.10537200626318843
12668,g2post,V1,7,Motordrive,0.12972410710754004
12669,g2post,V1,7,Motordrive,0.05056649768880126
12670,g2post,V1,7,Motordrive,-0.08994128642979986
12671,g2post,V1,7,Motordrive,-0.09025631685451295
12672,g2post,V1,7,Motordrive,-0.045421681902084
12673,g2post,V1,7,Motordrive,-0.021728639101616803
12674,g2post,V1,7,Motordrive,-0.03084664364292929
12675,g2post,V1,7,Motordrive,-0.13951567674484633
12676,g2post,V1,7,Motordrive,-0.15886091295168495
12677,g2post,V1,7,Motordrive,-0.041514228265016245
12678,g2post,V1,7,Motordrive,0.07417717272888724
12679,g2post,V1,7,Motordrive,-0.1226385413115319
12680,g2post,V1,7,Motordrive,0.03642287000519768
12681,g2post,V1,7,Motordrive,0.11442459155825375
12682,g2post,V1,7,Motordrive,-0.13375474174684904
12683,g2post,V1,7,Motordrive,-0.05911779322164813
12684,g2post,V1,7,Motordrive,0.029648204708838815
12685,g2post,V1,7,Motordrive,0.012664731686196782
12686,g2post,V1,7,Motordrive,0.20200230166830527
12687,g2post,V1,7,Motordrive,-0.03650819300639592
12688,g2post,V1,7,Motordrive,0.05948114074564598
12689,g2post,V1,7,Motordrive,0.204877471322558
12690,g2post,V1,7,Motordrive,-0.06695288012977274
12691,g2post,V1,7,Motordrive,-0.006524566422030278
12692,g2post,V1,7,Motordrive,-0.15409226356006642
12693,g2post,V1,7,Motordrive,0.20431892800289952
12694,g2post,V1,7,Motordrive,0.014848537520945988
12695,g2post,V1,7,Motordrive,-0.19299116682694245
12696,g2post,V1,7,Motordrive,0.07041172776773974
12697,g2post,V1,7,Motordrive,-0.09851039411241835
12698,g2post,V1,7,Motordrive,0.08894855748131139
12699,g2post,V1,7,Motordrive,-0.09218953091426411
12700,g2post,V1,7,Motordrive,0.05262049850189852
12701,g2post,V1,7,Motordrive,-0.11043362589480318
12702,g2post,V1,7,Motordrive,-0.11144110986361914
12703,g2post,V1,7,Motordrive,-0.11830334994015665
12704,g2post,V1,7,Motordrive,-0.1354029197957942
12705,g2post,V1,7,Motordrive,-0.12543217991661898
12706,g2post,V1,7,Motordrive,-0.06509823347688913
12707,g2post,V1,7,Motordrive,0.10130047804943446
12708,g2post,V1,7,Motordrive,0.036387540240372544
12709,g2post,V1,7,Motordrive,-0.0825740418917941
12710,g2post,V1,7,Motordrive,-0.06511705082064533
12711,g2post,V1,7,Motordrive,-0.09572182824328053
12712,g2post,V1,7,Motordrive,-0.11392119946799012
12713,g2post,V1,7,Motordrive,-0.18178694125744282
12714,g2post,V1,7,Motordrive,0.06694365039849147
12715,g2post,V1,7,Motordrive,-0.01915041045835828
12716,g2post,V1,7,Motordrive,-0.08405312936406603
12717,g2post,V1,7,Motordrive,-0.11613152760872225
12718,g2post,V1,7,Motordrive,0.1206809051968423
12719,g2post,V1,7,Motordrive,0.07124769673707008
12720,g2post,V1,7,Motordrive,0.15919582281460887
12721,g2post,V1,7,Motordrive,-0.13697781773358877
12722,g2post,V1,7,Motordrive,0.13332854425468177
12723,g2post,V1,7,Motordrive,-0.0649394698788731
12724,g2post,V1,7,Motordrive,-0.19669937085626246
12725,g2post,V1,7,Motordrive,-0.10346392874265434
12726,g2post,V1,7,Motordrive,0.18794061657298514
12727,g2post,V1,7,Motordrive,-0.046633112570661696
12728,g2post,V1,7,Motordrive,0.12835376457287345
12729,g2post,V1,7,Motordrive,-0.0013505611049985514
12730,g2post,V1,7,Motordrive,-0.1127219220757286
12731,g2post,V1,7,Motordrive,0.0032494382131900814
12732,g2post,V1,7,Motordrive,-0.09079469904772251
12733,g2post,V1,7,Motordrive,0.01816205843575035
12734,g2post,V1,7,Motordrive,0.12579145356513846
12735,g2post,V1,7,Motordrive,-0.1626814685184931
12736,g2post,V1,7,Motordrive,0.03309543549766633
12737,g2post,V1,7,Motordrive,0.04948902979954596
12738,g2post,V1,7,Motordrive,0.1586613089155372
12739,g2post,V1,7,Motordrive,-0.04598561692107001
12740,g2post,V1,7,Motordrive,0.06324207949760433
12741,g2post,V1,7,Motordrive,-0.08637732764201192
12742,g2post,V1,7,Motordrive,0.10595077956227067
12743,g2post,V1,7,Motordrive,-0.11654507469524594
12744,g2post,V1,7,Motordrive,-0.1616185250286702
12745,g2post,V1,7,Motordrive,-0.11140423740237351
12746,g2post,V1,7,Motordrive,-0.0647386075104742
12747,g2post,V1,7,Motordrive,0.07208228560777512
12748,g2post,V1,7,Motordrive,0.08540864416393477
12749,g2post,V1,7,Motordrive,0.08678195614036785
12750,g2post,V1,7,Motordrive,0.021324609019485345
12751,g2post,V1,7,Motordrive,-0.03203667363621082
12752,g2post,V1,7,Motordrive,-0.09441359686887776
12753,g2post,V1,7,Motordrive,0.11457487067681217
12754,g2post,V1,7,Motordrive,0.09876632645702617
12755,g2post,V1,7,Motordrive,0.04792314461252627
12756,g2post,V1,7,Motordrive,-0.04629862723945382
12757,g2post,V1,7,Motordrive,-0.026240231493421504
12758,g2post,V1,7,Motordrive,-0.10255018434710161
12759,g2post,V1,7,Motordrive,0.02012607246918091
12760,g2post,V1,7,Motordrive,0.1422002100761487
12761,g2post,V1,7,Motordrive,0.0010277006649955986
12762,g2post,V1,7,Motordrive,0.0374512056773699
12763,g2post,V1,7,Motordrive,-0.04567242790641682
12764,g2post,V1,7,Motordrive,0.0977810782620815
12765,g2post,V1,7,Motordrive,0.0331773727671893
12766,g2post,V1,7,Motordrive,0.06526066294085454
12767,g2post,V1,7,Motordrive,-0.1327589587104026
12768,g2post,V1,7,Motordrive,0.13348491420652428
12769,g2post,V1,7,Motordrive,0.06021858526851915
12770,g2post,V1,7,Motordrive,0.04842035412598479
12771,g2post,V1,7,Motordrive,0.28472570443306766
12772,g2post,V1,7,Motordrive,0.06406203308969502
12773,g2post,V1,7,Motordrive,-0.05375783267082278
12774,g2post,V1,7,Motordrive,-0.017989057950548334
12775,g2post,V1,7,Motordrive,-0.031589671428523036
12776,g2post,V1,7,Motordrive,0.04577487387066165
12777,g2post,V1,7,Motordrive,0.058760125836603914
12778,g2post,V1,7,Motordrive,-0.07783194259433522
12779,g2post,V1,7,Motordrive,-0.08034933697992891
12780,g2post,V1,7,Motordrive,0.14528652153775345
12781,g2post,V1,7,Motordrive,-0.04939319420920795
12782,g2post,V1,7,Motordrive,-0.15615929112277568
12783,g2post,V1,7,Motordrive,-0.04471446884384477
12784,g2post,V1,7,Motordrive,-0.04929763990122593
12785,g2post,V1,7,Motordrive,-0.017554549106611902
12786,g2post,V1,7,Motordrive,0.1528986205954556
12787,g2post,V1,7,Motordrive,0.007597559741562974
12788,g2post,V1,7,Motordrive,-0.1435134600504208
12789,g2post,V1,7,Motordrive,0.026561395362655338
12790,g2post,V1,7,Motordrive,0.019562173542395974
12791,g2post,V1,7,Motordrive,0.2216213086916226
12792,g2post,V1,7,Motordrive,0.09419495552181584
12793,g2post,V1,7,Motordrive,0.04513297205847118
12794,g2post,V1,7,Motordrive,-0.035704294629910135
12795,g2post,V1,7,Motordrive,0.11294463511432383
12796,g2post,V1,7,Motordrive,0.007446326036996445
12797,g2post,V1,7,Motordrive,0.08295763202555076
12798,g2post,V1,7,Motordrive,0.013639955098398724
12799,g2post,V1,7,Motordrive,0.09703792587409343
12800,g2post,V1,7,Motordrive,0.1641711355172034
12801,g2post,V1,7,Motordrive,-0.06286643866682379
12802,g2post,V1,7,Motordrive,-0.04880686725096137
12803,g2post,V1,7,Motordrive,0.15949289760008112
12804,g2post,V1,7,Motordrive,0.10946523275949167
12805,g2post,V1,7,Motordrive,-0.16892058682218553
12806,g2post,V1,7,Motordrive,-0.07678981335400915
12807,g2post,V1,7,Motordrive,0.132983005454524
12808,g2post,V1,7,Motordrive,-0.03653904166128295
12809,g2post,V1,7,Motordrive,-0.09597151398864809
12810,g2post,V1,7,Motordrive,-0.1703088756770766
12811,g2post,V1,7,Motordrive,0.21986346367171852
12812,g2post,V1,7,Motordrive,0.19895981952765954
12813,g2post,V1,7,Motordrive,-0.10031528066502755
12814,g2post,V1,7,Motordrive,-0.19141813478110226
12815,g2post,V1,7,Motordrive,0.24918542212981948
12816,g2post,V1,7,Motordrive,0.22327699726678132
12817,g2post,V1,7,Motordrive,0.0022164555756024234
12818,g2post,V1,7,Motordrive,0.12054140733050035
12819,g2post,V1,7,Motordrive,-0.135399659083292
12820,g2post,V1,7,Motordrive,-0.04638138168052375
12821,g2post,V1,7,Motordrive,0.18844581120429263
12822,g2post,V1,7,Motordrive,-0.03983944333164296
12823,g2post,V1,7,Motordrive,0.2600011976976091
12824,g2post,V1,7,Motordrive,0.2682807675016704
12825,g2post,V1,7,Motordrive,-0.07069838127607694
12826,g2post,V1,7,Motordrive,0.20416312884531493
12827,g2post,V1,7,Motordrive,0.062364516654424995
12828,g2post,V1,7,Motordrive,0.12273609892161212
12829,g2post,V1,7,Motordrive,0.06402321801426819
12830,g2post,V1,7,Motordrive,0.16344905111356084
12831,g2post,V1,7,Motordrive,0.12529163218409808
12832,g2post,V1,7,Motordrive,-0.08943011400128588
12833,g2post,V1,7,Motordrive,-0.02030007531139021
12834,g2post,V1,7,Motordrive,0.06782908504439973
12835,g2post,V1,7,Motordrive,-0.011755721102386133
12836,g2post,V1,7,Motordrive,-0.09097576145752292
12837,g2post,V1,7,Motordrive,0.10643404654466974
12838,g2post,V1,7,Motordrive,-0.14409075284555753
12839,g2post,V1,7,Motordrive,0.10042194404141049
12840,g2post,V1,7,Motordrive,0.1253141924381666
12841,g2post,V1,7,Motordrive,-0.012992403664443075
12842,g2post,V1,7,Motordrive,-0.15260339363401346
12843,g2post,V1,7,Motordrive,0.19969637494176182
12844,g2post,V1,7,Motordrive,0.04286348162909092
12845,g2post,V1,7,Motordrive,-0.054167102788794504
12846,g2post,V1,7,Motordrive,-0.09898356303321502
12847,g2post,V1,7,Motordrive,-0.0367617398353695
12848,g2post,V1,7,Motordrive,-0.0337024456466478
12849,g2post,V1,7,Motordrive,-0.04444934248574661
12850,g2post,V1,7,Motordrive,0.022320932687279582
12851,g2post,V1,7,Motordrive,-0.13584772639880807
12852,g2post,V1,7,Motordrive,0.16792047659395423
12853,g2post,V1,7,Motordrive,0.31084593866647997
12854,g2post,V1,7,Motordrive,0.004491008153954287
12855,g2post,V1,7,Motordrive,0.18554586706258785
12856,g2post,V1,7,Motordrive,0.01588240331935398
12857,g2post,V1,7,Motordrive,0.03678141782405435
12858,g2post,V1,7,Motordrive,-0.05046600044874149
12859,g2post,V1,7,Motordrive,-0.08652626224249192
12860,g2post,V1,7,Motordrive,-0.05269137809247635
12861,g2post,V1,7,Motordrive,-0.13050787637472708
12862,g2post,V1,7,Motordrive,0.24436572734433115
12863,g2post,V1,7,Motordrive,0.18785374622294637
12864,g2post,V1,7,Motordrive,0.13276827934420446
12865,g2post,V1,7,Motordrive,0.014047363902797087
12866,g2post,V1,7,Motordrive,-0.05040983074479926
12867,g2post,V1,7,Motordrive,0.0006897461927661247
12868,g2post,V1,7,Motordrive,-0.08073498970601929
12869,g2post,V1,7,Motordrive,-0.06604423655793973
12870,g2post,V1,7,Motordrive,0.09706176669693113
12871,g2post,V1,7,Motordrive,-0.1303077079622568
12872,g2post,V1,7,Motordrive,-0.022422488570376937
12873,g2post,V1,7,Motordrive,0.08250028733257192
12874,g2post,V1,7,Motordrive,-0.10813172109174539
12875,g2post,V1,7,Motordrive,-0.1321254481724345
12876,g2post,V1,7,Motordrive,0.012393077653133735
12877,g2post,V1,7,Motordrive,0.20900665313310932
12878,g2post,V1,7,Motordrive,0.0014909846351256054
12879,g2post,V1,7,Motordrive,0.0845225228276058
12880,g2post,V1,7,Motordrive,-0.06422279112878995
12881,g2post,V1,7,Motordrive,0.04376220236642344
12882,g2post,V1,7,Motordrive,0.122950868773714
12883,g2post,V1,7,Motordrive,-0.0007233459333209337
12884,g2post,V1,7,Motordrive,0.03831428242597396
12885,g2post,V1,7,Motordrive,0.16048113400862216
12886,g2post,V1,7,Motordrive,0.10242248021419802
12887,g2post,V1,7,Motordrive,-0.0935972688285491
12888,g2post,V1,7,Motordrive,-0.0823560608154651
12889,g2post,V1,7,Motordrive,0.06625162385757087
12890,g2post,V1,7,Motordrive,0.051628036448174805
12891,g2post,V1,7,Motordrive,-0.14193730646966168
12892,g2post,V1,7,Motordrive,0.15045063482153118
12893,g2post,V1,7,Motordrive,-0.0593825715803573
12894,g2post,V1,7,Motordrive,0.06246255742396784
12895,g2post,V1,7,Motordrive,0.10857825311786248
12896,g2post,V1,7,Motordrive,0.22677986489211766
12897,g2post,V1,7,Motordrive,-0.037474799408930115
12898,g2post,V1,7,Motordrive,-0.11489779405248517
12899,g2post,V1,7,Motordrive,-0.023487181038238988
12900,g2post,V1,7,Motordrive,0.135743005526158
12901,g2post,V1,7,Motordrive,-0.07794014676186455
12902,g2post,V1,7,Motordrive,0.15476605565900958
12903,g2post,V1,7,Motordrive,0.16771691628028473
12904,g2post,V1,7,Motordrive,0.17391348874674642
12905,g2post,V1,7,Motordrive,-0.04882094530864244
12906,g2post,V1,7,Motordrive,0.04113989737195165
12907,g2post,V1,7,Motordrive,0.10887835388954985
12908,g2post,V1,7,Motordrive,0.1627332087555662
12909,g2post,V1,7,Motordrive,0.032455250682024844
12910,g2post,V1,7,Motordrive,0.10512128793641357
12911,g2post,V1,7,Motordrive,0.24454097041283543
12912,g2post,V1,7,Motordrive,0.38557027930858395
12913,g2post,V1,7,Motordrive,0.004921814784943405
12914,g2post,V1,7,Motordrive,0.12787419944771444
12915,g2post,V1,7,Motordrive,-0.04077301696253857
12916,g2post,V1,7,Motordrive,0.2483802278447667
12917,g2post,V1,7,Motordrive,0.09242747992432516
12918,g2post,V1,7,Motordrive,-0.04079270735219724
12919,g2post,V1,7,Motordrive,-0.060789107049702834
12920,g2post,V1,7,Motordrive,0.12729558383378572
12921,g2post,V1,7,Motordrive,0.13786281662147484
12922,g2post,V1,7,Motordrive,0.038800261249472966
12923,g2post,V1,7,Motordrive,-0.13485447407378398
12924,g2post,V1,7,Motordrive,-0.07132731386345412
12925,g2post,V1,7,Motordrive,0.06739751775154296
12926,g2post,V1,7,Motordrive,0.14430851822721233
12927,g2post,V1,7,Motordrive,0.01580450425187422
12928,g2post,V1,7,Motordrive,0.08460804510563667
12929,g2post,V1,7,Motordrive,0.07193304579496014
12930,g2post,V1,7,Motordrive,0.27199493677308617
12931,g2post,V1,7,Motordrive,0.040869396086520356
12932,g2post,V1,7,Motordrive,-0.017602798502843277
12933,g2post,V1,7,Motordrive,-0.15068501570637352
12934,g2post,V1,7,Motordrive,-0.09616374733215363
12935,g2post,V1,7,Motordrive,0.09687222750849714
12936,g2post,V1,7,Motordrive,0.01331854491483335
12937,g2post,V1,7,Motordrive,-0.009133369642961211
12938,g2post,V1,7,Motordrive,-0.0736144363110821
12939,g2post,V1,7,Motordrive,-0.13369243846739248
12940,g2post,V1,7,Motordrive,0.13723264977029773
12941,g2post,V1,7,Motordrive,-0.012011480499186765
12942,g2post,V1,7,Motordrive,0.053225490868317446
12943,g2post,V1,7,Motordrive,-0.12260855706171378
12944,g2post,V1,7,Motordrive,0.24978746106240332
12945,g2post,V1,7,Motordrive,-0.1352204611048448
12946,g2post,V1,7,Motordrive,-0.012416308227048726
12947,g2post,V1,7,Motordrive,-0.1643384390320502
12948,g2post,V1,7,Motordrive,0.1277230541076938
12949,g2post,V1,7,Motordrive,0.02763688450175605
12950,g2post,V1,7,Motordrive,-0.0942135054588065
12951,g2post,V1,7,Motordrive,-0.1289715233681203
12952,g2post,V1,7,Motordrive,-0.05713213415804771
12953,g2post,V1,7,Motordrive,-0.09970162540520354
12954,g2post,V1,7,Motordrive,0.08068702655380854
12955,g2post,V1,7,Motordrive,-0.07991779967819594
12956,g2post,V1,7,Motordrive,0.09915005567462379
12957,g2post,V1,7,Motordrive,-0.07575975397182086
12958,g2post,V1,7,Motordrive,0.23488478746466718
12959,g2post,V1,7,Motordrive,0.11161149695135694
12960,g2post,V1,7,Motordrive,-0.03138674109241527
12961,g2post,V1,7,Motordrive,0.012193756438332723
12962,g2post,V1,7,Motordrive,0.23821560989883095
12963,g2post,V1,7,Motordrive,0.25183119003153587
12964,g2post,V1,7,Motordrive,0.008894785614048046
12965,g2post,V1,7,Motordrive,0.2786539477809528
12966,g2post,V1,7,Motordrive,-0.005388061731933105
12967,g2post,V1,7,Motordrive,-0.06984360874408126
12968,g2post,V1,7,Motordrive,0.05028017185885477
12969,g2post,V1,7,Motordrive,0.13145965855972405
12970,g2post,V1,7,Motordrive,-0.03753351574566104
12971,g2post,V1,7,Motordrive,0.09812522764446392
12972,g2post,V1,7,Motordrive,0.1477374477397202
12973,g2post,V1,7,Motordrive,0.16736495437382673
12974,g2post,V1,7,Motordrive,-0.14336481905200235
12975,g2post,V1,7,Motordrive,-0.079289348583532
12976,g2post,V1,7,Motordrive,0.02959235655245554
12977,g2post,V1,7,Motordrive,0.12611340229950316
12978,g2post,V1,7,Motordrive,0.11577330844551106
12979,g2post,V1,7,Motordrive,0.17079400417410717
12980,g2post,V1,7,Motordrive,0.23753388112535997
12981,g2post,V1,7,Motordrive,-0.13140291400141263
12982,g2post,V1,7,Motordrive,0.1819935020751982
12983,g2post,V1,7,Motordrive,-0.07505573924921087
12984,g2post,V1,7,Motordrive,0.12313357402985398
12985,g2post,V1,7,Motordrive,-0.09410254313601744
12986,g2post,V1,7,Motordrive,-0.1440864133665095
12987,g2post,V1,7,Motordrive,-0.142656918220754
12988,g2post,V1,7,Motordrive,-0.0529117802743464
12989,g2post,V1,7,Motordrive,0.012953200383852283
12990,g2post,V1,7,Motordrive,-0.10434634545673946
12991,g2post,V1,7,Motordrive,0.22344043266491523
12992,g2post,V1,7,Motordrive,0.001864498756094011
12993,g2post,V1,7,Motordrive,-0.11781106922646407
12994,g2post,V1,7,Motordrive,0.014523723247820336
12995,g2post,V1,7,Motordrive,-0.04954801514348122
12996,g2post,V1,7,Motordrive,-0.1284077941282966
12997,g2post,V1,7,Motordrive,-0.17178455298540074
12998,g2post,V1,7,Motordrive,0.18065291362155442
12999,g2post,V1,7,Motordrive,-0.09679929378020193
13000,g2post,V1,7,Motordrive,0.06771374439395707
13001,g2post,V1,7,Motordrive,0.23562117685221798
13002,g2post,V1,7,Motordrive,-0.03187098683918897
13003,g2post,V1,7,Motordrive,-0.0031551619186229213
13004,g2post,V1,7,Motordrive,-0.031852469768363784
13005,g2post,V1,7,Motordrive,-0.07688497771853572
13006,g2post,V1,7,Motordrive,0.12472362402394302
13007,g2post,V1,7,Motordrive,-0.025435887296889944
13008,g2post,V1,7,Motordrive,-0.029513627872628515
13009,g2post,V1,7,Motordrive,0.38178687973271075
13010,g2post,V1,7,Motordrive,0.2449373422540118
13011,g2post,V1,7,Motordrive,0.15469121057240592
13012,g2post,V1,7,Motordrive,-0.14107694944926732
13013,g2post,V1,7,Motordrive,-0.018755142074501185
13014,g2post,V1,7,Motordrive,-0.030176343729389668
13015,g2post,V1,7,Motordrive,-0.062269545388294566
13016,g2post,V1,7,Motordrive,0.10708018951143772
13017,g2post,V1,7,Motordrive,-0.03495337892368858
13018,g2post,V1,7,Motordrive,0.14335169251290328
13019,g2post,V1,7,Motordrive,-0.02909814682575112
13020,g2post,V1,7,Motordrive,-0.19648624524963207
13021,g2post,V1,7,Motordrive,0.1486298956301699
13022,g2post,V1,7,Motordrive,-0.07288653700409153
13023,g2post,V1,7,Motordrive,-0.07342267446157273
13024,g2post,V1,7,Motordrive,-0.13838512578061993
13025,g2post,V1,7,Motordrive,-0.0649627402597463
13026,g2post,V1,7,Motordrive,0.09080366618276013
13027,g2post,V1,7,Motordrive,-0.1011321838477902
13028,g2post,V1,7,Motordrive,0.024410239731228876
13029,g2post,V1,7,Motordrive,-0.08181856271237439
13030,g2post,V1,7,Motordrive,-0.0754743306890629
13031,g2post,V1,7,Motordrive,0.002761197637892678
13032,g2post,V1,7,Motordrive,0.14442560427425521
13033,g2post,V1,7,Motordrive,0.08230344173771834
13034,g2post,V1,7,Motordrive,0.07371500818800442
13035,g2post,V1,7,Motordrive,-0.06329314385145764
13036,g2post,V1,7,Motordrive,-0.11627162684170791
13037,g2post,V1,7,Motordrive,-0.04330604145639617
13038,g2post,V1,7,Motordrive,0.0019380867841581658
13039,g2post,V1,7,Motordrive,-0.14049597035508063
13040,g2post,V1,7,Motordrive,-0.00041127061191833847
13041,g2post,V1,7,Motordrive,-0.010900166240866363
13042,g2post,V1,7,Motordrive,0.03010895680330424
13043,g2post,V1,7,Motordrive,0.06211327114972642
13044,g2post,V1,7,Motordrive,0.0034204946534525296
13045,g2post,V1,7,Motordrive,0.08958769350173011
13046,g2post,V1,7,Motordrive,0.06215053860818581
13047,g2post,V1,7,Motordrive,-0.045466154506555945
13048,g2post,V1,7,Motordrive,-0.025430058863957897
13049,g2post,V1,7,Motordrive,-0.10653986617173405
13050,g2post,V1,7,Motordrive,-0.040624776828709956
13051,g2post,V1,7,Motordrive,-0.06897276629152552
13052,g2post,V1,7,Motordrive,-0.08363824975057965
13053,g2post,V1,7,Motordrive,-0.11464876637897141
13054,g2post,V1,7,Motordrive,-0.020494494362539268
13055,g2post,V1,7,Motordrive,-0.010381091338040669
13056,g2post,V1,7,Motordrive,0.09312859334493423
13057,g2post,V1,7,Motordrive,0.11452321740209101
13058,g2post,V1,7,Motordrive,0.21214057996811037
13059,g2post,V1,7,Motordrive,0.0029203984638269467
13060,g2post,AM/PM,0,Adrive,0.023732920711834634
13061,g2post,AM/PM,0,Adrive,-0.04133141301647594
13062,g2post,AM/PM,0,Adrive,0.08051934748363374
13063,g2post,AM/PM,0,Adrive,0.0036331754019161646
13064,g2post,AM/PM,0,Adrive,0.07321200333520278
13065,g2post,AM/PM,0,Adrive,-0.054327200651271654
13066,g2post,AM/PM,0,Adrive,-0.014042211348873797
13067,g2post,AM/PM,0,Adrive,-0.1397419711343009
13068,g2post,AM/PM,0,Adrive,-0.0816756122584705
13069,g2post,AM/PM,0,Adrive,-0.02100521365786401
13070,g2post,AM/PM,0,Adrive,0.07384709317894388
13071,g2post,AM/PM,0,Adrive,-0.10060174726664214
13072,g2post,AM/PM,0,Adrive,-0.19841760401290978
13073,g2post,AM/PM,0,Adrive,0.05244199528805532
13074,g2post,AM/PM,0,Adrive,-0.04260228281171945
13075,g2post,AM/PM,0,Adrive,-0.03692916294169272
13076,g2post,AM/PM,0,Adrive,0.019841703730276
13077,g2post,AM/PM,0,Adrive,-0.06855171794342649
13078,g2post,AM/PM,0,Adrive,0.324278369430362
13079,g2post,AM/PM,0,Adrive,-0.05931813958075829
13080,g2post,AM/PM,0,Adrive,-0.04227820361947156
13081,g2post,AM/PM,0,Adrive,0.020768964396393037
13082,g2post,AM/PM,0,Adrive,0.003919860221805548
13083,g2post,AM/PM,0,Adrive,-0.051909878043362015
13084,g2post,AM/PM,0,Adrive,-0.09740946531137455
13085,g2post,AM/PM,0,Adrive,0.17780469550680397
13086,g2post,AM/PM,0,Adrive,-0.02964621687010254
13087,g2post,AM/PM,0,Adrive,-0.07084460342284114
13088,g2post,AM/PM,0,Adrive,-0.06625891695594582
13089,g2post,AM/PM,0,Adrive,-0.06183687758112959
13090,g2post,AM/PM,0,Adrive,-0.0475397906565762
13091,g2post,AM/PM,0,Adrive,0.13054454133254872
13092,g2post,AM/PM,0,Adrive,-0.055206657590845296
13093,g2post,AM/PM,0,Adrive,0.16238301906592398
13094,g2post,AM/PM,0,Adrive,0.2044057937727549
13095,g2post,AM/PM,0,Adrive,-0.08973493842579232
13096,g2post,AM/PM,0,Adrive,0.021645398361240655
13097,g2post,AM/PM,0,Adrive,0.038446543960158654
13098,g2post,AM/PM,0,Adrive,0.13749005455187233
13099,g2post,AM/PM,0,Adrive,0.12618983895556463
13100,g2post,AM/PM,0,Adrive,0.10221366617521047
13101,g2post,AM/PM,0,Adrive,-0.04475900375563661
13102,g2post,AM/PM,0,Adrive,0.031458429435260886
13103,g2post,AM/PM,0,Adrive,0.11379513856759631
13104,g2post,AM/PM,0,Adrive,-0.05155898463039416
13105,g2post,AM/PM,0,Adrive,0.2032609455208866
13106,g2post,AM/PM,0,Adrive,0.14990780076479643
13107,g2post,AM/PM,0,Adrive,0.09663507830885155
13108,g2post,AM/PM,0,Adrive,0.3356815544006187
13109,g2post,AM/PM,0,Adrive,-0.032202642639492594
13110,g2post,AM/PM,0,Adrive,0.35825612726230943
13111,g2post,AM/PM,0,Adrive,0.38415296045303104
13112,g2post,AM/PM,0,Adrive,-0.15258524295615344
13113,g2post,AM/PM,0,Adrive,-0.15320156959114423
13114,g2post,AM/PM,0,Adrive,-0.001469834389022655
13115,g2post,AM/PM,0,Adrive,0.04939782674759938
13116,g2post,AM/PM,0,Adrive,-0.15245094125692332
13117,g2post,AM/PM,0,Adrive,0.09224664347088574
13118,g2post,AM/PM,0,Adrive,0.01131295979223219
13119,g2post,AM/PM,0,Adrive,-0.14947353058534785
13120,g2post,AM/PM,0,Adrive,-0.07063584334272817
13121,g2post,AM/PM,0,Adrive,0.07295466611813385
13122,g2post,AM/PM,0,Adrive,-0.15300631227869582
13123,g2post,AM/PM,0,Adrive,0.28478755898043484
13124,g2post,AM/PM,0,Adrive,-0.043985402423415636
13125,g2post,AM/PM,0,Adrive,0.10906279561029367
13126,g2post,AM/PM,0,Adrive,0.19400473296224885
13127,g2post,AM/PM,0,Adrive,0.22744118869496452
13128,g2post,AM/PM,0,Adrive,-0.009842160156925852
13129,g2post,AM/PM,0,Adrive,0.018847635253472744
13130,g2post,AM/PM,0,Adrive,0.43640568165847526
13131,g2post,AM/PM,0,Adrive,0.13399357040205756
13132,g2post,AM/PM,0,Adrive,0.11141248306923765
13133,g2post,AM/PM,0,Adrive,0.13207487412341842
13134,g2post,AM/PM,0,Adrive,0.05354600262201268
13135,g2post,AM/PM,0,Adrive,-0.07001878066137714
13136,g2post,AM/PM,0,Adrive,-0.09696713630596299
13137,g2post,AM/PM,0,Adrive,-0.07604781857002227
13138,g2post,AM/PM,0,Adrive,-0.07441974215924776
13139,g2post,AM/PM,0,Adrive,0.17472075776492366
13140,g2post,AM/PM,0,Adrive,0.0814592246936306
13141,g2post,AM/PM,0,Adrive,-0.029268888731656038
13142,g2post,AM/PM,0,Adrive,-0.29899115482543154
13143,g2post,AM/PM,0,Adrive,-0.008664582185525778
13144,g2post,AM/PM,0,Adrive,-0.051740179156242946
13145,g2post,AM/PM,0,Adrive,-0.02447910675090804
13146,g2post,AM/PM,0,Adrive,0.18663776607926585
13147,g2post,AM/PM,0,Adrive,0.15235172756323698
13148,g2post,AM/PM,0,Adrive,0.2608076984401403
13149,g2post,AM/PM,0,Adrive,0.08720321630679584
13150,g2post,AM/PM,0,Adrive,-0.10764639457965841
13151,g2post,AM/PM,0,Adrive,-0.018461611785976925
13152,g2post,AM/PM,0,Adrive,0.11255100115353017
13153,g2post,AM/PM,0,Adrive,0.14072155310878245
13154,g2post,AM/PM,0,Adrive,-0.051068312175642165
13155,g2post,AM/PM,0,Adrive,0.15660346604144149
13156,g2post,AM/PM,0,Adrive,0.17968185147596055
13157,g2post,AM/PM,0,Adrive,-0.09348025276068452
13158,g2post,AM/PM,0,Adrive,0.03637478416101259
13159,g2post,AM/PM,0,Adrive,-0.17416609908337286
13160,g2post,AM/PM,0,Adrive,0.20968973344894917
13161,g2post,AM/PM,0,Adrive,0.13803131727681883
13162,g2post,AM/PM,0,Adrive,0.3323904089090347
13163,g2post,AM/PM,0,Adrive,-0.15985693457132655
13164,g2post,AM/PM,0,Adrive,0.21224483570391475
13165,g2post,AM/PM,0,Adrive,0.20500720510981543
13166,g2post,AM/PM,0,Adrive,0.1183117276780772
13167,g2post,AM/PM,0,Adrive,0.25034752643382135
13168,g2post,AM/PM,0,Adrive,0.2302108635920994
13169,g2post,AM/PM,0,Adrive,-0.06943317893694119
13170,g2post,AM/PM,0,Adrive,0.18201608815943102
13171,g2post,AM/PM,0,Adrive,0.2513404518875937
13172,g2post,AM/PM,0,Adrive,0.02204867461810954
13173,g2post,AM/PM,0,Adrive,-0.08224383608476858
13174,g2post,AM/PM,0,Adrive,-0.15616594464314648
13175,g2post,AM/PM,0,Adrive,0.1666005542349519
13176,g2post,AM/PM,0,Adrive,-0.11605740059004387
13177,g2post,AM/PM,0,Adrive,0.05505860368763999
13178,g2post,AM/PM,0,Adrive,-0.1324297609095105
13179,g2post,AM/PM,0,Adrive,0.05133730360191965
13180,g2post,AM/PM,0,Adrive,-0.08253880915376408
13181,g2post,AM/PM,0,Adrive,0.006127301331375199
13182,g2post,AM/PM,0,Adrive,0.26919865633777235
13183,g2post,AM/PM,0,Adrive,-0.02188058887022201
13184,g2post,AM/PM,0,Adrive,-0.08610672028249924
13185,g2post,AM/PM,0,Adrive,-0.09168984186497778
13186,g2post,AM/PM,0,Adrive,0.11852846001944503
13187,g2post,AM/PM,0,Adrive,-0.06270009541679662
13188,g2post,AM/PM,0,Adrive,0.11955507797066377
13189,g2post,AM/PM,0,Adrive,0.0017944448502973795
13190,g2post,AM/PM,0,Adrive,-0.11805993697222203
13191,g2post,AM/PM,0,Adrive,-0.020475732528740773
13192,g2post,AM/PM,0,Adrive,0.2478163558529911
13193,g2post,AM/PM,0,Adrive,0.30399865814846216
13194,g2post,AM/PM,0,Adrive,0.2677309403632039
13195,g2post,AM/PM,0,Adrive,0.00902649768673192
13196,g2post,AM/PM,0,Adrive,0.1578639570472655
13197,g2post,AM/PM,0,Adrive,-0.04689301991856858
13198,g2post,AM/PM,0,Adrive,-0.03649237509565153
13199,g2post,AM/PM,0,Adrive,0.05715091524492785
13200,g2post,AM/PM,0,Adrive,-0.08522132354978672
13201,g2post,AM/PM,0,Adrive,-0.11584843638487738
13202,g2post,AM/PM,0,Adrive,0.26807134664698257
13203,g2post,AM/PM,0,Adrive,0.0175057057895698
13204,g2post,AM/PM,0,Adrive,0.055818327621529065
13205,g2post,AM/PM,1,Adrive,0.14764547711546874
13206,g2post,AM/PM,1,Adrive,-0.034546358887611366
13207,g2post,AM/PM,7,Adrive,0.050357073253980825
13208,g2post,AM/PM,7,Adrive,0.05377155592711581
13209,g2post,AM/PM,7,Adrive,0.1118440645602459
13210,g2post,AM/PM,7,Adrive,0.06300214185186002
13211,g2post,AM/PM,7,Adrive,-0.03837023921235639
13212,g2post,AM/PM,7,Adrive,0.09931873487709161
13213,g2post,AM/PM,7,Adrive,-0.02329872729304433
13214,g2post,AM/PM,7,Adrive,0.04351305251169842
13215,g2post,AM/PM,7,Adrive,0.06578257571052161
13216,g2post,AM/PM,7,Adrive,-0.13555333649632562
13217,g2post,AM/PM,7,Adrive,0.1416097962001519
13218,g2post,AM/PM,7,Adrive,0.05426827684179053
13219,g2post,AM/PM,7,Adrive,-0.010101928596662358
13220,g2post,AM/PM,7,Adrive,0.0022170310222043286
13221,g2post,AM/PM,7,Adrive,0.08096053058384585
13222,g2post,AM/PM,7,Adrive,-0.14499085638703302
13223,g2post,AM/PM,7,Adrive,-0.0739076051135152
13224,g2post,AM/PM,7,Adrive,0.1405553004429771
13225,g2post,AM/PM,7,Adrive,-0.008210112164182442
13226,g2post,AM/PM,7,Adrive,0.15952617713300005
13227,g2post,AM/PM,7,Adrive,0.0735194659399654
13228,g2post,AM/PM,7,Adrive,0.230977273403126
13229,g2post,AM/PM,7,Adrive,0.10262164788210788
13230,g2post,AM/PM,7,Adrive,0.1159627975309607
13231,g2post,AM/PM,7,Adrive,-0.029150013498276235
13232,g2post,AM/PM,7,Adrive,0.21023230897028533
13233,g2post,AM/PM,7,Adrive,0.036695534656039905
13234,g2post,AM/PM,7,Adrive,0.15390634423906538
13235,g2post,AM/PM,7,Adrive,0.11581758974123972
13236,g2post,AM/PM,7,Adrive,0.0715639060044887
13237,g2post,AM/PM,7,Adrive,0.09863175834017457
13238,g2post,AM/PM,7,Adrive,0.15528438022650698
13239,g2post,AM/PM,7,Adrive,0.00015206694049727779
13240,g2post,AM/PM,7,Adrive,0.33011597450440866
13241,g2post,AM/PM,7,Adrive,0.09267550913295836
13242,g2post,AM/PM,7,Adrive,0.03456636025470582
13243,g2post,AM/PM,7,Adrive,0.07519880377790372
13244,g2post,AM/PM,7,Adrive,0.2867652166684408
13245,g2post,AM/PM,7,Adrive,0.013172049334806413
13246,g2post,AM/PM,7,Adrive,0.12673584674347013
13247,g2post,AM/PM,7,Adrive,0.08614018861556884
13248,g2post,AM/PM,7,Adrive,0.14379939952959536
13249,g2post,AM/PM,7,Adrive,-0.10487590463709417
13250,g2post,AM/PM,7,Adrive,-0.1262197705348926
13251,g2post,AM/PM,7,Adrive,0.07351313297474815
13252,g2post,AM/PM,7,Adrive,0.043235887268239216
13253,g2post,AM/PM,7,Adrive,0.08032887609783815
13254,g2post,AM/PM,7,Adrive,0.016489531691342582
13255,g2post,AM/PM,7,Adrive,0.031003354837874895
13256,g2post,AM/PM,7,Adrive,0.2759423040892111
13257,g2post,AM/PM,7,Adrive,0.3682671477173972
13258,g2post,AM/PM,7,Adrive,0.12036707806370181
13259,g2post,AM/PM,7,Adrive,0.0394099405938566
13260,g2post,AM/PM,7,Adrive,0.17929710547628552
13261,g2post,AM/PM,7,Adrive,0.32265488593519176
13262,g2post,AM/PM,7,Adrive,0.04944281582717171
13263,g2post,AM/PM,7,Adrive,0.15697554145019427
13264,g2post,AM/PM,7,Adrive,0.02843818059358708
13265,g2post,AM/PM,7,Adrive,0.12450235373417187
13266,g2post,AM/PM,7,Adrive,0.12773200734471762
13267,g2post,AM/PM,7,Adrive,-0.05922966015623221
13268,g2post,AM/PM,7,Adrive,-0.006456922165937478
13269,g2post,AM/PM,7,Adrive,0.1249317104391494
13270,g2post,AM/PM,7,Adrive,-0.0673927077510368
13271,g2post,AM/PM,7,Adrive,0.2889357319190743
13272,g2post,AM/PM,7,Adrive,-0.06324741086503269
13273,g2post,AM/PM,7,Adrive,0.08984639126089176
13274,g2post,AM/PM,7,Adrive,0.11344795957131867
13275,g2post,AM/PM,7,Adrive,0.13291945930222898
13276,g2post,AM/PM,7,Adrive,0.3434665659259549
13277,g2post,AM/PM,7,Adrive,0.0938655744822506
13278,g2post,AM/PM,7,Adrive,-0.05981468626593605
13279,g2post,AM/PM,7,Adrive,0.0709159428849263
13280,g2post,AM/PM,7,Adrive,0.025561431152922608
13281,g2post,AM/PM,7,Adrive,-0.051194549364999155
13282,g2post,AM/PM,7,Adrive,0.08546276177282584
13283,g2post,AM/PM,7,Adrive,0.07556626019252156
13284,g2post,AM/PM,7,Adrive,0.10061664903495168
13285,g2post,AM/PM,7,Adrive,0.3055684244899979
13286,g2post,AM/PM,7,Adrive,-0.06118294760452381
13287,g2post,AM/PM,7,Adrive,0.19088376204020735
13288,g2post,AM/PM,7,Adrive,0.1343291378728866
13289,g2post,AM/PM,7,Adrive,-0.008443567408753053
13290,g2post,AM/PM,7,Adrive,0.0745365473636243
13291,g2post,AM/PM,7,Adrive,0.05140717113324384
13292,g2post,AM/PM,7,Adrive,0.061744950845153114
13293,g2post,AM/PM,7,Adrive,-0.00646347406438426
13294,g2post,AM/PM,7,Adrive,-0.018742509194863463
13295,g2post,AM/PM,7,Adrive,0.19008841253902595
13296,g2post,AM/PM,7,Adrive,0.16973481116398426
13297,g2post,AM/PM,7,Adrive,-0.08708822476661383
13298,g2post,AM/PM,7,Adrive,0.0166914626905263
13299,g2post,AM/PM,7,Adrive,0.16830231255489123
13300,g2post,AM/PM,7,Adrive,0.25009080006719864
13301,g2post,AM/PM,7,Adrive,-0.062474758672187033
13302,g2post,AM/PM,7,Adrive,0.21513848098463484
13303,g2post,AM/PM,7,Adrive,0.14328701767430177
13304,g2post,AM/PM,7,Adrive,-0.0772807422584942
13305,g2post,AM/PM,7,Adrive,0.008657537179468556
13306,g2post,AM/PM,7,Adrive,-0.12137686010752942
13307,g2post,AM/PM,7,Adrive,-0.07014958709946395
13308,g2post,AM/PM,7,Adrive,-0.005255466881478715
13309,g2post,AM/PM,7,Adrive,0.22076459916819047
13310,g2post,AM/PM,7,Adrive,-0.012149502922044962
13311,g2post,AM/PM,7,Adrive,-0.07212979302004595
13312,g2post,AM/PM,7,Adrive,0.15941873522422104
13313,g2post,AM/PM,7,Adrive,-0.06248625250539197
13314,g2post,AM/PM,7,Adrive,0.01540398480016723
13315,g2post,AM/PM,7,Adrive,0.08381373672044722
13316,g2post,AM/PM,7,Adrive,0.035251528301827276
13317,g2post,AM/PM,7,Adrive,0.03074419658263767
13318,g2post,AM/PM,7,Adrive,0.11854946697141343
13319,g2post,AM/PM,7,Adrive,0.31086198087458067
13320,g2post,AM/PM,7,Adrive,-0.0438725201923789
13321,g2post,AM/PM,7,Adrive,0.011697420604537098
13322,g2post,AM/PM,7,Adrive,0.06779171867346268
13323,g2post,AM/PM,7,Adrive,0.08466420774768314
13324,g2post,AM/PM,7,Adrive,0.21892518748019663
13325,g2post,AM/PM,7,Adrive,0.12141451261209112
13326,g2post,AM/PM,7,Adrive,0.05892511232808209
13327,g2post,AM/PM,7,Adrive,-0.12060104588919712
13328,g2post,AM/PM,7,Adrive,0.10689076307056461
13329,g2post,AM/PM,7,Adrive,0.1898639747431436
13330,g2post,AM/PM,7,Adrive,-0.0045306972205848605
13331,g2post,AM/PM,0,Motordrive,0.10439419637622002
13332,g2post,AM/PM,0,Motordrive,0.28624722720486906
13333,g2post,AM/PM,0,Motordrive,0.040944769524987934
13334,g2post,AM/PM,0,Motordrive,0.06023503026994873
13335,g2post,AM/PM,0,Motordrive,-0.0136989542362938
13336,g2post,AM/PM,0,Motordrive,0.08152904051924392
13337,g2post,AM/PM,0,Motordrive,0.16484937838084052
13338,g2post,AM/PM,0,Motordrive,0.09496953101920287
13339,g2post,AM/PM,0,Motordrive,0.02798220128117779
13340,g2post,AM/PM,0,Motordrive,0.006320153081005935
13341,g2post,AM/PM,0,Motordrive,0.15025335132106024
13342,g2post,AM/PM,0,Motordrive,0.09914335366850759
13343,g2post,AM/PM,0,Motordrive,0.04280974167541575
13344,g2post,AM/PM,0,Motordrive,0.14283484680345093
13345,g2post,AM/PM,0,Motordrive,0.08301574319183568
13346,g2post,AM/PM,0,Motordrive,0.1154760535536073
13347,g2post,AM/PM,0,Motordrive,0.053868903783723845
13348,g2post,AM/PM,0,Motordrive,0.16347762053680992
13349,g2post,AM/PM,0,Motordrive,-0.02596102986307708
13350,g2post,AM/PM,0,Motordrive,-0.045986968653960236
13351,g2post,AM/PM,0,Motordrive,0.034289193498668054
13352,g2post,AM/PM,0,Motordrive,0.05108960730900517
13353,g2post,AM/PM,0,Motordrive,0.011400353960322294
13354,g2post,AM/PM,0,Motordrive,-0.06870262650095718
13355,g2post,AM/PM,0,Motordrive,0.23101095427640989
13356,g2post,AM/PM,0,Motordrive,0.0017605906874386906
13357,g2post,AM/PM,0,Motordrive,0.10614548407152222
13358,g2post,AM/PM,0,Motordrive,-0.04032288208612976
13359,g2post,AM/PM,0,Motordrive,-0.030980050460153525
13360,g2post,AM/PM,0,Motordrive,0.062274998448821145
13361,g2post,AM/PM,0,Motordrive,0.10685670336501119
13362,g2post,AM/PM,0,Motordrive,0.1266999069168372
13363,g2post,AM/PM,0,Motordrive,0.04845543346371886
13364,g2post,AM/PM,0,Motordrive,0.050927369484904284
13365,g2post,AM/PM,0,Motordrive,0.1865957374561656
13366,g2post,AM/PM,0,Motordrive,0.11379901006107027
13367,g2post,AM/PM,0,Motordrive,0.16627429603068433
13368,g2post,AM/PM,0,Motordrive,0.0764079469178072
13369,g2post,AM/PM,0,Motordrive,-0.025980686122694024
13370,g2post,AM/PM,0,Motordrive,0.042594838131850506
13371,g2post,AM/PM,0,Motordrive,0.10379820255087978
13372,g2post,AM/PM,0,Motordrive,-0.13637118167051893
13373,g2post,AM/PM,0,Motordrive,0.04828624808707028
13374,g2post,AM/PM,0,Motordrive,0.14889002273573382
13375,g2post,AM/PM,0,Motordrive,0.04344316170669605
13376,g2post,AM/PM,0,Motordrive,0.12044822489990374
13377,g2post,AM/PM,0,Motordrive,-0.02931088521742678
13378,g2post,AM/PM,0,Motordrive,-0.10551448044998045
13379,g2post,AM/PM,0,Motordrive,-0.40557636913742123
13380,g2post,AM/PM,0,Motordrive,0.30480074183216216
13381,g2post,AM/PM,0,Motordrive,0.2539930256700478
13382,g2post,AM/PM,0,Motordrive,0.06922405179784559
13383,g2post,AM/PM,0,Motordrive,0.35186476043126297
13384,g2post,AM/PM,0,Motordrive,0.4857888279563058
13385,g2post,AM/PM,0,Motordrive,0.061377015297886875
13386,g2post,AM/PM,0,Motordrive,0.08172155196119518
13387,g2post,AM/PM,0,Motordrive,0.35665678274580165
13388,g2post,AM/PM,0,Motordrive,0.1790248888572492
13389,g2post,AM/PM,0,Motordrive,0.014201639045515371
13390,g2post,AM/PM,0,Motordrive,0.07725055668133306
13391,g2post,AM/PM,0,Motordrive,0.08844358650052249
13392,g2post,AM/PM,0,Motordrive,0.0998876733731252
13393,g2post,AM/PM,0,Motordrive,0.07626303668671844
13394,g2post,AM/PM,0,Motordrive,-0.21344131729023338
13395,g2post,AM/PM,0,Motordrive,0.14792846634419546
13396,g2post,AM/PM,0,Motordrive,-0.004773838473390378
13397,g2post,AM/PM,0,Motordrive,0.027683019279779023
13398,g2post,AM/PM,0,Motordrive,-0.06514648852263508
13399,g2post,AM/PM,0,Motordrive,0.057356149230683884
13400,g2post,AM/PM,0,Motordrive,-0.14845824591777035
13401,g2post,AM/PM,0,Motordrive,-0.1061028862708012
13402,g2post,AM/PM,0,Motordrive,0.12090812643782875
13403,g2post,AM/PM,0,Motordrive,0.16879684475289639
13404,g2post,AM/PM,0,Motordrive,0.022657154221905708
13405,g2post,AM/PM,0,Motordrive,0.1869039199296916
13406,g2post,AM/PM,0,Motordrive,0.06419504555447732
13407,g2post,AM/PM,0,Motordrive,0.18636332096169797
13408,g2post,AM/PM,0,Motordrive,0.5991140300898316
13409,g2post,AM/PM,0,Motordrive,0.277289585030708
13410,g2post,AM/PM,0,Motordrive,0.35913640165082433
13411,g2post,AM/PM,0,Motordrive,0.044298130329871295
13412,g2post,AM/PM,0,Motordrive,0.22235725976534051
13413,g2post,AM/PM,0,Motordrive,-0.0074773901123790865
13414,g2post,AM/PM,0,Motordrive,0.5522463567615497
13415,g2post,AM/PM,0,Motordrive,0.07118727789440729
13416,g2post,AM/PM,0,Motordrive,0.07258589895453006
13417,g2post,AM/PM,0,Motordrive,0.0719791086257225
13418,g2post,AM/PM,0,Motordrive,0.1526525539384435
13419,g2post,AM/PM,0,Motordrive,-0.14667721571070622
13420,g2post,AM/PM,0,Motordrive,0.0421541888479955
13421,g2post,AM/PM,0,Motordrive,-0.0843739074667203
13422,g2post,AM/PM,0,Motordrive,0.013696981554356467
13423,g2post,AM/PM,0,Motordrive,0.31312873462920743
13424,g2post,AM/PM,0,Motordrive,-0.04639893354461087
13425,g2post,AM/PM,0,Motordrive,-0.17524054436807074
13426,g2post,AM/PM,0,Motordrive,0.22491862478140545
13427,g2post,AM/PM,0,Motordrive,-0.2908071429835663
13428,g2post,AM/PM,0,Motordrive,0.007426090573484789
13429,g2post,AM/PM,0,Motordrive,0.08110948945567213
13430,g2post,AM/PM,0,Motordrive,0.2041427062845271
13431,g2post,AM/PM,0,Motordrive,0.10539219407778708
13432,g2post,AM/PM,0,Motordrive,0.18901685025084178
13433,g2post,AM/PM,0,Motordrive,0.06266934123066972
13434,g2post,AM/PM,0,Motordrive,0.5116616978234819
13435,g2post,AM/PM,0,Motordrive,-0.18889617729876354
13436,g2post,AM/PM,0,Motordrive,-0.09408129682010509
13437,g2post,AM/PM,0,Motordrive,-0.030735637636837933
13438,g2post,AM/PM,0,Motordrive,0.3138146564201635
13439,g2post,AM/PM,0,Motordrive,0.09747517770579936
13440,g2post,AM/PM,0,Motordrive,0.11093624400612966
13441,g2post,AM/PM,0,Motordrive,-0.3137381001787894
13442,g2post,AM/PM,0,Motordrive,-0.1578994888441698
13443,g2post,AM/PM,0,Motordrive,-0.08267887552643996
13444,g2post,AM/PM,0,Motordrive,0.15414214006168744
13445,g2post,AM/PM,0,Motordrive,0.0015933443538858046
13446,g2post,AM/PM,0,Motordrive,0.18181390966520336
13447,g2post,AM/PM,0,Motordrive,-0.03235822326539217
13448,g2post,AM/PM,0,Motordrive,-0.15447884497241315
13449,g2post,AM/PM,0,Motordrive,0.2862972396233916
13450,g2post,AM/PM,0,Motordrive,-0.07923978672292598
13451,g2post,AM/PM,0,Motordrive,0.1875641822321339
13452,g2post,AM/PM,0,Motordrive,0.1183279557898265
13453,g2post,AM/PM,0,Motordrive,-0.11442192243430734
13454,g2post,AM/PM,0,Motordrive,0.14677982419972296
13455,g2post,AM/PM,0,Motordrive,-0.0025445625975430135
13456,g2post,AM/PM,0,Motordrive,0.011133286878500605
13457,g2post,AM/PM,0,Motordrive,-0.024509896772286037
13458,g2post,AM/PM,0,Motordrive,0.36839722251115564
13459,g2post,AM/PM,0,Motordrive,0.1765845165966634
13460,g2post,AM/PM,0,Motordrive,0.054645004718564746
13461,g2post,AM/PM,0,Motordrive,0.12992589999401183
13462,g2post,AM/PM,0,Motordrive,0.03491428251469038
13463,g2post,AM/PM,0,Motordrive,0.23175981875746623
13464,g2post,AM/PM,0,Motordrive,-0.008325928464504142
13465,g2post,AM/PM,0,Motordrive,0.12926768376565165
13466,g2post,AM/PM,0,Motordrive,0.10666149124262289
13467,g2post,AM/PM,0,Motordrive,0.3006278672493694
13468,g2post,AM/PM,0,Motordrive,-0.015521194561180085
13469,g2post,AM/PM,0,Motordrive,0.06860293931330849
13470,g2post,AM/PM,0,Motordrive,0.04941388871538736
13471,g2post,AM/PM,0,Motordrive,0.3034120187515424
13472,g2post,AM/PM,0,Motordrive,0.39516052875009683
13473,g2post,AM/PM,0,Motordrive,-0.0194049176048071
13474,g2post,AM/PM,0,Motordrive,-0.03734833737575956
13475,g2post,AM/PM,0,Motordrive,0.11873876054952509
13476,g2post,AM/PM,1,Motordrive,-0.052801116070077876
13477,g2post,AM/PM,1,Motordrive,0.14555599619736612
13478,g2post,AM/PM,7,Motordrive,-0.010677344599655953
13479,g2post,AM/PM,7,Motordrive,0.09868639729033836
13480,g2post,AM/PM,7,Motordrive,-0.10126770262372896
13481,g2post,AM/PM,7,Motordrive,0.07515687146432419
13482,g2post,AM/PM,7,Motordrive,0.04977395479209109
13483,g2post,AM/PM,7,Motordrive,0.2826676974486135
13484,g2post,AM/PM,7,Motordrive,-0.08073936524262668
13485,g2post,AM/PM,7,Motordrive,-0.021669964107830838
13486,g2post,AM/PM,7,Motordrive,-0.13981980742608802
13487,g2post,AM/PM,7,Motordrive,-0.1883590117227209
13488,g2post,AM/PM,7,Motordrive,0.06476830590602885
13489,g2post,AM/PM,7,Motordrive,-0.10274843738748975
13490,g2post,AM/PM,7,Motordrive,0.04065967660706977
13491,g2post,AM/PM,7,Motordrive,-0.15330602731558957
13492,g2post,AM/PM,7,Motordrive,0.08914013219399723
13493,g2post,AM/PM,7,Motordrive,0.13627049977401193
13494,g2post,AM/PM,7,Motordrive,-0.012598891370589975
13495,g2post,AM/PM,7,Motordrive,-0.030452525400308038
13496,g2post,AM/PM,7,Motordrive,-0.022429023000420607
13497,g2post,AM/PM,7,Motordrive,-0.014246587979860371
13498,g2post,AM/PM,7,Motordrive,0.14964600774774214
13499,g2post,AM/PM,7,Motordrive,0.2363295142581338
13500,g2post,AM/PM,7,Motordrive,-0.1956372158554599
13501,g2post,AM/PM,7,Motordrive,-0.035342802442035644
13502,g2post,AM/PM,7,Motordrive,0.12519973441377794
13503,g2post,AM/PM,7,Motordrive,-0.0442112038702832
13504,g2post,AM/PM,7,Motordrive,-0.02581771550045165
13505,g2post,AM/PM,7,Motordrive,-0.07037666684011856
13506,g2post,AM/PM,7,Motordrive,0.007398239052315394
13507,g2post,AM/PM,7,Motordrive,-0.16917670608140514
13508,g2post,AM/PM,7,Motordrive,-0.1825442062415459
13509,g2post,AM/PM,7,Motordrive,0.11025437820770918
13510,g2post,AM/PM,7,Motordrive,-0.14677772049970106
13511,g2post,AM/PM,7,Motordrive,0.19055525231087916
13512,g2post,AM/PM,7,Motordrive,-0.0009606799933586031
13513,g2post,AM/PM,7,Motordrive,-0.07264953997514305
13514,g2post,AM/PM,7,Motordrive,-0.0762534423783933
13515,g2post,AM/PM,7,Motordrive,-0.046120484982717
13516,g2post,AM/PM,7,Motordrive,0.031157457153921885
13517,g2post,AM/PM,7,Motordrive,-0.0996365903343452
13518,g2post,AM/PM,7,Motordrive,-0.1822202944412189
13519,g2post,AM/PM,7,Motordrive,0.032630983246190515
13520,g2post,AM/PM,7,Motordrive,0.18312116564036784
13521,g2post,AM/PM,7,Motordrive,-0.1704724656725387
13522,g2post,AM/PM,7,Motordrive,0.04890069941965857
13523,g2post,AM/PM,7,Motordrive,-0.07031110875471994
13524,g2post,AM/PM,7,Motordrive,-0.19623787056713107
13525,g2post,AM/PM,7,Motordrive,-0.15437241642494415
13526,g2post,AM/PM,7,Motordrive,-0.1450717987100909
13527,g2post,AM/PM,7,Motordrive,-0.013448482384207809
13528,g2post,AM/PM,7,Motordrive,0.11105839857124022
13529,g2post,AM/PM,7,Motordrive,-0.1660287550889796
13530,g2post,AM/PM,7,Motordrive,-0.039555044549872805
13531,g2post,AM/PM,7,Motordrive,0.13013662876351653
13532,g2post,AM/PM,7,Motordrive,0.14004619211565147
13533,g2post,AM/PM,7,Motordrive,-0.0014068897228595367
13534,g2post,AM/PM,7,Motordrive,-0.040021654192528636
13535,g2post,AM/PM,7,Motordrive,0.04379327033217324
13536,g2post,AM/PM,7,Motordrive,-0.09193990008888178
13537,g2post,AM/PM,7,Motordrive,-0.04885120762725049
13538,g2post,AM/PM,7,Motordrive,-0.06924260677594636
13539,g2post,AM/PM,7,Motordrive,-0.08679469505757112
13540,g2post,AM/PM,7,Motordrive,0.18103754620470924
13541,g2post,AM/PM,7,Motordrive,-0.08040432504870698
13542,g2post,AM/PM,7,Motordrive,0.05916643919075179
13543,g2post,AM/PM,7,Motordrive,-0.019163461799094866
13544,g2post,AM/PM,7,Motordrive,-0.11814909165320861
13545,g2post,AM/PM,7,Motordrive,0.12386576808863278
13546,g2post,AM/PM,7,Motordrive,0.17919624763814979
13547,g2post,AM/PM,7,Motordrive,0.05024924261124005
13548,g2post,AM/PM,7,Motordrive,0.12743666624335123
13549,g2post,AM/PM,7,Motordrive,0.15159594744152385
13550,g2post,AM/PM,7,Motordrive,-0.05734917632858403
13551,g2post,AM/PM,7,Motordrive,-0.08504096472485514
13552,g2post,AM/PM,7,Motordrive,-0.0643676191802652
13553,g2post,AM/PM,7,Motordrive,-0.018743112361513017
13554,g2post,AM/PM,7,Motordrive,-0.12931556403668146
13555,g2post,AM/PM,7,Motordrive,-0.1211865704432847
13556,g2post,AM/PM,7,Motordrive,0.15344590835125277
13557,g2post,AM/PM,7,Motordrive,-0.037756924186348434
13558,g2post,AM/PM,7,Motordrive,0.028288263196629155
13559,g2post,AM/PM,7,Motordrive,-0.017113206439103534
13560,g2post,AM/PM,7,Motordrive,0.2251034372358287
13561,g2post,AM/PM,7,Motordrive,0.23258849839914417
13562,g2post,AM/PM,7,Motordrive,-0.10252694750990453
13563,g2post,AM/PM,7,Motordrive,0.05273927700228053
13564,g2post,AM/PM,7,Motordrive,-0.02379114162507577
13565,g2post,AM/PM,7,Motordrive,0.03567489518640368
13566,g2post,AM/PM,7,Motordrive,0.09590026989692203
13567,g2post,AM/PM,7,Motordrive,-0.08014783946701107
13568,g2post,AM/PM,7,Motordrive,0.06774982623824194
13569,g2post,AM/PM,7,Motordrive,-0.05774188883186445
13570,g2post,AM/PM,7,Motordrive,-0.02790443027738267
13571,g2post,AM/PM,7,Motordrive,-0.14685884547636083
13572,g2post,AM/PM,7,Motordrive,-0.12930811733205108
13573,g2post,AM/PM,7,Motordrive,0.002969063288808719
13574,g2post,AM/PM,7,Motordrive,-0.10332044678213788
13575,g2post,AM/PM,7,Motordrive,-0.15354206079016414
13576,g2post,AM/PM,7,Motordrive,-0.14740671092738342
13577,g2post,AM/PM,7,Motordrive,-0.06869246724282879
13578,g2post,AM/PM,7,Motordrive,0.0707415855158285
13579,g2post,AM/PM,7,Motordrive,-0.02718723080709068
13580,g2post,AM/PM,7,Motordrive,0.09303164903975006
13581,g2post,AM/PM,7,Motordrive,0.031814986248017894
13582,g2post,AM/PM,7,Motordrive,0.023430308987105915
13583,g2post,AM/PM,7,Motordrive,0.031126669909315858
13584,g2post,AM/PM,7,Motordrive,-0.05133527213772693
13585,g2post,AM/PM,7,Motordrive,-0.041314911378362955
13586,g2post,AM/PM,7,Motordrive,-0.11563423530062909
13587,g2post,AM/PM,7,Motordrive,0.11177460849575295
13588,g2post,AM/PM,7,Motordrive,-0.17815501846410378
13589,g2post,AM/PM,7,Motordrive,-0.14891674049008893
13590,g2post,AM/PM,7,Motordrive,0.10372762721708224
13591,g2post,AM/PM,7,Motordrive,-0.07902237961862477
13592,g2post,AM/PM,7,Motordrive,0.06630655649222475
13593,g2post,AM/PM,7,Motordrive,-0.03908747365133486
13594,g2post,AM/PM,7,Motordrive,-0.10213501920061305
13595,g2post,AM/PM,7,Motordrive,0.12172392668428994
13596,g2post,AM/PM,7,Motordrive,-0.11046306238683849
13597,g2post,AM/PM,7,Motordrive,0.04380757714516347
13598,g2post,AM/PM,7,Motordrive,-0.027659910721513917
13599,g2post,AM/PM,7,Motordrive,-0.1268323813842824
13600,g2post,AM/PM,7,Motordrive,0.04633071340212921
13601,g2post,AM/PM,7,Motordrive,-0.021450333906966945
13602,g2post,A/RL/AL,0,Adrive,0.05885893677170262
13603,g2post,A/RL/AL,0,Adrive,0.045163143313862626
13604,g2post,A/RL/AL,0,Adrive,0.13247436136733373
13605,g2post,A/RL/AL,0,Adrive,-0.3597602044607911
13606,g2post,A/RL/AL,0,Adrive,-0.37362394061350723
13607,g2post,A/RL/AL,0,Adrive,0.32346337465665626
13608,g2post,A/RL/AL,0,Adrive,0.18836002287263287
13609,g2post,A/RL/AL,0,Adrive,0.08190854196886861
13610,g2post,A/RL/AL,0,Adrive,0.02572009474545602
13611,g2post,A/RL/AL,0,Adrive,0.008603857656104882
13612,g2post,A/RL/AL,0,Adrive,0.14261739017021335
13613,g2post,A/RL/AL,0,Adrive,0.13612849390775297
13614,g2post,A/RL/AL,0,Adrive,0.5699911704270305
13615,g2post,A/RL/AL,0,Adrive,-0.035707438837322907
13616,g2post,A/RL/AL,0,Adrive,0.2094424428869122
13617,g2post,A/RL/AL,0,Adrive,0.024988724001969415
13618,g2post,A/RL/AL,0,Adrive,-0.046510441036588024
13619,g2post,A/RL/AL,0,Adrive,0.11094211008317817
13620,g2post,A/RL/AL,0,Adrive,-0.11664741532802937
13621,g2post,A/RL/AL,0,Adrive,-0.032779110711954156
13622,g2post,A/RL/AL,0,Adrive,0.3921781284567422
13623,g2post,A/RL/AL,0,Adrive,0.041793884300427665
13624,g2post,A/RL/AL,0,Adrive,0.07555813833092127
13625,g2post,A/RL/AL,0,Adrive,-0.07038641905334753
13626,g2post,A/RL/AL,0,Adrive,0.02256687190401285
13627,g2post,A/RL/AL,0,Adrive,-0.031318813451113085
13628,g2post,A/RL/AL,0,Adrive,-0.039702600075210134
13629,g2post,A/RL/AL,0,Adrive,-0.11005158228148681
13630,g2post,A/RL/AL,0,Adrive,0.09883106609642348
13631,g2post,A/RL/AL,0,Adrive,0.0354253424190995
13632,g2post,A/RL/AL,0,Adrive,0.18996831878370546
13633,g2post,A/RL/AL,0,Adrive,0.197561624502261
13634,g2post,A/RL/AL,0,Adrive,0.19054073252530448
13635,g2post,A/RL/AL,0,Adrive,-0.08702280483406798
13636,g2post,A/RL/AL,0,Adrive,0.10777699166823457
13637,g2post,A/RL/AL,0,Adrive,-0.2398082951412478
13638,g2post,A/RL/AL,0,Adrive,0.28454653325865065
13639,g2post,A/RL/AL,0,Adrive,-0.1573454764759601
13640,g2post,A/RL/AL,0,Adrive,0.23814611561018056
13641,g2post,A/RL/AL,0,Adrive,0.14213583867132568
13642,g2post,A/RL/AL,0,Adrive,0.049691660998539076
13643,g2post,A/RL/AL,0,Adrive,0.2749215560078775
13644,g2post,A/RL/AL,0,Adrive,-0.08944809789200653
13645,g2post,A/RL/AL,0,Adrive,0.07979957730181444
13646,g2post,A/RL/AL,0,Adrive,0.19543533663076215
13647,g2post,A/RL/AL,0,Adrive,0.11600058606030349
13648,g2post,A/RL/AL,0,Adrive,0.16495250925787347
13649,g2post,A/RL/AL,0,Adrive,0.2565913509887832
13650,g2post,A/RL/AL,0,Adrive,0.1918099588099851
13651,g2post,A/RL/AL,0,Adrive,0.22753616001270324
13652,g2post,A/RL/AL,0,Adrive,0.03185254540076387
13653,g2post,A/RL/AL,0,Adrive,0.22849422008105366
13654,g2post,A/RL/AL,0,Adrive,0.6196975048412487
13655,g2post,A/RL/AL,0,Adrive,0.010340028843401529
13656,g2post,A/RL/AL,0,Adrive,0.10642410473873333
13657,g2post,A/RL/AL,0,Adrive,0.15719942775696497
13658,g2post,A/RL/AL,0,Adrive,0.45289895084178194
13659,g2post,A/RL/AL,0,Adrive,-0.1191417807715262
13660,g2post,A/RL/AL,0,Adrive,0.3487425679593891
13661,g2post,A/RL/AL,0,Adrive,0.1933092238882073
13662,g2post,A/RL/AL,0,Adrive,0.3881513328627017
13663,g2post,A/RL/AL,0,Adrive,0.3489352739617683
13664,g2post,A/RL/AL,0,Adrive,-0.13420679804174196
13665,g2post,A/RL/AL,0,Adrive,0.6672975743839339
13666,g2post,A/RL/AL,0,Adrive,0.16666500936886736
13667,g2post,A/RL/AL,0,Adrive,-0.15794966501468571
13668,g2post,A/RL/AL,0,Adrive,-0.07651964761354785
13669,g2post,A/RL/AL,0,Adrive,0.1661994863487368
13670,g2post,A/RL/AL,0,Adrive,-0.09816880320006735
13671,g2post,A/RL/AL,0,Adrive,-0.05992835173277205
13672,g2post,A/RL/AL,0,Adrive,0.3092450179217034
13673,g2post,A/RL/AL,0,Adrive,0.4909962173870097
13674,g2post,A/RL/AL,0,Adrive,0.2441520339431389
13675,g2post,A/RL/AL,0,Adrive,0.22846145097121615
13676,g2post,A/RL/AL,0,Adrive,0.20430691797971445
13677,g2post,A/RL/AL,0,Adrive,0.22381649443562374
13678,g2post,A/RL/AL,0,Adrive,-0.16212736166391004
13679,g2post,A/RL/AL,0,Adrive,0.3679959604232025
13680,g2post,A/RL/AL,0,Adrive,0.3644278153934324
13681,g2post,A/RL/AL,0,Adrive,-0.2712155738752533
13682,g2post,A/RL/AL,0,Adrive,-0.02719628312096435
13683,g2post,A/RL/AL,0,Adrive,0.11880448847844445
13684,g2post,A/RL/AL,0,Adrive,-0.1015694868728484
13685,g2post,A/RL/AL,0,Adrive,0.01690265397289981
13686,g2post,A/RL/AL,0,Adrive,0.24114936843958273
13687,g2post,A/RL/AL,0,Adrive,0.055008579083113365
13688,g2post,A/RL/AL,0,Adrive,0.1869091854273317
13689,g2post,A/RL/AL,0,Adrive,0.3305156840439716
13690,g2post,A/RL/AL,0,Adrive,0.18675481885708953
13691,g2post,A/RL/AL,0,Adrive,0.0018503292065466103
13692,g2post,A/RL/AL,0,Adrive,1.4175024614259308
13693,g2post,A/RL/AL,0,Adrive,-0.15336302179174144
13694,g2post,A/RL/AL,0,Adrive,0.36154517161916816
13695,g2post,A/RL/AL,0,Adrive,0.1843699564500893
13696,g2post,A/RL/AL,0,Adrive,0.22316482690910483
13697,g2post,A/RL/AL,0,Adrive,0.2779639113259139
13698,g2post,A/RL/AL,0,Adrive,-0.0593163100641556
13699,g2post,A/RL/AL,0,Adrive,0.08743746447537808
13700,g2post,A/RL/AL,0,Adrive,0.05662905838202192
13701,g2post,A/RL/AL,0,Adrive,0.8134319932525496
13702,g2post,A/RL/AL,0,Adrive,0.3253161195808545
13703,g2post,A/RL/AL,0,Adrive,0.14957798592193797
13704,g2post,A/RL/AL,0,Adrive,0.2317121370452872
13705,g2post,A/RL/AL,0,Adrive,0.18388262874520575
13706,g2post,A/RL/AL,0,Adrive,0.2539064839090846
13707,g2post,A/RL/AL,2,Adrive,0.08520383803696424
13708,g2post,A/RL/AL,2,Adrive,-0.04642555994990772
13709,g2post,A/RL/AL,2,Adrive,-0.09734361921383111
13710,g2post,A/RL/AL,2,Adrive,-0.03238150955373106
13711,g2post,A/RL/AL,2,Adrive,0.04389023994485823
13712,g2post,A/RL/AL,2,Adrive,0.029448934785156946
13713,g2post,A/RL/AL,2,Adrive,-0.05098851945848142
13714,g2post,A/RL/AL,2,Adrive,0.061608118076751706
13715,g2post,A/RL/AL,2,Adrive,-0.12341187104580557
13716,g2post,A/RL/AL,2,Adrive,0.18077093465309216
13717,g2post,A/RL/AL,2,Adrive,0.051480321265924237
13718,g2post,A/RL/AL,2,Adrive,-0.07258776656403489
13719,g2post,A/RL/AL,2,Adrive,0.09700892513118937
13720,g2post,A/RL/AL,2,Adrive,-0.042563602435675245
13721,g2post,A/RL/AL,2,Adrive,-0.0020611725044751695
13722,g2post,A/RL/AL,2,Adrive,0.032879354614154706
13723,g2post,A/RL/AL,2,Adrive,-0.08275404560349003
13724,g2post,A/RL/AL,2,Adrive,-0.010597382270490487
13725,g2post,A/RL/AL,2,Adrive,0.005390384397058488
13726,g2post,A/RL/AL,2,Adrive,0.015116347919242188
13727,g2post,A/RL/AL,2,Adrive,0.07571937383323886
13728,g2post,A/RL/AL,2,Adrive,0.003798708520715595
13729,g2post,A/RL/AL,2,Adrive,-0.05108790615709831
13730,g2post,A/RL/AL,2,Adrive,-0.016526376068341987
13731,g2post,A/RL/AL,2,Adrive,-0.05976901579888881
13732,g2post,A/RL/AL,2,Adrive,-0.05193798792888146
13733,g2post,A/RL/AL,2,Adrive,-0.0630441740378005
13734,g2post,A/RL/AL,2,Adrive,-0.016952945172229002
13735,g2post,A/RL/AL,2,Adrive,0.06245640904759006
13736,g2post,A/RL/AL,2,Adrive,0.06995446237552055
13737,g2post,A/RL/AL,2,Adrive,0.09903758065777218
13738,g2post,A/RL/AL,2,Adrive,0.10837409902153547
13739,g2post,A/RL/AL,2,Adrive,-0.00022607696513791424
13740,g2post,A/RL/AL,2,Adrive,-0.012866773428739051
13741,g2post,A/RL/AL,2,Adrive,-0.15509462721463044
13742,g2post,A/RL/AL,2,Adrive,0.13147312834076147
13743,g2post,A/RL/AL,2,Adrive,0.03731865480003595
13744,g2post,A/RL/AL,2,Adrive,0.08262457742876943
13745,g2post,A/RL/AL,2,Adrive,0.06632493724125776
13746,g2post,A/RL/AL,2,Adrive,0.03371547595186086
13747,g2post,A/RL/AL,2,Adrive,-0.03859839036337977
13748,g2post,A/RL/AL,2,Adrive,0.0216364678918444
13749,g2post,A/RL/AL,2,Adrive,-0.028249986223338016
13750,g2post,A/RL/AL,2,Adrive,-0.0242613954434736
13751,g2post,A/RL/AL,2,Adrive,-0.07484311358249231
13752,g2post,A/RL/AL,2,Adrive,0.11369780181879266
13753,g2post,A/RL/AL,2,Adrive,0.0017587964568065168
13754,g2post,A/RL/AL,2,Adrive,0.12199053995520295
13755,g2post,A/RL/AL,2,Adrive,-0.12731660242374102
13756,g2post,A/RL/AL,2,Adrive,-0.034077623320117156
13757,g2post,A/RL/AL,2,Adrive,0.036436567278866974
13758,g2post,A/RL/AL,2,Adrive,-0.13388960469468258
13759,g2post,A/RL/AL,2,Adrive,-0.08665479661613092
13760,g2post,A/RL/AL,2,Adrive,0.16573995099967107
13761,g2post,A/RL/AL,2,Adrive,-0.03996365096839076
13762,g2post,A/RL/AL,2,Adrive,0.013113989072945954
13763,g2post,A/RL/AL,2,Adrive,-0.08053287854226629
13764,g2post,A/RL/AL,2,Adrive,-0.19271977556677647
13765,g2post,A/RL/AL,2,Adrive,-0.038923048028229934
13766,g2post,A/RL/AL,2,Adrive,-0.1752424491963964
13767,g2post,A/RL/AL,2,Adrive,0.09657325185792497
13768,g2post,A/RL/AL,2,Adrive,-0.07104326785984771
13769,g2post,A/RL/AL,2,Adrive,0.02934691336017194
13770,g2post,A/RL/AL,2,Adrive,0.014041179431341099
13771,g2post,A/RL/AL,2,Adrive,0.0122369604101653
13772,g2post,A/RL/AL,2,Adrive,-0.2800514632911839
13773,g2post,A/RL/AL,2,Adrive,-0.07655636193803331
13774,g2post,A/RL/AL,2,Adrive,0.018046218485483066
13775,g2post,A/RL/AL,2,Adrive,-0.07694973661161125
13776,g2post,A/RL/AL,2,Adrive,-0.019015837324998293
13777,g2post,A/RL/AL,2,Adrive,-0.0030994813503605295
13778,g2post,A/RL/AL,2,Adrive,0.02032345197749164
13779,g2post,A/RL/AL,2,Adrive,-0.1153294361308517
13780,g2post,A/RL/AL,2,Adrive,-0.046146245880201914
13781,g2post,A/RL/AL,2,Adrive,0.20942840175532326
13782,g2post,A/RL/AL,2,Adrive,-0.012035343135083927
13783,g2post,A/RL/AL,2,Adrive,-0.1270203078858878
13784,g2post,A/RL/AL,2,Adrive,0.0011190183217943974
13785,g2post,A/RL/AL,2,Adrive,0.048465838088089935
13786,g2post,A/RL/AL,2,Adrive,-0.07523910596854579
13787,g2post,A/RL/AL,2,Adrive,0.05011291330981578
13788,g2post,A/RL/AL,2,Adrive,-0.09857673083954735
13789,g2post,A/RL/AL,2,Adrive,-0.10262906358478308
13790,g2post,A/RL/AL,2,Adrive,-0.03384499274302836
13791,g2post,A/RL/AL,2,Adrive,-0.14410023199213537
13792,g2post,A/RL/AL,2,Adrive,0.07630490838060086
13793,g2post,A/RL/AL,2,Adrive,0.10489731455811407
13794,g2post,A/RL/AL,2,Adrive,-0.06116706873114202
13795,g2post,A/RL/AL,2,Adrive,-0.08546951189213711
13796,g2post,A/RL/AL,2,Adrive,-0.0009358208741178584
13797,g2post,A/RL/AL,2,Adrive,-0.12863399801765968
13798,g2post,A/RL/AL,2,Adrive,0.14164375675723126
13799,g2post,A/RL/AL,2,Adrive,-0.03869037857738129
13800,g2post,A/RL/AL,2,Adrive,-0.24453991649181428
13801,g2post,A/RL/AL,4,Adrive,0.07897862827205517
13802,g2post,A/RL/AL,4,Adrive,0.09454798673962002
13803,g2post,A/RL/AL,4,Adrive,0.04390149633909873
13804,g2post,A/RL/AL,4,Adrive,0.41104449124511483
13805,g2post,A/RL/AL,4,Adrive,0.18618195991499048
13806,g2post,A/RL/AL,4,Adrive,-0.28389287059287394
13807,g2post,A/RL/AL,4,Adrive,0.2181755884644918
13808,g2post,A/RL/AL,4,Adrive,0.09961811077093892
13809,g2post,A/RL/AL,4,Adrive,0.2773877348110846
13810,g2post,A/RL/AL,4,Adrive,-0.08901761706513281
13811,g2post,A/RL/AL,4,Adrive,0.008999460910336567
13812,g2post,A/RL/AL,4,Adrive,0.1093675669146694
13813,g2post,A/RL/AL,4,Adrive,0.16483628882804696
13814,g2post,A/RL/AL,4,Adrive,0.0966805612572412
13815,g2post,A/RL/AL,4,Adrive,0.4275740254306084
13816,g2post,A/RL/AL,4,Adrive,0.4740399500087944
13817,g2post,A/RL/AL,6,Adrive,-0.10041882561902024
13818,g2post,A/RL/AL,6,Adrive,-0.01932014040944733
13819,g2post,A/RL/AL,6,Adrive,-0.06971785449085464
13820,g2post,A/RL/AL,6,Adrive,-0.1376716168857763
13821,g2post,A/RL/AL,6,Adrive,-0.09133140101499979
13822,g2post,A/RL/AL,6,Adrive,-0.13129728113941277
13823,g2post,A/RL/AL,6,Adrive,-0.12022434729510742
13824,g2post,A/RL/AL,6,Adrive,0.0450850575252266
13825,g2post,A/RL/AL,6,Adrive,-0.13705689910030314
13826,g2post,A/RL/AL,6,Adrive,-0.1682072712837294
13827,g2post,A/RL/AL,6,Adrive,-0.0995094696242207
13828,g2post,A/RL/AL,6,Adrive,-0.17194457485853204
13829,g2post,A/RL/AL,6,Adrive,-0.09870549418851679
13830,g2post,A/RL/AL,6,Adrive,-0.07821496434125312
13831,g2post,A/RL/AL,6,Adrive,0.018697888304555186
13832,g2post,A/RL/AL,6,Adrive,-0.007582749388234415
13833,g2post,A/RL/AL,6,Adrive,-0.0980501416772179
13834,g2post,A/RL/AL,6,Adrive,-0.11780193349451323
13835,g2post,A/RL/AL,6,Adrive,-0.05833505847496995
13836,g2post,A/RL/AL,6,Adrive,-0.13031693297111824
13837,g2post,A/RL/AL,6,Adrive,-0.0954856042528543
13838,g2post,A/RL/AL,6,Adrive,-0.13446595225453437
13839,g2post,A/RL/AL,6,Adrive,-0.08733555484021323
13840,g2post,A/RL/AL,6,Adrive,-0.23262101887283243
13841,g2post,A/RL/AL,6,Adrive,0.004045824197873364
13842,g2post,A/RL/AL,6,Adrive,-0.2646441100014757
13843,g2post,A/RL/AL,6,Adrive,-0.2589259985271574
13844,g2post,A/RL/AL,6,Adrive,-0.20834240614555352
13845,g2post,A/RL/AL,6,Adrive,-0.11604963634663211
13846,g2post,A/RL/AL,6,Adrive,-0.2015790520202267
13847,g2post,A/RL/AL,6,Adrive,-0.2159958548749881
13848,g2post,A/RL/AL,6,Adrive,-0.178980499063436
13849,g2post,A/RL/AL,6,Adrive,0.12583036972466097
13850,g2post,A/RL/AL,6,Adrive,0.027380101001117044
13851,g2post,A/RL/AL,6,Adrive,-0.14923571050714549
13852,g2post,A/RL/AL,6,Adrive,-0.06862696087115533
13853,g2post,A/RL/AL,6,Adrive,0.02141116502172991
13854,g2post,A/RL/AL,6,Adrive,-0.12183869092356046
13855,g2post,A/RL/AL,6,Adrive,-0.09493039036066785
13856,g2post,A/RL/AL,6,Adrive,0.06538980388475488
13857,g2post,A/RL/AL,6,Adrive,0.05500487792180362
13858,g2post,A/RL/AL,6,Adrive,-0.17624149871701728
13859,g2post,A/RL/AL,6,Adrive,0.03839294219265807
13860,g2post,A/RL/AL,6,Adrive,-0.1414406844989636
13861,g2post,A/RL/AL,6,Adrive,-0.03691953466811853
13862,g2post,A/RL/AL,6,Adrive,0.05184656030309707
13863,g2post,A/RL/AL,6,Adrive,0.023424465237495754
13864,g2post,A/RL/AL,6,Adrive,0.012007376306088315
13865,g2post,A/RL/AL,6,Adrive,-0.11512928951464245
13866,g2post,A/RL/AL,6,Adrive,-0.2581242184207007
13867,g2post,A/RL/AL,6,Adrive,-0.07801958634417447
13868,g2post,A/RL/AL,6,Adrive,-0.3064275839084461
13869,g2post,A/RL/AL,6,Adrive,-0.08401599462719511
13870,g2post,A/RL/AL,6,Adrive,-0.017305686945016302
13871,g2post,A/RL/AL,6,Adrive,-0.1518452252558404
13872,g2post,A/RL/AL,6,Adrive,-0.1779033943727198
13873,g2post,A/RL/AL,6,Adrive,-0.07805577772604298
13874,g2post,A/RL/AL,6,Adrive,0.08270379755364571
13875,g2post,A/RL/AL,7,Adrive,0.043588900661490314
13876,g2post,A/RL/AL,7,Adrive,0.14686034247028676
13877,g2post,A/RL/AL,7,Adrive,0.22672529458294807
13878,g2post,A/RL/AL,7,Adrive,0.07441476526490479
13879,g2post,A/RL/AL,7,Adrive,0.06497581076623238
13880,g2post,A/RL/AL,7,Adrive,0.16133015259684858
13881,g2post,A/RL/AL,7,Adrive,-0.0748483260266012
13882,g2post,A/RL/AL,7,Adrive,0.06802049487512395
13883,g2post,A/RL/AL,7,Adrive,0.20558096267547835
13884,g2post,A/RL/AL,7,Adrive,0.14955712922822362
13885,g2post,A/RL/AL,7,Adrive,0.08319191171474563
13886,g2post,A/RL/AL,7,Adrive,0.04155378823612343
13887,g2post,A/RL/AL,7,Adrive,0.13652216314991403
13888,g2post,A/RL/AL,7,Adrive,0.04717974071095881
13889,g2post,A/RL/AL,7,Adrive,-0.13822199672700156
13890,g2post,A/RL/AL,7,Adrive,0.1369303278811867
13891,g2post,A/RL/AL,7,Adrive,0.02898152486323905
13892,g2post,A/RL/AL,7,Adrive,0.18534757716774045
13893,g2post,A/RL/AL,7,Adrive,0.13754618473944444
13894,g2post,A/RL/AL,7,Adrive,0.1316051815508337
13895,g2post,A/RL/AL,7,Adrive,0.3001697313033008
13896,g2post,A/RL/AL,7,Adrive,0.16406646776280703
13897,g2post,A/RL/AL,7,Adrive,0.07718390666824759
13898,g2post,A/RL/AL,7,Adrive,-0.05376234576307044
13899,g2post,A/RL/AL,7,Adrive,-0.00421284344577277
13900,g2post,A/RL/AL,7,Adrive,-0.07066337420137085
13901,g2post,A/RL/AL,7,Adrive,0.09329011598558083
13902,g2post,A/RL/AL,7,Adrive,0.062469886099767474
13903,g2post,A/RL/AL,7,Adrive,0.1246421454471746
13904,g2post,A/RL/AL,7,Adrive,0.0078109794890113245
13905,g2post,A/RL/AL,7,Adrive,-0.058161868835090134
13906,g2post,A/RL/AL,7,Adrive,0.023518940030636128
13907,g2post,A/RL/AL,7,Adrive,0.04190159336478683
13908,g2post,A/RL/AL,7,Adrive,0.009815389266648303
13909,g2post,A/RL/AL,7,Adrive,0.07478516167923509
13910,g2post,A/RL/AL,7,Adrive,0.02771112715982458
13911,g2post,A/RL/AL,7,Adrive,-0.0603054864658482
13912,g2post,A/RL/AL,7,Adrive,-0.07850838985069905
13913,g2post,A/RL/AL,7,Adrive,-0.07579020228508476
13914,g2post,A/RL/AL,7,Adrive,0.068919054407344
13915,g2post,A/RL/AL,7,Adrive,-0.05662014477969658
13916,g2post,A/RL/AL,7,Adrive,-0.12713954295738247
13917,g2post,A/RL/AL,7,Adrive,0.004030157301467255
13918,g2post,A/RL/AL,7,Adrive,0.20377695775917387
13919,g2post,A/RL/AL,7,Adrive,0.10263836862561906
13920,g2post,A/RL/AL,7,Adrive,0.20825662430456557
13921,g2post,A/RL/AL,7,Adrive,0.14966913566395051
13922,g2post,A/RL/AL,7,Adrive,-0.14839102515347136
13923,g2post,A/RL/AL,7,Adrive,0.1943751909210227
13924,g2post,A/RL/AL,7,Adrive,-0.11251964640246886
13925,g2post,A/RL/AL,7,Adrive,-0.07554316115335045
13926,g2post,A/RL/AL,7,Adrive,0.1708450497773527
13927,g2post,A/RL/AL,7,Adrive,0.060091230705090044
13928,g2post,A/RL/AL,7,Adrive,0.11630697183373127
13929,g2post,A/RL/AL,7,Adrive,0.08586716171410916
13930,g2post,A/RL/AL,7,Adrive,0.1118531386273263
13931,g2post,A/RL/AL,7,Adrive,0.156529407071486
13932,g2post,A/RL/AL,7,Adrive,0.22363697447344275
13933,g2post,A/RL/AL,7,Adrive,0.0860505450230602
13934,g2post,A/RL/AL,7,Adrive,-0.20891013838061973
13935,g2post,A/RL/AL,0,Motordrive,0.18131258848118811
13936,g2post,A/RL/AL,0,Motordrive,0.10933152421255095
13937,g2post,A/RL/AL,0,Motordrive,0.22639379298693274
13938,g2post,A/RL/AL,0,Motordrive,0.2154062702195155
13939,g2post,A/RL/AL,0,Motordrive,-0.06293088419738208
13940,g2post,A/RL/AL,0,Motordrive,0.002822258563233156
13941,g2post,A/RL/AL,0,Motordrive,-0.04515827643387137
13942,g2post,A/RL/AL,0,Motordrive,-0.2677493824741294
13943,g2post,A/RL/AL,0,Motordrive,0.02092127219776129
13944,g2post,A/RL/AL,0,Motordrive,0.40476660004200765
13945,g2post,A/RL/AL,0,Motordrive,0.24436392254781525
13946,g2post,A/RL/AL,0,Motordrive,0.5184804549977547
13947,g2post,A/RL/AL,0,Motordrive,0.2838478194495636
13948,g2post,A/RL/AL,0,Motordrive,0.19058402950125813
13949,g2post,A/RL/AL,0,Motordrive,0.2474498024230004
13950,g2post,A/RL/AL,0,Motordrive,0.11522544335234705
13951,g2post,A/RL/AL,0,Motordrive,0.09149646572607814
13952,g2post,A/RL/AL,0,Motordrive,0.039648827009449876
13953,g2post,A/RL/AL,0,Motordrive,0.4418973624116277
13954,g2post,A/RL/AL,0,Motordrive,0.3968926067269423
13955,g2post,A/RL/AL,0,Motordrive,0.04565165028645107
13956,g2post,A/RL/AL,0,Motordrive,0.3949542667698026
13957,g2post,A/RL/AL,0,Motordrive,0.3372535305629496
13958,g2post,A/RL/AL,0,Motordrive,0.4394808805484566
13959,g2post,A/RL/AL,0,Motordrive,-0.16970584508182043
13960,g2post,A/RL/AL,0,Motordrive,-0.05723006786773214
13961,g2post,A/RL/AL,0,Motordrive,-0.12221993382221802
13962,g2post,A/RL/AL,0,Motordrive,0.32590193057339306
13963,g2post,A/RL/AL,0,Motordrive,0.49162309448197605
13964,g2post,A/RL/AL,0,Motordrive,0.11447802934161722
13965,g2post,A/RL/AL,0,Motordrive,-0.02141285054538273
13966,g2post,A/RL/AL,0,Motordrive,0.16426572896533126
13967,g2post,A/RL/AL,0,Motordrive,0.31818273227351895
13968,g2post,A/RL/AL,0,Motordrive,0.7061824918996824
13969,g2post,A/RL/AL,0,Motordrive,0.6169139818314753
13970,g2post,A/RL/AL,0,Motordrive,0.5421705792997218
13971,g2post,A/RL/AL,0,Motordrive,0.392335793584292
13972,g2post,A/RL/AL,0,Motordrive,0.664447474140877
13973,g2post,A/RL/AL,0,Motordrive,-0.1545786295792833
13974,g2post,A/RL/AL,0,Motordrive,0.14118217395571042
13975,g2post,A/RL/AL,0,Motordrive,0.2581727885588619
13976,g2post,A/RL/AL,0,Motordrive,0.1605735036871578
13977,g2post,A/RL/AL,0,Motordrive,0.4067298224763384
13978,g2post,A/RL/AL,0,Motordrive,0.27743361715109743
13979,g2post,A/RL/AL,0,Motordrive,0.10527522251664423
13980,g2post,A/RL/AL,0,Motordrive,0.13071200547225686
13981,g2post,A/RL/AL,0,Motordrive,0.21441749840508512
13982,g2post,A/RL/AL,0,Motordrive,0.317917645294074
13983,g2post,A/RL/AL,0,Motordrive,0.2293324950215855
13984,g2post,A/RL/AL,0,Motordrive,0.02740928082519968
13985,g2post,A/RL/AL,0,Motordrive,0.08104549799132041
13986,g2post,A/RL/AL,0,Motordrive,0.1891867574671831
13987,g2post,A/RL/AL,0,Motordrive,-0.05360681148218781
13988,g2post,A/RL/AL,0,Motordrive,0.24819234297595277
13989,g2post,A/RL/AL,0,Motordrive,-0.19715707268819208
13990,g2post,A/RL/AL,0,Motordrive,-0.2108374647403579
13991,g2post,A/RL/AL,0,Motordrive,-0.19399104827850056
13992,g2post,A/RL/AL,0,Motordrive,-0.12000065074810314
13993,g2post,A/RL/AL,0,Motordrive,-0.11667971364924229
13994,g2post,A/RL/AL,0,Motordrive,0.19949570868870417
13995,g2post,A/RL/AL,0,Motordrive,-0.041170128825269985
13996,g2post,A/RL/AL,0,Motordrive,0.2475674710712419
13997,g2post,A/RL/AL,0,Motordrive,0.10798430334467936
13998,g2post,A/RL/AL,0,Motordrive,0.29256769207434724
13999,g2post,A/RL/AL,0,Motordrive,0.1529094628651176
14000,g2post,A/RL/AL,0,Motordrive,0.2302320595880563
14001,g2post,A/RL/AL,0,Motordrive,0.16274924938479476
14002,g2post,A/RL/AL,0,Motordrive,0.15500331645854656
14003,g2post,A/RL/AL,0,Motordrive,-0.1701846063777193
14004,g2post,A/RL/AL,0,Motordrive,0.19872147918314947
14005,g2post,A/RL/AL,0,Motordrive,-0.08350672253014779
14006,g2post,A/RL/AL,0,Motordrive,0.1675477259192359
14007,g2post,A/RL/AL,0,Motordrive,0.35040121216960773
14008,g2post,A/RL/AL,0,Motordrive,0.1255125172381479
14009,g2post,A/RL/AL,0,Motordrive,0.18922295738589362
14010,g2post,A/RL/AL,0,Motordrive,0.09514506405720431
14011,g2post,A/RL/AL,0,Motordrive,0.25310945779049304
14012,g2post,A/RL/AL,0,Motordrive,-0.04673522179141351
14013,g2post,A/RL/AL,0,Motordrive,0.2820968929561182
14014,g2post,A/RL/AL,0,Motordrive,0.2535421895294347
14015,g2post,A/RL/AL,0,Motordrive,-0.20149338444147297
14016,g2post,A/RL/AL,0,Motordrive,0.0954680012232313
14017,g2post,A/RL/AL,0,Motordrive,0.37887389041624864
14018,g2post,A/RL/AL,0,Motordrive,0.5161718471136872
14019,g2post,A/RL/AL,0,Motordrive,-0.15939726959371622
14020,g2post,A/RL/AL,0,Motordrive,0.28641604998231057
14021,g2post,A/RL/AL,0,Motordrive,-0.26738307219000323
14022,g2post,A/RL/AL,0,Motordrive,0.02277823883367081
14023,g2post,A/RL/AL,0,Motordrive,0.04090995776103138
14024,g2post,A/RL/AL,0,Motordrive,0.35407701014563986
14025,g2post,A/RL/AL,0,Motordrive,-0.168277971692826
14026,g2post,A/RL/AL,0,Motordrive,0.5410406521373328
14027,g2post,A/RL/AL,0,Motordrive,0.06739180504269235
14028,g2post,A/RL/AL,0,Motordrive,0.12207575729353941
14029,g2post,A/RL/AL,0,Motordrive,-0.07191459486074424
14030,g2post,A/RL/AL,0,Motordrive,0.10211125651490918
14031,g2post,A/RL/AL,0,Motordrive,0.052851362718841076
14032,g2post,A/RL/AL,0,Motordrive,0.40908659507219197
14033,g2post,A/RL/AL,0,Motordrive,0.13668135913880317
14034,g2post,A/RL/AL,0,Motordrive,0.011346617544363193
14035,g2post,A/RL/AL,0,Motordrive,0.3502530567793333
14036,g2post,A/RL/AL,0,Motordrive,0.0019428396526415895
14037,g2post,A/RL/AL,0,Motordrive,0.10142091435069016
14038,g2post,A/RL/AL,0,Motordrive,-0.03690630043585301
14039,g2post,A/RL/AL,0,Motordrive,0.08982536477793883
14040,g2post,A/RL/AL,2,Motordrive,0.14483903843369936
14041,g2post,A/RL/AL,2,Motordrive,-0.011693592988963565
14042,g2post,A/RL/AL,2,Motordrive,0.02551095448461164
14043,g2post,A/RL/AL,2,Motordrive,-0.07953302623192571
14044,g2post,A/RL/AL,2,Motordrive,-0.12780802445644898
14045,g2post,A/RL/AL,2,Motordrive,0.05914426365714138
14046,g2post,A/RL/AL,2,Motordrive,-0.050169622815507374
14047,g2post,A/RL/AL,2,Motordrive,0.19114040087162304
14048,g2post,A/RL/AL,2,Motordrive,0.07785918886396773
14049,g2post,A/RL/AL,2,Motordrive,0.028206107246101706
14050,g2post,A/RL/AL,2,Motordrive,-0.09920454677127678
14051,g2post,A/RL/AL,2,Motordrive,-0.033056643924059985
14052,g2post,A/RL/AL,2,Motordrive,-0.12853361762855237
14053,g2post,A/RL/AL,2,Motordrive,-0.09575975827992327
14054,g2post,A/RL/AL,2,Motordrive,0.08763597894000497
14055,g2post,A/RL/AL,2,Motordrive,-0.05550942477001109
14056,g2post,A/RL/AL,2,Motordrive,0.14566920422459323
14057,g2post,A/RL/AL,2,Motordrive,0.2016919752863562
14058,g2post,A/RL/AL,2,Motordrive,0.10788642963567092
14059,g2post,A/RL/AL,2,Motordrive,0.013763779773210503
14060,g2post,A/RL/AL,2,Motordrive,-0.13277831552985844
14061,g2post,A/RL/AL,2,Motordrive,0.21793557853480777
14062,g2post,A/RL/AL,2,Motordrive,0.032323070241096354
14063,g2post,A/RL/AL,2,Motordrive,0.13054254871333973
14064,g2post,A/RL/AL,2,Motordrive,-0.07317585508225673
14065,g2post,A/RL/AL,2,Motordrive,-0.10026590537974801
14066,g2post,A/RL/AL,2,Motordrive,0.2361480824621448
14067,g2post,A/RL/AL,2,Motordrive,0.05872164279858995
14068,g2post,A/RL/AL,2,Motordrive,0.23209146804854294
14069,g2post,A/RL/AL,2,Motordrive,-0.08499236715416172
14070,g2post,A/RL/AL,2,Motordrive,0.02208680719345616
14071,g2post,A/RL/AL,2,Motordrive,0.026483743266325997
14072,g2post,A/RL/AL,2,Motordrive,0.11025936194887796
14073,g2post,A/RL/AL,2,Motordrive,0.08673885995652428
14074,g2post,A/RL/AL,2,Motordrive,0.19482129481794527
14075,g2post,A/RL/AL,2,Motordrive,0.12056238330292048
14076,g2post,A/RL/AL,2,Motordrive,0.0196222255924351
14077,g2post,A/RL/AL,2,Motordrive,-0.008623809124374921
14078,g2post,A/RL/AL,2,Motordrive,0.11864699047865315
14079,g2post,A/RL/AL,2,Motordrive,-0.045127499451355954
14080,g2post,A/RL/AL,2,Motordrive,-0.005249082505397653
14081,g2post,A/RL/AL,2,Motordrive,0.17722293566631825
14082,g2post,A/RL/AL,2,Motordrive,0.19978106523965578
14083,g2post,A/RL/AL,2,Motordrive,0.052060202007433866
14084,g2post,A/RL/AL,2,Motordrive,0.28547297049199494
14085,g2post,A/RL/AL,2,Motordrive,0.251280936765303
14086,g2post,A/RL/AL,2,Motordrive,-0.04261801287278246
14087,g2post,A/RL/AL,2,Motordrive,-0.03548762575636405
14088,g2post,A/RL/AL,2,Motordrive,0.13512886923324804
14089,g2post,A/RL/AL,2,Motordrive,0.2051468113269749
14090,g2post,A/RL/AL,2,Motordrive,0.053278404431955646
14091,g2post,A/RL/AL,2,Motordrive,0.03302653611903179
14092,g2post,A/RL/AL,2,Motordrive,-0.09339390830858971
14093,g2post,A/RL/AL,2,Motordrive,0.09738923434392327
14094,g2post,A/RL/AL,2,Motordrive,-0.11029862594659029
14095,g2post,A/RL/AL,2,Motordrive,-0.006275643603581944
14096,g2post,A/RL/AL,2,Motordrive,0.30726827876874835
14097,g2post,A/RL/AL,2,Motordrive,0.31144180309489033
14098,g2post,A/RL/AL,2,Motordrive,-0.09914667877009804
14099,g2post,A/RL/AL,2,Motordrive,0.07726756179102316
14100,g2post,A/RL/AL,2,Motordrive,-0.1161666651835006
14101,g2post,A/RL/AL,2,Motordrive,0.008081393011702178
14102,g2post,A/RL/AL,2,Motordrive,0.14921564190597783
14103,g2post,A/RL/AL,2,Motordrive,0.11518491013315764
14104,g2post,A/RL/AL,2,Motordrive,-0.04685500389615375
14105,g2post,A/RL/AL,2,Motordrive,0.14958791175528027
14106,g2post,A/RL/AL,2,Motordrive,-0.06789877176766418
14107,g2post,A/RL/AL,2,Motordrive,-0.10137242668584603
14108,g2post,A/RL/AL,2,Motordrive,-0.04181130504708419
14109,g2post,A/RL/AL,2,Motordrive,0.018056348110748483
14110,g2post,A/RL/AL,2,Motordrive,-0.006392402130981011
14111,g2post,A/RL/AL,2,Motordrive,-0.039491147392018255
14112,g2post,A/RL/AL,2,Motordrive,0.04966239331564141
14113,g2post,A/RL/AL,2,Motordrive,-0.09161505742902065
14114,g2post,A/RL/AL,2,Motordrive,0.03541517397140075
14115,g2post,A/RL/AL,2,Motordrive,0.01867215495273373
14116,g2post,A/RL/AL,2,Motordrive,-0.025170483836979764
14117,g2post,A/RL/AL,2,Motordrive,-0.05019833691514948
14118,g2post,A/RL/AL,2,Motordrive,0.04142491616336859
14119,g2post,A/RL/AL,2,Motordrive,-0.01074257016568802
14120,g2post,A/RL/AL,2,Motordrive,-0.04588415569999184
14121,g2post,A/RL/AL,2,Motordrive,0.010593619854797192
14122,g2post,A/RL/AL,2,Motordrive,0.09422310168869039
14123,g2post,A/RL/AL,2,Motordrive,0.04469632295823553
14124,g2post,A/RL/AL,2,Motordrive,0.19395155693499416
14125,g2post,A/RL/AL,2,Motordrive,0.1228455896239026
14126,g2post,A/RL/AL,2,Motordrive,0.08325975883218036
14127,g2post,A/RL/AL,2,Motordrive,0.022691435228944384
14128,g2post,A/RL/AL,2,Motordrive,0.11110281937233299
14129,g2post,A/RL/AL,2,Motordrive,-0.001816089250008092
14130,g2post,A/RL/AL,2,Motordrive,0.24585872486465687
14131,g2post,A/RL/AL,2,Motordrive,0.06358323620683919
14132,g2post,A/RL/AL,2,Motordrive,-0.05783819668154688
14133,g2post,A/RL/AL,2,Motordrive,0.23442169651657632
14134,g2post,A/RL/AL,4,Motordrive,0.1728256733083879
14135,g2post,A/RL/AL,4,Motordrive,-0.0037228034946498
14136,g2post,A/RL/AL,4,Motordrive,-0.012373071874620603
14137,g2post,A/RL/AL,4,Motordrive,0.2333465568443282
14138,g2post,A/RL/AL,4,Motordrive,0.017914166212860662
14139,g2post,A/RL/AL,4,Motordrive,-0.12139385799189874
14140,g2post,A/RL/AL,4,Motordrive,0.2624995657112605
14141,g2post,A/RL/AL,4,Motordrive,0.4582166811467686
14142,g2post,A/RL/AL,4,Motordrive,0.172935729746555
14143,g2post,A/RL/AL,4,Motordrive,0.2737126946411492
14144,g2post,A/RL/AL,4,Motordrive,0.0692515516919013
14145,g2post,A/RL/AL,4,Motordrive,0.36553016316810566
14146,g2post,A/RL/AL,4,Motordrive,0.0815195611087448
14147,g2post,A/RL/AL,4,Motordrive,0.08413559357772069
14148,g2post,A/RL/AL,4,Motordrive,0.30649607149772656
14149,g2post,A/RL/AL,4,Motordrive,0.3411715211759958
14150,g2post,A/RL/AL,6,Motordrive,0.015079196590512513
14151,g2post,A/RL/AL,6,Motordrive,0.10376186657201436
14152,g2post,A/RL/AL,6,Motordrive,0.14442506463640906
14153,g2post,A/RL/AL,6,Motordrive,0.003993541946115754
14154,g2post,A/RL/AL,6,Motordrive,-0.058545347361262004
14155,g2post,A/RL/AL,6,Motordrive,0.08829677490617296
14156,g2post,A/RL/AL,6,Motordrive,0.06485243920827335
14157,g2post,A/RL/AL,6,Motordrive,0.08839113604202334
14158,g2post,A/RL/AL,6,Motordrive,0.15468437739726262
14159,g2post,A/RL/AL,6,Motordrive,0.2166089021696721
14160,g2post,A/RL/AL,6,Motordrive,0.21837666445438475
14161,g2post,A/RL/AL,6,Motordrive,-0.005515806912483308
14162,g2post,A/RL/AL,6,Motordrive,0.0607239419689981
14163,g2post,A/RL/AL,6,Motordrive,0.09310516226905674
14164,g2post,A/RL/AL,6,Motordrive,0.024480305404289086
14165,g2post,A/RL/AL,6,Motordrive,-0.01098081501057315
14166,g2post,A/RL/AL,6,Motordrive,0.14595045494916312
14167,g2post,A/RL/AL,6,Motordrive,-0.04570070505100392
14168,g2post,A/RL/AL,6,Motordrive,0.18932771225184153
14169,g2post,A/RL/AL,6,Motordrive,0.06741957859274773
14170,g2post,A/RL/AL,6,Motordrive,0.1319335567606513
14171,g2post,A/RL/AL,6,Motordrive,0.12169401262237102
14172,g2post,A/RL/AL,6,Motordrive,-0.08307857605332529
14173,g2post,A/RL/AL,6,Motordrive,0.2149296725133036
14174,g2post,A/RL/AL,6,Motordrive,0.18941954595351804
14175,g2post,A/RL/AL,6,Motordrive,0.03784437247466728
14176,g2post,A/RL/AL,6,Motordrive,0.20798072713187174
14177,g2post,A/RL/AL,6,Motordrive,0.07432633609385976
14178,g2post,A/RL/AL,6,Motordrive,0.22186544312783651
14179,g2post,A/RL/AL,6,Motordrive,0.26295038032449014
14180,g2post,A/RL/AL,6,Motordrive,-0.10574274500656043
14181,g2post,A/RL/AL,6,Motordrive,0.0425095713284623
14182,g2post,A/RL/AL,6,Motordrive,0.243028442595506
14183,g2post,A/RL/AL,6,Motordrive,0.368282761797649
14184,g2post,A/RL/AL,6,Motordrive,-0.09684169316648078
14185,g2post,A/RL/AL,6,Motordrive,-0.07265727077136812
14186,g2post,A/RL/AL,6,Motordrive,0.23530266380258494
14187,g2post,A/RL/AL,6,Motordrive,0.31682476197141346
14188,g2post,A/RL/AL,6,Motordrive,-0.09136803291112312
14189,g2post,A/RL/AL,6,Motordrive,-0.013522180793602723
14190,g2post,A/RL/AL,6,Motordrive,-0.10644793887728594
14191,g2post,A/RL/AL,6,Motordrive,0.01406095540324352
14192,g2post,A/RL/AL,6,Motordrive,-0.02283539251469497
14193,g2post,A/RL/AL,6,Motordrive,0.030304113543000926
14194,g2post,A/RL/AL,6,Motordrive,0.10832517060093383
14195,g2post,A/RL/AL,6,Motordrive,-0.02612998679524183
14196,g2post,A/RL/AL,6,Motordrive,0.07788527105488312
14197,g2post,A/RL/AL,6,Motordrive,-0.07869699219113978
14198,g2post,A/RL/AL,6,Motordrive,0.06490377917522103
14199,g2post,A/RL/AL,6,Motordrive,-0.07824624572660169
14200,g2post,A/RL/AL,6,Motordrive,0.06982736546998772
14201,g2post,A/RL/AL,6,Motordrive,0.0636376424187492
14202,g2post,A/RL/AL,6,Motordrive,-0.0390652517852469
14203,g2post,A/RL/AL,6,Motordrive,0.14303600404437405
14204,g2post,A/RL/AL,6,Motordrive,0.10601473432799706
14205,g2post,A/RL/AL,6,Motordrive,0.10186912000302771
14206,g2post,A/RL/AL,6,Motordrive,0.08548863420088361
14207,g2post,A/RL/AL,6,Motordrive,0.15981436456960665
14208,g2post,A/RL/AL,7,Motordrive,-0.10629845671031543
14209,g2post,A/RL/AL,7,Motordrive,-0.0031110985273288625
14210,g2post,A/RL/AL,7,Motordrive,0.005601462647647391
14211,g2post,A/RL/AL,7,Motordrive,-0.030853708018115954
14212,g2post,A/RL/AL,7,Motordrive,-0.0890399798149593
14213,g2post,A/RL/AL,7,Motordrive,0.1109334851441047
14214,g2post,A/RL/AL,7,Motordrive,0.1389408009769128
14215,g2post,A/RL/AL,7,Motordrive,0.12377936524130807
14216,g2post,A/RL/AL,7,Motordrive,0.17582281680004513
14217,g2post,A/RL/AL,7,Motordrive,0.08525672662354895
14218,g2post,A/RL/AL,7,Motordrive,0.034037963183560366
14219,g2post,A/RL/AL,7,Motordrive,0.18843752659127871
14220,g2post,A/RL/AL,7,Motordrive,-0.07899523802352121
14221,g2post,A/RL/AL,7,Motordrive,-0.10930386926344694
14222,g2post,A/RL/AL,7,Motordrive,-0.24049239466877653
14223,g2post,A/RL/AL,7,Motordrive,0.26154033659386405
14224,g2post,A/RL/AL,7,Motordrive,0.02784662967258832
14225,g2post,A/RL/AL,7,Motordrive,0.19614436179683
14226,g2post,A/RL/AL,7,Motordrive,0.05073759922720203
14227,g2post,A/RL/AL,7,Motordrive,0.17776413957564638
14228,g2post,A/RL/AL,7,Motordrive,0.028167450984714577
14229,g2post,A/RL/AL,7,Motordrive,-0.07549521191937418
14230,g2post,A/RL/AL,7,Motordrive,-0.015397129751789336
14231,g2post,A/RL/AL,7,Motordrive,0.07553176782530169
14232,g2post,A/RL/AL,7,Motordrive,0.1791782552758605
14233,g2post,A/RL/AL,7,Motordrive,-0.2187003900715556
14234,g2post,A/RL/AL,7,Motordrive,-0.1533765279040369
14235,g2post,A/RL/AL,7,Motordrive,-0.06739571937442153
14236,g2post,A/RL/AL,7,Motordrive,0.0839156001131801
14237,g2post,A/RL/AL,7,Motordrive,-0.0033170945483951783
14238,g2post,A/RL/AL,7,Motordrive,-0.19877968229426765
14239,g2post,A/RL/AL,7,Motordrive,-0.09261895128315559
14240,g2post,A/RL/AL,7,Motordrive,-0.042817514348585675
14241,g2post,A/RL/AL,7,Motordrive,-0.01963794006621284
14242,g2post,A/RL/AL,7,Motordrive,-0.06522378683078475
14243,g2post,A/RL/AL,7,Motordrive,-0.0865845949018798
14244,g2post,A/RL/AL,7,Motordrive,0.08296906863380615
14245,g2post,A/RL/AL,7,Motordrive,0.02228601863319629
14246,g2post,A/RL/AL,7,Motordrive,-0.008829115307693085
14247,g2post,A/RL/AL,7,Motordrive,-0.14255466920083443
14248,g2post,A/RL/AL,7,Motordrive,-0.0893629762084822
14249,g2post,A/RL/AL,7,Motordrive,0.010260709468251599
14250,g2post,A/RL/AL,7,Motordrive,0.08270029416374446
14251,g2post,A/RL/AL,7,Motordrive,0.25874191788021883
14252,g2post,A/RL/AL,7,Motordrive,-0.03491097870144453
14253,g2post,A/RL/AL,7,Motordrive,0.042191950473038926
14254,g2post,A/RL/AL,7,Motordrive,0.09637003950637152
14255,g2post,A/RL/AL,7,Motordrive,0.13803502189250047
14256,g2post,A/RL/AL,7,Motordrive,0.07619617955300387
14257,g2post,A/RL/AL,7,Motordrive,-0.07869092890017956
14258,g2post,A/RL/AL,7,Motordrive,-0.02543224075578945
14259,g2post,A/RL/AL,7,Motordrive,-0.09407117849806106
14260,g2post,A/RL/AL,7,Motordrive,0.20054871896830426
14261,g2post,A/RL/AL,7,Motordrive,0.18379959496382278
14262,g2post,A/RL/AL,7,Motordrive,0.3029353636497257
14263,g2post,A/RL/AL,7,Motordrive,0.028839641679956094
14264,g2post,A/RL/AL,7,Motordrive,0.1733071853878926
14265,g2post,A/RL/AL,7,Motordrive,0.1938385492047812
14266,g2post,A/RL/AL,7,Motordrive,0.07641200961557314
14267,g2post,A/RL/AL,7,Motordrive,-0.028079463336902272
14268,g2post,LM,2,Adrive,-0.0561860608753807
14269,g2post,LM,2,Adrive,0.05622001021738931
14270,g2post,LM,4,Adrive,0.00812835457007732
14271,g2post,LM,4,Adrive,0.06593097484352616
14272,g2post,LM,4,Adrive,-0.0683936486067175
14273,g2post,LM,4,Adrive,0.014845987144279387
14274,g2post,LM,4,Adrive,-0.08284631556532722
14275,g2post,LM,4,Adrive,0.129465271840876
14276,g2post,LM,4,Adrive,0.054892725483709146
14277,g2post,LM,4,Adrive,-0.10459043199449375
14278,g2post,LM,4,Adrive,-0.11191841303071073
14279,g2post,LM,4,Adrive,0.1005665092689585
14280,g2post,LM,4,Adrive,0.046179074482930293
14281,g2post,LM,4,Adrive,0.0548049030174148
14282,g2post,LM,4,Adrive,-0.04746066342122057
14283,g2post,LM,4,Adrive,-0.09815577553385932
14284,g2post,LM,4,Adrive,0.04736873743067067
14285,g2post,LM,4,Adrive,0.08999605257149075
14286,g2post,LM,4,Adrive,-0.23552766012832313
14287,g2post,LM,4,Adrive,-0.018339675711915634
14288,g2post,LM,4,Adrive,-0.09381647320314124
14289,g2post,LM,4,Adrive,-0.1501263648366142
14290,g2post,LM,4,Adrive,-0.02257590249089397
14291,g2post,LM,4,Adrive,0.06620323577556987
14292,g2post,LM,4,Adrive,-0.16612184379194864
14293,g2post,LM,4,Adrive,-0.0440354424756589
14294,g2post,LM,4,Adrive,-0.05757300853814533
14295,g2post,LM,4,Adrive,-0.005614284904976048
14296,g2post,LM,4,Adrive,-0.16587743307452588
14297,g2post,LM,4,Adrive,0.0004616910131499911
14298,g2post,LM,4,Adrive,-0.028570280855452893
14299,g2post,LM,4,Adrive,-0.003702648674833725
14300,g2post,LM,4,Adrive,0.18688057513867765
14301,g2post,LM,4,Adrive,-0.05450436981675913
14302,g2post,LM,4,Adrive,-0.08320140991165509
14303,g2post,LM,4,Adrive,0.0990415923452457
14304,g2post,LM,4,Adrive,0.008971341218288206
14305,g2post,LM,4,Adrive,-0.07186800420672869
14306,g2post,LM,4,Adrive,0.06242868978626782
14307,g2post,LM,4,Adrive,-0.06792527888075911
14308,g2post,LM,4,Adrive,0.1083742566862149
14309,g2post,LM,4,Adrive,-0.0790946499912092
14310,g2post,LM,4,Adrive,-0.13816454438981943
14311,g2post,LM,4,Adrive,0.046699663195782656
14312,g2post,LM,4,Adrive,0.318428415913365
14313,g2post,LM,4,Adrive,-0.09323273585935829
14314,g2post,LM,4,Adrive,-0.12488398167968413
14315,g2post,LM,4,Adrive,-0.027364385697926222
14316,g2post,LM,4,Adrive,-0.09290516903713808
14317,g2post,LM,4,Adrive,-0.0286708914285639
14318,g2post,LM,4,Adrive,-0.050679190312393756
14319,g2post,LM,6,Adrive,-0.07819336134249603
14320,g2post,LM,6,Adrive,-0.09241102771008514
14321,g2post,LM,6,Adrive,-0.027535845976014085
14322,g2post,LM,6,Adrive,0.022940831115645165
14323,g2post,LM,6,Adrive,-0.14543470252311033
14324,g2post,LM,2,Motordrive,0.24090046694236938
14325,g2post,LM,2,Motordrive,0.19313942961576508
14326,g2post,LM,4,Motordrive,-0.022525316912238892
14327,g2post,LM,4,Motordrive,-0.02144546366257951
14328,g2post,LM,4,Motordrive,0.12577546101594386
14329,g2post,LM,4,Motordrive,0.04289442441653443
14330,g2post,LM,4,Motordrive,0.25312628485944355
14331,g2post,LM,4,Motordrive,0.03512575515231408
14332,g2post,LM,4,Motordrive,0.06600890365879655
14333,g2post,LM,4,Motordrive,-0.03394926741230883
14334,g2post,LM,4,Motordrive,0.3109704936322811
14335,g2post,LM,4,Motordrive,0.07961265569761562
14336,g2post,LM,4,Motordrive,0.00755968774461893
14337,g2post,LM,4,Motordrive,0.10949270577452798
14338,g2post,LM,4,Motordrive,0.25072333096612975
14339,g2post,LM,4,Motordrive,0.10763462246604298
14340,g2post,LM,4,Motordrive,0.023506561133822778
14341,g2post,LM,4,Motordrive,0.30593626436614507
14342,g2post,LM,4,Motordrive,0.05600652255634834
14343,g2post,LM,4,Motordrive,0.3748472537505477
14344,g2post,LM,4,Motordrive,0.3005105989596371
14345,g2post,LM,4,Motordrive,0.11816148141920248
14346,g2post,LM,4,Motordrive,-0.046475784409473725
14347,g2post,LM,4,Motordrive,0.2869797868070106
14348,g2post,LM,4,Motordrive,0.24977957500253073
14349,g2post,LM,4,Motordrive,0.32729456952560176
14350,g2post,LM,4,Motordrive,0.031568110024186344
14351,g2post,LM,4,Motordrive,-0.05103587144116332
14352,g2post,LM,4,Motordrive,-0.03413302599771448
14353,g2post,LM,4,Motordrive,0.009416468607136453
14354,g2post,LM,4,Motordrive,0.11079920261142734
14355,g2post,LM,4,Motordrive,0.25604480321545386
14356,g2post,LM,4,Motordrive,0.14103489008949305
14357,g2post,LM,4,Motordrive,0.1608260725267993
14358,g2post,LM,4,Motordrive,0.08746156806307859
14359,g2post,LM,4,Motordrive,-0.008512903281146495
14360,g2post,LM,4,Motordrive,0.03619405535026932
14361,g2post,LM,4,Motordrive,0.009743070320668458
14362,g2post,LM,4,Motordrive,0.08027190432706409
14363,g2post,LM,4,Motordrive,0.1565807534723239
14364,g2post,LM,4,Motordrive,0.30348582095190246
14365,g2post,LM,4,Motordrive,0.04425788178062315
14366,g2post,LM,4,Motordrive,-0.03880022997359476
14367,g2post,LM,4,Motordrive,0.18623655512565837
14368,g2post,LM,4,Motordrive,0.3396911416207855
14369,g2post,LM,4,Motordrive,0.013278503757313145
14370,g2post,LM,4,Motordrive,0.018258827687420535
14371,g2post,LM,4,Motordrive,0.1056140047836556
14372,g2post,LM,4,Motordrive,0.053820303954490264
14373,g2post,LM,4,Motordrive,0.04410328930716801
14374,g2post,LM,4,Motordrive,-0.048465803760110414
14375,g2post,LM,6,Motordrive,-0.016494108462437453
14376,g2post,LM,6,Motordrive,-0.006135486867525032
14377,g2post,LM,6,Motordrive,-0.03709741011856823
14378,g2post,LM,6,Motordrive,0.09182196015514318
14379,g2post,LM,6,Motordrive,0.2751105095758266
